"Gene_ID","meta_log2FC","meta_SE","meta_pvalue","ci_lower","ci_upper","tau2","I2","Q","Q_pvalue","meta_padj","Gene_Symbol"
1595,-1.10157011411801,0.328601366311104,0.000801433401334269,-1.74561695735843,-0.457523270877595,0,0,0.145039866435877,0.703321234966735,0.00823229474289799,"CYP51A1"
26,-1.20495780824986,0.44961017141043,0.00736209133456946,-2.08617755129718,-0.32373806520254,0,0,0.893850596376042,0.344435961611766,0.0466023837859155,"AOC1"
23072,-1.80393076443049,0.35310541219332,3.24280144924263e-07,-2.49600465507557,-1.11185687378541,0,0,0.110766400968638,0.739273280668745,1.1475772162766e-05,"HECW1"
90293,-1.38022969690982,0.253416759045775,5.13759359630252e-08,-1.87691741771841,-0.883541976101239,0,0,0.309415171360101,0.578039281441473,2.23452175674022e-06,"KLHL13"
56603,-2.46563148732709,0.520774770416196,2.19547262381298e-06,-3.48633128139995,-1.44493169325423,0,0,0.550863455708453,0.457965101106211,5.96805592477227e-05,"CYP26B1"
26073,-1.09855596774727,0.236371344231259,3.35843349021693e-06,-1.56183528941786,-0.635276646076688,0,0,0.00016657532322708,0.989702463575414,8.51160878732987e-05,"POLDIP2"
6521,-6.06158241957373,0.445698350531481,3.99392453468743e-42,-6.93513513458434,-5.18802970456312,0,0,0.994316994149648,0.318689547456303,7.6928692144558e-39,"SLC4A1"
5976,-0.622169656462192,0.212701931540225,0.00344370331825858,-1.03905778172314,-0.205281531201246,0,0,0.556271364248223,0.455766479879106,0.0261585644169467,"UPF1"
292,-1.02152501384219,0.324993594790935,0.00167102575137909,-1.65850075483863,-0.384549272845751,0,0,0.119813639268036,0.72923670070406,0.014754708713716,"SLC25A5"
6296,-2.8379436506088,0.378350344410093,6.34123868587451e-14,-3.57949669919091,-2.09639060202669,0,0,0.249633065604345,0.61733356579642,9.09562991506873e-12,"ACSM3"
5577,-1.25835507188976,0.355925725399777,0.000407092244454519,-1.95595667484461,-0.560753468934901,0,0,0.20662707088274,0.649424014780319,0.00470336309509878,"PRKAR2B"
5164,-0.969628653261027,0.259058305537485,0.000181910532357747,-1.47737360201047,-0.461883704511582,0,0,0.98891524931592,0.320007641621824,0.00245269970777951,"PDK2"
1352,-0.599798988553111,0.221662568967046,0.0068117479562406,-1.03424964044915,-0.165348336657075,0,0,0.682539250777117,0.408713711281987,0.0443072599066437,"COX10"
414,-0.659084266388115,0.246645936583065,0.00753584573583218,-1.14250141902407,-0.175667113752157,0,0,0.768355522655556,0.380726265788774,0.0473686750844873,"ARSD"
8228,-0.660308759777386,0.224242825956154,0.0032335688909733,-1.09981662244293,-0.22080089711184,0,0,0.000613638349333596,0.980237044479949,0.0248990344700132,"PNPLA4"
9703,-0.841072551163705,0.271487099390111,0.00194818068618506,-1.37317748823557,-0.308967614091841,0,0,0.0880023782033059,0.766732246360996,0.016634574752221,"BLTP2"
9058,-8.0483249372623,1.84646522553223,1.30792990512075e-05,-11.6673302780111,-4.42931959651351,6.29230602905219,92.2097727009713,12.8365959248029,0.000339905422982066,0.000270888155310953,"SLC13A2"
9254,-1.43157886556995,0.367348610012694,9.73682780584938e-05,-2.15156891096568,-0.711588820174222,0,0,0.86129957583161,0.353375269935507,0.0014619337339228,"CACNA2D2"
7021,-5.00297344771917,0.405526093091492,5.7252943681931e-35,-5.79778998496973,-4.20815691046861,0,0,0.932856634464904,0.334121728897249,6.43284533052897e-32,"TFAP2B"
9940,-1.87526416561611,0.507316563094316,0.000218645719774187,-2.86958635804161,-0.88094197319061,0,0,0.181022418240091,0.670496058869717,0.00287609779484425,"DLEC1"
6482,-1.10691150741153,0.340526323568071,0.00115165756363291,-1.77433083739279,-0.439492177430282,0,0,0.906305992287572,0.341096451212423,0.0109832300119889,"ST3GAL1"
389434,-3.94134171286875,0.51740757810008,2.58676613127763e-14,-4.95544193127301,-2.9272414944645,0.147383050422088,19.6566958964576,1.24465879410592,0.264575076025089,4.15206758904956e-12,"IYD"
7384,-0.913440212056179,0.268256317572182,0.000661392648738412,-1.439212933123,-0.387667490989363,0,0,0.0219213993128723,0.882296387686641,0.00705254017865888,"UQCRC1"
2326,-2.89494008912046,0.540755288381864,8.62631671757766e-08,-3.95480097879848,-1.83507919944243,0.18390639600608,30.3927175066143,1.43663128939853,0.230685249865768,3.56774933445091e-06,"FMO1"
23395,-0.880972769731531,0.304358227261683,0.00379731589213855,-1.47750393356289,-0.284441605900176,0,0,0.591260626849263,0.441932055759194,0.0279726614775006,"LARS2"
7869,-1.54490249727289,0.361605925773947,1.93434652471118e-05,-2.25363708838608,-0.836167906159686,0,0,0.559221031007215,0.454574271354539,0.000380494170502744,"SEMA3B"
5010,-0.959892519256269,0.285394025501643,0.000769904295027073,-1.51925453064239,-0.400530507870143,0,0,0.005575679382788,0.940476902025979,0.00800310385586207,"CLDN11"
51629,-0.754720880246092,0.198879136630429,0.000147719606084205,-1.14451682531815,-0.36492493517403,0,0,0.303974497801807,0.581401429582015,0.00209212547146359,"SLC25A39"
4190,-0.860413425185125,0.267688957925371,0.00130795631650737,-1.38507414177791,-0.33575270859234,0,0,0.706672272579355,0.400550755168504,0.0121705831714761,"MDH1"
1800,-6.00196783614306,1.3558172267218,9.56295215211705e-06,-8.65932077013677,-3.34461490214935,2.97368118933136,80.8432742316894,5.22009873761528,0.0223272833078123,0.00020845911741634,"DPEP1"
55349,-3.08773444911029,0.990348676883815,0.00182190583350583,-5.02878218793947,-1.14668671028112,1.61996526812832,81.424329520935,5.38338576325959,0.0203293880129972,0.0158074365206944,"CHDH"
1272,-3.97594538544898,0.552068100126699,5.9374396253256e-13,-5.05797897871076,-2.8939117921872,0,0,0.00696874817648539,0.933470652121691,7.34444940075826e-11,"CNTN1"
1591,-3.37939555590273,0.705672907505094,1.67699711779014e-06,-4.76248903947838,-1.99630207232708,0,0,0.0496385259858171,0.823693463198694,4.70082165055394e-05,"CYP24A1"
58473,-1.77679147781735,0.358888611055311,7.39029519414974e-07,-2.48020022994737,-1.07338272568734,0,0,0.00245245706407985,0.960503075288271,2.35007901185663e-05,"PLEKHB1"
11136,-2.56465642788089,0.514066864750092,6.07068015066482e-07,-3.57220896843649,-1.55710388732528,0.161424590656282,22.5906345941529,1.29183335214949,0.255710361940313,1.9723127824437e-05,"SLC7A9"
57210,-0.738423862465284,0.21451175162359,0.000576690204396904,-1.15885916990812,-0.317988555022446,0,0,0.0138154933301244,0.906432681780573,0.00633185181260868,"SLC45A4"
57476,-2.20849685237963,0.777919700290663,0.00452582885426508,-3.73319144781352,-0.683802256945741,0.903153245740336,71.7286781558192,3.53715332276137,0.0600083674683904,0.0321505534468157,"GRAMD1B"
211,-0.717187737950029,0.239693080189263,0.00277057641348696,-1.18697754246446,-0.247397933435602,0,0,0.00479527706240075,0.9447922648191,0.0220517602025057,"ALAS1"
8100,-1.12919885332379,0.250923866533524,6.79006701837537e-06,-1.62100059459103,-0.637397112056549,0,0,0.646573190515447,0.421340524295885,0.00015730321925903,"IFT88"
26009,-1.09723968248179,0.388964711178651,0.00478856252450128,-1.85959650764897,-0.334882857314609,0,0,0.127567542529753,0.720967546973198,0.0336973844038887,"ZZZ3"
9099,-4.38777033489859,0.869327568245657,4.48061580299297e-07,-6.09162105942787,-2.68391961036932,0.891921400590388,59.0105002152575,2.43964919126002,0.118302680215655,1.49732790939228e-05,"USP2"
846,-4.97319369568597,0.99336257204041,5.54506933218731e-07,-6.92014856047525,-3.0262388308967,1.37074078225406,68.2261157615684,3.14723875902609,0.0760555627990142,1.81466431567674e-05,"CASR"
1497,-0.904154576439127,0.231815076497376,9.60628936983347e-05,-1.35850377744738,-0.449805375430873,0,0,0.957195199974572,0.327894558246286,0.00144878746726471,"CTNS"
153,-3.0855639486606,1.1392574502393,0.00676086493802858,-5.31846752024857,-0.852660377072632,1.37825849816036,37.8917211022402,1.61009130786921,0.204478967505595,0.0440583576411017,"ADRB1"
51606,-0.815101154328057,0.292169580718983,0.00527370095798865,-1.38774300991543,-0.242459298740681,0,0,0.535701876979652,0.464219487003444,0.0363524079839269,"ATP6V1H"
55885,-2.80311543940805,0.428416361691427,6.0308896869856e-11,-3.64279607871093,-1.96343480010516,0,0,0.361889957221425,0.547458470687453,5.05058917078428e-09,"LMO3"
1298,-3.08575722085492,0.386893468072373,1.51484737388072e-15,-3.84405448413056,-2.32745995757927,0,0,0.00277394623990036,0.957996224007769,2.91781244886197e-13,"COL9A2"
63933,-0.866759675670867,0.310142251035571,0.00519452411768052,-1.47462731778477,-0.258892033556967,0.088762138628065,23.273395300258,1.30332888300395,0.253606058992359,0.0359536800198596,"MCUR1"
5652,-2.04542823600727,0.374191234490214,4.5961853312427e-08,-2.77882957893868,-1.31202689307587,0,0,0.0486687629765476,0.825396130125049,2.02241636350982e-06,"PRSS8"
2296,-1.77052381380894,0.261254128877817,1.22681998611336e-11,-2.28257249722185,-1.25847513039604,0,0,0.0653367737061685,0.798251540388143,1.19001538652996e-09,"FOXC1"
116254,-1.27306555452474,0.330163238360207,0.000115320149896308,-1.92017361072986,-0.625957498319625,0,0,0.462035090004848,0.49667440393774,0.00169559605349173,"GINM1"
55283,-1.59856172178965,0.445771374491773,0.000335715135915168,-2.47225756113244,-0.724865882446853,0,0,0.000535439527830281,0.981538944795814,0.00403426664665259,"MCOLN3"
55540,-1.78907074686229,0.403191834456072,9.11072850767924e-06,-2.57931222125683,-0.998829272467753,0,0,0.094775463969811,0.758191725687796,0.000199415507254934,"IL17RB"
51660,-1.41004658211761,0.210814386184817,2.25363282100719e-11,-1.82323518646277,-0.996857977772447,0,0,0.33848345342011,0.560705912063367,2.06705655276462e-09,"MPC1"
84649,-1.6572167270663,0.326652481611503,3.90908095141687e-07,-2.29744382648547,-1.01698962764712,0,0,0.853590890559044,0.355538473110278,1.34454434867229e-05,"DGAT2"
4058,-1.36155030902039,0.399284085455594,0.000649679040531162,-2.14413273611337,-0.578967881927413,0,0,0.0212362313888609,0.884137250363547,0.0069676502170032,"LTK"
56848,-1.78411069759069,0.50188145069667,0.000378202168496518,-2.76778026546487,-0.800441129716499,0.110482712180849,20.184503991865,1.25288953901643,0.263001307783513,0.00440734644584145,"SPHK2"
770,-0.93858124417864,0.332958822138214,0.00481868958993757,-1.59116854390442,-0.285993944452864,0,0,0.420269935378052,0.516802382494944,0.0338740311476164,"CA11"
3029,-1.27430221404046,0.272006231291654,2.80196106644815e-06,-1.80742463094257,-0.741179797138345,0,0,0.36146438286794,0.547694077471034,7.30731935375637e-05,"HAGH"
8537,-1.17704262651587,0.372718352112359,0.00158858378875814,-1.90755717303321,-0.446528079998523,0,0,0.245735142798701,0.620094234535532,0.0141472095269657,"BCAS1"
23294,-0.925138941447431,0.257823196747655,0.000332880956726155,-1.43046312145182,-0.419814761443042,0,0,0.634350867087338,0.42576386417486,0.00401811453853066,"ANKS1A"
4942,-1.3937643107219,0.378768188749644,0.000233481887984933,-2.13613631916067,-0.651392302283129,0,0,0.000661785171965147,0.979476535332319,0.00304113559636726,"OAT"
55248,-1.07164788345471,0.375799642587599,0.00434933853014238,-1.80820164832943,-0.335094118579994,0.0664027268666605,14.972342298523,1.17608790719708,0.278153861281013,0.031093388866336,"PACC1"
7089,-0.941243662677563,0.31782384711063,0.00306118408633785,-1.56416695644236,-0.318320368912764,0,0,0.462449160953965,0.49648157354769,0.0238302223072132,"TLE2"
84217,-2.59109232800814,0.525901861175249,8.35229925056568e-07,-3.62184103531422,-1.56034362070207,0.133848420238418,19.2612023140238,1.23856191652665,0.265748387669748,2.58882875391671e-05,"ZMYND12"
744,-1.41142452465101,0.352862028990396,6.33603810446014e-05,-2.10302139298392,-0.719827656318109,0,0,0.67896563020698,0.409943133306247,0.0010310633048329,"MPPED2"
348158,-3.78642618897526,0.994392535687873,0.000140220969575189,-5.73539974541895,-1.83745263253157,1.51419872338207,74.8465721919481,3.97560128834563,0.0461639685842502,0.00200063421458441,"ACSM2B"
2235,-2.00327780489098,0.68926062084635,0.00365595538550671,-3.35420379771154,-0.652351812070414,0.696353950387219,68.472150507559,3.17179895266804,0.0749198831311024,0.027279051722627,"FECH"
3422,-0.645545126884574,0.235835229725565,0.00619510821433211,-1.10777368343241,-0.183316570336736,0,0,0.326297376731758,0.567847503871353,0.0411876943066271,"IDI1"
2261,-1.99932825011914,0.363762325710531,3.87955037855891e-08,-2.71228930744431,-1.28636719279397,0,0,0.426155619768101,0.513881381630686,1.77315178827491e-06,"FGFR3"
8514,-1.10476974715379,0.414981417541968,0.00776282809271719,-1.91811837978942,-0.291421114518153,0,0,0.00782732790185621,0.929501389064187,0.0483446702882706,"KCNAB2"
5217,-0.624559602339451,0.205278541189031,0.00234623181523759,-1.02689814986887,-0.222221054810029,0,0,0.778834108309508,0.377497948220011,0.0192188600029456,"PFN2"
6559,-8.30981702373548,1.18490327533478,2.3313430141355e-12,-10.6321847685552,-5.98744927891576,2.2014165793687,78.3979745343906,4.62919554276059,0.0314322982147314,2.57651621799909e-10,"SLC12A3"
11320,-0.885008767541683,0.305535823738181,0.00377255184808114,-1.4838479780553,-0.286169557028071,0,0,0.0209891788323116,0.884808439311272,0.0279019838550071,"MGAT4A"
64398,-1.47535245968033,0.336856665277149,1.18808289797898e-05,-2.13557939157581,-0.815125527784856,0,0,0.513499345910995,0.473627927174818,0.000249741242992175,"PALS1"
79041,-1.38129184071322,0.416025381687225,0.000899495969235836,-2.19668660547471,-0.56589707595173,0,0,0.00118775671223356,0.972507271563617,0.00896371334309444,"TMEM38A"
56666,-1.53160813918747,0.391318531146984,9.07917398997587e-05,-2.29857836671867,-0.764637911656263,0,0,0.00324553730792295,0.954569397613799,0.00138634771128929,"PANX2"
3993,-1.2839331188428,0.321773859989145,6.60253350440327e-05,-1.91459829558796,-0.653267942097639,0,0,0.0852408187227146,0.770316975583063,0.00106358374241182,"LLGL2"
10979,-0.94597103519207,0.346395629652261,0.00631620704423776,-1.62489399371258,-0.267048076671563,0,0,0.127556826373972,0.720978777195004,0.0417867613235808,"FERMT2"
5743,-1.86653247957252,0.486595697440721,0.000125105262165667,-2.82024252158849,-0.912822437556563,0,0,0.024284881907101,0.87616223517234,0.00180986507487091,"PTGS2"
59277,-1.97153303156593,0.345932613773182,1.20383437095567e-08,-2.64954849563917,-1.29351756749269,0,0,0.0527116680644805,0.81841020898629,6.4925195294381e-07,"NTN4"
51495,-0.962707919449356,0.236309849507892,4.6227948945022e-05,-1.4258667136769,-0.499549125221808,0,0,0.538162401929866,0.463195285944513,0.000785991722100544,"HACD3"
6557,-9.08020815835589,1.24078157047585,2.51439158146151e-13,-11.5120953491696,-6.64832096754217,2.66604729163602,86.0940471383556,7.19116489139132,0.00732634036320763,3.29141181483937e-11,"SLC12A1"
55160,-1.09293300321203,0.295516305519783,0.000216975811872937,-1.67213431887514,-0.513731687548925,0,0,0.000264585635572777,0.987022111405693,0.0028578461645848,"ARHGEF10L"
55020,-1.2498577532636,0.310358776772173,5.64597977441431e-05,-1.85814977802297,-0.641565728504239,0,0,0.0113165984641178,0.915281255749641,0.000934045954581941,"TTC38"
38,-2.33695164094563,0.640927001943355,0.000266141037752588,-3.59314548147383,-1.08075780041742,0.560434613689704,61.2503015192266,2.5806652418113,0.108176190522026,0.0033473690410617,"ACAT1"
2329,-2.28583299720248,0.576667944661335,7.37464415148169e-05,-3.41608139977743,-1.15558459462753,0.416922957493417,54.5393461190809,2.19970439188892,0.138037206586528,0.0011656779260777,"FMO4"
10615,-2.73099246499955,0.408081731012233,2.19737383852455e-11,-3.53081796053229,-1.93116696946681,0,0,0.0437000298104152,0.834412703014954,2.02925968937168e-09,"SPAG5"
22978,-0.797741911493812,0.221623859476065,0.000318791856067278,-1.23211669418167,-0.363367128805959,0,0,0.00290257285069799,0.957034331703227,0.00388280993257011,"NT5C2"
57662,-0.951120788080855,0.354431105691126,0.0072852953217947,-1.64579299023617,-0.25644858592554,0,0,0.00727326114483598,0.932036075142601,0.0463337909546028,"CAMSAP3"
56922,-0.771934545904226,0.250016498538017,0.00201824394472243,-1.26195787857955,-0.281911213228901,0,0,0.38935374204444,0.532639298049605,0.0170577765822406,"MCCC1"
10529,-1.0063728696684,0.317726231690738,0.00153797271976506,-1.62910484072588,-0.383640898610926,0,0,0.027023620181451,0.869425217330414,0.0137601102724567,"NEBL"
27098,-2.61165650905894,0.340597676532567,1.74884782964655e-14,-3.27921568828079,-1.94409732983708,0,0,0.740535713755696,0.389489323933584,2.91107596137339e-12,"CLUL1"
10411,-2.20509713775782,0.255069105924182,5.37596547237854e-18,-2.70502339893804,-1.70517087657759,0,0,0.261371187157653,0.609179692089684,1.36762532951094e-15,"RAPGEF3"
634,-1.6580962007316,0.40942791881692,5.12640913001375e-05,-2.46056017587795,-0.855632225585246,0,0,0.0888914717868358,0.765591178107568,0.000858625767701558,"CEACAM1"
2222,-1.02261855791497,0.250461448024502,4.44698946227771e-05,-1.51351397555875,-0.531723140271197,0,0,0.610276122151571,0.43468386421837,0.000765243176072735,"FDFT1"
55604,-1.4052568449793,0.243861646808661,8.28687743805982e-09,-1.88321688993491,-0.927296800023702,0,0,0.173294874876231,0.677199996658709,4.75455185095151e-07,"CARMIL1"
8671,-2.30822772283231,0.30750162501583,6.07792590345243e-14,-2.91091983305087,-1.70553561261374,0.0207634029767303,6.05057341270398,1.06440245174974,0.30221323116427,8.90746466915751e-12,"SLC4A4"
5663,-0.636746443757973,0.238757388876571,0.00765502840171123,-1.10470232699888,-0.168790560517069,0,0,0.0441966050990937,0.833488254834867,0.0478945466080151,"PSEN1"
1286,-2.10561742744766,0.244539558709652,7.271780300754e-18,-2.5849061553139,-1.62632869958143,0,0,0.0684030877715566,0.793676230644678,1.81565581101974e-15,"COL4A4"
4036,-1.9300722251877,0.69121868328514,0.00523389526147022,-3.28483594986777,-0.575308500507627,0.576482619951196,59.1004856954491,2.44501681011095,0.117898622200176,0.0361604812181552,"LRP2"
6561,-4.9579076420866,1.27140371190305,9.63699766333642e-05,-7.44981312722713,-2.46600215694608,2.52881146811096,76.8576401359951,4.32108050292389,0.0376430125577474,0.00145179485469011,"SLC13A1"
93664,-1.01591676629116,0.239402170327566,2.2000441453455e-05,-1.48513639795392,-0.54669713462841,0,0,0.256494196743865,0.612538984110926,0.000422552638343211,"CADPS2"
22837,-2.29311870807735,0.791849592931822,0.00378070616832728,-3.84511539139642,-0.741122024758277,0.957690226375126,72.2356911393864,3.60174641846965,0.0577189065975483,0.0279163533776323,"COBLL1"
80036,-2.96807514926364,0.931860905134675,0.00144701323050347,-4.7944889619285,-1.14166133659878,1.42496460092332,80.1525026225107,5.03841860250947,0.0247911114121456,0.0131501423623067,"TRPM3"
594,-1.81484228183471,0.332863352040857,4.97464939481771e-08,-2.46724246360806,-1.16244210006135,0,0,0.350668171297922,0.553735138017728,2.1706536501724e-06,"BCKDHB"
2122,-2.27275769257302,0.276570154567117,2.07523567606639e-16,-2.81482523472324,-1.73069015042279,0,0,0.00569698014008873,0.939834128801497,4.51296816458114e-14,"MECOM"
5243,-1.84485321635922,0.446397386185483,3.58433103217771e-05,-2.71977601607558,-0.969930416642856,0,0,0.0753110364328246,0.783755294819326,0.000638408656629486,"ABCB1"
79944,-1.70085927320515,0.389103734838965,1.23552410545057e-05,-2.46348857973954,-0.938229966670755,0.104953965304179,22.8783583584916,1.29665289627572,0.254825516890493,0.000259075762267341,"L2HGDH"
116154,-1.30464998583822,0.455606033184501,0.00418924637271348,-2.197621402019,-0.411678569657433,0,0,0.0177502554483606,0.894011418840765,0.0301889945715103,"PHACTR3"
5775,-0.712689129202144,0.256050588900158,0.00537937889597297,-1.21453906166672,-0.210839196737563,0,0,0.471804811133312,0.4921580407181,0.0368734955030013,"PTPN4"
9762,-1.78471364350625,0.285983367725456,4.35838722403646e-10,-2.34523074442562,-1.22419654258688,0,0,0.484129209907463,0.486557883550689,3.1593620936389e-08,"LZTS3"
2160,-4.64571332026964,0.965891158817811,1.51104844642692e-06,-6.53882520453821,-2.75260143600107,1.44455654345679,75.9447459649637,4.15709598636333,0.0414604305555887,4.30728672371547e-05,"F11"
55614,-0.671439216313635,0.245029692221575,0.00613950576318668,-1.15168858821086,-0.191189844416415,0,0,0.678757336331197,0.410014959538671,0.0409391474802404,"KIF16B"
1114,-3.26986814020273,1.00202231895771,0.00110135017316872,-5.23379579706515,-1.30594048334031,1.40649944860106,65.803433534787,2.92427019249802,0.0872566713215045,0.0106067888463099,"CHGB"
5037,-1.49414575426158,0.450372885849479,0.000908025861297089,-2.37686039013992,-0.611431118383229,0.212670589201145,37.5025084696877,1.60006421940148,0.20589411014493,0.00903535991724624,"PEBP1"
1738,-1.46359660512853,0.500145316268162,0.00342972877326172,-2.44386341205053,-0.483329798206541,0.273454215917921,46.4644783559418,1.86791866276881,0.171713648112296,0.0260670986752468,"DLD"
368,-1.50740905797839,0.336574485950891,7.51064009704243e-06,-2.16708292855722,-0.847735187399562,0,0,0.147920081966998,0.700530979283208,0.000170481414862665,"ABCC6"
2271,-1.03839102890046,0.345516598110007,0.00265293780010731,-1.71559111725688,-0.361190940544046,0,0,0.0785514140377732,0.779270172162193,0.021304085979063,"FH"
350,-4.04552789446585,0.780067371406505,2.14713248010567e-07,-5.57443184793743,-2.51662394099427,0.750825606338523,60.6217378375036,2.53947214804312,0.111031899852639,7.99717879261457e-06,"APOH"
7301,-1.97346399493642,0.343123291681401,8.84697499576022e-09,-2.6459732888888,-1.30095470098404,0,0,0.413046584961329,0.520427215537816,4.99095246308933e-07,"TYRO3"
26227,-2.31290964210041,0.369340924535772,3.79432688515153e-10,-3.03680455220724,-1.58901473199357,0,0,0.00800532192153801,0.928706435865595,2.84216163291656e-08,"PHGDH"
55862,-0.884459884423211,0.218273450044991,5.07658877476678e-05,-1.3122679852927,-0.456651783553726,0,0,0.596139127822163,0.440054926934789,0.000852399084062023,"ECHDC1"
9942,-0.960572791090059,0.355206185897022,0.00684550132929021,-1.65676412253406,-0.264381459646058,0,0,0.772521880813913,0.379438017238537,0.0444380810894655,"XYLB"
1384,-1.00668418333314,0.35269522835712,0.00431370955986837,-1.69795412843222,-0.315414238234053,0,0,0.11293559774003,0.736826435711096,0.030904455535443,"CRAT"
5146,-1.34599530102869,0.454492050251498,0.00306107103747806,-2.23678335078139,-0.455207251275983,0,0,0.566233409885476,0.451759553069993,0.0238302223072132,"PDE6C"
284422,-1.75687064704399,0.41121077682038,1.93351333647453e-05,-2.56282895966667,-0.950912334421305,0,0,0.667016833391617,0.414093612046182,0.000380494170502744,"SMIM24"
6732,-0.567712596791858,0.198755548086129,0.00428561547209182,-0.95726631276819,-0.178158880815525,0,0,0.251709849561521,0.615873684870666,0.0308011478732484,"SRPK1"
3983,-0.853955313351718,0.212100305987343,5.66888182141459e-05,-1.26966427419684,-0.4382463525066,0,0,0.00477216946094471,0.944925231692198,0.000936685460761432,"ABLIM1"
9524,-0.954409999663437,0.353270739765214,0.00689986376540278,-1.64680792639508,-0.262012072931796,0,0,0.318783973234326,0.572339350502684,0.0447682675732155,"TECR"
53841,-1.22335466054348,0.454119722676184,0.00706206311112378,-2.11341296165812,-0.333296359428842,0.0783652176577369,15.578746344773,1.18453583274653,0.276434520930982,0.0454066747388087,"CDHR5"
5064,-2.28126881006125,0.450103599667834,4.01343514156372e-07,-3.16345565472204,-1.39908196540046,0.0557898437582024,12.3791134933944,1.14128039542788,0.285381936033522,1.36651037349342e-05,"PALM"
83874,-1.09189373229613,0.297365415328673,0.000240761295442081,-1.67471923658812,-0.509068228004132,0,0,0.0050286853271891,0.943466818703957,0.00310046279507696,"TBC1D10A"
56241,-2.88974066675871,0.444588819921422,8.04241518085087e-11,-3.76111874173387,-2.01836259178356,0,0,0.00488755495927853,0.944264457754254,6.53228216165134e-09,"SUSD2"
51733,-1.56428012188178,0.366156983525281,1.93591189620175e-05,-2.28193462227916,-0.846625621484404,0,0,0.0322460521740553,0.857488699593509,0.000380494170502744,"UPB1"
2678,-1.43542785757188,0.440693121050219,0.00112515124147842,-2.29917050306486,-0.571685212078903,0,0,0.0381475206014773,0.845147213854402,0.0107820996367118,"GGT1"
7290,-0.980157381213937,0.331719617952976,0.00312895481849398,-1.63031588536716,-0.329998877060717,0,0,0.017067523831276,0.896057935920392,0.0242597457261382,"HIRA"
23598,-0.554752741580316,0.20861701773024,0.00783282700538036,-0.963634582893741,-0.145870900266892,0,0,0.224857001820969,0.635363787895294,0.048690643851334,"PATZ1"
23464,-2.12622099618845,0.780327103753885,0.00643440185127775,-3.65563401570651,-0.596807976670381,0.742600899872714,57.625697552191,2.35992085352122,0.124488505006853,0.0423815535714597,"GCAT"
55586,-5.76787422417667,1.02820667298886,2.02742292990295e-08,-7.78312227189858,-3.75262617645476,1.52423894106214,72.0864245269382,3.58248623851523,0.0583916974266062,1.00130928072826e-06,"MIOX"
9145,-1.35180323139267,0.392025641882422,0.00056422720252801,-2.12015937049841,-0.583447092286922,0.0412532408553894,8.63900191010793,1.09455897035634,0.295463291400652,0.00622033963343022,"SYNGR1"
8897,-0.685044659614014,0.256512357294496,0.00757133894305179,-1.1877996415007,-0.182289677727332,0,0,0.00620385313631863,0.93721990747629,0.0474590250902684,"MTMR3"
80020,-0.983503897489284,0.304126001984777,0.00122125110779107,-1.5795799081416,-0.387427886836964,0,0,0.366062662422124,0.545158315945236,0.0114906690065227,"FOXRED2"
55195,-0.709863931324511,0.258779280427392,0.00608575015745318,-1.21706200090739,-0.202665861741632,0,0,0.246675458665437,0.619425778939406,0.0406880907315738,"CCDC198"
3091,-0.905641442553618,0.216197750944323,2.80248853982748e-05,-1.32938124794305,-0.481901637164184,0,0,0.773257726990411,0.37921113136996,0.000523351149342021,"HIF1A"
5106,-3.74773579580912,0.404864273851684,2.10708260635008e-20,-4.54125519118538,-2.95421640043286,0,0,0.632734072761394,0.426354208120559,7.10244869535453e-18,"PCK2"
51292,-0.513577097959121,0.179304034558334,0.00417957360756337,-0.86500654797618,-0.162147647942061,0,0,0.062923627656559,0.801933311150879,0.0301515200378689,"GMPR2"
10110,-1.77382672913961,0.320615830398017,3.15588130385802e-08,-2.40222220959312,-1.14543124868609,0,0,0.411992413221412,0.520959963554321,1.48260444668703e-06,"SGK2"
3172,-1.85008084441631,0.452288305178529,4.30462546614248e-05,-2.73654963319488,-0.963612055637728,0,0,0.141240727228486,0.707050663889244,0.000745048333247741,"HNF4A"
113278,-2.71008968529136,0.83755271952056,0.00121334515757161,-4.35166285070524,-1.06851651987749,0.869326163640847,56.5231834930598,2.30007640932121,0.12936763466395,0.0114562554338501,"SLC52A3"
671,-1.6564896151986,0.482849058193922,0.000602120902052751,-2.60285637922778,-0.710122851169432,0,0,0.324394318260927,0.568978711153299,0.00655767053503816,"BPI"
191,-1.12627104434258,0.297830328292462,0.000155832274578015,-1.71000776129955,-0.542534327385615,0,0,0.457323711782691,0.498877403262414,0.00217729177008848,"AHCY"
26051,-2.14996386661117,0.341828705920175,3.18296791585625e-10,-2.81993581909665,-1.4799919141257,0,0,0.508793461632394,0.47566162425718,2.42463030562089e-08,"PPP1R16B"
340554,-1.47842437826061,0.364989293553532,5.1087221802394e-05,-2.19379024836825,-0.763058508152967,0,0,0.00888078131813076,0.924920180891519,0.000856727626320496,"ZC3H12B"
27344,-3.72637155904355,0.554138075121179,1.76043477420935e-11,-4.81246222874341,-2.64028088934369,0.223322950588927,35.1027118700394,1.5408964362231,0.21448442174188,1.65985608815837e-09,"PCSK1N"
81602,-0.75441252635109,0.243702618023685,0.00196396915845803,-1.23206088061564,-0.276764172086545,0,0,0.372781735065992,0.541491874981884,0.0167172955577586,"CDADC1"
81617,-1.19011900164213,0.275203788899709,1.52877658468984e-05,-1.72950851629452,-0.650729486989737,0,0,0.924503386637782,0.336295301618137,0.000309032903918638,"CAB39L"
2254,-5.40200767855951,1.17871574330115,4.58438690102301e-06,-7.71224808344013,-3.09176727367889,2.06090347061026,69.8435079660426,3.31603556167594,0.0686070838512799,0.000112794322238126,"FGF9"
79153,-2.03404992801231,0.569899791218793,0.000358160312067724,-3.15103299359804,-0.917066862426581,0.301651606800562,41.8795927394765,1.72056605783494,0.189620197199808,0.00423231856933315,"GDPD3"
50855,-1.15198967788123,0.341375643043021,0.000739360885010375,-1.82107364344475,-0.482905712317704,0,0,0.243744646936482,0.621514519304042,0.00772775411829061,"PARD6A"
80004,-1.17302603377199,0.30556809481789,0.000123618582062171,-1.77192849443958,-0.574123573104407,0,0,0.177850747437363,0.673226817464789,0.00179284133531994,"ESRP2"
23406,-1.26621308007551,0.289118353222375,1.18915581102853e-05,-1.83287463966089,-0.699551520490124,0,0,0.252836524674519,0.615084837257866,0.000249741242992175,"COTL1"
83716,-1.0742253340855,0.313918483320096,0.000621650199062098,-1.68949425547433,-0.458956412696677,0,0,0.00322965352940996,0.954680583558999,0.00673770870896645,"CRISPLD2"
1428,-2.52537427958345,0.363337301459135,3.6400540606533e-12,-3.23750230468333,-1.81324625448358,0,0,0.326428985153546,0.56776943564605,3.80456193021616e-10,"CRYM"
6299,-1.10159004842098,0.404259107746389,0.00643092052908884,-1.8939233400262,-0.309256756815757,0.0315657665070751,7.61902163147678,1.08247392229473,0.298144781233761,0.0423793262432575,"SALL1"
27324,-1.99420419159668,0.462821828235607,1.64146727096076e-05,-2.90131830619745,-1.08709007699591,0,0,0.630998231497439,0.426989392333833,0.000330326913647223,"TOX3"
23205,-1.1066693552685,0.384739968799877,0.00402228664154516,-1.86074583752932,-0.352592873007678,0,0,0.239786650784022,0.624360249271983,0.029240810593548,"ACSBG1"
1512,-1.77411092653119,0.541384207859604,0.00104919885406779,-2.83520447573476,-0.713017377327624,0.357446149676108,54.7112926538543,2.20805595610603,0.137291585469639,0.0101840499919085,"CTSH"
7782,-1.35760044830791,0.411095097981721,0.000958612645233615,-2.16333203457304,-0.551868862042768,0,0,0.0410781574410247,0.839387132875742,0.00946191383285859,"SLC30A4"
79848,-1.07607065947799,0.322223019814635,0.000839228947588732,-1.70761617330442,-0.444525145651574,0,0,0.111200609054313,0.738781377957602,0.0085269961569999,"CSPP1"
51201,-1.10117279193959,0.409516750424329,0.00716757251328149,-1.90381087383715,-0.298534710042023,0.1483000336312,26.9535591150673,1.3689920930922,0.241985131543676,0.0459084530420124,"ZDHHC2"
793,-7.41503129326829,0.474446177039488,4.63343336328123e-55,-8.3449287128684,-6.48513387366818,0,0,0.110916375876082,0.739103257222437,1.24945164074242e-51,"CALB1"
6422,-5.0030095639113,0.683183529320293,2.42338137735591e-13,-6.34202467621003,-3.66399445161256,0.412252349137029,40.3430802235604,1.67625147886856,0.195423288312107,3.24872311314571e-11,"SFRP1"
5327,-1.82126813262239,0.658085586949516,0.00564837608874359,-3.11109218178834,-0.531444083456432,0.455280663078619,46.6283307189752,1.87365321990319,0.171057257545807,0.0383825171597008,"PLAT"
54845,-2.57277518343836,0.362793538302858,1.3260053357809e-12,-3.28383745233581,-1.8617129145409,0,0,0.373943297378985,0.540862640156096,1.55465477759424e-10,"ESRP1"
27294,-2.70773079836863,0.59902105686196,6.17637898294179e-06,-3.8817904957992,-1.53367110093807,0.173065498124365,23.7134595609878,1.31084722710615,0.252241317571601,0.000145587618578679,"DHDH"
23370,-0.691880305149517,0.230795310589692,0.00271927859782969,-1.14423080170605,-0.239529808592984,0,0,0.298583923713539,0.584771538231295,0.0217332740572245,"ARHGEF18"
84444,-0.733819148127778,0.259929472839023,0.00475547409938136,-1.24327155341274,-0.22436674284281,0,0,0.0583222222737557,0.809167660968447,0.0334995074618385,"DOT1L"
10994,-0.859849567886372,0.265389115123277,0.00119547336590441,-1.38000267541695,-0.339696460355794,0,0,0.318718298139188,0.572378920769355,0.0113192186745008,"HACL2"
27134,-2.63488074495388,0.478313236038381,3.6150787099495e-08,-3.57235746091791,-1.69740402898984,0,0,0.485671412178751,0.485864568543874,1.66925021391264e-06,"TJP3"
828,-1.04933081257118,0.31279701496499,0.000794596665375861,-1.66240169637419,-0.436259928768159,0,0,0.797100794139795,0.371961600449084,0.00817828002997155,"CAPS"
2639,-1.55539982416482,0.382359033203257,4.74379248913081e-05,-2.30480975840676,-0.80598988992288,0.0736393631715126,18.1950208547962,1.22241947916764,0.268886350382483,0.00080453527208743,"GCDH"
2901,-2.4845810092616,0.443467555859549,2.1113353666638e-08,-3.35376144705832,-1.61540057146488,0,0,0.0836589775508978,0.772398782056953,1.03516853631738e-06,"GRIK5"
199731,-2.37058625411983,0.469639131766994,4.47216328174263e-07,-3.2910620381138,-1.45011047012586,0,0,0.166128822191255,0.683575415078416,1.49732790939228e-05,"CADM4"
154661,-1.27951251690501,0.393691958245026,0.00115390936441612,-2.05113457606831,-0.507890457741718,0,0,0.00184234927849453,0.965763236055025,0.0109874011019933,"RUNDC3B"
79846,-1.04092290935686,0.264438626764337,8.27303934304637e-05,-1.55921309393619,-0.522632724777535,0,0,0.134059709776651,0.714259377951267,0.00127806682258082,"CFAP69"
5446,-2.31911897489204,0.511390371673812,5.76228938431893e-06,-3.32142568541326,-1.31681226437081,0,0,0.0254259448843255,0.87331029120161,0.000137266692170976,"PON3"
5764,-1.33128438703644,0.434199034926651,0.00216892944785458,-2.18229885761472,-0.480269916458154,0,0,0.46387932965556,0.495816522222769,0.0180628015722194,"PTN"
50617,-6.70379627906283,1.33287288745615,4.91544873989311e-07,-9.3161791344468,-4.09141342367887,3.00534631042715,84.2370505467705,6.34399039955762,0.0117779624447953,1.62041553447381e-05,"ATP6V0A4"
11033,-1.13301790166912,0.35604069466546,0.00146125127994355,-1.83084484024404,-0.435190963094197,0,0,0.00122192123414572,0.972114834330918,0.0132112444158735,"ADAP1"
11112,-0.930580256770336,0.252018886812739,0.000222058548345812,-1.42452819834718,-0.436632315193492,0,0,0.430062748218216,0.51195816025751,0.00291530224668606,"HIBADH"
1124,-1.19666175821075,0.41261548375387,0.00372940971705873,-2.0053732458319,-0.387950270589588,0.115471917064065,21.3675310717699,1.27173928738359,0.259440644216876,0.0276435575674013,"CHN2"
23242,-0.87833690192944,0.20902857051088,2.64573573008405e-05,-1.28802537187066,-0.468648431988224,0,0,0.00698846431784774,0.93337682414194,0.000496830847475255,"COBL"
6505,-1.23751099126235,0.435981574261984,0.00453335170708164,-2.09201917473891,-0.383002807785786,0.154868375653767,29.0868648609848,1.41017598226286,0.235027181384061,0.0321797317424429,"SLC1A1"
1955,-1.00001468346856,0.336338839889554,0.00294677962574457,-1.65922669625407,-0.340802670683051,0,0,0.344626839835874,0.557170620103193,0.0230862461905369,"MEGF9"
22949,-1.12441352512224,0.30694991671158,0.00024910104875589,-1.72602430693451,-0.522802743309975,0,0,0.0706225485459869,0.790432497820099,0.00318655544627673,"PTGR1"
259,-4.39243020666505,1.19375697140253,0.000233690591465609,-6.73215087690762,-2.05270953642248,2.11320169893564,72.9861315963082,3.7018022930153,0.0543537269996918,0.00304113559636726,"AMBP"
55664,-0.792538197508572,0.2483159626977,0.0014146154163379,-1.27922854118245,-0.30584785383469,0,0,0.347424080862222,0.555574929893484,0.0129485808951011,"CDC37L1"
54662,-1.64262016292063,0.293544233735995,2.19583719696503e-08,-2.21795628891259,-1.06728403692868,0,0,0.394229848995992,0.530084351191449,1.07269829444491e-06,"TBC1D13"
23413,-1.70898277124246,0.303523576368575,1.79711028980943e-08,-2.30387804938366,-1.11408749310126,0,0,0.498833475329864,0.480013131896798,9.07507042603016e-07,"NCS1"
573,-1.35953242176882,0.359213825477501,0.000153866793911569,-2.06357858245358,-0.655486261084064,0.0245874901727551,5.57127771059536,1.05899982098159,0.303443413458577,0.00215429489336416,"BAG1"
6456,-6.28564051341783,1.37168818290063,4.59642960279564e-06,-8.97409994992224,-3.59718107691341,2.7868710194288,71.7968404475736,3.54570202725377,0.0596998991755116,0.000112884627203085,"SH3GL2"
5730,-3.75081024295136,0.71070801618502,1.30909271572826e-07,-5.14377235819791,-2.35784812770481,0.499033869959869,42.2122087027894,1.73046932155074,0.188350971955573,5.14591751783212e-06,"PTGDS"
2625,-3.2567845695145,0.358393319590484,1.01641125264118e-19,-3.9592225682116,-2.5543465708174,0,0,0.00288722069467882,0.957147998772803,3.26292212365739e-17,"GATA3"
5264,-1.84773005217802,0.694514849906706,0.00780336369943848,-3.2089541447234,-0.486505959632634,0.663933647782116,63.4211422371791,2.73381964654022,0.0982440652803252,0.0485298675090079,"PHYH"
6387,-1.42990279326828,0.378236440054067,0.000156547079280016,-2.17123259341489,-0.688572993121661,0,0,0.0210912801320947,0.884530565513417,0.00218275519124349,"CXCL12"
8661,-0.686220680819146,0.240696139610459,0.00435842548464305,-1.15797644567347,-0.214464915964822,0,0,0.0440513447951037,0.833758114795042,0.0311418393266784,"EIF3A"
8029,-2.39690167335352,0.763747110810678,0.00169904960549511,-3.89381850383897,-0.899984842868067,0.771413888674055,63.9189506706237,2.77153801950495,0.0959539239140239,0.014943434984273,"CUBN"
64077,-1.83031760022224,0.302404414275983,1.4257142042431e-09,-2.4230193609691,-1.23761583947539,0,0,0.338556203403129,0.560663796534365,9.37702664185839e-08,"LHPP"
54894,-1.80382588494909,0.268671050842163,1.89512845620145e-11,-2.33041146828826,-1.27724030160992,0,0,0.919312009531351,0.33765568095407,1.7744456232614e-09,"RNF43"
2584,-0.771630701976461,0.240386420373036,0.00132753621275514,-1.24277942828012,-0.300481975672806,0,0,0.326413538839333,0.567778597096452,0.0123187685867705,"GALK1"
3216,-1.46819164511444,0.321047874996523,4.80506267009512e-06,-2.09743391742074,-0.838949372808134,0,0,0.0416693909291777,0.838251271924574,0.000116943429568398,"HOXB6"
51655,-2.29290985992174,0.490006441696071,2.87790919142459e-06,-3.25330483783867,-1.33251488200482,0,0,0.321483966390551,0.570717197386345,7.46208646691879e-05,"RASD1"
117246,-0.650135758232117,0.210829576252967,0.0020444170498669,-1.06335413456377,-0.23691738190046,0,0,0.046678783621548,0.82894664278119,0.0172217425470739,"FTSJ3"
29098,-0.861055188898288,0.207518668066956,3.33507699732521e-05,-1.26778430442924,-0.454326073367333,0,0,0.436563112274124,0.508785976462966,0.000604393053157739,"RANGRF"
4621,-1.12754851837074,0.353349977914304,0.00141769144282451,-1.8201017490208,-0.434995287720684,0,0,0.11636593799201,0.733009843006767,0.0129591415075274,"MYH3"
64854,-1.06105075385781,0.205027831663099,2.27722174784861e-07,-1.46289791974583,-0.659203587969798,0,0,0.00742255016287939,0.931343819994491,8.43510462259416e-06,"USP46"
5602,-1.73240081498628,0.316657318644565,4.47753586024845e-08,-2.35303775497065,-1.11176387500191,0,0,0.0439803188509105,0.833890233632847,1.99902701999105e-06,"MAPK10"
56606,-1.15698497947463,0.338584160674596,0.00063285816786247,-1.82059774013256,-0.493372218816697,0,0,0.103359598162887,0.747834637145482,0.00680991753973638,"SLC2A9"
55325,-0.879869852090932,0.235245029895224,0.000183854015103828,-1.34094163822762,-0.418798065954246,0,0,0.0145848186726299,0.903875095766596,0.00247395577409672,"UFSP2"
23788,-0.712848185761151,0.229417837269276,0.00188865561066553,-1.16249888422,-0.263197487302299,0,0,0.171036102842399,0.67919262720796,0.0162402701521705,"MTCH2"
54414,-0.975559982086745,0.314149760334742,0.00190023259878567,-1.59128219809473,-0.359837766078761,0,0,0.0871085372775633,0.767885746800963,0.0163190039040938,"SIAE"
10938,-0.984124021306487,0.303517415523762,0.00118528696576914,-1.57900722441374,-0.389240818199235,0,0,0.0643675436795188,0.799721466168765,0.011230656471866,"EHD1"
2348,-2.56807724797717,0.677784337825416,0.000151297680737872,-3.89651013940031,-1.23964435655403,0.553743932904305,59.1287252755363,2.44670616892075,0.117771768250738,0.00213160567334245,"FOLR1"
10114,-0.735772688005549,0.238620723020652,0.00204622350815192,-1.20346071109093,-0.268084664920163,0,0,0.476127713540072,0.490181558613621,0.0172217425470739,"HIPK3"
1610,-4.89781177673276,0.510419440290866,8.33811365418481e-22,-5.89821549671195,-3.89740805675357,0,0,0.0133234603924849,0.908106445400892,3.30655254115805e-19,"DAO"
1594,-4.96949653644533,1.21394790497708,4.24606932478944e-05,-7.34879070930826,-2.59020236358241,2.34434028218398,78.9388233172789,4.7480727931997,0.0293311262663992,0.00073585800393491,"CYP27B1"
57460,-1.26498367243451,0.440440253904185,0.00407767921733409,-2.12823070742839,-0.401736637440627,0,0,0.519172929372563,0.471194700137633,0.0295587897243632,"PPM1H"
217,-1.43792673307258,0.211823069637612,1.13432133633066e-11,-1.85309232065702,-1.02276114548814,0,0,0.90991387558178,0.340137271091248,1.10826482447437e-09,"ALDH2"
6337,-2.24757526120373,0.435190788915445,2.40986452073949e-07,-3.10053353388158,-1.39461698852589,0,0,0.000241001244015291,0.987613966232077,8.85346139867317e-06,"SCNN1A"
7421,-2.52792571992426,0.446727541556139,1.52467062725798e-08,-3.40349561227641,-1.6523558275721,0,0,0.200301652408491,0.654477470995832,7.90659002589205e-07,"VDR"
3945,-1.46435490637154,0.270922199278768,6.47811469695476e-08,-1.99535265957031,-0.933357153172769,0,0,0.0561543762249382,0.812680726398498,2.77283874473146e-06,"LDHB"
2444,-1.01878038244412,0.246870464959875,3.67876172741189e-05,-1.50263760261213,-0.534923162276103,0,0,0.145793058440024,0.702588524159232,0.000652641373298611,"FRK"
84830,-1.44332829988019,0.458038682845527,0.00162653620651409,-2.34106762178359,-0.545588977976795,0,0,6.22902852058287e-07,0.999370276100544,0.0144280182055457,"ADTRP"
79632,-1.81135037324911,0.322416044862675,1.93121456625479e-08,-2.44327420921781,-1.17942653728042,0,0,0.450749369724453,0.501979305309314,9.57300220471077e-07,"FAM184A"
4121,-0.735662588243781,0.270626001803164,0.00656037093947453,-1.26607980505805,-0.205245371429507,0,0,0.0408414655770185,0.839844242722551,0.0430640123548856,"MAN1A1"
57515,-0.615379550342533,0.23205716891257,0.00800533768901861,-1.0702032437655,-0.160555856919569,0,0,0.783378402876164,0.376109891520314,0.0495573774384931,"SERINC1"
7164,-1.14654191631574,0.382105204216592,0.00269455115686692,-1.89545435488559,-0.3976294777459,0,0,0.228429752034981,0.632690595854058,0.0215612066753927,"TPD52L1"
653,-2.24762421534956,0.614515120460497,0.000254630427451145,-3.45205171940743,-1.04319671129169,0,0,0.0986744782111281,0.753426147825278,0.00324190939879489,"BMP5"
892,-0.925683679949809,0.288764470481078,0.00134748295347606,-1.4916516421075,-0.359715717792117,0,0,0.0022265031231334,0.962365116147919,0.0124268896454978,"CCNC"
7915,-1.39943662928902,0.25939644097772,6.85341017539361e-08,-1.90784431132322,-0.891028947254821,0,0,0.765790166108979,0.38152255714826,2.91496938154044e-06,"ALDH5A1"
55856,-1.29400853486812,0.351596589562928,0.000232887991809806,-1.98312518749857,-0.604891882237668,0,0,0.0660653235932309,0.7971542586453,0.00303677833034005,"ACOT13"
2070,-2.62615678795098,0.419701147522815,3.91934071934487e-10,-3.44875592136584,-1.80355765453613,0,0,0.333519659406373,0.563593898160998,2.88767600649874e-08,"EYA4"
55084,-1.00459073328195,0.333657110608776,0.00260519514378374,-1.65854665326085,-0.350634813303056,0,0,0.0337261913572685,0.854290451943777,0.0209706544021709,"SOBP"
7957,-1.18466723461242,0.266553794519279,8.81443341385769e-06,-1.7071030718127,-0.662231397412142,0,0,0.512795495299899,0.473931205220364,0.000194218813645253,"EPM2A"
6582,-0.949429353162327,0.355004956166913,0.00748605219211457,-1.6452262815827,-0.253632424741956,0,0,0.00599506179111004,0.938283238399299,0.0471656269655517,"SLC22A2"
135138,-2.51778962738316,0.458440727096657,3.97244650684047e-08,-3.41631694153896,-1.61926231322735,0,0,0.43199048334641,0.511013861303085,1.80338371217946e-06,"PACRG"
51069,-0.645248052836872,0.213552567468721,0.00251529646609252,-1.06380339388163,-0.226692711792119,0,0,0.00460396813366112,0.945903013656709,0.0203629045906832,"MRPL2"
53405,-4.98250708330231,0.663477744411134,5.92710209865127e-14,-6.282899566892,-3.68211459971261,0.382086191943417,41.8102914983611,1.71851694354481,0.189884058856378,8.78188105451814e-12,"CLIC5"
9037,-1.12044680492277,0.285384110411401,8.63339613296213e-05,-1.67978938308912,-0.561104226756421,0,0,0.161504418157696,0.687775195872493,0.0013242784989844,"SEMA5A"
730,-3.90888708888991,0.512957858251545,2.53108524095169e-14,-4.91426601664974,-2.90350816113008,0,0,0.413613367518335,0.520141176926775,4.11164124141586e-12,"C7"
2690,-1.04430617164803,0.327879008150701,0.00144736418198199,-1.68693721891012,-0.401675124385945,0,0,0.0007325843200661,0.978406857672918,0.0131501423623067,"GHR"
83697,-6.12067042511849,0.592030245432232,4.72150414450865e-25,-7.28102838392408,-4.96031246631291,0,0,0.203443746522701,0.651955395194699,2.12200134601367e-22,"SLC4A9"
8622,-0.80049807699172,0.288119570594057,0.00546351091426246,-1.36520205859722,-0.235794095386224,0,0,0.159721051174716,0.689413468043353,0.0373924610624597,"PDE8B"
64902,-3.07587870577825,0.649884370907478,2.21265794860192e-06,-4.34962866687238,-1.80212874468412,0.350340047465987,39.4237576695008,1.65081220215688,0.198848422086378,5.99061588775093e-05,"AGXT2"
5618,-3.25214628040317,0.911006280993658,0.000357199903466921,-5.03768578084052,-1.46660677996583,1.16287926709754,67.8913666599037,3.11442716794561,0.0776017609153739,0.00422838129801975,"PRLR"
2246,-3.34870431965447,0.471041600108161,1.16761720392852e-12,-4.27192889108658,-2.42547974822235,0,0,0.0433377108743597,0.835090677355687,1.38096340004985e-10,"FGF1"
80315,-0.950428832416777,0.277997486913646,0.000628887737889112,-1.49529389456017,-0.405563770273386,0,0,0.144893454156576,0.703463918680794,0.00679430558490296,"CPEB4"
1962,-1.62159239325833,0.334134226031212,1.21536120884367e-06,-2.27648344228168,-0.966701344234993,0,0,0.436159224532565,0.508982083456584,3.58212080305901e-05,"EHHADH"
5067,-1.83818551952465,0.465527040768085,7.86057361873437e-05,-2.75060175325961,-0.925769285789699,0,0,0.77469621298485,0.378768150673769,0.00122524987400457,"CNTN3"
3827,-9.47486028945941,0.589633144627318,4.20299195910285e-58,-10.6305200170201,-8.31920056189877,0.274174815065185,38.2964524441419,1.62065236053848,0.203000849206066,1.41672351461459e-54,"KNG1"
3273,-5.12104818645517,1.62158322544695,0.00158825867254709,-8.29929290626549,-1.94280346664486,4.77043007238465,90.520559646395,10.5491459695688,0.00116241785069175,0.0141472095269657,"HRG"
3081,-1.7757108589104,0.377062891364277,2.48541223461067e-06,-2.51474054589092,-1.03668117192988,0,0,0.222788852935063,0.636923119209074,6.596616763633e-05,"HGD"
10686,-5.81458595159033,1.29114039250094,6.68591641845499e-06,-8.34517461987708,-3.28399728330358,2.75038349627922,81.0045437290286,5.26441684650757,0.0217657137870165,0.000155962302889323,"CLDN16"
4968,-0.905268962247228,0.213443930746507,2.22278888006167e-05,-1.32361137922904,-0.486926545265413,0,0,0.107951387576654,0.742488615301716,0.000426313833141843,"OGG1"
5096,-1.51215000286161,0.297825087976462,3.82817996790137e-07,-2.09587644898795,-0.928423556735271,0,0,0.0330700190328953,0.85569915712465,1.323470525826e-05,"PCCB"
7029,-0.671970624772621,0.214721688881605,0.00175106572336342,-1.09281740168018,-0.251123847865062,0,0,0.698906637972053,0.403151323769487,0.015320972841083,"TFDP2"
3373,-1.86576431911897,0.566507348005377,0.000989655107321085,-2.97609831818681,-0.755430320051135,0.314858663589035,44.3328116723213,1.7963903513747,0.180149497093934,0.00970437804509832,"HYAL1"
8723,-0.931203757117791,0.268699906134389,0.00052906905477224,-1.45784589579049,-0.404561618445095,0,0,0.252957390367857,0.615000343341922,0.00591986561451794,"SNX4"
523,-1.00696291172986,0.239292398764853,2.57543243168869e-05,-1.47596739508317,-0.537958428376548,0,0,0.31858904673218,0.572456812457832,0.000484309318468513,"ATP6V1A"
22937,-0.697293183906649,0.209768654051572,0.000887025611996302,-1.10843219093317,-0.286154176880125,0,0,0.110262195564364,0.739845827158575,0.00887383829394729,"SCAP"
57088,-0.813871634813214,0.306591761191636,0.00794077628713453,-1.41478044470553,-0.212962824920903,0,0,0.00632918413160802,0.93659025620999,0.0492708176159387,"PLSCR4"
1154,-2.06724409750788,0.524915034251471,8.20797046818867e-05,-3.09605865958437,-1.03842953543138,0.189014219046644,29.5195357340639,1.41883287860706,0.23359560106393,0.00127204673359296,"CISH"
93,-1.18503107562274,0.29913970335642,7.44917087007434e-05,-1.77133412054732,-0.598728030698162,0,0,0.648784015683687,0.420547761395784,0.0011747037525288,"ACVR2B"
84836,-1.0078110121821,0.187921907053133,8.18852077400593e-08,-1.37613118191232,-0.639490842451875,0,0,0.363348420714867,0.546652463780595,3.40758720975068e-06,"ABHD14B"
26084,-1.20131671673296,0.447794280295345,0.00730212049637472,-2.07897737859487,-0.323656054871053,0.0541743730589266,4.58180270313875,1.04801812267406,0.305963972904632,0.0463970266977476,"ARHGEF26"
7134,-4.82408999148666,1.5990826010357,0.00255470102250756,-7.95823429782126,-1.68994568515205,4.39039360430656,85.3709824101717,6.83572901501814,0.00893522194939917,0.0206257687942931,"TNNC1"
6787,-1.13379998940398,0.355877816060374,0.00144292056399558,-1.83130769177908,-0.436292287028878,0,0,0.00682346203141861,0.934166222233136,0.0131363254317032,"NEK4"
57669,-1.53792572044361,0.557661139502367,0.00581892900682504,-2.63092146944582,-0.444929971441402,0.399203423579527,54.2317635965178,2.18492141839207,0.139368177004309,0.0393660912187767,"EPB41L5"
29842,-4.19132639095542,0.989453683090195,2.2753617264509e-05,-6.13061997418271,-2.25203280772813,1.53644067896567,76.738623134823,4.29897166361218,0.0381354254124918,0.000435158895854432,"TFCP2L1"
5136,-1.71638211241681,0.284789007027213,1.67180639283662e-09,-2.27455830938307,-1.15820591545054,0,0,0.338168054346517,0.560888569122484,1.08627148742015e-07,"PDE1A"
2888,-1.35922693934981,0.438814809975426,0.00195163299130711,-2.21928816278444,-0.499165715915192,0,0,0.00971238261507566,0.921494442455244,0.016643812537504,"GRB14"
2591,-1.68644380346583,0.427247590362578,7.90611414797537e-05,-2.523833693058,-0.84905391387365,0,0,0.0244078435684119,0.875851653123735,0.00122950561772955,"GALNT3"
9801,-1.44373145773887,0.296969238972569,1.16468856699839e-06,-2.02578047064138,-0.86168244483637,0,0,0.50769078852871,0.476140208321938,3.48966576640873e-05,"MRPL19"
55825,-1.49334473814229,0.315909321670055,2.27714398158337e-06,-2.11251563099608,-0.874173845288501,0,0,0.310024965920255,0.577664865660696,6.12828988097578e-05,"PECR"
3485,-1.698644421189,0.55419571661558,0.00217624629047212,-2.7848480661419,-0.612440776236098,0.189673522672493,29.580503557546,1.42006127637846,0.233393317548156,0.0180902150027347,"IGFBP2"
80303,-2.81725351341615,0.322204095748317,2.25613107389803e-18,-3.44876193675415,-2.18574509007815,0,0,0.741870449202532,0.389062364590414,6.47221601475897e-16,"EFHD1"
5624,-4.78190803563161,0.589380804682992,4.92049573148504e-16,-5.93707318598951,-3.62674288527371,0,0,0.28757953968599,0.591775809573649,9.99089404234877e-14,"PROC"
4953,-0.92784797338829,0.259067340895462,0.000341635760828986,-1.43561063111396,-0.420085315662625,0,0,4.58121728341337e-05,0.994599584305221,0.00408720049978458,"ODC1"
8604,-0.920262768750268,0.30911038282791,0.002909576144216,-1.52610798634036,-0.314417551160176,0,0,0.00561492805931803,0.940268160470489,0.0229349680282716,"SLC25A12"
5334,-3.02113736308845,0.63837762650191,2.21745204985397e-06,-4.27233451956835,-1.76994020660854,0.528170537783175,59.2492058705989,2.4539399080778,0.117230290146812,5.99156432628879e-05,"PLCL1"
525,-5.94061062915649,1.39013464565205,1.92508907236425e-05,-8.66522446829586,-3.21599679001711,3.41557080221898,88.0452176920117,8.36485327994462,0.00382547506314604,0.000380028930639636,"ATP6V1B1"
4780,-0.829538784033168,0.225876609263795,0.000240160280097161,-1.27224880314023,-0.386828764926104,0,0,0.519358307287829,0.471115538242656,0.00309567978637669,"NFE2L2"
2043,-1.20844172522889,0.367177859259743,0.000997745265066192,-1.9280971052985,-0.488786345159279,0,0,0.260171003820564,0.610002697240075,0.00976746923147558,"EPHA4"
117583,-1.12756760929533,0.251691238575778,7.46557390690027e-06,-1.62087337212814,-0.634261846462531,0,0,0.0598899720588113,0.806669928701312,0.000169744237751663,"PARD3B"
6342,-0.471341817088514,0.143189373254556,0.000995705338183687,-0.751987831636306,-0.190695802540721,0,0,0.0915662534112991,0.762195352458181,0.00975660979268215,"SCP2"
9068,-2.3936492187978,0.535343522046358,7.77674676064536e-06,-3.44290324136549,-1.34439519623012,0.0776168242632868,8.95163592819773,1.09831737252454,0.294635667434096,0.000175340930725387,"ANGPTL1"
7827,-8.17116924825161,0.671548773421187,4.62208265833489e-34,-9.48738065801918,-6.85495783848403,0,0,0.187146877114774,0.665301931835673,4.15463603215529e-31,"NPHS2"
515,-0.830210491138766,0.302521575543207,0.00606397681408975,-1.42314188374976,-0.237279098527768,0,0,0.607632648707753,0.435680554590357,0.0406335488840645,"ATP5PB"
9829,-1.1484801679854,0.35486254291791,0.00121044004423639,-1.8439979715668,-0.452962364403997,0,0,0.306494817109531,0.579839113190948,0.0114368346996771,"DNAJC6"
79971,-1.40282609571826,0.276738708435513,3.99626021275004e-07,-1.94522399738,-0.860428194056525,0,0,0.930305872182225,0.33478345699805,1.36651037349342e-05,"WLS"
5997,-1.32680863073873,0.330441212653022,5.93793470295467e-05,-1.97446150654639,-0.679155754931061,0,0,0.904662099598059,0.341534699119018,0.000972796763061213,"RGS2"
1491,-2.20336411921986,0.293246622782784,5.74837601290448e-14,-2.77811693846212,-1.6286112999776,0,0,0.729868503298664,0.392925815007999,8.70846671707765e-12,"CTH"
79814,-4.00408351589546,0.743713514703588,7.28866528101372e-08,-5.46173521953019,-2.54643181226073,0.737422944145635,65.6641756716116,2.91241005439678,0.0879004308191417,3.08066062645479e-06,"AGMAT"
51086,-1.29409381650882,0.406402099883341,0.00145119828374151,-2.09062729552161,-0.497560337496017,0,0,0.24530887130286,0.620397789100248,0.0131613991561486,"TNNI3K"
1429,-1.43444609409521,0.321670165105117,8.22011392442443e-06,-2.06490803260229,-0.803984155588129,0,0,0.731771170064918,0.392309685119675,0.000183496351064594,"CRYZ"
51179,-6.36122760452538,1.00926033806246,2.92200963329465e-10,-8.33934151815252,-4.38311369089824,1.47670977501132,72.4786955252092,3.63354869648708,0.0566259544784613,2.23849181168817e-08,"HAO2"
6390,-1.37627985750044,0.364702603061306,0.000160841254341157,-2.09108382456861,-0.661475890432271,0,0,0.862873306938452,0.352935864345117,0.00222880023872746,"SDHB"
8934,-2.53124371824646,0.797969403491864,0.00151337636367637,-4.09523500985543,-0.967252426637501,0.957147446841216,73.0905560953552,3.71616746724146,0.0538879272625861,0.0135941728923707,"RAB29"
10327,-0.858658915627261,0.265698018184118,0.00123051912374048,-1.3794174620318,-0.33790036922272,0,0,0.233779115462409,0.628735719932206,0.0115697973119895,"AKR1A1"
5825,-1.41006041564672,0.290974244935011,1.25977206525153e-06,-1.98035945614808,-0.839761375145364,0,0,0.00481403803732663,0.944684546110337,3.68393475515154e-05,"ABCD3"
57134,-2.57317028297863,0.390264942711284,4.29885564750176e-11,-3.33807551512133,-1.80826505083592,0,0,0.0189572121213146,0.890489222929023,3.73944972227524e-09,"MAN1C1"
78989,-2.08318433199292,0.462845545345346,6.76919191524583e-06,-2.9903449312746,-1.17602373271124,0.102581086741645,19.5681033890762,1.24328785237695,0.264838344096342,0.00015730321925903,"COLEC11"
11181,-3.57368332306741,0.571657072369208,4.06669692051392e-10,-4.69411059641867,-2.45325604971616,0.183455869514853,27.6496073149141,1.38216250511953,0.239733137268798,2.96385267996158e-08,"TREH"
7139,-4.55347216469035,1.64805664236293,0.00572843023215007,-7.78360382820371,-1.32334050117699,4.92436551037227,90.6011832911957,10.6396372115998,0.00110689385291858,0.0388317872398589,"TNNT2"
1490,-1.11327964624789,0.349921906503424,0.00146510040893551,-1.79911398039619,-0.427445312099589,0,0,0.327113080973792,0.567363975779119,0.0132133436880786,"CCN2"
6943,-3.30911442982546,0.303568055109642,1.14332020207644e-27,-3.90409688469723,-2.71413197495369,0,0,0.0110589566680637,0.91624760102803,8.11336120241929e-25,"TCF21"
9194,-0.999996914144455,0.325348627786773,0.0021148108993918,-1.63766850702606,-0.362325321262852,0,0,0.333659547248044,0.563512118421487,0.0176861188970656,"SLC16A7"
60526,-0.752213556889298,0.252672596971941,0.00291056822530523,-1.24744274683451,-0.25698436694409,0,0,0.372697937769483,0.541537321199321,0.0229349680282716,"LDAH"
9615,-1.6650565731817,0.596771907219671,0.00526908711054338,-2.83470801831753,-0.495405128045865,0.299961818958038,41.3600080927758,1.70532083562038,0.191593595378988,0.0363524079839269,"GDA"
84417,-3.75911330639429,1.36462338505313,0.00587479115980244,-6.43372599355956,-1.08450061922902,3.03770266939294,80.9918722786816,5.26090741108847,0.0218096448890666,0.0396247169622893,"ECRG4"
8727,-1.08816587874082,0.27132028577762,6.05563780989975e-05,-1.61994386714007,-0.556387890341574,0,0,0.350866853900752,0.55362283484314,0.000990875783869883,"CTNNAL1"
54836,-3.16864727118149,1.14006285341462,0.00544658053333215,-5.40312940398611,-0.934165138376871,1.91512307580952,71.4372108433586,3.50105864842502,0.0613296130136908,0.0372962139821825,"BSPRY"
81932,-1.85666308117337,0.410932435465133,6.23760518152172e-06,-2.66207585476436,-1.05125030758238,0,0,0.82028418270126,0.365097090599843,0.00014677422454181,"HDHD3"
84263,-0.793911452345702,0.219748391020155,0.000302884593334708,-1.22461038440583,-0.363212520285573,0.0159606229453377,5.32207653897183,1.05621243416014,0.304080633273782,0.00372269186137818,"HSDL2"
80127,-1.01427386475466,0.251286914416112,5.42966384846645e-05,-1.50678716679644,-0.521760562712879,0,0,0.837672379027789,0.360063321186658,0.0009038044156651,"BBOF1"
64207,-0.869266987555262,0.253367738557065,0.000601690746332302,-1.36585862997147,-0.372675345139055,0,0,0.195636474499958,0.658266254642631,0.00655767053503816,"IRF2BPL"
9870,-1.47666906494977,0.328741781671036,7.0596765816332e-06,-2.12099111723853,-0.832347012661006,0,0,0.180677463501402,0.670791684433102,0.00016188030501728,"AREL1"
1743,-1.1644752019387,0.342314497800823,0.000669509485625807,-1.83539928901423,-0.49355111486317,0,0,0.383946116552504,0.535498871201539,0.00711856640803105,"DLST"
4329,-4.63344728342717,1.03251151701823,7.20468329802197e-06,-6.65713267040571,-2.60976189644862,1.79415767955895,83.6432158216331,6.1136711782416,0.0134140220381836,0.000164509872170707,"ALDH6A1"
2103,-4.25675570203748,0.523295543162059,4.135890919078e-16,-5.28239611990544,-3.23111528416952,0.222053117737243,26.2510033213377,1.35595065022671,0.244240503931848,8.57911034798902e-14,"ESRRB"
4072,-1.85602268751738,0.386199630238442,1.54085042366053e-06,-2.61296005362741,-1.09908532140735,0.0568982574404135,13.63578050018,1.15788691867016,0.281904206336725,4.37374447625578e-05,"EPCAM"
3218,-1.8698462643268,0.428129142460775,1.25687230395306e-05,-2.70896396428193,-1.03072856437166,0,0,0.785559034787887,0.375446363026857,0.000263143001152161,"HOXB8"
3215,-1.83209206944485,0.586622154006993,0.00178944059899985,-2.98185036383187,-0.682333775057837,0.257961145075076,31.8259266590052,1.46683328572458,0.225845995246993,0.0155658242556871,"HOXB5"
3213,-0.722979613668265,0.236795760091615,0.00226431556270787,-1.18709077513962,-0.258868452196912,0,0,0.422802228124926,0.515542088523013,0.0186840677674359,"HOXB3"
80129,-0.889401688293172,0.335225234175431,0.00797452290272726,-1.54643107398602,-0.232372302600322,0,0,0.0803148379272048,0.776871204841215,0.0494347091022858,"CCDC170"
39,-0.862086513398558,0.254355254733576,0.000700710538402501,-1.36061365195488,-0.363559374842238,0,0,0.187186671039435,0.665268514662153,0.00737523824299838,"ACAT2"
84078,-0.816575862023763,0.270609326076841,0.00254831068728008,-1.34696039501503,-0.2861913290325,0,0,0.178226582034575,0.672901738310418,0.0205865026941865,"KBTBD7"
2185,-0.956275363860691,0.259787782134301,0.000232333149740985,-1.46545006046746,-0.447100667253922,0,0,0.561317255614094,0.453729986671366,0.00303247614516718,"PTK2B"
2053,-1.57906195170112,0.225097633254532,2.29933945435302e-12,-2.02024520588521,-1.13787869751703,0,0,0.267043495345207,0.605321951217276,2.56214825314395e-10,"EPHX2"
157506,-1.24599307757351,0.381557967200739,0.00109255297038992,-1.99383295130128,-0.49815320384575,0,0,0.000239730661159023,0.987646656973177,0.0105371185263,"RDH10"
117854,-2.72622086448622,0.411560760430575,3.49363125429512e-11,-3.53286513238007,-1.91957659659238,0,0,0.943390698975696,0.331407363496312,3.09898882905665e-09,"TRIM6"
9479,-1.4860521693863,0.379248524531981,8.91340642318271e-05,-2.22936561865894,-0.742738720113666,0,0,0.0837113446459051,0.772329523677728,0.00136257889800196,"MAPK8IP1"
847,-1.57226299186573,0.459944650003501,0.000629963980761262,-2.47373794075447,-0.670788042976987,0.203115065116098,37.5807056270359,1.60206873538951,0.205610287003836,0.00679636151259797,"CAT"
2700,-1.49550275975831,0.397734268625408,0.000169875946092021,-2.27504760168149,-0.715957917835133,0,0,0.871121189562209,0.350645102907311,0.0023324209584101,"GJA3"
7512,-7.04561130199108,0.551324340065306,2.13626947506457e-37,-8.1261871523194,-5.96503545166277,0,0,0.718509618976498,0.39663321667121,3.20036903692173e-34,"XPNPEP2"
5340,-5.0565993366673,0.614922108029165,1.98219656360816e-16,-6.26182452170191,-3.85137415163269,0,0,0.24366614909135,0.621570677774823,4.38130430608668e-14,"PLG"
57179,-0.891481272917356,0.309621957059631,0.00398613003984542,-1.49832915757704,-0.284633388257673,0,0,0.110321827265072,0.73977803715899,0.0290513466633707,"KIAA1191"
84947,-1.03954343834512,0.260267476493381,6.49308608099242e-05,-1.54965831861927,-0.529428558070963,0,0,0.142925968958761,0.705389357347161,0.00105097574585859,"SERAC1"
48,-2.08104995562129,0.57416655419805,0.000289553641407963,-3.20639572297693,-0.955704188265647,0.3512226795814,49.6339894122514,1.98546596867699,0.158815760670517,0.00357513896254905,"ACO1"
57670,-1.32324542022398,0.272672068504193,1.21679991678486e-06,-1.85767285408223,-0.78881798636572,0,0,0.0532493076531475,0.817502722407132,3.58212080305901e-05,"KIAA1549"
11228,-0.860904235438278,0.28491803443161,0.00251454516260631,-1.41933332147018,-0.30247514940638,0,0,0.625530580251577,0.428999481647352,0.0203629045906832,"RASSF8"
10102,-0.655692100235278,0.238340444658876,0.00594002994306821,-1.12283078782594,-0.188553412644619,0,0,7.58510998019407e-05,0.993051108793181,0.0400047071540403,"TSFM"
1757,-2.58486213171939,0.368391741320375,2.27311736194742e-12,-3.30689667690932,-1.86282758652946,0,0,0.115980349671551,0.733435690945453,2.55403678259476e-10,"SARDH"
3598,-2.77022049024999,0.643977811929739,1.69467580445973e-05,-4.03239380847518,-1.50804717202479,0,0,0.176920729198089,0.674032982167868,0.000340019551659681,"IL13RA2"
203447,-2.56079612210929,0.51561034393322,6.81602315958813e-07,-3.57137382627472,-1.55021841794387,0.0843944923826209,10.7446554322279,1.12038108736524,0.289836410782004,2.18810572049349e-05,"NRK"
23363,-1.16543014026452,0.301841091402694,0.000112890698390443,-1.75702780846806,-0.573832472060975,0,0,0.00755743928966012,0.930724344336928,0.00166168699388465,"OBSL1"
5105,-5.11708408544342,0.774396806373739,3.89988584057407e-11,-6.63487393567879,-3.59929423520806,0.672485731217591,54.9953599910067,2.22199310959974,0.136057314193918,3.43674253519348e-09,"PCK1"
5184,-2.29143818892319,0.323592605620834,1.42866119999129e-12,-2.9256680416035,-1.65720833624288,0,0,0.017082593935906,0.896012317794735,1.66057232409332e-10,"PEPD"
84693,-1.11344922507236,0.364404475021407,0.00224662263415147,-1.82766887191955,-0.399229578225182,0,0,0.0159980603764689,0.89934925741322,0.0185721722723877,"MCEE"
4835,-1.29552276687469,0.361891560412005,0.000343772358795072,-2.00481719159122,-0.586228342158163,0.0381240218279872,10.5818164594691,1.11834076739741,0.290276010327373,0.00410547627425506,"NQO2"
4337,-1.16585534251081,0.285553075835771,4.44968219269468e-05,-1.72552908682356,-0.606181598198069,0.00532174007173052,1.52698373927069,1.01550662097348,0.313587227585259,0.000765243176072735,"MOCS1"
9477,-0.864390986829372,0.253513466893221,0.000650474311114859,-1.36126825153597,-0.367513722122771,0,0,0.067319115279885,0.795280900330761,0.0069676502170032,"MED20"
4495,-6.60560748193377,2.41018673770891,0.00613077841657518,-11.3294866838593,-1.88172828000823,10.7978778783524,92.8170125392031,13.9217840133758,0.000190576892445242,0.0409214284112293,"MT1G"
6555,-1.96862006227213,0.715164871129743,0.00591096357878098,-3.37031745269466,-0.56692267184961,0.541586817544249,49.7854177629229,1.99145338953279,0.158188997639155,0.0398288465430804,"SLC10A2"
27109,-0.730542389827162,0.190307393408738,0.000123662570781543,-1.10353802689998,-0.35754675275434,0,0,0.202022029342185,0.6530936488496,0.00179284133531994,"DMAC2L"
9953,-1.30582853024628,0.335685465493341,0.000100229370440169,-1.96375995274679,-0.647897107745765,0,0,0.0527443224039069,0.818354952838375,0.00149969471793212,"HS3ST3B1"
399512,-1.83235700001456,0.399793968919435,4.57797070402439e-06,-2.61593878033298,-1.04877521969615,0,0,0.012348668184493,0.911517572044886,0.000112794322238126,"SLC25A35"
56731,-0.754160432125698,0.256707277305719,0.00330526131289247,-1.25729745021424,-0.251023414037152,0,0,0.00558255611937663,0.940440275289667,0.0253553013234642,"SLC2A4RG"
7849,-1.39422136542329,0.402692635192093,0.000535685304312374,-2.18348442723932,-0.604958303607258,0,0,0.0392927875887779,0.842869744815391,0.0059656254683896,"PAX8"
7067,-0.799500730587056,0.247542435372508,0.00123897543308823,-1.2846749885625,-0.314326472611607,0,0,0.196808555516506,0.657309314760434,0.0116249866140074,"THRA"
5639,-2.5142807453568,0.563752389158348,8.19969087139446e-06,-3.61921512430557,-1.40934636640803,0.160332865817368,20.9895524781097,1.26565540553728,0.26058330793087,0.000183344000031528,"PRRG2"
435,-0.876945981732927,0.233712078053277,0.000175255054304813,-1.33501323746936,-0.41887872599649,0,0,0.204006313485687,0.651506315016995,0.00239166386355445,"ASL"
65266,-2.84625065909167,0.367663038737287,9.82775143581627e-15,-3.56685697346331,-2.12564434472004,0,0,0.284324623816213,0.593880613466581,1.69881503345014e-12,"WNK4"
3306,-3.41169503560073,0.320325926808944,1.73060592339355e-26,-4.03952231546068,-2.78386775574079,0,0,0.907821251737495,0.340693166368954,1.01451128978762e-23,"HSPA2"
81537,-1.30685783452916,0.295902197123408,1.00302839196913e-05,-1.88681548383732,-0.726900185221012,0,0,0.0201990900281021,0.886982454119166,0.000216728073860894,"SGPP1"
7103,-3.84413826570611,0.473862035693597,4.96469554874559e-16,-4.77289078930639,-2.91538574210582,0,0,0.000583280838564528,0.980731997293266,9.99089404234877e-14,"TSPAN8"
25953,-0.869398125291476,0.200001674371309,1.38041007869896e-05,-1.26139420390695,-0.477402046676003,0,0,0.265069118906916,0.606658795277074,0.000282858192873831,"PNKD"
1892,-1.92521254910206,0.252131907134416,2.24534904313495e-14,-2.41938200643891,-1.43104309176521,0,0,0.374409394924468,0.540610525912264,3.69195623763274e-12,"ECHS1"
2770,-1.19450409131848,0.308096256037465,0.000105731338590963,-1.79836165692354,-0.590646525713417,0,0,0.349980110761232,0.554124389100064,0.00157001722271141,"GNAI1"
65997,-3.20823208499361,0.418386650078249,1.74558176995882e-14,-4.02825485075934,-2.38820931922788,0,0,0.0420828029015743,0.837462015548879,2.91107596137339e-12,"RASL11B"
7263,-1.5177719785497,0.291069010512874,1.84338902225743e-07,-2.08825675617065,-0.947287200928762,0,0,0.510487621235544,0.47492784474792,6.96202078069943e-06,"TST"
3236,-1.4825675748882,0.35818610277058,3.48673173859417e-05,-2.1845994360813,-0.780535713695103,0,0,0.0533526508072406,0.817328842228958,0.000625986738102067,"HOXD10"
6638,-1.12819766808562,0.304274258207838,0.000209041701293036,-1.72456425559562,-0.531831080575617,0,0,0.141325243322212,0.706967079466906,0.00277685641234877,"SNRPN"
8854,-2.05902112793472,0.373671239814766,3.58328878419845e-08,-2.79140330003009,-1.32663895583935,0,0,0.236400228961736,0.626818234705239,1.66025713667861e-06,"ALDH1A2"
25847,-1.03660626940532,0.300817781271951,0.000569032986193051,-1.6261982866076,-0.447014252203051,0,0,0.841598930643836,0.358939875949922,0.006268195876504,"ANAPC13"
8424,-2.41025016789516,0.77912277457223,0.00197781578970641,-3.93730274559165,-0.883197590198672,0.664210464936259,51.2552177780946,2.05150162626147,0.152056152010096,0.0168245364622155,"BBOX1"
9513,-0.724631788815384,0.248310757350803,0.00352006914566776,-1.21131193019682,-0.237951647433944,0,0,0.129687186015674,0.718756595828941,0.026563873042819,"FXR2"
10749,-1.30858829814371,0.413228583466868,0.00154157036605001,-2.11850143912127,-0.498675157166145,0.160493259441678,35.3559507582424,1.54693279850118,0.213588814680259,0.013774018055303,"KIF1C"
1028,-2.39412361475038,0.646842720103268,0.000214543894533876,-3.66191204981471,-1.12633517968606,0.471521715394926,52.9239176186577,2.12422094068798,0.144986484165872,0.00283319816846253,"CDKN1C"
9754,-1.34635945123309,0.260228452209124,2.29429987468725e-07,-1.85639784531558,-0.83632105715061,0,0,0.612026994152933,0.434025630238547,8.4750808795639e-06,"STARD8"
59272,-2.63020163001759,0.497448295639794,1.24075989077632e-07,-3.60518237364242,-1.65522088639276,0,0,0.00148475985193054,0.969263054331217,4.9059136678408e-06,"ACE2"
51250,-0.877975220744587,0.303174015336243,0.0037801885759985,-1.47218537185202,-0.283765069637156,0,0,0.0327198619208404,0.856456804270732,0.0279163533776323,"MTRES1"
4705,-0.802806816764569,0.224331731656802,0.000345361460450189,-1.2424889314014,-0.363124702127732,0,0,0.742930506956192,0.388723746386115,0.00411716054045084,"NDUFA10"
445,-3.81933950467554,0.448872077843402,1.75821126379706e-17,-4.69911261091427,-2.93956639843681,0,0,0.16005440855002,0.689106429107578,4.31017499450469e-15,"ASS1"
1852,-6.4512525095217,1.36295707534841,2.2092435556481e-06,-9.12259928967863,-3.77990572936477,3.24100407062214,86.9869996884672,7.68462288526766,0.00556933166249735,5.99061588775093e-05,"DUSP9"
54897,-1.82224431743506,0.568322123725353,0.00134426526557364,-2.93613521155407,-0.708353423316054,0.307337083029132,35.8730821593275,1.55940755251105,0.211751987053274,0.0124141976546091,"CASZ1"
9104,-2.01159793169028,0.533128412918515,0.000161169649317491,-3.05651042014556,-0.966685443234987,0.242657038270223,39.0320953251022,1.64020726205427,0.200297033326722,0.00223105788680466,"RGN"
23345,-1.06007580704504,0.251558943936854,2.50858933173508e-05,-1.5531222771502,-0.567029336939871,0,0,0.209432032474363,0.647212935727907,0.000473715825767284,"SYNE1"
55902,-1.03722991015864,0.291209807630105,0.000368326622601867,-1.60799064505849,-0.466469175258801,0,0,0.0954745124349315,0.75732951242852,0.00433724703278687,"ACSS2"
6569,-7.74081257661681,2.02101223656798,0.00012805678472539,-11.7019237726048,-3.77970138062882,7.60888844018245,93.1435779632562,14.5848664892705,0.000133986261819572,0.00184892845265339,"SLC34A1"
64432,-0.845326439691317,0.262196737687792,0.00126406400340404,-1.35922260242328,-0.33143027695935,0,0,0.555336195486422,0.456145487644709,0.0118110706568931,"MRPS25"
26061,-1.00765519412704,0.283332457016546,0.000375912716316941,-1.56297660553071,-0.452333782723365,0,0,0.180708063952044,0.670765446442444,0.00439205472625764,"HACL1"
3748,-1.1821432221195,0.397110666379412,0.0029121608888527,-1.96046582609985,-0.403820618139156,0,0,0.084276224916952,0.771583926031774,0.0229349680282716,"KCNC3"
9476,-4.73353519614957,0.882117506640325,8.04550993014311e-08,-6.46245373929688,-3.00461665300226,1.10028642904054,69.1431302649198,3.24076942536764,0.0718268988002733,3.35843995009658e-06,"NAPSA"
5160,-1.11940730541705,0.245652584711292,5.19211228032813e-06,-1.60087752416036,-0.637937086673743,0,0,5.72822916638767e-05,0.993961263113543,0.000125233005144301,"PDHA1"
64087,-0.987037284691437,0.287649457805447,0.000600498060237731,-1.55081986216259,-0.423254707220287,0,0,0.899460075179762,0.34292652608576,0.00655057875904962,"MCCC2"
2643,-1.32722743837507,0.311395511819298,2.02431459380724e-05,-1.93755142648831,-0.716903450261825,0,0,0.685586391421236,0.407669682065805,0.000394419561680679,"GCH1"
1644,-3.22271604203033,0.567460504018102,1.3533405318424e-08,-4.33491819255476,-2.1105138915059,0.197330534696332,30.420742705654,1.43720993710759,0.230591367380977,7.15572172189452e-07,"DDC"
10117,-2.01491907831969,0.406452826854126,7.14700793909039e-07,-2.81155198036828,-1.21828617627111,0,0,0.436533717672738,0.508800244563127,2.28348597257715e-05,"ENAM"
10247,-1.90460367832948,0.296862473178956,1.40105632901568e-10,-2.48644343412172,-1.32276392253724,0,0,0.947402969794243,0.330381231120797,1.10470423883733e-08,"RIDA"
4147,-1.02658414436306,0.34333997123424,0.00278983750604509,-1.69951812243519,-0.353650166290935,0,0,0.39833966403777,0.527947971505099,0.0221788791827865,"MATN2"
6388,-0.730880971221066,0.231731672200064,0.00161050807368662,-1.18506670281043,-0.276695239631698,0,0,0.819527994998546,0.36531820513687,0.0142957959470321,"SDF2"
57127,-6.29420059150545,1.10161928881539,1.1061754077913e-08,-8.45333472225825,-4.13506646075266,1.52195738861118,62.54620182237,2.66995618243404,0.102258838874726,6.06283049725614e-07,"RHBG"
57111,-6.1564778973554,1.49913580098185,4.01378714310911e-05,-9.09473007521443,-3.21822571949636,3.72357480876176,82.5534695597833,5.73179867152759,0.0166604099497443,0.000702829766890132,"RAB25"
91703,-1.36899953666531,0.501915026740823,0.00638061222061533,-2.35273491237678,-0.385264160953836,0,0,0.99696100772894,0.318046974082557,0.0421301638445429,"ACY3"
23743,-1.62175171703855,0.258792157319392,3.68972658682863e-10,-2.12897502486598,-1.11452840921112,0,0,0.175165517939801,0.675561266538433,2.7792504787827e-08,"BHMT2"
10810,-1.19944869988716,0.384935041402056,0.00183336628850748,-1.95390751742263,-0.444989882351698,0,0,0.0146066344071286,0.903803580682244,0.015866031879298,"WASF3"
4628,-1.23907851011648,0.440209391073865,0.00488154937720147,-2.10187306227756,-0.376283957955396,0.149703340680799,30.6468551508967,1.44189568068726,0.229832824311987,0.034191132598861,"MYH10"
254428,-1.02188125084991,0.363955559142222,0.00498953117509618,-1.73522103874181,-0.308541462958021,0.0104310278828161,2.83921214155381,1.02922179002593,0.310341516904085,0.0348388652686804,"SLC41A1"
9365,-3.10713072052489,0.849081789528086,0.000252805517782746,-4.77130044792875,-1.44296099312102,1.09834826497584,74.9110815579365,3.98582347146309,0.0458846669916991,0.00322476518095058,"KL"
28992,-1.70944904780438,0.297090491002977,8.71728911639061e-09,-2.29173571031953,-1.12716238528922,0,0,0.108130901887837,0.742282194358531,4.93845416623087e-07,"MACROD1"
1875,-0.888868405281549,0.246984600044556,0.000319588279660458,-1.37294932610491,-0.404787484458189,0,0,0.0540408228663912,0.816175454392365,0.00388899708904508,"E2F5"
22800,-1.02428873380882,0.236758914385303,1.51638816449456e-05,-1.48832767902281,-0.560249788594824,0,0,0.0429568875222764,0.835806472256917,0.000307450550704965,"RRAS2"
83876,-2.9094377354623,0.443550617293755,5.40150579035945e-11,-3.77878097067857,-2.04009450024603,0,0,0.874820996324887,0.349624101455741,4.58040896675575e-09,"MRO"
10752,-3.36001519475494,0.896490631545863,0.000178275373221348,-5.1171045450624,-1.60292584444748,1.2212075138626,72.7520022239226,3.66999442754637,0.0554003694037669,0.00241819603334349,"CHL1"
4212,-1.14813898656112,0.36402796475158,0.00161056990606999,-1.86162068683963,-0.434657286282605,0,0,0.305906098176559,0.580203300349534,0.0142957959470321,"MEIS2"
2947,-2.04678205604937,0.243474149761222,4.22181708682594e-17,-2.52398262074787,-1.56958149135086,0,0,0.00683214235356539,0.934124456238609,9.98644908450423e-15,"GSTM3"
79679,-5.25605769886496,0.815108670121229,1.13118601023063e-10,-6.85364133578891,-3.65847406194101,0.668099455414339,47.665170575261,1.91077340079625,0.166877373358005,9.07844105710692e-09,"VTCN1"
4613,-2.24947450970853,0.418204564128313,7.49483105452516e-08,-3.0691403935703,-1.42980862584677,0,0,0.510010284225341,0.475134404154887,3.14806252673404e-06,"MYCN"
79746,-1.43860841172026,0.332046426231605,1.4739082844783e-05,-2.08940744832944,-0.787809375111078,0,0,0.851699685410736,0.356071949321607,0.000301101596963954,"ECHDC3"
80206,-1.5581168408213,0.436209283812808,0.000354335895533688,-2.41307132681642,-0.703162354826185,0,0,0.716482990348254,0.397299980820296,0.00420153497733996,"FHOD3"
9071,-2.70841646348786,0.434460157844054,4.54727629543019e-10,-3.5599427255798,-1.85689020139593,0,0,0.4735832291238,0.491343317825796,3.261219483579e-08,"CLDN10"
29968,-3.01761360210531,0.950572826521549,0.00150083920128613,-4.88070210676999,-1.15452509744064,1.30056976751942,69.6570837006729,3.29566212467909,0.0694630970172116,0.0134905433006273,"PSAT1"
6926,-1.188498449484,0.249639015476574,1.92761911747197e-06,-1.67778192895412,-0.699214970013879,0,0,0.120912201011652,0.728047232246741,5.30409970630093e-05,"TBX3"
92558,-2.10088434294019,0.368823315957095,1.22520848428978e-08,-2.82376475887474,-1.37800392700565,0,0,0.512795345697547,0.473931269715105,6.58146852337813e-07,"BICDL1"
112609,-3.03085912613569,0.528489590132464,9.75435656804852e-09,-4.06667968899965,-1.99503856327172,0.0866332093373868,8.29115414617683,1.09040735459033,0.296380969895461,5.43462766971067e-07,"MRAP2"
8763,-0.596149050264627,0.222755225934116,0.00744507110240557,-1.03274127046358,-0.159556830065677,0,0,0.811053624055155,0.367808929684247,0.0469732773391363,"CD164"
57224,-0.956619796196932,0.240829051225742,7.12135808149141e-05,-1.42863606303034,-0.484603529363525,0,0,0.0749021370947463,0.784328590534035,0.00113227913930128,"NHSL1"
54806,-0.653643800951579,0.218605522314717,0.00278921930704203,-1.08210275150999,-0.225184850393166,0,0,0.0595697132799498,0.807177323089298,0.0221788791827865,"AHI1"
2016,-2.60971456104753,0.379576274627451,6.18437631795526e-12,-3.35367038870322,-1.86575873339184,0,0,0.740540300934593,0.389487855425702,6.17658858481413e-10,"EMX1"
1368,-0.790846736789431,0.24132021058397,0.00104854168707929,-1.26382565827563,-0.317867815303228,0,0,0.771408291612158,0.379781738349798,0.0101840499919085,"CPM"
81618,-1.55035680078446,0.443284093328908,0.000469757166177877,-2.41917765862861,-0.681535942940309,0.175030457160758,34.9639105225131,1.53760782364715,0.21497422731098,0.00530463640835538,"ITM2C"
1593,-1.44822731113894,0.383934899595509,0.000161902209102444,-2.20072588675414,-0.695728735523736,0,0,0.0711167937979259,0.789717616578024,0.00223660603004943,"CYP27A1"
9470,-0.73588254714225,0.210526164746915,0.000473272677673773,-1.14850624784955,-0.323258846434951,0,0,0.0182806263237066,0.892449108927426,0.00533986235403806,"EIF4E2"
1329,-0.6826757924758,0.225017865051839,0.00241435449356531,-1.1237027038555,-0.241648881096102,0,0,0.0203362191734081,0.886602056620772,0.0197050494169135,"COX5B"
8803,-1.57925386618848,0.286407852361531,3.50761856077231e-08,-2.14060294170654,-1.01790479067041,0,0,0.515492165281427,0.472770956301884,1.6308007260308e-06,"SUCLA2"
1607,-1.28504801481469,0.413042314103659,0.00186342800316449,-2.09459607454895,-0.475499955080442,0,0,0.0884943376886388,0.766100091258131,0.0160848910157918,"DGKB"
91875,-1.10777222020234,0.368825367999932,0.00266881117823884,-1.83065665806694,-0.384887782337743,0.0529051563772009,9.3123657080592,1.10268616863553,0.293677357469641,0.0213933300334092,"TTC5"
55316,-0.648779002886105,0.24054928283992,0.00699519100676892,-1.12024693375929,-0.177311072012924,0,0,0.0950525349879643,0.757849568364622,0.045129169552477,"RSAD1"
6326,-2.17363806369483,0.304737405402934,9.83307634733859e-13,-2.77091240302677,-1.5763637243629,0,0,0.165965261198645,0.683722787964902,1.17326874682448e-10,"SCN2A"
274,-1.13915965901776,0.296646565836666,0.000122972076959749,-1.72057624419511,-0.557743073840403,0,0,0.834081910951764,0.361094851375469,0.00179053187219039,"BIN1"
9394,-1.27144129748565,0.354356137147631,0.000333182907267091,-1.96596656399574,-0.57691603097556,0,0,0.268737152861937,0.604180161431727,0.00401816202028819,"HS6ST1"
9649,-1.04792985197799,0.260889326005389,5.90037187697083e-05,-1.55926353489948,-0.5365961690565,0,0,0.00355101731495301,0.95248185416198,0.000967818905318707,"RALGPS1"
1317,-1.08048907698146,0.303482111010065,0.00037042337163624,-1.67530308451337,-0.485675069449544,0,0,0.452759188333414,0.501027563903285,0.00435004935502874,"SLC31A1"
229,-7.05795377643419,0.782586449503448,1.90242654502788e-19,-8.59179503225002,-5.52411252061836,0.535204736828921,43.5371478573931,1.77107595888767,0.183248976695623,5.96521328060718e-17,"ALDOB"
113220,-1.34756367134347,0.371908498805008,0.000290784626369663,-2.07649093454564,-0.618636408141295,0,0,0.952319374972829,0.32912962224029,0.00358705317231672,"KIF12"
9380,-1.51218717996675,0.333221602440338,5.67680064741926e-06,-2.16528951962053,-0.85908484031296,0,0,0.0813602682482426,0.775462411391291,0.00013595080484752,"GRHPR"
219,-2.72578842543353,0.667243449972041,4.40486796032919e-05,-4.03356155629898,-1.41801529456808,0.551678997145492,60.0058788017841,2.50036747911993,0.113819736740682,0.000760446027005357,"ALDH1B1"
2766,-2.0352903754821,0.391557021076139,2.01507833593565e-07,-2.80272803468512,-1.26785271627907,0,0,0.175165908420414,0.675560925543252,7.5470281120612e-06,"GMPR"
7020,-2.25133411893604,0.370950256844404,1.28629221481703e-09,-2.97838326240696,-1.52428497546513,0,0,0.653955689450044,0.418701957569762,8.61333422345546e-08,"TFAP2A"
27283,-2.50776087040717,0.539184183493212,3.30284073089299e-06,-3.5645424510875,-1.45097928972684,0.0727507886508119,9.61394157039586,1.10636531493276,0.292873415303596,8.38647863929005e-05,"TINAG"
7280,-1.25176564806784,0.286718391001125,1.26637118103063e-05,-1.81372336813532,-0.689807928000363,0,0,0.00779747803064685,0.929635592602654,0.000264720660989706,"TUBB2A"
670,-1.89389364883696,0.456114722061005,3.29249788846806e-05,-2.78786207689502,-0.999925220778891,0.137641018228263,24.4799592975652,1.32415182870493,0.249848284398666,0.000599929431311278,"BPHL"
347733,-3.52051198996504,0.711952378343014,7.61946759256472e-07,-4.91591301022498,-2.1251109697051,0.503328319977276,48.8777430701423,1.95609517273866,0.161931549095256,2.41157937912089e-05,"TUBB2B"
7172,-1.15855428028145,0.203088489805831,1.16563766055637e-08,-1.55660040597551,-0.760508154587393,0,0,0.520164030522156,0.470771719631975,6.33721474890384e-07,"TPMT"
8836,-2.50190335778631,0.395648404503249,2.55617717321568e-10,-3.27735998115342,-1.72644673441921,0,0,0.108163738022084,0.742244457102631,1.9694249615124e-08,"GGH"
2230,-0.767471158964546,0.241533935808648,0.00148556887660779,-1.2408689741937,-0.294073343735387,0,0,0.457759009859165,0.498673169373565,0.0133711115909899,"FDX1"
440279,-1.26329939548051,0.396342960500846,0.00143563295955859,-2.04011732358815,-0.486481467372869,0.0259213939411395,3.78432365066958,1.03933167436177,0.307976957713067,0.0130788102660327,"UNC13C"
4091,-1.58750625062544,0.461549377077121,0.000582756347275995,-2.49212640678349,-0.682886094467384,0,0,0.420329518952599,0.516772666509296,0.00638286257540394,"SMAD6"
64220,-4.06842251870085,1.09310886882144,0.000197743220284266,-6.21087653277218,-1.92596850462951,1.98992949300954,82.5306479116712,5.72431075258993,0.0167316028539887,0.00264501174513171,"STRA6"
80031,-2.45924455266701,0.492808616668077,6.02971732961796e-07,-3.42513169260744,-1.49335741272657,0.217980720158019,34.3573283408394,1.52339929915154,0.217105801853083,1.96373620181737e-05,"SEMA6D"
54810,-1.6707544913359,0.394309471969428,2.26359286822711e-05,-2.44358685515898,-0.897922127512814,0,0,0.46827605983278,0.493781332478665,0.000433523048896393,"GIPC2"
3795,-1.47061883802284,0.36840268366881,6.55518937662092e-05,-2.19267482982162,-0.748562846224074,0,0,0.465677221150375,0.494982599909995,0.00105848644748479,"KHK"
51626,-0.638168279794448,0.234403034026716,0.00647849980072855,-1.09758978435373,-0.178746775235169,0,0,0.0712105221062163,0.789582347432944,0.0425887922053745,"DYNC2LI1"
6519,-1.39210048178397,0.395285306987226,0.000428690015858459,-2.1668454470968,-0.617355516471151,0.0740617014245717,18.5893884508257,1.22834109825593,0.267729897683156,0.00490248302274776,"SLC3A1"
403,-0.550891044112326,0.198343949520606,0.0054786723442161,-0.939638041724145,-0.162144046500508,0,0,0.0066955023789036,0.934785041014383,0.0374588941263011,"ARL3"
5950,-3.30400729592941,1.12450279221049,0.00330130430854604,-5.5079922691767,-1.10002232268212,1.44560407930676,56.9935756703416,2.32523399837817,0.127291077509202,0.0253482266469967,"RBP4"
316,-2.85306702418799,0.409296642926948,3.15461426872474e-12,-3.65527370331796,-2.05086034505802,0,0,0.213819211184192,0.643790273115937,3.40269313481725e-10,"AOX1"
130752,-1.92506609426581,0.415713107488662,3.6433247502251e-06,-2.73984881284481,-1.1102833756868,0,0,0.0891821143811853,0.765219513991459,9.21631287191089e-05,"MDH1B"
3417,-1.31269155647187,0.449052424212071,0.00346400604641803,-2.19281813509793,-0.432564977845813,0.170862570679441,34.4090537913183,1.52460066183286,0.216924601368523,0.0262536219920485,"IDH1"
6744,-0.885814137570957,0.326428549564604,0.00665456309186678,-1.52560233824323,-0.246025936898684,0,0,0.809355146141307,0.368310970623132,0.0435974121319921,"ITPRID2"
10152,-0.600835837001935,0.172412416724747,0.000492365755509707,-0.938757964269951,-0.262913709733919,0,0,0.0282211479615004,0.866589956959984,0.00554600457939631,"ABI2"
55329,-0.900993049123166,0.294007160829052,0.00218014081635504,-1.47723649554498,-0.32474960270135,0,0,0.12824801977952,0.720255512877097,0.0181093140204776,"MNS1"
83478,-2.29476150087553,0.612852458201807,0.000180829189634053,-3.49593024678791,-1.09359275496315,0.508939746976238,62.4713046979122,2.6646276721066,0.102601832302539,0.00244300597578752,"ARHGAP24"
27068,-0.938934665913522,0.285860858762395,0.00102132207492968,-1.49921165367751,-0.378657678149536,0,0,0.177967972054192,0.673125380330988,0.00995696712673672,"PPA2"
1950,-5.34977081397801,1.25729352276742,2.09058768928821e-05,-7.81402083659765,-2.88552079135837,2.66179648967011,83.7618922030215,6.15835300826167,0.0130792936754432,0.000404991290440704,"EGF"
283358,-2.18143607906776,0.387505336521008,1.80800958199073e-08,-2.94093258246601,-1.42193957566951,0,0,0.841352679980024,0.359010190064392,9.09604223656008e-07,"B4GALNT3"
121506,-2.945909201609,0.423079087961225,3.33048642694162e-12,-3.77512897662506,-2.11668942659295,0.0662827843525107,13.8883434217832,1.16128296648397,0.281199623327754,3.51211707563186e-10,"ERP27"
23710,-1.79324615739624,0.554306355744467,0.00121592707622497,-2.87966665105704,-0.706825663735434,0.36140721161676,52.6114348880178,2.1102137142936,0.146318881984514,0.0114577236718237,"GABARAPL1"
144193,-2.07114816573592,0.378919796729265,4.6049234116852e-08,-2.81381732035452,-1.32847901111732,0,0,0.932588559967327,0.334191191520568,2.02241636350982e-06,"AMDHD1"
113675,-0.99457172199861,0.315663448397854,0.00162860452153311,-1.61326071209412,-0.375882731903098,0.0607381438859913,16.3671847496364,1.19570290322811,0.274182224070222,0.0144368670373642,"SDSL"
84915,-1.29753420362478,0.397835843800028,0.00110831704620782,-2.07727812923194,-0.517790278017621,0,0,0.787495760599557,0.374858428226962,0.0106510611076408,"FAM222A"
283375,-2.33001420873933,0.540221029112548,1.60998940698117e-05,-3.38882796949108,-1.27120044798757,0.102188639222318,16.5306359074192,1.19804434941045,0.273712900452466,0.000324962382849209,"SLC39A5"
115825,-0.75704375580656,0.196019530216464,0.000112424213529917,-1.14123497529729,-0.37285253631583,0,0,0.432208430884604,0.510907289828967,0.00165662914865997,"WDFY2"
6751,-2.05398727496575,0.501239349167132,4.17064256607854e-05,-3.03639834696763,-1.07157620296388,0,0,0.000147646344201713,0.990305158267899,0.00072558417701209,"SSTR1"
57161,-0.907947427643129,0.258569461325404,0.000445710191770813,-1.41473425934284,-0.401160595943416,0,0,0.000258773796862924,0.987165425354329,0.0050841882535075,"PELI2"
145407,-2.24801443026278,0.736451633601133,0.00226948024315673,-3.69143310847669,-0.804595752048874,0.757508780324978,65.0156741016743,2.85842294891227,0.0908965749217766,0.0186968624072293,"ARMH4"
145226,-3.8250872393873,0.679876005359152,1.84271641393656e-08,-5.1576197238442,-2.4925547549304,0.412274645112692,38.8845831222816,1.63624834957901,0.200840987619313,9.23618788442625e-07,"RDH12"
376267,-1.42834111611842,0.425291950454257,0.000783679876530972,-2.26189802192356,-0.594784210313285,0,0,0.0076333169816027,0.930378324080437,0.00809682434886367,"RAB15"
90141,-0.790406901730635,0.27962204075666,0.00470307437317979,-1.33845603089728,-0.24235777256399,0,0,0.0507774736873161,0.821715892205496,0.0332694395454266,"EFCAB11"
10516,-2.31059602336985,0.413668042838049,2.32856489669919e-08,-3.1213704888876,-1.4998215578521,0,0,0.810904483013944,0.367852975083887,1.1334310650612e-06,"FBLN5"
6652,-2.97337929440034,0.941173698879159,0.00158189418243854,-4.81804584739983,-1.12871274140084,1.46096199098048,81.3881637997895,5.37292499913948,0.0204516540766871,0.0141062693530548,"SORD"
11001,-2.17277476267423,0.454192576954043,1.71996173161636e-06,-3.06297585554959,-1.28257366979887,0,0,0.715455062783973,0.397638789718536,4.80129275929262e-05,"SLC27A2"
2108,-1.00158465188749,0.33027890631787,0.00242503356068741,-1.64891941312379,-0.354249890651184,0.0612410854751977,15.6484456631495,1.18551460949562,0.276236183366107,0.0197563308149537,"ETFA"
60677,-1.2767707831069,0.351572030752201,0.000281663893661081,-1.96583930135283,-0.587702264860982,0,0,0.303318631035971,0.581809378296749,0.00350016062509894,"CELF6"
51458,-5.89868298296568,1.57457672861381,0.00017953182053561,-8.98479666194365,-2.81256930398772,4.44123707132964,89.3935536362356,9.42822851031782,0.00213670592951927,0.00243034893200967,"RHCG"
7385,-0.679884487729273,0.218020062457127,0.00181805484636833,-1.10719595805242,-0.252573017406132,0,0,0.00020177750353463,0.988666557938447,0.0157841812579422,"UQCRC2"
91807,-1.12710907725982,0.419420898963303,0.00720325873596865,-1.94915893359131,-0.305059220928336,0,0,0.0107101088609229,0.917574358876018,0.0460073602733611,"MYLK3"
3801,-1.02641504807873,0.355582527883442,0.00389461957134759,-1.72334399626199,-0.329486099895476,0,0,0.137098727812583,0.711182476378203,0.028558104408503,"KIFC3"
58488,-0.86704595160116,0.323320485906167,0.00732508725080385,-1.50074245944124,-0.233349443761082,0,0,0.0549438562553739,0.814673636921813,0.0464772477188651,"PCTP"
10140,-1.27342030578045,0.242044088073985,1.43189191802406e-07,-1.7478180010763,-0.799022610484595,0,0,0.988924864109829,0.32000528912963,5.59599963209228e-06,"TOB1"
90507,-1.75656897003397,0.344685610441952,3.46633717040549e-07,-2.4321403524894,-1.08099758757854,0,0,0.0927560199473411,0.760702256310885,1.2170995851192e-05,"SCRN2"
10351,-2.15883588975437,0.394811123279868,4.55085527221817e-08,-2.93265147207871,-1.38502030743002,0,0,0.00941035333439568,0.922720854772088,2.01839413274071e-06,"ABCA8"
112483,-1.56992362282112,0.259934375956774,1.54408489886431e-09,-2.07938563804029,-1.06046160760194,0,0,0.305522487408206,0.580440851968777,1.01062605297998e-07,"SAT2"
114804,-1.19186130664741,0.394366418664723,0.0025092972736476,-1.96480528394231,-0.418917329352505,0,0,0.163754619445426,0.685722993913711,0.0203444709203792,"RNF157"
201456,-1.1804281428735,0.359543673992715,0.00102661797198274,-1.88512079476843,-0.475735490978565,0,0,0.000493527252108915,0.982276074761282,0.0100013656909272,"FBXO15"
2064,-1.50549442898978,0.20776890775949,4.29246032835951e-13,-1.91271400530561,-1.09827485267396,0,0,0.424303411064435,0.514797499207499,5.45992854785579e-11,"ERBB2"
2886,-1.04972539064115,0.317748528793728,0.00095439758578108,-1.67250106321744,-0.426949718064852,0,0,0.251512452583449,0.61601212084639,0.00942721073193135,"GRB7"
115704,-1.00907667677811,0.303406652206559,0.000881580429403886,-1.60374278777283,-0.414410565783381,0,0,0.0871270729044986,0.767861761427068,0.00885059488432806,"EVI5L"
284612,-1.54777351128882,0.386315573319873,6.16250127168787e-05,-2.30493812166271,-0.790608900914926,0,0,0.584951059860037,0.444378180879919,0.0010059201531013,"SYPL2"
90874,-1.28669528935863,0.38839784691684,0.000923577363957828,-2.04794108098854,-0.525449497728725,0,0,0.455263973594285,0.499845719497817,0.00917656123673058,"ZNF697"
223,-1.26173426298372,0.315714954734635,6.43035547420044e-05,-1.88052420364429,-0.642944322323138,0.0240609785680686,7.2280699818963,1.0779122519116,0.299165069358283,0.00104220093720607,"ALDH9A1"
9213,-0.679928925854851,0.179512582969037,0.000152085380985226,-1.03176712324592,-0.328090728463781,0,0,0.408789836717625,0.522584376332996,0.00213823481942003,"XPR1"
127018,-0.832407719026866,0.185206313243953,6.97372409194505e-06,-1.19540542269446,-0.469410015359274,0,0,0.367567997717801,0.544332911260317,0.000160455156880026,"LYPLAL1"
57530,-2.4482817337728,0.561897394015884,1.31755719472559e-05,-3.54958038905085,-1.34698307849476,0.316457417016562,41.9947849266646,1.72398291901118,0.18918116211259,0.000272046304080935,"CGN"
8416,-2.02819271192252,0.379192484611342,8.85806688960782e-08,-2.77139632496901,-1.28498909887603,0,0,0.245203888083506,0.620472599685525,3.65239498081291e-06,"ANXA9"
8991,-2.81943724755396,0.350648345695389,8.93701817211896e-16,-3.50669537635547,-2.13217911875244,0,0,0.685638023172893,0.407652025393572,1.74634515963304e-13,"SELENBP1"
10500,-1.414681609569,0.422587850713205,0.000814961177655828,-2.24293857727107,-0.586424641866932,0,0,0.919433269036447,0.337623821315976,0.0083432965515061,"SEMA6C"
51097,-0.875347860371846,0.265317279208973,0.000969437590820241,-1.39536017209759,-0.355335548646101,0,0,0.153805547712976,0.694924848210336,0.00955477122589862,"SCCPDH"
3707,-0.823579170690995,0.26145162749236,0.00163256475153934,-1.3360149442754,-0.311143397106586,0,0,0.790140853816617,0.374057537800193,0.0144624642214224,"ITPKB"
129642,-1.39305473850142,0.253372074344636,3.83993390975971e-08,-1.88965487890511,-0.896454598097733,0,0,0.114522940496061,0.735052444291772,1.76101458861531e-06,"MBOAT2"
2052,-1.92151238152027,0.407123086073318,2.36154074034794e-06,-2.71945896749877,-1.12356579554177,0,0,0.908372913783646,0.340546501443829,6.31759004010145e-05,"EPHX1"
55224,-2.65367008227417,0.71693340178792,0.000214398081846378,-4.05883372909228,-1.24850643545607,0.498753122789209,46.2058565785762,1.85893842042616,0.172747371771165,0.00283319816846253,"ETNK2"
151449,-1.62019530006751,0.351981582578917,4.16311426016311e-06,-2.31006652514359,-0.930324074991418,0,0,0.0410407614891644,0.839459262240476,0.000103563227988523,"GDF7"
245973,-3.51568471514779,0.998514194636793,0.000430058647710996,-5.47273657468792,-1.55863285560766,1.6454891395817,81.3730013115359,5.36855140607977,0.0205029981820725,0.0049139667348198,"ATP6V1C2"
130589,-2.16770693947429,0.797387466333749,0.0065576390494323,-3.73055765521209,-0.604856223736503,1.00194075296643,76.653660642154,4.2833267548813,0.0384879479473234,0.0430640123548856,"GALM"
79823,-1.01710658539717,0.287635977703324,0.000406096954622833,-1.58086274235365,-0.453350428440687,0,0,0.0870220282637531,0.767997727441619,0.00469588785521412,"CAMKMT"
9027,-2.44044019400488,0.765185456993093,0.00142595726087077,-3.94017613120517,-0.940704256804597,0.520779518983287,44.3481746082774,1.79688625298666,0.180089387995812,0.0130082420489314,"NAT8"
94097,-1.11857379161051,0.270145104167027,3.46337213818278e-05,-1.6480484663777,-0.589099116843317,0,0,0.781625285023654,0.376644530346279,0.000623453224821341,"SFXN5"
8502,-1.1549104149884,0.403182079124545,0.00417683366809811,-1.94513276928449,-0.364688060692314,0.157113523366563,32.386557898788,1.4789958459785,0.223931697618588,0.0301478845540508,"PKP4"
79634,-0.651528831051711,0.236942880566246,0.00596444772221112,-1.11592834335473,-0.187129318748694,0,0,0.220999643158465,0.638279293820424,0.0401090516900611,"SCRN3"
151126,-1.99751765928511,0.467965848476146,1.96781583589665e-05,-2.91471386829308,-1.08032145027714,0,0,0.143529803608188,0.704796823681813,0.00038620176004941,"ZNF385B"
79582,-0.845273292604181,0.28972320178607,0.00352826798650904,-1.41312033359051,-0.277426251617853,0,0,0.269881804867208,0.603411069590356,0.026563873042819,"SPAG16"
285362,-0.593699574088771,0.18988474455989,0.00176821564293257,-0.965866834639743,-0.221532313537798,0,0,0.172629805844349,0.677785113968176,0.0154209906297929,"SUMF1"
100130207,-0.593699574088771,0.18988474455989,0.00176821564293257,-0.965866834639743,-0.221532313537798,0,0,0.172629805844349,0.677785113968176,0.0154209906297929,"LOC100130207"
152330,-1.27065352928054,0.334384460654544,0.000144709047123825,-1.92603502915329,-0.615272029407779,0,0,0.95825355716475,0.327627285371425,0.00205380219196899,"CNTN4"
2803,-0.678972702395313,0.154448837686884,1.10212625460773e-05,-0.981686861715678,-0.376258543074948,0,0,0.240979146264575,0.623499816517365,0.000235126080551836,"GOLGA4"
10217,-1.04877831511668,0.297794044175051,0.000428588020835783,-1.63244391651031,-0.465112713723053,0,0,0.0297982409698872,0.862948817368719,0.00490248302274776,"CTDSPL"
55347,-1.15482762987029,0.235707181205104,9.61217368196488e-07,-1.61680521592975,-0.692850043810835,0,0,0.101862403737176,0.749606021101231,2.92552906893753e-05,"ABHD10"
185,-2.02076743285346,0.681915398250503,0.00304290854484989,-3.35729705392773,-0.68423781177919,0.39940998968217,37.725972472815,1.60580588683374,0.205082368697364,0.0237199277404677,"AGTR1"
55840,-1.78997817036954,0.334822229200865,8.98917286716558e-08,-2.44621768082665,-1.13373865991243,0,0,0.969731370388328,0.324747183479705,3.68392151270497e-06,"EAF2"
9353,-1.5496876009585,0.48319176456566,0.00134038623925501,-2.49672605713355,-0.602649144783449,0,0,0.368228493921415,0.543971477679497,0.0123868592624231,"SLIT2"
10699,-1.32028942027907,0.392353914557759,0.000765305810719166,-2.08928896200558,-0.551289878552557,0,0,0.663873074544799,0.415195923115318,0.00796804497754943,"CORIN"
79966,-2.39449502727315,0.316297674434676,3.7212101880475e-14,-3.01442707755889,-1.77456297698741,0,0,0.0382363020338248,0.844969405024643,5.83407871691215e-12,"SCD5"
54532,-1.06782597026435,0.34143138248248,0.00176301011618102,-1.73701918312173,-0.398632757406969,0.0602838735075526,13.9237600683116,1.16176078415323,0.281100668426624,0.0153955086764694,"USP53"
84869,-0.76120204593377,0.246837438072218,0.00204361707172185,-1.24499453459145,-0.277409557276087,0.0188671585068529,5.43560206729703,1.05748042800595,0.303790545100722,0.0172217425470739,"CBR4"
170690,-2.0147296318541,0.343563581640889,4.51270980206344e-09,-2.68810187826983,-1.34135738543837,0,0,0.100020307136633,0.751805266051722,2.74075974149646e-07,"ADAMTS16"
635,-2.32963897885866,0.436589051131063,9.50196387971078e-08,-3.18533779512006,-1.47394016259726,0,0,0.507047229488796,0.47641988918006,3.87054317190756e-06,"BHMT"
10788,-1.56159456601272,0.456960711531214,0.000632339906868816,-2.4572211029637,-0.665968029061746,0.164386254953331,27.5536108328348,1.38033104409464,0.240044766539369,0.00680991753973638,"IQGAP2"
1393,-4.21077843451597,0.513808119059101,2.50103426821856e-16,-5.21782384283608,-3.20373302619587,0,0,0.00545671937406722,0.941114136970627,5.35261032355411e-14,"CRHBP"
167410,-1.15109616606532,0.412769878168657,0.005291815814186,-1.96011026117888,-0.342082070951771,0,0,0.609333810411004,0.4350387525931,0.0364400166612205,"LIX1"
153328,-3.36532489612173,0.60533499604985,2.70638270503496e-08,-4.55175968696113,-2.17889010528232,0.309170410533532,34.8689291494223,1.53536551286586,0.21530895968156,1.28940487674864e-06,"SLC25A48"
4594,-1.44719731221557,0.424449652682803,0.000650617193740787,-2.2791033447244,-0.615291279706739,0.149506701914229,31.7818693962981,1.46588596191426,0.225995919654341,0.0069676502170032,"MMUT"
51557,-1.45888007758548,0.385294312578947,0.000152842864468635,-2.21404305368833,-0.703717101482628,0,0,0.959879423052855,0.327217258933465,0.00214664618919854,"LGSN"
51302,-3.38054058265065,1.26401037223628,0.00748505166785157,-5.85795538831882,-0.903125776982482,2.41468152490939,71.9771378124299,3.56851485514411,0.0588849536309255,0.0471656269655517,"CYP39A1"
221322,-1.00211233819395,0.301760505797109,0.000897320755886425,-1.59355206151288,-0.410672614875028,0,0,0.284162580783338,0.593985802961795,0.00894865070385849,"TBC1D32"
154091,-4.13705805484585,0.464211545452532,5.0115496820843e-19,-5.04689596514049,-3.2272201445512,0,0,0.963234646299169,0.326373254305183,1.5356982809896e-16,"SLC2A12"
79624,-1.09094495627155,0.375980867781731,0.00371265823330537,-1.82785391599986,-0.35403599654324,0,0,0.613641305911921,0.433420079000247,0.0276019116098349,"DCPH1"
6581,-2.15654099043915,0.502928883339986,1.80318236974272e-05,-3.14226348857047,-1.17081849230783,0,0,0.39149522059913,0.531514495710437,0.000358588611965209,"SLC22A3"
57393,-2.08143185692162,0.465209166269883,7.67033240635601e-06,-2.99322506808849,-1.16963864575474,0,0,0.00334804784653396,0.953858298673122,0.000173521966165936,"CLTRN"
2719,-3.77233673115724,0.409405199663643,3.13641316002389e-20,-4.57475617758141,-2.96991728473307,0,0,0.00761283560338018,0.930471552619526,1.03142094235615e-17,"GPC3"
9258,-1.25122736309486,0.370183136453734,0.000724798727200945,-1.97677297822825,-0.525681747961465,0.0974030591868142,21.0684344453097,1.2669202656409,0.260345232014274,0.00760502820143995,"MFHAS1"
526,-1.12364826793388,0.390584307674809,0.0040168015855107,-1.88917944390302,-0.358117091964745,0.114320834608247,27.4798553050929,1.37892719906587,0.240283968886271,0.0292274882770862,"ATP6V1B2"
115111,-4.40073643983777,0.416558913713741,4.35284351384595e-26,-5.21717690815583,-3.58429597151971,0,0,0.656928788616423,0.4176462947752,2.25728419604557e-23,"SLC26A7"
245972,-3.95053963743376,0.655531066601155,1.67577296880065e-09,-5.23535691871915,-2.66572235614837,0.0828031909371557,9.63452905179526,1.10661737221862,0.292818440489415,1.08627148742015e-07,"ATP6V0D2"
1807,-2.08972903413043,0.437740413072212,1.80691972641117e-06,-2.94768447832965,-1.23177358993121,0,0,0.00226346529915432,0.962054247342983,5.03361542793425e-05,"DPYS"
55630,-2.68373915172939,0.905441709836081,0.0030365747135496,-4.45837229310848,-0.909106010350311,1.23382314604957,73.2934501481254,3.74439980284389,0.0529847531865905,0.0236933662400401,"SLC39A4"
50808,-1.0018712474536,0.267648442387742,0.000181665558068751,-1.52645255505182,-0.477289939855383,0,0,0.566490582108433,0.45165684533965,0.00245184856800897,"AK3"
414328,-2.21777434544149,0.543726660404436,4.52608670468746e-05,-3.28345901726842,-1.15208967361455,0.325589372173762,48.263003797045,1.93285283915049,0.164446667621013,0.00077350894779584,"IDNK"
53358,-1.19441289916704,0.375960024221876,0.00148823547532279,-1.93128100626873,-0.457544792065361,0,0,0.562392948795529,0.453297690782514,0.0133861767270028,"SHC3"
549,-1.78990181122213,0.663717769328217,0.0070013190454968,-3.0907647350047,-0.489038887439556,0.579679346673328,60.5575509919306,2.53533952669981,0.111322938196384,0.045129169552477,"AUH"
2649,-0.947531999831751,0.349840346175207,0.00675942709292046,-1.63320647867418,-0.26185752098932,0,0,0.0105113464415362,0.918340083234305,0.0440583576411017,"NR6A1"
210,-1.68810367685216,0.406727023723054,3.31809770985143e-05,-2.48527399488851,-0.890933358815806,0.0774068201370427,17.3946522402873,1.21057537692216,0.271218199900431,0.000603750491523978,"ALAD"
221061,-2.08425629696589,0.319599922961349,6.96289299863588e-11,-2.71066063543191,-1.45785195849987,0,0,0.000874826549661588,0.976404036239474,5.72443209150046e-09,"FAM171A1"
2620,-1.48272193571482,0.384908289927968,0.000117088408649337,-2.23712832132454,-0.728315550105105,0,0,0.439011035092174,0.507600173204552,0.00171784876367683,"GAS2"
159963,-5.00578211416188,1.56275353350118,0.001359186210076,-8.0687227565369,-1.94284147178687,4.47721618582466,91.6213831159437,11.935144115527,0.000550848667087795,0.0125091519934845,"SLC5A12"
10249,-3.83620934465519,0.545846878460811,2.09521820597883e-12,-4.90604956751199,-2.76636912179839,0,0,0.122791669319686,0.726026203210869,2.37393504800106e-10,"GLYAT"
8501,-0.811646808514081,0.29675562913833,0.00623674012214818,-1.39327715383473,-0.230016463193429,0,0,0.727466071645005,0.393705768353004,0.0414236290970068,"SLC43A1"
91894,-1.41807319430358,0.266296340917416,1.00858857375285e-07,-1.94000443171651,-0.896141956890642,0,0,0.111277585414072,0.738694284917345,4.0593432059432e-06,"C11orf52"
9376,-8.43230451994553,1.6566482465136,3.58103472920149e-07,-11.6792754181636,-5.18533362172743,4.95710763709921,90.2707504874863,10.2782850693037,0.00134604998950469,1.25410626633308e-05,"SLC22A8"
26007,-2.1348733109003,0.733338282888698,0.00360076628620128,-3.57218993384659,-0.697556687954004,0.821377381934354,72.8937045320517,3.6891798851025,0.0547665384855007,0.0269717399093622,"TKFC"
128853,-2.52289574795063,0.447772144199167,1.75740851345418e-08,-3.40051302386127,-1.64527847203998,0,0,0.649664817584511,0.42023254148986,8.97543143443284e-07,"DUSP15"
740,-0.959544238544711,0.285480646538306,0.000776177116624826,-1.519076024043,-0.400012453046421,0,0,0.109052026664467,0.741225981623513,0.00803778499497122,"MRPL49"
10435,-1.15969552018417,0.324239123327759,0.000348002420536615,-1.79519252428542,-0.524198516082924,0,0,0.751672630031104,0.38594718237699,0.0041413209497751,"CDC42EP2"
143098,-1.80638273661428,0.27035345489277,2.36412504441858e-11,-2.33626577130008,-1.27649970192848,0,0,0.510471968408807,0.474934615926788,2.15374986310106e-09,"MPP7"
2823,-2.07026080661603,0.419911180216513,8.21307491509897e-07,-2.8932715965461,-1.24725001668596,0,0,0.140782600703267,0.707504237572938,2.55743392795103e-05,"GPM6A"
116966,-0.969705105543325,0.28464364334527,0.000657452277815097,-1.52759639492832,-0.411813816158331,0,0,0.00671526748900425,0.934689069685323,0.00702968204740757,"WDR17"
341640,-3.14222203088349,0.95197535881985,0.000964306018491174,-5.00805944833999,-1.27638461342699,1.39624772412628,74.1672293657523,3.87105206080471,0.0491257185313165,0.00951114707192136,"FREM2"
7068,-1.82768621238507,0.348291982218419,1.54119326173915e-07,-2.51032595363724,-1.14504647113291,0,0,0.0110657542234946,0.916221959915515,5.97123814598534e-06,"THRB"
144110,-1.45508654127077,0.353868012352284,3.92336235897392e-05,-2.14865510076202,-0.761517981779522,0,0,0.298183703952373,0.585023322024497,0.000692391291702164,"TMEM86A"
283635,-0.739380751439458,0.207961168532809,0.000377434756723018,-1.14697715194663,-0.331784350932288,0,0,0.0169281259603093,0.896480876565661,0.00440220832603499,"FAM177A1"
101927178,-0.739380751439458,0.207961168532809,0.000377434756723018,-1.14697715194663,-0.331784350932288,0,0,0.0169281259603093,0.896480876565661,0.00440220832603499,"LOC101927178"
145282,-0.830796411918221,0.303212053737526,0.00614420298173349,-1.4250811169222,-0.236511706914246,0,0,0.150978258420013,0.697602247039363,0.0409502169069267,"MIPOL1"
80224,-0.553667001795089,0.205652249815038,0.00709719996269242,-0.956738004772198,-0.15059599881798,0,0,0.31340016056549,0.575601167456185,0.0455891124806965,"NUBPL"
127124,-6.61223060885788,1.67981480476709,8.27525280807724e-05,-9.90460712689856,-3.3198540908172,4.6022066001864,80.6512108802927,5.16828207601618,0.0230029532826393,0.00127806682258082,"ATP6V1G3"
5800,-2.37769397275117,0.447080662518091,1.04760727498896e-07,-3.25395596947093,-1.5014319760314,0,0,0.358887204193133,0.549124904204826,4.19136168803446e-06,"PTPRO"
27034,-1.20990168928729,0.277879523308894,1.33644433516464e-05,-1.75453554701388,-0.665267831560697,0,0,0.884861077284359,0.346873717158225,0.000275524143287842,"ACAD8"
3758,-7.9785062214119,1.05377905834127,3.69429774416888e-14,-10.0438752234233,-5.91313721940048,1.61626496555505,70.5077251314018,3.39071843204862,0.0655643754986481,5.83407871691215e-12,"KCNJ1"
120224,-2.24243896809944,0.37714746838795,2.75129705039944e-09,-2.98163442300029,-1.50324351319861,0,0,0.00151215338541271,0.968980946469826,1.71739528382109e-07,"TMEM45B"
2555,-3.10088995628034,1.05251570633697,0.00321735760063091,-5.16378283386353,-1.03799707869714,1.54675910517414,64.9073485911372,2.8495994456191,0.0913967054365208,0.0248025343220735,"GABRA2"
130733,-2.44577055873249,0.353426208693355,4.51091956344745e-12,-3.13847319896401,-1.75306791850098,0,0,0.672252065012879,0.412267534890168,4.64280370030244e-10,"TMEM178A"
143884,-0.961186671290276,0.334586064943518,0.00406898455640798,-1.61696330830855,-0.305410034272002,0,0,0.209403101933111,0.647235649309581,0.0295116292490849,"CWF19L2"
133746,-0.926207870236166,0.242427200845441,0.000133148553832726,-1.40135645276609,-0.451059287706244,0,0,0.664997179097906,0.414801274768625,0.00190780228621323,"JMY"
9456,-0.910478910980022,0.270231841448355,0.000753727486827496,-1.44012358769474,-0.380834234265309,0,0,0.0833551332687759,0.772801097230202,0.00785963472923058,"HOMER1"
678,-0.568411708331479,0.156058067472544,0.000270203420144744,-0.874279900074587,-0.26254351658837,0,0,0.120236839917871,0.728777759411612,0.0033858296596762,"ZFP36L2"
130271,-1.28026195314289,0.427272411547561,0.00273223685958519,-2.11770049136368,-0.442823414922093,0.0889000553936829,15.3524046910484,1.1813684681179,0.277077578660806,0.021810982580099,"PLEKHH2"
79819,-0.905698753808444,0.281905296983095,0.00131458478424951,-1.45822298294638,-0.353174524670509,0,0,0.0583237810583294,0.809165159980767,0.0122154008587431,"DNAI4"
387700,-1.88507745445614,0.359311429433736,1.55132827438343e-07,-2.58931491537987,-1.18083999353241,0,0,0.849247380973659,0.356765337241387,5.99328341647904e-06,"SLC16A12"
53354,-2.1901143118119,0.759966852827592,0.00395341554427604,-3.67962197279823,-0.700606650825564,0.84497253412735,68.1715614361618,3.14184435404929,0.0763074735346616,0.0288597194279772,"PANK1"
55203,-1.3524026759355,0.472205464958826,0.00418310603876357,-2.27790838055778,-0.426896971313207,0.0188908678564394,2.37703039120031,1.02434908916135,0.311489609623587,0.0301608656260156,"LGI2"
130013,-2.09836064005134,0.547857389582662,0.000128079742993271,-3.17214139229749,-1.02457988780519,0.233846246481312,35.7316972069642,1.55597698482923,0.212255240588795,0.00184892845265339,"ACMSD"
654,-1.41591083165448,0.414445530610002,0.000634554588582845,-2.22820914520368,-0.603612518105288,0,0,0.35730918789702,0.550004454716349,0.00682272688824761,"BMP6"
130940,-1.00470714783181,0.325256097294239,0.0020085001321333,-1.64219738428058,-0.36721691138305,0,0,0.116577070208584,0.732776999938502,0.0170180185900173,"CCDC148"
22925,-1.77253921766231,0.657522723481081,0.00702231932508934,-3.06126007470192,-0.4838183606227,0.563957202400102,61.5456652701312,2.60048706348641,0.106830878791261,0.045237425446813,"PLA2R1"
9481,-1.17417339871112,0.321693593419436,0.000262266388464969,-1.80468125587048,-0.543665541551749,0,0,0.86472249319061,0.352420501111303,0.00330480160343287,"SLC25A27"
266977,-3.92727370383383,1.1913415960427,0.000978928953491386,-6.26226032536198,-1.59228708230567,2.32443082794061,79.4990534430133,4.87782355424561,0.0272039002261523,0.00962720574757429,"ADGRF1"
146556,-3.6079817331171,1.34719591394683,0.00740318623395309,-6.24843720457241,-0.967526261661788,2.96862808806124,81.3775472725589,5.36986193299043,0.0204875991811256,0.0467663556212761,"C16orf89"
3773,-1.93133253121676,0.395350533493112,1.03368888214611e-06,-2.70620533813195,-1.15645972430156,0,0,0.449673236110527,0.502490170168223,3.12493883362691e-05,"KCNJ16"
55022,-1.49624195959196,0.364857122581159,4.11549384554559e-05,-2.21134877935395,-0.781135139829975,0,0,0.0210232753483106,0.884715567346265,0.00071784221888087,"PID1"
130888,-1.34874265912355,0.278059491133615,1.23116924773443e-06,-1.89372924730497,-0.803756070942135,0,0,0.0559688660118121,0.812984655014312,3.61652613664561e-05,"FBXO36"
23576,-1.20985413999928,0.248952839175837,1.17520772386814e-06,-1.69779273863292,-0.721915541365652,0,0,0.976960380492168,0.322950393154015,3.5128586668421e-05,"DDAH1"
4900,-1.05710641019148,0.317341557990181,0.000864937816646828,-1.67908443465006,-0.435128385732896,0,0,0.185393444811019,0.666778592610246,0.00870945226426377,"NRGN"
5578,-1.37118141647104,0.222521686763627,7.1826177713655e-10,-1.80731590830686,-0.935046924635233,0,0,0.878399615848207,0.348640386637274,5.07032646132571e-08,"PRKCA"
23460,-1.1394090858467,0.330959992606847,0.000575853417880543,-1.78807875167976,-0.490739420013637,0,0,0.0162054134631635,0.898702576512476,0.00632781714204023,"ABCA6"
83648,-2.74181113157322,0.689769718570394,7.03893316260427e-05,-4.09373493759752,-1.38988732554892,0.287679293904125,28.205493137313,1.3928642227637,0.23792199594282,0.00112297894508538,"FAM167A"
57630,-0.722640485510037,0.198437243502834,0.000270888265628921,-1.111570335967,-0.333710635053078,0,0,0.68886515794737,0.406550650965007,0.00338937803077833,"SH3RF1"
518,-0.577279535101134,0.208845035560175,0.00570708530384384,-0.986608283149064,-0.167950787053204,0,0,0.635956878434634,0.425178673463287,0.038706554905295,"ATP5MC3"
92106,-0.938559454467956,0.255110697024332,0.00023412436023357,-1.43856723270656,-0.438551676229355,0,0,0.00555828752079577,0.940569635698417,0.00304113559636726,"OXNAD1"
56934,-4.94542193751124,1.68314051513145,0.00330112294428603,-8.24431672808907,-1.64652714693341,4.76436955234701,82.6497121978648,5.76359315421234,0.0163615792527707,0.0253482266469967,"CA10"
150696,-2.63246074321479,0.334901194633354,3.8287773880336e-15,-3.2888550230756,-1.97606646335398,0.0390442164922986,8.99871146014657,1.09888553892515,0.294510812054046,7.07169938669275e-13,"PROM2"
9630,-1.29454985857652,0.36874605537469,0.000446960007456082,-2.01727884655212,-0.571820870600914,0,0,0.004950609856809,0.943906673755891,0.00508983258490739,"GNA14"
132,-1.09700544506265,0.235460089269644,3.17769594545851e-06,-1.55849873982774,-0.635512150297559,0,0,0.0489602614079905,0.824882474114276,8.11455955163203e-05,"ADK"
122416,-0.764249145796781,0.271806696135542,0.00492746613676062,-1.29698048097927,-0.231517810614296,0,0,0.535247566192226,0.464408990306368,0.0344769205614652,"ANKRD9"
2528,-1.79415960516476,0.466100119212239,0.00011845542544765,-2.70769905201058,-0.88062015831895,0.00607432293673659,0.843632569895263,1.00850810282547,0.315260516851259,0.00173225000142155,"FUT6"
9131,-1.19981741607786,0.303925512586573,7.88940268819978e-05,-1.79550047473042,-0.604134357425304,0,0,0.853876109948296,0.355458112712394,0.00122832351553115,"AIFM1"
9530,-0.54034456645735,0.201254978727324,0.00725568230801363,-0.93479707647228,-0.14589205644242,0,0,0.017415412565169,0.895010023566646,0.0462163639020081,"BAG4"
134285,-1.02326836864972,0.328667976125035,0.00184957583094373,-1.66744576472646,-0.37909097257298,0,0,0.302113408942112,0.582560526727818,0.0159960429304774,"TMEM171"
3084,-1.26962786877342,0.308991254671154,3.974718395496e-05,-1.87523959946673,-0.664016138080119,0,0,0.0413100241290816,0.838940669105433,0.000698285894727925,"NRG1"
203328,-1.61531161508498,0.329353914289985,9.36723694514219e-07,-2.26083342526065,-0.96978980490932,0,0,0.278166033537814,0.597905790366352,2.87695798932465e-05,"SUSD3"
283971,-2.14334510000561,0.583285531916587,0.000238215796838829,-3.28656373526541,-1.00012646474581,0,0,0.796211126099232,0.37222860031085,0.00307649769040031,"CLEC18C"
115817,-0.655962436399408,0.236111024927456,0.0054661826562418,-1.11873154161006,-0.193193331188756,0,0,0.192390113111593,0.660934747676098,0.0373924610624597,"DHRS1"
55799,-1.94150418811952,0.400996681035822,1.28735347993531e-06,-2.72744324086983,-1.15556513536922,0,0,0.0906305736730759,0.763377037226229,3.74889567385912e-05,"CACNA2D3"
145773,-2.06996328413167,0.410895856660919,4.71199707078608e-07,-2.87530436458381,-1.26462220367954,0,0,0.206350534032542,0.649642980626184,1.56097927531717e-05,"FAM81A"
3772,-2.78799307683714,0.321993730510167,4.77877745335228e-18,-3.41908919188476,-2.15689696178952,0,0,0.0482672392117746,0.82610631273817,1.2390818539144e-15,"KCNJ15"
116987,-0.794685078308421,0.218479021798676,0.000275455513592224,-1.22289609241137,-0.366474064205474,0,0,0.895643470768126,0.343952548920205,0.00342933212351242,"AGAP1"
3242,-6.03583582538791,0.491179944219852,1.04501795618035e-34,-6.99853082598721,-5.07314082478861,0,0,0.338339521503933,0.560789253216832,1.08384439255228e-31,"HPD"
64084,-3.21633601929004,0.47148546832667,8.99646172588956e-12,-4.14043055644431,-2.29224148213577,0.0171194887772704,3.22944302779291,1.03337216534488,0.309367956907146,8.85396302555978e-10,"CLSTN2"
64849,-7.20102871747702,0.51078750978216,3.91266970033398e-45,-8.20215384040295,-6.19990359455108,0,0,0.0129616960908688,0.909357142058542,8.79242092826718e-42,"SLC13A3"
340348,-2.22218310340994,0.698187909580297,0.00145865090859971,-3.59060626062862,-0.853759946191245,0.688660486893004,66.5365052509967,2.98833103804791,0.0838665642773767,0.0132081868372397,"TSPAN33"
57805,-0.74127837629561,0.251008578027827,0.00314498765560221,-1.23324614904076,-0.249310603550456,0,0,0.000705425315978899,0.978810801756989,0.0243700394025774,"CCAR2"
3898,-1.67590995545285,0.36704493905541,4.97230078092743e-06,-2.39530481670915,-0.956515094196549,0,0,0.000531713215580979,0.98160328401895,0.000120361815851426,"LAD1"
873,-0.710444870624542,0.238300394747319,0.00287027839850616,-1.17750506183097,-0.243384679418119,0,0,0.126821927141666,0.721750202909852,0.0227279395862655,"CBR1"
6493,-2.91613245444841,0.404363043897201,5.5270168769987e-13,-3.70866945716591,-2.12359545173091,0,0,0.114080380480455,0.735545658863894,6.90007116227532e-11,"SIM2"
7832,-1.56299374101348,0.352747359467533,9.3833858496906e-06,-2.25436586121145,-0.871621620815511,0,0,0.279704401889399,0.596895027648536,0.00020505055334097,"BTG2"
8659,-2.93616678273258,0.399901642241529,2.10075978834386e-13,-3.7199595988844,-2.15237396658076,0,0,0.150632020603113,0.697932107039286,2.89025961492247e-11,"ALDH4A1"
117145,-0.867689688740662,0.235676771645737,0.000231689650938683,-1.32960767315898,-0.405771704322347,0,0,0.123748342423725,0.725004139263943,0.00302700732907583,"THEM4"
267,-0.709766928382993,0.212606854388366,0.000842620604578021,-1.12646870585054,-0.293065150915444,0,0,0.407576148859604,0.523202327232628,0.0085479707813307,"AMFR"
146206,-1.09492842149371,0.289799310670642,0.000157947033827597,-1.6629246331527,-0.526932209834714,0,0,0.91568904291921,0.338609440569066,0.00219772947068884,"CARMIL2"
27151,-1.0652753301378,0.369258045804406,0.00391528600057826,-1.78900780091608,-0.341542859359521,0,0,0.0376978760097161,0.846051065123875,0.028635449345197,"CPAMD8"
10841,-4.66855700179497,1.02138245553623,4.85815710000543e-06,-6.67042982908706,-2.66668417450289,1.61463772659003,77.1576900807235,4.37784096062939,0.0364090884820309,0.000118022580503375,"FTCD"
11094,-0.770856593613034,0.274333772191512,0.00495534563297588,-1.30854090685141,-0.233172280374656,0,0,0.0807602410304351,0.776269787343274,0.0346360420784934,"CACFD1"
116238,-1.5463815666855,0.357384470009415,1.51194341997107e-05,-2.24684225653789,-0.845920876833116,0,0,0.830385066832645,0.362161206554985,0.000307011041136596,"TLCD1"
5745,-4.93734564766356,0.403092972282623,1.70810910945475e-34,-5.72739335575871,-4.14729793956842,0,0,0.870464930948359,0.350826628267303,1.64503108019845e-31,"PTH1R"
4634,-4.06403835421646,1.13774220811243,0.000354237837489732,-6.2939721058079,-1.83410460262502,2.13333166673169,81.8011054180167,5.49483923595003,0.0190726813056295,0.00420153497733996,"MYL3"
563,-3.14358002555226,0.971902194959259,0.00121872440953858,-5.04847332416783,-1.23868672693669,1.21959365101693,64.498681736509,2.81679680900296,0.0932823911581118,0.0114749030822686,"AZGP1"
5731,-4.12770148908648,0.611812846011159,1.5127319777314e-11,-5.3268326325473,-2.92857034562565,0.215375163835404,26.4876616568878,1.3603158633488,0.243482747223754,1.44653654296117e-09,"PTGER1"
222236,-1.04777657128022,0.24575473222235,2.01244842483836e-05,-1.52944699546632,-0.566106147094135,0,0,0.468299455016503,0.493770540707458,0.000392674994386333,"NAPEPLD"
622,-2.27111509302379,0.378072084155168,1.88876343839421e-09,-3.01212276152792,-1.53010742451967,0,0,0.0293266278115071,0.864027043876492,1.20123572829572e-07,"BDH1"
51,-0.942585881864831,0.196848549982566,1.68132107523232e-06,-1.32840195023959,-0.55676981349007,0.000936862279252674,0.30505684320433,1.00305990287516,0.316571232003857,4.70316432725256e-05,"ACOX1"
146325,-6.95709957826448,0.632871120334423,4.13347960926298e-28,-8.19750418097546,-5.71669497555349,0,0,0.560223013628443,0.454170400950417,3.09620586509404e-25,"PRR35"
57465,-1.31909694012077,0.276387373280327,1.81828242315842e-06,-1.86080623753183,-0.777387642709699,0,0,0.000202927885383048,0.988634298701622,5.04930008694808e-05,"TBC1D24"
284541,-7.81208000055129,1.80534377194896,1.5101818122412e-05,-11.3504887732849,-4.27367122781764,5.23764188256009,80.3149891025781,5.08000734777833,0.0242032674000919,0.000307011041136596,"CYP4A22"
10158,-1.8493351291162,0.393051129530529,2.53772372040254e-06,-2.61970118707882,-1.07896907115357,0,0,0.975979890890295,0.323193325758654,6.69591564034979e-05,"PDZK1IP1"
65260,-0.803554446727986,0.252551198593939,0.00146388779628532,-1.29854570022453,-0.308563193231443,0,0,0.611500684239017,0.434223334896208,0.0132112444158735,"COA7"
338094,-7.23148079159989,1.13608290470997,1.94939386377462e-10,-9.45816236828308,-5.0047992149167,1.90064521037065,73.6037433636707,3.78841596282897,0.05160846705173,1.51055617616512e-08,"FAM151A"
7809,-6.21127636616022,1.68263019937278,0.000223015132844461,-9.50917095623033,-2.91338177609012,5.04242462953946,88.7142516143865,8.86073272087788,0.00291370591760758,0.00292501268107186,"BSND"
205,-1.9961450337208,0.501080448817584,6.78557342666349e-05,-2.97824466676043,-1.01404540068117,0.25294690395705,42.1088746045199,1.72738048045975,0.188745780398659,0.00108787023200599,"AK4"
388595,-4.03652004118578,0.665777876693126,1.33719580070164e-09,-5.34142070120785,-2.7316193811637,0,0,0.288214523524178,0.591366983883703,8.88148324180303e-08,"TMEM82"
22977,-2.76196414089198,0.890584541725015,0.00192677142856568,-4.50747776786112,-1.01645051392285,1.12099360567072,70.4742210324534,3.38687084631757,0.0657175577554219,0.0164839207940045,"AKR7A3"
57648,-0.691472358693799,0.260220612031794,0.00787799758596566,-1.20149538631108,-0.181449331076513,0,0,0.289374884301367,0.590621397809236,0.0489488670283756,"NHSL3"
249,-4.0350169147181,1.06428414066238,0.000149862813839399,-6.12097549973353,-1.94905832970267,1.38415898749888,60.337652415017,2.52128293177134,0.112319171696768,0.00211581185235248,"ALPL"
126823,-1.10571114392238,0.347293580378815,0.00145358523859864,-1.78639405352683,-0.425028234317938,0,0,0.040800961009503,0.839922604974973,0.0131711624811999,"KLHDC9"
79762,-1.50802775979464,0.26725458800575,1.67439216257391e-08,-2.031837126989,-0.984218392600281,0,0,0.640672393395912,0.4234674186366,8.58396559999395e-07,"C1orf115"
148811,-3.88255541162387,0.972480474114589,6.54010058709569e-05,-5.7885821165569,-1.97652870669084,1.36517095679363,71.398471322473,3.49631661746013,0.0615054829817819,0.00105731626158047,"PM20D1"
5284,-5.7697075170001,1.66119629119625,0.000514245173619754,-9.02559241899627,-2.51382261500394,5.04357923063722,91.3401929244211,11.5476013642389,0.000678367180314519,0.00576835913137699,"PIGR"
83953,-5.24499167766852,1.95629598108427,0.00733843366025341,-9.07926134369414,-1.41072201164289,7.11965507001924,92.9002515437772,14.0850060557219,0.000174731128578691,0.0464962880832691,"FCAMR"
3760,-1.16218159647396,0.322192711957408,0.000309637368169909,-1.79366770799177,-0.53069548495615,0,0,0.609208298655652,0.435086055482408,0.00378498697645956,"KCNJ3"
200373,-1.30179541657427,0.356410641278771,0.000259683845289177,-2.00034743718748,-0.603243395961053,0,0,0.175649405401807,0.675139044135353,0.00328453779177672,"CFAP221"
10602,-0.761263618220771,0.24005471026414,0.00151805965686779,-1.23176220465768,-0.290765031783859,0,0,0.125309819875247,0.723345425047618,0.0136090414584764,"CDC42EP3"
152519,-1.47033680903885,0.451763399563581,0.00113527710143133,-2.35577680171685,-0.584896816360855,0,0,0.0202211507062823,0.88692116887517,0.0108636913829656,"NIPAL1"
151556,-2.31931600862193,0.776389939623716,0.00281445862499912,-3.84101232824364,-0.79761968900022,0.902429826220639,72.0110275773686,3.57283570436269,0.0587319358621511,0.0223351063218736,"GPR155"
476,-1.80310022899694,0.222961611382039,6.11304860015649e-16,-2.24009695724075,-1.36610350075313,0,0,0.872206547008289,0.350345166649713,1.21209168052809e-13,"ATP1A1"
6565,-2.37808632471693,0.433120436121271,4.00595447147286e-08,-3.2269867804829,-1.52918586895096,0,0,0.507915803354864,0.476042483393327,1.80817213476114e-06,"SLC15A2"
79885,-0.870595031000753,0.264140613342232,0.000980884447771707,-1.38830112000585,-0.352888941995659,0,0,3.23430640365018e-05,0.995462378146814,0.00963940598345913,"HDAC11"
23114,-0.861481451691287,0.322522370740046,0.00756087439065816,-1.49361368255025,-0.229349220832323,0,0,0.0180795236333208,0.893038744992638,0.0474421833752034,"NFASC"
8802,-2.92913245149088,0.815957508776058,0.000330919035792304,-4.52837978160698,-1.32988512137478,1.02400621392187,73.680292614086,3.7994343376902,0.0512699006915007,0.00400159763191716,"SUCLG1"
6514,-2.05500311972326,0.447596482198001,4.40713494000624e-06,-2.93227610443817,-1.17773013500836,0,0,0.346238531833983,0.556250168366687,0.000108830403655868,"SLC2A2"
2168,-6.85367368746916,1.01789624174383,1.66000024346336e-11,-8.84871366128574,-4.85863371365258,1.49942250869699,72.352583371936,3.61697446619636,0.05719279439088,1.57618192131102e-09,"FABP1"
5783,-1.55852605679968,0.317405149758632,9.09787399992359e-07,-2.18062871883414,-0.936423394765223,0,0,0.481742637559598,0.487634031976267,2.80060810824132e-05,"PTPN13"
213,-7.16626456015287,0.661647479699337,2.45619139879808e-27,-8.46306979082526,-5.86945932948047,0,0,0.600332753785457,0.438451093598639,1.57699183952355e-24,"ALB"
80145,-1.01203991686503,0.37116523131001,0.00639796951818011,-1.73951040254613,-0.284569431183936,0,0,0.22963446041566,0.631795003116175,0.042203435916645,"THOC7"
152926,-1.34895178179663,0.452702730557699,0.00288461211627637,-2.23623282939266,-0.461670734200603,0.199502307305214,37.3027127979254,1.59496534001061,0.206618157279276,0.0227845490121583,"PPM1K"
1776,-2.30985251852975,0.330713810532042,2.85983645501239e-12,-2.95803967636255,-1.66166536069694,0,0,0.889303767830841,0.345666049952752,3.13489227015707e-10,"DNASE1L3"
54502,-0.813940417686979,0.212786603396861,0.000130693131589714,-1.23099449673743,-0.396886338636523,0,0,0.668826943294969,0.413460887131381,0.00187860926782955,"RBM47"
285368,-0.998039246171317,0.331426346056172,0.0026009269801774,-1.64762294796912,-0.348455544373512,0,0,0.14224888535228,0.706055472969246,0.0209488043451206,"PRRT3"
28999,-2.61401290331428,0.533221457568139,9.47198098722238e-07,-3.65910775593179,-1.56891805069678,0.215026115863941,34.8205889250815,1.5342268110563,0.215479182584803,2.90251635569817e-05,"KLF15"
200879,-2.02651015206731,0.719121814104601,0.00483186030253058,-3.43596300820943,-0.617057295925181,0.595481575602855,46.082913350293,1.85469961776103,0.173237788853491,0.0339312356557395,"LIPH"
4043,-0.826645520567991,0.290161845421436,0.00438690329121292,-1.39535228728168,-0.257938753854298,0,0,0.147316217217193,0.701113384482224,0.0313287166713049,"LRPAP1"
149461,-4.78173608936553,1.49913267017023,0.00142436131383625,-7.71998213094655,-1.8434900477845,3.8877519847368,85.4736599509871,6.88404647437642,0.00869684499422398,0.013002480429556,"CLDN19"
51705,-1.64946352533574,0.503739339654486,0.00105872153678902,-2.63677448865452,-0.662152562016954,0.211196451410336,37.0253301128597,1.58794004286508,0.207620691266512,0.0102548437360103,"EMCN"
5364,-1.38905076132657,0.25432502414151,4.71557087376673e-08,-1.88751864901121,-0.890582873641933,0,0,0.913316056709131,0.339236099577161,2.06428708087652e-06,"PLXNB1"
79714,-0.884579383188407,0.296749601238503,0.00287407379623101,-1.4661979140425,-0.302960852334319,0,0,0.105601294492328,0.745208675357355,0.0227279395862655,"CCDC51"
327,-1.21714891948957,0.275209246201058,9.75062315998004e-06,-1.75654913025606,-0.677748708723082,0,0,0.664219557397856,0.41507422136975,0.000211703143423528,"APEH"
63891,-1.16532637614634,0.310147021195371,0.000171732266905871,-1.77320336760165,-0.557449384691035,0,0,0.10878226505955,0.741534791447852,0.00235072706060087,"RNF123"
51368,-0.80937583887429,0.225140362845593,0.000324412417573952,-1.25064284151793,-0.368108836230648,0,0,0.587649169153075,0.44332961289274,0.00394058795148612,"TEX264"
3248,-2.36926090787323,0.461115975099426,2.77527259351199e-07,-3.27303161176418,-1.46549020398229,0.0218879441045298,4.20126808779002,1.04385515344441,0.30692655718865,1.00588710694414e-05,"HPGD"
64399,-1.64426176198018,0.323233010925542,3.63917573002528e-07,-2.27778682200869,-1.01073670195168,0,0,0.23173482726246,0.630240453235416,1.26788130149692e-05,"HHIP"
4338,-0.818610647125555,0.279350130308663,0.00338514132653868,-1.3661268416071,-0.271094452644005,0,0,0.214067871666343,0.643597560556883,0.0258194699465921,"MOCS2"
202151,-4.30458444420891,0.451149007037896,1.4094312699832e-21,-5.18882024966419,-3.42034863875362,0,0,0.176300883570682,0.674571666830137,5.42953194662386e-19,"RANBP3L"
133121,-5.38161596660747,2.02059022318171,0.00773581348127934,-9.34190003155737,-1.42133190165756,7.62860730734016,93.4028073633586,15.157962713502,9.88804217661626e-05,0.0482476410803544,"ENPP6"
2898,-1.12002600953898,0.365498628822238,0.00218123013937964,-1.83639015842934,-0.403661860648622,0,0,0.348906972280997,0.554732519601941,0.0181093140204776,"GRIK2"
23366,-1.07825786133922,0.358273859944615,0.00261599514867553,-1.78046172343281,-0.376053999245623,0,0,0.00229694550149072,0.961774852140225,0.0210450254114511,"MATCAP2"
8645,-2.88452629323863,0.815271705688636,0.000402992174496111,-4.48242947400289,-1.28662311247436,0.945311862956434,66.4144113367784,2.97746753831671,0.084431284382753,0.00466398582723697,"KCNK5"
4982,-1.38239752126513,0.388376993791657,0.000371672243342958,-2.14360244152071,-0.621192601009542,0,0,0.00763067482029189,0.930390343764856,0.00435004935502874,"TNFRSF11B"
1672,-2.91203833749675,0.466974028088732,4.48972972260486e-10,-3.82729061426627,-1.99678606072724,0,0,0.00147145851356182,0.969400975929917,3.23716715774766e-08,"DEFB1"
501,-1.25530689113612,0.257323434681251,1.06991485643354e-06,-1.75965155548952,-0.750962226782726,0,0,0.0558391213506346,0.813197536956062,3.22001384136014e-05,"ALDH7A1"
57462,-1.71218467575784,0.31816182484631,7.38718120025037e-08,-2.33577039371215,-1.08859895780353,0,0,0.397073444530046,0.528604535392936,3.11254262884299e-06,"MYORG"
2203,-4.92991761152472,0.524662833108699,5.64866583739571e-21,-5.95823786844452,-3.90159735460492,0,0,0.781037452629817,0.376824037604212,2.00423582856859e-18,"FBP1"
11244,-0.703357653019508,0.23486667844508,0.00274705644499346,-1.16368788394042,-0.243027422098601,0,0,0.0190883614325513,0.890113464338933,0.0218850081140485,"ZHX1"
9075,-1.58820967001394,0.584103227908411,0.00654684270601461,-2.73303095996802,-0.443388380059868,0,0,0.218244666570157,0.640380661469201,0.0430170956165668,"CLDN2"
84457,-1.57816874127009,0.388868300650865,4.94179009585903e-05,-2.34033660527508,-0.816000877265099,0,0,0.464263991042935,0.495637904615344,0.00083183715184104,"PHYHIPL"
220963,-3.74260137865683,0.452633846955227,1.35658888982933e-16,-4.62974741687288,-2.85545534044077,0,0,0.266352950225999,0.60578880339723,3.10015050874048e-14,"SLC16A9"
51084,-1.61034403748608,0.433335338034424,0.000202272434443373,-2.45966569326204,-0.761022381710116,0.208797831810152,42.9020711580053,1.75137701188299,0.185703716407962,0.0027002368649505,"CRYL1"
222389,-0.663759992508662,0.239492369605565,0.00557937416447843,-1.13315641150772,-0.1943635735096,0,0,0.679698250468023,0.409690649840713,0.0379765758646332,"BEND7"
84858,-1.66605478461429,0.298879391947861,2.48472744605396e-08,-2.25184762855332,-1.08026194067525,0,0,0.426512803492677,0.513705042234144,1.19648500554091e-06,"ZNF503"
10935,-0.754026269606255,0.192041583816862,8.62375486122476e-05,-1.13042085742133,-0.377631681791175,0,0,0.508066560199908,0.475977027291547,0.0013242784989844,"PRDX3"
27069,-0.873184677963842,0.249288245314103,0.000460548863131267,-1.36178066054867,-0.384588695379014,0,0,0.464368363084207,0.495589458120616,0.00522460143698819,"GHITM"
120939,-6.88343649016894,1.42000482050697,1.25043395262857e-06,-9.66659479623587,-4.10027818410201,3.58067290693719,88.6694965294071,8.82573314235676,0.00297012041500503,3.66513064854151e-05,"TMEM52B"
145376,-1.48504221761242,0.560406697831185,0.00805068776379842,-2.58341916205657,-0.38666527316828,0,0,0.723595973582234,0.394966891865593,0.0497467566999514,"PPP1R36"
55088,-0.878131334452589,0.254009519555751,0.000546061879958952,-1.37598084451218,-0.380281824392995,0.018196880977091,4.3540825246737,1.0455229312406,0.306540453934673,0.00607471314149055,"CCDC186"
6297,-1.03433767752986,0.388358528945394,0.00773651264672004,-1.79550640735179,-0.273168947707934,0,0,0.410386495906917,0.521773400478141,0.0482476410803544,"SALL2"
118471,-2.87431579551441,0.597395650250362,1.4986872936655e-06,-4.045189754526,-1.70344183650281,0,0,0.125207546628091,0.723453710127722,4.29931931499829e-05,"PRAP1"
259217,-0.86012997654699,0.266908277813576,0.00127047169140561,-1.38326058823721,-0.33699936485677,0,0,0.484024059459197,0.486605214828483,0.0118627214786855,"HSPA12A"
26287,-4.81194476932906,0.591525101116047,4.12582254320061e-16,-5.97131266346793,-3.6525768751902,0,0,0.0396469243309603,0.842172510691052,8.57911034798902e-14,"ANKRD2"
120071,-2.12398974958896,0.746509395093751,0.00443795851053019,-3.58712127809349,-0.660858221084426,0.625922966111033,53.5401502709701,2.15239611370323,0.142347583862372,0.0315944198687948,"LARGE2"
29763,-1.55343681620048,0.3904227682791,6.92470362009179e-05,-2.31865138077194,-0.788222251629015,0,0,0.021056571503175,0.884624949581716,0.001107541861325,"PACSIN3"
79789,-1.06820717216481,0.222010044090725,1.49781998994295e-06,-1.50333886278878,-0.633075481540837,0,0,0.307400811308451,0.579279548264153,4.29931931499829e-05,"CLMN"
4745,-7.39822431319663,2.43717242658115,0.00240075995488518,-12.1749944934098,-2.6214541329835,10.4755153027908,87.1315532613112,7.77094563397083,0.00530932472918139,0.0196178463464951,"NELL1"
170689,-2.22869002992708,0.512199338342645,1.3538450935875e-05,-3.23258228598391,-1.22479777387025,0.0710592942266158,11.2265172798014,1.12646250812515,0.288531152029487,0.000277837038003657,"ADAMTS15"
84706,-1.72197543164722,0.457855283211759,0.00016926246015902,-2.61935529687365,-0.824595566420781,0.134450157434375,27.223364342548,1.37406736511817,0.241114281549371,0.00232836047913082,"GPT2"
81693,-2.21321820056495,0.478484618029814,3.73742537363936e-06,-3.15103081905979,-1.27540558207011,0,0,0.512501105381872,0.474058146560802,9.43664912224336e-05,"AMN"
55323,-1.05149617557645,0.265875293319804,7.65835618481177e-05,-1.57260217486229,-0.530390176290614,0,0,0.521837609541222,0.470058861027948,0.00120346872307479,"LARP6"
196446,-1.51871343076832,0.465736941267295,0.0011106606333117,-2.43154106192207,-0.605885799614577,0,0,0.100333405441617,0.751429900773897,0.0106659809963972,"MYRFL"
6609,-1.15184599456714,0.324087696091435,0.000379248655054846,-1.78704620673892,-0.516645782395369,0,0,0.00681712569195235,0.934196726877228,0.00441572505708505,"SMPD1"
9710,-1.40150591043156,0.421930497607226,0.000894865083407542,-2.22847448972078,-0.574537331142331,0,0,0.472677646305335,0.491757898349437,0.00893076677985485,"GARRE1"
115811,-1.2884040202955,0.364725975147848,0.000411609620044177,-2.00325379581153,-0.573554244779467,0,0,0.420668733326122,0.516603547841027,0.00473931042447108,"DRC10"
201161,-0.961859804789497,0.353127091935395,0.00645288064273044,-1.65397618694824,-0.269743422630758,0,0,0.426296526061331,0.513811804480585,0.0424617812132428,"CENPV"
144100,-1.31236779847613,0.317832265040957,3.64153141166987e-05,-1.9353075910812,-0.689428005871067,0,0,0.430383600248237,0.511800781471104,0.00064774100294914,"PLEKHA7"
100128252,-1.360404024759,0.348053053316236,9.28282593664641e-05,-2.04257547396802,-0.678232575549973,0,0,0.257804617725876,0.611632439299394,0.0014078778639348,"ZNF667-AS1"
6340,-7.20943994370573,1.6218649970685,8.78288629185644e-06,-10.3882369257461,-4.03064296166531,4.15408586080081,78.9472727423797,4.74997841259752,0.0292986619551136,0.000194130583398525,"SCNN1G"
89797,-1.56397770709887,0.371536506171027,2.55952343808207e-05,-2.29217587813593,-0.835779536061818,0.0759997473767724,16.7391009986802,1.20104396180511,0.273113123773164,0.000482658105114133,"NAV2"
92292,-3.9488056312013,0.395921295356925,1.98658856500186e-23,-4.72479711081331,-3.17281415158928,0,0,0.951594382015786,0.329313792890298,8.64037858771615e-21,"GLYATL1"
54893,-0.910602897861986,0.296196879116559,0.00210985601264745,-1.49113811326361,-0.330067682460367,0,0,0.356478325243559,0.55046861868894,0.0176580934938085,"MTMR10"
374864,-1.27767862868681,0.3403140141778,0.000173749667673704,-1.94468183990955,-0.610675417464071,0,0,0.61417161130492,0.433221434324032,0.00237352256255781,"CCDC178"
7008,-1.06706521002282,0.342413224495446,0.00183130638056223,-1.73818279786412,-0.395947622181519,0,0,0.171301008085983,0.678958139606184,0.0158583840264101,"TEF"
5245,-0.816524079936172,0.271998350085586,0.00268260661385038,-1.34963104995824,-0.283417109914106,0.0413808009312407,12.5093041694529,1.14297867962647,0.285023796271261,0.0214783758756203,"PHB1"
26995,-0.652012948790459,0.241353302522186,0.00690300588034674,-1.12505672928374,-0.178969168297175,0,0,0.296150822216671,0.586305633196307,0.0447682675732155,"TRUB2"
64122,-0.990770283917169,0.288857578752275,0.000603667591166621,-1.55692073493307,-0.424619832901268,0,0,0.949630182175467,0.329813449117619,0.00656674734519907,"FN3K"
762,-4.21087564031373,1.26382502488825,0.000862706855611167,-6.68792717185514,-1.73382410877233,2.69768678824171,84.0970945851329,6.28815913767011,0.0121547228852765,0.00869998244891949,"CA4"
55295,-0.750381354198593,0.252154744979793,0.00292152585948701,-1.24459557288987,-0.256167135507318,0,0,0.00805127215928589,0.928502664462101,0.022968474147792,"KLHL26"
359,-10.5640984061768,0.808902465747645,5.58798408725126e-39,-12.1495181060478,-8.97867870630578,0.770919001440611,58.6692816647591,2.41950791149774,0.119832568274144,9.41784868105109e-36,"AQP2"
2819,-2.97829308328806,0.539515446277857,3.38400087928309e-08,-4.03572392709571,-1.92086223948041,0,0,0.605590670605661,0.43645284733721,1.58425291164493e-06,"GPD1"
2875,-2.53543109792098,0.472468168641982,8.03445076916228e-08,-3.46145169230086,-1.6094105035411,0,0,0.124752709418702,0.723935887332737,3.35843995009658e-06,"GPT"
124935,-2.05488366074131,0.759264540642176,0.00680143370164961,-3.54301481513832,-0.566752506344295,0.759561078654923,62.1324747097867,2.64078519083592,0.104152056976921,0.0442799278606189,"SLC43A2"
124936,-1.56885354767588,0.349670036779215,7.23454972248471e-06,-2.25419422623594,-0.883512869115825,0,0,0.834123175442414,0.361082973089791,0.000164769314034225,"CYB5D2"
3816,-6.3314759561255,0.606327150742604,1.58841399826194e-25,-7.51985533442979,-5.1430965778212,0,0,0.678005745604735,0.410274285391312,7.6487806923449e-23,"KLK1"
4723,-0.8212785938879,0.305278615769733,0.00713965481083314,-1.41961368604682,-0.222943501728981,0,0,0.269279296100436,0.603815636694884,0.0457963681324754,"NDUFV1"
55867,-2.2201232205065,0.476487976748248,3.17212793485801e-06,-3.15402249399942,-1.28622394701357,0,0,0.250265223997562,0.616888386988064,8.11455955163203e-05,"SLC22A11"
55788,-0.673580140716358,0.230945014244542,0.00353840227555768,-1.12622405104475,-0.220936230387966,0,0,0.892941522533488,0.344681426143576,0.0266229229248572,"LMBRD1"
132158,-1.70577776720532,0.416002637932499,4.12434271168168e-05,-2.52112795502668,-0.89042757938397,0.100066693867449,22.6184357445449,1.29229747372224,0.255624986858037,0.000718456237488425,"GLYCTK"
2299,-7.5039386057826,1.81786114226537,3.66100355698615e-05,-11.0668809735176,-3.94099623804763,5.24489955983111,78.0857903320108,4.56324921204314,0.0326650459302501,0.000650346652949201,"FOXI1"
5162,-0.981771785128489,0.204900319469154,1.65571628262033e-06,-1.38336903170878,-0.580174538548196,0,0,0.733792465703002,0.391656658049832,4.65083804970206e-05,"PDHB"
54899,-0.87603973593584,0.320471965206721,0.00626475385588618,-1.50415324579579,-0.247926226075893,0.0408770506643972,9.10413661795354,1.1001600763688,0.294230976921361,0.0415892054352109,"PXK"
200845,-1.41874146667876,0.321879573303288,1.04484794879812e-05,-2.04961383771233,-0.787869095645198,0,0,0.0579924266211415,0.809697598324167,0.000225042889674841,"KCTD6"
8309,-2.51677704078133,0.77155669852021,0.00110649837855754,-4.02900038191157,-1.00455369965109,0.852976144516735,69.1891489051576,3.24560979156916,0.0716150370080211,0.0106411680728184,"ACOX2"
84289,-0.63802877169069,0.200671720378367,0.00147547033904895,-1.03133811634798,-0.244719427033399,0,0,0.00168457511212517,0.967261156669709,0.0132890892327301,"ING5"
6338,-5.72175201735246,0.458724320637598,1.04565330288211e-35,-6.62083516463476,-4.82266887007017,0,0,0.557470755379846,0.455281112423009,1.40985434827595e-32,"SCNN1B"
83657,-1.06714650898948,0.368685724142902,0.00379809893597724,-1.78975724992363,-0.344535768055322,0,0,0.00062656422390844,0.980030025610071,0.0279726614775006,"DYNLRB2"
157638,-0.878521969901727,0.266582914995724,0.000982493615455816,-1.40101488218705,-0.356029057616406,0,0,0.00527076477350745,0.942124400560133,0.00964692103966283,"LRATD2"
9122,-1.49462764367963,0.339705081131235,1.08360646088208e-05,-2.16043736806211,-0.828817919297157,0,0,0.0134977085704975,0.90751017301263,0.000231908982731318,"SLC16A4"
9836,-0.794846420058956,0.2684652063586,0.00306935253299248,-1.32102855562393,-0.268664284493985,0,0,0.400401250867424,0.526882106966982,0.0238800231981175,"LCMT2"
3954,-0.897014619042243,0.333616331234251,0.0071717721373104,-1.55089061291576,-0.243138625168725,0,0,0.190282897382155,0.662681268743091,0.0459084530420124,"LETM1"
54951,-0.84488061855126,0.253471887034291,0.00085843312231818,-1.34167638823188,-0.348084848870645,0,0,0.327719715531559,0.56700489720644,0.00866336361393414,"COMMD8"
1285,-2.36929808168092,0.641996877145277,0.000223801893071857,-3.62758883907285,-1.111007324289,0.450261490530949,46.7548248017292,1.87810444096816,0.170549746864035,0.00293056535923053,"COL4A3"
7369,-10.5786119343522,0.63078719042902,4.0116890636244e-63,-11.8149321095023,-9.34229175920209,0.447765377961433,54.5325431322952,2.19937526505973,0.138066683596783,1.80298678816159e-59,"UMOD"
4881,-0.901308827500681,0.242251876973982,0.000198793906507372,-1.37611378155691,-0.426503873444448,0,0,0.334525848586568,0.563006179178219,0.00265643036812577,"NPR1"
143662,-7.71187950989447,0.673678006624127,2.4223019997528e-30,-9.03226414005449,-6.39149487973444,0,0,0.683112140326222,0.408517125394614,1.92117046250983e-27,"MUC15"
2705,-2.65282199357428,0.512274798892917,2.23660817475518e-07,-3.65686214959189,-1.64878183755666,0.274550136442352,45.637480712778,1.83950268146431,0.175009247203671,8.30748981273391e-06,"GJB1"
2873,-0.603514685296893,0.196521967748806,0.00213358704302044,-0.988690664255495,-0.21833870633829,0,0,0.0352024230289065,0.851172126304978,0.0178014567456959,"GPS1"
51181,-2.91757539225644,0.375154607225344,7.42677163952041e-15,-3.65286491105238,-2.18228587346049,0,0,0.0512511146103699,0.820900367839793,1.3138582906267e-12,"DCXR"
4648,-2.03863743329488,0.474022701888422,1.70246461521315e-05,-2.96770485685055,-1.1095700097392,0.0107770317629598,2.22844145891501,1.02279232828204,0.311857575511146,0.00034056870039939,"MYO7B"
866,-2.70633429558426,0.563673639618741,1.57683533447268e-06,-3.8111143282716,-1.60155426289692,0,0,0.0647755892617376,0.799101201400468,4.45712176408704e-05,"SERPINA6"
57484,-1.81600974347733,0.416535387465344,1.30183139373401e-05,-2.63240410119584,-0.999615385758819,0,0,0.250513923656588,0.616713440291645,0.000270039887411011,"RNF150"
9121,-1.65949378988403,0.353373349084044,2.65112589817463e-06,-2.35209282718505,-0.966894752582999,0,0,0.504389527786434,0.477577725355368,6.95430554184601e-05,"SLC16A5"
7314,-0.973029844227122,0.362840819402166,0.00732493449552946,-1.68418478237637,-0.261874906077875,0,0,0.0649777237943941,0.798794709712371,0.0464772477188651,"UBB"
2018,-1.44441269908801,0.309989562566723,3.16897278566484e-06,-2.05198107730211,-0.836844320873906,0,0,0.144856415853137,0.70350002683867,8.11455955163203e-05,"EMX2"
10446,-1.85530269831871,0.490805153649512,0.000156752379426761,-2.8172631228984,-0.89334227373902,0,0,0.238629709699852,0.625197566975423,0.0021833598469122,"LRRN2"
55890,-0.726212947517754,0.259485376064838,0.00513141562823344,-1.23479493911967,-0.217630955915841,0,0,0.259339681479001,0.61057416572327,0.0355716590825046,"GPRC5C"
4255,-0.706580817891239,0.248354865685696,0.00444051217469155,-1.19334741002049,-0.219814225761992,0,0,0.539847413203822,0.462495970239357,0.0315944198687948,"MGMT"
9963,-2.07176538889353,0.472693369623283,1.17112584966714e-05,-2.99822736908604,-1.14530340870101,0,0,0.529865948216118,0.466663223081753,0.000247109387027576,"SLC23A1"
164832,-0.99786274124684,0.333220130286945,0.00274800257636165,-1.650962195533,-0.344763286960683,0,0,0.874736719691124,0.349647313441306,0.0218850081140485,"LONRF2"
53343,-1.32849102150545,0.299283858770725,9.04199520992103e-06,-1.91507660585025,-0.741905437160662,0,0,0.0261863010991777,0.871446170435564,0.000198232880350187,"NUDT9"
153572,-4.38733467103449,1.00512184294807,1.27135588362017e-05,-6.35733728328723,-2.41733205878175,1.34813943319029,63.7397870597466,2.75784370502104,0.0967786009029715,0.000265351259734532,"IRX2"
1056,-2.87988056528859,0.486899282507916,3.32408928081418e-09,-3.8341856231025,-1.92557550747468,0,0,0.661675408567342,0.415969083474265,2.04651578873139e-07,"CEL"
2850,-2.01784308556592,0.525321130707209,0.000122453718905198,-3.04745358206991,-0.988232589061933,0,0,0.176942950864159,0.674013690782121,0.00178491188324193,"GPR27"
11162,-1.11145228822505,0.276082768840747,5.67834419841529e-05,-1.65256457190501,-0.570340004545087,0.00361775719649161,0.80435117423885,1.0081087344431,0.315356354392146,0.000937100548680947,"NUDT6"
90161,-5.43919331403613,0.450306400136562,1.36580715321743e-33,-6.32177764031167,-4.55660898776058,0,0,0.82841906200965,0.362730072393981,1.15094861542692e-30,"HS6ST2"
4534,-0.712655809745138,0.225155968315574,0.00154994983418837,-1.1539533985479,-0.271358220942372,0,0,0.529809351198587,0.466687023216751,0.0138305583152626,"MTM1"
2525,-4.67779540496361,0.592485612127128,2.89838294407927e-15,-5.83904586609094,-3.51654494383627,0,0,0.23915718348627,0.624815504966888,5.42762461597511e-13,"FUT3"
155066,-1.06596213968781,0.376664402108712,0.00465472773145586,-1.8042108020792,-0.327713477296423,0,0,0.0460150728237332,0.830148401371038,0.0329620241613547,"ATP6V0E2"
79801,-1.06580373398394,0.333173763917289,0.00137932646541142,-1.71881231185548,-0.412795156112402,0,0,0.828445088582513,0.362722533513499,0.0126685686193066,"SHCBP1"
25928,-5.68615707989711,1.93853935119425,0.00335469052910663,-9.48562439085148,-1.88668976894274,6.12783810326552,80.480375314283,5.12304932139255,0.0236100936531877,0.0256995979567867,"SOSTDC1"
1184,-2.63014676416724,0.950864069113867,0.00567381498785866,-4.49380609382362,-0.766487434510855,1.50711650459485,81.7241234875842,5.47169378891703,0.0193268858535477,0.0385196613702409,"CLCN5"
27115,-1.75811937711839,0.347667887330484,4.26141715710649e-07,-2.43953591486727,-1.07670283936951,0,0,0.2335233114099,0.628923563690386,1.43641718823167e-05,"PDE7B"
9,-0.907173418765092,0.304902751305869,0.00292713840584277,-1.50477183011177,-0.309575007418417,0,0,0.482337407430456,0.487365470419805,0.0229738672301748,"NAT1"
2110,-0.888277547309937,0.302953562488405,0.00336723386491166,-1.48205561877532,-0.294499475844558,0,0,0.643632537685254,0.422398455608132,0.0257371962588458,"ETFDH"
4135,-1.73911609002174,0.310089406418492,2.04165071034031e-08,-2.34688015858939,-1.1313520214541,0,0,0.629725108276928,0.42745616390246,1.00465607764666e-06,"MAP6"
10243,-1.83329893759188,0.416599672680347,1.07939522003308e-05,-2.64981929201654,-1.01677858316722,0.135314793210221,22.3326907109921,1.28754299479965,0.256501239599803,0.000231374972205183,"GPHN"
5053,-7.06711452891633,2.01885474556054,0.00046428830218419,-11.0239971202328,-3.1102319375999,7.55161542968276,92.6401990717143,13.587324028789,0.000227718016124247,0.00525608663169558,"PAH"
2628,-4.14986746319347,1.08377013752693,0.000128611185033487,-6.27401790026627,-2.02571702612066,1.94227083498931,82.3790292664633,5.67505624475486,0.0172077881415359,0.00185263312799841,"GATM"
83660,-1.84034084120724,0.2112189369323,2.9605730847713e-18,-2.25432235044739,-1.4263593319671,0,0,0.912879867751889,0.339351458010209,8.1464095718309e-16,"TLN2"
4118,-5.01941144794125,1.56474020279923,0.00133743237078189,-8.08624589058964,-1.95257700529285,4.49021121317289,91.4609401896329,11.7108911543858,0.000621353561358637,0.012376527560228,"MAL"
10869,-0.793607629061865,0.294005668962881,0.00694868374930353,-1.36984815147972,-0.217367106644013,0,0,0.534974755649671,0.464522845095535,0.044913280437133,"USP19"
94103,-0.858298093647332,0.28796992449699,0.00287766056024227,-1.42270877429215,-0.293887413002512,0,0,0.0546827342794876,0.815106557567,0.0227429644394763,"ORMDL3"
257194,-1.31298283749492,0.35502311729599,0.000217046241380615,-2.0088153610742,-0.617150313915638,0,0,0.723064669536391,0.395140478259805,0.0028578461645848,"NEGR1"
8801,-2.26450594202249,0.621387612679885,0.000268148944423537,-3.48240328331439,-1.04660860073059,0.496467635147459,58.569624663442,2.41368800518107,0.12027870362495,0.00336321136526749,"SUCLG2"
9854,-0.846998509285668,0.262446748579828,0.00124957514019207,-1.36138468436177,-0.332612334209568,0,0,0.0337484941406525,0.854242821159709,0.0117081456672756,"C2CD2L"
9915,-2.12155136771361,0.316712597295627,2.10333157284604e-11,-2.74229665186318,-1.50080608356404,0,0,0.000414005587720618,0.983766461439837,1.95580824804712e-09,"ARNT2"
189,-5.19198828574683,0.477231479398655,1.4452388435346e-27,-6.12734479765696,-4.25663177383669,0,0,8.25501753941694e-05,0.992750749845142,9.74307766368848e-25,"AGXT"
5017,-2.00956582430492,0.523870494704633,0.00012505576078376,-3.03633312648918,-0.982798522120662,0,0,0.000378063688254463,0.984487021862721,0.00180986507487091,"OVOL1"
57546,-1.48982897141876,0.290680515039268,2.97041966685225e-07,-2.05955231190328,-0.92010563093424,0,0,0.950936148382132,0.329481123233076,1.06516405234492e-05,"PDP2"
116535,-2.43927071540451,0.462604254137688,1.34277235222041e-07,-3.34595839260939,-1.53258303819963,0,0,0.245175756821164,0.620492649288349,5.2629650072639e-06,"MRGPRF"
130,-3.16426874232583,0.917138091370493,0.000560264386202476,-4.9618263702618,-1.36671111438986,1.10863390812433,62.6932773149608,2.68048203655536,0.10158497469549,0.00619183993374425,"ADH6"
2745,-0.681319126068218,0.224528883188584,0.00240983745550847,-1.12138765060684,-0.241250601529593,0,0,0.122872983465554,0.725939157547902,0.0196800959494977,"GLRX"
10655,-6.41699141138617,1.55099076539336,3.51340209844924e-05,-9.45687745191137,-3.37710537086096,3.84689967606609,78.6806623669702,4.69057724593991,0.0303284570713285,0.000629099608145963,"DMRT2"
79625,-3.04177703648467,0.492061073457372,6.34124218888152e-10,-4.00619901865524,-2.07735505431411,0,0,0.0857186837347227,0.769692202325371,4.49994570698366e-08,"NDNF"
4485,-1.36103597748055,0.41945053695503,0.00117530311970487,-2.1831439232084,-0.538928031752709,0,0,0.440644794629467,0.506811404551106,0.0111517325566367,"MST1"
92597,-1.48702652457425,0.353922498502097,2.65082260820233e-05,-2.1807018749568,-0.793351174191714,0,0,0.228648651506335,0.632527648323599,0.000496872515704822,"MOB1B"
27284,-1.35743170429113,0.430974492426088,0.0016344943071143,-2.20212618770169,-0.51273722088057,0,0,5.12226154562517e-06,0.9981941961869,0.0144661392599298,"SULT1B1"
11163,-1.17411563621359,0.218973084239891,8.23430985763969e-08,-1.60329499490743,-0.744936277519744,0,0,0.0136298788567231,0.907060487114813,3.41609845570941e-06,"NUDT4"
5091,-1.76658522012828,0.39136867177195,6.36568454467264e-06,-2.53365372147858,-0.999516718777982,0,0,0.0656446600689444,0.797787035988645,0.000149007855409412,"PC"
7388,-1.1409074477174,0.306471123153755,0.000197084818030421,-1.7415798114003,-0.540235084034502,0,0,7.69902729204749e-05,0.99299912346997,0.00264144592594848,"UQCRH"
56667,-3.71270826412212,0.75764014727448,9.56619813053474e-07,-5.19765566602173,-2.22776086222252,0,0,0.0119252451166206,0.913041662796914,2.9193864516982e-05,"MUC13"
1267,-0.958637580560941,0.262347730264686,0.00025811350855401,-1.47282968330555,-0.444445477816327,0,0,0.137964996359253,0.710312521201022,0.00327081243969335,"CNP"
3728,-1.28334042815162,0.270569601418566,2.10465577146346e-06,-1.81364710224336,-0.753033754059869,0,0,0.0226893265208684,0.88026777911603,5.75599873562715e-05,"JUP"
81033,-2.79247128499368,0.769308394318242,0.000283589952991905,-4.30028803086177,-1.28465453912558,0.671406471351725,56.2426176020547,2.28532865815793,0.130602473801748,0.00352020961195012,"KCNH6"
6712,-3.63710870125446,0.96949358116923,0.000175741037865916,-5.53728120358891,-1.73693619892001,1.5085875114917,78.9265286157913,4.74530266878263,0.0293783852002433,0.00239426479429289,"SPTBN2"
80311,-0.648444227462553,0.222502450205644,0.00356459756884767,-1.08454101633753,-0.212347438587574,0,0,0.381814045974786,0.536633985127179,0.0267901165110218,"KLHL15"
23051,-1.05009496083495,0.23069291975526,5.31593767700107e-06,-1.50224477504365,-0.597945146626257,0,0,0.167091503688972,0.682709722854161,0.000127535209428835,"ZHX3"
340024,-7.60035561736121,1.93262674656731,8.40125234622425e-05,-11.388234436192,-3.81247679853048,6.66244920633541,89.187901000409,9.24889792479541,0.00235637190831827,0.00129274517374729,"SLC6A19"
148808,-3.62993163595699,0.437827395948065,1.12506011444708e-16,-4.48805756346016,-2.77180570845383,0.175053851912216,28.8646424255936,1.40577068014878,0.235759755163404,2.61537681432586e-14,"SLC60A1"
133022,-1.5150916740441,0.403283835347842,0.000172040345049805,-2.30551346687305,-0.724669881215149,0,0,0.21960071751844,0.639344320113851,0.00235255575284638,"TRAM1L1"
3177,-1.86240509836236,0.696957539019034,0.00753572796131775,-3.22841677359334,-0.496393423131387,0.340218029122759,31.4427930828948,1.45863585313377,0.227147295538568,0.0473686750844873,"SLC29A2"
51574,-0.890009566210366,0.3216064991721,0.00565076737832872,-1.52034672178169,-0.259672410639039,0,0,0.335273012426836,0.562570520564948,0.0383825171597008,"LARP7"
9662,-0.745287795961003,0.278462294722634,0.00744087503978721,-1.29106386466974,-0.199511727252263,0,0,0.516846824661398,0.472189844950172,0.0469687819107917,"CEP135"
5174,-1.74138078085802,0.485519793071974,0.000334976653639703,-2.69298208906043,-0.789779472655615,0.182865964007759,34.9184342263175,1.53653340713628,0.215134539005527,0.00402898324801438,"PDZK1"
28,-2.0404246115146,0.467796047612947,1.29007087118186e-05,-2.95728801694616,-1.12356120608304,0,0,0.291866810736156,0.589026710255763,0.00026842632031088,"ABO"
5095,-2.46121582304402,0.80622102338908,0.00226731714439602,-4.04137999246564,-0.8810516536224,0.973544555772424,72.9560505677416,3.69768477235497,0.0544880254735884,0.0186968624072293,"PCCA"
378708,-1.7101252206301,0.43487588393718,8.40864434752184e-05,-2.56246629089199,-0.857784150368207,0,0,0.78808326739937,0.374680333295756,0.00129274517374729,"CENPS"
254295,-2.20493039218068,0.806775834348863,0.00627574894404359,-3.7861819711017,-0.623678813259654,0.882877929309627,64.638974327853,2.82797226888041,0.09263525518832,0.0416219172766642,"PHYHD1"
4023,-1.75887316037757,0.437129358055194,5.72932473236283e-05,-2.61563095875086,-0.902115362004272,0,0,0.301747327831646,0.582789071170641,0.00094205469959083,"LPL"
146691,-1.4043994792536,0.329056905210548,1.97274679898255e-05,-2.04933916233048,-0.759459796176712,0,0,0.109377150369276,0.740854358390745,0.000386606760038979,"TOM1L2"
7025,-1.06966965900664,0.366020483697056,0.00347310410686608,-1.7870566246568,-0.352282693356476,0,0,0.0483000351794588,0.826048190025598,0.0262930166607947,"NR2F1"
3234,-1.79647459316271,0.278400049615786,1.09763825474891e-10,-2.34212866370382,-1.25082052262161,0,0,0.637450800588233,0.424635409455214,8.86195005316139e-09,"HOXD8"
379,-2.20234809549254,0.386331872187117,1.19341838638116e-08,-2.95954465105922,-1.44515153992586,0,0,0.23029148504624,0.631307780921004,6.46219281268159e-07,"ARL4D"
3291,-3.54978037674533,0.398556683629642,5.26269530684973e-19,-4.33093712245715,-2.76862363103351,0,0,0.557940369484308,0.455091291316817,1.57682046271677e-16,"HSD11B2"
63951,-1.1574078072538,0.34625474824138,0.000829830338512032,-1.83605464328289,-0.47876097122471,0,0,0.326005740404344,0.568020572781863,0.0084506060832007,"DMRTA1"
155382,-0.943105445422032,0.355835518781679,0.00803972012958432,-1.64053024665425,-0.245680644189816,0,0,0.206853400398049,0.649244935350599,0.0497245626179749,"VPS37D"
222171,-1.87586339863449,0.454908070364822,3.72980459123395e-05,-2.76746683282616,-0.984259964442828,0,0,0.0827486875684541,0.773606463517093,0.000660827270743854,"PRR15"
2788,-0.756350948953408,0.279425499536073,0.00679337012035274,-1.30401486440623,-0.20868703350059,0,0,9.58671045089192e-05,0.992187897593567,0.0442487967790898,"GNG7"
51115,-0.763718583343607,0.225118396350304,0.000692529644553031,-1.20494253244762,-0.322494634239598,0,0,0.34529409877632,0.55678919203124,0.00731448141298373,"RMDN1"
220441,-2.66743810162997,0.820663435270783,0.00115265671341425,-4.27590887818962,-1.05896732507032,0.986277391642298,70.7740700558569,3.42161909616293,0.0643478740741426,0.0109832300119889,"RNF152"
5827,-1.58344057305801,0.400173541822535,7.59335520997052e-05,-2.36776630259601,-0.799114843520009,0,0,0.827761107283309,0.362920728106631,0.00119464653787669,"PXMP2"
56892,-1.39544829914878,0.372658433753712,0.000180697762875021,-2.12584540784117,-0.665051190456403,0,0,0.487266160147505,0.485149348818234,0.00244300597578752,"TCIM"
6470,-2.21698034823983,0.498887378894173,8.83634940492658e-06,-3.19478164321399,-1.23917905326566,0.253141638520165,42.8420283883476,1.74953724179417,0.185934918091826,0.000194356442131525,"SHMT1"
440556,-5.62470281052278,0.333630637880561,8.99915157701498e-64,-6.27860684490781,-4.97079877613776,0,0,0.822779449565052,0.364368771454826,6.06677803564465e-60,"PRDM16-DT"
124903827,-5.62470281052278,0.333630637880561,8.99915157701498e-64,-6.27860684490781,-4.97079877613776,0,0,0.822779449565052,0.364368771454826,6.06677803564465e-60,"LOC124903827"
125170,-0.993571411141339,0.362197185788667,0.00608476616453039,-1.70346485058889,-0.283677971693789,0,0,0.000178460690624765,0.989341442587211,0.0406880907315738,"MIEF2"
266812,-1.10395781856163,0.367477274069175,0.00266321685746446,-1.82420004087417,-0.383715596249097,0,0,0.535951882076426,0.464115256855027,0.0213611855378902,"NAP1L5"
255082,-0.924427593092894,0.310908515084724,0.00294606134112461,-1.53379708514578,-0.315058101040007,0,0,0.0527012861717982,0.81842778051478,0.0230862461905369,"CASC2"
3766,-6.39572746513203,1.92239988936856,0.000878022651158503,-10.1635620121782,-2.62789291808586,6.9349843495056,93.6269121432868,15.6909809260927,7.45789448650404e-05,0.00882802341951536,"KCNJ10"
92949,-0.816516684780602,0.256559438523456,0.00145977541061922,-1.31936394418039,-0.313669425380812,0,0,0.491828184149488,0.483112924857981,0.0132094978935429,"ADAMTSL1"
259173,-1.56211545724879,0.421105502976734,0.000207621061308994,-2.38746707677481,-0.736763837722768,0,0,0.17798178525444,0.673113430045871,0.00276070490101496,"ALS2CL"
25915,-1.01236925980678,0.286084436160171,0.000402090486522496,-1.57308445121816,-0.451654068395394,0,0,0.0468319719199803,0.828670542262895,0.00465754813555224,"NDUFAF3"
63917,-1.05609623385719,0.344049581311117,0.00214342216054513,-1.73042102212306,-0.38177144559131,0,0,0.207805668662894,0.648492761753977,0.0178724557765183,"GALNT11"
2731,-2.68781342303175,0.428863322860235,3.67371232623856e-10,-3.52837009012799,-1.84725675593552,0,0,0.167266651972095,0.68255253371741,2.7792504787827e-08,"GLDC"
79861,-4.73916064468,1.04490431457485,5.74679272391259e-06,-6.78713546853722,-2.69118582082277,1.2472059321017,54.768138670791,2.21083097315351,0.137044833964764,0.000137139834153121,"TUBAL3"
54681,-0.799224337761979,0.2579934280503,0.00194931603563815,-1.30488216498859,-0.293566510535366,0,0,0.0186450544995174,0.891388954933704,0.016634574752221,"P4HTM"
55175,-1.27883394083673,0.300828868387802,2.12785249350797e-05,-1.86844768838676,-0.689220193286699,0,0,0.793564685179373,0.373024414852469,0.000411029157162866,"KLHL11"
788,-0.97088626353007,0.267770636455225,0.000288053719174648,-1.49570706709968,-0.446065459960461,0,0,0.713687914460144,0.398222225602164,0.00356064748674719,"SLC25A20"
9852,-0.522402808086078,0.174804549837465,0.00280353592132055,-0.865013430101246,-0.17979218607091,0,0,0.0368096073572542,0.847853202178471,0.0222615281667639,"EPM2AIP1"
2066,-5.00341283904078,1.67062174171951,0.00274498314780622,-8.2777712846006,-1.72905439348096,4.9290750664437,87.5605854698601,8.03896355071266,0.00457817243360373,0.0218850081140485,"ERBB4"
79818,-1.13763933423781,0.339795027641339,0.000813921868885495,-1.80362535054063,-0.471653317934998,0,0,0.914588814149346,0.338899795824796,0.0083389882660966,"ZNF552"
127707,-1.15733566009088,0.431063878948779,0.00725654842249878,-2.00220533786662,-0.312465982315141,0,0,0.99531203815525,0.318447522530143,0.0462163639020081,"KLHDC7A"
285343,-0.805070818705939,0.236899793717911,0.000677911123842496,-1.26938588233801,-0.340755755073865,0,0,0.489040766375451,0.484355508862705,0.00719706746674675,"TCAIM"
55600,-3.95164111407441,0.770592832725757,2.9275357780374e-07,-5.46197531296159,-2.44130691518723,0,0,0.00190656624933064,0.965172040760033,1.05258573054076e-05,"ITLN1"
66004,-1.39142579195425,0.378468524630023,0.000236489489845619,-2.1332104695111,-0.649641114397389,0,0,0.244714155644605,0.620821844612531,0.00306300460287078,"LYNX1"
223082,-0.590579304744203,0.208555075064555,0.00462916190025011,-0.999339740663778,-0.181818868824628,0,0,0.412243674903657,0.520832895838094,0.0327982080405004,"ZNRF2"
284071,-2.10481096699254,0.457059805925234,4.12246661209459e-06,-3.00063172538686,-1.20899020859821,0,0,0.219002711603769,0.639800854912725,0.000102741621683681,"MEIOC"
222166,-2.30176644785316,0.315788180731438,3.12363885061801e-13,-2.9206999088302,-1.68283298687611,0,0,0.669539304758339,0.413212272462995,4.04961755989256e-11,"MTURN"
1582,-1.49623459738759,0.523612731569925,0.00426963812740947,-2.52249669311128,-0.469972501663895,0,0,0.0519725521567579,0.819665758546728,0.030717952069958,"CYP8B1"
2619,-2.12384102090735,0.380415181339534,2.36465293826356e-08,-2.86944107550511,-1.37824096630959,0,0,0.0560060380288698,0.812923712084714,1.14685667505782e-06,"GAS1"
3753,-1.2756001417658,0.437930488677113,0.00358213856284222,-2.13392812730496,-0.417272156226628,0,0,0.70988341919703,0.399482516610706,0.0268919678412036,"KCNE1"
6752,-1.894135232098,0.373552646711855,3.9656804106694e-07,-2.62628496598285,-1.16198549821314,0,0,0.0907302774660405,0.763250803912072,1.36054119534492e-05,"SSTR2"
146802,-5.31046263021813,1.74354989516948,0.0023208057446804,-8.7277576299989,-1.89316763043737,5.50914546907837,90.6006639360938,10.6390493243458,0.00110724577187837,0.0190510297199793,"SLC47A2"
55432,-0.921321960471476,0.236902221898693,0.000100641980281263,-1.38564178325043,-0.457002137692523,0,0,0.240489294922277,0.623852943373339,0.00150271962362377,"YOD1"
284439,-1.14996181756409,0.355428778872087,0.00121463393475241,-1.84658942322243,-0.453334211905747,0,0,0.311210117872878,0.576938556343209,0.0114577236718237,"SLC25A42"
25994,-0.761948742908099,0.249106612620187,0.00222280735754282,-1.25018873195444,-0.273708753861762,0,0,0.0197625829560697,0.888202180166525,0.0183978585646101,"HIGD1A"
79813,-0.878416491816847,0.300029172487674,0.00341402194394852,-1.46646286420404,-0.290370119429651,0,0,0.936462583387095,0.333189238151779,0.0259770078274593,"EHMT1"
163183,-2.33627445184155,0.573175499785151,4.58132000346317e-05,-3.45967778824119,-1.21287111544191,0.16237598949676,21.4865083874586,1.27366644822641,0.25907998197717,0.000781897944388531,"SYNE4"
161291,-2.04209510521605,0.34914900664447,4.95196817745545e-09,-2.72641458347714,-1.35777562695495,0,0,0.175108281702781,0.675611254084506,2.94320007435226e-07,"CDC50B"
388323,-3.15493950923598,0.447037691589471,1.69603896445363e-12,-4.03111728448326,-2.27876173398869,0,0,0.0304056032913187,0.861573097889147,1.95450370578875e-10,"GLTPD2"
51218,-1.20110341805524,0.331951050832758,0.000296527517899961,-1.85171552231767,-0.550491313792808,0,0,0.384254512768449,0.535335042321347,0.00365455258121131,"GLRX5"
5069,-3.03561775205818,0.326531060056931,1.45054069820437e-20,-3.67560686960345,-2.39562863451291,0,0,0.104278048683693,0.746754982276499,5.01477954715115e-18,"PAPPA"
79098,-1.710597320006,0.488915145371744,0.000467425084551131,-2.66885339643078,-0.752341243581214,0,0,0.950734555560311,0.329532392982812,0.00528715806627761,"C1orf116"
28970,-2.65188921875741,0.82744242747691,0.00135098644150848,-4.27364657589255,-1.03013186162227,1.01029883367758,72.1504316612158,3.59071992727215,0.058103066782441,0.0124421790921167,"BKGD"
161,-1.06949194641492,0.350942546579652,0.00230765481005014,-1.75732669835381,-0.381657194476028,0,0,0.404574664739533,0.524736116168168,0.0189918275604368,"AP2A2"
18,-3.72245625939691,0.618366951894508,1.74613725284172e-09,-4.93443321433996,-2.51047930445386,0.44071639093631,52.2852910974934,2.0957897952249,0.147705366332517,1.12646739617535e-07,"ABAT"
1468,-2.16180149471897,0.591392738866461,0.000256739862459518,-3.32090996361574,-1.00269302582221,0.201869379829395,26.392722934785,1.35856132691067,0.243786971857494,0.00326260468005813,"SLC25A10"
125061,-2.31894251995294,0.381005497338703,1.1549539864247e-09,-3.06569957264857,-1.57218546725731,0,0,0.77638326618848,0.378249552943016,7.8252485421931e-08,"AFMID"
147372,-2.33935187794247,0.432371273259975,6.28432568148734e-08,-3.18678400148175,-1.4919197544032,0,0,0.440684927608271,0.506792055124829,2.69845742558898e-06,"CCBE1"
84133,-1.50416211592793,0.374417005833695,5.88576376618457e-05,-2.2380059625613,-0.770318269294567,0,0,0.282169025295089,0.595283072250719,0.000966598694999592,"ZNRF3"
146223,-1.63286087228448,0.31127980948409,1.55743315524813e-07,-2.24295808798779,-1.02276365658118,0,0,0.393641659870565,0.530391375197646,5.99542164380202e-06,"CMTM4"
54097,-3.12741890018066,0.449156886612831,3.33420593103077e-12,-4.00775022134995,-2.24708757901137,0,0,0.0818045644404879,0.774866654048792,3.51211707563186e-10,"FAM3B"
10766,-0.663449944307084,0.197794426369954,0.000795833511858784,-1.05111989633495,-0.275779992279214,0,0,0.539398559025552,0.462682090001462,0.00818476219709534,"TOB2"
7113,-5.6191024606099,1.96760753109764,0.00429279359119108,-9.47554235727104,-1.76266256394876,7.21198841229571,93.0064089277919,14.2988057161922,0.000155963798388732,0.0308198807188655,"TMPRSS2"
124905021,-5.6191024606099,1.96760753109764,0.00429279359119108,-9.47554235727104,-1.76266256394876,7.21198841229571,93.0064089277919,14.2988057161922,0.000155963798388732,0.0308198807188655,"LOC124905021"
8508,-1.03791684802327,0.295625969008921,0.000446571715319926,-1.61733310017551,-0.458500595871028,0,0,0.302534116989379,0.582298101245437,0.00508970958381958,"NIPSNAP1"
641371,-2.1809891954933,0.620496003143645,0.000439898801758818,-3.3971390142059,-0.964839376780708,0,0,0.383548699500898,0.535710124823369,0.00502214694675203,"ACOT1"
5587,-0.978291900226083,0.34274043340746,0.0043128657836058,-1.65005080575035,-0.306532994701813,0.0398223620608305,9.46391417103958,1.10453195633969,0.293273676195776,0.030904455535443,"PRKD1"
64922,-2.29160750085549,0.312390733097992,2.2055082743896e-13,-2.90388208683162,-1.67933291487936,0,0,0.317543022049809,0.57308795342673,3.00372404682778e-11,"LRRC19"
4303,-0.747358784170784,0.256164785973018,0.00352858389228576,-1.24943253878531,-0.245285029556257,0,0,0.706676835185093,0.400549234407906,0.026563873042819,"FOXO4"
79135,-1.09622198370417,0.347362285682292,0.00160033167272916,-1.77703955322898,-0.415404414179366,0,0,0.00205162820592876,0.963872250367645,0.0142424237250213,"APOO"
1188,-6.60300856615503,1.01183837057623,6.76601696210697e-11,-8.58617533066013,-4.61984180164992,1.34348991029309,65.6027305259311,2.90720750597332,0.088184443200747,5.63124732716595e-09,"CLCNKB"
286256,-2.55514037284265,0.886103401857982,0.00393196394087544,-4.29187112706272,-0.818409618622582,1.07430887730615,65.4830277569764,2.89712548643983,0.0887376658236472,0.0287186727057549,"LCN12"
7490,-3.34767825682119,0.582808172699661,9.24394360904716e-09,-4.48996128520813,-2.20539522843426,0,0,0.872279227083034,0.350325094144627,5.19317048669929e-07,"WT1"
6092,-1.17601446025643,0.346253145386782,0.000682783011036643,-1.85465815474824,-0.49737076576463,0,0,0.0684698062090953,0.7935779084795,0.00723739256116907,"ROBO2"
27124,-4.136025854169,1.35444249645956,0.0022605757538583,-6.79068436636025,-1.48136734197775,3.15831524621421,85.5542522212755,6.92245230442681,0.0085120169331575,0.0186646312855306,"INPP5J"
59307,-1.23909291026564,0.360655388001174,0.000591090405204359,-1.94596448157826,-0.532221338953017,0,0,0.567998178827856,0.451055485060652,0.00646364309275781,"SIGIRR"
285755,-0.963943120041314,0.286615128481086,0.000770453816280425,-1.52569844928856,-0.402187790794066,0,0,0.0399941755637406,0.841491969569191,0.00800310385586207,"PPIL6"
5071,-1.9062682313503,0.395923414249083,1.47391793488259e-06,-2.68226386391464,-1.13027259878597,0,0,0.1608920938683,0.688336512420309,4.25542516403039e-05,"PRKN"
25840,-1.19002755147801,0.276681762279415,1.69975560773716e-05,-1.73231384072473,-0.64774126223128,0,0,0.0900041622866543,0.764171864204064,0.000340532018709066,"TMT1A"
163702,-0.736925386898178,0.255738650461386,0.00395716201370978,-1.23816393125737,-0.235686842538984,0,0,0.0519200078719504,0.819755373059485,0.0288714369214551,"IFNLR1"
79184,-0.852932882364349,0.286048839890339,0.00286583833803845,-1.41357830636888,-0.29228745835982,0,0,0.0439091238846564,0.834022778696621,0.0227161071791725,"BRCC3"
5087,-1.12634270388409,0.276465957580615,4.61978389037792e-05,-1.66820602369348,-0.584479384074712,0,0,0.708848737135767,0.399826268376501,0.000785991722100544,"PBX1"
339983,-4.7018665326916,1.28183287364142,0.000244377977263551,-7.21421279922826,-2.18952026615493,2.81016051399841,84.5720048532766,6.48172358423627,0.0108989247135392,0.00313804596899472,"NAT8L"
342909,-0.951047945066144,0.241776769628182,8.36904286148275e-05,-1.42492170583582,-0.477174184296468,0,0,0.534094938580097,0.464890331878751,0.00129005548036992,"ZNF284"
8529,-4.63875744827002,1.74134128944406,0.00772407329411862,-8.05172366037291,-1.22579123616712,5.10662755908394,84.2036130036488,6.33056154062944,0.0118674735685837,0.0482369987144981,"CYP4F2"
66002,-1.70188651277805,0.3963908417718,1.75913439648766e-05,-2.4787982864523,-0.92497473910381,0,0,0.267310820068048,0.605141428125891,0.00035138383804212,"CYP4F12"
153201,-6.54024526707557,0.612040922846415,1.18416569395939e-26,-7.7398234329192,-5.34066710123194,0.156786778937451,18.3538324369376,1.22479723157564,0.268421243871396,7.2573209325702e-24,"SLC36A2"
4674,-2.24922943662129,0.399911647119097,1.86244553563321e-08,-3.03304186197281,-1.46541701126977,0,0,0.337025324005904,0.561551314552432,9.27364953960289e-07,"NAP1L2"
252884,-0.922919562737658,0.318097745744279,0.00371533761074528,-1.54637968795982,-0.299459437515492,0,0,0.478540984797031,0.489083934829501,0.0276019116098349,"ZNF396"
4051,-3.24959481321941,0.371917430759168,2.38517081015859e-18,-3.97853958273005,-2.52065004370877,0,0,0.0941618668904194,0.7589514157755,6.6998454236184e-16,"CYP4F3"
55615,-1.3106099520222,0.366254597296298,0.000345687838628804,-2.02845577189516,-0.59276413214923,0,0,0.767510165023577,0.380988406487274,0.00411741089066445,"PRR5"
53373,-0.894414900907811,0.250743182415504,0.00036101474961851,-1.38586250781116,-0.402967294004466,0,0,0.620035099960086,0.431034242897464,0.00426231337049594,"TPCN1"
10614,-0.863641122830197,0.223418104367863,0.000110824361300658,-1.30153256088542,-0.425749684774975,0,0,0.0702760284210318,0.790935306421279,0.00163663183287708,"HEXIM1"
5465,-1.00695154350809,0.215866475904635,3.09073220679443e-06,-1.43004206175076,-0.583861025265422,0,0,0.586629947938678,0.443725263809057,7.95273708858956e-05,"PPARA"
83715,-2.6795324728007,0.457477585188489,4.70768555920124e-09,-3.57617206350449,-1.7828928820969,0,0,0.428223838876654,0.512861772847861,2.83364841047814e-07,"ESPN"
1579,-6.00489309036929,1.72853519138784,0.000512803228522308,-9.39275981149951,-2.61702636923908,5.43520880144228,90.9112971659042,11.0026702187748,0.000909807206846926,0.0057569741300302,"CYP4A11"
957,-2.02960879155654,0.757075093285729,0.00734342576286798,-3.51344870798887,-0.545768875124207,0.839753767619604,71.1698266075797,3.46858822660743,0.0625446695822027,0.0465060636734377,"ENTPD5"
4059,-1.95546328335594,0.321788819532922,1.22564187470789e-09,-2.58615778026813,-1.32476878644376,0,0,0.2366954608684,0.626603081325675,8.26266469834325e-08,"BCAM"
2057,-0.646148703403756,0.223099483567338,0.003776685449539,-1.08341565616522,-0.208881750642288,0,0,0.0218965492482577,0.882362635128056,0.0279163533776323,"EPOR"
392636,-1.00959182422707,0.333777917926612,0.00248845951092441,-1.66378452219799,-0.355399126256143,0,0,0.0170346614594121,0.896157483411219,0.0202241709377901,"AGMO"
79875,-1.1733133257693,0.325237347212089,0.000309089777391318,-1.81076681273235,-0.53585983880626,0,0,0.33238730057726,0.564256728876467,0.00378172184080503,"THSD4"
342979,-2.65413312533447,0.380738036360625,3.14647358923144e-12,-3.4003659641458,-1.90790028652314,0,0,0.174428923596863,0.676205309325451,3.40269313481725e-10,"PALM3"
729967,-1.07676888148409,0.208700817760668,2.47755930953978e-07,-1.48581496783905,-0.667722795129122,0,0,0.0932189834636666,0.76012408981293,9.05282714648372e-06,"MORN2"
1287,-2.08617095934539,0.370337232503867,1.76931410117096e-08,-2.8120185971872,-1.36032332150357,0,0,0.0132452968577522,0.908375202188893,8.99938630052464e-07,"COL4A5"
25845,-2.83105267636846,0.284300909983584,2.32826604314527e-23,-3.38827222070825,-2.27383313202867,0,0,0.0308122905643101,0.86065982145703,9.81000345616492e-21,"SLC9A3-OT1"
123688,-1.95000446013149,0.424154219463934,4.2780623447355e-06,-2.7813314541715,-1.11867746609149,0.150073320017401,29.5418370032903,1.41928196459891,0.233521624323863,0.000106226730375817,"HYKK"
5104,-6.52402240784009,1.41310973890613,3.89732578410704e-06,-9.2936666022989,-3.75437821338128,3.36398535785205,83.3439955852916,6.00384086784302,0.0142747688699628,9.78540848177192e-05,"SERPINA5"
283219,-1.158702623974,0.285473172030305,4.93076995591542e-05,-1.7182197597058,-0.599185488242191,0,0,0.290330147936986,0.590009041382807,0.000831019641445095,"KCTD21"
5649,-1.48638534334262,0.407794752076952,0.000267459445782834,-2.28564837049789,-0.687122316187354,0,0,0.768442806541248,0.38069921406542,0.00335768687848226,"RELN"
3005,-1.14189692623573,0.314862417194772,0.000287118028632009,-1.75901592402271,-0.524777928448756,0,0,0.225623940668214,0.634787768077723,0.00355483230490852,"H1-0"
4128,-1.33955473212958,0.408566702229239,0.00104298117311931,-2.14033075378119,-0.538778710477971,0,0,0.7903367397346,0.373998322227307,0.0101387996807265,"MAOA"
7259,-0.992852106906072,0.22922502431624,1.4820289026781e-05,-1.44212489892122,-0.543579314890924,0,0,0.274791424638602,0.600135603678852,0.000302302506729332,"TSPYL1"
2272,-1.22513766783846,0.371780560531502,0.000983080138581675,-1.95381417663232,-0.496461159044601,0.0685764122978291,15.3513740808576,1.18135408477299,0.27708050314483,0.00964692103966283,"FHIT"
57402,-2.46675365608154,0.316854157005114,6.96366026457344e-15,-3.08777639216337,-1.84573091999972,0,0,0.212822864435416,0.644563811729508,1.25188041796325e-12,"S100A14"
36,-2.84883147342413,0.775653899992801,0.00023989534572899,-4.36908518187806,-1.32857776497021,0.923840661935148,74.5723469791002,3.93272630855104,0.0473551146626652,0.00309522387221433,"ACADSB"
9725,-0.781515275663903,0.236546722016754,0.000953662857453666,-1.24513833147775,-0.317892219850058,0,0,0.0698320091563267,0.791581531616696,0.009426859462645,"TMEM63A"
79754,-0.988519207048288,0.319248765852529,0.00195891449847368,-1.61423529022811,-0.362803123868471,0.00763804347705922,2.3230432194572,1.02378291969801,0.311623367521197,0.0166953503052595,"ASB13"
2104,-2.43018213355547,0.721363610098923,0.000754762939657846,-3.84402882910716,-1.01633543800379,0.696625139075512,63.3792239033971,2.73069035282615,0.0984367264704245,0.00786434985734678,"ESRRG"
4311,-2.59252127926664,0.770495605786256,0.000766144155281767,-4.10266491685407,-1.0823776416792,0.702506594271584,53.9620891591467,2.1721228911904,0.140532117787532,0.00797061855375313,"MME"
125,-3.07227551158877,0.419565393192682,2.43359070257151e-13,-3.89460857140581,-2.24994245177173,0,0,0.855263139993328,0.355067672233354,3.24872311314571e-11,"ADH1B"
7442,-0.91402734518635,0.232148256530718,8.24183280562651e-05,-1.36902956706032,-0.459025123312377,0,0,0.160145873730187,0.689022249925114,0.0012758281483153,"TRPV1"
6273,-2.50546336536736,0.29589472197029,2.50899195411091e-17,-3.08540636364462,-1.9255203670901,0,0,0.0248790093901765,0.874668919099929,6.04084616379953e-15,"S100A2"
644596,-1.91440221726886,0.527433548411943,0.000283799439901341,-2.94815297639443,-0.880651458143292,0,0,0.464901097607421,0.495342302240217,0.00352020961195012,"SMIM10L2B"
84619,-1.37865322315704,0.286719000531099,1.52160139474839e-06,-1.94061213788131,-0.816694308432765,0,0,0.115269006550268,0.734223383806481,4.32821763826847e-05,"ZGPAT"
123096,-1.48724290232003,0.371097181347781,6.13152218438857e-05,-2.21458001252601,-0.759905792114051,0,0,0.104148926183025,0.746906450098438,0.00100207652863165,"SLC25A29"
55753,-3.19082179605224,1.16514407282964,0.00617081189879433,-5.47446221559866,-0.907181376505827,2.24312348500273,82.0323455125686,5.56555671025126,0.0183171851465057,0.0410869416451575,"OGDHL"
284370,-1.0760396418072,0.258065965990296,3.05094298618962e-05,-1.58183964078372,-0.570239642830678,0,0,0.000191726599730437,0.988952414557688,0.000562734121515659,"ZNF615"
163059,-0.977419606018091,0.302729418229064,0.00124358388413149,-1.57075836280782,-0.384080849228363,0,0,0.0476860977863135,0.827139694784259,0.0116601123155388,"ZNF433"
100506658,-1.08269016393315,0.318825858064453,0.000684116288875759,-1.70757736307956,-0.457802964786746,0,0,0.991738129861709,0.319317931125034,0.0072401412267754,"OCLN"
51710,-1.55332043600912,0.313963420540367,7.51894132663245e-07,-2.16867743273124,-0.937963439286997,0,0,0.0496957022912737,0.823593622724818,2.38536202134083e-05,"ZNF44"
9719,-1.20193701805795,0.335111073486157,0.000334911713931577,-1.85874265291137,-0.545131383204525,0,0,0.0105886419867844,0.918041443045354,0.00402898324801438,"ADAMTSL2"
388536,-1.8627851042848,0.51347490214024,0.000285844704713913,-2.86917741944489,-0.856392789124698,0,0,0.515854362433761,0.472615470487434,0.00354231999417067,"ZNF790"
28512,-0.82486246476714,0.264112776669586,0.00178929649341161,-1.3425139948964,-0.307210934637881,0,0,0.408525392549713,0.522718908270075,0.0155658242556871,"NKIRAS1"
116085,-6.62328882683074,1.40582527773073,2.46120792067148e-06,-9.37865573973898,-3.86792191392249,3.12995642084304,78.692730756519,4.69323397838019,0.0302816028264907,6.54525964386856e-05,"SLC22A12"
9356,-7.20975882392033,1.78988213959962,5.62381682941492e-05,-10.7178633541071,-3.70165429373358,5.92886049805712,92.5171161566117,13.3638316580789,0.000256523669108106,0.000931522387113038,"SLC22A6"
27233,-2.48704648358598,0.906760220662127,0.00609209367218308,-4.26426385869734,-0.70982910847462,0.940627881224018,56.9157782703452,2.3210353114298,0.1276350504515,0.0407035178305473,"SULT1C4"
26275,-2.53449045946734,0.346326787591944,2.51309587706418e-13,-3.213278490029,-1.85570242890567,0.00939014403598937,2.68040308509611,1.02754227483535,0.310736616435623,3.29141181483937e-11,"HIBCH"
79366,-1.18551106066259,0.357752515431799,0.000920458021277373,-1.88669310628753,-0.484329015037654,0.0754690987801623,15.0043350769187,1.17653059236018,0.278063431397262,0.00915231231628526,"HMGN5"
5178,-1.71699426797645,0.637250329912611,0.00705198063951152,-2.96598196374144,-0.468006572211465,0.439689519447802,42.0063301224909,1.72432612406172,0.189137128912605,0.0453634804210562,"PEG3"
374900,-0.924475973860546,0.257841542438834,0.000336507396025802,-1.42983611075892,-0.419115836962176,0,0,0.0907493445989672,0.763226671950455,0.00403659183328815,"ZNF568"
1259,-1.92677968250916,0.529565359078041,0.000274318849678504,-2.96470871376215,-0.888850651256181,0,0,0.0342003320574335,0.853281337821367,0.00342149958391792,"CNGA1"
4541,-2.08926490482323,0.44241790241535,2.33102051628759e-06,-2.95638805967307,-1.22214174997339,0,0,0.7419978471627,0.389021647108942,6.24833988491165e-05,"MT-ND6"
4513,-1.34623116312361,0.28914300473933,3.22512991387788e-06,-1.91294103879439,-0.779521287452832,0,0,0.000981724963103386,0.975004379421923,8.20460879788971e-05,"MT-CO2"
10455,-1.58832221468594,0.306001560649573,2.09652410996032e-07,-2.18807425277215,-0.988570176599725,0,0,0.535154796851993,0.464447701676489,7.83031428659142e-06,"ECI2"
4519,-2.31721748711107,0.385179311881858,1.78840485565036e-09,-3.07215506598943,-1.56227990823271,0,0,0.00955515088226942,0.922130452384267,1.14824107946351e-07,"MT-CYB"
81706,-1.15861349954517,0.41153322946155,0.00487228759916517,-1.96520380773127,-0.352023191359075,0,0,0.856033125961803,0.354851179331367,0.0341439988043368,"PPP1R14C"
51734,-1.03986285079646,0.355906874584178,0.00348096113571123,-1.73742750683166,-0.342298194761257,0.00344990910554877,0.982776880177475,1.00992531247809,0.314920732493501,0.0263377098724997,"MSRB1"
6526,-1.48930230454741,0.344334342726528,1.52418824019098e-05,-2.16418521493168,-0.814419394163145,0,0,0.107030308266938,0.743550753624935,0.00030856801865608,"SLC5A3"
4536,-1.19930102150543,0.326827015187372,0.000242998320468348,-1.83987020044741,-0.55873184256346,0,0,0.865207122745533,0.352285606056515,0.00312330443744017,"MT-ND2"
4540,-1.37419776011776,0.305609779439121,6.90563324194202e-06,-1.97318192114167,-0.775213599093853,0,0,0.0116274046297367,0.914130192950047,0.000159370250795402,"MT-ND5"
192683,-0.917079253258016,0.296620463271053,0.00198973716810412,-1.49844467834687,-0.335713828169167,0,0,0.543068239062538,0.461163923020999,0.0169152750552004,"SCAMP5"
4512,-1.53878467280501,0.545000638344891,0.0047509123194297,-2.60696629551233,-0.470603050097685,0.286440889534463,45.2376725432314,1.82607286147478,0.176592104619428,0.0334995074618385,"MT-CO1"
4860,-1.41345969086419,0.266026916142978,1.07704521924132e-07,-1.93486286542268,-0.892056516305691,0,0,0.00208468521666984,0.963582558502072,4.29639073699134e-06,"PNP"
2710,-2.91876642561147,0.90222148925765,0.00121605003147517,-4.68708805063456,-1.15044480058839,1.31067208613617,79.2813822483847,4.82657681119694,0.0280242203953587,0.0114577236718237,"GK"
4537,-1.80112219308348,0.328048228461278,4.00981582951554e-08,-2.44408490605975,-1.1581594801072,0,0,0.0448971359979908,0.832193286974424,1.80817213476114e-06,"MT-ND3"
4538,-1.43241620006207,0.360381654141355,7.04620772485524e-05,-2.1387512628681,-0.726081137256045,0,0,0.504117920097525,0.477696310495083,0.00112297894508538,"MT-ND4"
4535,-1.54529560872642,0.345339205246117,7.65121745294756e-06,-2.2221480134585,-0.868443203994346,0,0,0.724754575514467,0.394588736851975,0.000173380445240491,"MT-ND1"
55170,-0.945089181245222,0.258822381955561,0.000260716027426291,-1.45237172827099,-0.437806634219453,0,0,0.0328506169930042,0.856173397365984,0.00329141778819165,"PRMT6"
4508,-1.65964629604137,0.313850339385646,1.23648701303977e-07,-2.27478165777291,-1.04451093430983,0,0,0.0588538969058442,0.808316659371933,4.90339835200449e-06,"MT-ATP6"
80823,-0.751450079269872,0.267783078546334,0.00501311916393603,-1.27629526888995,-0.226604889649797,0,0,0.312919750047695,0.575894012366945,0.0349492687111424,"GPRASP3"
3897,-3.2705785815424,0.540352431162885,1.42458577607606e-09,-4.32964988558031,-2.21150727750448,0.0119423396958701,1.67831206286938,1.01706960181504,0.313215117703466,9.37702664185839e-08,"L1CAM"
9737,-1.20497988124838,0.327862820334155,0.000237610799021583,-1.84757920097305,-0.562380561523705,0,0,0.760898884576662,0.383047365353625,0.00307162646520422,"GPRASP1"
4514,-2.13087434776442,0.3952748369133,7.01182874576386e-08,-2.90559879210943,-1.35614990341941,0,0,0.0436066095905158,0.834587230238217,2.97297128865202e-06,"MT-CO3"
134548,-1.86134460529641,0.474665688258733,8.8043238409167e-05,-2.79167225898044,-0.931016951612377,0,0,0.182957531936866,0.668843808200133,0.00134743130927446,"SOWAHA"
9848,-1.29804999307787,0.36028428227249,0.000314747959988237,-2.00419421052781,-0.591905775627927,0,0,0.0109141491469645,0.916795735524119,0.00383702237298499,"MFAP3L"
101928198,-1.29804999307787,0.36028428227249,0.000314747959988237,-2.00419421052781,-0.591905775627927,0,0,0.0109141491469645,0.916795735524119,0.00383702237298499,"LOC101928198"
116228,-0.557063320163337,0.196631114404682,0.00461079770461133,-0.942453222636488,-0.171673417690187,0,0,0.0578613640173306,0.809908640928779,0.0326852710048762,"COX20"
128387,-1.12222349752389,0.361558384239036,0.00191019244938599,-1.8308649089409,-0.413582086106887,0,0,0.234904337992485,0.627910941339028,0.0163940959866781,"TATDN3"
196051,-3.34515222343779,0.507728873819035,4.44406948379512e-11,-4.34028253003418,-2.3500219168414,0,0,0.110592317346632,0.739470796076969,3.8409864647442e-09,"PLPP4"
440590,-3.02220884632165,0.422868628417414,8.87456626974583e-13,-3.85101612821163,-2.19340156443166,0,0,0.492535643389237,0.482798387120551,1.06835515191949e-10,"ZYG11A"
643008,-3.62277983616632,0.342201650194256,3.43556529392096e-26,-4.29348274599724,-2.95207692633541,0,0,0.945381958364333,0.330897572351753,1.85286907431745e-23,"SMIM5"
6392,-1.74567244556598,0.366333804996071,1.88618915762414e-06,-2.4636735096778,-1.02767138145417,0,0,0.00201785532504433,0.96417064116838,5.21137057627998e-05,"SDHD"
55937,-2.91110141582121,0.500720429232616,6.10609089621308e-09,-3.89249542344058,-1.92970740820185,0,0,0.545346522285762,0.460225361423253,3.57949667624526e-07,"APOM"
730051,-0.760478847634727,0.250735980999895,0.00242146425521611,-1.25191234002284,-0.269045355246614,0,0,0.282622455701486,0.594987495533447,0.0197391792944854,"ZNF814"
221545,-0.77931477074996,0.290364589447532,0.00727649338399689,-1.34841890845288,-0.210210633047039,0,0,0.0105838531992888,0.9180599130003,0.0462996509185607,"C6orf136"
554235,-4.24764141195368,0.617380917508016,5.98112662941604e-12,-5.45768577501169,-3.03759704889568,0.390826028779998,49.6889994138732,1.98763687533527,0.158588184277628,6.01817390629974e-10,"ASPDH"
401431,-2.10114408328005,0.478073323166111,1.10760138076618e-05,-3.038150578655,-1.16413758790509,0,0,0.100327158501668,0.751437383759966,0.00023592084386841,"ATP6V0E2-AS1"
100170765,-3.48018046697228,0.834041146923972,3.01047660509962e-05,-5.11487107656774,-1.84548985737681,0.944620885778957,63.1731119636111,2.71540728342805,0.0993836014912967,0.000558325392937527,"ERICH4"
613212,-7.82950717239529,1.66099282689933,2.43197411094459e-06,-11.0849932916974,-4.57402105309323,4.5311110531261,81.9288650258383,5.53368674092586,0.0186537600057376,6.4802978138075e-05,"CTXN3"
388135,-1.39002453598285,0.458457883424553,0.0024297390636163,-2.28858547592344,-0.491463596042265,0,0,0.697432722598734,0.403647683569469,0.0197827124364363,"INSYN1"
3426,-1.1672753755817,0.398485663058657,0.00339750163333701,-1.94829292353223,-0.386257827631169,0,0,0.589379139060754,0.442659302256891,0.0258805166792559,"CFI"
317762,-0.854238889753883,0.306032107152978,0.00524907112697574,-1.45405079788662,-0.254426981621143,0,0,0.180000074638174,0.671373176398021,0.0362382109600686,"CCDC85C"
91750,-1.93900300382889,0.489856719833289,7.54830786124649e-05,-2.89910453228706,-0.978901475370713,0.240748927690727,37.6285717193292,1.60329822094182,0.205436430339227,0.00118894666931293,"LIN52"
192668,-1.9649842496585,0.461859087874196,2.09507009888476e-05,-2.87021142782444,-1.05975707149256,0,0,0.208215400344892,0.648169765047139,0.000405277333475799,"CYS1"
647309,-1.81101408671155,0.504835540661113,0.000334075299055652,-2.80047356452314,-0.821554608899967,0,0,0.238596760731768,0.625221450059831,0.0040253237329467,"GMNC"
2878,-2.27162235619484,0.515530577643767,1.05113692036316e-05,-3.28204372130576,-1.26120099108393,0.153564879171175,27.4652765675567,1.37865004880231,0.240331226998775,0.000226036349238541,"GPX3"
1733,-6.64619587267005,1.50438869795444,9.96776740914811e-06,-9.59474353940985,-3.69764820593025,3.72314457098945,82.1967074584466,5.61693853912681,0.0177876940917694,0.000216069787745248,"DIO1"
55652,-1.0490599102716,0.283369858642097,0.000213833143197694,-1.60445462751432,-0.493665193028884,0,0,0.104675220233241,0.746289726249621,0.00282935453359618,"SLC48A1"
4539,-1.72077463265023,0.449333360531944,0.000128342902902858,-2.60145183634519,-0.840097428955272,0,0,0.0175520232253802,0.894601438905994,0.00185074583940025,"MT-ND4L"
388387,-3.39490591556055,0.617300580574182,3.80655028238029e-08,-4.60479282112162,-2.18501900999949,0.361939986762924,45.3760827567974,1.83069990302543,0.176044898799599,1.75166271185439e-06,"LINC00671"
55333,-0.639474010500135,0.190177683721935,0.00077237847512127,-1.01221542125838,-0.266732599741893,0,0,0.661682981809264,0.415966415471074,0.008006848969051,"SYNJ2BP"
402,-0.951910182739895,0.258043435865361,0.000225178548101519,-1.45766602348297,-0.446154341996817,0,0,0.0619969716480167,0.803367038646182,0.00294479375756817,"ARL2"
4722,-0.712421361827037,0.242921099291115,0.00335998772846304,-1.1885379675225,-0.236304756131573,0,0,0.0452075412264949,0.831622862570833,0.0257125566354998,"NDUFS3"
151295,-1.79221345068951,0.495490049765318,0.000297977051226724,-2.76335610292749,-0.821070798451523,0,0,0.125161288638196,0.723502703601944,0.0036690635449223,"SLC23A3"
155006,-7.50090703746177,1.21938901073165,7.68188372277982e-10,-9.89086558163973,-5.11094849328382,2.36991522029762,79.5451238980946,4.88880986136527,0.0270313138761044,5.31586081836854e-08,"TMEM213"
100130894,-1.27808226908117,0.401382152273825,0.00145153159869414,-2.06477683157504,-0.491387706587302,0,0,0.964393299779921,0.326082465608739,0.0131613991561486,"VAC14-AS1"
440503,-1.74272731963891,0.406974023104561,1.85088964575095e-05,-2.54038174756723,-0.945072891710602,0,0,0.333486730195745,0.563613152210681,0.000367533801084831,"PLIN5"
100507650,-5.02527504332513,1.72690011911479,0.00361431637878629,-8.40993708168806,-1.6406130049622,5.17811572480664,86.4146732133454,7.36088292688213,0.00666580513326432,0.0270431896421618,"RNF212B"
2642,-7.43476539859124,2.10523899223178,0.000413125341646399,-11.5609580022149,-3.30857279496756,7.5016939285881,84.2895466581668,6.36518869469692,0.0116380718603987,0.00475270390906006,"GCGR"
6844,-0.774830722939678,0.216095770709676,0.000336317655053055,-1.19837065074207,-0.351290795137288,0,0,0.0169363357596575,0.896455918625787,0.00403659183328815,"VAMP2"
91584,-1.04702870078272,0.352736369497678,0.00299448218788613,-1.73837928103558,-0.35567812052986,0,0,0.182846334932547,0.668938470567314,0.0234191434682533,"PLXNA4"
399821,-1.19895196511481,0.413274809861523,0.0037185400028989,-2.00895570816103,-0.388948222068585,0,0,0.559115674512627,0.454616770306668,0.0276019116098349,"EDRF1-DT"
401022,-0.997134332650269,0.27657478757653,0.000311795787637063,-1.53921095533208,-0.455057709968454,0,0,0.0355311764953622,0.850486947496068,0.0038079190260059,"HAGLR"
100303728,-1.11143610670418,0.36069081908291,0.0020602311306398,-1.81837712166094,-0.404495091747424,0,0,0.333380253319772,0.563675419017548,0.0173288186739966,"SLC25A5-AS1"
342371,-0.792466633268494,0.235677164830029,0.000772375543772095,-1.25438538831386,-0.330547878223128,0,0,0.691405931604069,0.40568658258218,0.008006848969051,"ATXN1L"
65010,-1.32871929321371,0.264863347468965,5.25878906586836e-07,-1.8478419150776,-0.809596671349821,0,0,0.376290998684736,0.539594946012098,1.72516430596358e-05,"SLC26A6"
105375304,-1.8393432631069,0.549647088862237,0.000818659225687461,-2.91663176148417,-0.762054764729625,0,0,0.290593690043167,0.589840330737552,0.00836577130022182,"SNX10-AS1"
284835,-1.09527645516981,0.390637646733632,0.00505015679429862,-1.86091217377321,-0.329640736566409,0,0,0.000602092300081008,0.980423816875432,0.0351711074677316,"LINC00323"
8505,-1.05061060611065,0.255362765021211,3.88543480918984e-05,-1.55111242854479,-0.550108783676512,0,0,0.254601767173194,0.613853309543299,0.000686596560056443,"PARG"
196047,-0.891521227056181,0.260436733626607,0.000618935942024991,-1.40196784521558,-0.38107460889678,0,0,0.23104559342724,0.630749618255852,0.00671368729390422,"EMX2OS"
114796,-1.07558001728161,0.396836345208023,0.00672047713306837,-1.85336496164584,-0.297795072917381,0,0,0.0768772746936058,0.781574701583501,0.0438799966998357,"PSMG3-AS1"
100131814,-1.76981904484198,0.473913569630923,0.000188106123118601,-2.6986725731034,-0.840965516580553,0.124746074413956,9.87615499434023,1.109584261454,0.292172338713044,0.00252613033666145,"AHI1-DT"
404266,-3.51429001644309,1.1096395727989,0.00153990971830971,-5.68914361494934,-1.33943641793683,1.69251394587302,64.1354041955066,2.78826507749103,0.0949569825011111,0.0137683041989189,"HOXB-AS3"
101929023,-4.59059973348738,1.46594709185012,0.00173921274730401,-7.46380323675483,-1.71739623021992,3.69319441378025,84.4165512979883,6.41706479176786,0.0113028826855535,0.0152370405925275,"LINC01762"
101928820,-3.46478158193259,0.538757937559557,1.26721829630186e-10,-4.5207277359344,-2.40883542793078,0,0,0.351842704298695,0.553071868855832,1.00505319347282e-08,"LINC02535"
100505881,-1.1230171739126,0.282814774457585,7.16144002788959e-05,-1.67732394614529,-0.568710401679915,0,0,0.265168024229103,0.606591677140859,0.0011373109057248,"MAGI2-AS3"
101927973,-0.951526944483546,0.358507436413935,0.00795121339649275,-1.65418860804464,-0.24886528092245,0,0,0.0205934719009368,0.88589194910741,0.0493128841880919,"LINC01695"
100289098,-1.15124953860525,0.376880675675491,0.0022530141648093,-1.88992208939833,-0.41257698781217,0,0,0.811165672118917,0.367775843672731,0.0186135968039974,"LINC03011"
100126793,-2.08983923479268,0.628650217345435,0.000886320307989102,-3.32197101966301,-0.857707449922353,0,0,0.562194244281295,0.453377496816728,0.00887383829394729,"GHRLOS"
358,-2.44888808007837,0.427914703728118,1.04756909827612e-08,-3.28758548784061,-1.61019067231613,0,0,0.46886041517906,0.493511898481663,5.78867793117089e-07,"AQP1"
54600,-4.61579770349229,1.6154043732079,0.00427176148714465,-7.78193209544828,-1.44966331153631,4.03131552935364,76.8498489836492,4.31962624906293,0.0376751963974136,0.030717952069958,"UGT1A9"
401081,-1.89273008227767,0.389789218384301,1.199147228547e-06,-2.65670291187292,-1.12875725268242,0,0,0.225560025116031,0.634835726855308,3.55342902912069e-05,"C3orf85"
23779,-1.38653321109356,0.365089996135019,0.000145995031014665,-2.10209645463407,-0.670969967553056,0,0,0.0958746797640086,0.756837497642496,0.00206987487189352,"ARHGAP8"
112817,-3.2691685419463,0.546927026888788,2.26811151994483e-09,-4.34112581681989,-2.1972112670727,0.166064334959846,24.6583969355805,1.32728792503256,0.249288272377225,1.42236965690308e-07,"HOGA1"
728591,-1.27323716224847,0.394196230403033,0.00123808520463115,-2.04584757667987,-0.500626747817075,0,0,0.0286988311121224,0.865476286989663,0.0116247234081071,"CCDC169"
95,-3.70920314954241,0.497840946838184,9.29316909442209e-14,-4.68495347537457,-2.73345282371025,0.179237266649515,33.4263543931941,1.50209589828707,0.220349155167184,1.31894525157993e-11,"ACY1"
2939,-3.10371651274346,1.11601601362435,0.00541803736383428,-5.29106770561715,-0.916365319869779,1.3343096306374,53.5634428216569,2.15347575437048,0.142247544788377,0.0371196126913504,"GSTA2"
100506495,-1.2422298594871,0.279156730310062,8.58954876357563e-06,-1.78936699693678,-0.69509272203742,0,0,0.835628074485088,0.360650144757448,0.000190481720360675,"LIFR-AS1"
25864,-1.76289793026647,0.288299144193556,9.66648392907754e-10,-2.32795386965956,-1.19784199087338,0,0,0.11478188021315,0.734764359215825,6.61589862008896e-08,"ABHD14A"
441369,-1.50635275905169,0.347866886719739,1.48935927645521e-05,-2.18815932843645,-0.824546189666926,0,0,0.0206075106110681,0.885853327961912,0.000303338838737848,"FLJ46284"
57733,-3.25249464930189,0.84369860306303,0.000115709146380242,-4.90611352511219,-1.5988757734916,0.976117703781376,68.1303313825619,3.13777972405031,0.0764978783302708,0.00169946233185708,"GBA3"
105377267,-1.46014190652159,0.511731478977351,0.0043262837224125,-2.46311717507261,-0.457166637970566,0,0,0.598343157229453,0.439210885813174,0.0309449779465717,"UGT2B11-AS1"
58510,-2.94083643009472,0.41786400480331,1.95321746140051e-12,-3.75983482994488,-2.12183803024456,0,0,0.830167223404006,0.362224179075558,2.23179924000534e-10,"PRODH2"
105375666,-1.57812410596583,0.331721277392271,1.96121959894544e-06,-2.2282858625603,-0.92796234937136,0,0,0.342047756940124,0.558649596007536,5.38556493942594e-05,"VPS13B-DT"
196475,-1.66155185013045,0.463480760444475,0.000337152549853798,-2.56995744812886,-0.753146252132041,0,0,0.144921579162086,0.703436503509848,0.00404073584860334,"RMST"
100862680,-2.44621333676622,0.545089271606572,7.19861655908419e-06,-3.51456867747427,-1.37785799605817,0,0,0.0559204143394202,0.813064122849378,0.000164509872170707,"LINC00507"
56242,-1.18030730521841,0.360217431737445,0.00105045612143576,-1.88632049802731,-0.474294112409497,0,0,0.778559994773794,0.377581906661612,0.0101840499919085,"ZNF253"
101927062,-4.74793297500693,0.824507313861568,8.48600290104884e-09,-6.36393761516547,-3.13192833484839,0,0,0.375796028610842,0.539861762815,4.82771211455028e-07,"LINC02294"
100533970,-1.31452118747008,0.38279050923568,0.000594637712653988,-2.06477679919576,-0.564265575744403,0,0,0.895675932605195,0.343943804689463,0.00649716392197223,"P2RX5-TAX1BP3"
100129794,-1.45049183817651,0.427101630487982,0.000683463713057239,-2.28759565167129,-0.613388024681726,0,0,0.0105920018472352,0.918028486862555,0.00723891692313492,"SLC25A21-AS1"
109729181,-0.939094514005596,0.299081023374347,0.00168986209957298,-1.5252825482787,-0.352906479732493,0,0,0.89120665161466,0.345150526150751,0.0148820448651485,"ZNF710-AS1"
102724362,-0.944449973856861,0.308072604343741,0.00217180438662504,-1.54826118299405,-0.340638764719671,0,0,0.02390261723674,0.877132954355183,0.0180644284669127,"SPINT1-AS1"
102723548,-2.69811390675225,0.786144258240795,0.000598959827163111,-4.23892833955716,-1.15729947394734,0.72659864358376,51.9519472782422,2.08124979755353,0.149118038287132,0.00653908935193541,"PAQR5-DT"
100820829,-1.44701700927642,0.352034997728201,3.94914277649323e-05,-2.13699292612134,-0.757041092431509,0,0,0.203846647527306,0.65163369568526,0.000696029961509257,"MYZAP"
100507433,-1.58238930740635,0.449050476289608,0.000425314994622339,-2.46251206817454,-0.702266546638164,0,0,0.532459698068337,0.46557458318356,0.00487215129353696,"ZNF571-AS1"
100505761,-0.783821216735086,0.225607447917554,0.000512245063536259,-1.22600368929749,-0.341638744172684,0,0,0.00101934194295988,0.97453015914516,0.00575550015971615,"C10orf95-AS1"
101930085,-0.780257017441246,0.281550156280586,0.00558347448714662,-1.33208518359282,-0.228428851289674,0,0,0.46353108793752,0.495978321873297,0.037982838804338,"HERPUD2-AS1"
283481,-1.21222398423124,0.426800487499023,0.0045076899636395,-2.04873756831346,-0.375710400149016,0,0,0.938902498394939,0.332560250891888,0.0320385786925416,"FGF14-AS2"
3975,-6.88031655464103,1.8137671491815,0.00014860765070851,-10.4352348433786,-3.32539826590341,4.76292515815507,66.1512578050645,2.95431952608751,0.0856483536006079,0.00210029030870319,"LHX1"
79154,-2.14809803490232,0.408933715578738,1.49702712323341e-07,-2.94959338950079,-1.34660268030385,0,0,0.142579112363742,0.705730369508287,5.81683478459829e-06,"DHRS11"
1602,-2.61403967910812,0.276978513915902,3.81057349137836e-21,-3.15690759087471,-2.07117176734152,0,0,0.338917889296224,0.560454503635947,1.38859357795282e-18,"DACH1"
7703,-1.05300310033608,0.311699643096466,0.000729455104676068,-1.66392317479915,-0.442083025873021,0,0,0.934882353492101,0.333597453935894,0.00764793404070562,"PCGF2"
11056,-1.03324965076007,0.372334880126565,0.00551924278300681,-1.76301260599617,-0.303486695523961,0.047905571195815,11.0019468120606,1.12362008401271,0.289140289460238,0.0376789622497624,"DDX52"
105371267,-2.70043212589419,0.827335686774675,0.00109847208207396,-4.32198027509726,-1.07888397669111,0.858091337409853,55.6395197692449,2.25425873389599,0.133247246707898,0.010586632653755,"CHD9NB"
102724023,-1.5735293921754,0.513710504712582,0.00219081433721633,-2.58038347989196,-0.56667530445885,0,0,0.245139377283769,0.620518579693218,0.0181665127359704,"LOC102724023"
105377924,-2.56699012743252,0.603187238338342,2.08386411759877e-05,-3.74921539050985,-1.3847648643552,0,0,0.0568425960636557,0.811557797007115,0.000404500724737515,"LOC105377924"
