"Gene_ID","Rank_Score"
"29923",34.5443496250536
"5507",25.5617228440053
"858",25.0350211279092
"3099",24.6351076652573
"91522",21.9225630974028
"2214",20.6155386639149
"23023",18.2026075022531
"8996",17.5038999207046
"60401",17.3385062134665
"6513",15.7297326705621
"140885",14.5633201054558
"1030",14.221396201505
"857",14.1247472834831
"4131",13.8490125113354
"1464",13.2770756047187
"6241",13.2621540693501
"10783",13.2278322277131
"7450",13.2044216690131
"3988",12.9668464896232
"7422",12.742869148743
"240",12.4232537984564
"307",12.2932809416676
"64782",12.1259257564982
"57222",12.0994214055746
"5046",11.4932158318738
"51203",11.3492577977408
"7424",11.3353993193236
"9619",11.2476937558336
"5954",11.1829228562337
"1012",10.8383184535604
"374655",10.6137162351556
"6281",10.5914914513352
"10376",10.5723244007282
"133",10.3668615635816
"2634",10.3437698964521
"23255",10.2869869125132
"7852",10.2408650982476
"121260",10.1617170052589
"81539",10.1355219052388
"2026",9.92219873693196
"4162",9.84698323982161
"4208",9.72968656342439
"4515",9.41672828575217
"4481",9.40778218066809
"341",9.4016795543389
"112724",9.26480675494823
"3274",9.13750118528893
"123",9.11591812528762
"8614",9.11417832158047
"81578",9.03474679773486
"11031",8.98908621954757
"5230",8.88926386558932
"10457",8.72974382716674
"26509",8.72099097081312
"8819",8.69864861536076
"121457",8.55698112906283
"27143",8.55336798782664
"2899",8.47585655432748
"5214",8.3737313760982
"11314",8.33116990149943
"10068",8.30750986878598
"126326",8.30494089153283
"9938",8.28359549033983
"83605",8.24876625294432
"114614",8.2090722821683
"57674",8.17252094040206
"1520",8.12490197211105
"55314",8.1093748962002
"567",8.0732093785291
"79876",8.02888324947083
"226",7.98410641460218
"6916",7.957388942673
"283140",7.94487874742715
"5699",7.90071017136362
"3714",7.88875817928574
"3133",7.87484248376047
"283848",7.85914724490277
"3958",7.84582333516023
"84166",7.82231014144085
"1643",7.82224395005199
"51313",7.80055875935
"56950",7.78492078587396
"56911",7.75069200349252
"24137",7.72956656419446
"3059",7.61700299883038
"3134",7.5928579896225
"4828",7.58747494525333
"5912",7.54938926172527
"1356",7.53645534494987
"84701",7.53614886548881
"7533",7.46345822992346
"1992",7.40694167876086
"26508",7.39322393294153
"9514",7.35086290614239
"5836",7.34190872616451
"57559",7.34009729135457
"3627",7.27900330456163
"9815",7.24754374146984
"7167",7.20356323829671
"5163",7.18597296652338
"112399",7.04828936325772
"10346",7.04462295647824
"5696",7.02027874764343
"23231",7.00695606473865
"51559",7.00460222299842
"162967",6.99356370239409
"23155",6.95653879422376
"1777",6.88591673024685
"11067",6.83344103359292
"91010",6.80665968664345
"85028",6.80371226409945
"83440",6.77790111451344
"221184",6.75551783950469
"639",6.74541055708605
"22885",6.73625924734974
"3003",6.70710099270725
"55026",6.69970924761741
"3937",6.62184197990197
"55558",6.6138210577549
"54769",6.57190797067108
"47",6.57115784548081
"56901",6.55463870941981
"6157",6.55178686537943
"8497",6.52578383311475
"203259",6.51990396842964
"6175",6.51413561440009
"3241",6.5056457954543
"5315",6.47671001427799
"55321",6.46661332787735
"6509",6.43923024799131
"134265",6.42016494559479
"3299",6.42004315128514
"6676",6.41378595015993
"84329",6.39647841572469
"7039",6.39128039400919
"4174",6.38568909165968
"7098",6.38244245615514
"6688",6.35277302142972
"9833",6.34808824973139
"919",6.34078604927612
"1956",6.33143702058859
"8985",6.32127560300477
"11118",6.30084905288429
"1003",6.25418081278769
"29780",6.21404722421415
"7851",6.20910732728123
"128966597",6.20910732728123
"4938",6.20632826499221
"230",6.15702189119281
"81552",6.1372544196707
"925",6.10140728804025
"6352",6.09868913568017
"7903",6.09762442875754
"4688",6.09413183539906
"80758",6.08917212796931
"10044",6.08662322463816
"9507",6.08156679741007
"8531",6.06984561293018
"23462",6.0561617475003
"10460",6.01907267695572
"106614088",6.00480209203458
"10205",5.99865092691274
"23612",5.98315930860084
"116496",5.96241895710296
"284996",5.9286770553794
"23102",5.92802765537285
"9871",5.92117615279916
"55704",5.91780372593796
"10076",5.89883262900525
"9246",5.88523052772222
"3936",5.87578418359375
"55589",5.85528823413703
"57568",5.8272514736478
"197259",5.82193536410116
"11156",5.82092100347635
"355",5.8106659042867
"2014",5.79603061079522
"1026",5.78865443402273
"404550",5.73991908306864
"5034",5.7344999896792
"939",5.72033330109056
"9735",5.69448027090972
"330",5.66352633546946
"5820",5.66320306889701
"56005",5.64423220078829
"84689",5.63857323014425
"10981",5.61603199777846
"7004",5.6030224829612
"1033",5.5979563579728
"8490",5.59287388429773
"57580",5.58289263159499
"5724",5.56223450987103
"7378",5.55595093696491
"126382",5.54749976696103
"4869",5.54359798909967
"10095",5.534008807571
"10495",5.52251256284509
"6319",5.51349904088529
"4603",5.49921416785916
"28988",5.49421702564172
"7436",5.41739821440915
"124997",5.41043368825672
"29097",5.39262759649769
"55723",5.39177864588898
"124222",5.39031062464311
"2701",5.3656269025699
"84617",5.35941159281888
"114904",5.32735612315178
"197135",5.32653031880488
"79705",5.32508797163115
"440836",5.32279857640763
"114907",5.30618207957368
"136319",5.28916966080707
"133418",5.28235386793662
"10960",5.28190645344969
"30001",5.24398678066334
"57118",5.23753462508625
"83540",5.2370059652693
"64866",5.22322543703486
"3689",5.2191369867919
"10673",5.2101708601976
"23670",5.20247959419602
"5551",5.20233542178247
"4345",5.18170669540337
"2869",5.17345861616011
"79228",5.16873601224872
"834",5.16426947808653
"5129",5.16022341236417
"4001",5.15142703898157
"129804",5.14200708873536
"302",5.11406793225047
"11007",5.10451897687168
"170384",5.10314571929963
"10669",5.10121735658537
"79651",5.0929585620798
"285966",5.08213492643562
"22846",5.07831169108692
"8291",5.06853447784357
"64581",5.06304401437729
"2791",5.05474381539926
"8862",5.04706817585402
"6541",5.01907499080158
"19",5.0134305470471
"114088",4.99980559825336
"3603",4.98270089116077
"9601",4.97668121342137
"132864",4.96309544970307
"51285",4.94745612205021
"2280",4.94677473222389
"55824",4.93918833236367
"27347",4.93425405875253
"3915",4.93172292593574
"6150",4.92955679651253
"4690",4.89015429409863
"5601",4.88865839165346
"5428",4.88083456450576
"57125",4.87296832894756
"56261",4.87096133557717
"4332",4.85278643117547
"301",4.79007198394128
"9844",4.77836509914106
"51291",4.74843833696328
"2533",4.74695317907436
"91351",4.73070320879262
"3703",4.72728130271932
"100133205",4.72309630009472
"10489",4.69953873415468
"8832",4.6975357869162
"9369",4.6877159356185
"169611",4.68088242586272
"953",4.66683044418171
"81831",4.66592560447191
"51360",4.66189689352351
"26136",4.63431602702452
"4233",4.62499153115583
"27145",4.61650854172907
"11072",4.61552481156688
"23551",4.60528107425334
"6790",4.60341166548405
"27113",4.60070363534049
"80830",4.60069754488431
"1475",4.58914455357944
"4283",4.5762090634966
"84034",4.5589278016088
"5873",4.54358520775718
"10553",4.5399701637752
"7979",4.53580689160782
"10561",4.53535052350502
"79690",4.51978137937228
"6890",4.51894097935272
"25829",4.5178421750195
"23151",4.51307670116885
"9111",4.51053366078187
"54521",4.50991946803636
"2971",4.50836769868531
"23603",4.4974457050065
"25939",4.49143970267104
"9324",4.489399665201
"5028",4.48245464672997
"79139",4.47829437349791
"5788",4.47754377991361
"8701",4.47529069625393
"55332",4.47272584722351
"4833",4.46249260844582
"5898",4.46135576597246
"51816",4.45963624551317
"1359",4.45515567703423
"488",4.45324006089257
"162394",4.4492405149832
"285958",4.44759944695401
"100507347",4.4183060405232
"7462",4.40288508856881
"6324",4.40039204504368
"912",4.39974858451855
"56833",4.38923819456785
"143458",4.38736640579993
"161198",4.37656510775023
"10552",4.37635633166653
"114908",4.36023545699306
"3561",4.35438251789426
"6646",4.35081163307075
"8905",4.34613737236292
"284716",4.34582735347976
"11040",4.34424418941531
"8717",4.33681358770281
"53904",4.3313154967977
"151473",4.32209760281929
"3071",4.32157912452646
"64641",4.32134526185317
"821",4.31054798251855
"948",4.30113075667828
"6236",4.2888319506468
"83483",4.27470358367018
"79868",4.2739042353447
"23313",4.26748772681224
"50856",4.26314933931908
"8445",4.26031880860334
"412",4.25737432279684
"11010",4.24492676180849
"5066",4.24357978904667
"84894",4.20943866198471
"283349",4.19794667322041
"1796",4.19391808557373
"864",4.19171174885652
"55861",4.18240431180982
"1521",4.17470641173834
"55205",4.1728840551278
"439921",4.17087213681384
"109",4.16556984137879
"581",4.15601937638646
"100506211",4.1481836705635
"4939",4.14230709866109
"4133",4.14192290885699
"64778",4.13892990685158
"182",4.13035648494959
"80381",4.11195226560502
"56929",4.11157359094672
"865",4.10887479411295
"7357",4.10819790452683
"29767",4.10705152579708
"146330",4.10621549167336
"440",4.09366568732198
"10085",4.09263173141434
"1371",4.07717009344654
"50807",4.06220062784128
"59",4.04051263824306
"3486",4.03808994116335
"399474",4.03526213223334
"25902",4.03377373117193
"81620",4.0332244752082
"9034",4.03075131386584
"25816",4.0281100808197
"2023",4.02526304975228
"54209",4.02401739392883
"55254",4.01244453877232
"10687",4.01239724850997
"10417",4.00747669829426
"53346",4.0023512911762
"257106",3.99857713513005
"23208",3.99194656747773
"79180",3.99082764074377
"151636",3.97740745329807
"6202",3.97630298961425
"116832",3.97269964307778
"2697",3.96714090880065
"26278",3.96654431310559
"5901",3.96516030349731
"84678",3.95012230101783
"8448",3.93051688556274
"7043",3.92961637259078
"57538",3.92281307317591
"55191",3.91576592763297
"2882",3.9096712682774
"10384",3.90808286560372
"9603",3.88915171994345
"162073",3.88278413894352
"54843",3.8765171902404
"58472",3.86229829147562
"81848",3.86212570940976
"23780",3.86136194182347
"10092",3.8524246717914
"55619",3.85117201405728
"10659",3.84705396791134
"22993",3.84020927167882
"5797",3.8280775962015
"51192",3.82371882898084
"10437",3.81841968428551
"9123",3.81512495042052
"79174",3.81358685115872
"54936",3.80917299621744
"105370027",3.80663500004515
"8662",3.79780663114231
"8826",3.79479831643821
"79760",3.79378294780636
"4175",3.7910671004208
"161742",3.78443334265085
"60674",3.78077880534931
"675",3.77651201382015
"7873",3.77106730804493
"64856",3.7682126973022
"80709",3.76744543279288
"9201",3.75497916029314
"4154",3.75386021704339
"493",3.75376227252974
"57103",3.75086048465539
"10051",3.7466837069534
"6002",3.73942016712437
"8731",3.72998684242741
"10580",3.72408792609225
"1948",3.70451928574197
"55818",3.69006839835776
"60",3.6891060324693
"115273",3.68651463660951
"9645",3.67507523272109
"4069",3.67478478387021
"441168",3.6724510226549
"57121",3.66500869720732
"57586",3.65702082499295
"714",3.64999789809288
"1363",3.63078005671197
"79850",3.62844151083289
"3423",3.62781408230471
"132430",3.62544741352835
"5027",3.61567142479345
"51365",3.61081362310216
"5355",3.60597668517451
"1890",3.60560930247801
"57556",3.60232075403628
"6137",3.60010221456849
"10252",3.59643499636218
"4245",3.5936506718474
"9140",3.58958317904673
"241",3.58901158466413
"397",3.58762441926376
"10915",3.58502009787657
"10791",3.58135752125261
"5996",3.57616715462384
"813",3.57375345076252
"9881",3.56704776354424
"1441",3.5666374165551
"255877",3.56446991819461
"11177",3.56087181883777
"55215",3.55441703429938
"57099",3.54043280439945
"84230",3.51983998511213
"3687",3.5147121379193
"3939",3.51398018865055
"7188",3.51134002281944
"3140",3.51021658248326
"79026",3.49332969860404
"81615",3.48595526214441
"55320",3.48488811737718
"10733",3.48246733735696
"22821",3.48033609917204
"5255",3.47939942892964
"10279",3.47156023899073
"91039",3.46511830252184
"79660",3.4624142496985
"29028",3.4532306196227
"3672",3.45207994103498
"64108",3.45023628911078
"51751",3.44644905033241
"3275",3.43868442518762
"923",3.43655712894058
"159371",3.43299579133
"25900",3.43152172496568
"7322",3.43051896289026
"57655",3.4303907266
"10855",3.43014412734084
"595",3.42882083651848
"3601",3.41592823664835
"51251",3.4155031124112
"1029",3.4150411244528
"84259",3.41072026031287
"10954",3.4097618528727
"641649",3.38913340259857
"51526",3.38832995749882
"6507",3.38630157382623
"51735",3.38253240907348
"7128",3.38076688396724
"5272",3.37879919680501
"55973",3.3735603386187
"148867",3.34825001046932
"359845",3.3466796071372
"6139",3.34015317635179
"115362",3.33655151436618
"65084",3.33410312625455
"285533",3.32867025750502
"2999",3.31287287981344
"389119",3.3070612601971
"4747",3.29492956883272
"1978",3.28297875266709
"7298",3.27897646750666
"53917",3.27409105871772
"54872",3.27366355762042
"7805",3.2728352177547
"4854",3.27103062072436
"50619",3.270986407205
"7099",3.26062553527872
"7305",3.25877489635745
"57801",3.25752689755934
"80821",3.25384510278291
"146857",3.25315405823042
"23480",3.25286729064718
"4046",3.25229167147266
"1459",3.25042611703678
"219285",3.24918137718991
"6793",3.2420711769991
"22822",3.24048428301729
"5098",3.23638408009091
"967",3.23504863380161
"54503",3.23149679680475
"1894",3.21901454217614
"84002",3.21751731250791
"25948",3.21686153533304
"56935",3.2058363453107
"51428",3.20510787233096
"2802",3.20505834886839
"400506",3.2006000496745
"141",3.19869962089126
"23306",3.19675309056408
"9729",3.19508279730511
"2821",3.18357520273491
"23080",3.17972206897369
"51129",3.17940216314738
"6472",3.17935043997761
"79980",3.17651133527108
"58475",3.17597902579721
"84102",3.17393237156537
"55536",3.16685738946821
"1050",3.16187209993357
"50509",3.15941209660602
"143888",3.15818875155629
"11309",3.15648369780083
"1452",3.1559321597592
"90861",3.15087513929061
"26191",3.14964218879857
"867",3.14746842746206
"11119",3.13299381743939
"85007",3.13289311755852
"10019",3.13269450835201
"4281",3.12427854727096
"10959",3.12393281685846
"9555",3.11204760134947
"9169",3.10932195149853
"5501",3.10745990175076
"64123",3.10293945332777
"2771",3.10183822484916
"7456",3.10065047839544
"2992",3.1003937863092
"399664",3.09600089724468
"117289",3.09434103019443
"5984",3.08945806283145
"2171",3.08830295523802
"3669",3.08653988389828
"4940",3.08637772905055
"3778",3.08236557817774
"1633",3.08182147484806
"56938",3.08035514843181
"6742",3.0772755308922
"5271",3.0745178243038
"6452",3.07407186456386
"440275",3.07350371984772
"10184",3.07203778501242
"80856",3.06801338501198
"5589",3.06680830460917
"5791",3.06676469083782
"55107",3.06304007769232
"72",3.05977678166857
"9636",3.0549817912547
"29896",3.05429377473363
"4664",3.05399556125226
"60559",3.05198513192363
"2313",3.05165181770303
"150223",3.05091576600786
"59345",3.04459697585238
"4171",3.03399700908506
"57520",3.02952566306234
"57608",3.02895104594784
"23642",3.02880596571729
"356",3.02707990768163
"10135",3.02356242129598
"83892",3.01049876856283
"22871",3.01002589282562
"157285",3.00075526512167
"127703",2.99921137919001
"8560",2.99591611322314
"22974",2.99317541902815
"11190",2.99310462402365
"57761",2.98806592308878
"55790",2.98289034807424
"200316",2.97853888199378
"3625",2.97075348074769
"6330",2.96842940629438
"6932",2.966583306941
"9935",2.96605067181902
"26353",2.96458246480899
"83666",2.95623237804552
"2232",2.9530474708689
"1509",2.95282366601386
"353322",2.94496015260491
"283849",2.94343461197275
"9846",2.94141889692209
"56253",2.93996695356156
"84465",2.93850798249118
"6404",2.93576216589165
"51187",2.93310894035707
"6039",2.93304896700105
"3635",2.93099228851174
"9404",2.92953326257415
"63910",2.92140680443121
"718",2.92102935983939
"6189",2.9094643056186
"64174",2.90216285210678
"80310",2.90103235947682
"5583",2.89831635494087
"147040",2.89007783246487
"64105",2.88928321668714
"285148",2.88922788664167
"1445",2.88887258460556
"22882",2.88255160153504
"3796",2.8804243360405
"4848",2.87636089392866
"55240",2.8751318842473
"9358",2.87395683648523
"3394",2.87307021811522
"80023",2.87069791855393
"115290",2.86964255086132
"6731",2.86417484806081
"9124",2.86345938743948
"91607",2.85901444721051
"221895",2.85622504093574
"54801",2.85560672864657
"51248",2.85155549257078
"151354",2.84855021077341
"6996",2.84737868641887
"112464",2.84317102473784
"3316",2.83958760986888
"1017",2.83906478592586
"23258",2.83484158373469
"6935",2.83464763299278
"343413",2.83256836052233
"5796",2.81953598987799
"6132",2.81877561367783
"51393",2.816443325032
"84695",2.81316433288725
"196463",2.81168933503982
"3790",2.79497330530823
"6094",2.79427578676815
"7018",2.78644892595047
"6143",2.78292834563714
"23412",2.78256249967186
"284119",2.77662388735983
"56672",2.77351054568936
"64231",2.77259200510668
"5154",2.77039116763555
"134266",2.76737403671559
"8821",2.76702389399408
"10385",2.76503661201651
"84687",2.76286311266592
"87",2.76140036369651
"80018",2.75698827272009
"3339",2.75598024634191
"1122",2.75595880255034
"100505854",2.75078251764694
"3162",2.74860940563569
"7316",2.7435467425563
"338382",2.7408745774724
"29902",2.73810824804652
"5175",2.73782620390461
"51673",2.73264687232029
"79718",2.7314121820561
"283229",2.72774202860338
"10392",2.72656835768201
"128239",2.72620489365041
"84246",2.72574804968268
"125488",2.72465273866954
"10226",2.72211972919967
"6925",2.71785864670524
"22996",2.71742237873936
"10138",2.71739521068572
"5782",2.71564956726908
"6433",2.71195518988447
"22898",2.71186674570024
"3903",2.70760335908636
"23193",2.6998443240074
"586",2.69887053715105
"51560",2.69824758890919
"51363",2.69799773139976
"283209",2.69693447738627
"7511",2.69586655840599
"1774",2.69545638550664
"5935",2.69483122565616
"140691",2.69381923377107
"9232",2.69035520634394
"55872",2.68931402391057
"10094",2.68541361393157
"23765",2.68448601718285
"713",2.67915023542316
"9643",2.6776917735893
"23493",2.67709418634677
"64092",2.67673033346324
"2918",2.67634416097888
"2123",2.67451962684546
"5982",2.67422544465149
"5917",2.67348791179215
"11186",2.66519027565745
"914",2.66325832350648
"11335",2.66062273418246
"140564",2.65744564631595
"79912",2.65581928108128
"79815",2.65005754880095
"55803",2.64396912309357
"203068",2.63664082257283
"80307",2.63566668439741
"133957",2.6344607495355
"7114",2.63396690077432
"6737",2.63396626678399
"409",2.6311356141751
"4856",2.6274572250217
"10282",2.62614083442676
"79709",2.62567124744131
"2004",2.61641143625498
"5742",2.61090095029439
"10154",2.60886650773544
"7097",2.60338848310826
"26586",2.60253639438758
"6495",2.60230663920518
"7775",2.59927181104741
"100133941",2.59893907855501
"51135",2.59399215939503
"6667",2.59173834739783
"51287",2.59059731059261
"23398",2.58743370467619
"6478",2.57937473882672
"11167",2.57865559995834
"201725",2.57589995044307
"51586",2.57205382639242
"79930",2.56562440877197
"1176",2.56458551629467
"51303",2.56113531848313
"27072",2.55319399865813
"6351",2.54468223530115
"4015",2.5416547805611
"3074",2.54153927919188
"143503",2.53925678888027
"54567",2.53638676306372
"284611",2.5353642006437
"3995",2.53500943518862
"57688",2.5337354130711
"285382",2.53352926814706
"6747",2.53141338174274
"54498",2.52528298152784
"144811",2.52377878626257
"64784",2.52140255819739
"754",2.5198965718877
"9448",2.51925920325363
"11178",2.51662706971635
"6188",2.51210305850238
"3455",2.51043293204217
"699",2.50968132138505
"8473",2.50948865030564
"5362",2.50830155640649
"6171",2.50139141376478
"753",2.4981058699765
"400236",2.49736243849113
"92689",2.49713563760614
"4067",2.49661058157829
"890",2.49604662757366
"829",2.49528648209437
"80818",2.49454040472
"7329",2.49132056504098
"9019",2.48979564176829
"3087",2.48217274854393
"55901",2.48162264118048
"9031",2.48069888769419
"55281",2.47705648571043
"257364",2.47363536914618
"401466",2.473181335295
"127733",2.47206682520106
"23162",2.4709411096442
"7846",2.47035695154546
"51284",2.47009644490849
"7690",2.46687234538204
"55784",2.46634494294303
"22913",2.46219911376979
"391",2.46062356004089
"4176",2.4604463821533
"221035",2.45966038596067
"57182",2.45661831291166
"169714",2.45627361879873
"2212",2.45572640128426
"27106",2.45322439475044
"8187",2.45308853760403
"84792",2.45259233586313
"26471",2.45013211289871
"392",2.44593549531233
"10982",2.44560378515854
"25780",2.44529607650853
"9732",2.44446250559129
"285195",2.44271590694553
"8312",2.44036424108978
"5985",2.44011676444108
"57185",2.4382739099402
"55255",2.43791020112618
"2760",2.4344157621946
"2113",2.43393772236437
"83640",2.43392906058707
"3985",2.43286997513084
"6672",2.42982499097554
"22795",2.4297756158496
"10295",2.4292816140375
"53829",2.42925349484259
"90441",2.42692554131126
"10921",2.42591589174633
"23344",2.42413288809537
"442421",2.42149465139918
"103352539",2.42149465139918
"64393",2.42036440064359
"79642",2.42010247622021
"5698",2.4196311667814
"51257",2.41674238154317
"55819",2.41367172323626
"6810",2.41272184969473
"57409",2.41190473285416
"8578",2.4094265547638
"79888",2.40911522315303
"517",2.40900336897131
"54809",2.40731695797046
"54882",2.40712161538539
"23704",2.40555427230247
"3142",2.40109095518
"84548",2.39855353794207
"6231",2.39707431507754
"2983",2.39545321290502
"7289",2.39336742974777
"8411",2.39299434064202
"115908",2.39223249575234
"23180",2.38472746358317
"10052",2.38459045782723
"23643",2.38457989219062
"1282",2.38366881669028
"9197",2.38366129316027
"942",2.38032323077891
"6626",2.38023181586729
"440712",2.37201960451365
"54873",2.37074500958879
"947",2.36646461091206
"5585",2.36491215870286
"636",2.36473954657776
"7458",2.36468453932592
"7168",2.35692935288336
"54187",2.35628379691887
"29988",2.35468319631121
"57519",2.35374418821866
"2256",2.35270356950867
"353116",2.35043767329955
"222962",2.34345051416691
"54518",2.340047900873
"25923",2.3299752947473
"21",2.32542003289369
"57343",2.32491655831074
"79630",2.32490625782304
"619383",2.32394807016283
"100158262",2.32394807016283
"9644",2.32300586784023
"9180",2.32065025285721
"219902",2.3181701280361
"489",2.31595808080705
"9572",2.31497241905686
"2828",2.31429791626159
"85456",2.31370725818076
"114793",2.30840468535822
"5713",2.30551706776081
"256714",2.30232667489129
"7423",2.30162099073814
"146439",2.30046895767709
"54464",2.29719139213465
"22856",2.29371803012498
"57823",2.29356092790487
"4837",2.29284016223184
"155400",2.29279827054723
"3566",2.29234526879091
"648791",2.29191347521986
"57097",2.29183298078414
"949",2.29180911833232
"282991",2.28832494682046
"23333",2.28448179177451
"54437",2.28337016431329
"6535",2.28282273909529
"8407",2.28107251982332
"50937",2.27804585640179
"23452",2.27646852865474
"9976",2.27535180411156
"10009",2.27424117624413
"1004",2.27278105398691
"60312",2.27272630808673
"5500",2.27269301862234
"51750",2.27256101132362
"148156",2.27180903834109
"2597",2.27156080618702
"7088",2.25898384843098
"55038",2.25863075539062
"153733",2.25557870543669
"2982",2.25496659051939
"131450",2.25486552129399
"56925",2.25471296157432
"80774",2.25338625471913
"2294",2.25027314045364
"10212",2.24539511345183
"94241",2.24170626161814
"10750",2.23683135066104
"400581",2.23683135066104
"977",2.23492559592357
"2494",2.23320098661688
"9616",2.23208876535506
"5130",2.23136735594779
"55080",2.23112710369627
"56852",2.2294433520818
"54540",2.2254358325417
"55893",2.22444670234681
"9319",2.22261005725784
"11120",2.22244146536437
"1756",2.22059273733984
"158471",2.21853896747533
"10163",2.21845420009251
"2664",2.21788685570776
"80097",2.21698979662729
"80342",2.21684231357519
"27074",2.21561332502878
"79778",2.21353076151106
"1889",2.21226214938932
"54455",2.20994368379437
"84957",2.20942451041581
"712",2.20860482896739
"23030",2.20608263117833
"23295",2.2023270741562
"150383",2.2013973104569
"100505812",2.20082537026122
"9242",2.20015342784482
"8682",2.1996811224144
"653361",2.19790564626049
"23682",2.19629178258615
"57488",2.1960280405175
"81691",2.1942890531838
"10396",2.19322489995737
"64900",2.19083279123288
"84910",2.18935151091755
"51571",2.18224447689713
"54972",2.18203914273774
"1727",2.18195356845304
"55608",2.17593194921846
"10636",2.17517765644779
"4017",2.17472835157041
"101059953",2.17403735197569
"84264",2.17347605985174
"25903",2.17337367881054
"8140",2.17089187413251
"1794",2.17080434394178
"153769",2.16671233963298
"8676",2.16568453566089
"55897",2.16531170997836
"79627",2.16493038579425
"3055",2.16035151112856
"309",2.16013239280859
"80301",2.16008268241986
"3001",2.15932584247322
"6102",2.15883423363705
"6746",2.1581868190885
"3098",2.15595716976049
"5648",2.15562091703192
"9926",2.15502632069832
"7204",2.15476751243126
"1613",2.15318571665669
"29969",2.15252881480997
"916",2.15006501037616
"5683",2.14814194198163
"8317",2.14679604010803
"8082",2.14584760670681
"728190",2.14570211361938
"54107",2.14421789333737
"81567",2.14402326920721
"9399",2.14327996431638
"100507032",2.14319157850516
"55110",2.1413957270352
"28969",2.14081785575579
"6883",2.14077194725493
"2995",2.13939438240789
"5371",2.13814706973658
"23481",2.13695018912884
"10505",2.13601073433194
"2589",2.13482988005068
"3759",2.13452681535388
"1780",2.13211431740519
"1059",2.13201458057339
"9168",2.13077561041893
"147965",2.1304551273555
"891",2.12682857261754
"3428",2.12469266889021
"84705",2.12415895709205
"10865",2.12316017464966
"3688",2.12223805555746
"129607",2.1219268307965
"51194",2.12118340676997
"101180901",2.12118340676997
"27253",2.11947574484614
"253430",2.1181335011897
"2857",2.11640519198858
"79706",2.11565484079128
"29126",2.11523928414389
"128338",2.1130288594228
"283487",2.1116396454035
"84626",2.11122083313331
"9586",2.11025890529652
"23386",2.10923928496348
"23092",2.10795817611775
"1454",2.10307758263874
"55743",2.10258147980432
"5141",2.09774082783227
"7416",2.09701611389156
"6749",2.09511859170014
"283464",2.09451203255823
"3516",2.09369857514564
"89848",2.08906373501673
"54492",2.08747078493933
"7837",2.08223550819093
"55957",2.08202798353779
"7431",2.08122540986316
"10657",2.08097559859816
"6602",2.08040983688903
"2054",2.07605104585283
"102724344",2.07362058425356
"29904",2.07258995683199
"800",2.07106973428921
"9334",2.0707769936748
"64744",2.06730481871752
"9828",2.06615901205333
"8744",2.06549245584566
"81839",2.06530759802078
"200162",2.06385414363898
"7454",2.06373767521745
"3956",2.06139840655029
"154810",2.05901170043913
"84959",2.05807352416218
"2956",2.05800974723997
"83463",2.05781399757109
"26152",2.05731979417652
"25960",2.05687980744395
"10534",2.05523418287581
"4038",2.053089498583
"51141",2.05272423773058
"928",2.05230291921253
"114757",2.05162578434146
"83786",2.051300740973
"203427",2.05023315056112
"5033",2.04910566290056
"6786",2.04885433035911
"728",2.04841132038552
"283234",2.04651962657521
"11277",2.0461914425029
"113189",2.04605581695535
"23184",2.04348330921266
"2119",2.03969063718637
"55596",2.03853538459463
"221120",2.03850909570792
"57007",2.03833269001472
"2908",2.03716123206731
"6405",2.03596181745929
"102",2.03359632572036
"4487",2.03297950165868
"5919",2.03228006250446
"11253",2.03162438013731
"3909",2.03126219834386
"2209",2.02754689301644
"64319",2.02467753893817
"54960",2.01968483022944
"346389",2.01829203058038
"9450",2.01695419847064
"2896",2.01553535849491
"25913",2.01496030141865
"4247",2.01465835790967
"5330",2.012454248129
"90488",2.0119907095298
"80324",2.0113248187777
"79939",2.01038399775489
"8844",2.01011664681386
"51246",2.01002679196966
"1687",2.00533334157971
"91319",2.0047718133947
"221416",2.00455669803847
"9744",2.0045565524495
"81855",2.00439279112522
"5256",2.00131378266075
"54453",2.00111226616577
"91283",2.00104452752275
"3606",2.00082955498794
"9770",1.99983773909818
"200081",1.9989920767538
"64170",1.99741872920604
"4199",1.99519372893182
"963",1.99133655293351
"8643",1.99037168144738
"63895",1.98989952423077
"126308",1.98972955451296
"29927",1.98797032327169
"3782",1.9874857801274
"7143",1.98689230477424
"308",1.98646016699351
"285672",1.98528856975187
"22933",1.9847079119376
"23129",1.98419760622295
"79075",1.98059167801609
"9488",1.97953558653408
"55114",1.97945164259795
"3646",1.9791557056046
"9231",1.97847868836585
"84326",1.97798478653391
"51491",1.97641073020001
"22818",1.97365848095267
"51371",1.97150253009895
"196441",1.97124049272578
"654434",1.97120893605606
"7127",1.97114845024965
"3614",1.96763483286551
"4666",1.96743464237901
"283104",1.96630567440406
"57102",1.96275145629165
"55716",1.96055635773205
"64427",1.95869109008316
"259232",1.95710091633629
"6782",1.95551852673777
"5310",1.95491813553844
"2590",1.95455519204095
"4068",1.95371317927432
"4150",1.95359910863717
"84911",1.95267344980112
"440823",1.95224995029252
"23236",1.94980160452299
"105372522",1.94980160452299
"64091",1.947199462743
"10484",1.94420582656033
"83695",1.94193947576555
"7409",1.94106640160445
"3676",1.94002906566049
"387890",1.93978881540979
"51182",1.93751163068774
"6310",1.93689533788557
"84775",1.93676796946034
"143425",1.93504004924983
"51465",1.93425781070615
"100506385",1.93384569846388
"10330",1.93075380865657
"558",1.92967007824669
"9337",1.92864292395048
"128866",1.92610826912016
"116985",1.92356919736334
"2153",1.92145460134825
"84928",1.9208861171967
"1809",1.92013460839642
"7319",1.91986227647004
"79365",1.91981570605712
"8515",1.91830057103064
"10336",1.91815312887395
"27128",1.91805310521028
"7570",1.91775125540156
"730005",1.91707295943611
"285598",1.91403779008329
"8321",1.91213364365358
"10287",1.91181492714734
"286530",1.91176392461578
"282974",1.91134505129832
"2273",1.90943141453693
"50515",1.90715130753853
"2681",1.90640370001019
"400451",1.90409653472669
"3431",1.90389168332116
"3683",1.9034718329812
"3476",1.9014436463608
"5001",1.89864239030429
"1292",1.89781500152383
"84154",1.8976844596516
"3777",1.89616688157135
"81575",1.89567724344204
"81566",1.89445881359787
"56952",1.89411326022826
"4193",1.89389054866599
"5351",1.8938753591446
"23399",1.89232809761626
"2242",1.89113779526019
"55651",1.89001990924748
"84450",1.88937242059703
"84324",1.88903459328611
"10550",1.8886181527844
"22918",1.88717712255206
"374393",1.88686276800816
"80853",1.88631933575324
"84790",1.88572367821011
"54676",1.88143292874856
"23348",1.87947084965948
"64747",1.87864182740442
"51006",1.87721762328066
"10487",1.87682876172931
"55769",1.87648567253306
"7293",1.87528924825952
"10058",1.87450176059071
"5971",1.87420754974996
"8439",1.87052048913913
"1906",1.86827445161126
"91057",1.86740663530242
"83448",1.86636904234352
"10010",1.86561943030486
"200558",1.86300067704972
"133308",1.86290377333585
"1909",1.86202139245525
"219988",1.86165453625447
"2",1.8610316201841
"10509",1.85914722487953
"29952",1.85850966559029
"7130",1.85582752701121
"64285",1.8544683993352
"10801",1.85364148139147
"64224",1.85277627566143
"4641",1.85171104465307
"79834",1.8511631411435
"5062",1.85041218346149
"283820",1.84946305745809
"90268",1.84938642441106
"79101",1.84624056527642
"4803",1.84588795525781
"313",1.84560221861451
"6173",1.84466966994474
"11343",1.84174287644964
"8099",1.84011790656791
"256364",1.83928014275033
"2130",1.83881393428074
"5373",1.83658407226318
"100130283",1.83658407226318
"5341",1.83593572185039
"57804",1.83542445353383
"88455",1.83539628120542
"653319",1.83464990177195
"8818",1.83440114831935
"990",1.83190457051779
"84286",1.83139184736513
"29887",1.82967138886848
"96459",1.8293996572351
"8869",1.82725324432579
"8565",1.82655358908472
"11245",1.82487485339555
"166824",1.82353622435491
"10970",1.82013042327986
"1729",1.81904245499391
"6193",1.81788287008215
"253980",1.81750251099851
"23589",1.81738990646283
"5832",1.81728556528803
"7024",1.81550884738715
"1798",1.81522092092662
"65003",1.81474862566285
"374403",1.81457275999947
"100506334",1.81425913501411
"101928126",1.81425913501411
"23061",1.81422972253483
"54345",1.8126442232052
"80723",1.81133781372975
"2013",1.81129554871871
"2042",1.81064500810516
"27166",1.81047660569651
"51667",1.80771346672658
"11151",1.80760247166992
"6604",1.8074302071361
"51703",1.80664930669967
"51466",1.80551225072478
"649",1.80433121923801
"10813",1.80431178839412
"57494",1.80332481114373
"285596",1.80250310331446
"1284",1.80188311249354
"98",1.79935945997449
"63979",1.79868144091618
"51752",1.79550910867017
"4521",1.79504186386146
"84993",1.79205100113788
"115361",1.79200872365979
"84058",1.79198846640775
"11260",1.79176119982944
"6237",1.79141599115119
"1942",1.78993771902085
"78994",1.78919074252297
"5880",1.78895810176457
"468",1.78885850347103
"144402",1.78837995151
"58513",1.78770372664737
"10042",1.78057654928587
"7534",1.77948912705522
"4673",1.77793865634504
"51162",1.77781714876871
"55034",1.77491702421106
"3437",1.7748796129862
"57496",1.77466544181339
"11062",1.77379001341725
"196513",1.77263861084495
"134429",1.77212501389071
"284018",1.77206823607805
"55729",1.77081406238601
"10775",1.77063423897496
"109286553",1.76886176819601
"10318",1.76821789023946
"11078",1.76712211512848
"63920",1.76647222603625
"55754",1.76438614908141
"79053",1.76412342212748
"10606",1.76259471113518
"375387",1.76230268781163
"153339",1.76125095356487
"2037",1.75984742527097
"10578",1.75846864603806
"22880",1.75794311544738
"57332",1.75617841078638
"81671",1.7560562283853
"81926",1.75458935246865
"4093",1.7537828505434
"11082",1.75244287514285
"5768",1.75143403398424
"58487",1.75125177844372
"9989",1.75111915429592
"9909",1.7495683354564
"79742",1.74887203355091
"65991",1.74802426996035
"10162",1.74672385677893
"26297",1.74414227964369
"84650",1.74326490419858
"100289097",1.74108279775448
"27351",1.74004291558252
"84904",1.73806325105288
"10863",1.73673312250702
"100288637",1.73556070825064
"5429",1.73444368591254
"7791",1.73395485409517
"9859",1.73354905634718
"54543",1.73212724206306
"107986346",1.73212724206306
"58480",1.73172120902137
"340351",1.72927109488216
"2213",1.7292503757676
"11214",1.72689587783375
"80258",1.72571887889488
"6207",1.72454038622186
"5939",1.72402082310765
"55766",1.72342209725892
"54625",1.72328840419844
"54985",1.72269694042911
"10943",1.72208496213751
"5277",1.72188147723799
"8553",1.72175684843585
"8637",1.72162031487383
"25972",1.72114489395447
"6773",1.71761151000679
"30846",1.71369358775793
"323",1.71150979357503
"27350",1.71057677355072
"2487",1.70876561969735
"10493",1.70856687547855
"91433",1.70752293061727
"122618",1.70679388822418
"90637",1.70380546622779
"8550",1.70363723475945
"126432",1.70129145693611
"5036",1.70047809705661
"9451",1.69766127771714
"10906",1.69683539547585
"5228",1.69617603374007
"79596",1.69607432727152
"63901",1.69552643206964
"80162",1.69524000493083
"8829",1.69466466001885
"2335",1.69300747754435
"197342",1.69180316654276
"100101267",1.6907018530539
"83464",1.69006136361236
"9840",1.68919298425289
"114769",1.68835721236205
"5817",1.68814154917124
"219699",1.68784130139737
"6100",1.68668023795431
"11098",1.685724920265
"10079",1.68564653570554
"81606",1.68506459392898
"55711",1.68483517072654
"55841",1.68398268339247
"23071",1.68262600543126
"6455",1.68068724938333
"2635",1.68032979050872
"57232",1.67824457044785
"51100",1.67651783468729
"57122",1.67636392510136
"9520",1.67392637132037
"6464",1.67262091616865
"10036",1.67173386015973
"5376",1.67148447522068
"7494",1.67126466899521
"3702",1.66890829748756
"2321",1.66831369562634
"171017",1.66544705884049
"85395",1.66289401726347
"80817",1.66146400433598
"400619",1.66085089611362
"100499467",1.66085089611362
"6181",1.66048280693526
"2778",1.6595811007127
"7517",1.65743387785349
"10161",1.6535631304901
"7389",1.65350431921712
"26115",1.65342651251498
"64115",1.65266313505354
"6091",1.65145696089806
"103611157",1.65125930692245
"203547",1.65107031317601
"5925",1.65066979203665
"64318",1.64944531248297
"58504",1.64889926136294
"55971",1.64823143385191
"195827",1.64681985566795
"4627",1.64633374868597
"10227",1.6457795037677
"284023",1.6448834978083
"11279",1.64310876590668
"3014",1.64234615367019
"29085",1.63899728380476
"26271",1.63804275482319
"85450",1.63587869647086
"26031",1.63488127987955
"11269",1.63349667181215
"254102",1.63285531407168
"2357",1.63217179132696
"10270",1.63194474470072
"6185",1.6294340612877
"662",1.62937546070857
"9672",1.62903376090307
"219348",1.62882186573584
"6949",1.6287024853287
"6187",1.62865103709203
"4683",1.62860389153696
"8841",1.62717543999103
"83643",1.62614742224007
"25959",1.62585238642372
"7408",1.62187320295973
"114548",1.62158537813654
"10124",1.62015394724474
"4478",1.6200917251041
"83706",1.61859748563992
"6364",1.61765101205042
"79001",1.61736420121883
"10186",1.61606288143746
"50813",1.61219793386685
"3429",1.61204242355195
"91409",1.6120405135492
"23527",1.61167198877058
"10203",1.61056707626844
"81873",1.61049317079619
"51164",1.60891726421762
"58191",1.60451967220064
"84933",1.60234887395817
"51720",1.60132274493723
"6494",1.60091958873345
"219972",1.60047558945329
"51622",1.59905495524112
"5571",1.59632352302842
"203523",1.59530143401452
"6168",1.59498146032803
"25929",1.59491084965346
"10188",1.592784462266
"11044",1.59275135571206
"11006",1.5925793881984
"8882",1.59215920698123
"9040",1.59028032660379
"2359",1.58952983675625
"92241",1.58940115629529
"10111",1.58916932444009
"3460",1.58896835355289
"728927",1.58812438706698
"5210",1.58809260855377
"10745",1.58767049931969
"55250",1.58632909845946
"387707",1.58568504192543
"29801",1.58329378680947
"3075",1.58321396785304
"7559",1.58209375072059
"10412",1.58174703362824
"348013",1.57998565189646
"90634",1.57729317260598
"58505",1.57702567141102
"1295",1.57687576008496
"6154",1.57674054753065
"8481",1.57632340341483
"4055",1.57555318020535
"8454",1.57303998649148
"8986",1.57269480986896
"8683",1.57141835138778
"1730",1.57078812038269
"399",1.57061674639418
"338657",1.56735415452608
"10248",1.56610169376067
"60626",1.56282026614234
"134359",1.562291690791
"80854",1.56197491365054
"105377622",1.56197491365054
"9535",1.56138047442042
"221955",1.55888132175948
"92667",1.55867003449928
"56133",1.55822974252603
"1476",1.55820967309146
"56654",1.55794443701531
"80833",1.55762702324156
"7181",1.55744939635186
"441478",1.55671870170287
"57696",1.55621459118825
"283237",1.55618555518695
"114659",1.55577882701721
"23597",1.55529002541227
"55049",1.55507930201178
"8936",1.55248062046471
"604",1.55213207018358
"153768",1.54815388388309
"7083",1.54801071393427
"6164",1.5479871637669
"51026",1.54645484746956
"140739",1.54617677410869
"10312",1.54440478787922
"9657",1.54284868889254
"2146",1.54216024135399
"114836",1.54194196197706
"60386",1.53742737835531
"10179",1.53610530632428
"950",1.53604068827084
"11344",1.5351071322773
"285",1.53449118996402
"153830",1.53406981482555
"653784",1.53375031028584
"8315",1.53318477716562
"3631",1.53202260851332
"131675794",1.53175571285919
"51530",1.53136341356204
"7975",1.53069072072193
"22839",1.53039319599184
"4124",1.52771734871152
"57572",1.527321855201
"6280",1.52727119624545
"7041",1.52624786803206
"54541",1.52591626073369
"23090",1.52460480520701
"9341",1.52440188692303
"6282",1.52305516832471
"7881",1.52286791279709
"728229",1.52277579749159
"9473",1.5223772759235
"91523",1.52202648453455
"80196",1.52132612854173
"4689",1.52055931801415
"3665",1.51970030571004
"56204",1.51733722900108
"23505",1.51662374922006
"761",1.5156635188559
"81553",1.51561606596855
"140809",1.51555413042971
"23063",1.51330561658266
"26090",1.50890108364178
"93109",1.50795043166953
"65992",1.50781475298442
"202309",1.50718897162994
"2120",1.50626629711449
"729678",1.50617952426184
"30833",1.50404895927381
"10220",1.50121137177717
"2000",1.49964117579805
"80346",1.4994294730011
"5552",1.49932502489242
"2582",1.49859579807744
"152007",1.49853829811001
"7752",1.49844789454428
"93166",1.49818476200258
"7046",1.49748460281888
"11333",1.49738424336881
"114902",1.49718486794111
"121642",1.49551513783228
"51307",1.49400137489134
"100128966",1.49400137489134
"221960",1.49198765565053
"6515",1.49124374626068
"8914",1.49095577455419
"64065",1.49055388760457
"3269",1.48964508488929
"9647",1.48755594034407
"57650",1.48431615452073
"9639",1.48140142034108
"7052",1.48108161857494
"7482",1.48076105756289
"5073",1.48066127062194
"57221",1.48021936510049
"80727",1.47975062970799
"10260",1.47853218953748
"84823",1.47842669197788
"145864",1.47820177946481
"5682",1.47802233136715
"6502",1.47761542708035
"1104",1.47645082088725
"80824",1.47631653184744
"4863",1.47276554876855
"2669",1.47143392974201
"5352",1.47066890073723
"23592",1.47059141436644
"10769",1.47006998750292
"23423",1.46984412219318
"10616",1.46908061115229
"54853",1.46712496014279
"728568",1.46657245871881
"5927",1.46610542031999
"5332",1.464562437337
"26157",1.46342097008732
"29066",1.46042436969366
"286527",1.45951658582533
"128308",1.4582971712997
"23636",1.45822504666595
"952",1.45802824818911
"51163",1.45780829185627
"23141",1.45522240782055
"4846",1.45273104411225
"9537",1.45093248124092
"958",1.45027237407971
"26608",1.4494227364718
"55696",1.44938184871145
"10870",1.44928103536318
"129831",1.44677146304426
"10008",1.44628941109202
"5111",1.44583555193136
"3659",1.44581222652901
"9125",1.44392676538084
"100049716",1.44391286887936
"55646",1.44379439837279
"401494",1.4435517963612
"8726",1.44280075164674
"140460",1.44030190543031
"9980",1.44012574516929
"100506516",1.43978155457204
"8904",1.43723575449279
"719",1.43276776390134
"440345",1.42966011197928
"60681",1.42877402322162
"9435",1.42742817732232
"128077",1.42634256078444
"8660",1.42550020881721
"7076",1.42456935277182
"4335",1.42314610262943
"29933",1.42307927470833
"7737",1.42188455858969
"10204",1.42113880549348
"79585",1.42045096016911
"11148",1.41969161921271
"4288",1.41913935607923
"100233209",1.41891740919782
"8828",1.41831268696804
"6789",1.41781063329171
"149628",1.4172350850834
"388796",1.41694046832003
"55900",1.41682729404967
"960",1.41551182808169
"27000",1.4150118618605
"3730",1.41460637841705
"3654",1.41359051427912
"23531",1.41269195410567
"54952",1.41173523810856
"7037",1.41070593064671
"83595",1.40956165162492
"3856",1.40935026042378
"861",1.40887057178474
"100506403",1.40887057178474
"2030",1.40791144833317
"644538",1.40691523333236
"160897",1.40672725209406
"7781",1.40620041460847
"26472",1.40451768946491
"5305",1.4029632225581
"167153",1.40255535633893
"196527",1.40246781662877
"64333",1.4006898999174
"100134934",1.39959638595744
"154881",1.39936946662371
"1306",1.39889637659369
"1524",1.39888563447787
"57552",1.39854230708162
"246175",1.397738342481
"2923",1.39749635256254
"29071",1.39721857549468
"6240",1.39717889402859
"27044",1.39450031425616
"10728",1.3941954371422
"132160",1.3939920224464
"80177",1.39314182311777
"101927204",1.39228397819672
"7153",1.39086012188169
"7321",1.38858529303548
"79866",1.38676110564433
"200634",1.38612728184799
"7040",1.38578868257423
"4791",1.38517297964204
"29089",1.38373703854692
"1901",1.38347417528208
"81031",1.38279634049749
"90139",1.38212430509877
"9792",1.37999711892791
"4330",1.37934148795557
"339230",1.37791360913286
"5738",1.37539060875291
"123879",1.37360022476453
"54491",1.37070391474308
"6892",1.3669890791426
"978",1.36695864823467
"1439",1.36630217701493
"7186",1.36592293974493
"541471",1.36498271795961
"51503",1.3646347413966
"23583",1.36455860119371
"1241",1.36371999354285
"272",1.36300278636055
"27299",1.36283554486966
"147138",1.36275751532197
"9746",1.36271074601068
"3716",1.36159550810734
"115548",1.36142845369383
"1193",1.36128886549611
"10228",1.36116341519581
"55591",1.35946133057078
"7532",1.35910244403057
"5744",1.35765926037561
"1615",1.35765207035033
"10664",1.35760422788792
"54020",1.35745959249488
"7320",1.35733611043566
"80021",1.35697484770043
"51668",1.3563953252375
"10541",1.35413940955874
"84561",1.35181310507185
"51122",1.35175283971881
"196",1.348027022565
"729852",1.3478406171649
"85451",1.34721038693565
"51227",1.34675353126025
"51338",1.34604533012619
"55340",1.34601297460173
"8732",1.34573963310886
"1235",1.34557380623154
"79008",1.34503505296158
"548593",1.34503505296158
"130134321",1.34503505296158
"79077",1.34497790092895
"7444",1.34496936635117
"8542",1.34471092026752
"387119",1.34452011626643
"94101",1.34388264943599
"4794",1.34277370662963
"4542",1.34197384608297
"7220",1.34101614242706
"1731",1.34060435730428
"3600",1.33965612205255
"7112",1.3385599559425
"10299",1.33841492135658
"83638",1.33790909291851
"3587",1.33787822858707
"64097",1.33774989010018
"10549",1.33763571719746
"2207",1.33741978727792
"29940",1.33510730377302
"55972",1.33497167730268
"114801",1.33428476101346
"89849",1.33383532826937
"10320",1.33371720593619
"8525",1.3334145627543
"23360",1.3329541006478
"84787",1.33286886473047
"396",1.33280029094624
"79682",1.33251496628497
"2157",1.33111712756312
"57700",1.33081594069075
"54976",1.32838450549268
"55299",1.32679616201241
"57136",1.32664783275519
"126731",1.326470522202
"100874362",1.3257813356484
"94",1.32533509069789
"7226",1.32510720339372
"55236",1.32489481049481
"157313",1.32465133147846
"11224",1.32332406322414
"836",1.32285704492883
"2521",1.3227805167812
"158",1.32199869314409
"6376",1.32080697048392
"9993",1.32050507860755
"10780",1.3201563360379
"4695",1.3192230634861
"152137",1.3191072100766
"51690",1.31892436854553
"811",1.31852224047292
"6614",1.31824637271674
"100996842",1.31819943540408
"2553",1.31723457108135
"23471",1.31690069381716
"5611",1.31621195223922
"1072",1.31491339618705
"84146",1.31380462828704
"353376",1.31251474441739
"81622",1.31231372073351
"85442",1.31108519317872
"80124",1.31030776653262
"51375",1.31016527404062
"3141",1.3095476658878
"8714",1.30888147361766
"9994",1.30805015746028
"79149",1.30771505846246
"4082",1.30611426829226
"25927",1.305812378248
"9869",1.30570710881027
"5338",1.30428117471988
"5900",1.30380197757957
"80270",1.30089130417982
"56915",1.29869016503969
"221496",1.2983589329229
"11328",1.29490310825517
"54331",1.29485661022826
"3077",1.29469001200902
"53616",1.29387989980927
"6252",1.29206080258942
"643836",1.2909189234985
"30811",1.29075524435878
"83541",1.29048571979887
"1457",1.29026795461657
"79626",1.29013666463749
"3611",1.28961849262408
"7132",1.28949931215507
"55139",1.28875591208876
"56926",1.28844380954715
"51294",1.28840665190591
"6624",1.28794300159737
"997",1.28738438164536
"51545",1.28672235065678
"4615",1.28534119025153
"4350",1.28497877445168
"196264",1.28494855775032
"51225",1.28441429048583
"51809",1.28353131733369
"84901",1.28313194199007
"80820",1.28308943147516
"11157",1.28303492262515
"5999",1.28109630116615
"57192",1.27928970531986
"54851",1.27882621902281
"441951",1.27869319685395
"123920",1.27643756137784
"143903",1.2760988485047
"10533",1.27564426034741
"29781",1.27518747543455
"54867",1.27490495925373
"78999",1.27464450028812
"4048",1.27443503041896
"79668",1.27309190154597
"393",1.27079577227942
"90480",1.26997990369786
"55016",1.26895095238382
"64135",1.26856139991834
"3838",1.26736854690176
"5604",1.26732902956391
"837",1.26672773829018
"83872",1.26646456313571
"116159",1.26598486359209
"64222",1.26491504916128
"63897",1.26470494472424
"10011",1.26419895521702
"100506776",1.26378292806224
"2189",1.263399806443
"64098",1.26252931908578
"5790",1.26235138369676
"9181",1.26199075719801
"25764",1.26194464674404
"23240",1.26180088200952
"154807",1.26098418287863
"114884",1.26069506537345
"5049",1.26045154901556
"55707",1.26033004809605
"5756",1.25803583124137
"4141",1.25746778982985
"11140",1.25730691176705
"80201",1.25721417909628
"126375",1.25685206612536
"187",1.25664391939307
"8635",1.25483523189897
"7126",1.25472114443805
"25797",1.2543954333685
"29899",1.25389629934838
"9442",1.25365214674099
"83481",1.25351411117633
"219855",1.25232586305611
"55196",1.25124764072288
"60490",1.2505320831872
"57786",1.25037886799577
"25855",1.24978175432191
"7058",1.24636160076635
"256643",1.24467153601018
"101927378",1.24405786815316
"6134",1.24403446229212
"4201",1.24352284600551
"4650",1.24320763116484
"3151",1.24271357632574
"293",1.24251737983462
"100506649",1.24242327708344
"2934",1.24208370848775
"150372",1.24079575679444
"55755",1.24058251496582
"27292",1.24015938469331
"56122",1.23964476115583
"1846",1.23936012199848
"775",1.23917250038187
"100874369",1.23917250038187
"123803",1.23798730281573
"170463",1.23776661640143
"5983",1.23721997169798
"57493",1.23681058442272
"2965",1.2361323113708
"6878",1.23482530165875
"134957",1.23465615714895
"9146",1.23428826889276
"6477",1.23390522542958
"196528",1.23329801782773
"9508",1.23310154652672
"22861",1.23305017257869
"23046",1.23302357422043
"100506305",1.23180403092571
"7412",1.2309096475643
"27291",1.23075717741151
"729993",1.23058000187003
"134510",1.23032723814917
"143872",1.23029916090724
"55509",1.22956667026259
"25937",1.22914692553392
"124512",1.22754311674122
"104355287",1.22737243817216
"104355288",1.22737243817216
"4261",1.22693853450132
"8218",1.22648036725462
"2081",1.22638922243008
"22838",1.22617163274921
"59339",1.2259763864799
"57381",1.22592324180618
"6651",1.22563136512928
"389",1.22494083758177
"81688",1.22491160916611
"5361",1.22472048563098
"1522",1.22448347973092
"114899",1.22402627145507
"6674",1.22314335353934
"27042",1.22270867029751
"11266",1.22129005832837
"54892",1.22126451907862
"24145",1.21759167552374
"4839",1.21746456916182
"55571",1.21669321855608
"215",1.21593140034854
"200185",1.21541155311461
"54969",1.21540502326331
"10743",1.2144293696359
"55346",1.21404504919664
"9235",1.21327986990526
"25798",1.21224353850253
"115426",1.2116235618352
"101929709",1.21103453053007
"23149",1.21014966488565
"51082",1.20880720171997
"55638",1.20868066802826
"9227",1.20784349215047
"51659",1.20699452865616
"10130",1.20613185762778
"57091",1.20559590125849
"22900",1.20422718551782
"25873",1.20249132012778
"84883",1.2020072024321
"10109",1.20189775777964
"7371",1.19948932957343
"994",1.19874143881226
"4701",1.19866062825529
"147015",1.19843506078593
"90317",1.1983610347467
"57157",1.19768303873149
"7748",1.19695591332583
"7133",1.19499149701639
"50863",1.1946612063264
"6001",1.19430901061278
"116068",1.19254826694603
"100506736",1.19193001860598
"92675",1.19185060376278
"22992",1.19098266802233
"6427",1.19051030154654
"1043",1.18996051509307
"3660",1.18948195972539
"55700",1.18903830215848
"1789",1.18788808032212
"5902",1.18779473694226
"375790",1.18620565372275
"79039",1.18472837573695
"6117",1.18405138906338
"30008",1.18310528791824
"2200",1.18223768071696
"9873",1.18196812886742
"3181",1.18186553695189
"55142",1.18157469597029
"6320",1.18056055919193
"154075",1.1805093458382
"11273",1.17983188094241
"6566",1.17924938425441
"8477",1.17867343771431
"79027",1.1781720380595
"6901",1.17776565139682
"5763",1.17772442451198
"338692",1.17767279790199
"113174",1.17447535902262
"58477",1.17433869427779
"22916",1.17394456879741
"167691",1.17347590233423
"5570",1.17240098509994
"56882",1.17210566995946
"10807",1.17132630350307
"2202",1.17092346491593
"5025",1.17090956759001
"6730",1.169417685405
"347735",1.16880409913013
"2034",1.16863527538592
"112611",1.16756212277844
"57699",1.16697533410839
"55659",1.16692492514229
"51275",1.16667165907859
"5778",1.16644299701161
"22915",1.16535083909435
"55785",1.16477758296959
"83637",1.16476569264136
"23176",1.16406866273545
"84148",1.16338358091702
"51065",1.16274322281761
"117166",1.16269908009842
"138639",1.16242503229226
"57730",1.16239106086184
"84675",1.16205178073864
"51293",1.16174940583707
"55839",1.16154337604199
"56650",1.16114294316585
"5082",1.16054289605705
"10410",1.1597199799925
"133619",1.15910367428352
"54700",1.15900453187944
"63922",1.158629403496
"643911",1.15739111009338
"101927480",1.15739111009338
"101929705",1.15630391962487
"23760",1.15510591395585
"55345",1.15493924819385
"51474",1.15489931423879
"1843",1.15381039195525
"9416",1.15370647125909
"5216",1.15368630359468
"11346",1.15364505171186
"5155",1.15352260020596
"4725",1.15340836155626
"55331",1.15328617327863
"11054",1.15275847318642
"5045",1.15216385270561
"404281",1.15176258804776
"2323",1.15162680294431
"51222",1.15087814179203
"79895",1.15007388872636
"92211",1.1492577417439
"23585",1.14825250433218
"6429",1.14799926326257
"8795",1.14787087806864
"3628",1.14764555573533
"684",1.14683096697507
"2617",1.14638581574576
"5921",1.14594728805886
"259282",1.14513132977317
"3914",1.14497922262472
"381",1.14471686714386
"2564",1.14450593482757
"10802",1.14394490022957
"6223",1.14367886287613
"6451",1.14259685103373
"4061",1.14142322128507
"6233",1.14018821922864
"8875",1.1396553794408
"91937",1.13916666048699
"5142",1.13869582815271
"145389",1.13723213364432
"64743",1.1370740356182
"7351",1.13684582744294
"23064",1.1362651672825
"7551",1.13538803043869
"54553",1.13520441995217
"29108",1.13313728334191
"4925",1.13308282868648
"29978",1.13284781272091
"7106",1.13266105315815
"114825",1.13260858544761
"6158",1.13141929267359
"89796",1.13127398636861
"55165",1.1300973993183
"9554",1.12979377342412
"8740",1.12944481722702
"444",1.12802771769084
"285386",1.12645217194912
"57154",1.12581572804039
"5436",1.12570200968482
"3840",1.12560363790375
"93953",1.12534190524043
"54103",1.12496388117593
"27010",1.12447910779156
"57508",1.12442693981905
"55884",1.12384469762396
"25865",1.12378988341698
"27230",1.12356616227232
"27071",1.12325758568453
"51332",1.12279721496807
"51196",1.12275907192522
"5422",1.12214348809563
"28964",1.12179542094447
"80024",1.12168648917633
"9695",1.12115082161949
"55154",1.12087547265448
"10266",1.12062453474758
"10672",1.12004559612893
"115399",1.11922143741525
"3310",1.11916097072229
"84455",1.1176045136714
"3384",1.11743694759034
"90379",1.11722998688112
"128869",1.11619091762786
"26470",1.11602929651874
"3976",1.1160024496044
"114897",1.11544602746729
"10473",1.11485810986462
"81928",1.11478960950467
"6198",1.11419682400843
"1536",1.11418093808743
"10695",1.11379674956213
"57835",1.11267440639315
"6915",1.11262387135175
"23521",1.11234299254405
"148213",1.11180572869341
"5933",1.1117365411799
"51631",1.1113505949258
"344558",1.11123796421055
"128346",1.11031063572725
"8906",1.11008659625446
"5265",1.1100648380841
"1130",1.10904956867102
"8506",1.10897481550184
"26071",1.10881391813721
"8538",1.10869719410986
"1435",1.10850125195351
"10538",1.10784579883002
"29110",1.10736984769035
"170575",1.10669621373906
"57561",1.10583213860297
"9585",1.10474098737038
"10335",1.1045436222406
"7174",1.103002386025
"11137",1.10296728593763
"4599",1.10192405552135
"79607",1.10083521799806
"23432",1.10056281330948
"578",1.10009958601376
"55092",1.09985532470984
"203522",1.09984825473628
"6119",1.09901094468883
"5538",1.09878777331571
"51071",1.09832524637479
"4804",1.09796453502023
"231",1.09785624164773
"168374",1.09733963784837
"10718",1.09732321215798
"5223",1.09652617931104
"2266",1.09480164119534
"9344",1.09477459897991
"26147",1.09456174264633
"23213",1.09418828493082
"55852",1.0930552062958
"51427",1.09123011251996
"81544",1.09093202999735
"54510",1.09023005384272
"6940",1.08973488428583
"92370",1.0892351324978
"51643",1.08923439284373
"862",1.08820889875195
"51321",1.08788018597003
"9044",1.08726934350306
"6118",1.08684049993364
"7461",1.08613421273103
"5128",1.0856506304306
"874",1.0843870867945
"57697",1.08429050088987
"54749",1.08408050181603
"4267",1.08361711967367
"9890",1.08353196418274
"9491",1.08221356541209
"339105",1.0821961957112
"7170",1.08218578793803
"56937",1.08209114469952
"51063",1.08205578274363
"221935",1.0818968259629
"4898",1.08093095712788
"50861",1.0806293374164
"11014",1.07981868642269
"84196",1.07850933761682
"6627",1.07817241027543
"5688",1.07740105626454
"55843",1.07724413423252
"1396",1.07607909280694
"1296",1.07536551273139
"79091",1.07493631073774
"64759",1.07491650785844
"115352",1.07430935643016
"112942",1.07323203985483
"3035",1.07310543665071
"79415",1.07271751716959
"3459",1.07160544254436
"9612",1.07119393076629
"894",1.07030540221696
"55634",1.06999957491196
"9518",1.06987689628953
"64718",1.06936314831301
"3786",1.06870737684095
"115106",1.06749349654249
"1663",1.06693159397364
"1462",1.06609434003992
"170954",1.06591501070926
"107987457",1.06591501070926
"388561",1.06586937181395
"110116772",1.06586937181395
"8846",1.06532170532003
"727910",1.06449795957186
"81789",1.06404664336181
"10956",1.06383128688533
"51776",1.06348153371924
"2796",1.06318159935946
"9170",1.06236222969968
"57591",1.06234745992399
"10123",1.0615533339788
"128637",1.06146663719
"55624",1.06078516334414
"79070",1.06063242644088
"57124",1.05880384427728
"4000",1.05759270707911
"7565",1.05671282784704
"255967",1.05601858042058
"115416",1.05596491831292
"24138",1.0553077402984
"9726",1.05469014395603
"347734",1.05265923804683
"83707",1.05226609948266
"6262",1.05195896828537
"56270",1.05097249523621
"107282092",1.05078743476022
"4928",1.0501360618878
"5531",1.04993523062536
"85379",1.04989093642266
"8667",1.04954861680621
"9913",1.04908632928874
"140733",1.04894554693072
"55076",1.04751687788915
"91050",1.04678449032021
"111",1.04664758975456
"55761",1.04662495894206
"3187",1.0462730396814
"29886",1.0462568431981
"170371",1.04612629189141
"54906",1.04612534057713
"4065",1.04609688868969
"11331",1.04516588013844
"79716",1.04356078900326
"124904942",1.04356078900326
"3574",1.04274458619741
"57620",1.04078765681424
"64132",1.04065647077901
"6720",1.04042762940406
"23191",1.0402330697911
"5269",1.03976347597537
"55214",1.03970597099403
"26018",1.03941572864338
"55740",1.03898446540088
"158293",1.03882060987445
"84460",1.03824645860369
"637",1.03771953890226
"7094",1.03769514119375
"55722",1.03739413749265
"165215",1.03736271983066
"401541",1.03672010850965
"55069",1.03546556748303
"30061",1.03523367774211
"51176",1.03375584794459
"4609",1.0336422989667
"157570",1.03344543934045
"5147",1.0331141770035
"130814",1.03137439818989
"6664",1.03120107355141
"55018",1.02767858050403
"493869",1.02714348312644
"998",1.02712970493162
"6873",1.02609767223933
"9960",1.02598588230085
"7799",1.02281878924727
"9641",1.02259547798539
"5325",1.0223922093233
"9459",1.02133251992756
"54434",1.02101326237989
"1183",1.02081658365981
"1519",1.02057078094386
"51501",1.02045783320354
"9489",1.02036114502565
"6748",1.02025879443628
"10848",1.01966811381795
"29980",1.01900546761725
"580",1.01889341917852
"4296",1.01800325690128
"24147",1.01788586559206
"25946",1.0177422736096
"7096",1.017539873232
"23499",1.0160374777927
"171024",1.01576487366453
"81894",1.01565702637918
"283314",1.01553862775795
"6628",1.01485087211646
"84541",1.01465776690404
"3679",1.01245493512897
"55505",1.01198286792842
"8450",1.01121157243752
"57396",1.01107922913816
"9891",1.01080783061212
"6238",1.01038878495232
"340371",1.00948869565086
"441518",1.00932876697853
"148022",1.00904717850674
"2010",1.00832344881001
"10393",1.00630911498978
"746",1.00435341731959
"8728",1.00392925312066
"79832",1.00390611926245
"79159",1.00340215845915
"85363",1.00315778939327
"55846",1.00297714196023
"84814",1.00223253801243
"2673",1.00156191755051
"64848",1.00148737416901
"3824",1.00136331185002
"64425",1.00126581759999
"917",1.00111567050663
"11135",1.00075697688597
"6598",1.00072776323688
"414189",1.00072607227907
"83930",1.00071018833985
"57763",1.0003803237731
"7746",0.998555613098827
"79623",0.997977971617841
"11011",0.997859644292791
"149175",0.997419123334137
"55680",0.997038710029597
"51267",0.996411651936389
"64926",0.99614527989561
"23774",0.996106829185348
"6141",0.995780242122977
"84318",0.994990227670425
"9761",0.994886671452064
"3364",0.994349501842891
"6122",0.994242361450869
"51279",0.993696847888414
"51234",0.992859957358925
"23336",0.992595089435517
"7045",0.992019133416653
"79158",0.991931673680262
"5739",0.991659637195967
"55303",0.990706536657342
"4584",0.990544735322793
"414235",0.990192838344356
"51149",0.989605560276494
"1031",0.98953267241863
"9020",0.988711347404923
"220001",0.988145447022916
"159090",0.987491390590959
"7753",0.987465207521316
"84060",0.986000508065221
"1063",0.984892324589222
"22881",0.983576810920202
"1736",0.983133873684134
"6678",0.982854213324244
"23549",0.981634183369928
"1164",0.98112911817939
"7569",0.980944462605899
"101928062",0.980768977250875
"9595",0.979849779079852
"60625",0.979261500810049
"54849",0.978714527056277
"80208",0.97835015112649
"7392",0.978306519351604
"55010",0.977251214495574
"81555",0.975896915492558
"55226",0.97558072700967
"54480",0.975576728723966
"7297",0.975310124187595
"7626",0.974530982892488
"83937",0.974373063105044
"139716",0.974202876795319
"7077",0.974027811457818
"30844",0.973608568806507
"10097",0.973022659248135
"6402",0.972762193988125
"29945",0.972704790334104
"5478",0.97262006903569
"27295",0.972515272244831
"55920",0.972494765373931
"9509",0.971488990899928
"374969",0.971291356259935
"23065",0.970711796373421
"3015",0.970560883561715
"57584",0.970441114926735
"4240",0.970397128422684
"1290",0.970118799678288
"1994",0.970001135259817
"3556",0.969578002049201
"7707",0.969265908738273
"80235",0.968879002669763
"3182",0.968598403506028
"968",0.968502515665401
"203062",0.96754687425679
"55904",0.966879496862998
"2132",0.966836586147051
"84897",0.966724909047044
"134549",0.966590921429863
"4192",0.966302295957504
"11123",0.966101255691162
"51330",0.965560359189565
"1936",0.96396540911813
"83742",0.963340987139905
"254531",0.963285033483003
"148423",0.963076260624133
"710",0.961945051114086
"80010",0.961517405378433
"51283",0.961440592978103
"8847",0.960087057922401
"23568",0.960068252659699
"79616",0.958720200925843
"64411",0.958198087547177
"6881",0.956876242981408
"8534",0.956631401467055
"79572",0.956617977823733
"255027",0.956456532156821
"22904",0.956187766057335
"139818",0.956037352297398
"84679",0.955687884700003
"53838",0.955296915190535
"23596",0.955046679379495
"4258",0.955028348194146
"79728",0.954909033655032
"84513",0.954622946973908
"84254",0.954229062301594
"91947",0.953661595095236
"1240",0.953592884404317
"9097",0.952227047499339
"54768",0.952021638625958
"51258",0.950612507164388
"975",0.950470640342448
"28962",0.949683871822003
"54557",0.949612520773561
"54663",0.949505175396612
"10236",0.948725226482528
"55969",0.947989234171682
"54556",0.947262022704805
"57722",0.946730344460188
"2829",0.946210427086776
"904",0.945720420638584
"3399",0.945693426422627
"4830",0.945541355782995
"7518",0.94503085380072
"91408",0.944779804486285
"144717",0.944531821918991
"10501",0.943590001949481
"56126",0.943291614584753
"3984",0.943272719052635
"22806",0.942881308948649
"120227",0.942684943933934
"10235",0.94248273790007
"1192",0.942417741924674
"207",0.942106708265884
"200916",0.942078335737418
"3597",0.940529117182646
"23604",0.94046901009929
"28984",0.939936193819986
"10948",0.939372457052973
"5777",0.938554165058635
"6398",0.938508857890887
"54554",0.938068982150798
"101928335",0.937700665118216
"752",0.936178207866412
"120425",0.935904701787607
"9688",0.935804553430538
"26133",0.93519485188353
"4831",0.935193548012976
"23555",0.934602300686908
"1453",0.934361271681942
"80832",0.932319211508731
"23450",0.931906862502086
"4363",0.931849976263257
"89857",0.931466776787262
"29109",0.929030389395826
"9260",0.928050783627449
"29888",0.927620025690702
"100131434",0.927537925981454
"22984",0.927522798771723
"54468",0.926907427777694
"89853",0.925838223701556
"65258",0.925793124956503
"3910",0.92551931465565
"55601",0.924856743410454
"5889",0.924843918696522
"4864",0.924837217424585
"4361",0.924487145296425
"26469",0.924454191753011
"1938",0.924391069699492
"23307",0.924036397683838
"387",0.923272361601549
"8409",0.923271354040517
"1364",0.923096641203878
"3978",0.922811632837813
"135228",0.922570362512615
"10589",0.922379426556905
"60492",0.921781198429422
"3383",0.921603231418378
"9918",0.919623487853798
"5603",0.919465794931419
"54329",0.91944407277963
"201191",0.919188542762827
"285513",0.919050016183972
"11021",0.918668271983659
"3911",0.918045668818897
"10964",0.917817628318106
"11259",0.917718979540279
"83442",0.91717275898763
"11096",0.916352842321945
"64005",0.915519867835223
"55075",0.914768956935567
"51101",0.914144243778107
"55959",0.913760768900825
"58508",0.913546020455861
"51397",0.913488203723989
"3931",0.913197887224699
"84243",0.912241520130387
"203260",0.911750738097791
"253738",0.910151413394181
"219738",0.908779692818603
"58476",0.908149023656258
"3987",0.90734383884168
"55741",0.906859472781449
"111089941",0.906859472781449
"9238",0.906843668889131
"1933",0.906492588428962
"124583",0.905893676072056
"8507",0.905834688071273
"6203",0.905781135899215
"113452",0.905767281257779
"23350",0.905347444075932
"4507",0.905329017824577
"3920",0.905035635957179
"23396",0.904437830122554
"545",0.90423923705378
"5359",0.902421496222186
"5326",0.902332499644993
"23008",0.901317324733317
"8815",0.900772970086537
"51019",0.900492055927034
"5425",0.900163636212261
"27075",0.900102883951639
"123466215",0.898526833764481
"84498",0.89840488562054
"51029",0.898064589914015
"8879",0.897877011662847
"8672",0.897203172560773
"10459",0.897042694149121
"7705",0.896551760051419
"28987",0.896501419808572
"163131",0.896236122112093
"1020",0.895938807487304
"54910",0.895627968649801
"55833",0.895078362221091
"689",0.894832529628821
"10116",0.894730125159686
"6206",0.894324956449712
"80005",0.894267653101948
"79961",0.89331921940973
"317781",0.893179308135599
"29102",0.89255794551576
"6251",0.890301470737947
"10577",0.890164368579697
"84898",0.890136406928489
"84973",0.889764297636602
"124900276",0.889764297636602
"8675",0.889487998989029
"6124",0.889240805560942
"2782",0.887307844023928
"64946",0.88721097338851
"372",0.886912093276705
"79188",0.886044276633755
"6902",0.88568366729336
"9830",0.885617437735909
"29901",0.885411984404146
"55656",0.884480449578288
"9409",0.884418917714143
"3718",0.884416552560219
"134353",0.883942041124851
"100506498",0.882703235822555
"6815",0.881107903901792
"55559",0.880264624143062
"6897",0.880161457100237
"10261",0.88006005609554
"286343",0.879420709851645
"171023",0.879149744136953
"101928243",0.87866343490836
"7700",0.877921614872727
"10963",0.877465299817897
"84885",0.877157651397768
"1198",0.875257925227773
"92482",0.874816941347237
"81502",0.874691059477552
"5959",0.874650663475698
"80745",0.873337748984998
"79772",0.873010093817426
"23558",0.872641855962156
"115201",0.872183678475226
"10723",0.871976477231524
"25966",0.871156959449409
"2199",0.870615407729491
"6142",0.869900975770761
"51195",0.86970022811752
"1436",0.869664276339713
"1111",0.868961417975356
"7042",0.868909566124434
"10758",0.868801749074286
"6662",0.868714161927007
"3836",0.868530584174121
"22803",0.868296019017031
"23529",0.867944270295494
"378805",0.867421261712283
"400713",0.867346801709021
"2769",0.866807628757796
"79890",0.866665035443972
"4134",0.866596753279571
"5720",0.866428140160701
"79605",0.866397641254527
"3678",0.866029841071066
"51647",0.865507034263735
"23167",0.865389872210695
"339287",0.865255352612696
"55343",0.865056885180341
"441191",0.86440101376986
"57228",0.863508497541993
"8898",0.86303244414264
"50853",0.862135679736364
"160760",0.861579721876904
"2790",0.861517567648019
"57647",0.861400274225915
"92140",0.861232220746273
"83593",0.860791768589238
"56548",0.85955766289543
"1277",0.858001843113082
"6204",0.857807522353744
"6723",0.856033389921939
"11325",0.855398000390688
"7016",0.855067756213256
"57514",0.854930444971235
"100289678",0.854901869532055
"3148",0.854604868362909
"863",0.854369252085158
"170958",0.854339916578294
"8202",0.85383745796065
"920",0.853622772132616
"22934",0.853327567242404
"10797",0.853120670389016
"55253",0.853000127995553
"5499",0.852962046888153
"55829",0.85289622354618
"387521",0.852296485722571
"8078",0.852284161977789
"4323",0.851307240138243
"10087",0.850519921099064
"4774",0.850517175100739
"84186",0.85030765594362
"64921",0.849249853223566
"1608",0.848482674129237
"283643",0.848237313456212
"1650",0.848044218307028
"115557",0.847918781638328
"5920",0.846966403815474
"200424",0.84634960070033
"3932",0.846285696098897
"54538",0.846268366416785
"6167",0.845874523102077
"113263",0.845820938934182
"8974",0.845554941570418
"64855",0.845165890156419
"79839",0.844366739861574
"822",0.844324155659558
"4130",0.844241169735252
"7225",0.843984610458346
"25950",0.84391862353679
"53827",0.843368037083971
"50615",0.842979701849813
"3959",0.842959184509161
"10422",0.841976579125095
"10620",0.840311911759072
"79751",0.840286554501507
"55279",0.838892405174178
"81037",0.838782656554768
"1326",0.837983376928156
"5393",0.837662783363696
"84447",0.837361482596914
"9589",0.836941166409705
"3475",0.836244141060979
"84282",0.835811445485761
"6275",0.835768605432284
"10652",0.835431092641506
"8863",0.835163350250359
"4358",0.834951494987455
"23210",0.833908021773702
"56851",0.833883526478654
"51068",0.833710044448975
"93589",0.833115091271432
"166929",0.832921794248166
"9545",0.831488895822889
"84056",0.831474845261758
"54442",0.831373162150458
"26099",0.831096331746476
"150381",0.831030216692977
"400931",0.831030216692977
"124905135",0.831030216692977
"387763",0.830340410343455
"27248",0.830147613247617
"57727",0.830144243687807
"2717",0.829746547180595
"5719",0.829559599022638
"81542",0.828873494739636
"26011",0.828744333558271
"57037",0.828627368006814
"57480",0.828192426160202
"71",0.828167588013929
"9141",0.827250242669246
"6423",0.826875085777
"491",0.826629506335808
"79589",0.826444705033163
"57553",0.826415609071817
"221472",0.824992262417152
"11213",0.824387227547573
"112441434",0.824276481861203
"6693",0.824107895302474
"79873",0.823973959320724
"166785",0.82377625194858
"105377467",0.82377625194858
"8233",0.823462090673566
"49856",0.823012097073065
"6169",0.822137848491096
"4644",0.821913650950823
"6650",0.821319218101263
"7185",0.82086473336878
"79191",0.820249102769641
"144699",0.818831783984839
"10078",0.818584845918402
"8766",0.818563881673385
"51564",0.818276088989841
"343450",0.817990047499632
"5238",0.817322001664783
"339559",0.817247630542838
"79004",0.816853223947253
"167227",0.816657355172311
"4920",0.816461093975373
"100134229",0.815985051680493
"80183",0.815925314848791
"1281",0.815654753631836
"23390",0.81443172548655
"972",0.814122775932325
"152002",0.813321809478052
"729230",0.813078499335138
"55742",0.813037331669705
"23378",0.812701821676773
"8751",0.812648071865354
"3624",0.811657429397871
"5445",0.81159885016808
"2926",0.811471435595459
"79780",0.811468803982095
"51014",0.810364324702565
"9817",0.810020045111453
"9200",0.809841650172367
"84881",0.809718653951405
"8881",0.80930845552142
"694",0.809064711001653
"5598",0.808997449705197
"4851",0.80818523758999
"53918",0.807088498353631
"11179",0.807017443556625
"65999",0.806938174525818
"64423",0.806178231759142
"55763",0.806005502666821
"23166",0.805922137745409
"79047",0.805677293156573
"10611",0.805347879139815
"9631",0.805346381623375
"868",0.805231051916195
"124411",0.804874161647552
"54928",0.804332409306685
"56965",0.804279534621505
"23478",0.803190246049497
"84191",0.803110052163663
"5118",0.803007324816975
"79622",0.802594061152833
"9988",0.802011583559
"79874",0.801779578352264
"9189",0.801525344563543
"80007",0.800755957178141
"55695",0.800377653175099
"633",0.800249771987135
"136895",0.799325730594108
"5424",0.799052556469135
"9138",0.798865754225509
"2935",0.798104851517337
"6610",0.796947545383674
"10133",0.796622183733662
"285971",0.796282061491854
"23354",0.79599087723115
"57209",0.795405861411605
"253943",0.795337329973655
"55916",0.794938329211886
"79602",0.794759890668585
"4035",0.794276443752586
"10486",0.794229780159696
"10229",0.793142864400945
"121441",0.792877586594656
"60561",0.792482278823028
"65980",0.792111555168259
"5908",0.789392400457332
"6641",0.789011079161077
"23165",0.78895647520032
"25832",0.787413547058761
"54922",0.787004176094643
"121274",0.786840456320469
"84542",0.78663365500264
"6483",0.786021614457627
"57463",0.78595613596974
"57583",0.78517890790524
"54863",0.785169988444433
"340527",0.784963264592371
"54606",0.784948020295422
"4897",0.784365415397234
"1975",0.784122310105472
"2040",0.784053327537366
"1102",0.783586605014943
"8792",0.782728877076493
"51696",0.782611007857698
"871",0.781745801786267
"5893",0.781728056295364
"64745",0.781663168689165
"92610",0.780091903264086
"25817",0.780065370708614
"8605",0.779373947332254
"648",0.779241949762537
"23616",0.778515989319129
"168451",0.778489904926838
"28511",0.778470887547602
"388552",0.778422565290689
"1649",0.778385226056214
"7760",0.778296979065364
"643847",0.777955878774004
"124906959",0.777955878774004
"128966586",0.777955878774004
"113612",0.777753262782788
"10413",0.777599898749621
"10285",0.777357257037839
"60489",0.777251871825402
"79628",0.776982223049554
"83608",0.776864312870607
"56905",0.776122345679065
"64223",0.773636760570123
"50484",0.773371929668081
"28985",0.772915401069914
"113026",0.772684023430631
"6399",0.772527595478586
"9924",0.772470866510816
"54816",0.771343245411578
"1022",0.770089373525807
"375",0.770051352899983
"221937",0.770037371121472
"10308",0.769068578890665
"1293",0.768688800969669
"23246",0.768231209324061
"28952",0.767918269738869
"5660",0.767870972087746
"2172",0.767649783176882
"29121",0.767449068522162
"5169",0.76724132537594
"23759",0.767154530907109
"54454",0.766923329861075
"203197",0.766639585861571
"2997",0.76658903003071
"54925",0.76619961487687
"124801",0.765770520207602
"4312",0.765767534602783
"5770",0.765143856598835
"80776",0.764874749598591
"8994",0.764801652149737
"84108",0.764563287112617
"84168",0.764461226578557
"219749",0.763632812197283
"9907",0.763457834324299
"51411",0.762427312809194
"285758",0.762237293654062
"27094",0.762234824359182
"124905564",0.76178778235043
"11097",0.760664302586576
"23284",0.760360179920013
"51290",0.760209891051549
"4947",0.760170134648127
"25759",0.759966621365856
"154467",0.759341110379427
"54903",0.758864316129164
"11285",0.758136660489026
"27125",0.757905789412176
"6654",0.757293875822373
"22903",0.757136660091858
"55486",0.756900525869009
"4642",0.756108580370814
"55892",0.756089792348741
"345757",0.756017325943856
"8651",0.755587012475345
"83452",0.755003404977674
"9690",0.754820924490013
"91608",0.754735560013253
"81704",0.754587552656576
"9275",0.754570008570304
"51614",0.754398230190219
"23647",0.75400165113602
"373",0.753641359175445
"54739",0.753334175309199
"100507127",0.753083106025095
"10491",0.753064412485083
"8522",0.752897343000852
"5480",0.75287622356326
"9354",0.752842256652451
"152815",0.752782552262235
"81545",0.752185264484621
"84661",0.751992614999999
"6586",0.751710084430467
"728431",0.751432233761357
"55095",0.751351490380734
"5199",0.751178986889366
"3845",0.751176767377535
"6133",0.751088886599716
"50618",0.750660638569327
"55013",0.749756848844206
"2350",0.749289493394432
"140890",0.748283699734648
"55282",0.748009762722769
"716",0.747851236084203
"8536",0.746915451435865
"285761",0.746829602785275
"6228",0.746773156213274
"29095",0.746649717241568
"8175",0.746036255027171
"6913",0.745896877254683
"285527",0.745813599845436
"5335",0.745811943764565
"3433",0.745727508401769
"81792",0.745221505857497
"105379499",0.744384208212493
"124905527",0.744384208212493
"5021",0.744317293031021
"4643",0.744308042946579
"1404",0.743842597500592
"27250",0.743052196520163
"64748",0.741245140647936
"160851",0.741072042446482
"100132116",0.740770504361438
"4893",0.740335255174034
"90627",0.740181504575586
"7169",0.739815129967949
"55823",0.739403983783875
"79086",0.739385247623672
"117608",0.739328967257596
"441263",0.738729618966377
"22948",0.738685435636125
"84759",0.738368500103954
"23753",0.737523346980997
"259307",0.737495373840657
"25911",0.736969327874026
"3663",0.736875955433788
"2091",0.73670959837442
"192286",0.73632741717398
"51374",0.736233267739562
"55201",0.736049653111348
"10390",0.735825286056289
"92105",0.735297778387596
"22820",0.735271398023174
"10924",0.735092435752226
"860",0.734699311595612
"23394",0.734311742804519
"7535",0.734045291148928
"9780",0.733980223091437
"23545",0.733677707960167
"650",0.733594403413871
"3675",0.733364590481611
"10971",0.73290870719283
"100506098",0.732772722561648
"162681",0.732360383591928
"119467",0.732233755166358
"92822",0.732141209463686
"24140",0.732049987704739
"79016",0.731935072071732
"80086",0.731334084071576
"808",0.730841748618875
"80279",0.73077335073966
"9894",0.730694400008382
"317671",0.730486612465103
"80230",0.729294675143087
"10535",0.72927062032971
"54433",0.729086738475167
"9887",0.728613738456495
"100529145",0.728489340619357
"84958",0.728464737053695
"9675",0.728435832582485
"9349",0.727822763017882
"284349",0.727203545178366
"10452",0.726905908375466
"90639",0.726868556022089
"348793",0.726760214912981
"206358",0.726038897797641
"165",0.726032529266206
"55007",0.725719532326718
"50814",0.725467146271114
"11015",0.724954327061937
"119587",0.72469491948556
"3615",0.724592389246824
"57542",0.723414477809458
"10949",0.723256004619177
"7318",0.723121813912236
"1397",0.723079329989232
"8761",0.72287109143642
"664",0.721509895493473
"27300",0.721366887759141
"11091",0.721236615463464
"25891",0.71964253503087
"83590",0.719306300647799
"401093",0.718864138430455
"11282",0.718642037613247
"10233",0.718275799328282
"55858",0.718257892210694
"6155",0.717853878034707
"5159",0.717827368724859
"78991",0.717428664074236
"6839",0.717047155720048
"79752",0.716893910624645
"9562",0.71667636667058
"100131801",0.716545893430536
"29115",0.71645923150463
"64864",0.716343658858682
"84206",0.716252976550512
"56983",0.715716967112168
"26229",0.715534720630224
"5153",0.715532710800842
"126119",0.714742067805531
"283431",0.713966659811733
"1289",0.7135147951078
"10225",0.713220439038556
"9563",0.712710275926
"126917",0.712327241660566
"26050",0.712150864420842
"84280",0.71195397663657
"4359",0.711563323466136
"59271",0.710328478557938
"79443",0.710229518140822
"51699",0.708785516234944
"2259",0.708572138983965
"6868",0.707602776521296
"1513",0.707191121075831
"2175",0.70674045471598
"27301",0.706428379634748
"6230",0.706309888027444
"79695",0.705978338230647
"10075",0.705755993278202
"389791",0.705637569200815
"8725",0.705546270941545
"101735302",0.704826873846871
"101752399",0.704826873846871
"6129",0.704596400472055
"84067",0.704037224708142
"3609",0.703974094026481
"160428",0.703759721613339
"9776",0.703473147932844
"64374",0.703461817258061
"80380",0.703419248406593
"55690",0.703053523563415
"57169",0.701960678609481
"2316",0.701939364330026
"26762",0.70188720532118
"7158",0.701848602591607
"5914",0.700907553696793
"9219",0.700110302200538
"55055",0.699616638892397
"132671",0.699464769810288
"4149",0.698633758819231
"388121",0.698202625344148
"7023",0.698183597643788
"89970",0.698004772913442
"8073",0.697503365840984
"7187",0.697448111034672
"10627",0.69610488238138
"58509",0.69594683528647
"157378",0.69564090032803
"51729",0.695129168764055
"9950",0.695044028843678
"79796",0.694884736443287
"9958",0.693761513262798
"127495",0.693416914629588
"9923",0.692737513396663
"5575",0.692553654549474
"4026",0.692431772169842
"5192",0.692269750063251
"160364",0.692168277153646
"4325",0.69216500960785
"54778",0.691822372609497
"57590",0.691670704703134
"153396",0.691645490821797
"124401",0.691460102449557
"84501",0.691387725353527
"51691",0.691157432284711
"147463",0.690957337113952
"255919",0.690416165849545
"286827",0.690188550797841
"1105",0.689946787980302
"284004",0.689944419113524
"81559",0.689915723962817
"2812",0.6893456607036
"284565",0.688167926145878
"267002",0.688036652743383
"4090",0.687781884540666
"326625",0.687333919716047
"5654",0.68709871642397
"162972",0.686857276942241
"23075",0.686825004939453
"2879",0.686526212876136
"5252",0.685848572637489
"1893",0.685758664513422
"3052",0.685595690426521
"10379",0.685265981978589
"4076",0.685052370458468
"57109",0.68492576123098
"203228",0.684548263708234
"8408",0.684123905702288
"51317",0.683859172886026
"56474",0.682572047258218
"10000",0.681808433386867
"5916",0.680699786387018
"4952",0.680375040767601
"10465",0.680274539770005
"22870",0.680011275413053
"10272",0.679354799293588
"93349",0.679224172294691
"6574",0.678783480779588
"23541",0.678467081161252
"90378",0.677760229952731
"8933",0.677403339840494
"79649",0.677364351909163
"387921",0.677182421729163
"3691",0.676642541311349
"55715",0.676406097214463
"54102",0.675570843495156
"5546",0.674900777421466
"6415",0.674876267489111
"11322",0.674014793691024
"80184",0.673942528929998
"283970",0.673917954886891
"6895",0.673072189450495
"4629",0.672993101018964
"6224",0.672307011681622
"4882",0.671995480663604
"23347",0.671914506377051
"56255",0.671725199112364
"23351",0.671555893802335
"113451",0.671316967803348
"81931",0.671279806176063
"5631",0.671108465950015
"57593",0.670838608784924
"51255",0.670674185715518
"151188",0.670160336062762
"6397",0.669764287729639
"9050",0.669495087483609
"10397",0.66903822182726
"140901",0.668722495893135
"64777",0.668544901425842
"51177",0.668446151037724
"116441",0.668385278406077
"1786",0.668270182731673
"57664",0.667607053809023
"9804",0.667292939110494
"386593",0.667084452539936
"222865",0.666902306090817
"1366",0.666828529129088
"57048",0.666410648773944
"54974",0.66620259930109
"159013",0.665838407956335
"54069",0.665713022345976
"85437",0.665008256853222
"4209",0.664981110696813
"22955",0.66484498142495
"4591",0.664443061780517
"2331",0.663575702413345
"51455",0.663167257791531
"1655",0.662783245680124
"905",0.662772129466238
"6938",0.661582729852077
"8851",0.661556486644667
"976",0.661487392469613
"114821",0.661280196263782
"896",0.660987373643014
"10263",0.660377518395681
"25807",0.658721268714093
"84273",0.658684119348763
"55454",0.657984433730188
"145173",0.657980210884209
"262",0.657694524459571
"55071",0.65724278559548
"366",0.657170235669638
"23586",0.657165213848892
"83982",0.657021798846721
"4320",0.656747066022409
"389668",0.656609852990784
"25962",0.655982447339569
"8493",0.655961865211136
"3965",0.655167983671079
"654346",0.655167983671079
"54726",0.655027191476472
"25875",0.655003300711754
"25851",0.65472345197425
"56130",0.654371171108338
"1969",0.65399148371782
"6229",0.65378320275003
"79713",0.653705628169544
"55276",0.653682352356243
"400818",0.65345382062372
"10466",0.653387838467075
"51148",0.653306263469637
"9055",0.653188294147871
"114885",0.652763054999036
"55757",0.652435623695819
"27297",0.652323740443775
"79080",0.651374525549904
"653567",0.651249688956184
"83933",0.650908501952746
"6147",0.650689949334432
"1315",0.650648330688624
"55621",0.650511944084521
"27032",0.650497039406185
"10209",0.650480982543518
"3992",0.650426178200628
"4145",0.650129580636818
"23256",0.648613394101665
"6208",0.648184701568656
"9392",0.648166023602486
"6160",0.647856400714969
"318",0.647748765939902
"221662",0.647639175084408
"51296",0.64756900475471
"9466",0.647544523835576
"132320",0.647472705706088
"100129550",0.647202498319779
"93343",0.646842475485835
"8874",0.646413068022335
"55733",0.646041437540435
"84255",0.645947280064847
"9497",0.645679798514918
"10898",0.645562435245215
"7307",0.64542692177595
"102724594",0.64542692177595
"5054",0.64541649411353
"3559",0.645222432190299
"641700",0.645038686907617
"26578",0.644960667614818
"51320",0.644609365370258
"7597",0.643960188806142
"56131",0.643450485906362
"23514",0.642798971872927
"11169",0.642615896329899
"3779",0.642481286200108
"11079",0.642338600714609
"115207",0.642248230813973
"6908",0.642059850817315
"55738",0.641688887242283
"8738",0.640850522179922
"64761",0.640484723334758
"401612",0.640080398792309
"1278",0.63950856996997
"51763",0.639429869488114
"23322",0.639330199378947
"8893",0.638169165821007
"399687",0.637982682109741
"176",0.637952399145619
"9679",0.637645010028348
"120379",0.637164281701037
"79581",0.636738119819379
"4841",0.636598536966868
"55744",0.636207391027818
"9120",0.636131452467353
"6603",0.636050404090111
"113000",0.635953585010722
"4681",0.635948225888425
"100532736",0.635948225888425
"23201",0.635360473602043
"8665",0.635239409203241
"91966",0.635051190153159
"2017",0.634713437412655
"8798",0.634579371434776
"715",0.634331102863588
"11237",0.633990492454335
"1808",0.633506962173792
"135",0.633282484097837
"83700",0.633155959511126
"58533",0.632397364487749
"3643",0.631664755098942
"56850",0.631566862773842
"6183",0.63116709697461
"4242",0.630901649506681
"5414",0.630883226487595
"64094",0.630804284698056
"54861",0.630795793150938
"55975",0.630661696211142
"26519",0.630319780642081
"55357",0.630099490283115
"7175",0.629931238792434
"1173",0.629680970489183
"643699",0.629396403549954
"51263",0.628134802193109
"8694",0.627884664087578
"51524",0.627882551437049
"6434",0.627775122680132
"54475",0.626698413792513
"253827",0.62653502180146
"284998",0.626514108328885
"100506421",0.626514108328885
"253143",0.626327599150908
"84720",0.625923382167192
"26986",0.625638031490838
"23650",0.625609024989107
"5870",0.625369979265512
"9444",0.625220517761631
"3964",0.624664068085011
"4172",0.624181521097428
"6046",0.624014521543706
"54732",0.624011153286417
"8767",0.623408102467936
"1837",0.623169167977084
"25897",0.623059127194529
"222223",0.622939726602942
"64342",0.622394797876341
"126792",0.622374644140571
"10127",0.622166503366965
"55691",0.621914053383603
"9465",0.621796169547425
"56256",0.621791278287772
"11262",0.62177220853015
"375248",0.620468221674242
"6205",0.619689197209085
"9221",0.619279251940106
"54965",0.619071057714258
"6170",0.618852408268623
"83989",0.617803815228348
"5771",0.617594025964262
"112",0.617296402262528
"221692",0.616560958213262
"728661",0.616536326181842
"58491",0.616377829815579
"10467",0.615589848405381
"23137",0.614693880853305
"3682",0.614036690122614
"29057",0.613977831317958
"727866",0.613977831317958
"389337",0.613891298001805
"57713",0.613575486096422
"2547",0.61305119450788
"969",0.612536708992529
"10873",0.612492306146148
"5627",0.612301615016727
"55791",0.611592398774719
"58985",0.611475986882359
"26156",0.611300168388816
"5439",0.610566957587745
"91526",0.610346297984951
"78996",0.610338915358616
"29083",0.610104942875294
"79770",0.609829197853988
"55603",0.609139946327775
"10985",0.609038848813791
"2820",0.609029824072459
"5306",0.608246856345697
"4125",0.60812962241805
"7468",0.608109661002849
"80333",0.606911791784775
"10773",0.60643151450808
"55726",0.605978066371205
"147495",0.605844855624369
"89781",0.605559242894127
"57178",0.605503371536814
"1806",0.604850403800097
"391356",0.604846558838367
"7916",0.604399607126892
"57658",0.604109724758132
"643866",0.604047282483313
"651746",0.603927870716424
"286319",0.603758020805776
"26262",0.60370794950412
"5097",0.603632336498481
"56916",0.603339673844668
"9536",0.603075699389285
"126306",0.602844704865624
"84033",0.602236587294239
"51119",0.601939336686506
"400410",0.601917159293852
"80243",0.601838898019502
"285237",0.60150580152206
"6130",0.601043871187995
"7353",0.600489039220763
"9079",0.600313161535776
"6491",0.600262191133998
"6217",0.600146847583873
"4084",0.600108179220075
"158586",0.599394971805714
"63926",0.599068799733998
"23582",0.598962571417355
"340152",0.598846033332953
"4811",0.598733991096492
"929",0.598412520759506
"63939",0.59795176611927
"284058",0.597862801115789
"92715",0.597524398108331
"8038",0.597262035377506
"57403",0.597162537586868
"340061",0.596907748043194
"84725",0.596657945365443
"3376",0.596479026223784
"26958",0.595780940350557
"79797",0.59562218014416
"4066",0.595594481152772
"64768",0.595459267844349
"54935",0.595387319234202
"843",0.595050435739187
"8776",0.595029804214922
"339965",0.594812045063407
"55216",0.594739935296112
"10527",0.594319239355521
"25825",0.592943922389196
"29914",0.592672363145415
"222658",0.592630159954863
"8878",0.592462000858785
"5189",0.59215950693564
"79902",0.592061261900849
"25980",0.591838463391585
"50810",0.59183293939157
"10317",0.591762070103391
"23431",0.591732952169845
"22895",0.591663888397505
"353",0.591349841057618
"2149",0.590722164658496
"8935",0.590526516073004
"23526",0.590083544732893
"25977",0.589697085661047
"10062",0.589676870798632
"58490",0.588980326290158
"56951",0.588427733414951
"1009",0.588340124283916
"104",0.587971600363682
"64834",0.587809816541083
"115098",0.587303880407469
"5339",0.587064117871929
"284306",0.58699204713515
"90417",0.586815251101998
"6929",0.586793633565992
"54991",0.586370275738133
"388403",0.58629467178035
"22919",0.585888965238585
"285203",0.5854868397969
"51379",0.584858134051666
"728121",0.584856484683712
"5965",0.584778142903006
"155435",0.584743134291787
"55832",0.584676173595194
"55728",0.58450676185372
"220064",0.584418907990901
"8704",0.584351820770014
"25963",0.58397951417277
"8915",0.583701443863439
"27433",0.583635208011261
"6717",0.583533653955293
"54908",0.583488257557809
"3693",0.582655183688816
"54888",0.582640734470431
"51098",0.582623381967103
"283897",0.582343470578205
"9678",0.582030708185182
"22872",0.581907294121167
"55627",0.581633005231627
"55100",0.581426845829492
"706",0.581082840828644
"23318",0.580981455825673
"11146",0.580750257377527
"10006",0.580727521770182
"84624",0.580424850763543
"6894",0.579973543508516
"30850",0.579567283392841
"3875",0.579455651788836
"5308",0.579147140079221
"6879",0.579110968466173
"7122",0.578961552464807
"120376",0.578948012128325
"9289",0.578727909473044
"57162",0.578512246736002
"5125",0.578308353323938
"2615",0.57814563963843
"8503",0.577469397752452
"84065",0.577041326699088
"2773",0.576678896466453
"6745",0.576337984659529
"9159",0.576023477368128
"55760",0.575774744651617
"6301",0.575300393943318
"1362",0.575084009290846
"55181",0.574816039555178
"140688",0.574589938204059
"126208",0.574257843196254
"5203",0.574169748036795
"6632",0.574160395989583
"149478",0.574032051680774
"100272228",0.573545995978531
"84247",0.573425612425705
"1606",0.573283713406933
"2633",0.573099305295219
"23190",0.572902874874065
"55611",0.571640214424814
"10004",0.571260610639284
"9382",0.570982975478689
"1998",0.570128658328223
"4053",0.569880072138042
"144577",0.56958086938298
"827",0.569385364759999
"400569",0.569192288431864
"2588",0.568732643388916
"285590",0.568229455448269
"9978",0.568068659703412
"7184",0.567677641764112
"10903",0.567297488254772
"79692",0.567210857107536
"56886",0.567148223522074
"51226",0.567081628417564
"7090",0.566927909070108
"26528",0.566828718536722
"284184",0.566331646236433
"326624",0.566283329343332
"9771",0.566271762452316
"402415",0.566231478359282
"115701",0.56615859669309
"27040",0.566088025638442
"79867",0.565989636743758
"7265",0.56598286571646
"5780",0.565207019724477
"55004",0.565144129315631
"9516",0.564934861511883
"2977",0.564704743570236
"29926",0.564686770805687
"92312",0.56464719903034
"6232",0.564581609399022
"27314",0.564455155783875
"3831",0.564363266408182
"57579",0.564293477756836
"4773",0.563927690159627
"90416",0.563876246817743
"2197",0.563780485557302
"55578",0.563605493496719
"221830",0.563579114313128
"91544",0.563180502756791
"28966",0.563168145547595
"80155",0.563075270656677
"57562",0.562225683484677
"101927740",0.561978431968653
"55713",0.561801340139497
"23077",0.561717457065207
"80149",0.561086591310994
"9750",0.560094643321568
"51167",0.559666599748579
"123956252",0.559666599748579
"23223",0.559536351376959
"10195",0.559413132191645
"1263",0.559030738260583
"222553",0.558801772682695
"168537",0.55865744922655
"64859",0.558426393281071
"101928464",0.558132602540952
"157769",0.558094448238506
"22936",0.55800323810126
"9654",0.557633452314318
"3700",0.557583195074725
"9948",0.557564683763133
"7784",0.557472060195466
"79644",0.557179450136897
"9263",0.556511492163947
"3866",0.555987247900866
"4736",0.555873607377054
"10634",0.555594611695731
"145508",0.555402112571976
"51154",0.55525245674018
"7936",0.55490343499027
"122622",0.554800549519355
"8427",0.553755877433587
"466",0.553706423390873
"7296",0.55343962303343
"80213",0.552821211768214
"9712",0.552399600496956
"23325",0.552154100935793
"9697",0.552147593994826
"29789",0.55185184530918
"221079",0.551678038025711
"65082",0.551483648394451
"23367",0.551479730424897
"221908",0.551308971336753
"25996",0.551109670350393
"11329",0.550331982278584
"55771",0.549782073229751
"59350",0.549541829997181
"1196",0.549054123613561
"64858",0.548994481410756
"23424",0.548918622725159
"80308",0.548759415384661
"100506688",0.548693582582954
"64919",0.548670094863163
"79156",0.548466918992634
"54584",0.548263975557707
"474344",0.548082358213041
"57333",0.547887300957939
"6201",0.547793807785202
"22863",0.547755116087885
"113802",0.547551762887272
"144245",0.547354571569537
"5244",0.547149327699054
"80210",0.546788714525194
"23657",0.546734610600556
"989",0.54665918176825
"23170",0.546418465826483
"8572",0.546116329929502
"29015",0.545936235139473
"121227",0.54580429816596
"147991",0.544925952378956
"84138",0.544720198612637
"153364",0.543343186632902
"3858",0.543215887971746
"126669",0.54279539396784
"60481",0.542780815035695
"92912",0.542760273097442
"91012",0.542465814715092
"6161",0.542427684678726
"284613",0.542193553658406
"57817",0.542001318379439
"5709",0.541142282478092
"63977",0.540583133449983
"3178",0.540441710935291
"10307",0.540406284331872
"148229",0.540402910032972
"63875",0.540354096715246
"3094",0.540289576949293
"9282",0.540204719011282
"55577",0.540173484089561
"113246",0.539991808887634
"23097",0.539966189014962
"10528",0.538044945147901
"7544",0.537833704304994
"153090",0.537765656410584
"83752",0.53735509312656
"79134",0.53710037387144
"84734",0.537011087310138
"9785",0.536314750861824
"8809",0.535963303930979
"55689",0.5357697348399
"83985",0.535553013059914
"94039",0.535439332593943
"100129842",0.535264213835273
"151887",0.534909483518107
"7059",0.534820081632705
"10398",0.534649011517949
"387066",0.534558637863807
"10609",0.534027946331225
"143279",0.533887273333568
"84262",0.533601219331846
"147968",0.533401461607468
"494470",0.532458241144237
"1968",0.532357913932392
"23309",0.531950558179054
"4703",0.531618657509938
"201973",0.530855223353018
"64175",0.530611717142981
"5452",0.529812903854187
"54956",0.52949777544445
"51400",0.528826165093112
"150465",0.528277688358616
"51727",0.527862743102691
"54963",0.527652025809738
"57649",0.527268257279298
"55609",0.526594058157341
"5558",0.526555627920817
"114879",0.526403768679898
"348327",0.526337398481212
"65244",0.526223661106421
"6772",0.526052539697738
"6778",0.525862157288543
"6184",0.525861239222449
"6135",0.525777278406487
"171392",0.525746072302877
"9898",0.525561556968533
"25890",0.525483322611936
"58486",0.525356394891152
"8541",0.524962897776818
"8085",0.523483171889968
"83732",0.523300705439982
"100422737",0.523154855366422
"9510",0.523005055179487
"1207",0.522721529590834
"6176",0.522039676667867
"9665",0.521784763503112
"283951",0.521692104055476
"90865",0.520750860439589
"5209",0.520746549900656
"6670",0.520372848992507
"26097",0.520193864083179
"25796",0.520094892908208
"8646",0.519668073078211
"11232",0.519637676865633
"79685",0.519292817634428
"55585",0.519125459535849
"57095",0.519105590795716
"8612",0.519002523378612
"7294",0.518910522829454
"8813",0.518854582046621
"10973",0.518776105324745
"8625",0.517977878536633
"94240",0.517965343148244
"271",0.517872528100825
"54531",0.517850227853368
"56342",0.517657069638831
"9253",0.517641860234748
"11017",0.51749087257214
"26973",0.516993619239208
"4684",0.516956326848333
"90576",0.516921092119762
"80233",0.516612765303332
"387893",0.516547670611964
"55813",0.516292605122083
"55720",0.516041506782272
"163786",0.515626592273891
"25885",0.515418691202247
"2621",0.51522030019414
"6156",0.514527782066493
"5579",0.514515359894866
"6489",0.513745279011929
"23177",0.513591038942405
"284406",0.51306648280418
"10572",0.512844594481158
"79677",0.512535218206669
"10409",0.51225505768489
"57410",0.512092341526688
"51661",0.51179361726164
"3996",0.511471759993081
"10786",0.511446135722476
"79712",0.510803020480091
"410",0.510783326318398
"23200",0.510586198739759
"9016",0.51053250572319
"283450",0.510504526826615
"2009",0.510070504660163
"91300",0.509889059576444
"10670",0.509683079012095
"60672",0.509389254020806
"10196",0.508966386608231
"375298",0.508883466038347
"79087",0.508807905920374
"90799",0.508544813812028
"1939",0.508190387844589
"6487",0.507919238707599
"100505758",0.507851572627695
"124903285",0.507851572627695
"55907",0.507816255437931
"10890",0.507738945941155
"55814",0.507629149700454
"84310",0.507269312032589
"1635",0.507223838238077
"5396",0.50702301699473
"10945",0.507011406535743
"27030",0.506890455260311
"22823",0.506232720810921
"51061",0.506204819859703
"10940",0.505926045281418
"8692",0.50532952298372
"23187",0.504860158290678
"112770",0.504722955811954
"7692",0.504720710084408
"1123",0.504704825621041
"54811",0.504237534188909
"57698",0.50393544695602
"10423",0.503151677513613
"266727",0.503119987361274
"6418",0.503089677770539
"93594",0.502922099308807
"10926",0.502477051079247
"90204",0.502187821389663
"23232",0.502071650823284
"9076",0.501837432052312
"56977",0.501814701934345
"84641",0.501549162821835
"8517",0.50139388727726
"23400",0.50046317333883
"51012",0.499963180874107
"51136",0.49953222900939
"9839",0.499438369645064
"653479",0.498830604307839
"102724508",0.498830604307839
"10347",0.49855748698692
"338773",0.498163971164197
"54555",0.498134438467449
"784",0.497847754271001
"643155",0.497350089945167
"667",0.496880821066283
"5511",0.496842712376095
"63925",0.496619639807054
"64221",0.49658765372183
"55425",0.496521011111422
"64840",0.496376598641028
"10765",0.496197809418409
"79872",0.496186654972365
"140823",0.496097447652769
"8805",0.494818246918765
"140707",0.494400777246521
"10537",0.493347761359632
"51604",0.493339014567479
"2012",0.492988762576911
"81565",0.492660729267581
"332",0.49256904519331
"157922",0.492538661323846
"27102",0.492528519215761
"6722",0.492316002579456
"3276",0.492281567619731
"5347",0.491874052660449
"56063",0.491722125510652
"2324",0.49154439633556
"552900",0.49086077644029
"654483",0.49086077644029
"541565",0.490860346158906
"79968",0.490677901201422
"6261",0.490460925377262
"22888",0.490134100524192
"51114",0.489998600279112
"8498",0.489610163403116
"5879",0.48881610973315
"29959",0.488701017711046
"84752",0.488562453803044
"2776",0.488399929316818
"3096",0.488349806330784
"64114",0.488341220988131
"284697",0.48829035799466
"64746",0.488215812041924
"55122",0.488082338217072
"10663",0.487996682393991
"328",0.487926863163605
"9306",0.487895947370756
"57188",0.487723798815325
"6876",0.487481148076173
"83939",0.487193123483115
"390595",0.487041580147262
"25820",0.48665917629574
"25771",0.48617492372267
"64794",0.486164139552516
"90550",0.48566413445124
"2247",0.485423165740059
"114819",0.485308436306446
"23060",0.484944392613649
"4832",0.484776501300814
"7464",0.48434204530734
"4776",0.484282434197509
"1659",0.483947850284215
"91748",0.483270124033809
"54947",0.482666431093234
"56061",0.482515099138483
"339451",0.482345680049234
"55657",0.482253770726956
"84680",0.482011638354814
"126075",0.481738811530006
"29990",0.481161241756853
"9699",0.480395795234533
"55658",0.480266022845271
"4163",0.480240660504977
"6907",0.480150609584384
"2876",0.480093623464966
"54929",0.480081365025288
"128611",0.479985767111976
"7571",0.479434095791588
"3684",0.479246843151134
"81929",0.479073113903446
"57717",0.479037918488066
"54802",0.478833729543403
"253461",0.478335905967394
"65265",0.478317041343237
"23787",0.478254793423915
"6775",0.478245862574283
"79029",0.47814796782772
"79143",0.478091296964074
"7075",0.477896891586543
"6209",0.477793004419568
"7767",0.477754542864703
"57507",0.477672573734308
"7328",0.477430664228537
"2241",0.477386655090417
"64897",0.477173860314758
"114780",0.476645961434037
"55243",0.476179228750556
"55374",0.475860170058679
"10544",0.475436110732678
"659",0.474551279051594
"3720",0.473953068924787
"23362",0.473731416235765
"114788",0.473247436449301
"5198",0.47309364093054
"55588",0.473083009788649
"27037",0.473069655749871
"60673",0.472954190091333
"64770",0.472855919763036
"1854",0.47278485470066
"84365",0.472408475207562
"91663",0.471933114012573
"1716",0.471627646305541
"7978",0.471554114314524
"27436",0.471320829779628
"84190",0.471182368842801
"55330",0.470783822996272
"60412",0.47049383889326
"225",0.470342138145888
"90390",0.470115239395021
"29889",0.469868600880834
"121665",0.469625284415712
"57446",0.469570863915899
"9793",0.469328393299284
"27198",0.468683764862194
"55795",0.468201606253816
"84298",0.467832514907681
"79573",0.467794921409108
"400221",0.46745047281123
"23049",0.467388862344541
"8690",0.467359093579095
"51319",0.466328956588453
"9681",0.46626840282413
"63894",0.466063521186959
"54973",0.465452367898704
"375035",0.465019908012646
"81887",0.464671451904704
"83871",0.464497143519994
"5595",0.464116631884097
"80176",0.464043512372009
"26000",0.463996671231428
"114112",0.463874928100227
"155368",0.463634213486917
"93099",0.463562978033318
"22829",0.463548354395161
"150368",0.463432936643825
"5204",0.463388475582468
"996",0.463195692185151
"55105",0.461678337527616
"284114",0.461093286710867
"7056",0.460883934453417
"1456",0.460856828843792
"11316",0.460757294176537
"28971",0.460419172282854
"83855",0.460357723830262
"57597",0.459970231019735
"57181",0.459733526413347
"5471",0.459707574028638
"9653",0.459545112060192
"83938",0.459514362066767
"100130231",0.459352356227577
"9098",0.459039601152563
"10450",0.458947369092051
"26112",0.458718139474655
"27340",0.458503739270604
"5702",0.45825017229154
"100861548",0.458101178327559
"30835",0.458045000095704
"55035",0.45729519425537
"11073",0.457211517671131
"23067",0.456921195784631
"55280",0.456914177072914
"27035",0.456868580318172
"79023",0.456189457186232
"4921",0.45602259703342
"401397",0.455396276400617
"84299",0.45454879451496
"1337",0.454546010785934
"283337",0.454338935496117
"90952",0.454191150978137
"84975",0.454179345044138
"23380",0.453838647767184
"55288",0.453455296078866
"55245",0.453309601946107
"29844",0.453304529254622
"4200",0.453264160026975
"819",0.453203137169255
"10735",0.453084237648059
"728780",0.453076920499715
"2548",0.453038250342115
"5607",0.452743133506714
"57175",0.452660049750537
"55850",0.452455923246621
"11069",0.452201174114872
"51496",0.45170149880591
"4601",0.45049437653776
"246243",0.450177409369571
"53344",0.449661874493718
"1478",0.44954663294265
"221092",0.449449058316765
"10134",0.449425749914644
"84844",0.449128010309234
"2958",0.448660376150749
"22",0.447549974514936
"7786",0.447510811851379
"6781",0.447428435912854
"54927",0.447417365766919
"90196",0.447404616235532
"8642",0.446884222762845
"27197",0.446460163795465
"9162",0.446152314645262
"3843",0.445986757973767
"5031",0.445869771282278
"126003",0.44586182406472
"23052",0.445610372327263
"5792",0.445547341560465
"440145",0.445333500927585
"10539",0.445258693263648
"85360",0.444849432155879
"27031",0.44470446909193
"348110",0.444574011999433
"5747",0.442770861851445
"3955",0.442747376945971
"134430",0.442675997027967
"57798",0.442611300820303
"644",0.442313159617532
"9002",0.442079251770851
"7541",0.441844905444001
"7006",0.441838537925399
"10581",0.44157701029165
"961",0.440600059581831
"29093",0.439787351776579
"84225",0.439444080757796
"9718",0.439152713481509
"115123",0.439034838790479
"2526",0.438501007034369
"23389",0.438349754095436
"5877",0.438217335235025
"84250",0.438115488735516
"140710",0.438073275474157
"85027",0.437781918460462
"1070",0.437740374919981
"55027",0.437547339464979
"26128",0.43741546058981
"84914",0.4371023789622
"2218",0.436924580636243
"4063",0.436799089161832
"11257",0.436712361390771
"81030",0.436565441316573
"5329",0.436481359073467
"503637",0.436348570650201
"166614",0.436195528512485
"54793",0.435532713147478
"9315",0.435507214789005
"57456",0.435447509776426
"200197",0.435325663324584
"5292",0.434916472859073
"79369",0.434910407117045
"114044",0.434877962121589
"1019",0.434787484945518
"55626",0.434670934613063
"6448",0.434388989098158
"80331",0.434358490103845
"23524",0.43395270001222
"10713",0.433792940311919
"8440",0.433527743152923
"2904",0.433423404899062
"8287",0.433409798126312
"64595",0.433409798126312
"79643",0.433309468996542
"23048",0.433177606137737
"7984",0.43287397833463
"55922",0.432670238355219
"26098",0.432141255500428
"23645",0.432045733540279
"26270",0.431916907051116
"64901",0.431663237712593
"3146",0.431137267680189
"10436",0.430993220803298
"389541",0.430821502816801
"474343",0.430814362828482
"135293",0.430739189584232
"84231",0.430633433709713
"9144",0.430278581480498
"79576",0.43012814509262
"3662",0.429878631660336
"54829",0.429440082751591
"1191",0.428728720482147
"164684",0.428629345912434
"3661",0.427832724377809
"7011",0.427435115995889
"122786",0.426204135609639
"51566",0.42614449515261
"3880",0.426067507595244
"253769",0.425842369133626
"10149",0.424748330797892
"8284",0.424740792137542
"51599",0.424656075676843
"6128",0.424020961551671
"22853",0.423816788597751
"51062",0.42342288448042
"6165",0.423421999165328
"79586",0.423368580781569
"900",0.423302904157654
"6560",0.423102170757238
"51278",0.422370084645275
"30851",0.421829572629457
"1027",0.421734257086548
"79729",0.421605453243559
"29982",0.421498423708037
"9834",0.421422502823202
"10632",0.421286832458677
"94104",0.421190825983738
"56180",0.421047224641753
"11047",0.421030748511301
"3604",0.421011539510165
"221468",0.420989603161744
"101928496",0.420883910769131
"23189",0.420390998878856
"151246",0.42038081448849
"10946",0.420177561944339
"89845",0.419954940110596
"59274",0.419732649755441
"26003",0.419593848937193
"124808",0.418836431716435
"26574",0.418831517834085
"8653",0.418786290542411
"2817",0.418635564146165
"55086",0.418504380025065
"3791",0.418462661198464
"4256",0.418308988179029
"25844",0.418191642698575
"7576",0.418033326666981
"84449",0.417868231590272
"90522",0.417641761888875
"64167",0.417444045608999
"23516",0.417001022045786
"83539",0.416827743995978
"6059",0.416643555983521
"55082",0.416590772031575
"6920",0.416510423569517
"23371",0.415998737565857
"84068",0.415991445191154
"1143",0.415903635853433
"29092",0.415885193924817
"11321",0.415881128654291
"91683",0.415747818796392
"199",0.415063423619766
"5594",0.415026806734233
"2059",0.414726048404736
"28990",0.414720771224825
"11153",0.41461318786702
"9583",0.41460087639544
"51398",0.41446259291679
"29796",0.414218026553928
"64979",0.414025717591855
"55002",0.414015225549184
"100820709",0.413194987688961
"284021",0.413038399249109
"55352",0.412781575753349
"100128927",0.412672185226931
"1788",0.412506270951947
"91687",0.412415508231551
"9843",0.412221165192429
"6885",0.412201109233057
"64089",0.411758780625876
"6687",0.411646200894287
"101930112",0.411646200894287
"81794",0.411461431359736
"373156",0.411385251460397
"10892",0.411381916335079
"3927",0.411379120655788
"56834",0.411316331709653
"57555",0.41098961035448
"11116",0.410814308159619
"2191",0.410805833604775
"1675",0.410360158119297
"5691",0.410008351628814
"152100",0.409960270096865
"23268",0.409371110448954
"27348",0.409294878171891
"9777",0.409173514600936
"136853",0.40850314982293
"51569",0.408461973076184
"26511",0.408255108424566
"29079",0.407498788849906
"7071",0.407326654931506
"6389",0.40688395707642
"148523",0.406750964295295
"286826",0.406620076190349
"9812",0.406364396229394
"51060",0.406266037781129
"9158",0.405883748216007
"10772",0.405866426137299
"7171",0.405484477039872
"5586",0.405301082992615
"28959",0.405058134367597
"55315",0.404521841165211
"23649",0.40446660880768
"79074",0.404227727528084
"2987",0.404222104587856
"8831",0.404125132282524
"100128385",0.403995063408016
"116984",0.403786120679445
"54968",0.403149817212276
"25896",0.402897222436099
"10325",0.402712994291889
"58525",0.401451069657488
"57587",0.401205280457091
"30834",0.401150924585263
"55863",0.401010232865823
"65057",0.400953669987743
"57532",0.400879201732532
"26355",0.400819150968854
"84861",0.400709722592853
"54407",0.400604003410287
"221786",0.400499314171235
"5690",0.400104176730638
"7730",0.400087582289161
"100529215",0.400087582289161
"64151",0.39971800473005
"11326",0.399150887510508
"64924",0.399147263264876
"83604",0.398730646126457
"64321",0.398708986096831
"9191",0.398689486712119
"114625",0.398452384878022
"3145",0.398352358188075
"55094",0.398331767728514
"442213",0.398294804113429
"5524",0.398206655199578
"55112",0.39781457594245
"10905",0.397537622500728
"5360",0.396786727407766
"4668",0.396055086106797
"23178",0.39597966138736
"57799",0.395784540338196
"6192",0.395550964545298
"55661",0.395360655282161
"23197",0.395131878198358
"100506710",0.39499553141305
"4752",0.394933707359302
"7587",0.394791020084054
"55798",0.394265457669401
"11129",0.394221354671242
"79921",0.394112877465661
"79092",0.393976553271753
"65005",0.393848749664343
"28955",0.393844701677807
"9794",0.393814029597654
"29107",0.393793602883367
"80305",0.393504651393164
"92799",0.393377780100926
"84303",0.393323879775442
"83940",0.39324229435255
"84256",0.393114042090653
"11130",0.393087326874615
"57602",0.393072574998316
"84838",0.392549152923052
"158046",0.392524036918563
"9734",0.392426629416368
"22801",0.391697073152454
"2305",0.391641605359044
"23557",0.391608114718152
"6426",0.391447708258873
"2219",0.391270994805472
"116988",0.391095345002334
"54432",0.390999988580105
"10401",0.390074293512222
"5437",0.389860213835389
"25843",0.389737534290489
"57634",0.389724564835496
"571",0.389646841686191
"100379661",0.389646841686191
"11083",0.389622992138455
"602",0.389396630051145
"4074",0.389356415647115
"9443",0.38915956611899
"10331",0.38886773800883
"29105",0.388830351191538
"116071",0.388717398912791
"9820",0.388680259786713
"28974",0.388410004908188
"10081",0.388172020491009
"138162",0.387913506252335
"26354",0.387248263046726
"3588",0.387072745105548
"54883",0.387024296881951
"7770",0.386907688303914
"8721",0.386764745293729
"27122",0.386708843195013
"64928",0.3864804780419
"80731",0.386456455235971
"54664",0.385978280729432
"389792",0.385768797759613
"57787",0.385705024352968
"100128731",0.385467704985406
"7673",0.385418339987192
"346606",0.385415481121924
"221491",0.385300747000566
"9406",0.385201914116078
"134492",0.385143486172845
"1460",0.383583516899768
"5685",0.382805502011056
"81557",0.382502521137063
"26504",0.38232567609024
"118924",0.382222708261309
"5728",0.381838672486537
"338817",0.381690828957151
"286046",0.381511391726781
"10574",0.38150797535014
"114805",0.381332378754096
"7162",0.381007987818993
"9816",0.380273246805803
"4085",0.379949946792193
"219527",0.379879973059142
"124930",0.379662337363156
"23433",0.378845666986172
"9092",0.378541454505458
"389084",0.378122487906443
"6886",0.377951368188693
"2067",0.377717901031036
"9867",0.377301645578467
"79157",0.376731795482091
"3184",0.376517104764809
"26520",0.376478921951664
"7514",0.376222438231652
"54587",0.376164152596372
"10193",0.376085969178792
"440515",0.375836309372649
"537",0.37581165598605
"55835",0.37551411234401
"112616",0.375433343360831
"51657",0.375428635617014
"3070",0.375393561661581
"6197",0.375183539732079
"26502",0.375108123362089
"29916",0.375078971073854
"84304",0.375059525633514
"171546",0.374816679561654
"29950",0.374729519666096
"2078",0.374711199963647
"79927",0.374427482250295
"8615",0.374341590070284
"79609",0.374007727098057
"280636",0.373751518241547
"284900",0.373261198500477
"56259",0.373064862511687
"1305",0.373049189935181
"54957",0.372956462439139
"119392",0.372924638753709
"92595",0.372892858269789
"9086",0.372728118221488
"839",0.372634850779556
"3557",0.372544839867254
"1487",0.372487475824378
"84337",0.372321262788157
"57589",0.372051780060506
"3054",0.371182063803719
"138050",0.371052599668889
"8273",0.3704526076507
"94239",0.370354520576989
"28956",0.370082553094862
"10987",0.369975947230756
"388325",0.369716003744185
"369",0.369423140524293
"81890",0.369152750390779
"7699",0.368706736935753
"100505771",0.36863730088275
"1264",0.3685331335728
"1291",0.368466117373928
"1861",0.368227191702623
"8883",0.368174717461461
"55135",0.368107365291821
"51027",0.367901986710836
"10781",0.367747000957351
"3799",0.367327585084761
"23074",0.367177368132428
"84722",0.367129420253688
"92255",0.367096740783111
"401428",0.367082674894735
"79993",0.36706920406987
"9789",0.367037884524649
"9757",0.366717427429467
"100505678",0.366210671044569
"29954",0.366182715115329
"100287569",0.365868277300642
"1212",0.3657831915522
"57190",0.365763107874332
"9851",0.365451477428714
"79891",0.365240298547813
"7390",0.364899838876518
"12",0.36455762017818
"678655",0.364549797710146
"120892",0.364332673838573
"55074",0.364322485447358
"10622",0.363750659309347
"29775",0.36369659378973
"100132247",0.362969404192093
"1802",0.36292276849382
"90321",0.36284935033417
"6689",0.36278472591036
"4016",0.362649999438146
"10082",0.36256993742274
"29099",0.362346602741113
"29893",0.362310593684805
"65981",0.362266894266161
"27185",0.361930131971714
"8677",0.36184518987232
"7216",0.361775920536398
"84946",0.361687233331763
"55198",0.36154342739144
"221336",0.361471724908155
"29970",0.361050618606172
"51765",0.360833452788247
"29100",0.360800414265185
"23198",0.360715518433798
"146705",0.36066116229279
"51512",0.360313889451504
"105372481",0.360245976189164
"81844",0.359966833683471
"10155",0.359663609204824
"200312",0.359541033828345
"8161",0.359268723418299
"27173",0.358914870289769
"7404",0.358490290341915
"102724159",0.358424412004286
"8266",0.358271639502504
"79792",0.358204140790527
"64598",0.35814747261148
"27316",0.358119768810848
"90324",0.357885195792202
"79057",0.35781990319006
"57728",0.357489571260341
"10631",0.356800938582296
"2671",0.35677887861975
"129450",0.356052239628947
"4241",0.356030998168886
"51123",0.355876236469189
"79587",0.355866058361619
"56890",0.355091341988114
"348180",0.354701068923459
"10001",0.354518984889358
"79050",0.354420965994833
"5723",0.354218305967341
"6051",0.354127088105008
"5993",0.353961984063755
"90411",0.353903895536116
"152789",0.353656734555427
"57609",0.353562912184936
"283316",0.353325058235363
"285154",0.353318754241026
"10399",0.353168656372269
"64943",0.35299321387538
"56993",0.352786839123671
"79734",0.352670596835421
"7841",0.352541898874337
"51421",0.352476902186273
"1266",0.352430840619056
"10421",0.352392548000986
"59283",0.351848317901219
"157869",0.351730256298542
"147808",0.351462365689813
"4891",0.350901144201564
"51299",0.350894592869287
"3265",0.350763948641616
"91272",0.350752826441468
"1763",0.35066938757373
"90007",0.350579705248513
"84163",0.350097430540493
"5018",0.350056844427185
"254048",0.349839027195748
"54820",0.349764861787488
"9296",0.349627303954766
"4294",0.349595692876151
"401398",0.349591343058528
"101928283",0.349591343058528
"200734",0.349367669572625
"6728",0.349338627289939
"53630",0.349323082676443
"1399",0.349101039524119
"79600",0.349057525276468
"10478",0.348922963502105
"84545",0.34829519228135
"54847",0.348121162366196
"10328",0.348056034190505
"11230",0.348049924499755
"8086",0.348029211443779
"23550",0.348022035477886
"92399",0.347991665068696
"6294",0.347873052885664
"4598",0.347549547277733
"6136",0.3472441295667
"7804",0.347147280540658
"148932",0.347063549871962
"168850",0.346293006230136
"83596",0.346267415724551
"899",0.346021670983658
"25941",0.345984626084637
"5786",0.345918779450923
"55344",0.345863220700717
"4012",0.345102618781375
"9627",0.344406144566157
"2188",0.344378091073621
"2314",0.343836262295958
"51380",0.3436601814237
"6503",0.343543438129192
"7157",0.343494103622393
"55210",0.343467769947981
"790",0.343307910133874
"9295",0.343046559151389
"53938",0.342244284990371
"672",0.341906341354976
"118788",0.341411254945741
"6018",0.341214862945096
"147906",0.340881347981516
"8111",0.340849118628295
"284266",0.340660858944905
"10445",0.340597433233718
"284348",0.34041378632861
"4800",0.34026572216219
"1734",0.340260444332409
"3340",0.340042044816236
"149603",0.339883147119885
"9045",0.33979662486881
"400",0.339661651209099
"5700",0.339604345791412
"84248",0.339470620207293
"93323",0.339414686647525
"26074",0.339309528346819
"22809",0.339207876950688
"9749",0.339149501279075
"79019",0.339123115450386
"8884",0.338661836457635
"79990",0.337901669720743
"2071",0.33770088479999
"163049",0.337694307388199
"9584",0.337580759648624
"84859",0.337566375685872
"26959",0.3375559788153
"4935",0.337483006400329
"146542",0.337350459768248
"154",0.337342942052679
"7311",0.337135905328787
"5612",0.337054841393767
"22994",0.336056076118053
"50614",0.33604769489023
"51239",0.336039169970969
"84900",0.335985568957493
"7620",0.335055815023081
"130340",0.334637966350649
"166",0.334611985188662
"9338",0.334213468549393
"23456",0.334119722565358
"8894",0.333924112943718
"5058",0.333595595973239
"2005",0.333506443677334
"79738",0.33303013473224
"10046",0.332988453762192
"284695",0.332769211826249
"55905",0.332300552904616
"966",0.331641276001894
"10907",0.331524147333216
"1937",0.331492018530535
"6152",0.331415117136261
"414918",0.331376229586737
"2244",0.331251921228965
"23041",0.330496978991422
"81556",0.330049164011604
"29091",0.329418315855534
"2519",0.329040090722577
"10389",0.328925787051625
"120534",0.328875976319349
"140680",0.328841081926877
"51199",0.328256669396119
"64857",0.327608532419337
"6942",0.327512328672481
"192111",0.327453418194802
"29086",0.327365330717531
"55719",0.327279459669936
"158747",0.326903852644579
"22826",0.326835048561257
"7515",0.326749594394631
"84219",0.326298165535635
"7710",0.326274605803967
"254359",0.326069289485011
"624",0.325933663141067
"5684",0.325924088720658
"54101",0.32590468232769
"105378853",0.325097258158624
"57720",0.324853657177688
"401491",0.324701772368434
"8880",0.324636106415319
"84525",0.324293018871888
"23214",0.324269723103596
"160418",0.324147053434452
"100505876",0.32412501212825
"128989",0.324069488194618
"51693",0.324022200912078
"116372",0.323581369081888
"154214",0.323326217771609
"2250",0.323018994291898
"89866",0.322510478564429
"111240474",0.322510478564429
"11176",0.322468756623878
"3680",0.32235371554505
"84964",0.322221902291069
"55365",0.322213417652778
"22877",0.322151457836074
"201294",0.322034802773021
"163259",0.321928658346779
"60682",0.32192396527146
"6850",0.321894792367871
"3762",0.321673212316695
"128439",0.32118437172481
"55194",0.320909383654485
"91289",0.320901432941428
"10475",0.320800904893099
"10294",0.32073552247103
"23020",0.320296873172397
"56623",0.320012269978378
"55617",0.319837669217415
"56109",0.319714927367736
"1350",0.319571515274491
"10592",0.319334385732823
"1946",0.318973415261498
"782",0.318651442359717
"79652",0.318580543779729
"114786",0.318290203755397
"55156",0.317635037189116
"5977",0.317521892765957
"6138",0.317301905159043
"54509",0.317207994824093
"2781",0.317049467489264
"118813",0.316832197506384
"84316",0.316398633189603
"124359",0.316106796760751
"26005",0.316104308556667
"3512",0.31599111646261
"4430",0.315667290519658
"23081",0.315627761283523
"65095",0.315613823742339
"348094",0.315279786576878
"5063",0.315181047262765
"85463",0.314956476151477
"7741",0.314466502681478
"402055",0.314274347862433
"57819",0.313943869627812
"1997",0.313689496327335
"665",0.313306441484664
"9597",0.31321888106272
"79776",0.313200673294947
"92002",0.31282333234523
"219790",0.312783537024012
"80131",0.312709669108668
"9333",0.312412558941391
"7693",0.312228382265175
"85016",0.31209519705541
"196913",0.312062351558761
"283551",0.312062351558761
"64395",0.312043003277018
"80152",0.311972763258914
"23262",0.311745742853363
"10540",0.311677839332133
"112398",0.3112264098888
"221749",0.311178368984258
"5176",0.310992629839471
"27079",0.310988051895708
"59338",0.310876627292968
"9454",0.310772055840985
"4637",0.310557563094912
"645",0.310317489135375
"6504",0.310193573455012
"9463",0.310167503626027
"26507",0.309902475558052
"387032",0.309742915752426
"105378753",0.309300402828452
"8437",0.30927848560811
"94031",0.309192401218068
"56006",0.30912876488329
"286",0.309075357496982
"29081",0.309003337069165
"1627",0.308987018516795
"83759",0.308955856046539
"4126",0.308006015512697
"207063",0.307680590031253
"10838",0.307624466177208
"105373378",0.307624466177208
"84766",0.307349692929658
"6872",0.307296302932446
"140545",0.306543901519544
"284323",0.306393892077307
"6468",0.305673919587761
"10717",0.305327836069379
"493856",0.305131910448175
"2069",0.305001100036345
"63941",0.304516237123648
"128061",0.304328055374424
"51634",0.304000706470168
"8833",0.303913734620984
"10521",0.303805380655807
"256281",0.303666458509377
"7678",0.303295694828561
"9682",0.303092234976001
"10447",0.303005804045211
"2706",0.302963371149077
"55781",0.302544377374672
"125919",0.302491881260658
"25925",0.301615961092952
"65979",0.301534448031476
"1051",0.301173274778465
"1836",0.301164534043044
"151056",0.301128479615593
"7592",0.300992035376045
"54961",0.300755822203837
"4600",0.300561715218343
"29777",0.300376004404991
"23770",0.300075098471888
"55773",0.300052730418855
"51133",0.299489352896671
"79161",0.29943134949579
"79739",0.299402721510646
"7980",0.29936122492616
"30817",0.29929942683305
"55967",0.298868566663983
"64773",0.298849763832837
"6764",0.298384319139138
"8745",0.298320489754663
"55749",0.298263827880875
"65083",0.298121197126212
"23301",0.297957851762179
"84330",0.297818503290012
"134553",0.297794949541752
"11145",0.297577998132136
"10955",0.297449715847886
"3569",0.297395389091156
"4214",0.297349567158483
"51517",0.297308376053311
"6633",0.297262026464793
"84527",0.297245983473343
"9984",0.297077091008665
"116840",0.296889320734645
"60684",0.296679802823958
"56123",0.29585586981586
"222194",0.295682973735816
"3547",0.295290623148212
"3764",0.294964251608918
"84188",0.294768202501628
"80003",0.29436492782103
"50512",0.294123692949456
"221927",0.294114381846293
"90233",0.293777891256803
"6004",0.293635742718851
"10746",0.293498598395716
"83891",0.293485918388249
"7844",0.293430293313889
"84448",0.293318887581627
"5911",0.293061730487558
"10244",0.293056346491655
"56288",0.293046236064159
"165055",0.292884763501256
"51582",0.29288394221922
"1175",0.292801489520461
"83445",0.292608197723311
"3201",0.292507144143871
"2065",0.292418654608415
"8743",0.292352910432141
"153222",0.292002552546695
"728239",0.291831670634965
"4801",0.291473479328364
"221037",0.291198027977244
"11016",0.291084227222009
"79132",0.290725287502495
"93081",0.290622625654312
"54675",0.290588191325288
"51092",0.290575942044802
"22869",0.290541955458575
"6631",0.290538952614173
"514",0.290172864824699
"256586",0.290031403776564
"6235",0.289751889436084
"3575",0.289558370293093
"10342",0.289161687075834
"8892",0.288962938354781
"4552",0.288887301072738
"100128822",0.28865780729608
"57522",0.288653040965964
"8404",0.288624896125639
"441194",0.288588765646724
"3752",0.288464639229517
"83986",0.288429304050693
"163175",0.288294453374624
"64769",0.288291518132456
"27287",0.288009094583331
"140576",0.287911394707303
"940",0.28763917488498
"5799",0.287521837381314
"23509",0.287499627090176
"8260",0.28748121161855
"3251",0.287418649474101
"128710",0.287028360435023
"6210",0.287021941463522
"2870",0.286671845517526
"10512",0.286570481583224
"23352",0.286322846036538
"375056",0.286185850741743
"54800",0.285729779861623
"80271",0.285690675088188
"5158",0.285595563267494
"84105",0.285569647730579
"337867",0.285535273399859
"64599",0.28521836480591
"23338",0.285003826804175
"197335",0.284962344602792
"23028",0.284926610778037
"84306",0.284904524867002
"9064",0.284195786426913
"55297",0.284193018538278
"377",0.284096225020378
"81619",0.283306790175391
"51059",0.283226643512599
"78992",0.283225159269581
"26276",0.282932686188544
"100499177",0.282843574504671
"4013",0.282738621709164
"4205",0.282696835371305
"80351",0.282522174484372
"283899",0.282307016745019
"10531",0.282092835756934
"55106",0.281920544946408
"1121",0.2817615902123
"89941",0.281748711100005
"202915",0.281405234322356
"57002",0.280848698610566
"57862",0.28078080889585
"144608",0.280766206386188
"441307",0.280624067293264
"6659",0.280503705452745
"91828",0.280051957601467
"27090",0.279868997797065
"80216",0.279490935103669
"64403",0.279227453664638
"51009",0.27914297082802
"202052",0.27912319925987
"22911",0.279058085129541
"5592",0.278765609950189
"91942",0.278675902147089
"2683",0.278565110695868
"8089",0.278459928123884
"54462",0.278396903631938
"10923",0.278175689194768
"100506392",0.278081919616482
"105378912",0.278081919616482
"2537",0.278080724522884
"51096",0.27776678101642
"8658",0.277647376067416
"10125",0.277609220571741
"4771",0.277534673443151
"55362",0.277383737727264
"23543",0.277209895541063
"6499",0.277032717916718
"51281",0.276853391175297
"388685",0.27668674435349
"105371225",0.27668674435349
"105371226",0.27668674435349
"374395",0.276611933806187
"55179",0.27655660889892
"7706",0.27640059155273
"10219",0.276347400361854
"311",0.276163049723954
"116844",0.276067196986353
"100126791",0.276039203192958
"5293",0.275969646778852
"10677",0.275967074881529
"54487",0.27591211640053
"219654",0.275746274231463
"23468",0.275722568785069
"90338",0.275703465291142
"6101",0.275652038737803
"255104",0.275242807049325
"55851",0.274880930031554
"4985",0.274812883459
"6660",0.274774562224928
"22852",0.274543041624095
"5819",0.274328947170646
"115353",0.274219542333426
"6666",0.273792428587966
"204851",0.273620810361905
"4316",0.273408696880204
"7874",0.273388712505939
"56907",0.27324322889442
"10250",0.273226153643039
"51088",0.27299862312593
"26233",0.272884070647294
"163882",0.272860089998364
"8797",0.272684519304913
"490",0.272673544530754
"84333",0.272646549489464
"4636",0.272519924255038
"4678",0.272459654151093
"256987",0.272422305343976
"729739",0.27197805911225
"5349",0.271896585484742
"64771",0.271724528587079
"201255",0.271644977238403
"26301",0.271524335488546
"1071",0.271523175425974
"55008",0.271503947573461
"80032",0.27103745592446
"255520",0.271016641945436
"29919",0.270915458702636
"79447",0.270591655951113
"835",0.27058483486613
"4351",0.270581242740508
"663",0.270478930469692
"10867",0.270456348995491
"10189",0.270370049398155
"9683",0.270344332863112
"8997",0.270083530804864
"9522",0.269865220623593
"79073",0.269506408313988
"23355",0.269306536918564
"101928539",0.269262646265252
"9096",0.269189095523846
"7543",0.269043386438053
"91801",0.268837282025513
"56121",0.267987620688322
"79856",0.267551848032425
"5887",0.267448401999255
"51593",0.26741417320957
"22902",0.267352281022344
"4999",0.26732717420583
"7586",0.26717515975929
"150771",0.266989788735659
"79631",0.266753964989665
"6424",0.266718640050061
"23310",0.266530606228564
"2950",0.265799199558615
"5287",0.265676455937153
"8045",0.265076847505241
"2252",0.264906270325483
"23161",0.264569580557591
"3921",0.264545892858897
"26259",0.263826304169045
"329",0.263529437226143
"4257",0.263336356194907
"53916",0.263274227329308
"7182",0.263029373946917
"100506930",0.262782742337908
"6921",0.262477434777392
"57505",0.26235273199069
"6259",0.262312888484937
"51105",0.262041159559988
"26091",0.261770457994374
"3725",0.261723285948248
"9640",0.26132719557908
"51373",0.261063161334216
"91582",0.261043264818282
"9179",0.260945216020323
"92999",0.260731437515945
"7566",0.260640316640021
"51535",0.260612563198404
"29929",0.260214651207354
"57146",0.26017604625388
"65983",0.260109936266134
"55954",0.259863066215942
"51547",0.259834233873361
"9500",0.259781052769385
"51762",0.259373522019253
"2011",0.259173682748613
"28232",0.258976662521033
"3837",0.258934649306119
"57120",0.258922266217414
"56897",0.258915108722746
"3097",0.258747454855026
"5883",0.258563416063032
"83746",0.258281643713967
"26960",0.258270955242508
"9775",0.258234689026871
"6159",0.258056409843019
"51131",0.258030121550043
"22828",0.25793704432123
"64789",0.257920277121036
"112479",0.257887533657772
"93622",0.257879142857103
"65264",0.257569572738412
"11027",0.25753302223805
"90313",0.257422964461948
"84934",0.256932169121696
"3090",0.256897098433004
"6734",0.256448565366665
"951",0.256244855335393
"92335",0.256044295916407
"2033",0.255892034817177
"51504",0.255873722011009
"113791",0.255691775244343
"100132891",0.255511824674014
"80025",0.255493515666806
"9267",0.255018585800266
"25776",0.254901520202484
"55705",0.254871652432961
"79598",0.254807827811856
"51651",0.254777014529955
"131408",0.254728669615909
"63893",0.254678922182651
"84935",0.254345726424168
"123720",0.254290070122615
"1849",0.253952656600982
"55776",0.25358839569811
"5139",0.253329849684622
"55277",0.253035321240132
"348654",0.252955247571949
"81876",0.252513522222885
"203054",0.252454622438859
"200030",0.252379419699644
"2073",0.252272343751932
"2629",0.252034729639956
"28951",0.25199759720292
"84991",0.251654183611355
"51247",0.251545621838383
"192670",0.250811937005205
"10432",0.250480342847657
"54776",0.250306657075652
"6146",0.250071941873579
"57575",0.250066608665787
"150275",0.250046183348508
"1628",0.249979461531378
"29992",0.24994840492877
"100631383",0.249742484491953
"8703",0.249508394196203
"56652",0.249487009928684
"9021",0.249423713985371
"1877",0.249129695357863
"65249",0.249052206421843
"51761",0.248958337429474
"84886",0.248944804202097
"10169",0.248557445689833
"4088",0.248337715507324
"84445",0.248215545296227
"65987",0.248036370416379
"51067",0.248022100423905
"54795",0.24798285380599
"54838",0.247980087950905
"102724307",0.247980087950905
"10101",0.247874633235805
"375341",0.247454814476327
"84305",0.247393319565644
"91543",0.247315753893981
"1303",0.247191860225271
"1140",0.247191678217891
"5165",0.247030506298315
"60488",0.246892780360209
"116225",0.246789009923044
"201254",0.246720529601712
"84328",0.246461862444211
"55746",0.246366644175398
"2274",0.246333591995794
"9919",0.24631749921161
"388630",0.245971318628821
"5509",0.24592508531223
"55786",0.245776789681528
"284029",0.245279961087843
"6917",0.245101040344407
"133039973",0.245101040344407
"3797",0.244886076595309
"57639",0.244405927175131
"4710",0.244003898137523
"57148",0.243957126453833
"673",0.243821546751181
"9704",0.243425878996814
"11342",0.242580145715579
"55116",0.242463517479603
"4665",0.242356895770058
"9814",0.242278992358
"8295",0.242271935649166
"100526830",0.242112870591936
"55572",0.242036103620589
"5740",0.241648897953147
"85352",0.241603653207182
"54875",0.240873952504571
"1604",0.240828240409266
"23012",0.240518649351586
"6218",0.240372351920347
"26151",0.240361225379195
"727956",0.240294902047589
"80256",0.240225839123648
"6367",0.240078567296961
"29925",0.240073384824954
"196883",0.240044393172672
"8242",0.239814790806316
"93380",0.239814665389857
"83690",0.239800667046515
"7798",0.239645139256846
"166012",0.239510611472599
"10762",0.239229815999971
"4052",0.239083610032674
"145447",0.238754786439937
"10139",0.238626925081613
"4157",0.238016548640626
"100506127",0.237894474611971
"2048",0.237685640166979
"54885",0.237374601604367
"1488",0.237271177918203
"23608",0.236978344854352
"54536",0.23683736904912
"317",0.236701887569391
"5253",0.236505545620733
"79959",0.236386879176816
"11234",0.23626398672068
"116969",0.236002840432119
"5686",0.235823477401418
"118472",0.235657535518157
"55337",0.235234391826535
"1797",0.235053371001521
"157",0.234943592513225
"9674",0.234388108859764
"342357",0.233679015498104
"751071",0.233231963402933
"54788",0.233183546913397
"112597",0.232551782453472
"84129",0.232350682147705
"23054",0.231879063033377
"64951",0.231630090044576
"58499",0.23156547640087
"387882",0.231518204888197
"6194",0.231064267748282
"50488",0.230957620533678
"84926",0.230733394960022
"2237",0.230723753060384
"64417",0.230529781385499
"1108",0.230305191830006
"79753",0.230275200921027
"60314",0.23025185716849
"25836",0.230062190252295
"29894",0.230053468083061
"51324",0.229945410401056
"3188",0.229907269482135
"7755",0.229859312406934
"200942",0.229610150955906
"108",0.229471798968048
"541578",0.229226987321438
"6047",0.229145674458952
"8420",0.229115431819555
"5793",0.229083061103151
"5918",0.228840499239616
"57489",0.228570760130831
"84132",0.22839025319736
"1375",0.228228721394406
"10262",0.227781659251996
"148413",0.22763635957177
"8664",0.227617643765695
"9343",0.227174760307056
"5080",0.227122338800965
"6234",0.226968398875478
"81930",0.22688573230127
"55508",0.22687672284916
"115891964",0.226750181846914
"2355",0.22646237809131
"23119",0.226347662793916
"3430",0.225942893332873
"26153",0.225741713889552
"6432",0.225675606969008
"23265",0.2256405433112
"9937",0.225439153658105
"55827",0.225266938376687
"1388",0.225115079671195
"23076",0.224986814164915
"91298",0.22498314465945
"127602",0.22482375272512
"23361",0.22470679765745
"8568",0.224602858757582
"83734",0.224591296632841
"81888",0.224586982054673
"5032",0.224509409857407
"54920",0.224351548068086
"2887",0.224327621783755
"10576",0.223893007177514
"56681",0.223843374532291
"116150",0.223595613729834
"9266",0.223501319894294
"81576",0.223477195339613
"8669",0.223426920805992
"5345",0.222956377367961
"2535",0.222881408850883
"55367",0.222849952863041
"10922",0.222847611705033
"9972",0.222832457201959
"100507567",0.222820859550673
"6539",0.222817856146968
"7145",0.222692177191946
"9575",0.222495225148393
"100526842",0.222469111080282
"23587",0.222169678476928
"26272",0.22215858703458
"51506",0.222130957015196
"51726",0.221992605656555
"54210",0.221745433788742
"219541",0.221633325507907
"1438",0.221231049343019
"10267",0.22121197431151
"92344",0.221162751289079
"148362",0.221155283609789
"8886",0.221139747017964
"375484",0.221058624186953
"6880",0.221011150302832
"8406",0.220814223513005
"79670",0.220689217767248
"57035",0.220574758138282
"79650",0.220152135787545
"162962",0.219859180301592
"58526",0.21970679487153
"728537",0.219614810212138
"27352",0.21908219144995
"55183",0.21904753791717
"81532",0.218888977462968
"112858",0.218842442952373
"642",0.218751354449114
"23127",0.218655052868222
"164395",0.218605684081058
"2783",0.218401201471132
"9129",0.218143288165917
"253832",0.217879757945222
"6453",0.217418008295073
"7593",0.21681919347989
"440400",0.216796205957263
"10469",0.216775208231608
"10944",0.216718512926246
"55909",0.216383056197753
"90459",0.216264531561589
"9049",0.21603415345288
"161176",0.215617846302612
"23082",0.215467423263238
"387787",0.215435488358267
"50999",0.215301248818523
"84856",0.215289026636028
"139324",0.214857764248732
"1200",0.214671228055545
"64853",0.214650342825303
"254065",0.214643158677267
"23353",0.214458961280988
"23457",0.214399850513166
"9373",0.214277119575748
"203245",0.214272380617496
"80135",0.214052100922713
"10525",0.214033809298806
"5090",0.213978382532634
"56986",0.213912557214936
"10329",0.213901948972825
"5721",0.213657930792103
"4763",0.213618455680998
"7073",0.21339326941945
"27339",0.213365174800959
"51329",0.213217179973057
"9375",0.21315382446339
"5450",0.213041425387731
"55734",0.213032461547
"81856",0.21268760677285
"65062",0.21264730280481
"94274",0.212641773344628
"9557",0.212554047064223
"51573",0.212333006534733
"23037",0.212331804138866
"27095",0.211926972254194
"51155",0.211831797895261
"5566",0.211245162464329
"64210",0.211155281172547
"10146",0.211069749735565
"114823",0.210870543468136
"7439",0.21081708650252
"158427",0.210391596283661
"91661",0.21032768428623
"23211",0.210123912142282
"5050",0.209726868989534
"1876",0.209483955656527
"5431",0.209353885657345
"57335",0.209171621061868
"9244",0.209130987341299
"840",0.208920347418289
"79691",0.208748043815605
"84865",0.208584858456164
"257415",0.208580845927581
"8323",0.208306633326867
"1432",0.208154305787564
"130367",0.20797455634218
"51000",0.20767789944254
"5725",0.207668945196665
"23503",0.207621059993893
"2131",0.207574212589831
"7469",0.207413559312764
"7273",0.207409305496642
"3206",0.207146335345315
"102723544",0.207097117180644
"7813",0.207080252950688
"55810",0.206953236904179
"105369779",0.206927819252941
"100506462",0.206913726743767
"10313",0.206840473978502
"55876",0.206782878230862
"114799",0.206756839876611
"79036",0.206568071189192
"55003",0.206466205658947
"4790",0.206419658881109
"2151",0.206234497739586
"6635",0.205669216509887
"5829",0.205511181139702
"9330",0.2054703873223
"7334",0.205409923686831
"3416",0.205408149494963
"84135",0.205393163021033
"83862",0.205382634133179
"64106",0.205124078813064
"286006",0.20488345197005
"91369",0.204579204218555
"8663",0.20455693356204
"728689",0.20455693356204
"81573",0.204376729639987
"8496",0.204366136372836
"23635",0.204322877502863
"125988",0.204060335864456
"85025",0.203508071261794
"165324",0.203466293413292
"125228",0.203465468998033
"55148",0.203449377078929
"10096",0.203063174307786
"84456",0.202952850453985
"101927811",0.202928819735054
"5479",0.202648076742982
"220929",0.202504919257575
"51426",0.202487005164958
"81669",0.202308357527948
"144571",0.202100799667799
"359948",0.202063627196917
"53834",0.20203755192621
"9446",0.201905965080481
"51389",0.20177110832548
"79068",0.201717042181041
"57684",0.201342599787076
"10468",0.201328083221026
"1431",0.201288590126171
"51522",0.201240479225744
"64772",0.201159673734635
"27089",0.201136045569669
"112752",0.201041411102843
"55787",0.200865382150015
"57636",0.200635233030299
"9929",0.200410755050537
"54059",0.200371574320981
"55204",0.200364446181162
"79414",0.200158893346159
"1301",0.200092541509563
"54832",0.199888071016454
"3950",0.199861081670443
"23339",0.199770859699928
"26993",0.199538061818975
"101928527",0.199167291594643
"79991",0.198937904038054
"342132",0.198552862466659
"7485",0.198101565921969
"401588",0.19801568608927
"23384",0.197814081811772
"64332",0.197804328379549
"26046",0.197707100741487
"30827",0.197364480231951
"84816",0.197348368066667
"3695",0.197134143152592
"220323",0.197123464949246
"283120",0.197078370043588
"389136",0.196791894656057
"3696",0.19653845573733
"170960",0.196132581604816
"143570",0.19610576648665
"6497",0.19606404674713
"5201",0.195979263216912
"1386",0.195965350389604
"93621",0.195925672507735
"23332",0.195800101007034
"375033",0.195540747411171
"6991",0.195535566338219
"54978",0.195491260877551
"734",0.195015016331134
"200933",0.194885773231808
"84930",0.194871875559106
"65993",0.194827138434533
"3315",0.194644802159264
"83692",0.194610078168503
"5281",0.194532290958093
"54751",0.194239581979328
"57690",0.19403871652057
"10957",0.193977627233652
"6843",0.193793217185493
"79901",0.193328338885564
"3082",0.193233800561216
"143684",0.193196321033291
"9747",0.193145776628429
"6741",0.193103512224317
"11013",0.193048085088792
"23761",0.192907419273539
"84106",0.19269180324603
"64763",0.192433938643005
"84629",0.192349540042931
"153527",0.192095290871427
"27097",0.19207186956811
"5467",0.191661496281486
"1514",0.191337534284869
"55319",0.191169302819918
"149951",0.190984467954043
"169044",0.190803438193567
"5716",0.190772323295974
"83743",0.190271004263954
"2650",0.190155103519699
"4858",0.189976437075148
"9604",0.189667563061276
"3065",0.189199237837934
"84321",0.188867751986775
"100505894",0.188690170835805
"79788",0.188679593501965
"286144",0.188424635872304
"114790",0.188392745490539
"1856",0.188040704646645
"51434",0.18800848126135
"8888",0.18789747259324
"10612",0.187641879852864
"55534",0.187413762873549
"51654",0.187257089283377
"3918",0.187240101488042
"7920",0.187171825451053
"201627",0.187148691085534
"5781",0.186956759365276
"129293",0.186935027918747
"105374836",0.186935027918747
"31",0.186896155106115
"5350",0.186782686617102
"26205",0.186646217259744
"1785",0.186616946919825
"1465",0.186217416141574
"55501",0.18593924900765
"80829",0.185863573481722
"9837",0.185841962770989
"147184",0.185749602292195
"6347",0.185283923357864
"163051",0.185029134240883
"123016",0.184684807163714
"6386",0.184631326375379
"79400",0.184503290700175
"29957",0.18442366750393
"83941",0.184258057962347
"7355",0.184211346512683
"10603",0.183213964521403
"5714",0.183132612951561
"28976",0.18300251134513
"158158",0.182958363291927
"1195",0.182804687706838
"339448",0.182637380246739
"8804",0.182478971013288
"5608",0.182326791085221
"23644",0.182060168985342
"5464",0.181994707937275
"3281",0.181879397560313
"5356",0.181317897551443
"2195",0.181205948623406
"1973",0.18088458533109
"10283",0.180705871647732
"463",0.180521606729906
"738",0.180497726677661
"54918",0.18048357237981
"63935",0.180324334403872
"3563",0.179941333926123
"55718",0.179633849179718
"56970",0.179564827362841
"124446",0.179054082117749
"51256",0.17898222358412
"107080638",0.17898222358412
"112950",0.178909015777946
"6222",0.178760098644675
"79918",0.178754665386068
"79034",0.178644792668737
"6601",0.178222971245355
"79913",0.178115244134055
"729991",0.178100274075292
"8834",0.177090861790846
"169200",0.177033641496493
"5229",0.176750569867805
"2022",0.176647256487438
"1723",0.176556564711637
"57419",0.176328696005501
"55898",0.17603264846953
"150967",0.17589745413523
"5279",0.175883938323549
"8790",0.175660972130516
"22985",0.175611663018585
"54583",0.175597164437065
"721",0.175245503770197
"23218",0.175210163049618
"23500",0.174980810137204
"11034",0.174858664013726
"159195",0.174543465051645
"6944",0.174511259275435
"165918",0.174499356230924
"64062",0.173889279559743
"156",0.173871602739192
"7716",0.173835934341229
"5451",0.173816194625125
"5970",0.173793142842425
"84671",0.173560264103915
"6692",0.173454796716559
"79701",0.173222376818715
"23590",0.17320446705676
"79736",0.173119640763542
"440465",0.173099799828987
"55816",0.172988876478812
"441631",0.172888093236165
"55732",0.172389678890298
"1981",0.172120681525524
"79798",0.17202561233365
"10975",0.172003083950476
"51110",0.171879778482057
"57541",0.171783532622759
"8971",0.171688020233812
"79811",0.171439713079489
"10594",0.171045434805094
"201501",0.170991196101562
"552891",0.170980674956324
"7453",0.170831398143782
"56171",0.170788602519181
"91120",0.17076317637565
"25921",0.170662031977015
"23421",0.170264849492784
"9933",0.170241565294682
"81035",0.170159696973415
"153579",0.170151794840095
"4221",0.169975007732596
"10653",0.169450548384491
"5530",0.169345616629509
"55677",0.169193162766294
"114984",0.169143585415389
"51339",0.16905215711033
"79759",0.168769732226882
"643837",0.168708767731301
"8737",0.168667996533246
"9939",0.168430470996888
"10724",0.168403398286163
"9245",0.168114429916349
"64682",0.167177581598228
"8301",0.166924646578089
"23518",0.16639724927964
"1307",0.166036672182491
"219771",0.165657828503022
"84283",0.165443087002326
"7542",0.165340633051722
"162655",0.165269626016831
"5157",0.164843558362202
"4853",0.164437040166246
"86",0.16442323004392
"84436",0.164309257333914
"64764",0.164147342615088
"22899",0.164133426779204
"254394",0.16411488442259
"6578",0.164077170493039
"23160",0.163471225581693
"23381",0.163116575237263
"1778",0.163104138553118
"147011",0.163015947410686
"1639",0.162573253390814
"54915",0.162506473534422
"51265",0.162498805727638
"57701",0.162253103930701
"80267",0.162038758499531
"23007",0.162020571663613
"6253",0.16193696307663
"149111",0.161840442661188
"81628",0.161683704762517
"3212",0.161599135467033
"10072",0.161496045143969
"6856",0.161444851621669
"57673",0.161418765461447
"6328",0.161406196012299
"5083",0.161392547314289
"56144",0.161319640989861
"57592",0.161092670052096
"54926",0.160387540186824
"10623",0.160366895755036
"59269",0.160337808372158
"2035",0.159998433689993
"23186",0.159991736250425
"254778",0.159851727388411
"10055",0.159820550560317
"112939",0.159802352103783
"80198",0.159759758789691
"56990",0.159673139729749
"54680",0.159571187633821
"11100",0.159542878054529
"57449",0.15951400725883
"54504",0.159509013836482
"284352",0.159463132554706
"27161",0.159265395150465
"56984",0.159174206978346
"65117",0.159143190145044
"4297",0.159106236947933
"51351",0.158758061994777
"109504726",0.158758061994777
"23250",0.158716887820924
"3326",0.158713836952221
"1062",0.158689220893789
"23131",0.158373093123329
"51637",0.158116768541963
"1500",0.158092982066347
"23194",0.158032365820438
"1471",0.157741551232924
"105374971",0.157453788119702
"84284",0.157402851921549
"3656",0.157331735706871
"57693",0.157116249250811
"55702",0.157062093317021
"51386",0.157043302799625
"9936",0.15700380785718
"65109",0.156619530551483
"55631",0.156534612586102
"10213",0.156473300485557
"30011",0.156288814066058
"5303",0.156100157046835
"115265",0.156030248103986
"55582",0.15602134759354
"2356",0.155763310281906
"6355",0.155683713883049
"55164",0.155302014334417
"339175",0.155033812195232
"150",0.154767957205464
"10395",0.154714127737501
"84698",0.154636346160679
"84343",0.154371545205868
"143384",0.154140469850003
"1535",0.153834827034543
"161497",0.153705331035856
"1230",0.153392127520058
"2736",0.153343021879786
"85013",0.153324619129407
"54799",0.153296361375104
"90850",0.153256584953664
"51499",0.153074603150919
"57130",0.153065666530879
"29035",0.152801625320514
"5710",0.152389069438302
"23484",0.152229391843688
"10280",0.152061629785382
"538",0.151992822448209
"56252",0.151967250175769
"51106",0.151843115914292
"55775",0.151636777937692
"8718",0.15156646142347
"9284",0.151369046761304
"105376752",0.151369046761304
"8611",0.151231390025554
"965",0.151160005836376
"11052",0.151006585327673
"4116",0.150947794570021
"10558",0.150889922754343
"64601",0.150846759711691
"2206",0.150802403661538
"83444",0.150670752542187
"79707",0.150615191411348
"8227",0.150494364431822
"55118",0.150372501599014
"823",0.150005918378474
"6675",0.149916165449965
"92369",0.149887265094663
"9342",0.149804546596605
"150290",0.149749434906243
"149837",0.149512583646213
"51527",0.149492715348503
"10278",0.149419534670644
"51168",0.149374789528315
"51529",0.149213527492394
"85377",0.14914090374086
"778",0.149022079483963
"55093",0.148919766876401
"23658",0.148708650573258
"84631",0.148289251998419
"9261",0.148136371606857
"222229",0.147842252458574
"8666",0.147769285754724
"1725",0.147598454198867
"7621",0.147469722672082
"9986",0.147344443906905
"170622",0.14716946699
"102546299",0.147131901446561
"832",0.147072809415205
"64800",0.146922062752582
"84266",0.146852462147922
"83890",0.14659925860643
"64418",0.146517305472496
"131583",0.146273880955494
"122525",0.145886640164343
"83468",0.145506325469825
"201134",0.145238133649725
"9452",0.145010140953767
"57455",0.14488391318184
"2193",0.144768735262857
"1479",0.144437088000071
"55717",0.144227030434527
"56902",0.144039546699767
"257313",0.143171853966132
"2734",0.143142826449
"29062",0.143028469255918
"3356",0.142817399260444
"133584",0.142800227847597
"10514",0.142634408138405
"10569",0.142076902087722
"57616",0.141915187194021
"29855",0.141645379609724
"1857",0.141410007203668
"28981",0.141403639231611
"23660",0.141167099245715
"1874",0.140837740568772
"57680",0.140836193062241
"55800",0.140816553621207
"54617",0.140765106395357
"9686",0.140655513354167
"10388",0.140638396492394
"55684",0.140534878505692
"6671",0.140354025123979
"8519",0.140348526365432
"58516",0.140143098355018
"144404",0.13993735970629
"55643",0.139846623907106
"220002",0.139803884965207
"64430",0.139307380226421
"8303",0.139154343815705
"50865",0.13912798192484
"84319",0.139127245660532
"105374010",0.139127245660532
"51058",0.139004188889536
"8527",0.138580611536118
"100506497",0.138482763312205
"57187",0.13843794825381
"8636",0.137040259273107
"90678",0.136985067650782
"641339",0.136455942188962
"84085",0.136222928778981
"6480",0.135844592273418
"5610",0.135543731297173
"4775",0.135538438772996
"3161",0.135310483392347
"10825",0.135296410298238
"9805",0.13504782999777
"80012",0.134883690564383
"8812",0.134607854061514
"123169",0.134390789040928
"9957",0.134383352145671
"9896",0.134373636940881
"8554",0.134358154203944
"6613",0.134329999876809
"56940",0.134267052986439
"124907782",0.134267052986439
"6049",0.134214610949411
"8772",0.134146582763664
"5463",0.134122751655029
"27086",0.133798853876623
"124995",0.13378758143304
"80314",0.133638281106319
"6510",0.133549957584861
"8270",0.133539777063628
"162427",0.13328395141575
"27",0.133172617246745
"5922",0.133100164820573
"79887",0.133085981057381
"79974",0.133056135043981
"3482",0.13293636065161
"55120",0.132869529820284
"85465",0.132795826955217
"11236",0.13274506844374
"11338",0.132506668175133
"79962",0.132306908670166
"4122",0.13189022568265
"6634",0.131742254247977
"9262",0.131704911837019
"1959",0.131101679612364
"9249",0.131002156461965
"8544",0.130965988371102
"9658",0.13095966477884
"254228",0.130885939010639
"85464",0.130848787919368
"51157",0.130780604460968
"9945",0.130761209813238
"84100",0.130487991717417
"84236",0.130290596948733
"84376",0.130273120233746
"647087",0.130126122120704
"84529",0.129898100526643
"100507373",0.12966980767927
"57217",0.12947886450125
"57613",0.129440768451706
"64788",0.129437244176733
"101927905",0.129306533448036
"23022",0.12925420720685
"80319",0.129224039148674
"113201",0.128837623050895
"6302",0.128827448742173
"27440",0.128567489874359
"83992",0.128012631825079
"91461",0.12792207755581
"51520",0.127785121657091
"55033",0.127694722838247
"81562",0.127610114956035
"10456",0.127591978563636
"199221",0.127554203127122
"283989",0.127389138017964
"163732",0.127227167892941
"10536",0.127138910479168
"3028",0.126718705747534
"644150",0.12670829699904
"245812",0.126581938917269
"2268",0.126514622138335
"9487",0.126442743242486
"51747",0.126283038865865
"11267",0.126153683070106
"729",0.125879228531376
"1839",0.125852468410904
"11216",0.125655697666203
"27343",0.125555858264275
"8992",0.12548202530603
"54476",0.125433558432546
"83606",0.125431058911813
"1311",0.1254138143513
"133015",0.125076016143464
"79172",0.124675165876397
"10818",0.124446253004169
"200035",0.124189363904844
"7769",0.123697846702602
"81550",0.12333661886015
"10482",0.123317256004975
"9013",0.123247003596851
"51608",0.122941695556492
"5137",0.122880122590499
"91179",0.122638318152508
"132299",0.122610978165404
"51451",0.122249993024985
"115024",0.122235453584569
"378",0.121820438115287
"9209",0.121813843584021
"8569",0.121753621595975
"152185",0.121740387370965
"51650",0.121689130929336
"9786",0.12161727475779
"152273",0.121560437848436
"8760",0.121322231430186
"7030",0.121086444592907
"26175",0.121059326492645
"55802",0.120879042475293
"158376",0.120776935199144
"344595",0.120715283957069
"56919",0.120519056182176
"8131",0.120184703584339
"26267",0.120093305182768
"9987",0.12006966610284
"5496",0.119573205081257
"6993",0.119344301211298
"201292",0.11928742934133
"55683",0.119229707922172
"3755",0.119150060134921
"123872",0.118686468191151
"90102",0.118305128118446
"9166",0.118066071291694
"55286",0.11798404029213
"7675",0.117858285981615
"1434",0.117752786629096
"51264",0.11752640710908
"23130",0.117430026023636
"85004",0.117402298711234
"3371",0.117188803885025
"1120",0.117070461768679
"8621",0.117065323371809
"80204",0.117047828737196
"26015",0.116933327662441
"54819",0.116659639722116
"57486",0.116461339996854
"55568",0.116249685555793
"2257",0.116093348747574
"23646",0.115878433280285
"284443",0.115463979871156
"8673",0.115333152227445
"8633",0.115078035408584
"10856",0.114929071042823
"11264",0.11486963978385
"3553",0.114751141154575
"51742",0.114742520724351
"79089",0.114582466225318
"27333",0.114299099690039
"2551",0.114148310716426
"5523",0.114043320534858
"57631",0.11384590525073
"196403",0.113748093911408
"6191",0.113658515730476
"90333",0.113628252112323
"4659",0.113625013468308
"4931",0.113428042902929
"9790",0.112846903528353
"9902",0.112815640888326
"7625",0.112812471608467
"80011",0.112618061677082
"26127",0.112594670234126
"6518",0.111763711178636
"55780",0.111729309367752
"101927612",0.111722411660848
"51276",0.111426319557586
"6623",0.111353098336479
"121053",0.111337236791985
"91252",0.11120734043589
"983",0.111060449756914
"84945",0.111029481672782
"126526",0.110981104995143
"162239",0.110822506123234
"84940",0.110804280611356
"2107",0.110727064993611
"8458",0.110705107162406
"55958",0.110705047204589
"55072",0.110360286376202
"8764",0.110349780340966
"338328",0.11018097786039
"79591",0.110177701878266
"60436",0.110053791808637
"10298",0.10969430608873
"183",0.109429501712143
"54780",0.109329984585567
"283663",0.109259217112238
"553115",0.108760973634873
"150094",0.108690948032186
"79022",0.108458169504917
"126070",0.108288905190339
"79893",0.107921104479391
"23328",0.107729591321099
"54840",0.107583566297672
"57661",0.107227520256089
"57003",0.107064344624338
"57521",0.107021016573738
"9825",0.106920220569369
"55119",0.106674695730782
"84936",0.106455120600659
"9130",0.106431508152662
"6093",0.106369123022174
"889",0.106145308729115
"55257",0.106089320805537
"284040",0.105691244867965
"80013",0.105666133523509
"4292",0.105647117189288
"25978",0.105609957682952
"286410",0.105601751140398
"51005",0.105586669938018
"91368",0.10550181599267
"8724",0.105487230371997
"54757",0.105448003981578
"4772",0.105264109704015
"100288198",0.105208969216575
"10914",0.104965133640797
"28968",0.104766222474788
"150274",0.104710634292432
"5438",0.104649640407452
"6035",0.104609643989009
"10555",0.104560144351436
"1984",0.104515820536876
"79663",0.104384136870752
"79899",0.104324921251267
"80759",0.104186420087842
"79441",0.104127147365432
"55847",0.104050531040682
"51728",0.104002062400938
"255758",0.103820730697521
"55177",0.103673864245424
"112849",0.103431028082951
"10084",0.103305449461552
"389524",0.103284576012025
"201475",0.103156001498215
"55324",0.103000260667106
"415116",0.102809944410937
"826",0.102437783790816
"55676",0.102417264849996
"79676",0.102219439607595
"283537",0.102204698435191
"55167",0.102109103621834
"5270",0.102062164173425
"4343",0.102042284833213
"166968",0.101981642086722
"147657",0.101920047038356
"342184",0.101673451607123
"91746",0.101640274915364
"51230",0.10161506321134
"116",0.101395001277417
"79171",0.100716319083296
"11158",0.100553622955301
"11159",0.100553622955301
"80790",0.100523767022991
"3717",0.100305037140423
"2346",0.0995026555330715
"6196",0.0994931268435085
"79869",0.0993341076739285
"10454",0.0993268736162688
"10144",0.0992859927562878
"55036",0.0991458931168661
"10362",0.0990805905648754
"8674",0.0987635351739439
"6016",0.0987521286141492
"55063",0.0984827851671735
"114990",0.0982227584536104
"56125",0.0981435946432608
"171568",0.0977191215410503
"3550",0.0974674195600155
"23163",0.0973214977431946
"81875",0.0972718725305384
"10693",0.0971873150997195
"22901",0.0971801943201808
"118426",0.0971446614542298
"23357",0.0969803488979103
"51186",0.0967285391416639
"55731",0.0967204421265776
"55274",0.0966584749452764
"1499",0.0965375805447917
"53615",0.0962763309051575
"51001",0.0958610683813896
"51172",0.095643697453518
"8533",0.0956039074956816
"9668",0.0954890116940341
"23219",0.095393186984647
"55339",0.0947898373836725
"51388",0.0947805381096503
"7291",0.0945917897187121
"29101",0.0945423559724662
"55669",0.0945254038864326
"3214",0.0944607970742661
"55159",0.0944348729533935
"100652748",0.094407879981329
"22883",0.0941587528426246
"1841",0.0940380360772399
"374882",0.0939840751571576
"1495",0.0936548599235583
"51433",0.0936503280889063
"55968",0.0935701763105705
"9230",0.0935474078573355
"84875",0.0935296716663277
"10208",0.0934500334962806
"11274",0.0933502086984142
"101928555",0.0933217070286995
"10929",0.0931409766726483
"26013",0.0929444671876905
"5605",0.0928292630256097
"7529",0.0927745387136033
"7084",0.0924718249372761
"2260",0.0924130918317646
"5863",0.0922015557853406
"4799",0.0918470645422598
"8480",0.0917684175281263
"115330",0.0917346836358459
"1373",0.0916676831716911
"5549",0.091534966365993
"3434",0.0914388131094784
"9889",0.0911418509975682
"23244",0.0910223714823191
"90649",0.0909488875459144
"1958",0.0907926268288341
"27342",0.0907319740337038
"9546",0.090580644576796
"23152",0.0896334345065205
"2852",0.0893647039717306
"57336",0.0892401937899035
"4215",0.0885541765951992
"65988",0.0884772402994369
"57198",0.0883871511523964
"6279",0.0883598809935599
"4289",0.0882908321407191
"5378",0.0882193989841835
"7414",0.0881693427005079
"9270",0.0881098713873667
"84547",0.0878537588675028
"375748",0.0878372108131061
"1855",0.0877264621784878
"8535",0.0872240942583189
"8678",0.0871782898132656
"7402",0.0871034597719709
"84922",0.0870577989608247
"284297",0.0868610569526683
"109731405",0.0867958537342766
"125058",0.0865982322101401
"3357",0.0865121734531628
"23523",0.086486605135212
"4313",0.0864145237262768
"29960",0.0863226084683588
"27327",0.08627688345229
"9766",0.086217574733951
"9831",0.0861478066832216
"1389",0.0859294134832939
"7398",0.0856430798324044
"653820",0.0852638587240269
"53840",0.0852322930821496
"55857",0.0852270155791871
"29906",0.0848868822267271
"23099",0.0846437931884629
"550112",0.0845415330585283
"101929147",0.0845080912771047
"2177",0.0843315134754842
"9533",0.0843259315021141
"5331",0.084275123301254
"10897",0.08415480557495
"83878",0.0841117294607004
"54994",0.0840963945779609
"474170",0.0839721587830247
"26048",0.0839092223111964
"79658",0.0838919286775082
"3489",0.0838772088727832
"8655",0.0838034860050397
"80179",0.0835468759237883
"23107",0.0835412149383015
"6637",0.0829155114882589
"23005",0.0828627018686856
"55291",0.0826708500729285
"83737",0.0825857541268569
"3425",0.0823445063731131
"147694",0.0821887036886019
"5260",0.0821507014264253
"2730",0.08201094948859
"9739",0.0819491173848807
"145957",0.0816794669392915
"79665",0.081565765570603
"55565",0.0815553730535705
"221143",0.0811998490112586
"10427",0.0810814265778431
"79934",0.0810460450960151
"388789",0.0807972168345387
"84124",0.08071578668813
"6713",0.0806995329101965
"195828",0.080233191780837
"11117",0.0798232292637661
"440584",0.0795869032517633
"92154",0.0794704405340455
"23154",0.0794490974240566
"345462",0.0793645339152421
"5930",0.0792894346633847
"8479",0.0792176516830726
"85364",0.0788603847877951
"3026",0.078677330615731
"57211",0.0785383603712285
"7165",0.0783973382341911
"27235",0.0779846956396792
"3763",0.0779205509134689
"29998",0.0777196716914099
"4706",0.077455167345302
"9322",0.0771927681145462
"4336",0.0769572644899028
"57654",0.0769370706919678
"132789",0.0764986164551542
"84340",0.076246103674398
"125476",0.0762166561482975
"80195",0.0761316121030697
"1847",0.0758976359782592
"29922",0.0748623644000009
"83475",0.0741317544339728
"8444",0.073785817061459
"100093630",0.0734372033748028
"11341",0.0731788663416514
"54517",0.0731363224412089
"22979",0.0731300883066798
"8526",0.073105868245243
"64067",0.0730451631254011
"403341",0.0728841191876219
"25878",0.0728785541656791
"153642",0.0726887854595889
"375287",0.0726864882090058
"54862",0.0725472657392193
"2961",0.0725355528961596
"9716",0.0722280753783596
"199746",0.0720934693109175
"9693",0.0719391977000071
"201799",0.0717671890715498
"83861",0.071695845627569
"51435",0.0716804782890728
"51507",0.0715663113337838
"84893",0.0713922757340239
"81786",0.0712929403335965
"1032",0.0712662217020586
"317662",0.0711609046945132
"55054",0.0709512061388615
"22797",0.0709229535337831
"57168",0.070903534053307
"89891",0.0707208728556015
"8463",0.0706144583602532
"26100",0.0705336511367153
"9127",0.0704798072195018
"57665",0.0704713062053651
"4798",0.0703757865527899
"64283",0.0700955633164593
"3104",0.0699162802180384
"10559",0.069615280428686
"10557",0.0692769262273579
"79894",0.0692517396899917
"55379",0.0692482759298545
"84295",0.0690705333159431
"246330",0.0684324662519533
"127002",0.0683332990481698
"23613",0.0682814925618861
"81572",0.0681954134286133
"79694",0.0681554694463457
"5093",0.0680531530041274
"92521",0.0679841545802448
"23094",0.0678959477609218
"100505621",0.0675557368282051
"128553",0.0673771954541843
"3303",0.067187610559411
"23207",0.0666292176497652
"80323",0.066525442403075
"2339",0.0662981764991443
"347344",0.0661781034309748
"91304",0.0661107984477932
"1967",0.0659943690164322
"1387",0.0659740397782459
"51013",0.0658768833600167
"26286",0.0655884970297317
"10952",0.0655423178701147
"116092",0.0653162738930401
"8896",0.0652795469865721
"9236",0.0652212167583892
"367",0.0649124333309941
"79745",0.0644315917279081
"4926",0.0643411809559601
"8850",0.064257181905977
"127544",0.0641780820691666
"64172",0.0638112304589403
"729440",0.0637719896681234
"3636",0.0634398594232899
"23511",0.063237902048712
"2990",0.0630560466537434
"9841",0.0629664728581549
"22954",0.0628200936019121
"2058",0.0627689224817002
"84519",0.0626926839355041
"4327",0.0626500704800739
"57461",0.0625513691533463
"64061",0.0625439356442381
"55192",0.0623728804953081
"4694",0.0623338820710606
"339487",0.062211926533329
"22941",0.0621130787530165
"9899",0.0619625777658705
"90843",0.0618233769967455
"389677",0.0617582327222534
"2752",0.0616524422745518
"58485",0.0616278311901357
"10524",0.0616221145165944
"84902",0.0615833362722882
"23534",0.0613233806001201
"1155",0.0611604005079767
"84334",0.0610547043266412
"389114",0.0609429237060296
"5718",0.0609378362620639
"84939",0.060807164656362
"340252",0.0606179160938535
"84923",0.0603886650559282
"57710",0.0603603721137782
"79035",0.060350244366203
"23476",0.0602979152714282
"133522",0.0601739913105545
"29063",0.0599743986895569
"9462",0.0599737187277704
"55697",0.0599118893152892
"84253",0.0598358357416387
"440574",0.0597411717192892
"54716",0.0596822023539729
"124245",0.0595843169121779
"8697",0.0594350221915356
"23548",0.0593628845665495
"4218",0.0592184778611379
"6522",0.0590362888157017
"2074",0.0587031027997616
"9684",0.0584898873426474
"2960",0.0583691750911336
"8464",0.0582233391627164
"55644",0.0581944969171519
"200765",0.0579718981513681
"8562",0.0579611417082261
"114327",0.0579416345996161
"57617",0.057732313624991
"2495",0.0575919591266646
"56906",0.0573465720493926
"5597",0.0573304174832286
"10424",0.0572946005856368
"3309",0.0571957091577125
"4324",0.0568874622195412
"10237",0.0566513368339229
"9211",0.0566291405494844
"23181",0.056580043826992
"28982",0.0563464574593259
"2162",0.0562814451077281
"8720",0.0561923376095813
"10050",0.0558826290581039
"139886",0.0558690868824233
"60560",0.0557976669293171
"124565",0.055758026137646
"2201",0.055616183453089
"54932",0.0555998706641717
"91893",0.0555797964468691
"51523",0.0555243533649743
"2889",0.0552223550127759
"57085",0.0552213206809659
"79183",0.0549007362922104
"6500",0.0548606091693936
"93436",0.0547739860874156
"79693",0.0546684982236492
"9205",0.0545558412481023
"255403",0.0544923090549392
"84942",0.0544596573179745
"9367",0.0543980049238904
"338440",0.0543379819510118
"130162",0.0539696891269569
"5890",0.053869656543163
"56478",0.05376760333864
"26610",0.0537620361831729
"8509",0.0537086186900661
"10621",0.0534655666133778
"1999",0.0534522152419884
"10265",0.0533111738404248
"84215",0.0531186136043228
"80228",0.0529656756600706
"90701",0.0527266781634946
"81631",0.0527229404043922
"2969",0.0526705187210696
"1822",0.0524836983083931
"254225",0.0524200941271211
"84335",0.0524121634635386
"11020",0.0521980988673635
"23245",0.0521244429029706
"9764",0.0520095120001749
"54813",0.0519047007714415
"4692",0.0518710663465076
"5886",0.0517876657233111
"80139",0.051558559822615
"54890",0.0514693403693448
"26260",0.0512768342502134
"79722",0.0512213983603691
"26517",0.0511392349532932
"23164",0.0510330350843335
"101928736",0.0508058602700395
"24149",0.0507374859470558
"55146",0.0506062679425427
"83719",0.0505752589434792
"100507303",0.0503677489961478
"91860",0.0503114345478034
"348235",0.0502885529114543
"26121",0.0502551780882812
"5701",0.0500825899592366
"55140",0.0499333221883069
"51016",0.049829146984869
"56477",0.0496241072154352
"51479",0.0495255026854825
"5432",0.0494563326315204
"131601",0.0493721996276428
"10726",0.0493645630185311
"23215",0.0492661823349461
"95681",0.0491718372396354
"780776",0.0489686974060231
"4204",0.0487896050954876
"80167",0.0487868001151577
"51315",0.0487577229047741
"10666",0.0486895499219338
"284498",0.0486817808780465
"122616",0.0486809331586652
"27429",0.0485758247654722
"25988",0.0483942584961458
"5708",0.0483368874268325
"57678",0.0482105380896083
"10054",0.0481870241686423
"57567",0.0478935918545114
"3925",0.047850244278438
"8500",0.0474906381068476
"196410",0.0474905343839048
"8208",0.0474442098027412
"8654",0.0472128240469857
"55125",0.0469652275536753
"55251",0.0469440025875597
"26043",0.0468867927186943
"201514",0.0468756297991671
"202",0.0467323027389585
"908",0.046657907347394
"401014",0.0465267017609045
"147081",0.0464246920125107
"51700",0.0463485809773939
"55917",0.0462988994833298
"79038",0.0462412025645636
"25999",0.045931356880673
"126282",0.0459075919590423
"26019",0.0458725535973675
"28231",0.0456315104895536
"7342",0.045565314667802
"24144",0.0455217415149412
"8195",0.0454918091662841
"5236",0.045437650315877
"10507",0.0453549138242
"116541",0.0453066147708433
"64072",0.0452047664736792
"51094",0.044988940977599
"3990",0.0444812693982788
"100507540",0.044462917776389
"51633",0.0444326232820259
"84164",0.0442737720762022
"10106",0.0442550835956416
"1316",0.0442158200710828
"9784",0.0441729762951298
"353497",0.0441262679153917
"9865",0.0438230656733275
"598",0.0436996173274224
"7726",0.0436046317619191
"131566",0.0433950741496817
"10352",0.0433007346597733
"9709",0.043218930117615
"56943",0.0431462535283706
"83990",0.043112968856282
"64326",0.0430870238265892
"55064",0.0429979642318081
"26135",0.0429764908412251
"144233",0.0429333583362772
"112574",0.042820117433107
"6199",0.0427893160234769
"93611",0.0427411977990398
"6249",0.0424187508795404
"55500",0.0423886333841822
"100506963",0.0423852076613275
"642273",0.0422628645797294
"80304",0.0422489779634636
"9702",0.0422315357518131
"26985",0.0421452299083905
"84874",0.0420474726572765
"3150",0.0416922110358662
"79958",0.0416474815246941
"3490",0.04133455814713
"10443",0.0412708591434549
"51003",0.0412585865001074
"51079",0.0409028106055309
"115992",0.0408429170943627
"124907841",0.0408276073915928
"90203",0.0405398583425571
"3998",0.0404231145919827
"11064",0.0403263759258282
"23274",0.0403154477205431
"7332",0.0400395444535317
"51010",0.0399047228744892
"90987",0.0392746517279885
"8379",0.0388585756882805
"80232",0.0387893132043236
"54461",0.03876905926744
"6830",0.038520928656466
"102157402",0.0385113141617902
"55176",0.038231798120928
"57646",0.0382150066175574
"10406",0.0382132046398528
"151534",0.038196209711199
"22938",0.0381062594964301
"51347",0.0375139864947099
"51642",0.0374787683823235
"11103",0.0374553986929442
"7391",0.0373949299735921
"84292",0.0372352280461847
"5934",0.0371881873849501
"338645",0.0370464702613553
"400643",0.0370034158348915
"5250",0.036925238185292
"83658",0.0366082998836212
"7840",0.036564344811036
"8139",0.0365483641790752
"5518",0.0364317827822417
"65985",0.0363994259566242
"162989",0.0361885135741432
"81577",0.0359110786289943
"1871",0.0358477789124407
"23552",0.0358250792221055
"10273",0.0357850234653233
"54850",0.0357263693580249
"5989",0.0356703856765788
"9419",0.0355625652600906
"23036",0.0354718479129642
"7579",0.0351741848566649
"5394",0.0350848363005674
"152110",0.0349830245860955
"100499483",0.0348202127363369
"81624",0.034779573239489
"1642",0.034721510158909
"149420",0.0347090408091233
"6421",0.0346064843167831
"285908",0.0345751589757418
"205564",0.0342547982547997
"11311",0.0340689908405289
"144132",0.0340329684561355
"54842",0.0333954481781711
"10951",0.0332599305320765
"10180",0.0332251922600291
"8241",0.0331873331781075
"10523",0.0331855189357992
"11149",0.0330913115423746
"7376",0.0329572884892926
"390",0.0329408113780938
"57704",0.0328267642392588
"147339",0.032762835326399
"140609",0.0326268631794781
"83943",0.0326041701771715
"64792",0.0325922599499629
"152518",0.0323998994323459
"25871",0.0322290485219935
"144321",0.0320783019673929
"84083",0.0313966528797482
"4820",0.0312910022007899
"57794",0.0312677782697989
"51548",0.0312420785127852
"132989",0.0310958567368101
"3267",0.0308735186216939
"5433",0.0308101554832902
"5869",0.0306994951825579
"8239",0.0306736517792575
"9946",0.0305288623318985
"6277",0.0304260219005356
"5119",0.0303725283296015
"81605",0.0298478512636416
"161247",0.0298423157514039
"26164",0.029783569993085
"1911",0.029711679568009
"154743",0.0293510368769365
"29094",0.0291195072638077
"137209",0.0289060185018907
"137492",0.0288240774952695
"23035",0.0288186163205318
"84668",0.0287208577328931
"151011",0.0286738821516506
"23091",0.0286041848103698
"339327",0.028298824272072
"6923",0.0280546590900603
"54482",0.0280483453350132
"2045",0.0279676667366755
"64863",0.0276339945081558
"4173",0.027547117440994
"10640",0.0275252325218777
"8603",0.0274475721038831
"80700",0.0274189760653305
"338811",0.0274122119500852
"55252",0.0273896601688999
"51585",0.0273440103423155
"56257",0.0270614848858183
"23417",0.026907176319162
"123041",0.0268092725189168
"80312",0.0267575283921225
"101927027",0.0267464214915434
"9439",0.0265444219525008
"3930",0.0261993186676527
"221091",0.0261444190311677
"57205",0.0258506409342631
"51142",0.0257831294933444
"494513",0.0256940973047886
"55312",0.0254138013723981
"57038",0.0252195571164489
"25802",0.0247976499314964
"26092",0.0246919510511952
"55132",0.0244017362822301
"9968",0.0243738679956298
"10556",0.0238792124193102
"57325",0.0229107583974471
"7709",0.0227917882661993
"51652",0.0227857117456182
"148304",0.0227624988837576
"78987",0.022738289134452
"10742",0.0227369638742751
"10198",0.0225085551940366
"4189",0.0224144122247073
"4691",0.0223986568491878
"7768",0.0223021033027653
"5931",0.0222039865076492
"84302",0.0221648863189747
"84251",0.0218182027787156
"79654",0.0217822246104765
"9276",0.0211575907816209
"56899",0.0210571081249062
"7260",0.0209329622504183
"55152",0.0208306278395748
"79812",0.0207742919056155
"8631",0.0207342550792559
"84265",0.0204563523131787
"8341",0.0204458062604778
"8563",0.0204382278814677
"5441",0.0203348998916214
"7405",0.0202312184965568
"84937",0.020171313738572
"29123",0.0201652802038738
"10159",0.019904832392454
"57502",0.0197825679450631
"84232",0.0196372290263347
"51538",0.0195864150317887
"3297",0.0191307690964813
"29966",0.0188550817475921
"283149",0.0185251188513599
"10950",0.0183475450632713
"6050",0.0183395238029839
"4238",0.0181704356933184
"339231",0.018102148759214
"1407",0.0180173359468393
"2101",0.0180134716738927
"58478",0.0179443023280282
"54856",0.0174448442668573
"55174",0.0173134542175753
"9217",0.0171608192652998
"11235",0.0170509559769506
"780",0.0168528796897362
"27246",0.0166500287293458
"64699",0.0165404508128023
"8602",0.0163362630779585
"118672",0.0162331427285166
"1810",0.016207248012515
"23673",0.0161022591828746
"51035",0.0159891146162084
"653857",0.0159662913306856
"84311",0.0158218561923994
"1360",0.0156610975659055
"148327",0.0155509205197229
"6618",0.0154971900430246
"54904",0.0154419847226401
"4610",0.0153239974398388
"26747",0.0151882429382472
"9962",0.0150758354642821
"54870",0.0148979714174032
"8405",0.0147317148964898
"6498",0.0144151873956376
"57171",0.0143703743282118
"10916",0.0143165567197478
"386597",0.0143113488122076
"24148",0.0142996864098433
"30818",0.0139969270221383
"128240",0.0138675182612489
"51309",0.0138495833939536
"23466",0.0138101613403387
"83714",0.0137220197964251
"84153",0.0137136355120425
"122509",0.01354372437558
"26160",0.0133852078572507
"1534",0.013346148711449
"6617",0.0131788562124366
"159091",0.0131164780959787
"29116",0.0130791591951737
"6144",0.0130376284935407
"219854",0.0129580610412545
"101",0.0129366103336533
"54497",0.012772305392106
"254427",0.0126866769973233
"2303",0.0125647951595621
"155061",0.0125321988523831
"1965",0.0125069582723216
"9818",0.0117258761112142
"1347",0.0116390666219979
"467",0.0111560775890657
"493860",0.0110489497571615
"644591",0.0109524711046955
"80045",0.0109058422492232
"100506668",0.0108627294473276
"4702",0.0108420838236992
"80317",0.010789103381109
"4899",0.0107670341987471
"7919",0.0107381907577649
"6683",0.0106552019876583
"1052",0.010646557335553
"54930",0.0106446940241438
"163087",0.0106346637135352
"10137",0.0105870187611461
"91612",0.0104651151681107
"27434",0.0103247679180738
"8322",0.0101355111904996
"54841",0.0101301957109143
"2194",0.0100624424663916
"128344",0.00962142673276146
"92342",0.00961722762606233
"9551",0.00935897774385934
"5296",0.00921286498162858
"3726",0.00918312041586599
"64282",0.00908976711851678
"55706",0.008697685779174
"84141",0.00845714959559482
"23034",0.00838292324754953
"113828",0.00837187350016364
"57189",0.00836465273137007
"2874",0.0082433032766377
"132660",0.00822495677475735
"84890",0.00805481666409007
"10461",0.00799977016046081
"2060",0.00765922746073271
"51531",0.00749942351180786
"84336",0.00721131834116216
"5435",0.00705553908787197
"55300",0.0070552846792675
"23483",0.00698382235035712
"157777",0.0068680458675338
"10057",0.00679085735320793
"2903",0.00676183431777997
"343990",0.00658971245423485
"54987",0.00654087499790939
"59349",0.00642982018182526
"55628",0.00642300027490547
"3189",0.00641052216318364
"52",0.00634613349144668
"9853",0.00626171061223327
"57708",0.00622499711672405
"395",0.00614553326354113
"7178",0.00567702511799216
"23142",0.00547365932648415
"84464",0.00545673098872607
"728492",0.00541637811549708
"51188",0.00514175831109176
"2395",0.00512600053545451
"126328",0.00460817331485093
"3704",0.00454198966912792
"166647",0.00450154084906786
"131965",0.00449637803780197
"585",0.00446368805131622
"26505",0.00419249681371472
"84167",0.00410791233303662
"9708",0.00361382202443821
"51008",0.00360964980486638
"5947",0.00358616327231457
"79621",0.00357958915350472
"89832",0.00342761345913321
"27245",0.00313317730004759
"28514",0.00269381555186473
"57506",0.00265626100704432
"399959",0.00261977267866502
"51754",0.0024884708741899
"30836",0.00247729354283216
"90427",0.00238535011206273
"1400",0.00229960832275891
"340481",0.00227885183703943
"11152",0.00227012444466016
"23093",0.00218176299969743
"7637",0.00209502931821343
"64983",0.00185505057134715
"5591",0.00179092700397552
"26123",0.0017635328677772
"23469",0.00168019261786818
"3692",0.00141281286858627
"124454",0.00125213495733249
"7086",0.00121044395007063
"5145",0.00118833592396155
"9922",0.00105966804743092
"84909",0.000852715506766533
"57184",0.000795726358037323
"51107",0.000495829491777868
"29080",0.000470326065640558
"6103",0.000457762234111636
"5875",0.00041813241688419
"22808",0.000334474602316629
"286097",0.00025705944258066
"56034",0.000128189463428706
"54941",5.57363080643439e-05
"7428",-0.000246160154537527
"9810",-0.000246877011408034
"3257",-0.000330148112994739
"97",-0.000358116022853991
"1163",-0.000593317112659957
"89782",-0.000646668790904102
"6095",-0.00069002835483962
"23401",-0.000737554873306351
"22921",-0.000907568543065315
"91574",-0.000921885021587965
"57711",-0.00094111688354622
"116447",-0.00111627945512301
"64434",-0.0011955264430515
"23220",-0.00126823329484501
"205428",-0.00144651327806874
"148189",-0.00152161355466215
"2674",-0.00155961861401516
"101928100",-0.00161049806071318
"25831",-0.00187556521575897
"100131211",-0.00201323496237062
"9126",-0.00207551060275585
"9541",-0.0020922651863603
"3835",-0.00217279072210517
"2618",-0.00220067611055862
"7156",-0.00233183794888657
"2962",-0.00236645269613257
"9060",-0.00243277769996816
"10199",-0.00296649053965131
"57551",-0.0030454918051611
"148479",-0.00312065778573541
"29070",-0.00314094043753378
"128414",-0.00316098005045249
"23382",-0.00317819325779493
"11337",-0.00330662203081902
"9782",-0.00343486685364177
"55024",-0.00344395564154092
"51118",-0.00348717996538292
"56900",-0.00385895912383845
"60343",-0.00389692124057699
"2743",-0.00396943200546721
"23266",-0.00400605545002589
"10974",-0.00420045380387314
"100526772",-0.00432222318416483
"5754",-0.00442397833902961
"4140",-0.00449461157465979
"4781",-0.00451287400041232
"25793",-0.00456371180069754
"6123",-0.00480690139671321
"221395",-0.00505320205458945
"122809",-0.00517809671809507
"5241",-0.00519646725127983
"1742",-0.00522695108901688
"29766",-0.00534790191138286
"6038",-0.00538318964365301
"10126",-0.00539212003148388
"197358",-0.00551798747100806
"51649",-0.00592538340089969
"79048",-0.00594763627725838
"10120",-0.00595253172061489
"10998",-0.00595830982539176
"84944",-0.00621737835175302
"29074",-0.00626443241377596
"64412",-0.00629065158374364
"390916",-0.00631163262368208
"11336",-0.00647435825955484
"23101",-0.00658397887242517
"54913",-0.00662241940947703
"29985",-0.00670293771832095
"9765",-0.00672744394262575
"64976",-0.00675771464781671
"114794",-0.00679303607284796
"151050",-0.00683667220256142
"81563",-0.00702825174776169
"9391",-0.00711727824438144
"4237",-0.00719650720278479
"92249",-0.00774306617727817
"55184",-0.00784271914186489
"57645",-0.0081615182069755
"146057",-0.00818741908844886
"80153",-0.00824023003863178
"23506",-0.00829749086633728
"27153",-0.0089634699976745
"23125",-0.00915224811881107
"8443",-0.00926573496093794
"64324",-0.00962645312886334
"100128750",-0.00996633431086143
"138241",-0.0103057043534629
"51326",-0.0104919372815379
"100506084",-0.0104919372815379
"9063",-0.0105887174552404
"5757",-0.0106084579179799
"57472",-0.0107025855979637
"29956",-0.0108432221642513
"817",-0.0108521745697972
"79230",-0.0108864888330841
"8824",-0.0109934178854794
"1112",-0.0111462152825157
"63916",-0.0112039907673816
"80781",-0.01175210588994
"70",-0.0119184841076767
"84216",-0.012014451682722
"9332",-0.012185141020464
"11171",-0.0125315256266568
"5715",-0.0126126396778433
"10806",-0.0127641988349855
"4913",-0.0128678078878285
"10400",-0.0129450146179445
"572",-0.0129725558455405
"57544",-0.0130108841495071
"23098",-0.0130734182842835
"163050",-0.0133266124113455
"7574",-0.013442322678848
"26010",-0.0135037503276532
"100507246",-0.013947249728803
"221400",-0.0140439878006106
"7072",-0.0141617015636039
"54784",-0.0142138013307098
"92359",-0.0143816221399441
"100506161",-0.014406288529719
"100130855",-0.014579817569483
"26263",-0.014732194437628
"54621",-0.0147687537701747
"100506233",-0.0149697480285815
"151742",-0.014991910393467
"57510",-0.0150355341262484
"2920",-0.0150604420250214
"79065",-0.0151850506205717
"255928",-0.0154423716897574
"65263",-0.0155962658369016
"8793",-0.0158444278283432
"23019",-0.0158675750030436
"64118",-0.0158727641986852
"6125",-0.0159896998489282
"7189",-0.0164293163808116
"79744",-0.0165302747305428
"10300",-0.0165821944714517
"54881",-0.0166741301845777
"84437",-0.0167471870028491
"9093",-0.0167806973720508
"7745",-0.017007875009197
"163081",-0.0170281296756123
"57535",-0.0171540875346919
"9862",-0.0172134588472311
"55653",-0.0176163610695413
"51596",-0.017698381365046
"51780",-0.0177140298936555
"10776",-0.0177373504905424
"2648",-0.0178748354770541
"54940",-0.0179956664883104
"2687",-0.0180973497195122
"10607",-0.0181719345848388
"130132",-0.0183744994524467
"55262",-0.0184267859852528
"150709",-0.0184377727460151
"160622",-0.0185445009676765
"100507316",-0.0185471058476468
"338699",-0.0187685400853716
"9185",-0.0189534093643838
"26094",-0.0191233799041099
"5706",-0.0194382437239867
"55654",-0.0194409667878127
"220382",-0.0194802270246756
"8192",-0.0197249054682937
"55924",-0.0197321942671804
"92609",-0.0198242633788946
"80227",-0.0198457078686226
"22905",-0.0201171968462087
"6597",-0.0201730917695763
"51022",-0.0202404685163983
"145748",-0.0206781307842325
"55974",-0.020793658325356
"79892",-0.0209067735233445
"168455",-0.0210167771330272
"9912",-0.0210200299662247
"147807",-0.0210549354365134
"439931",-0.0212127477713213
"25839",-0.02139784187768
"401505",-0.021599753979874
"6428",-0.0217685565938186
"92285",-0.0220011513018926
"6590",-0.0220352136910973
"360023",-0.0220881770685792
"157657",-0.0221263047054541
"79858",-0.0221297357140304
"84171",-0.0221613389906815
"102723582",-0.0221654170222408
"7728",-0.0222749280742471
"3481",-0.0223749612998513
"6431",-0.0224772398763818
"10605",-0.0224870642536062
"11226",-0.0225790632946956
"64841",-0.0225903177330718
"11108",-0.0225976834508703
"6322",-0.0227471846049163
"7443",-0.0230530209225364
"2277",-0.0231230164048185
"6335",-0.023429858131853
"5099",-0.0234628033686165
"10902",-0.0235533938590989
"84833",-0.0238192349853965
"51295",-0.0242784138053733
"9256",-0.0243249982860449
"7756",-0.0243340073673132
"10522",-0.0248080868761158
"9482",-0.0248443305643173
"3750",-0.0249322877165
"282809",-0.0250033780832247
"133039968",-0.0250033780832247
"123258399",-0.0252087302503311
"283742",-0.0257515749134543
"10083",-0.0257825053361301
"2099",-0.0258712783512803
"9877",-0.0259673034473331
"29995",-0.0259697671529411
"374659",-0.0261181505614714
"79646",-0.0261298456480282
"7582",-0.0263116223997019
"9425",-0.02641598566555
"5023",-0.026488965354071
"7764",-0.0266191286469505
"54542",-0.026727149008576
"100271626",-0.0268634285572661
"84245",-0.0268635579880252
"682",-0.0268760475426085
"140876",-0.026897437626915
"91749",-0.0270891941564105
"64375",-0.0271796447093504
"54707",-0.0272512508195225
"10678",-0.0274877440712878
"8842",-0.0275322495619835
"3192",-0.0275984743878404
"26548",-0.0276777113504266
"7335",-0.0276905390664917
"57482",-0.0278587460840141
"1903",-0.0279602119660981
"118460",-0.0280238389730177
"3105",-0.0281002903660936
"58986",-0.0281072523900402
"1385",-0.0281874434588698
"1312",-0.0282195371864746
"64780",-0.0282271385464411
"89801",-0.0284411679168393
"2523",-0.0285900445711369
"745",-0.0287874298746458
"93663",-0.0288754574449126
"54495",-0.0289027021796871
"3705",-0.0289503489400665
"2184",-0.0291247674819798
"150159",-0.0291405458560812
"113444",-0.0292299731813287
"27335",-0.0293488541345447
"56928",-0.0293896795235846
"401207",-0.0294203455781131
"3454",-0.0295248216290826
"23683",-0.0297509190688885
"79095",-0.0297960738646188
"1912",-0.0301254448173353
"472",-0.0301957191076763
"51773",-0.0304909015580433
"312",-0.0304995443503561
"4943",-0.0307787689324715
"285704",-0.0310813916050527
"7270",-0.0311319987734077
"26065",-0.031273291902626
"51024",-0.0314535162235522
"11143",-0.0314708834744669
"55212",-0.0318012889792904
"79603",-0.0319481800189625
"116983",-0.0322035589910184
"10641",-0.0322131867503918
"8189",-0.0322714768477312
"2117",-0.0324477428172278
"163859",-0.0325260425926499
"55860",-0.0326348031271442
"116151",-0.0327502123783133
"26017",-0.0328961728257442
"51228",-0.033016227402831
"27345",-0.0332010248688672
"200728",-0.0334071393059596
"11183",-0.0334597923059269
"3237",-0.0339687699288793
"79612",-0.0341458127965494
"3948",-0.0343214280166436
"10060",-0.0343249549067705
"10947",-0.03444649443784
"51076",-0.0345362941045254
"23331",-0.0345741180961498
"25814",-0.0346657652703456
"255488",-0.0346925561326717
"596",-0.0348458422635144
"91624",-0.0349083607366445
"5426",-0.0349912249390574
"11107",-0.0355055593060807
"89846",-0.0356505993605738
"4170",-0.0358358692352015
"574406",-0.0358358692352015
"5423",-0.0358747607198137
"51280",-0.036112188362713
"50854",-0.0362337851917287
"100129858",-0.0364728297021299
"124900785",-0.0364728297021299
"54796",-0.036740384550677
"7411",-0.036762523993031
"23308",-0.0369468004968104
"102723996",-0.0369468004968104
"9821",-0.0370178920211573
"8702",-0.0370899026925017
"2534",-0.0371568975807196
"255043",-0.0373225878213567
"84987",-0.0375034108506734
"83460",-0.0375900792736147
"10061",-0.0375970009304461
"84769",-0.0378451183273997
"55150",-0.0380262618415891
"11142",-0.0381388745371492
"162",-0.0383052581836218
"79571",-0.0384832643434607
"29920",-0.0387787752936669
"5411",-0.0388687379617924
"196074",-0.0389900480528023
"54995",-0.0390917006591821
"100129792",-0.0391241921477156
"9798",-0.0394336065803212
"11315",-0.0395269575370424
"5834",-0.0395660958327119
"3576",-0.0397098535930853
"2353",-0.0402105588146119
"10671",-0.0402409187595869
"1410",-0.0403961608722071
"54093",-0.040415716236553
"219623",-0.0404787617691365
"92400",-0.0407028488148127
"112970",-0.0407749357783222
"23139",-0.0408412023589446
"10694",-0.0409107467715314
"493911",-0.0410066492300192
"66005",-0.0410309310594079
"22924",-0.0412420185526644
"9652",-0.0412516629637031
"118881",-0.0412741795732853
"23113",-0.0412749030291722
"23403",-0.0413370611859935
"6655",-0.0418631456202334
"26277",-0.0420236421215326
"26145",-0.0424762598536504
"728558",-0.0425240431887544
"55812",-0.0425607587827911
"100506686",-0.0428157195949806
"101929215",-0.043104796166211
"10067",-0.0431379078589932
"56052",-0.0432682177311147
"988",-0.0433391890617884
"80320",-0.0433737608409996
"27238",-0.0435390890155287
"100506311",-0.043696595227244
"253714",-0.0437680412281141
"201562",-0.0437788739809557
"22995",-0.04390282899342
"64426",-0.0440442814866582
"23621",-0.0441074840947693
"10483",-0.0444375306414093
"10520",-0.0444749522329272
"4139",-0.0449308165357551
"824",-0.0450332042056219
"23474",-0.0453100174373691
"5328",-0.0453264549892916
"4057",-0.0454932592690085
"84224",-0.0455201514157232
"51611",-0.0456620634834985
"56139",-0.0456639218578429
"142679",-0.0460336212822076
"1953",-0.0461943564982264
"51147",-0.0462035374080841
"2178",-0.0463650334296995
"3419",-0.0464214450091888
"57703",-0.0464975477065983
"5205",-0.0465326937481134
"27085",-0.0466964560535873
"4783",-0.0469036884331983
"2581",-0.0472559723001161
"79446",-0.047767394916425
"23593",-0.0478581764236663
"9183",-0.0478647035869689
"129685",-0.0478777447224259
"144348",-0.0479250774650159
"55182",-0.0481396029540196
"55506",-0.048157771060255
"92714",-0.0482602629871629
"1824",-0.0482619917560348
"1000",-0.0482925225774089
"221477",-0.0483544335421496
"6776",-0.048391579984087
"10992",-0.0484040493752938
"2354",-0.0484097013698019
"5980",-0.0484887580088547
"256471",-0.0485576503365493
"65009",-0.04864499413198
"6563",-0.0487129798734594
"57537",-0.0489071135527582
"2006",-0.0489318955133531
"57213",-0.049046469252401
"7884",-0.0491520837613122
"9921",-0.0492796015484784
"7323",-0.0493361403811681
"9550",-0.0495086121612727
"83860",-0.0495144688091383
"9885",-0.0496659822615895
"105369209",-0.0496659822615895
"5689",-0.0496890785925799
"54149",-0.0496973025960217
"2079",-0.050027454679234
"4033",-0.0502787640769792
"3021",-0.0504159122627419
"11133",-0.050457143878576
"3226",-0.050466945879169
"55127",-0.0505352723303987
"9538",-0.0505588505062893
"3191",-0.0508990811293368
"10200",-0.051005249964318
"55108",-0.0512439137005424
"101928238",-0.0513764847173039
"7372",-0.0514974470699951
"4152",-0.0515611369312631
"7360",-0.0517410212108653
"643641",-0.051852537144588
"28989",-0.0518747503407051
"1954",-0.0519480248664435
"9043",-0.0519875201030628
"163033",-0.0522882727450875
"90288",-0.0523370948480646
"152579",-0.0527793060217648
"100533182",-0.0527909859722976
"8736",-0.052869483437939
"29948",-0.0530362791085111
"100271836",-0.0530760669375032
"79768",-0.05310170909263
"4756",-0.0531545335615439
"3652",-0.0534855875658765
"25800",-0.0535186759462365
"92283",-0.0537991722803664
"341676",-0.0538168444160412
"8220",-0.0540518079459217
"85378",-0.0542539875330172
"105376671",-0.0543174808663874
"55249",-0.0543776248311107
"64400",-0.0544358722077689
"23271",-0.0546771114260902
"4902",-0.0547059913174005
"126133",-0.0548092438214433
"55066",-0.0549207025865923
"124907803",-0.0549207025865923
"128966601",-0.0549207025865923
"170082",-0.0549444646342654
"80254",-0.055043972112248
"26088",-0.0551714940521549
"23623",-0.0552637885321322
"23637",-0.0553273467717232
"445328",-0.0554494145271715
"9527",-0.0555387107684577
"10498",-0.0556381852918459
"53339",-0.0556738052846008
"1820",-0.0556745428418488
"4168",-0.055677395074654
"51760",-0.0558303156484966
"117155",-0.0560640387038323
"51102",-0.0561656465945203
"105372482",-0.0561821860341329
"3621",-0.0564959177930913
"55622",-0.0566982674279546
"9592",-0.0567165149456166
"58190",-0.0567464318410168
"23385",-0.0568639019956675
"2787",-0.0570931754010627
"4738",-0.0572492296444242
"150962",-0.0572962035601553
"7639",-0.0573974056571095
"22887",-0.0575720333387734
"54919",-0.0576622425732024
"285636",-0.0578965093224098
"23144",-0.0580059673036387
"57560",-0.0581284383070677
"6542",-0.0581561053378272
"80778",-0.0584732002655078
"8632",-0.0588502409774514
"54877",-0.0589601133875981
"4217",-0.0591587024893583
"8576",-0.059206156046847
"284260",-0.0593859654883366
"253959",-0.0593929670683953
"2115",-0.0594076612357027
"79577",-0.0596824432689778
"9202",-0.0598957044200843
"22890",-0.0599244899124662
"85012",-0.0600489395096162
"8546",-0.0601074963178298
"4092",-0.0604171777973421
"9878",-0.0605297279365252
"79689",-0.060672592550323
"8808",-0.0607186770041909
"55290",-0.0609238778780109
"11018",-0.0609600473826499
"2800",-0.0612954623457947
"100129924",-0.0613468708497804
"23199",-0.0615963950657075
"166378",-0.0615999687858344
"23312",-0.0616928052206098
"27183",-0.0618193201480658
"23768",-0.062109307718221
"7555",-0.0621881148983965
"100506725",-0.0623318895877878
"26521",-0.0624904858657599
"151194",-0.0625221775892538
"81857",-0.0626133868860352
"55051",-0.0627437156575804
"4580",-0.062839845397249
"80760",-0.0628764990463903
"51441",-0.0629425153748759
"222256",-0.0630474798270712
"2595",-0.0631309841388751
"79809",-0.0632981814425603
"83479",-0.0634486640468868
"5528",-0.0634741649818975
"26022",-0.0641856681691412
"56262",-0.0642756351089748
"129563",-0.0643048553605556
"9879",-0.0643123556199057
"3069",-0.0645943970741372
"84804",-0.064664541753314
"729614",-0.0647350820427134
"5290",-0.0647923024882534
"79671",-0.0648549927168682
"55796",-0.0650063854376872
"79953",-0.0650098005806327
"162998",-0.0650967754248579
"79056",-0.0651045965541148
"6305",-0.0652362986849234
"56978",-0.0653142615735072
"345778",-0.0653893518218588
"221785",-0.0654986028257541
"79137",-0.0656087986284264
"9447",-0.0656923561405607
"51072",-0.0658194639813547
"134145",-0.0659337414916789
"101928550",-0.0660711917275018
"105376193",-0.0660711917275018
"154007",-0.0661840217854373
"55768",-0.0662646471553744
"100507602",-0.0664975966920208
"101928649",-0.0664975966920208
"9646",-0.0666098730982648
"8780",-0.0666971319182341
"221710",-0.0667088289923585
"90135",-0.0667875244818396
"2665",-0.0668114290136615
"10016",-0.0668699755812239
"284459",-0.0672349127165497
"27315",-0.0672535059690931
"26512",-0.067304788885445
"90120",-0.0673468195373566
"4750",-0.0675812655759474
"5469",-0.0676234155810753
"100506215",-0.06805533535317
"10440",-0.0680950706827016
"100130933",-0.0681102867464267
"11046",-0.0682395361624442
"284385",-0.0682431815401274
"10575",-0.0686211068319191
"7644",-0.0688546597078233
"1678",-0.0690247747841007
"79078",-0.0692312830317671
"550",-0.0692314027353019
"2239",-0.0694385549255529
"2530",-0.0694597879144467
"9706",-0.0695470892244899
"1620",-0.0696278175006952
"644192",-0.0697172670829876
"147179",-0.0698503994089686
"9529",-0.0699499384605392
"54815",-0.0701822577086275
"10349",-0.0704019069667412
"8269",-0.0705794583149347
"79005",-0.0705795792626975
"100534012",-0.0705795792626975
"54520",-0.0705993328411569
"1318",-0.070657927891371
"1880",-0.0707955142422538
"9070",-0.0712483546310652
"55285",-0.0714032582818374
"137835",-0.0714508562135769
"8940",-0.0717066800942497
"55737",-0.0717467528526129
"2098",-0.0721854657177053
"113419",-0.0724527437403472
"84061",-0.0725683903480845
"10793",-0.0725736911577228
"114034",-0.0727040310185024
"10980",-0.0732087324306023
"5687",-0.0733386749509218
"10113",-0.0734651090099852
"9361",-0.0735742794551941
"79071",-0.0737810732542904
"102288414",-0.0745454336574862
"30832",-0.0747191407215115
"7111",-0.0747725090832645
"115939",-0.0748035802162851
"4713",-0.074936483993419
"5692",-0.0750067056129041
"5337",-0.0751346166529102
"84514",-0.0751347763722099
"101929468",-0.0758589247850988
"9240",-0.0758935250548224
"11035",-0.0759986135831339
"9669",-0.0760787030599733
"142940",-0.0761759737989016
"143",-0.0762395271104283
"23376",-0.0763293683056736
"9564",-0.0763360444720836
"6695",-0.0769644127687302
"26038",-0.0771249122724137
"55218",-0.077287499070515
"763",-0.077358670311467
"51805",-0.0774383381298832
"3612",-0.0778870426168456
"57554",-0.078148359050062
"339745",-0.0781591930765143
"842",-0.0781672066645083
"6045",-0.0782168860386044
"955",-0.0784338603743819
"5468",-0.0784778836933536
"10439",-0.0785743723993447
"6564",-0.0786111783268928
"55573",-0.0786148307363496
"64215",-0.0789156401222037
"51621",-0.0789464705554611
"5202",-0.079233086759618
"4849",-0.0792937295582736
"22868",-0.0795095404527674
"8034",-0.0798405595386142
"54879",-0.0798479898058886
"51272",-0.0799893385716794
"79673",-0.0801019922170376
"25912",-0.0806465608826214
"9883",-0.080780942978776
"25819",-0.0808038211463876
"79680",-0.0808922134251331
"10018",-0.0809669520797203
"401251",-0.0812598483123511
"7567",-0.0815558935403974
"124903710",-0.0815558935403974
"137994",-0.0815904633849268
"56944",-0.0816980986992594
"8932",-0.081868552334463
"116028",-0.082068258250262
"23379",-0.0821014471680422
"79007",-0.082399924082413
"94121",-0.0824131047269327
"10658",-0.0828247689111586
"80143",-0.082880729530253
"49854",-0.0830280919441894
"25853",-0.0831872160651466
"29127",-0.0832558052811958
"8087",-0.08355193486904
"102724105",-0.0836204565265734
"252969",-0.0836788690944755
"55620",-0.0837648367909506
"55914",-0.0837850143630839
"27346",-0.083798035030146
"56605",-0.0838963096677753
"54868",-0.0839265556454173
"81554",-0.083926871127154
"4712",-0.0839511179351859
"100507524",-0.0839598136355459
"5152",-0.0839864793748866
"55294",-0.0841525337349466
"10231",-0.0845266096718818
"1718",-0.0845399107249594
"121536",-0.0845774888104484
"54765",-0.0849780603875838
"79595",-0.0850970701399143
"57477",-0.0852061154613848
"65056",-0.0852167490754601
"3953",-0.0852361449757024
"81533",-0.0852919761593548
"80306",-0.0853182045268388
"7035",-0.0853753482340672
"9633",-0.0854033922977335
"64645",-0.0854237360638736
"84872",-0.0856755528927692
"23233",-0.0858576773260728
"9154",-0.0858716971956297
"1119",-0.0859276443862257
"81689",-0.0860157817776511
"55593",-0.0860607735921692
"84267",-0.0862163073471285
"11060",-0.0863250128313855
"9632",-0.0866786305411417
"388962",-0.0867787211476466
"91137",-0.0868910003405781
"55023",-0.0874406892100966
"10613",-0.0875518287081443
"115509",-0.0875608081449928
"64750",-0.0876919383112805
"286451",-0.0878543981839374
"540",-0.0881957299606505
"8226",-0.0882914618934774
"553103",-0.0884056092684012
"3899",-0.0885689009685302
"7048",-0.0885823844762101
"9738",-0.0886702638398056
"4810",-0.0886976864644557
"1611",-0.0889202906863517
"203",-0.0889899420924323
"5434",-0.0890938490376667
"339201",-0.0892457411181249
"1947",-0.0892847832249569
"9310",-0.0895865347695059
"132001",-0.0896400273912487
"11080",-0.0896644349196517
"6383",-0.0897186575964791
"139341",-0.0898612496231151
"92421",-0.0899147724539796
"6009",-0.0900109123496456
"9149",-0.0900574576271242
"79177",-0.0901376885846498
"57691",-0.0903022924794462
"51490",-0.0903925614661625
"79710",-0.0904004756741804
"26750",-0.0906401535007988
"55083",-0.090651944174414
"5311",-0.0907237032858662
"54891",-0.0907765953037853
"84984",-0.0910398794991106
"3735",-0.0912488324211868
"777",-0.0915020786121218
"79672",-0.091574518008744
"84620",-0.0918378741796843
"4166",-0.0918519126695878
"51430",-0.0919338694666735
"2631",-0.0919917067474789
"57407",-0.0920370818043488
"51333",-0.0923115838774188
"283624",-0.0924364426641965
"3685",-0.0926497916098027
"8428",-0.0926900702169617
"53947",-0.0928857885647389
"129787",-0.0928976465427349
"55633",-0.0934192861321835
"54622",-0.0934976913954811
"9559",-0.0937888986697805
"64420",-0.0941695043441054
"51322",-0.0941953867736283
"91147",-0.0948365968391118
"7092",-0.094837883262666
"10972",-0.0950633399485862
"145483",-0.0951958455847054
"81608",-0.0958057900397851
"1182",-0.0959388024511858
"4034",-0.0959965749605041
"64410",-0.0960011774691434
"222068",-0.0960303863358185
"56893",-0.0960714771103468
"56829",-0.0964644683757827
"84924",-0.0967491426417444
"5116",-0.0967629062068938
"124152",-0.0968980890085587
"126272",-0.0969808375315729
"57621",-0.0969928192670516
"2539",-0.0975599473126576
"100506033",-0.0976673981080193
"5274",-0.0978782833358814
"3093",-0.0979465314788156
"3508",-0.0979771419664657
"51669",-0.098148056008886
"9797",-0.098282141111414
"333",-0.0983995266747859
"151258",-0.098493659796962
"56904",-0.0986493830959545
"79954",-0.0987881530721803
"54934",-0.098870752437447
"64421",-0.0988867341110752
"8916",-0.0997989307726688
"122769",-0.0998149865914834
"30000",-0.0999472764190664
"9525",-0.0999655622890363
"122961",-0.0999789292774578
"7074",-0.100020239334871
"22834",-0.100180547150054
"11193",-0.100370440126949
"84674",-0.100408677123799
"6533",-0.100799763775875
"54798",-0.100838054582184
"27309",-0.100839967164072
"2647",-0.100992760120797
"4850",-0.101124837660107
"9139",-0.101322922408765
"26054",-0.101461343187728
"255231",-0.101472218115156
"23491",-0.101614231382268
"22835",-0.101692133968261
"54619",-0.101829344964564
"51134",-0.101884108364272
"100131755",-0.102128660542738
"8890",-0.102191314776752
"54148",-0.102250845570265
"25920",-0.102476095619876
"389362",-0.102742167809969
"9320",-0.102745403768346
"23279",-0.102771807613136
"8293",-0.103121012695074
"9188",-0.103398247623262
"90594",-0.103432763391035
"26118",-0.103439899463313
"283987",-0.103725721160379
"2215",-0.103752182346056
"124905743",-0.103752182346056
"283459",-0.103787479435765
"151963",-0.103908389972929
"54946",-0.104002151212404
"4259",-0.104105960342095
"4060",-0.104109821914571
"79590",-0.10425785557158
"475",-0.104268981074364
"64376",-0.104296309850395
"2286",-0.104783223373642
"149041",-0.104815979984914
"9931",-0.104884796625864
"84817",-0.104995338203272
"9823",-0.105109738608449
"7336",-0.105225961933171
"4784",-0.105229764199343
"5784",-0.105309585195455
"140461",-0.105448402282328
"103",-0.105680255909849
"1767",-0.105770375162467
"51385",-0.105838678984262
"11066",-0.105866106401553
"56888",-0.105913529019151
"28960",-0.106030486130828
"283554",-0.106211810080998
"4924",-0.106236384432788
"151613",-0.106253242936121
"9415",-0.106286418788221
"6443",-0.106422125448349
"85458",-0.10660371608163
"339229",-0.106700603505956
"2768",-0.106822646670608
"55001",-0.1070409279354
"101927111",-0.107145743167453
"168544",-0.107357309605441
"92565",-0.107441831676616
"9904",-0.107442052002797
"1466",-0.107587233078642
"7001",-0.107740022052537
"11101",-0.107743800045003
"51132",-0.107858338049183
"79842",-0.107994604877108
"23654",-0.108181671220983
"10885",-0.108355811220319
"84908",-0.108458321715006
"91056",-0.108623744205457
"84868",-0.108711588793252
"51755",-0.109086605265958
"9136",-0.109151578555494
"4360",-0.109225853550537
"7474",-0.109546807480552
"6653",-0.109602781979008
"4123",-0.109647302968367
"9857",-0.110054575560362
"84516",-0.11017526864315
"2702",-0.110227762974308
"6629",-0.110730511115523
"57695",-0.110940101793577
"171586",-0.111143387229754
"51460",-0.111513723140504
"65990",-0.111718478455079
"11051",-0.111927826882371
"149013",-0.111982286821878
"22862",-0.111984962982243
"25833",-0.112212516595929
"8030",-0.112390435361828
"55756",-0.112485946566192
"51477",-0.112525136088609
"9112",-0.112642509981085
"1960",-0.112752983872512
"10093",-0.113032734066021
"51478",-0.113177335822693
"119559",-0.113258825491916
"10626",-0.113266264794708
"8021",-0.113595064130359
"64766",-0.113630394577441
"6303",-0.113810668735192
"140711",-0.113912754243613
"143686",-0.1139684732382
"138311",-0.114132190289095
"283",-0.114291728174629
"54949",-0.1148107879809
"8624",-0.114969926269168
"27148",-0.115020030207463
"79703",-0.115261647081413
"114818",-0.115401491835206
"132720",-0.115574682395614
"23185",-0.115598666742039
"54039",-0.115770123192819
"84285",-0.115830401672759
"10526",-0.115942784576585
"339290",-0.115956993266707
"23536",-0.116276022903782
"23241",-0.116475480576032
"4686",-0.116765922391381
"8573",-0.11678865340642
"5534",-0.116851711644646
"56616",-0.116869155891556
"132884",-0.116938083053357
"84131",-0.117076967261781
"100130581",-0.117104234132201
"138065",-0.117141654234758
"100506581",-0.117359520920284
"2941",-0.117420170956034
"132321",-0.117440542975907
"124900193",-0.117731341200327
"5151",-0.118065840802562
"619207",-0.118107107692143
"90423",-0.11812063592288
"56674",-0.118174311469714
"6449",-0.118273138508047
"1244",-0.118293079358886
"9328",-0.11841326393541
"55017",-0.118510641565735
"26207",-0.118643344883031
"192669",-0.118772311411428
"92906",-0.118901370420472
"4814",-0.119044182381665
"55647",-0.119208706217109
"58493",-0.119469295060383
"9107",-0.119583151501544
"81847",-0.119779460654077
"5533",-0.119862227035792
"3221",-0.119941788452094
"3046",-0.120034387866406
"6625",-0.120150287714355
"79735",-0.120222170529785
"142",-0.120222821769354
"7057",-0.120479823565459
"114803",-0.120482192945181
"331",-0.120532416959058
"90864",-0.120620120952904
"8455",-0.120638095503006
"100287932",-0.120738881657594
"200539",-0.12080171994558
"101926926",-0.121175823394837
"4054",-0.121479048855771
"285268",-0.121637249795798
"54825",-0.121832996038272
"23426",-0.121834157429432
"148979",-0.121854194851468
"23369",-0.121862314802134
"27247",-0.122130383507325
"5613",-0.122287690293332
"8110",-0.122515076519375
"29946",-0.122665785595884
"79144",-0.12272727453914
"139231",-0.122852394922465
"51232",-0.122893212315009
"2632",-0.123023212668268
"10175",-0.123141357965531
"1054",-0.123472854340354
"9886",-0.123544920177806
"10573",-0.123740303752931
"4087",-0.123824081990685
"170959",-0.123869614953749
"11238",-0.1239572231546
"4660",-0.123970713102999
"2919",-0.124216455134564
"29800",-0.12426892761059
"9826",-0.12427494617865
"2186",-0.124463095294683
"137682",-0.124786639236242
"9880",-0.124992432856899
"91775",-0.125103098578924
"100293516",-0.125167407209746
"54386",-0.125214599976557
"105371348",-0.125214599976557
"339122",-0.125241089258797
"55605",-0.125489649498684
"23567",-0.125561165905292
"9961",-0.125628620638957
"84274",-0.125901383444813
"91647",-0.126042688053665
"80115",-0.126504585084426
"342908",-0.126526496604514
"100505715",-0.126526496604514
"56164",-0.126664857043815
"2068",-0.127188372217603
"23043",-0.127368780470875
"23732",-0.127635197352099
"23047",-0.127656442590446
"7643",-0.127720618491645
"26284",-0.12782547229467
"22847",-0.127863298691121
"9779",-0.127880256081788
"54626",-0.128056455631614
"140894",-0.128165274401546
"64969",-0.128176717694195
"57149",-0.128506933636698
"4234",-0.128728873975773
"23140",-0.128735606458545
"4356",-0.128809437174317
"5300",-0.128948231956429
"23741",-0.129299971319939
"58189",-0.129499414425393
"1781",-0.129694752233732
"23304",-0.129747877230949
"10518",-0.129954721577027
"55632",-0.130030835665373
"1974",-0.130496689539725
"283417",-0.130590059343158
"54955",-0.130615640546438
"55748",-0.130636484462233
"1477",-0.130874945294105
"55133",-0.130927132326182
"84313",-0.130998943979967
"2733",-0.131019295360151
"6334",-0.131094594403081
"539",-0.131285943117092
"149076",-0.131333315758756
"84896",-0.131634716679534
"55006",-0.131805050305943
"11215",-0.131857487543855
"55529",-0.131873025967586
"54937",-0.132011484977417
"7743",-0.132210516278515
"1340",-0.132457386824178
"78997",-0.132617370111641
"11313",-0.132865279902454
"404093",-0.132868245472181
"9694",-0.132901100410819
"1609",-0.132997764308935
"55272",-0.133208606603521
"7407",-0.133466571807663
"5526",-0.133481770478262
"3200",-0.133552223780616
"3420",-0.133565523628703
"51166",-0.133576103101979
"130502",-0.133951189453646
"1982",-0.135001690936742
"1652",-0.135169867970426
"79684",-0.135237485647607
"1660",-0.135336283882071
"84640",-0.135805424314706
"55701",-0.136004921474995
"8575",-0.136174097896961
"7403",-0.136268814853179
"8434",-0.136378957157566
"25936",-0.136453564093708
"282996",-0.136459050242941
"83988",-0.13652976587105
"8729",-0.136572888125205
"9791",-0.136613082354563
"100302692",-0.136710914610674
"8609",-0.136742896947079
"646851",-0.136991476309398
"91782",-0.137111596589875
"113829",-0.137459568536486
"112936",-0.137540625389699
"144108",-0.137692164288357
"11030",-0.138160944665237
"51808",-0.138276257113552
"16",-0.138392631162397
"261734",-0.138408796483685
"92345",-0.138604364039547
"5899",-0.138772069688075
"51663",-0.138981874510368
"26057",-0.139013845532076
"9025",-0.139034582038232
"4248",-0.139104780819406
"80067",-0.139541863002026
"4286",-0.139721765497503
"83851",-0.139800964601715
"22807",-0.139960325578781
"65110",-0.140202370013081
"7727",-0.140264779714548
"3308",-0.140344138864207
"203069",-0.140393665353863
"767",-0.140509771133695
"2531",-0.140636559212473
"348093",-0.140686864078707
"10642",-0.140902415720725
"348174",-0.141051904191763
"1829",-0.141289493143989
"57614",-0.141326451674597
"50485",-0.141351897409982
"11196",-0.141372456631027
"55692",-0.14146981882214
"51714",-0.141603812914986
"2931",-0.141638667529308
"2245",-0.141955266365915
"146050",-0.142156244361556
"90806",-0.142228463418153
"4809",-0.142287340135085
"51277",-0.142739129506125
"23335",-0.142785695462805
"100507398",-0.142830178218703
"10311",-0.143153436614855
"8754",-0.14325267584905
"55225",-0.143328186959899
"30849",-0.143388300857216
"83693",-0.143402285047719
"28991",-0.143442441708169
"389634",-0.14345563692213
"79147",-0.143748836774818
"80142",-0.143795838759927
"284034",-0.143880392377952
"9578",-0.143958955879813
"221656",-0.144243763593382
"3841",-0.144596846209089
"57186",-0.144923153283238
"8861",-0.144948204479269
"51018",-0.145392165643697
"202333",-0.145573069665429
"1201",-0.145582868341967
"79567",-0.145772884469533
"26173",-0.145955705903887
"6945",-0.146003700112059
"4836",-0.146221471904181
"63932",-0.146270856197235
"254251",-0.14644756953868
"79794",-0.146476702607496
"57453",-0.146564668447827
"8925",-0.146602198597655
"6836",-0.146644788898365
"286053",-0.146699145399067
"5717",-0.146831135869432
"57132",-0.1474191582403
"23135",-0.147543214396992
"8668",-0.147670462551129
"23172",-0.147880067755023
"9368",-0.147937560881264
"2976",-0.148103329016757
"376940",-0.148350051105644
"27243",-0.148642512030776
"1879",-0.148898283256592
"93986",-0.148910714122066
"8310",-0.149401044847855
"6444",-0.14942871351529
"132949",-0.149756661053409
"64837",-0.149933943670588
"9774",-0.150236019729307
"677",-0.150654619480276
"1559",-0.150716642691822
"79830",-0.150783467868811
"26269",-0.15079140973137
"23253",-0.150852069500467
"9532",-0.150924351512285
"9498",-0.151010509490573
"55353",-0.151234456419167
"9001",-0.151313560768215
"22796",-0.151332938579532
"7538",-0.151479220894683
"80194",-0.1520482978813
"285972",-0.152249198395315
"27020",-0.152330257148069
"115950",-0.152660853060102
"4638",-0.152670659347024
"57231",-0.152738060867955
"169981",-0.152893393654684
"23315",-0.152897709245765
"10899",-0.153252529974869
"10105",-0.153280631482597
"5818",-0.153489567025803
"201965",-0.153548294296217
"729096",-0.153616990988832
"374569",-0.153673772608108
"55667",-0.153728211470334
"51575",-0.153815900401261
"152992",-0.153952367159348
"2944",-0.154025181526607
"81491",-0.154503989476912
"999",-0.154720801859931
"55552",-0.15488266130803
"85365",-0.155045212739523
"84795",-0.155339965852179
"100506119",-0.155495202261207
"54760",-0.155585609345222
"26053",-0.155612161247068
"729540",-0.155724299024844
"55171",-0.155830542523667
"8693",-0.155836983413859
"22894",-0.156160728626701
"100037417",-0.156174641785568
"5297",-0.15632255344938
"27241",-0.156455887960087
"50626",-0.156708161089431
"1503",-0.156838031802504
"1106",-0.156957318709613
"23383",-0.157043056137429
"123283",-0.157200205253367
"8975",-0.157252118883042
"9424",-0.157622147473843
"64145",-0.157749376926453
"8548",-0.157784054553492
"90624",-0.158042472325927
"124602",-0.158362332346458
"8365",-0.158605233901426
"513",-0.158680170199303
"286128",-0.158900656848934
"10565",-0.158937547428181
"388011",-0.159052240662294
"84223",-0.159147021971493
"7994",-0.159751491318687
"53371",-0.159755721581353
"84524",-0.160045980094612
"23288",-0.16061199350496
"85415",-0.160724756070576
"115708",-0.160779803492141
"57019",-0.160852360936466
"10656",-0.160901090127712
"5498",-0.161088015217047
"58492",-0.161169634932019
"115650",-0.161310382312328
"6884",-0.161342223281642
"55209",-0.161556433609451
"101928063",-0.16182268536942
"2804",-0.161827874093665
"55193",-0.161958849436718
"10908",-0.162061410833134
"445571",-0.162062255492619
"644019",-0.162062255492619
"84268",-0.162386671986292
"65220",-0.162414817519272
"148223",-0.162887841153784
"8848",-0.162914512231191
"27043",-0.163270897517366
"340542",-0.163415830958772
"84960",-0.163425287237421
"7337",-0.163542402145295
"8079",-0.16367296078979
"55625",-0.163694526351974
"9397",-0.164107115714673
"114049",-0.164134257779977
"593",-0.164162477242004
"101927667",-0.164168093360435
"5910",-0.164241636730495
"29082",-0.164278962159977
"101928965",-0.164423817380627
"25976",-0.164517259144067
"23435",-0.164565009172052
"22897",-0.164646441479495
"10245",-0.164702382816821
"55663",-0.164708664137085
"2135",-0.164897281715172
"5144",-0.164945336249524
"9733",-0.16542910503536
"440193",-0.165582284252967
"10978",-0.165626483016547
"199704",-0.165685037951847
"56172",-0.16579161467814
"55793",-0.165886621687463
"26086",-0.165899023432254
"79020",-0.166001900950699
"84549",-0.166295990538014
"79083",-0.166509644278826
"79943",-0.16652678105503
"124817",-0.166715289849442
"10322",-0.166764518939081
"80755",-0.166870955948355
"23640",-0.166884975040579
"93517",-0.167145984588322
"9329",-0.167207793883767
"25801",-0.167577937879473
"90580",-0.168052083895562
"101927143",-0.168105490237744
"79066",-0.168320975053771
"4041",-0.168495851297579
"57536",-0.168561799388319
"51175",-0.168664118602996
"9512",-0.168912001259655
"83931",-0.169048990712972
"727897",-0.169253086934315
"100507584",-0.169272851085031
"84062",-0.169352114928514
"5289",-0.169594693752551
"4711",-0.169664782002162
"26024",-0.169753693407837
"201266",-0.170004467232266
"3119",-0.170010849805642
"408",-0.170166631339708
"57026",-0.170253354203503
"53407",-0.171229391797247
"4976",-0.171354690646837
"22832",-0.171418586913174
"50862",-0.17176458681384
"201595",-0.17190943477355
"93624",-0.172048929583412
"81488",-0.172083433706441
"2868",-0.172443833266024
"728642",-0.172518889992571
"65268",-0.172692507217619
"26093",-0.172736137576923
"57479",-0.172852651686545
"9711",-0.172980734606156
"3480",-0.173215840931557
"25824",-0.173339461323211
"27229",-0.173412101315277
"90693",-0.173564361048609
"7913",-0.1736113473594
"4969",-0.173816161520184
"4904",-0.173900728933791
"1265",-0.174192620110329
"55145",-0.174513469393337
"55322",-0.175001017801679
"27244",-0.175218709565576
"5395",-0.175447314954216
"54467",-0.175597768643887
"9429",-0.175802180055548
"55188",-0.1758244610399
"9100",-0.175931892830697
"25888",-0.176382043800774
"6612",-0.176455715117868
"23168",-0.176513184204878
"440026",-0.176566003030217
"5664",-0.176642533568396
"55779",-0.176715556145308
"2483",-0.176921190056691
"50628",-0.176989865521785
"22944",-0.177079263629453
"101929717",-0.177124640340788
"10554",-0.177153573107716
"10645",-0.1771732790158
"92305",-0.177317666474049
"8028",-0.17755459361648
"29058",-0.17762668496657
"23414",-0.177827079957894
"64760",-0.177828231927859
"55681",-0.177974427756893
"51533",-0.17834401348603
"8153",-0.178471685480016
"9204",-0.178519191078633
"130399",-0.178644104960494
"9175",-0.178732441884495
"25880",-0.178770435001444
"140465",-0.178791070599359
"6768",-0.17941046861016
"87178",-0.179596584575113
"253635",-0.179620659905651
"64779",-0.179806688388039
"10043",-0.179823175560368
"805",-0.180156102450991
"79955",-0.180203230146207
"259230",-0.180368107921505
"152485",-0.180513915099738
"81034",-0.180522327990553
"6558",-0.181256381762266
"26190",-0.181536965437275
"401115",-0.182047170585855
"79896",-0.182082191593718
"25782",-0.182089608023118
"55561",-0.182115096049018
"101867536",-0.182338977566005
"583",-0.182362555542374
"54665",-0.182761396697271
"10893",-0.182769628697886
"4232",-0.183074085717933
"23513",-0.183202320281181
"254887",-0.183253992030578
"284309",-0.183392819193422
"494115",-0.183438542166666
"4905",-0.183571324636656
"23517",-0.183640037948873
"222663",-0.183696554375811
"163590",-0.18418750423823
"284217",-0.184931498726684
"3487",-0.185043516530016
"23365",-0.185099561481252
"6469",-0.185264421737672
"477",-0.185452805427964
"55168",-0.185553738229483
"79932",-0.185667905159484
"3913",-0.185786447999384
"85315",-0.185844646418725
"388969",-0.186219739698402
"81609",-0.186352611672822
"7007",-0.186539628722051
"116804918",-0.186539628722051
"55668",-0.186713053386855
"11161",-0.187360610236652
"84220",-0.187545836325162
"727851",-0.187545836325162
"9736",-0.187601823234258
"8774",-0.18761503901728
"10725",-0.187792104280856
"55219",-0.18823300632334
"4094",-0.188283313456217
"5609",-0.188332986712975
"339123",-0.188363778800339
"10988",-0.188394204938943
"23157",-0.188437286955925
"51444",-0.188788099141007
"84503",-0.188815477623199
"8453",-0.188818564175884
"10492",-0.188947250716982
"5732",-0.189524008675056
"101060691",-0.190940213334566
"29882",-0.191096775805723
"23708",-0.191216653253449
"9908",-0.191382128830738
"80095",-0.191446837266672
"55207",-0.191497072493307
"284325",-0.191587017026869
"22794",-0.191595637985015
"2627",-0.1916091647172
"374928",-0.191810803032728
"253190",-0.192008222506915
"51534",-0.19231780061351
"9318",-0.192791582787733
"388591",-0.192983464579891
"9971",-0.19305723608488
"27304",-0.193107359655933
"80789",-0.193466101173086
"199745",-0.193601038663663
"7572",-0.193636861973099
"54758",-0.193814722936547
"3020",-0.194097789937542
"25906",-0.194331604903468
"10178",-0.194400484015067
"221302",-0.194514805761867
"10049",-0.194553197105659
"65250",-0.194614946284126
"27252",-0.194985116733588
"130026",-0.195094053182225
"51463",-0.195186594974364
"653519",-0.195186594974364
"202781",-0.195341184539655
"23095",-0.195367845162507
"7905",-0.19540436747156
"7553",-0.195584883556383
"7327",-0.195605109454053
"4724",-0.19562619684465
"4287",-0.195838575411767
"51160",-0.195971506238025
"9326",-0.196118274243625
"59348",-0.196144287420443
"7486",-0.19620351350585
"5926",-0.196231736515128
"134218",-0.196691754195594
"3655",-0.196797358156498
"9422",-0.196913748140931
"80336",-0.197330116794034
"10567",-0.197749758242672
"348995",-0.197979750647103
"51422",-0.198132666783493
"196740",-0.198374118742691
"5876",-0.198486156446985
"100101467",-0.198542061900261
"1979",-0.198659191598473
"54808",-0.198664244172993
"9973",-0.198949459112447
"55758",-0.199019970576915
"653583",-0.199107474575991
"64131",-0.199410908420752
"123775",-0.199412731179452
"10472",-0.19942579056423
"7064",-0.199485805541384
"112487",-0.199647602565489
"9187",-0.199887915305553
"23013",-0.199953781249479
"11164",-0.200324481924529
"5906",-0.200544275222664
"51306",-0.200906043467732
"55512",-0.20103358597611
"23633",-0.201063199579795
"160335",-0.201219165562087
"54458",-0.201308505878308
"130916",-0.201469885051641
"84905",-0.201865489405841
"1036",-0.202058618850397
"5440",-0.202134577586382
"22859",-0.202226208074238
"10038",-0.202523298440307
"89978",-0.202598658620004
"125144",-0.202783371010642
"388335",-0.203061627461653
"64793",-0.203068066308898
"58494",-0.203220288263686
"54496",-0.203578221828475
"8036",-0.204129592881086
"9705",-0.204327073941935
"22980",-0.204363899967376
"94081",-0.204388288545709
"131076",-0.204594789975896
"153241",-0.204747803852817
"120863",-0.205136972543147
"100137049",-0.205519996236078
"2963",-0.205626587689511
"57513",-0.205642333143867
"55915",-0.205672334581223
"7249",-0.205985280709665
"89122",-0.206518983730136
"91653",-0.206564458432469
"53345",-0.206642106560862
"2192",-0.206733317622764
"6817",-0.206880254006334
"92856",-0.207131978002996
"55109",-0.207264362393526
"175",-0.207451774900978
"6777",-0.207473199734504
"162963",-0.207488383038882
"7879",-0.207536966927914
"64960",-0.207552703186024
"55028",-0.207702376253362
"93643",-0.208027073237686
"351",-0.208379771064066
"554313",-0.208700508271534
"6888",-0.208729279171994
"3268",-0.208736293867045
"23299",-0.209284880811096
"3658",-0.209639876406821
"4726",-0.20991551951111
"902",-0.210073566290077
"160857",-0.210290870893011
"26155",-0.210299808050354
"142678",-0.210505647376749
"23556",-0.210632772695836
"23263",-0.210995101418354
"56311",-0.211127767717376
"114876",-0.211144977697831
"84271",-0.211240568459127
"128486",-0.211439490106808
"2932",-0.211578853006146
"10771",-0.211609344237086
"50940",-0.211769774980363
"51719",-0.211888123726424
"23515",-0.212050949191557
"53944",-0.212445512649144
"56980",-0.212506149127917
"27341",-0.212532626994384
"55052",-0.212562537656319
"9685",-0.212607871403366
"23169",-0.213147270494658
"7150",-0.213248126854539
"7681",-0.213736670641061
"51686",-0.213818995702984
"101927943",-0.214422126796312
"5110",-0.2144359038374
"283870",-0.214492325743189
"64168",-0.214798426718333
"9321",-0.21512853405967
"7581",-0.215250393431715
"26872",-0.215299054434475
"80764",-0.215402095455826
"51260",-0.216264173747105
"5291",-0.216282304563864
"5990",-0.216436407039713
"5991",-0.216454506334003
"54982",-0.216472883840257
"113402",-0.216473343357416
"5634",-0.216528980987635
"90673",-0.216933801710084
"10732",-0.21695487630208
"9265",-0.217189259047138
"79648",-0.217214383579545
"6556",-0.217433138212709
"6525",-0.217438411366118
"26140",-0.217599122764372
"23507",-0.217779702518853
"10099",-0.217810487406216
"6738",-0.217838979657452
"79661",-0.217893709893043
"26984",-0.218212932031077
"376497",-0.218363601669369
"283373",-0.218585549421825
"7027",-0.218597468507586
"728673",-0.218673765888184
"388566",-0.218684706954977
"214",-0.218781043937824
"53335",-0.218889652695054
"148103",-0.218948023065167
"652",-0.219228199760074
"1656",-0.219581371582961
"8125",-0.219643864482396
"79767",-0.220091988195612
"284129",-0.220203265474666
"170506",-0.220212777676614
"23275",-0.220448187470874
"79657",-0.220469007314679
"6715",-0.22061501560217
"9949",-0.221197754819679
"1455",-0.221215501305298
"101928969",-0.2213866322184
"5226",-0.221812039334863
"79791",-0.221840552442865
"25766",-0.221924741590042
"6182",-0.222178773595127
"10795",-0.222310501315421
"55178",-0.222586571146951
"55929",-0.222805258096065
"10020",-0.222961970443507
"317649",-0.222978783012096
"5094",-0.223260856978978
"440270",-0.223318071438394
"790955",-0.22348381239126
"10430",-0.223736024522784
"29117",-0.223807975888376
"9874",-0.22384276469299
"80298",-0.223959376757985
"57504",-0.22403866957451
"9748",-0.224113588413837
"9832",-0.224261882650061
"10471",-0.224454292137865
"7812",-0.224503909667417
"92703",-0.224713902235505
"54916",-0.224853040713908
"116835",-0.224921827249909
"8396",-0.225196556894651
"9910",-0.225562862746073
"322",-0.225632956248107
"101927828",-0.225635940688956
"23269",-0.225710078593352
"382",-0.225846369778951
"80851",-0.225943060978427
"5550",-0.226519954681356
"10045",-0.226680122466671
"841",-0.227255954848118
"197370",-0.227288578075044
"284390",-0.227492610150267
"57062",-0.227761364656725
"124491",-0.227793258645243
"27077",-0.227871020650671
"1603",-0.227928689508514
"51075",-0.2283787759056
"1314",-0.22849711269604
"100506394",-0.228680141888637
"123606",-0.228744168672793
"286262",-0.229254755874857
"7264",-0.229305934056328
"151313",-0.229378727514823
"100289388",-0.229613595268015
"4927",-0.22962787197625
"65123",-0.229831899587805
"160518",-0.230054265052624
"2937",-0.230275743039719
"8895",-0.23068917183343
"10025",-0.230753087115852
"23461",-0.230850490899217
"79947",-0.231282445907086
"33",-0.231292884620303
"90231",-0.231400945064451
"1353",-0.231566565915729
"4802",-0.231574248385378
"8927",-0.232187895978773
"56995",-0.232422695098083
"85019",-0.2326240586207
"80119",-0.232645598440087
"148254",-0.232913298763318
"283991",-0.233068280191943
"54585",-0.233248046735356
"747",-0.233433407202357
"8425",-0.233502535135867
"11276",-0.233734830825973
"83858",-0.234137286156555
"554251",-0.234591093013718
"80114",-0.23460470497697
"353274",-0.234688012298875
"10014",-0.234690125617284
"388341",-0.234720874643559
"2767",-0.234815331737264
"55015",-0.235209495107814
"55239",-0.235316328849953
"58155",-0.235677800616476
"4908",-0.235807979679431
"26524",-0.235984803936955
"129401",-0.236010665401467
"2114",-0.236240499536415
"10983",-0.236406707499638
"80019",-0.236810096174364
"51635",-0.2369135239826
"10811",-0.236929475704142
"6809",-0.236954726443085
"285605",-0.236993373793333
"1819",-0.237138195046599
"10730",-0.23724065080138
"26240",-0.237301036801355
"252839",-0.237421830978276
"91419",-0.237495045715304
"56942",-0.237542442073281
"26064",-0.237563877031836
"54876",-0.23842924445519
"4649",-0.238530877285489
"2145",-0.238703421179143
"51241",-0.238865176604996
"151230",-0.238968957942633
"100526832",-0.238968957942633
"9689",-0.239069609647988
"55128",-0.23912875597057
"5536",-0.23918214750068
"8398",-0.239287700176511
"9860",-0.239290567728881
"5588",-0.239356130771135
"4792",-0.239410263414034
"3295",-0.239510061750044
"10142",-0.239609349616322
"196383",-0.239623360863894
"7596",-0.239825714433864
"9015",-0.240070920585276
"7251",-0.240230614005986
"59352",-0.240303023623945
"25870",-0.240461650544559
"3551",-0.240550100625299
"55762",-0.240553373450413
"54939",-0.240776762757827
"8289",-0.241089237066031
"5168",-0.241147050964843
"9135",-0.241180138552011
"116143",-0.24128926131561
"22930",-0.241357351166596
"5892",-0.242179706023075
"57533",-0.242185228652718
"10059",-0.242670712604142
"60678",-0.242745687904285
"54436",-0.242911995647529
"127933",-0.243277852317742
"22884",-0.243714170015643
"60685",-0.244040385192438
"126074",-0.244351161271043
"284307",-0.244412294081344
"6801",-0.244587201550744
"29924",-0.244727263249665
"24139",-0.244784931988153
"390927",-0.244856902356074
"9648",-0.245098115900998
"388677",-0.245236758363318
"51138",-0.245471072928246
"3249",-0.245498800618703
"56946",-0.245518774215951
"7580",-0.245634271596888
"23252",-0.24592790860349
"10488",-0.246295654672786
"2957",-0.246508167809767
"7268",-0.246789556345333
"7267",-0.246884158862104
"283578",-0.246894912198584
"1762",-0.246972841306328
"80199",-0.247029622538805
"25852",-0.247195594423635
"1024",-0.24758420697402
"56889",-0.247707699498871
"26575",-0.24773041590628
"55662",-0.247933798687798
"115196",-0.248057450514387
"9917",-0.248088162650909
"8871",-0.248355360875959
"165186",-0.249225846146832
"3842",-0.249559520915753
"122060",-0.249719628752809
"253725",-0.249950647726899
"387680",-0.249950647726899
"124045",-0.250157047355215
"6904",-0.250176098413573
"22889",-0.250217635654181
"199857",-0.250394577498514
"661",-0.2504159761747
"23786",-0.250597081648103
"23059",-0.250977849016829
"8470",-0.251242105360273
"9255",-0.251296470132084
"5704",-0.251650829781164
"5520",-0.251847618434502
"23324",-0.251877841112214
"252983",-0.251984135872351
"1211",-0.252042110608233
"349075",-0.252571929279672
"669",-0.252645315458098
"84294",-0.252811853962016
"7516",-0.252922329831353
"347902",-0.252974536949145
"79741",-0.253287843677057
"55341",-0.253463364644629
"200844",-0.253572305600241
"91869",-0.25361862405971
"8887",-0.253634158928821
"2686",-0.253667519146312
"55686",-0.253801982608102
"441869",-0.254368072259864
"9472",-0.254452462288614
"169792",-0.254692902078768
"3270",-0.254768887892304
"1719",-0.254849293916752
"1131",-0.254936799915237
"127428",-0.255125313357323
"84851",-0.25521461776336
"8570",-0.255270447367966
"3980",-0.255334927239963
"440087",-0.255377252555199
"123811",-0.25571540385746
"2517",-0.255752817923666
"5795",-0.255826693741894
"79758",-0.25586438826275
"10875",-0.256053565048082
"134121",-0.256078852878823
"54880",-0.256418895583331
"10007",-0.256506497527795
"4919",-0.256529870722922
"105369343",-0.257118026752265
"54878",-0.257136116522983
"54558",-0.257366782836425
"81853",-0.257636481835707
"150684",-0.257757301691046
"25792",-0.257903082945665
"6430",-0.257975157627403
"201158",-0.258068380554793
"8558",-0.258144036883467
"261726",-0.258358047683895
"10712",-0.258455351686046
"63027",-0.258498677353839
"9569",-0.258577913967909
"483",-0.258590221869011
"117584",-0.258745320917767
"23317",-0.25896604166293
"50809",-0.259123819602583
"2587",-0.259799971787417
"10479",-0.259940532209685
"22843",-0.25997981329529
"6814",-0.260045349395837
"80223",-0.260398009009589
"23230",-0.260731885442978
"1783",-0.260991881465197
"79175",-0.261254299807744
"5928",-0.261277371679337
"10474",-0.261392611735829
"375190",-0.261419524802569
"4155",-0.261677695939932
"79031",-0.262271486512674
"84181",-0.262293223883145
"25895",-0.262544953600736
"6323",-0.263087751308035
"51271",-0.263191215928654
"55233",-0.263253620218148
"100506866",-0.263369773158564
"101927055",-0.263369773158564
"9317",-0.263410387243779
"1486",-0.263420774789031
"56647",-0.263619206773434
"11022",-0.263857606451651
"219927",-0.263982149256274
"85461",-0.264239294511429
"139596",-0.264533506850232
"50640",-0.264717592614402
"23300",-0.264965563364843
"2205",-0.26509693147399
"55709",-0.265261455649597
"5810",-0.265451929968727
"146540",-0.265551701523147
"8495",-0.265744228885831
"4253",-0.266139137182713
"830",-0.266199110303863
"4191",-0.266301200305316
"25956",-0.266722405361537
"26230",-0.26677900238275
"63035",-0.267345017618699
"27303",-0.267511184867551
"1398",-0.267699598020229
"81",-0.26770945926094
"50511",-0.268251598823137
"28986",-0.268360830349805
"94134",-0.268469598761098
"113510",-0.269362871365447
"9638",-0.269440056256854
"105369550",-0.269440056256854
"136051",-0.269602856925302
"56927",-0.270142159348573
"1545",-0.270180573539906
"57050",-0.270974280877146
"55032",-0.271033118213076
"8773",-0.271420454118122
"5316",-0.27153446157502
"10296",-0.271737347412933
"54984",-0.272076424530757
"28998",-0.272121277106148
"148266",-0.272474200528663
"64963",-0.272549117935794
"79084",-0.272628210006892
"6041",-0.272674263045594
"6760",-0.27285833418748
"6829",-0.27297801791738
"283871",-0.273391460248298
"79081",-0.273451627672306
"64839",-0.273581591045326
"400073",-0.273591278756043
"9028",-0.273762036972558
"347689",-0.27402488590131
"114783",-0.274535376139718
"1977",-0.275922501806745
"113835",-0.276298324467154
"79847",-0.276314435460397
"4973",-0.276339999854062
"29087",-0.276673791246568
"55670",-0.276755251482697
"5635",-0.276979858930988
"26036",-0.27698728949365
"6936",-0.277014155647796
"23029",-0.277125152908328
"23204",-0.277323029276353
"79915",-0.277353601462227
"9827",-0.277405427790285
"28996",-0.277512598953652
"1525",-0.277678942803559
"55313",-0.277771928285227
"84717",-0.277813818903843
"1185",-0.277880882653266
"23510",-0.278230238901769
"5711",-0.27857990764007
"81846",-0.278592316436881
"3491",-0.278597980795802
"11128",-0.279125142188292
"64801",-0.279558143206451
"57677",-0.279578290316846
"84071",-0.279782907374023
"2319",-0.280345768350339
"400954",-0.280490642005454
"23062",-0.280570996281673
"1831",-0.280671048482077
"647135",-0.28072021056771
"100287171",-0.280791515246272
"124908102",-0.280791515246272
"84502",-0.280850366612553
"51605",-0.281251182672385
"84081",-0.281498731685164
"57732",-0.281546458629465
"529",-0.281860831381241
"57018",-0.281927191736366
"552889",-0.281942758698643
"100130733",-0.282032728013872
"387758",-0.282104478250219
"11057",-0.282319055358887
"3127",-0.28235268918473
"256051",-0.283079532693955
"55327",-0.283315448810527
"254170",-0.283443082675741
"85440",-0.283558754300462
"80022",-0.283722615702526
"160",-0.283838247837544
"3338",-0.283841428040925
"157697",-0.283923639813187
"8516",-0.283968661651621
"5525",-0.284353794411631
"2002",-0.284411011709562
"5476",-0.284520044299445
"100507053",-0.284521190187942
"84162",-0.284766280121042
"11198",-0.284988223998968
"4089",-0.285266560276542
"116362",-0.285511881369763
"3981",-0.285808700113819
"1666",-0.286013471566956
"100134938",-0.286023417306223
"554203",-0.286092654051709
"23326",-0.2862804155211
"91603",-0.286363188995145
"6461",-0.286485780471074
"3344",-0.286541052884001
"51042",-0.286603264290968
"1840",-0.286634397147353
"130355",-0.286722022970892
"5298",-0.28808328596458
"55770",-0.288289213256318
"80006",-0.28839551847127
"7702",-0.288424187837092
"9696",-0.288565007673834
"6834",-0.288656667606603
"6729",-0.288740834905563
"9208",-0.288857244122261
"220988",-0.289161894776646
"64895",-0.289550384815571
"115827",-0.28955825824539
"23302",-0.289935336526194
"23261",-0.289987176166318
"93058",-0.290130529078323
"51366",-0.290351685287913
"401152",-0.290504414088416
"6903",-0.290890927748542
"666",-0.291017990526599
"51171",-0.291122381017131
"10098",-0.291190749097845
"1612",-0.29125979738816
"1355",-0.291286986460048
"58528",-0.291482856517581
"23148",-0.291563071076375
"26122",-0.291635401867763
"8912",-0.291897577872343
"10291",-0.292044949145203
"57606",-0.292098645372575
"4520",-0.292380799594702
"285498",-0.292422351502987
"56996",-0.292733133112543
"7991",-0.293044809224432
"55238",-0.293089225123486
"55161",-0.293206038314813
"10363",-0.293229595171869
"10625",-0.293676003471844
"552",-0.293743353314574
"10564",-0.293912862983675
"153129",-0.294372324893922
"11113",-0.294551835083844
"133383",-0.294619673866972
"5625",-0.294912940334461
"10360",-0.294951054085922
"10494",-0.295267650762801
"9414",-0.295451788251396
"9659",-0.295819072558188
"124904395",-0.295819072558188
"89932",-0.296027014556637
"101927755",-0.296662141793452
"51341",-0.296747607801944
"55765",-0.296956068717725
"29967",-0.297048419302879
"411",-0.297056895359616
"51282",-0.297083040295628
"6256",-0.2972726336683
"10301",-0.297369443801106
"100874074",-0.297369443801106
"55364",-0.297735509611296
"3078",-0.297756416858587
"2580",-0.298158626001681
"10654",-0.298166553772522
"730094",-0.29818431758948
"2542",-0.298188664410659
"5565",-0.298353043148498
"400456",-0.299094103981586
"10206",-0.299322336446597
"26119",-0.299368422002306
"28957",-0.299405787494353
"9934",-0.299750191544182
"57153",-0.300001616825614
"118812",-0.30043645246449
"401286",-0.300449469153624
"79364",-0.300619822575758
"116224",-0.300660011433099
"4645",-0.301009613777651
"26580",-0.301089868128296
"100131827",-0.301292649605637
"642987",-0.301336660723046
"55660",-0.301383836799635
"9493",-0.301498935010913
"64860",-0.301694641776897
"6619",-0.302206123352465
"158358",-0.30232555423724
"6239",-0.302406507461052
"10425",-0.302448496049793
"9364",-0.302577516401209
"79726",-0.302744293606943
"79594",-0.302762579763057
"80325",-0.302774571865372
"399818",-0.303186080216151
"6838",-0.303261377449843
"2258",-0.303559557295791
"79155",-0.303577632800294
"147686",-0.303865671645162
"222484",-0.304050250276597
"10462",-0.304153909300425
"3622",-0.304594304543044
"9868",-0.30475563945639
"60313",-0.304756637329914
"120526",-0.30479374387479
"643749",-0.304999638316125
"931",-0.305637130642194
"126969",-0.305916411099284
"54014",-0.305921831927206
"8799",-0.30596228587263
"10953",-0.306020998656202
"114932",-0.306096914252883
"149986",-0.306432711269646
"1021",-0.306484218908472
"10617",-0.306804784111207
"60528",-0.306813594969495
"92126",-0.306930626097191
"1390",-0.306940059234604
"3294",-0.307087638776965
"10939",-0.307391321482324
"253260",-0.307494451754473
"79917",-0.307557688928561
"83856",-0.307636879354255
"10174",-0.307721058179308
"196294",-0.307935799316459
"101060200",-0.308045666270774
"6837",-0.308082534239427
"116442",-0.308113631062005
"23416",-0.308353942001695
"55805",-0.308985542552572
"8639",-0.308993471978115
"118987",-0.309823351477273
"10579",-0.310282319247931
"9875",-0.310359047513665
"1677",-0.310448868817924
"220972",-0.310843773605383
"10767",-0.311099823035304
"219743",-0.312176277400314
"2893",-0.312256231095883
"55510",-0.312373927184867
"1910",-0.312750504992682
"284403",-0.312757539205567
"83607",-0.313476090778919
"89876",-0.313506891090892
"79085",-0.314102413928778
"100137047",-0.31426406215651
"3554",-0.31430252803011
"375757",-0.315339238688887
"5573",-0.315564939468984
"54887",-0.315819454412268
"57452",-0.316144139153124
"23053",-0.316935276521766
"5867",-0.316956601066061
"51002",-0.316982878843446
"9377",-0.317045966310382
"5805",-0.317152760579424
"55599",-0.317714146021802
"642946",-0.317977331900642
"161779",-0.318075509464334
"55356",-0.318427891802386
"5150",-0.318692979669872
"23259",-0.318727028138981
"29103",-0.319025232296535
"2967",-0.319296831151993
"114795",-0.319460530037958
"2907",-0.319762440565083
"51111",-0.319933381955398
"60487",-0.319996579481538
"55636",-0.320419801441319
"57380",-0.320523408071118
"254128",-0.320527340871201
"55234",-0.320881250899529
"3298",-0.320921769010919
"123591",-0.320930619771532
"10787",-0.321374166846608
"145820",-0.321523445545852
"283131",-0.321814497446711
"6314",-0.321972873534112
"1374",-0.322190419148881
"64225",-0.322276979681447
"100271715",-0.322503244722778
"51439",-0.322720443503739
"200014",-0.322849757584551
"7358",-0.323091555877304
"23564",-0.323229246974426
"57223",-0.323366988078146
"79096",-0.323559867800422
"2047",-0.323712607069075
"7568",-0.323795802138822
"2137",-0.324460442870466
"9410",-0.324662396912652
"2801",-0.324908877228136
"9517",-0.325092628859568
"342945",-0.325128030730952
"3607",-0.325500042927848
"51367",-0.325677686621621
"5962",-0.325836458543877
"9760",-0.326026253941401
"57679",-0.326087538858839
"10548",-0.326147781451197
"3479",-0.326175930641019
"51150",-0.326345681594029
"533",-0.326390858768351
"1842",-0.326710774311725
"374786",-0.326728383485274
"3066",-0.326863521428824
"56967",-0.327211800724909
"57643",-0.3273169785252
"346288",-0.327492292357673
"64787",-0.328144556109033
"105376070",-0.328153052766049
"7711",-0.328153420377081
"49855",-0.328285432438744
"10782",-0.328560779988008
"25850",-0.328717114326335
"79730",-0.328819441096718
"26060",-0.328903470044285
"55186",-0.328979628320442
"54471",-0.329456725495486
"6709",-0.329476428338516
"7762",-0.32985148325637
"94005",-0.330012128745846
"3290",-0.330167295259775
"55208",-0.330196390641622
"9455",-0.330217221453865
"285848",-0.330230730990373
"56994",-0.330555419330577
"9540",-0.3305859080786
"26095",-0.330835437764641
"9403",-0.331285485756465
"23559",-0.331408022225802
"54839",-0.331916474501565
"7862",-0.332267993112116
"80169",-0.332510645415304
"2170",-0.332652961590492
"80777",-0.332762897370713
"729920",-0.332780751752124
"51592",-0.332803658771469
"5455",-0.333022596683599
"4216",-0.333205961264811
"7050",-0.333583044423087
"84125",-0.334091714014972
"107984156",-0.334484271751918
"374920",-0.334584929079368
"5814",-0.334879249452189
"81627",-0.335565666997108
"25973",-0.335674228883637
"5442",-0.33602377424024
"101928000",-0.336039042081157
"10370",-0.336074405991811
"339324",-0.336194096973468
"53826",-0.33660661625618
"1528",-0.33672068955506
"79810",-0.336729402493733
"4300",-0.336754678490517
"25854",-0.337021533493946
"27236",-0.337169492776247
"26001",-0.337403779774257
"29843",-0.337570411814625
"79613",-0.337898582210636
"7277",-0.338126235826622
"54534",-0.338670623972819
"23286",-0.339420084669803
"5127",-0.339591200001261
"51116",-0.339843508472412
"123207",-0.340064221019569
"79781",-0.3400767670995
"8891",-0.340107128472329
"148137",-0.340109923429277
"399668",-0.340278824981364
"8644",-0.340396056167071
"3190",-0.340455644073755
"1571",-0.340751936225134
"178",-0.341063085912315
"3183",-0.341835561201436
"27147",-0.342045425625831
"6871",-0.342230695954455
"84662",-0.342382594675792
"11243",-0.342433368602033
"126299",-0.342494752158968
"84364",-0.342575652233658
"4194",-0.342583459773352
"84451",-0.342825685203622
"3570",-0.342872245825613
"219899",-0.343108316461866
"26234",-0.343152240958878
"10438",-0.343333099325107
"113622",-0.34335548034933
"6934",-0.343402535810909
"81579",-0.343491217003789
"146198",-0.343626173513427
"3064",-0.343711786787714
"143879",-0.343898800575024
"79656",-0.344055183279184
"79989",-0.344123489721183
"5143",-0.344785637295274
"79006",-0.344817312081566
"954",-0.344945303398153
"7549",-0.345200824656259
"203286",-0.345298255377708
"27249",-0.345454271974419
"400618",-0.345513417067416
"55259",-0.345568052565595
"346157",-0.346038662153108
"7694",-0.346294402474709
"23234",-0.346435791638367
"11218",-0.346771804433404
"101929693",-0.34700884676618
"791114",-0.347124234046346
"101928840",-0.347124234046346
"54785",-0.347459182333169
"9728",-0.347470253565624
"6767",-0.347773516846589
"23438",-0.34781545947247
"55269",-0.348227830750331
"256158",-0.348342632614315
"527",-0.34834739654519
"54469",-0.348870358550735
"10420",-0.348892748275799
"1496",-0.349058510128506
"79102",-0.349160394813323
"8930",-0.349416961759458
"51602",-0.349495842560883
"114791",-0.349536028080737
"80313",-0.349715000658921
"54981",-0.349764104069001
"199870",-0.349946100258056
"25862",-0.349950605402123
"9094",-0.349975456583987
"51023",-0.350404074235679
"8722",-0.350604755842162
"50804",-0.350681558777994
"1577",-0.350868088963503
"340526",-0.350984906596052
"9731",-0.351073958834005
"22879",-0.351199390876514
"283310",-0.352383295298859
"149473",-0.353123924979559
"1728",-0.353142029677792
"3117",-0.35332932312858
"339535",-0.353675377418081
"7507",-0.353786979253456
"901",-0.353880838449935
"64320",-0.3539174441166
"5932",-0.353975041151731
"116115",-0.353985247730545
"2317",-0.354120390183026
"100506144",-0.354344012914311
"3159",-0.354386029599725
"1294",-0.354632306972947
"23196",-0.354731334692241
"8237",-0.354844584972635
"7564",-0.354865953077223
"400499",-0.355066492685238
"140467",-0.355091766241349
"130827",-0.355118224095628
"5787",-0.355402102982937
"79618",-0.355598045680879
"51091",-0.355722244263693
"10015",-0.355788010341679
"64783",-0.355810667866825
"1902",-0.355823082406562
"7248",-0.356524996302729
"25",-0.356643416539544
"79923",-0.357067975762039
"4291",-0.357373958428654
"25917",-0.357480515219479
"79724",-0.358045241688384
"5412",-0.358264220133028
"27141",-0.35831041392753
"83548",-0.358361478914387
"63899",-0.358405580414053
"84073",-0.358684550261219
"127281",-0.358766934702093
"100130111",-0.358816734146398
"55672",-0.358837193166466
"23033",-0.359255640837024
"56941",-0.359279978154832
"29909",-0.359609259266901
"9101",-0.359815605741627
"118424",-0.359897262238094
"285267",-0.359898875811163
"8216",-0.35997534483581
"25827",-0.360152279271079
"25957",-0.360418481611744
"685",-0.3604767495245
"65998",-0.361099110855225
"148198",-0.361117652370247
"6596",-0.361416183539404
"9975",-0.361615010147976
"7019",-0.362546591054689
"283335",-0.362621364142815
"79176",-0.362865533673263
"127687",-0.362886625619221
"7988",-0.362939931581164
"85462",-0.363035480919329
"492311",-0.363119531874577
"57143",-0.363403995908925
"10150",-0.363555353266415
"57498",-0.364024990505089
"29941",-0.364461392904436
"10257",-0.364710002134554
"56945",-0.364733388186551
"3017",-0.364989280023072
"150737",-0.365222724069448
"25828",-0.365223101290939
"833",-0.365604276520199
"310",-0.365790345110066
"84458",-0.3658010208459
"4733",-0.366038944545787
"55435",-0.366593565969059
"7855",-0.367018510456991
"65055",-0.36705619847139
"102724699",-0.367108933753363
"55197",-0.367153252461349
"79711",-0.367183743697063
"29928",-0.367242386504659
"197322",-0.367297488475488
"55602",-0.367676083643815
"8027",-0.367962561468721
"23031",-0.368693693210574
"1838",-0.368731612847494
"92104",-0.368762327278694
"4946",-0.369079098686733
"22976",-0.369098010118737
"5348",-0.369201730054218
"6640",-0.369395588466666
"5862",-0.369458535575431
"10418",-0.369561314963268
"55275",-0.369859613376045
"63905",-0.370092465240351
"3421",-0.370621955127891
"84296",-0.371732275975062
"3106",-0.371821063966917
"7871",-0.371887798345508
"284001",-0.372739938773783
"79140",-0.37280386110339
"90407",-0.372977061116042
"9941",-0.373132496012281
"3337",-0.373406237063389
"4436",-0.373515299776507
"158584",-0.374034148743607
"5937",-0.374144861495527
"84912",-0.374232783516626
"22998",-0.374448886083682
"8518",-0.37457958058671
"7003",-0.374814623984113
"8446",-0.375092770817819
"26523",-0.375151071816559
"116064",-0.375249350747691
"79871",-0.376005861326753
"101927765",-0.376079209752633
"6792",-0.376572374694752
"6928",-0.376626958021609
"138151",-0.376665466037114
"120103",-0.376899108359202
"6400",-0.376922389176714
"119710",-0.376973374474345
"347",-0.377182137631087
"23404",-0.377230192316931
"246184",-0.377280657804363
"4129",-0.377381241805498
"55131",-0.37738877911177
"6307",-0.377417827977453
"1795",-0.377622903334052
"8613",-0.377663360323594
"22876",-0.377732368124345
"100505648",-0.378013621950526
"6517",-0.378018141046075
"550631",-0.378311611434601
"100505806",-0.378405812243753
"55527",-0.378414876201894
"10268",-0.378828326147841
"126321",-0.3790314373416
"11037",-0.379442221110048
"54988",-0.379537925627414
"8607",-0.379619478913767
"55180",-0.379776741363439
"653082",-0.379959080859631
"22873",-0.380323160085109
"26589",-0.380451529372641
"83696",-0.380793463710303
"55871",-0.381195535981108
"11201",-0.381349093033835
"222255",-0.381681477065944
"3775",-0.382035828058558
"54529",-0.382690125291263
"23116",-0.382711498069531
"29088",-0.383137181905018
"23087",-0.38328608188461
"2217",-0.383835072406914
"23560",-0.384621462202934
"1213",-0.385024449328512
"8539",-0.385157779750683
"26039",-0.385230619666908
"63906",-0.385246736656763
"6813",-0.386258031115445
"94056",-0.386495702079666
"11278",-0.386833872520759
"26258",-0.388525475209194
"4179",-0.388690575740491
"25914",-0.388708860094189
"196394",-0.38902792520934
"8417",-0.389099771665413
"5218",-0.389481920923722
"1015",-0.389715807480634
"54602",-0.389723261129286
"5134",-0.389876284088882
"741",-0.389959706690627
"5515",-0.39013486913681
"116113",-0.390260897436051
"100302401",-0.390372098803006
"4676",-0.390441109796704
"266655",-0.390445531182036
"201163",-0.390473888914075
"6611",-0.390607954325269
"29911",-0.391047012793972
"64112",-0.391050776176348
"10319",-0.391590444666921
"30968",-0.391870096365918
"84955",-0.392019770850866
"23158",-0.392332873148254
"1080",-0.392599585935113
"2289",-0.3927005244404
"10147",-0.393226960658237
"2342",-0.393234870028028
"9252",-0.394205912933355
"2072",-0.394786281683985
"7324",-0.394959916112251
"5002",-0.395032451249438
"57610",-0.395084514925374
"9218",-0.395172831889839
"51603",-0.3954373896946
"7772",-0.395622019747893
"285521",-0.395794187603608
"56648",-0.395867011882309
"146923",-0.395986606747383
"51028",-0.396012589274121
"160419",-0.396111478977854
"91404",-0.397039276309267
"54545",-0.397114629791924
"150678",-0.397221744368815
"100506365",-0.397326562007833
"29937",-0.397640465503596
"2799",-0.397861030001184
"400657",-0.397898093954479
"439",-0.398004640787485
"2720",-0.398865162985969
"1844",-0.399280056516813
"4524",-0.399359572248784
"55011",-0.399983677733313
"84134",-0.400260676460695
"2524",-0.400375311539222
"51031",-0.400386497493388
"54938",-0.400396829340408
"60509",-0.400588082016889
"65080",-0.400896896444159
"219333",-0.401001884771435
"51070",-0.401597084536701
"5529",-0.402375480930333
"9314",-0.402403647172541
"101927151",-0.402447461920646
"55213",-0.402522819817726
"283298",-0.402869032884019
"55070",-0.403046543722374
"10464",-0.40332453046708
"80816",-0.403746737617295
"51020",-0.403789900037942
"7163",-0.403860354771564
"124188259",-0.403860354771564
"169270",-0.403952949236529
"114784",-0.404427884562465
"771",-0.405006235838167
"5519",-0.405256906776602
"57619",-0.405694641734847
"57092",-0.405859118824314
"6774",-0.405943971724603
"6242",-0.406024639493369
"170394",-0.406242927915229
"221078",-0.406426445657651
"84515",-0.406669868994128
"5074",-0.406672816553283
"55629",-0.406784195251459
"79018",-0.406833212824008
"6668",-0.40721530838049
"60496",-0.407616059648671
"84747",-0.407816984347385
"80762",-0.407882716556548
"1489",-0.408013035839106
"9069",-0.408412994072439
"7033",-0.408736669510786
"79064",-0.408880484914088
"54989",-0.409148632957583
"255252",-0.409201477943057
"11165",-0.40921362051413
"2729",-0.409318213453337
"339479",-0.409385082992328
"5569",-0.409600450305726
"10587",-0.409674283365331
"1508",-0.409767649008405
"54826",-0.409811175384507
"91694",-0.409919878151524
"6097",-0.410012025302621
"10181",-0.410157559805272
"5981",-0.410430335509359
"657",-0.410461904821205
"3738",-0.410478750373202
"5826",-0.410542089755774
"84441",-0.410555996227789
"114134",-0.410785627745798
"100505783",-0.411069356499667
"102724951",-0.411083240341113
"51343",-0.411098659560209
"401082",-0.411112917554229
"100506258",-0.411136889405815
"80726",-0.411148035893805
"26994",-0.411177757822599
"152302",-0.411863639126214
"25777",-0.412478226006489
"285282",-0.413440783051347
"84173",-0.413521301919072
"730098",-0.41361515664937
"283460",-0.413615191262364
"388115",-0.413870263953455
"129531",-0.413916010249331
"55258",-0.414215847322049
"29883",-0.414392910475477
"347862",-0.414441103825428
"10426",-0.414604735987819
"100379224",-0.414741904102717
"9637",-0.414981600665189
"55831",-0.415213935778003
"283254",-0.415584326422526
"151",-0.415789451789585
"8050",-0.415793191685947
"10667",-0.415915452165567
"497190",-0.41600587108661
"124907806",-0.41600587108661
"128966624",-0.41600587108661
"10868",-0.416766163500438
"8120",-0.41716513591144
"100289635",-0.417535880290147
"57707",-0.418162558432974
"3673",-0.418500205738357
"153020",-0.418953401123261
"54865",-0.419032057400686
"389831",-0.419160121800742
"102724219",-0.419160121800742
"102724701",-0.419160121800742
"80017",-0.41924233870664
"222234",-0.419600128023424
"7556",-0.419618006578965
"8460",-0.419753370073599
"102724428",-0.420924679227809
"9698",-0.421137632601567
"6840",-0.421192062563808
"100506540",-0.421251369265353
"80063",-0.421516227912163
"100506655",-0.42154333711987
"7942",-0.422065048096702
"23291",-0.422352647190404
"79822",-0.422661044381838
"54997",-0.422695526942826
"9849",-0.422911226813742
"85460",-0.423241226935383
"84279",-0.423293912182141
"101927056",-0.423600402792118
"84327",-0.423614078988564
"2318",-0.423793210673376
"63898",-0.423925890839928
"6584",-0.424172579167899
"8491",-0.424318770983961
"130535",-0.424597179419951
"222826",-0.424974325617798
"10419",-0.424974503588166
"79800",-0.425154395644683
"9469",-0.425463727970374
"729732",-0.425761573183659
"4509",-0.426001306901715
"117154",-0.42649047478275
"10023",-0.426525986329539
"2638",-0.426555063890109
"10817",-0.426760580285508
"404636",-0.426936444727486
"644096",-0.426947618475003
"9528",-0.427064558016982
"11194",-0.427153814865451
"54942",-0.427600310380351
"131034",-0.428144492107509
"10156",-0.42826150808244
"79033",-0.428272393630927
"388650",-0.4283467119302
"84281",-0.428451934530494
"64083",-0.428473680264155
"5905",-0.428592535785521
"1025",-0.428798148496655
"8775",-0.429109919837776
"7803",-0.429185826309141
"51057",-0.429349272273964
"9767",-0.429485847803266
"101927215",-0.429525780403453
"7419",-0.429574399431337
"535",-0.429779447882823
"79575",-0.429874864791621
"9215",-0.429885502229456
"80746",-0.429896264647315
"55777",-0.430024871621103
"83473",-0.430577546827704
"387509",-0.430786540417891
"54439",-0.431024692087585
"25970",-0.431143874501222
"84260",-0.431323006077856
"83852",-0.431463148630634
"26058",-0.431605361552334
"23705",-0.431619431779053
"130557",-0.431687435444911
"10302",-0.432249933702646
"144535",-0.432276296310579
"9519",-0.43230088492262
"374354",-0.432310452731144
"51552",-0.432363945880126
"100507266",-0.432466487931809
"3732",-0.432775013263497
"79786",-0.432849970222982
"51274",-0.433235093070023
"55750",-0.433704205291623
"84240",-0.434037806916136
"102724515",-0.434718839320717
"6697",-0.434762102189327
"10201",-0.435064102107253
"23368",-0.43535962533683
"3043",-0.435562937300469
"126353",-0.435871869344873
"84128",-0.435973972485358
"65059",-0.436266421317305
"91151",-0.436298582001904
"114826",-0.43635924055944
"10276",-0.436534213619186
"2039",-0.436612569490525
"8451",-0.436643593072377
"342926",-0.436680435689134
"2152",-0.436887890710474
"9553",-0.438147669396074
"84749",-0.438314131391342
"27018",-0.438468067191859
"102724814",-0.438993357989816
"54834",-0.43905412984182
"406",-0.439290124069331
"387338",-0.439371031762343
"84976",-0.439391199383736
"26108",-0.439490743961243
"9655",-0.43984108121272
"11076",-0.439952997704641
"54438",-0.440017192327854
"6263",-0.440407537801556
"79664",-0.440480402882513
"9128",-0.440553056506716
"79133",-0.440627391639693
"100129361",-0.440755045584837
"4670",-0.440902303159814
"25938",-0.440994845496295
"7417",-0.441255951672496
"54546",-0.441329377184974
"29979",-0.442019540099708
"51087",-0.44202920030317
"29104",-0.442088922082594
"8178",-0.442244701538481
"9819",-0.44227046351551
"23600",-0.442629397248738
"10121",-0.442699832294017
"27013",-0.44281012644836
"3800",-0.443006961283921
"9547",-0.443008710638092
"3815",-0.443320205997379
"9847",-0.44370176759947
"1161",-0.443927415868001
"142891",-0.444064526507071
"89910",-0.444096696175572
"643707",-0.444542123077091
"5516",-0.444712674598607
"79862",-0.445041118487628
"605",-0.445207604498189
"115752",-0.445270898273564
"5563",-0.445291822548454
"11124",-0.445843161526337
"83850",-0.445872134845668
"440138",-0.445907532874239
"22858",-0.446126651821608
"285555",-0.446711913449686
"375616",-0.446768499785298
"55727",-0.446992780316938
"1408",-0.447080383556238
"255394",-0.447155333336103
"23443",-0.447469879304001
"148418",-0.447586680270047
"283129",-0.44779604082643
"10194",-0.448111546066502
"84622",-0.448121540124796
"23767",-0.448524185500884
"83875",-0.448847288470446
"51382",-0.448901562564927
"64422",-0.449063334711073
"100996419",-0.449275420814654
"6621",-0.449329361792537
"7818",-0.449845237289497
"90957",-0.450094963535859
"55703",-0.450432324683031
"59343",-0.450524528688047
"5936",-0.450537635790907
"63929",-0.450658808601501
"9150",-0.450829560297024
"8476",-0.451310907191075
"79178",-0.451582436546778
"25859",-0.45192234701738
"4782",-0.452290289341356
"5286",-0.452328618857237
"169841",-0.452573081587305
"57466",-0.453656896384143
"654841",-0.453985646072266
"51104",-0.454075986119815
"26273",-0.454672297015192
"284825",-0.454921268934559
"64689",-0.4556064458606
"727957",-0.455894667152893
"81570",-0.456738697085151
"7433",-0.457488518695374
"63971",-0.457536112591272
"57721",-0.457965327627968
"9611",-0.458825830501663
"10763",-0.458862498395268
"7776",-0.459140981299973
"54971",-0.459746445605286
"654433",-0.459825863896019
"5924",-0.460113724779836
"84614",-0.460316857732151
"93082",-0.461988421864415
"3280",-0.462198429994641
"10920",-0.462239352568377
"6120",-0.462299068416068
"51550",-0.462697891813799
"509",-0.462847615153384
"55450",-0.462895937152949
"285016",-0.463114458933744
"64795",-0.463185165729046
"93974",-0.463297844629709
"6594",-0.463451279720225
"22906",-0.463592482048751
"5884",-0.463942290141274
"84342",-0.464059685918151
"5828",-0.465151936944583
"7466",-0.465757495717224
"152559",-0.466964316583687
"282969",-0.466976872828371
"51077",-0.467095848599528
"115019",-0.467103305767356
"81892",-0.46759675642124
"3174",-0.468234010431393
"401024",-0.46825047455337
"100507341",-0.468315882616703
"53635",-0.468917527872592
"5966",-0.469152580636833
"23248",-0.469442360317392
"64978",-0.469615167327747
"84288",-0.470094615395868
"9388",-0.470552434891751
"8910",-0.470845212899077
"79002",-0.471345010701608
"8649",-0.47149153320699
"55293",-0.471853285284373
"4301",-0.471961307404572
"11252",-0.471986979499152
"1209",-0.471989239625673
"200205",-0.47206937540798
"6788",-0.472602485971251
"23195",-0.472660937128036
"81790",-0.47312864357827
"8706",-0.473139579735582
"340277",-0.473214166374097
"11275",-0.473241692016009
"199990",-0.473380077600446
"4299",-0.47338155784217
"8459",-0.4735329971619
"7082",-0.473660956425226
"79269",-0.473668510198365
"285381",-0.473766077952923
"117248",-0.474232893382166
"23111",-0.474378610762123
"54790",-0.474760752952248
"204",-0.474777368948402
"399665",-0.475031748032887
"84954",-0.475199091550414
"22850",-0.475496313974056
"8837",-0.47601222714381
"9858",-0.476270521063858
"84307",-0.476336318731611
"84962",-0.476398307156068
"4071",-0.476486263862362
"64710",-0.47663628407498
"7247",-0.476837488665688
"55421",-0.476870962625925
"22824",-0.477018570255296
"6711",-0.477304287344942
"55764",-0.477453225659865
"56913",-0.478474149962423
"100506380",-0.478824405874938
"100507421",-0.478841409862286
"25901",-0.478861159476486
"51715",-0.479596941098608
"256356",-0.480014101099937
"10755",-0.480355075610681
"9167",-0.480441242922607
"285989",-0.480553035269147
"7104",-0.480684667224985
"199692",-0.480820916730773
"79411",-0.4816491695451
"54431",-0.481767673081081
"10845",-0.481787420715713
"90121",-0.481888610675092
"8838",-0.481921454947013
"7205",-0.482180903139799
"23392",-0.48225024673198
"2948",-0.482295307790466
"51361",-0.48241355318034
"9753",-0.482611425925994
"79805",-0.483148477644144
"80262",-0.483613978149527
"1674",-0.483791147058861
"91768",-0.484298599046195
"51043",-0.484708823543298
"415",-0.484798949345538
"27430",-0.484881774852127
"27163",-0.485254109224258
"8899",-0.485529679336637
"6304",-0.485582897152707
"546",-0.485757324974755
"149371",-0.48630062641305
"285753",-0.486338991700005
"90355",-0.486500282723064
"51335",-0.486771012089068
"127829",-0.486932025859191
"92922",-0.486939725453627
"10598",-0.486941960987478
"101927559",-0.487381409708149
"5213",-0.487630182474363
"55206",-0.487881029528301
"9811",-0.488185030016743
"29118",-0.488194316657771
"7733",-0.488420117100245
"51184",-0.488742178446293
"23451",-0.489102059250072
"51300",-0.489346302831768
"11258",-0.489808830764979
"3727",-0.490297189401495
"84314",-0.490535201300698
"9203",-0.490627028019745
"2593",-0.490654734515542
"2028",-0.491093855533888
"729515",-0.491388970429075
"64949",-0.491417361785823
"379025",-0.491421114734111
"84864",-0.491866521331557
"388730",-0.491919611148447
"26235",-0.491972336179436
"200894",-0.491993474616065
"11345",-0.492107605302519
"2677",-0.492234027664745
"126017",-0.492353088071983
"6548",-0.492519910572188
"10005",-0.492683270050583
"883",-0.493136496080066
"23641",-0.493277519323671
"286190",-0.493295562842529
"10251",-0.494121823631744
"23039",-0.494342205626923
"51337",-0.494362787101018
"7070",-0.494995654905146
"10476",-0.495247510373024
"7014",-0.495656326500419
"157574",-0.495706896741772
"60468",-0.495787596738141
"53353",-0.495827976029784
"83591",-0.496098131732569
"124989",-0.496122721123592
"112885",-0.497198619580507
"65065",-0.497448539046575
"8540",-0.497488828534204
"1297",-0.497799750374975
"9778",-0.498050154209346
"7013",-0.498539807127379
"54472",-0.49859569735895
"64785",-0.498737018537502
"9475",-0.498817911729024
"341019",-0.498828464521131
"375449",-0.49899101760893
"23287",-0.499335636980531
"4647",-0.499605761586528
"63931",-0.499687289770211
"114785",-0.499921707316006
"6909",-0.500309541202686
"122553",-0.500614929191571
"80146",-0.500812101904968
"389072",-0.500878225717581
"114926",-0.5010973246837
"987",-0.501100515507717
"137695",-0.501370283305723
"57478",-0.501780889729704
"55466",-0.501881522241302
"3292",-0.502135736318374
"25805",-0.502187709503096
"90871",-0.502196700854555
"54993",-0.502376762033865
"100505738",-0.502650667761535
"1665",-0.502760415082459
"158405",-0.502873769627906
"403313",-0.503049521617012
"51567",-0.503482106968702
"377677",-0.50358288003208
"645369",-0.503858698881675
"10286",-0.504370861329699
"254827",-0.504569417720632
"5896",-0.505088126682251
"91833",-0.505170233103657
"203102",-0.505275802105571
"10714",-0.505368689674689
"197131",-0.505495827010066
"55666",-0.505856023363082
"486",-0.505919729493494
"91133",-0.506838176332979
"51236",-0.506858641850489
"6576",-0.507059132973446
"57511",-0.50733001482154
"54914",-0.507781806812747
"1662",-0.508326883946168
"7695",-0.508350510607216
"60558",-0.508758660662348
"51191",-0.508807719793787
"8907",-0.508871388171397
"101929074",-0.510206231280353
"10241",-0.510321371836387
"51510",-0.510558735451913
"23175",-0.510702930879294
"3185",-0.511233864979411
"137970",-0.51132390717796
"10628",-0.511361531812267
"346007",-0.511442382736016
"7100",-0.511881238863661
"83443",-0.511913378061555
"2774",-0.512088639071944
"3613",-0.512097196055528
"105372840",-0.513136167499614
"1770",-0.513413775760185
"6727",-0.51368452929901
"83547",-0.51409563433502
"51126",-0.51507499885256
"284408",-0.515876038855801
"390637",-0.515922749367542
"7373",-0.515971915261466
"2027",-0.516101782964802
"90362",-0.51648793202812
"55278",-0.516526515287405
"55906",-0.517198174117569
"5527",-0.517676789615193
"25821",-0.517692697916015
"55041",-0.517725490685526
"1349",-0.51778592552582
"1540",-0.519020910148659
"116843",-0.519248734968975
"79697",-0.519508273424696
"2959",-0.519744404818459
"54704",-0.519966958551028
"51108",-0.520058936856599
"79979",-0.520145969826646
"6272",-0.520291457423309
"84532",-0.520450267239991
"10131",-0.520771792865962
"134637",-0.521135889149767
"64327",-0.521785608067203
"1759",-0.521849433212552
"1845",-0.521909530916571
"10239",-0.521978328832903
"4047",-0.522367597084464
"54980",-0.522441549042699
"23512",-0.522547034105461
"55384",-0.522934070581215
"284361",-0.523981040962797
"124790",-0.524663778489696
"5955",-0.525084067501199
"4716",-0.525155067373778
"4528",-0.525637825699316
"56243",-0.525684135615359
"27330",-0.525944845267849
"93134",-0.526198390156929
"90736",-0.526381280159989
"85358",-0.526417259532413
"129530",-0.526764800348542
"57291",-0.527483812486145
"138716",-0.52777858351888
"91754",-0.527946748041928
"83667",-0.528180581302125
"55326",-0.528393883002097
"37",-0.528975294965647
"216",-0.529342280289148
"130617",-0.529566396237851
"6523",-0.529696917150896
"57600",-0.5298556120758
"6924",-0.530141115651342
"29974",-0.530503989586598
"114294",-0.53064558984878
"122402",-0.530648427841383
"8019",-0.531050794356243
"51073",-0.532484906387272
"10207",-0.533028640012535
"80273",-0.533300891602995
"9927",-0.533758471515266
"23216",-0.534270276253465
"80209",-0.534717791883785
"57534",-0.534800772847618
"57827",-0.534860755589095
"63934",-0.535547987594271
"440944",-0.535807846986564
"7629",-0.536257315284673
"80185",-0.536380424222069
"83594",-0.536676290629646
"6546",-0.537531312352938
"400242",-0.538000894236826
"50717",-0.538217154084065
"64847",-0.538343254758761
"5193",-0.538555090533226
"55335",-0.538641414769974
"29761",-0.538647809879103
"10608",-0.53875412812092
"291",-0.538786118291168
"81614",-0.539468713871565
"26146",-0.539583678985016
"80222",-0.539596618611581
"53981",-0.539857553737816
"79849",-0.539905393612627
"79637",-0.540291815348042
"5636",-0.540514518320953
"1075",-0.540597232935392
"388558",-0.540697159093702
"254042",-0.541398026356422
"66036",-0.542066390763297
"162514",-0.542365568527173
"9677",-0.542535338784223
"92181",-0.542658493272689
"100874363",-0.543097897357789
"26035",-0.543276526173023
"9360",-0.543377753741813
"9351",-0.543560159912294
"3709",-0.543668958867881
"65217",-0.543684750005874
"51161",-0.543740463024825
"57475",-0.543751390759268
"54629",-0.544046762377997
"5693",-0.544200804730395
"2512",-0.545015116523405
"3207",-0.545143089868827
"23358",-0.545242820621755
"55137",-0.545458969718803
"4793",-0.546199696650518
"283638",-0.546516575730197
"10408",-0.546664998862123
"80205",-0.547210966314545
"29890",-0.547416641555229
"257397",-0.547479140485233
"6309",-0.547644799132401
"23410",-0.547747109931586
"4978",-0.547751895952628
"3745",-0.548201353512574
"55848",-0.548488675053792
"57595",-0.549432647364812
"5861",-0.549533098190181
"4867",-0.549658462494416
"10404",-0.549743612746043
"54953",-0.549979819473637
"394",-0.550044996206335
"64754",-0.550122282273907
"112495",-0.550128103770245
"51193",-0.550404975563934
"83787",-0.550485823320564
"51185",-0.550767875427391
"7105",-0.550885110765044
"2475",-0.550971577638033
"84277",-0.551332601699777
"6794",-0.551513191608673
"64116",-0.551720931777296
"84553",-0.551764074923407
"10165",-0.551886207117015
"79635",-0.552134875600783
"56985",-0.552243534200465
"92797",-0.552247328289259
"51205",-0.552329387504725
"8065",-0.552650761580083
"9184",-0.552660104168538
"23132",-0.552821061541241
"5295",-0.552946513613245
"64080",-0.553097315356311
"4331",-0.553169076462006
"64419",-0.553700069708341
"23122",-0.554507365611485
"64121",-0.554673623377245
"283683",-0.555072609139711
"6300",-0.555931438150052
"7381",-0.555956446799171
"1787",-0.556130182881506
"157567",-0.556520560644746
"79803",-0.557226865534275
"154796",-0.557315167048915
"116841",-0.557368082982275
"10721",-0.5574096404053
"51601",-0.557575346031985
"114781",-0.557730638435034
"202018",-0.557882929498132
"145853",-0.558366116626364
"5481",-0.55850798078053
"8648",-0.558600811988998
"80705",-0.558721293108141
"3382",-0.559520322785766
"23070",-0.559685490219505
"2952",-0.559882314543383
"30837",-0.560398117926654
"54511",-0.560493069146694
"27107",-0.560555862952568
"57826",-0.560675684175778
"60592",-0.561009569981017
"9813",-0.561184137107864
"85459",-0.561375890642065
"9863",-0.561623983683622
"29068",-0.561876703282868
"10240",-0.562696610563443
"23224",-0.562716948090471
"1634",-0.563707484389845
"29994",-0.563885867132054
"64975",-0.564131159207001
"6780",-0.564254636465736
"51081",-0.564780731248333
"26225",-0.56492365535028
"55789",-0.564941714947666
"35",-0.565495254400703
"473",-0.565567638421347
"56987",-0.565941940787235
"92014",-0.566219978249234
"644815",-0.566256416537133
"83544",-0.566631880168208
"84331",-0.566666655234559
"127255",-0.567571421116218
"222643",-0.56791284832343
"4211",-0.567917001646786
"3092",-0.567938989749659
"23133",-0.568077292832529
"144406",-0.568221692839782
"101926911",-0.568395076557963
"5868",-0.568656564353565
"4254",-0.568677243859545
"10480",-0.569125440919229
"146456",-0.569538366780498
"2872",-0.56974473955472
"64428",-0.569770746473941
"126626",-0.570554261394755
"137075",-0.570618644177498
"5903",-0.570671252268594
"3039",-0.570842450008592
"4040",-0.570946420359505
"10221",-0.571425403314689
"2885",-0.571441287203261
"5493",-0.571689022675491
"6811",-0.571944176425297
"63982",-0.572110460046307
"28978",-0.572286157795055
"374986",-0.572393663505636
"200576",-0.573222688905181
"54575",-0.573447140598377
"8504",-0.573568102293908
"1233",-0.573786711381296
"57657",-0.574336684195391
"6882",-0.575034828713993
"158326",-0.575100608451369
"83549",-0.575175918810194
"647979",-0.575985670032202
"9526",-0.576097169685913
"4796",-0.576389639286791
"4137",-0.577401720550917
"57337",-0.577552696682935
"106699570",-0.577891679691337
"25926",-0.578123580962777
"150472",-0.57847184431348
"23588",-0.578499015511972
"219293",-0.578567060191016
"63877",-0.578645074207691
"10290",-0.578689494262447
"51174",-0.57873567773839
"9772",-0.578948845391535
"55031",-0.579048358459526
"205327",-0.579422863438917
"2739",-0.579447407655817
"2936",-0.579573537963562
"8864",-0.579587295318788
"23247",-0.579747225206976
"79817",-0.579939175589604
"2100",-0.580473120008762
"146434",-0.580753014858324
"9743",-0.58079081421941
"9371",-0.581362400400189
"114792",-0.581428657702294
"29841",-0.581466703838951
"129138",-0.581718233282011
"55012",-0.582640350298083
"440498",-0.582689137964937
"11240",-0.582992206790348
"84320",-0.583036979845729
"100527964",-0.583036979845729
"139322",-0.583221275980211
"3038",-0.583310254495325
"5576",-0.584114372644532
"57448",-0.585062992252502
"493753",-0.585096596455489
"23522",-0.58560420267995
"23118",-0.585729393233801
"152189",-0.58573179684014
"101927009",-0.585997718119227
"101927026",-0.585997718119227
"132205950",-0.585997718119227
"54328",-0.586847159429421
"53340",-0.587175638243798
"221458",-0.588006886041199
"23150",-0.588350898297508
"143187",-0.588867635631124
"1153",-0.58893694465542
"20",-0.58923406740382
"9620",-0.590254911373882
"5567",-0.590746779730997
"53349",-0.590915788313381
"100506085",-0.59102748614784
"10826",-0.591645822876436
"755",-0.591733349703469
"51244",-0.592852145251766
"401565",-0.592859432168104
"1039",-0.59352689238229
"88745",-0.593873876296177
"349160",-0.594059924813728
"105375524",-0.594059924813728
"55217",-0.59409848749129
"54463",-0.594106485339407
"100852410",-0.594120407185753
"8556",-0.594180671925739
"5336",-0.594252479113011
"105369213",-0.594252479113011
"51112",-0.594515914516751
"9039",-0.594660770290444
"129303",-0.594836167890741
"8436",-0.59502611164553
"5532",-0.595623973595543
"7503",-0.595908400949596
"93627",-0.595916958210178
"115703",-0.597191539402113
"64708",-0.597312856828583
"79924",-0.597632549190884
"202243",-0.597766873259302
"118",-0.597838128777376
"84888",-0.598027085290823
"7508",-0.598361476891375
"84142",-0.598670543137826
"23283",-0.599359010451654
"361",-0.599994823350784
"55679",-0.600558093525425
"4354",-0.600675624879933
"9861",-0.60068508476076
"9581",-0.601674051519202
"64802",-0.601807523868511
"125150",-0.602058148512043
"26974",-0.602865859835604
"9943",-0.602994504688599
"3030",-0.6034950654695
"9617",-0.603501520781837
"5824",-0.603521482153936
"3488",-0.603667971446754
"64925",-0.605017575345374
"7107",-0.605164667492899
"57139",-0.605395707158326
"3163",-0.605513735835173
"200010",-0.605903154649411
"10056",-0.606397870368568
"5194",-0.606950154490709
"80148",-0.60703027480455
"64219",-0.607810665331549
"90353",-0.607828890739651
"2287",-0.607890296380285
"79725",-0.608045894549968
"548645",-0.608257696491385
"10827",-0.608342049663626
"10966",-0.608351143902039
"1376",-0.608574268562482
"101927994",-0.608627792667552
"23235",-0.60953442452207
"8547",-0.609576022660182
"4097",-0.60960928065292
"51093",-0.609769454332253
"8777",-0.609893955066072
"7773",-0.60999784609921
"79675",-0.610232166382688
"5504",-0.610433239773426
"23408",-0.610737627383721
"113235",-0.611793336386724
"6446",-0.611811577156512
"30815",-0.612038161672773
"23011",-0.61213128196328
"5915",-0.612801811279394
"22982",-0.613121800081359
"79696",-0.613239978672231
"64786",-0.613298309379373
"384",-0.613601275145993
"158431",-0.614029247750373
"80218",-0.614457225878691
"4983",-0.614509005076553
"200186",-0.615010550594688
"427",-0.615129106880547
"84913",-0.615236155749158
"64328",-0.616325173110676
"80264",-0.616325785248449
"54623",-0.616370669876473
"3912",-0.616491741612193
"200931",-0.616555273559319
"126298",-0.616981192175312
"54764",-0.617335575874802
"100506299",-0.617926542137259
"79719",-0.618325934822048
"23446",-0.61846391168948
"55671",-0.618492805729981
"7415",-0.61924204173939
"23174",-0.619359016117833
"10844",-0.620115623039429
"4731",-0.620323022676492
"120935",-0.620705912781721
"7465",-0.621622626471335
"100131017",-0.621918333521359
"9741",-0.622029453892291
"23042",-0.62207704071902
"63874",-0.622199600949437
"388569",-0.622428308567684
"93183",-0.622713808103093
"147923",-0.622903290320393
"5257",-0.622908677418711
"5707",-0.622938142015161
"148206",-0.623038540863384
"375775",-0.623101225783744
"84961",-0.623377307284997
"9911",-0.623626015259627
"55334",-0.623643903602493
"374819",-0.623802139311553
"155038",-0.624371936321436
"64762",-0.624535470178796
"79833",-0.626179678944749
"81611",-0.626873876948661
"10588",-0.627810729690762
"84727",-0.628051479794152
"105369632",-0.628051479794152
"9274",-0.628314390096371
"55102",-0.628496549399269
"64288",-0.628664451486483
"6605",-0.629125257057231
"29090",-0.629727614043824
"79629",-0.629895006631216
"23085",-0.630457513868959
"814",-0.630796826101282
"23609",-0.63086606598674
"100996492",-0.631127180592329
"54465",-0.63133489439105
"1345",-0.631597519847099
"79925",-0.632100800585233
"9920",-0.63258992398988
"8395",-0.633275539004232
"55783",-0.634206800557548
"54970",-0.634345633470771
"91445",-0.634660453733952
"11332",-0.634926791203825
"84080",-0.635293229398451
"9925",-0.635482450193206
"100287015",-0.63594644597903
"7531",-0.636104026606941
"157695",-0.636230408999334
"4714",-0.636712081645797
"2263",-0.636787116400737
"7005",-0.637165714394692
"100289361",-0.637472729338842
"1160",-0.637730826250141
"58517",-0.637782263941532
"1647",-0.638117292757365
"26020",-0.638473914715303
"55284",-0.638493629391373
"79608",-0.638610539152862
"374462",-0.63867781017084
"728215",-0.639546830192259
"51202",-0.639626751889724
"3708",-0.639702216660158
"4857",-0.640094098698519
"2224",-0.640472109971931
"6827",-0.640913811281823
"5878",-0.640943453269989
"154043",-0.641067181478204
"84707",-0.641308176032696
"101929212",-0.641339876459879
"5239",-0.64160519864294
"102723360",-0.641792962635154
"399979",-0.641902982856199
"3418",-0.641990386290238
"5734",-0.642391382461429
"55530",-0.642462255418014
"9991",-0.642632202494583
"83642",-0.64326212481163
"64968",-0.643343885604233
"92935",-0.64437795065183
"285193",-0.64459371018282
"57415",-0.64532022068103
"3694",-0.645779608332031
"55830",-0.645837936972414
"51143",-0.646062377304858
"8324",-0.646143936738496
"90",-0.646344732194088
"50650",-0.646746893013724
"400720",-0.647132421617848
"23221",-0.647256380287667
"157680",-0.647961824141246
"8825",-0.648821137531981
"60491",-0.64945059001958
"54539",-0.649534239784325
"54931",-0.650283543120594
"197320",-0.650308884749457
"399909",-0.650601480789176
"25813",-0.65079399541687
"79145",-0.651823105211739
"84925",-0.652501803962024
"56957",-0.653310240286446
"23015",-0.653672836443691
"137964",-0.654397774432113
"147660",-0.654634690663381
"284992",-0.654803028857486
"389203",-0.655066881006664
"54858",-0.655098243103958
"2063",-0.655614456860888
"164",-0.656593460865468
"400084",-0.656818268370446
"55520",-0.657072877750432
"135114",-0.657427162772244
"151195",-0.657925775338925
"7295",-0.65833279403234
"28977",-0.659025256951053
"55014",-0.659642592726746
"55665",-0.65969435841674
"8165",-0.659754920591287
"65977",-0.659755452227457
"9478",-0.659812739590695
"9666",-0.660096705811628
"100289341",-0.660390479566217
"116449",-0.660597958463378
"55229",-0.66137770989682
"93210",-0.661828998199684
"84656",-0.66196556353491
"5978",-0.662131213905337
"158880",-0.662785624433921
"23272",-0.662798651078094
"8733",-0.663799648236936
"8800",-0.664086821738228
"6015",-0.664360448686514
"56254",-0.665188862961891
"8939",-0.665220181785447
"197407",-0.666021738961246
"9325",-0.666201790464921
"50514",-0.666354590665582
"6419",-0.666402544679322
"152006",-0.667011869184765
"51124",-0.667513280183244
"56975",-0.668288315080842
"4929",-0.668519562288399
"2109",-0.668553679135992
"79090",-0.668841427015677
"283455",-0.669178193591375
"51078",-0.669184764475057
"286077",-0.669300085624295
"100526835",-0.669435637510651
"10210",-0.669481623352098
"54964",-0.669543937452436
"54512",-0.670304830468136
"4967",-0.670662551108799
"8543",-0.671163501194271
"6568",-0.671449759989232
"101929704",-0.671739391567903
"23678",-0.672201619641249
"378938",-0.672481541842416
"54884",-0.673013238514994
"9172",-0.67326874794808
"22878",-0.673669800197979
"57128",-0.673926136658456
"11222",-0.674504005230007
"405",-0.674809254582227
"4718",-0.675611383870265
"79072",-0.675700433632142
"6785",-0.676797338848173
"100303491",-0.676832818148913
"23001",-0.677109511929098
"4437",-0.677472008991942
"55103",-0.677945476520659
"5510",-0.678276728020778
"4302",-0.678590344010325
"5694",-0.678928558806553
"55147",-0.679906614440405
"201895",-0.680270360370023
"10861",-0.680928147106698
"55553",-0.681226065341248
"10003",-0.681266850890716
"2050",-0.682086631851553
"4698",-0.682678286463836
"23321",-0.68271270232473
"256302",-0.682763084927279
"9905",-0.682832021174516
"119504",-0.683056642633472
"683",-0.683127680373374
"23254",-0.684046939982062
"8325",-0.684409855138747
"8555",-0.684719523007797
"5092",-0.684888269354254
"11132",-0.685626614251745
"23173",-0.685635940261817
"79763",-0.686002336448212
"285172",-0.686091086701168
"7374",-0.686364849556798
"51619",-0.686487078622086
"119391",-0.686694653441665
"6769",-0.686905649023993
"340390",-0.687027702888
"131544",-0.688305527852931
"100507501",-0.689189087475001
"83636",-0.689353982703367
"23405",-0.690381331479071
"51678",-0.690425900536885
"54733",-0.690563236132977
"8243",-0.691018467054294
"10380",-0.691852076900525
"83480",-0.693023479696937
"1327",-0.693355312004605
"131616",-0.693640899577233
"23105",-0.694301039827188
"375346",-0.694324088735411
"9897",-0.695184015324342
"283514",-0.695310009901578
"84572",-0.695378049909869
"90025",-0.695736257667848
"55048",-0.696063360023611
"8623",-0.696597457774257
"79633",-0.697210676016244
"32",-0.697530994253687
"84074",-0.697648645266591
"23192",-0.698070672902529
"79829",-0.699014234082152
"51056",-0.69933105839066
"221264",-0.699350999887856
"203111",-0.699847156603642
"10224",-0.700133255043208
"2622",-0.70041690066249
"80263",-0.70102359728784
"2972",-0.701341732090035
"80055",-0.701690275478948
"26063",-0.701790043347842
"54516",-0.703117416762594
"55172",-0.70375221099364
"3398",-0.704018482425759
"4914",-0.704066574102789
"85301",-0.704224852340388
"10026",-0.704372061218225
"10449",-0.704420869060593
"8872",-0.704657806999351
"9692",-0.704691913404406
"26032",-0.705063444612457
"5494",-0.705574439141827
"25898",-0.705769663379747
"283284",-0.706351836277502
"64852",-0.706421549360831
"100996939",-0.706695405500521
"51074",-0.707113803954237
"8650",-0.707181632464413
"101928143",-0.707181632464413
"5705",-0.707421309931426
"54948",-0.708179579639354
"23314",-0.708262208707692
"147727",-0.709858417899801
"256949",-0.710970601399727
"9229",-0.711150829581302
"54477",-0.711803072599683
"124540",-0.712013828612329
"7326",-0.712092532946562
"80895",-0.713075169510181
"10933",-0.713178646280043
"2909",-0.713243067746175
"7110",-0.713459069472275
"2167",-0.713478989876077
"5166",-0.713585737791296
"54855",-0.713648171134711
"51646",-0.714187401786467
"1310",-0.714397084342187
"79799",-0.715532801457302
"7757",-0.715702969450616
"1827",-0.715992811796072
"55714",-0.716299984213768
"3033",-0.716504783155718
"1646",-0.716528707088327
"2975",-0.716635788853384
"84517",-0.716886454712865
"9788",-0.718532990544826
"116828",-0.718570908147715
"167465",-0.718654071438923
"5108",-0.718878485765908
"8225",-0.718903193986456
"3638",-0.719848527485534
"79807",-0.720040306642638
"283483",-0.720121893984262
"100874173",-0.720121893984262
"285671",-0.721320883931523
"3957",-0.721435945394633
"10927",-0.721523323811866
"117178",-0.721991308736906
"387597",-0.722925754985337
"22920",-0.723615599614047
"5318",-0.723705863029289
"51768",-0.723756146191743
"54986",-0.723906875663556
"145567",-0.724097545424113
"9113",-0.724306517811834
"5599",-0.724516455251986
"11104",-0.724669167822576
"221262",-0.724693995482703
"27202",-0.725197795631271
"83987",-0.725622208218826
"3313",-0.725630359123727
"8372",-0.72586433496863
"1803",-0.725940293456353
"10777",-0.726439320677311
"728730",-0.726542902067329
"65986",-0.727270544609969
"26268",-0.727530686236797
"606495",-0.727633692362882
"3131",-0.727787432269615
"101929145",-0.727929460774478
"53",-0.728401391817796
"51692",-0.728475873471769
"8520",-0.728506034501297
"79886",-0.728865320713165
"55157",-0.728998466066591
"79825",-0.729130412401812
"283385",-0.729372025484187
"83849",-0.729556819073705
"23595",-0.729647470855029
"7227",-0.729776296546113
"1007",-0.730183771559346
"285331",-0.730354600146673
"51645",-0.730880715437169
"23492",-0.730947549791646
"23411",-0.731151010522361
"11059",-0.731182220053572
"84708",-0.731254058737568
"100528021",-0.731361289766234
"11105",-0.731798183659979
"2949",-0.731993622250612
"101927043",-0.732177568969066
"107985882",-0.732177568969066
"26027",-0.732315683037117
"92691",-0.732667992607294
"9534",-0.733219730024547
"84932",-0.734025011766841
"27329",-0.734478066353032
"23341",-0.734509490806817
"85002",-0.73476280777421
"9590",-0.735003264427404
"143282",-0.735328683111509
"404217",-0.735484282388313
"201164",-0.735562469175766
"134187",-0.735578572550763
"100505538",-0.735807864492506
"124044",-0.735991057185033
"2036",-0.736129771649195
"91978",-0.73657773601341
"100129250",-0.736626079838308
"100131089",-0.737148795749984
"130074",-0.737947251776561
"202374",-0.738280801851631
"9467",-0.738361633170035
"27130",-0.738542544648519
"2592",-0.739036303093094
"220869",-0.739090701758948
"414919",-0.739103060771773
"100303755",-0.739327247850808
"79784",-0.739409855877571
"285440",-0.739447682307008
"7562",-0.739473455464612
"8545",-0.740079537242201
"54998",-0.740213736143178
"1768",-0.740397779400281
"26751",-0.740869736449104
"168002",-0.741121175147402
"113178",-0.741189573650114
"3572",-0.741226764156335
"56894",-0.741291599094783
"7347",-0.741367400712594
"10153",-0.742003181235612
"57528",-0.742381174866046
"23508",-0.742403656811259
"1060",-0.742666216976632
"4298",-0.743349098646391
"375307",-0.743370042173404
"10428",-0.743894061874263
"5495",-0.744321665126111
"7528",-0.745295101702611
"203238",-0.745422972097039
"137872",-0.74553912501498
"80349",-0.746248644533674
"340156",-0.746735360294781
"284723",-0.746875826263772
"51253",-0.74703805766745
"114789",-0.747087399519533
"11068",-0.747432112543853
"57147",-0.74756709375021
"55735",-0.747608313902094
"9453",-0.74849076769859
"55311",-0.748534756091263
"348",-0.748794831270655
"4696",-0.748902516235609
"7763",-0.749435713823121
"7159",-0.749649468097459
"8835",-0.750131368518759
"7867",-0.750252229313308
"57129",-0.750821005190302
"23145",-0.751166251055154
"4916",-0.752468529579884
"55778",-0.752594160260835
"5191",-0.752816771693019
"80321",-0.753118442312835
"51542",-0.753771909280858
"92017",-0.753818615910482
"283726",-0.754134066623958
"246181",-0.754304182246967
"5333",-0.754432914081525
"9411",-0.754547678862993
"105378858",-0.754547678862993
"9755",-0.755458945384441
"5172",-0.755492985277169
"374291",-0.755796177735568
"56339",-0.756270981575478
"64397",-0.756772165020876
"10560",-0.756787895796495
"51588",-0.757002377898747
"339500",-0.757070680734147
"208",-0.758934120093785
"50486",-0.759081832211692
"9114",-0.75920502176433
"55040",-0.760453034104281
"8945",-0.76075841245919
"7091",-0.76078021994464
"103910",-0.760915250589629
"4045",-0.761126581089635
"26056",-0.761240915617679
"122830",-0.761306749132154
"85021",-0.761512427474237
"10367",-0.761550704742393
"100506444",-0.76163263035345
"8452",-0.762415279375199
"6726",-0.762554864745422
"375057",-0.763076160949029
"6366",-0.763640665805341
"783",-0.765847610916774
"283927",-0.765859480886216
"7750",-0.766155325820266
"5774",-0.766765271669894
"203190",-0.766886617696539
"27257",-0.767205557443121
"128",-0.767362832236213
"100271927",-0.767541495076608
"55351",-0.768413702687309
"80219",-0.768595554612172
"5623",-0.769885660803997
"83758",-0.770735798093063
"254552",-0.771734816266031
"114905",-0.77191187501428
"101927487",-0.772351235938535
"56981",-0.772426865341689
"5650",-0.772465786869258
"374899",-0.772562534112535
"374877",-0.773285416411428
"100507308",-0.77338713424582
"4700",-0.774149432674351
"1378",-0.774238984367146
"57604",-0.774436098820119
"128218",-0.774558328777578
"257019",-0.774759948343049
"5621",-0.775217770036636
"1523",-0.775515923931224
"55342",-0.776273715494721
"54550",-0.776466206420915
"7739",-0.776750675607506
"1657",-0.777300371308275
"55062",-0.777562233947218
"79169",-0.777692877225935
"79717",-0.777879922175536
"1645",-0.778521106729589
"23203",-0.77887547274482
"23002",-0.779884874923484
"65125",-0.780219279734045
"120114",-0.781428403628994
"6332",-0.781429521116035
"84140",-0.781694694363988
"4548",-0.781867552528514
"5140",-0.782511572034048
"81610",-0.783200438280158
"8559",-0.784025201870664
"89765",-0.784202520424826
"10100",-0.785053437582631
"83439",-0.785146278128072
"55759",-0.785414763498146
"137392",-0.78576125101495
"10383",-0.786412631356803
"29078",-0.787374741604147
"5502",-0.787912290700324
"3977",-0.788587184506991
"27129",-0.789231526261593
"58527",-0.789408083773256
"284086",-0.789466913912708
"2077",-0.789775829741593
"122773",-0.790316618771858
"10069",-0.790339021238528
"729013",-0.7911041245435
"10499",-0.791546387888055
"6595",-0.791995579054831
"54205",-0.792324593427092
"64129",-0.793363536119034
"57142",-0.793418063261565
"57563",-0.793642616508827
"3549",-0.794590107608147
"100506637",-0.79484505363688
"4236",-0.795705239096351
"26002",-0.796027498477746
"56704",-0.796138042664101
"54807",-0.797545782523851
"5537",-0.797762978941593
"9966",-0.798180490140634
"84871",-0.799179755324256
"100128398",-0.799227962594455
"100288413",-0.799439300929989
"728606",-0.799925492173479
"51741",-0.799991550647713
"100507557",-0.800343193760303
"10846",-0.801512020774025
"90632",-0.801512020774025
"65982",-0.801718218976525
"84812",-0.801902809552333
"8467",-0.802389519986894
"275",-0.803858401657706
"3336",-0.803992941310895
"10682",-0.804069075940448
"79827",-0.804140681624936
"773",-0.804694202949416
"5584",-0.804903614254347
"1629",-0.804999076818376
"54822",-0.805844914268052
"85015",-0.806298279669181
"8334",-0.806339839369687
"80347",-0.806756490022786
"284391",-0.807120123984791
"441376",-0.807649296841593
"29953",-0.80794536471468
"8564",-0.808190236607445
"79583",-0.80826605643332
"1801",-0.808579212357801
"84269",-0.809291444368722
"5871",-0.810134340127045
"79774",-0.810269984809067
"90826",-0.81060220278711
"23014",-0.810915944745776
"58500",-0.811073302529123
"1551",-0.811888279919272
"5514",-0.814105028160149
"9742",-0.814269894145701
"2029",-0.814571586338989
"79877",-0.814674814922616
"201626",-0.815370623456135
"106144532",-0.815370623456135
"162993",-0.815687023488199
"100505555",-0.815687023488199
"11334",-0.815940250282074
"1952",-0.816005609554297
"128312",-0.816279064108191
"10269",-0.817661889812332
"57706",-0.818153471577262
"54830",-0.820741977001921
"9440",-0.820867907350347
"7430",-0.820884883688397
"114880",-0.820902432560534
"79003",-0.821209410342008
"283489",-0.821501652264325
"84968",-0.821732671244902
"128966702",-0.821732671244902
"619279",-0.821770953386909
"27087",-0.822128211942129
"89894",-0.822330347654923
"57226",-0.822372368819393
"29934",-0.822474607793298
"171425",-0.822769166809827
"8634",-0.823248248330555
"79009",-0.823836632369762
"84172",-0.824771918300612
"10497",-0.824838612027247
"84919",-0.825045802851294
"116842",-0.825046246016994
"11284",-0.825720015235799
"6396",-0.826139041276518
"7923",-0.826479506713202
"79960",-0.826523098210108
"51249",-0.827566822127874
"100506302",-0.827750892134648
"113251",-0.828196018743358
"60485",-0.828200114220964
"5581",-0.828237938686754
"5580",-0.828310257047605
"10600",-0.828768422849652
"6608",-0.829468024992064
"6832",-0.829490530297327
"257407",-0.830344672647775
"6714",-0.830410772926241
"9588",-0.831013440197241
"90933",-0.831181028780042
"4708",-0.831238646684799
"7049",-0.831998155694352
"5972",-0.833274334770823
"9066",-0.833489479695343
"57326",-0.833723586076159
"80110",-0.834267115686698
"91373",-0.835060902845282
"23562",-0.835198621054835
"2309",-0.83533077614007
"79109",-0.835634439758468
"339804",-0.835919669852435
"11168",-0.836320780269757
"785",-0.836692023884653
"306",-0.836717459603461
"84916",-0.836793527994527
"1351",-0.836908909703408
"10691",-0.836943812274734
"117177",-0.837638204856175
"23243",-0.837766704436319
"79659",-0.838308415925338
"283267",-0.83848035788276
"688",-0.839062536454055
"91107",-0.839623359347622
"202051",-0.840226929175747
"7627",-0.841296126954741
"11160",-0.841692625979972
"646023",-0.842423627531271
"57156",-0.842873059079081
"152503",-0.843243537406125
"84079",-0.843988525119323
"80174",-0.844546984950479
"23066",-0.844585445791179
"5051",-0.844919297342257
"55187",-0.845085373628116
"25842",-0.845314324489832
"23096",-0.845419118086082
"5167",-0.845626931596315
"166815",-0.845647814885327
"26515",-0.845658567023946
"5170",-0.8472840905763
"85369",-0.847338460290754
"1760",-0.847349138711078
"8148",-0.847925776975296
"6311",-0.848066503173344
"10618",-0.848750293460614
"342892",-0.848919009471981
"79088",-0.849175500950214
"1073",-0.849428760180274
"50",-0.849693310659463
"85014",-0.849899034979385
"6643",-0.85011399275309
"221443",-0.850582145204614
"471",-0.851140026334505
"1069",-0.852621635596604
"79828",-0.85326751736605
"9110",-0.853544193184439
"9091",-0.853901535156224
"22931",-0.856447607011742
"57406",-0.856716232553109
"3155",-0.857624204509496
"201232",-0.8578218360937
"29930",-0.858029067487046
"9567",-0.858121075273542
"9061",-0.85814986797231
"5998",-0.858606635518977
"441027",-0.858659042022798
"22875",-0.858984164559893
"375743",-0.859924386220904
"285367",-0.860018451790172
"100128071",-0.861612337283721
"1181",-0.861937584237525
"127294",-0.86199683723091
"2549",-0.862102232159005
"3400",-0.862120288048014
"84293",-0.862175140027041
"5343",-0.86240190028828
"10884",-0.862807043068249
"400961",-0.86282421681419
"197258",-0.863829964566618
"3164",-0.863903399471715
"51493",-0.863985968865798
"124976",-0.864402508541088
"144165",-0.864663753250363
"5211",-0.865051494396077
"81889",-0.866404184546598
"56949",-0.86668073690104
"84765",-0.866791592251351
"56683",-0.867798619492654
"79777",-0.868462004724534
"57509",-0.869175424695801
"5923",-0.869511069043861
"776",-0.869684483328429
"7109",-0.869819390776941
"23677",-0.869885883474286
"85457",-0.869973493798602
"51231",-0.87178292401228
"100507098",-0.872071349154129
"124637",-0.872342940364191
"221687",-0.872432159062522
"338799",-0.872453609734625
"388",-0.873573460076973
"56898",-0.874948990731497
"1380",-0.875880908999321
"63908",-0.876322158112343
"55531",-0.876584152603621
"7976",-0.87677713551864
"4239",-0.877445236333782
"57150",-0.877596056910299
"63914",-0.877596056910299
"353189",-0.878436801074436
"374875",-0.87855349148349
"115209",-0.879378731184182
"221",-0.879803536657132
"348751",-0.88101465933734
"93185",-0.881315737337501
"5681",-0.881536769887299
"55173",-0.881634790122107
"9117",-0.88182609821182
"6195",-0.882078016785559
"114815",-0.882641419083275
"5562",-0.883291111411615
"26040",-0.883353727999346
"9866",-0.883555389676611
"506",-0.883622760131488
"55687",-0.883796327625516
"23108",-0.884158170453081
"100506083",-0.884572738650135
"26037",-0.885390417184778
"1654",-0.885433371822967
"26137",-0.885707157193131
"129080",-0.886309232050846
"51497",-0.886528812148104
"284207",-0.886671180674502
"27443",-0.887895939636725
"7561",-0.888689027616086
"83877",-0.889142572588951
"79058",-0.89146997549053
"4677",-0.891830322332879
"22848",-0.892709542302569
"54206",-0.893538292367824
"1859",-0.893894015495767
"5885",-0.894302463754688
"25983",-0.894703389331225
"6492",-0.896633567811232
"387923",-0.896656261077726
"100862662",-0.896666779693368
"219931",-0.897381186964831
"9990",-0.897385840590859
"8942",-0.899834340537981
"55266",-0.900387907085537
"57045",-0.900613142153184
"28958",-0.900636495830532
"90075",-0.900753742474591
"55328",-0.901700241446792
"25904",-0.901769619218557
"92579",-0.902160875071447
"219844",-0.902549546742
"199223",-0.90304505091623
"4671",-0.903350852432977
"1983",-0.904788297298477
"10490",-0.905921087978594
"5929",-0.905936131047797
"83416",-0.906240978593747
"138199",-0.906816347259295
"9855",-0.90776072177857
"54848",-0.907969230103874
"100506679",-0.908016534810367
"55244",-0.90869270939453
"22981",-0.909529216729336
"55260",-0.910446290972657
"2568",-0.910724739855212
"644873",-0.911234027333641
"56267",-0.911375775687614
"80852",-0.911809138346443
"55970",-0.912138864573186
"14",-0.912663559890143
"92259",-0.913046748551194
"9501",-0.914061357283886
"1632",-0.914330743623215
"23463",-0.914603543483046
"135932",-0.914813668769595
"57060",-0.915164892208898
"79647",-0.9152334913918
"140690",-0.916022332814874
"23239",-0.91635840172904
"6540",-0.917095338883157
"100505696",-0.919100950760867
"55149",-0.919170053383893
"9053",-0.919482616275768
"59341",-0.919642601176039
"374618",-0.919761487424313
"100129583",-0.919902020123335
"257396",-0.920593298871383
"4597",-0.921406049920868
"131118",-0.921613099894349
"51362",-0.921742398703071
"11185",-0.922068698351349
"5430",-0.922140638233279
"9223",-0.922529717535906
"56181",-0.923241823896741
"51684",-0.923545343354118
"285550",-0.925253813289572
"6416",-0.926086941315158
"54499",-0.926180173616447
"120356739",-0.92636365968521
"25841",-0.927795895185284
"4595",-0.92780746478082
"2334",-0.929118442475957
"116138",-0.930090862438006
"340120",-0.9304081272947
"5695",-0.931293397695352
"2737",-0.931298966423893
"11019",-0.931320291943392
"9609",-0.931665935766246
"64776",-0.931967451093934
"55752",-0.932027632607946
"56649",-0.932620563019372
"283377",-0.932955733333593
"400916",-0.933398907236162
"55699",-0.933994568330133
"54753",-0.935270573910937
"80772",-0.935683670350353
"3839",-0.935825672617688
"51053",-0.937001584282875
"64927",-0.937417845070356
"10809",-0.938201806708809
"55449",-0.939636465998731
"23528",-0.939958602591397
"9570",-0.939990016376927
"166336",-0.942178913822934
"57570",-0.943374217744577
"10066",-0.944039401604444
"3300",-0.944149503582461
"130574",-0.9464684088723
"6647",-0.947588117927668
"101928153",-0.948088176860764
"54805",-0.948300067129245
"220164",-0.948924951871322
"80736",-0.949133680949099
"387914",-0.949428786923746
"7525",-0.95015795289718
"201181",-0.950180430186103
"159",-0.951034419991726
"56999",-0.951370369306511
"84312",-0.951384339826588
"1676",-0.951444974960236
"5986",-0.951610392498007
"3219",-0.951817219844304
"3312",-0.952301781891978
"57523",-0.952466167864979
"85476",-0.953423331248581
"140838",-0.953500739807994
"200895",-0.953710871469109
"9026",-0.953886297411019
"7704",-0.953967308859601
"114822",-0.953970866476743
"8013",-0.956088107610669
"55869",-0.956419802119329
"90780",-0.95661783015017
"7982",-0.956957534618199
"93655",-0.956957534618199
"56948",-0.957297866020361
"114882",-0.957517963986587
"10402",-0.958757776128149
"57017",-0.958908498879941
"283130",-0.959142172631251
"2738",-0.959282812809977
"27332",-0.959464265181245
"26228",-0.959949726200379
"26292",-0.960000956603611
"221294",-0.960030127448351
"148789",-0.960364546420258
"9580",-0.96059288863971
"144481",-0.961603441669974
"60493",-0.961737556929868
"22836",-0.962408928299386
"196996",-0.963304790854514
"6385",-0.96372496723046
"201853",-0.964865404257721
"3301",-0.965523991098981
"153443",-0.966694463386902
"60676",-0.966725773846545
"114883",-0.967567891844865
"84895",-0.968019695305184
"7802",-0.968527838471175
"1116",-0.968535523247083
"9331",-0.969335903268283
"57082",-0.970141255354677
"54344",-0.970580851136046
"5629",-0.970820712162431
"101929072",-0.970846877856707
"10463",-0.970896150350116
"8867",-0.972142068086944
"51318",-0.972475389415504
"8314",-0.973047553436768
"1740",-0.974050246304816
"57180",-0.974292471264397
"22990",-0.974509994548989
"2308",-0.975552734542509
"8943",-0.976005995487007
"84520",-0.977071300201391
"10238",-0.977490049455896
"9372",-0.977519517201702
"57683",-0.979192446000495
"121512",-0.979575460708768
"25778",-0.979594132730932
"145482",-0.979648074725298
"85313",-0.980438629050232
"10314",-0.981202051732504
"9618",-0.981248830098715
"23293",-0.981314702542562
"2332",-0.98132651923485
"4739",-0.981431438998045
"7276",-0.981603083620973
"57458",-0.982714955099323
"5288",-0.983083749051885
"2805",-0.983797184452082
"10365",-0.983923199336703
"25949",-0.984976946135103
"100287616",-0.985137884263656
"8711",-0.985287801813481
"11154",-0.985415985044845
"24142",-0.986324113907014
"84986",-0.9868881372545
"730087",-0.987047283675494
"57001",-0.987658644579181
"79785",-0.987875150424327
"8394",-0.988577211312393
"8976",-0.989254516204987
"4070",-0.989353661383372
"55361",-0.989597244295191
"64149",-0.990053390846141
"9577",-0.99031145933388
"9521",-0.990671474076577
"7738",-0.990950736301532
"101927752",-0.991608221503656
"140738",-0.991823351149412
"115677",-0.992452845746643
"10647",-0.993466793458409
"8567",-0.994120082015944
"64081",-0.994286235201992
"79669",-0.994527270317978
"441549",-0.994693366846354
"253782",-0.994853728757777
"5187",-0.995220462197191
"7701",-0.997564673735894
"57473",-0.997859401570519
"10160",-0.99844010552363
"9556",-0.998454513476835
"8787",-0.999160077587808
"5872",-0.99945881899339
"66008",-0.999716673578325
"51447",-1.00069629346912
"7283",-1.00075723266948
"9759",-1.00149863857775
"140685",-1.00166954375769
"8349",-1.0017853296076
"161823",-1.00196977265325
"80724",-1.0022913773277
"57565",-1.00269415131177
"27154",-1.00327270095996
"54756",-1.00433340765408
"51128",-1.00455366167453
"100507027",-1.0049530221811
"64850",-1.00517282281295
"10477",-1.00569323391167
"90326",-1.00620322077777
"23327",-1.00711401203414
"6733",-1.0076139614263
"5358",-1.00801922454511
"151242",-1.00823481326666
"357",-1.00849374586004
"389177",-1.00934952184177
"151393",-1.00994212000023
"115286",-1.00997453831558
"653464",-1.01048762788746
"653121",-1.01080941402458
"64429",-1.01085785595673
"26030",-1.01089680724786
"64130",-1.01111919406786
"85477",-1.01219457921103
"10741",-1.01226224420023
"27175",-1.01311899169096
"118487",-1.01356759554183
"56971",-1.0152165772373
"57531",-1.01521959135679
"118429",-1.01556344271615
"5866",-1.01577668137904
"6450",-1.01624815640597
"7078",-1.01658659370833
"114928",-1.01661962179523
"100528062",-1.01661962179523
"56954",-1.01718460694891
"9914",-1.01719221118546
"27067",-1.0194321063968
"2196",-1.01968359589906
"5864",-1.01976301030228
"147948",-1.02075070094757
"100507475",-1.02106305708522
"5564",-1.02159478737984
"144363",-1.02175496221177
"101928725",-1.02182460176707
"55837",-1.02281645680159
"57447",-1.02288429224702
"3712",-1.02308723873064
"1605",-1.0232748492654
"139065",-1.02430534706828
"1152",-1.02455249237588
"3073",-1.02457511750872
"10681",-1.02554350631467
"80274",-1.02570245209225
"64101",-1.02582644782818
"79720",-1.02626149891547
"652968",-1.02629313118611
"84287",-1.02645041665319
"26224",-1.02873310179543
"149466",-1.02952783321825
"26873",-1.03001162277813
"65251",-1.03078866475893
"54505",-1.03150963371816
"154791",-1.0325414608457
"125206",-1.03280805232723
"56895",-1.03338358794415
"29915",-1.03362874083785
"55422",-1.03402040975702
"2644",-1.03402404140783
"7343",-1.03644726498133
"55005",-1.03673504080412
"9670",-1.03777416504594
"387263",-1.03851328750402
"5121",-1.03884686814111
"7536",-1.03932868363074
"63892",-1.04025168311372
"57020",-1.04090124352413
"11231",-1.04097773098364
"94234",-1.04233321687764
"7993",-1.04296063943214
"284273",-1.04338696206352
"1139",-1.04404563725546
"201931",-1.04462735563077
"85026",-1.04593372452832
"79783",-1.0463727435128
"64431",-1.04695430743494
"4779",-1.04728443681442
"55607",-1.04872492330586
"10961",-1.04961414196997
"11070",-1.05026682381948
"64478",-1.05090715416603
"9667",-1.05169379827572
"825",-1.05250459347427
"6414",-1.05257352148885
"80335",-1.0526065119897
"79641",-1.05423760058394
"26577",-1.05432093504117
"1891",-1.05446687228373
"10542",-1.05462532638067
"51759",-1.05508235622506
"54923",-1.0552918021046
"283659",-1.05593730714929
"7123",-1.05613413126121
"124975",-1.05661345954678
"27005",-1.05791801649798
"256691",-1.05819756567742
"3006",-1.06077112061948
"55230",-1.06208255999974
"25961",-1.06246831998641
"22950",-1.06269918935207
"64284",-1.06332350226684
"7866",-1.06449674595068
"100129195",-1.06473854436526
"57172",-1.06492969136635
"7552",-1.06498401600855
"5746",-1.06569320747476
"1737",-1.06601217895077
"1964",-1.06622349045643
"124905557",-1.06622349045643
"58497",-1.0663692517028
"90529",-1.0665459236038
"54901",-1.06715869436364
"55308",-1.06747132513459
"55612",-1.0676049853941
"64844",-1.06837667358464
"3608",-1.0684152219666
"221178",-1.06966625591549
"27101",-1.06972054211505
"100505967",-1.06989595969361
"51528",-1.07075674142991
"727800",-1.0710773417361
"25799",-1.07178449300992
"57573",-1.0741110857011
"8412",-1.07441339899661
"55870",-1.07569481285801
"58515",-1.07661871822732
"1014",-1.07802486844264
"57547",-1.07835436913377
"57107",-1.07875214171607
"79639",-1.07882430528823
"441094",-1.0788903601437
"4886",-1.08062576214001
"85403",-1.08247597186517
"124402",-1.08284104771709
"7010",-1.08293709538227
"2041",-1.08453257734718
"79863",-1.08464966587704
"8924",-1.08513789618287
"11212",-1.08568430215042
"57545",-1.08576929652221
"2813",-1.08586914354916
"2954",-1.08596939119319
"286676",-1.08641678517207
"28972",-1.08656685557736
"60370",-1.08860872160087
"5052",-1.08940298457448
"94107",-1.08966422396824
"1147",-1.08989050219013
"79568",-1.0898955335387
"5188",-1.09010307020559
"9014",-1.09070670698675
"4842",-1.09154619463815
"284131",-1.09184865394491
"56062",-1.09185347856979
"6591",-1.09203271299336
"57685",-1.09216736803759
"400123",-1.092521339012
"646982",-1.092521339012
"203859",-1.09281616105435
"102723370",-1.09281616105435
"51144",-1.09451559764982
"80144",-1.09482706983219
"498",-1.09561805028956
"92",-1.09685400529469
"10969",-1.09705584808424
"5641",-1.09732703557342
"528",-1.09745601585102
"4719",-1.09868841954324
"84461",-1.09898754947693
"54108",-1.09962935179181
"196792",-1.1007833780937
"64755",-1.10224156731556
"7375",-1.10455922294997
"1537",-1.10462618199711
"57492",-1.10484087772485
"84182",-1.10511766348911
"7520",-1.10590590779301
"7399",-1.10626506368288
"6642",-1.10760953147942
"55268",-1.10870151113028
"57104",-1.11030364697926
"728294",-1.11037907343528
"23731",-1.11055182649107
"220213",-1.11093025587684
"80207",-1.11133816697227
"349565",-1.11137961853378
"57470",-1.11190323311463
"6819",-1.11235640399324
"9032",-1.11252826607551
"23729",-1.11297388354101
"374868",-1.11409874886553
"101927412",-1.11426347324841
"55228",-1.11466813686667
"5860",-1.11504324535936
"5357",-1.11531591070235
"25930",-1.11579295321486
"23475",-1.11590516700256
"6622",-1.11605276325252
"84309",-1.11730642369036
"3032",-1.1188876563244
"5596",-1.12175886070612
"64344",-1.12181476972894
"6919",-1.12279941237187
"11041",-1.12309146800119
"196951",-1.12324047016749
"1622",-1.12331843396256
"9383",-1.12399207825817
"55640",-1.12454813180167
"6341",-1.12462632104738
"51268",-1.12470357424232
"129285",-1.12527137920946
"3157",-1.12550758706594
"8574",-1.12622039930231
"5195",-1.12669468145671
"10630",-1.12747405759696
"105375624",-1.12863262624305
"26953",-1.1294807845145
"85407",-1.13007902292961
"599",-1.13073703496359
"10451",-1.13087567534317
"260425",-1.13100314256307
"100131067",-1.13282308179129
"84440",-1.13324800826496
"56998",-1.13351746158391
"26130",-1.13384572364115
"7266",-1.13446643233712
"51340",-1.13477342608186
"23089",-1.134776594581
"2744",-1.13495089769554
"158234",-1.13576152497942
"93550",-1.1358449820324
"2746",-1.13648902340122
"79731",-1.13701404424398
"9605",-1.13736439258602
"107",-1.13866077390464
"3664",-1.13946914383787
"9474",-1.14034324040277
"85444",-1.14044895259122
"54578",-1.14181087014666
"9969",-1.14239101436027
"92737",-1.14253953215833
"84657",-1.14260818689479
"6867",-1.1426591735175
"5048",-1.14286403530633
"101928844",-1.14428565409913
"7286",-1.14530222509302
"9663",-1.14655190071181
"7539",-1.14769524224799
"85439",-1.14855002524118
"29119",-1.14933888180665
"54797",-1.14946389491815
"64343",-1.14947084183319
"122704",-1.15053884863937
"124923",-1.15176059931661
"51706",-1.15181126009307
"8681",-1.15202847835642
"112840",-1.15287025223139
"55809",-1.15406315070368
"26149",-1.1540734876804
"65008",-1.15457346264705
"9901",-1.15512333391417
"388886",-1.15540887510936
"9724",-1.15618142648059
"253512",-1.15970970101029
"84852",-1.16014631123436
"3329",-1.16057131263446
"55504",-1.16079701801228
"1203",-1.16091222481029
"122953",-1.16131752694255
"163",-1.1616068424689
"151987",-1.16164842383624
"10891",-1.16240376622608
"79837",-1.16248243993538
"84866",-1.16463934595464
"10103",-1.1661466718189
"10129",-1.16662141548527
"6948",-1.16677235333109
"5321",-1.16744536370507
"84315",-1.16759312272162
"84981",-1.16806766339523
"818",-1.16956810360913
"54460",-1.17142682090722
"27445",-1.17149759480986
"79750",-1.17342543317795
"9412",-1.17397157153208
"84317",-1.17420948466188
"6927",-1.17449730951089
"79699",-1.17491419934753
"64781",-1.17563435049355
"9903",-1.17650981394035
"51616",-1.17776455207897
"55030",-1.17798947118697
"8814",-1.18016942199992
"23329",-1.18135758287087
"10668",-1.18145957041125
"8462",-1.18212431580611
"93587",-1.18217525130849
"90990",-1.18313195658522
"100506469",-1.18363755064256
"55650",-1.1846423000275
"582",-1.18481869374534
"138428",-1.18507197035579
"6990",-1.18524239293994
"339221",-1.18634624311933
"163486",-1.18648879001345
"5101",-1.18708358521838
"23277",-1.18769081297234
"140735",-1.18887344969815
"25998",-1.19108189442031
"5973",-1.19193086222546
"9147",-1.19213632364015
"10197",-1.19293229623263
"54954",-1.19296483462128
"23126",-1.1932109514804
"91689",-1.19326851228124
"120",-1.19416773861272
"11102",-1.19590650436826
"26249",-1.1980216350577
"84938",-1.19889384315659
"286205",-1.19950052369037
"5894",-1.2001534293517
"5859",-1.20329421624731
"2281",-1.20411793616695
"3149",-1.20541023883091
"57666",-1.20596142606923
"11180",-1.20710011755855
"205717",-1.20847607297189
"6988",-1.20940346461215
"9308",-1.20958312170717
"25992",-1.21045885058774
"100507377",-1.21159261205307
"93487",-1.21236022250786
"163589",-1.21288486565269
"286148",-1.21384178547511
"54657",-1.21414239938851
"9552",-1.21414745622385
"55471",-1.21516520298262
"4086",-1.2155761787608
"23742",-1.21719852861656
"25791",-1.2174846509293
"55794",-1.21854582410015
"256435",-1.21860107083301
"9352",-1.21892253488225
"55101",-1.21956889498601
"285855",-1.21969041994566
"497661",-1.22011384653866
"5420",-1.22081766057533
"9600",-1.22126101968859
"100506070",-1.22307949592681
"7284",-1.22311017277018
"84275",-1.22395867941381
"342527",-1.22566916342302
"55930",-1.22600869723596
"23038",-1.22648912869042
"3916",-1.22651991123906
"5733",-1.2275471736966
"65124",-1.22798017442834
"56271",-1.22905475807394
"10190",-1.22987105419543
"57820",-1.23014308649364
"51030",-1.231362899366
"101929335",-1.2321690661165
"5813",-1.23268699521706
"91392",-1.23275862665606
"87769",-1.23375451195065
"22907",-1.23426932542093
"3156",-1.23453072040565
"135892",-1.23637781904219
"79170",-1.23788914307966
"2624",-1.24224634439763
"54859",-1.24302177234739
"79674",-1.24332283199977
"26503",-1.24460536795599
"334",-1.24504016382401
"65267",-1.24518064093632
"2538",-1.24529602738405
"390940",-1.24600603599364
"23530",-1.24752488053255
"23",-1.24757377381462
"23136",-1.24769747661417
"5138",-1.25012636887712
"25804",-1.25074335196404
"8938",-1.25196390186926
"51449",-1.25303570222453
"687",-1.25357662330497
"55304",-1.25391060833379
"83450",-1.25431623383351
"7410",-1.25538633607034
"10048",-1.25542049149251
"219402",-1.25597657324506
"123228",-1.25609018136018
"4249",-1.25615919891817
"122481",-1.25709148320523
"113177",-1.25853628150895
"140462",-1.25874566989766
"27152",-1.25957717110035
"9700",-1.25972372245035
"2824",-1.26079774943189
"10168",-1.26139002823013
"110354863",-1.26139002823013
"140597",-1.26140717543941
"80344",-1.26142542607735
"4651",-1.26197370219023
"1040",-1.26223256223496
"2327",-1.2627558414213
"23179",-1.26293015494247
"84272",-1.2645581024476
"54332",-1.26531878303417
"1915",-1.26638138130565
"63826",-1.26713097276792
"253558",-1.26730026790682
"6403",-1.26832835163645
"4357",-1.26903917976861
"1174",-1.26941371933608
"79142",-1.27040828441646
"80014",-1.27103573927965
"131870",-1.27139554188327
"115294",-1.27163931469744
"443",-1.27218733014138
"56912",-1.27285742961046
"4883",-1.27312829063259
"2182",-1.2732103911923
"7026",-1.27445717163267
"147912",-1.27446242397302
"5606",-1.27477426591348
"26052",-1.27480981987008
"55246",-1.27537481789972
"10157",-1.27676002881126
"5283",-1.27896076491649
"220108",-1.27953288701741
"2330",-1.28019105477314
"54823",-1.28055503769363
"440957",-1.28140224424846
"2150",-1.28283305425639
"55199",-1.28317339587751
"22864",-1.28337081821504
"3818",-1.28382915517123
"51130",-1.28523892670715
"100302652",-1.28523892670715
"100506054",-1.28551264699222
"57605",-1.2860182627593
"128977",-1.28692591892878
"4144",-1.28936040249534
"643236",-1.28942113563181
"57577",-1.28983039917667
"51090",-1.29000680553534
"26168",-1.29030650719109
"65018",-1.29046311583826
"27242",-1.29064476143085
"100526739",-1.29082217759987
"123355",-1.29179432773842
"10999",-1.29201803734279
"404672",-1.29342746871384
"79442",-1.29445545686393
"55844",-1.29465269245247
"79611",-1.29501073267342
"84193",-1.29592567969697
"339318",-1.29620448111726
"51594",-1.29805786950155
"257044",-1.29814379042427
"57716",-1.29826009550244
"481",-1.29972584038296
"109703458",-1.30022347631951
"5314",-1.30102165493419
"728116",-1.30137979796038
"51390",-1.30224107042935
"51562",-1.30475667045958
"4907",-1.30616691464948
"84918",-1.30705517649234
"54828",-1.30991782377934
"282679",-1.31000959910575
"4005",-1.31031390411557
"8816",-1.31084139128345
"123263",-1.31152118933098
"23229",-1.31197208824883
"55256",-1.31244394025703
"10808",-1.31292805682898
"8876",-1.31317619511656
"8629",-1.31395753158692
"255743",-1.31397834213354
"127262",-1.31551536618572
"96764",-1.31710500904507
"80150",-1.31798006498352
"8528",-1.31818705263198
"1653",-1.31844783794477
"117143",-1.31930072947623
"1739",-1.31994746015595
"4915",-1.32079253101832
"54902",-1.32190374625856
"3217",-1.32339354207089
"140459",-1.32418373606354
"392465",-1.32649763597158
"50848",-1.32692056153986
"54996",-1.32824689576194
"7203",-1.32908257839341
"9056",-1.32963130881947
"25974",-1.33027898939131
"729970",-1.33050985949343
"101928098",-1.33050985949343
"80704",-1.33122068482728
"221188",-1.33219725665726
"10800",-1.332218913586
"80896",-1.33315193517617
"100133121",-1.33439898133863
"10894",-1.33460297737486
"613",-1.33501079887581
"142686",-1.33521200429833
"57623",-1.3362790422797
"284252",-1.33682797532236
"727",-1.33705216599196
"60686",-1.33732988056568
"3123",-1.3375468104377
"151651",-1.34022502003774
"123099",-1.3408727828396
"29760",-1.34164782566709
"23225",-1.3423261076837
"64756",-1.34327326385502
"151525",-1.34464699590035
"6484",-1.34556700401291
"5737",-1.34590834152253
"1804",-1.34636608297664
"55966",-1.3478591475586
"79898",-1.35147740113109
"23648",-1.35167449960355
"25979",-1.35295688794671
"441024",-1.35492859200853
"23303",-1.35549904488423
"1832",-1.35680246539714
"126295",-1.3568749402106
"57731",-1.35707663671848
"7306",-1.35724545461412
"161424",-1.35747505073048
"5372",-1.35760950127879
"127396",-1.35935290099542
"7275",-1.36031825847955
"2166",-1.3603801535496
"139285",-1.36079597969268
"4957",-1.3610854752575
"4720",-1.36234721977558
"3632",-1.36240491257197
"5833",-1.36266137238018
"11099",-1.36266323019204
"25987",-1.36336871512446
"79987",-1.3633754803539
"64577",-1.36647263820672
"4735",-1.3667153725408
"64757",-1.36822904663869
"2651",-1.36849522198885
"3158",-1.36981874541281
"199920",-1.37034090871872
"80157",-1.3715997362237
"11188",-1.3718636916369
"55751",-1.37344690224522
"253012",-1.37399997525568
"6339",-1.37434519556413
"84950",-1.37546486801089
"6845",-1.37770677587851
"84300",-1.38038739508013
"392617",-1.38048592107057
"51454",-1.38269765190076
"79906",-1.38380848907667
"163126",-1.38524064783775
"9173",-1.38535944464161
"55129",-1.38610252795015
"5007",-1.38876968954996
"3320",-1.38935550765211
"133688",-1.39093834213063
"91862",-1.39178387390211
"25981",-1.39180837594901
"326",-1.39269733257474
"51704",-1.39419274829706
"56910",-1.39436716408393
"4729",-1.39653445446655
"84552",-1.39653829879795
"5830",-1.39804448459982
"55366",-1.40234067434434
"55610",-1.40243409695306
"54566",-1.4026942367368
"221981",-1.40321709326183
"4582",-1.40458055148005
"2181",-1.40467919625094
"57539",-1.40586680949775
"9182",-1.4059026654311
"126374",-1.40694503600446
"100506915",-1.40956441760547
"6573",-1.41028975657013
"6950",-1.41220720472466
"138046",-1.41323163635851
"760",-1.41325655991916
"387640",-1.41446845531236
"30",-1.41481121889466
"1741",-1.41544308235144
"388228",-1.4168135473242
"101928085",-1.41716571797136
"26012",-1.41797524961236
"4502",-1.41880452086956
"133686",-1.41907533273915
"79882",-1.41974030239156
"84750",-1.41981460596982
"7345",-1.42135740198669
"91851",-1.4216709538247
"140775",-1.42255319796901
"84557",-1.42271874992459
"23112",-1.42295311587651
"708",-1.42311796386502
"2021",-1.42315259699549
"257218",-1.42352372549062
"10651",-1.4250238186714
"126695",-1.42518577014483
"2653",-1.42536920158177
"261729",-1.42675865056141
"5313",-1.43142786958719
"25924",-1.43395165389111
"4707",-1.43446640246171
"3397",-1.43545173515663
"23479",-1.43683118785775
"8367",-1.43723048366858
"7155",-1.4386504281473
"5447",-1.43905118156827
"124872",-1.43953566458042
"401264",-1.44201400047291
"5547",-1.44311780227543
"51021",-1.44312589412469
"1690",-1.44375375301329
"51125",-1.44666404568559
"1773",-1.4470315810501
"5590",-1.44729188474768
"11127",-1.44790390236048
"134",-1.44839441299323
"1365",-1.45166616507852
"7554",-1.45249698193876
"83857",-1.45255578748352
"401548",-1.45275745829986
"54",-1.45343413952453
"55151",-1.45574956182292
"30845",-1.45696377449685
"51377",-1.45813415155063
"51312",-1.4591073760981
"80217",-1.45920242282753
"8402",-1.45977636847911
"90342",-1.460502722585
"2049",-1.4605833599975
"64798",-1.46297716473016
"3231",-1.46332590220377
"102724200",-1.46413291985928
"258010",-1.46534964168291
"9730",-1.46713206327494
"84988",-1.47060558892128
"81558",-1.47148254842525
"84818",-1.47168384535733
"157381",-1.47192469618616
"23428",-1.47357155970223
"199953",-1.47484614155723
"3235",-1.47528843990492
"51099",-1.47694073279777
"23607",-1.47732530902465
"441150",-1.47874313782589
"84187",-1.48058332532211
"4547",-1.48162715702355
"22874",-1.4819352854302
"364",-1.48210480886783
"79919",-1.48216211954255
"10434",-1.48226408793546
"55153",-1.48233624235862
"84159",-1.48437269880288
"2938",-1.48827169760959
"11319",-1.48858404596295
"7386",-1.48892986047124
"5261",-1.48943134921894
"23143",-1.49013076044032
"151903",-1.49035136421546
"1793",-1.49081051880198
"25849",-1.49128331107603
"10858",-1.49170791143691
"7589",-1.49178691489518
"347475",-1.4936206305325
"84647",-1.4977185355412
"283383",-1.49840865365762
"2561",-1.50032672312877
"29799",-1.50116151404148
"11170",-1.50341181857187
"1616",-1.5044200074535
"113523636",-1.5044200074535
"6721",-1.50483809993842
"116236",-1.50490145745859
"25934",-1.50491899976624
"23171",-1.50546461997308
"34",-1.50572721061101
"130507",-1.50734323520305
"8566",-1.50790668916495
"2264",-1.50790868320719
"100130691",-1.5081412458125
"54658",-1.50814270781246
"10013",-1.5085172869498
"6520",-1.51054137319624
"23473",-1.51086250963772
"287",-1.51101697320939
"23078",-1.512060266488
"23264",-1.51208467886939
"6649",-1.51227581989031
"124961",-1.51263818715352
"23228",-1.5128201678048
"56670",-1.51365286662186
"2762",-1.51442981026587
"3633",-1.51551357708884
"1601",-1.51594202493956
"54852",-1.51796773091332
"148268",-1.51840038955846
"9701",-1.51882781245975
"79982",-1.51902474157816
"389856",-1.51920473273205
"118491",-1.51962103731897
"27156",-1.51991447951635
"89953",-1.52059517615726
"324",-1.52063440275241
"65975",-1.52085578456488
"90809",-1.52180972641234
"64651",-1.52339820702912
"587",-1.52347113275884
"54737",-1.52380619018417
"9052",-1.52393301245145
"126006",-1.52412176373155
"55544",-1.52569993551338
"345557",-1.52668995013968
"134288",-1.52764274439694
"197257",-1.52779397195518
"85865",-1.52920727327388
"101927446",-1.52920727327388
"2176",-1.52940759907643
"105376156",-1.52940759907643
"22928",-1.53112511794292
"92979",-1.53208043925788
"59084",-1.53378133125016
"23032",-1.53683239335237
"100846978",-1.53779837406616
"7102",-1.53827086575941
"54762",-1.53894836833869
"64147",-1.5389554708777
"8853",-1.53911047541777
"29072",-1.53956149003769
"3855",-1.54049211024863
"1186",-1.54063892117662
"9970",-1.54087945271587
"7257",-1.54129941582419
"7368",-1.54155174694001
"223117",-1.54391770113056
"84418",-1.54413656516379
"6645",-1.54417195107549
"79840",-1.54431966776463
"83699",-1.54436702607691
"25879",-1.54479903969559
"55227",-1.54497457172648
"100113407",-1.54505256361446
"1636",-1.54505441219111
"3908",-1.54542237983453
"201229",-1.54543739741802
"158219",-1.54647594856287
"400566",-1.54668328908492
"79884",-1.54671491593701
"80763",-1.54792269468552
"2180",-1.54797113785432
"80318",-1.54826973140192
"5909",-1.54846823606719
"246269",-1.54851106975508
"9783",-1.55030521292111
"9781",-1.55241052968833
"22926",-1.55361716368528
"59342",-1.55361928647215
"6690",-1.55514139709796
"4734",-1.55703439496407
"54874",-1.55709202498583
"10253",-1.5573605359455
"23024",-1.5604104912607
"115",-1.56109441930965
"4675",-1.56355844689542
"280",-1.56365650849049
"55037",-1.56401672070145
"3895",-1.56636663922261
"6812",-1.56637460861317
"2946",-1.56763732044553
"6599",-1.56771106050597
"6382",-1.56877233129936
"10040",-1.56898967260691
"607",-1.56902974011966
"57404",-1.56907369356045
"260293",-1.56927982862072
"4616",-1.56949492196532
"10053",-1.5697139357889
"6854",-1.57023734260632
"78988",-1.57310715568474
"8382",-1.57320144203564
"10585",-1.57366478132078
"148534",-1.57400453507668
"801",-1.57446138561133
"54741",-1.57555037390352
"22908",-1.57619892579277
"100128782",-1.57622223718433
"23498",-1.57693495167429
"113655",-1.57719353683595
"284106",-1.57744795521851
"10644",-1.58038991320146
"8313",-1.58152325905255
"3396",-1.58456440474096
"51665",-1.58612961518709
"140612",-1.58761806306477
"257068",-1.5892563244955
"339263",-1.59144386532875
"288",-1.59147838093044
"84681",-1.59210016414692
"5000",-1.59451160556544
"5727",-1.59807973840121
"51109",-1.59812778374623
"7108",-1.59974083091475
"108783654",-1.60156633937129
"399726",-1.60194996276984
"57464",-1.60253602051115
"23334",-1.60338734410824
"23270",-1.60416026675568
"5208",-1.60544648711948
"149483",-1.6073821307636
"388272",-1.60765411969257
"25909",-1.60789441615268
"25945",-1.60970923840201
"55296",-1.60979299931443
"29903",-1.60979920065523
"9802",-1.61129444844838
"55556",-1.61336247082038
"84301",-1.61552199364709
"440894",-1.61855909982817
"84632",-1.61888637681044
"22849",-1.62073470411112
"57599",-1.62221953303705
"10965",-1.62286627405771
"1515",-1.62443380477673
"8857",-1.62484402987503
"10289",-1.62613930651492
"55854",-1.6285341531097
"10444",-1.62870397210865
"2125",-1.62885691964474
"90410",-1.63205627084437
"2806",-1.63231364110062
"644242",-1.63352494408512
"29958",-1.63364125799714
"7429",-1.6349094170536
"25932",-1.63570727170375
"64981",-1.63734474922015
"56947",-1.63823133199533
"4817",-1.63897138065582
"149563",-1.64052781670421
"65094",-1.64060327727104
"55",-1.64101705089513
"7095",-1.64237576970547
"57412",-1.64318581039393
"50507",-1.64330083048667
"644090",-1.64371662720545
"5789",-1.64388573211286
"51701",-1.64418342586847
"85480",-1.64695966424083
"26999",-1.64739322051216
"29880",-1.6474469223472
"23580",-1.64790213415806
"3949",-1.64888145094204
"2140",-1.64917500941168
"10989",-1.64930792727344
"3667",-1.65291476163967
"9687",-1.65303186206965
"4728",-1.65334830328787
"137886",-1.65342193319501
"91",-1.65357333538687
"7779",-1.65491082991309
"4306",-1.65564301548804
"85453",-1.65573477753648
"1848",-1.65765543336715
"114971",-1.6584323155189
"22844",-1.66048580312808
"119032",-1.66155856521789
"27258",-1.66220357550001
"10610",-1.66376747342651
"150864",-1.66438328384357
"126068",-1.66448065682329
"84803",-1.66990718280841
"51170",-1.6715699299012
"54165",-1.67340226901558
"81603",-1.67404988023755
"57414",-1.67426708851089
"152404",-1.67645912267016
"57724",-1.67801682448653
"80775",-1.67829040992908
"23554",-1.68002719573966
"64110",-1.68144280387418
"4709",-1.68152304850714
"344148",-1.68160636168808
"157983",-1.68472028372612
"57659",-1.685434535641
"3176",-1.68565964545677
"10904",-1.6863110340731
"4697",-1.68651824248901
"57216",-1.68808865557387
"339896",-1.69017599960254
"10513",-1.69230601902071
"27131",-1.69234768529
"79903",-1.69293549177773
"84144",-1.69406727869208
"100505641",-1.69447567868151
"134147",-1.69578361744396
"56997",-1.69611137589362
"103344931",-1.69662550632189
"123876",-1.69871007938783
"51378",-1.70087639420921
"51011",-1.70099515736579
"10277",-1.70139110204862
"253639",-1.70255856418211
"10350",-1.70265508991031
"2288",-1.7028209436277
"9073",-1.70409924997998
"4008",-1.70751548351392
"56920",-1.70759797426156
"55090",-1.70797979606263
"84064",-1.70812608790695
"27336",-1.70864443937253
"340533",-1.70925439547062
"64236",-1.7105580976128
"55437",-1.71287132959816
"124739",-1.71517913427202
"163255",-1.71621049825955
"51015",-1.71894607480393
"55745",-1.71939172583003
"64218",-1.71975626640417
"124903372",-1.72102483765766
"7317",-1.7222123477599
"57194",-1.72332416761059
"9495",-1.72580057392032
"10458",-1.7265244932073
"127253",-1.73378305799857
"256764",-1.73608302262147
"6696",-1.73613868262704
"6524",-1.73669687592966
"63915",-1.73767202037949
"3690",-1.73867474679414
"80255",-1.73891212558314
"89890",-1.7424829084647
"23305",-1.74315646116699
"9054",-1.7441638668736
"169026",-1.74455913507676
"113277",-1.74703738545361
"9807",-1.74821030935296
"10391",-1.74998739170542
"10274",-1.75264281665379
"55039",-1.75357549464414
"23387",-1.75383085742014
"655",-1.7558817397554
"56521",-1.75590645245013
"79666",-1.75706098883319
"374378",-1.75720968033639
"79973",-1.7573408427412
"482",-1.75736656109206
"100131213",-1.75756475908658
"54537",-1.75783626274353
"81607",-1.75844680486788
"101927855",-1.7587768985316
"103689912",-1.7587768985316
"6821",-1.75946510656304
"51301",-1.7596786531377
"25943",-1.75993818211255
"10629",-1.7628474955407
"686",-1.76300294274043
"5865",-1.76339869081167
"57117",-1.76348396176215
"81788",-1.76411994350383
"221154",-1.76428840413107
"55526",-1.76747667355027
"101928578",-1.76788534159086
"10128",-1.76795355422157
"166379",-1.76873405131457
"54677",-1.76878215327748
"10254",-1.7691877493684
"3590",-1.76944617384882
"51204",-1.76975047130681
"10230",-1.7698179609514
"84059",-1.77003020354935
"84952",-1.77050488981426
"100506428",-1.77155272316825
"51103",-1.77225604468027
"22929",-1.77540392609536
"389432",-1.77545409347418
"55739",-1.77650348000406
"9967",-1.7772518566708
"4715",-1.77920620403679
"9673",-1.77950521481833
"5156",-1.78084107534416
"199777",-1.78085859208726
"10984",-1.78087941251929
"26033",-1.78109267238095
"1107",-1.78259129845709
"3202",-1.78512510732075
"10857",-1.78565649034012
"9531",-1.7883476771471
"55298",-1.78874726337895
"9400",-1.78979286962236
"25989",-1.79142630760009
"89927",-1.79442211002241
"127898555",-1.79442211002241
"9423",-1.79651707874752
"4494",-1.7973510616109
"54033",-1.79874597205824
"7009",-1.79964407555053
"55623",-1.8012026250185
"4704",-1.80230041209454
"7325",-1.80438685757531
"257629",-1.80519598476347
"80173",-1.80636545624057
"9727",-1.80745095378332
"25942",-1.80921918871122
"25940",-1.80940078070355
"105374454",-1.80940078070355
"9895",-1.81020499774095
"9650",-1.81313722449491
"22893",-1.81453652863785
"3068",-1.81514233245568
"617",-1.81548513905437
"728621",-1.81594381951849
"2764",-1.81636896834069
"51310",-1.81821782940309
"55061",-1.82077240887762
"388588",-1.82091429801517
"153562",-1.822107267915
"84899",-1.82316099766135
"55111",-1.82667199954533
"23276",-1.82708963386303
"6359",-1.82744331853562
"79956",-1.8278658173304
"3204",-1.82815099216554
"9882",-1.82922482500596
"7481",-1.8297496527471
"7341",-1.8324852739547
"93100",-1.83317600636968
"64965",-1.83397231757626
"83641",-1.83406188100572
"54921",-1.83551674630727
"51473",-1.83725336069928
"401474",-1.83766508536453
"6583",-1.8389741767352
"66035",-1.83907899817123
"58489",-1.84026446621709
"100293534",-1.84136888345137
"254013",-1.84244136429744
"10840",-1.84479682258122
"54886",-1.84503285354156
"129880",-1.84559727997768
"7780",-1.84684282562684
"389015",-1.84889189680854
"7135",-1.85068559204656
"114991",-1.85199984890317
"100131187",-1.85899286570812
"2562",-1.86162981568777
"10768",-1.86266446172072
"224",-1.86409444680106
"27254",-1.86431545173771
"135112",-1.86636167388917
"51429",-1.86674863567581
"440335",-1.86753181797853
"9806",-1.86754085956406
"100507495",-1.86813037405739
"51095",-1.86883778396275
"55163",-1.86898097412523
"5521",-1.87042561666919
"80221",-1.87193602467624
"4862",-1.87256926936276
"317749",-1.8753484583065
"51004",-1.87979664445719
"374946",-1.88046650491577
"23086",-1.88119700080404
"85449",-1.8823553985626
"122970",-1.88397017375399
"22927",-1.88410005893434
"8031",-1.88578100749644
"26996",-1.88623803889108
"10928",-1.89022895286265
"6391",-1.89265864003528
"522",-1.89592513662929
"136647",-1.89609820910675
"165140",-1.89764862099538
"10039",-1.89829127630891
"169436",-1.90068286288188
"25874",-1.90068545269854
"84971",-1.90089660980239
"3749",-1.90315812474572
"9445",-1.90423220998481
"5076",-1.90478948830504
"2121",-1.90541755707505
"91452",-1.9079159167982
"80034",-1.90923689068908
"1576",-1.91001902595167
"11261",-1.91011151440544
"118980",-1.91022153576645
"6549",-1.91023415621954
"51540",-1.91168920532779
"441381",-1.91506040095215
"23429",-1.91706993534991
"134728",-1.91794062102054
"147949",-1.91852550115677
"117247",-1.91944686586633
"340267",-1.91948039476852
"83999",-1.92115619715561
"29907",-1.92291619868327
"83543",-1.92468821197141
"84892",-1.92693382566045
"4646",-1.9292696113225
"516",-1.92939504794296
"5638",-1.93011840852465
"63976",-1.93053686196376
"4077",-1.93207860098929
"26034",-1.93227918814361
"54812",-1.93832549152803
"7364",-1.94052252699226
"147007",-1.94316173233595
"10901",-1.94472137256964
"56924",-1.94483547013795
"106821730",-1.94483547013795
"79683",-1.94626548073601
"79864",-1.94655923941995
"152573",-1.94807497951524
"55081",-1.94863698071042
"23016",-1.94871656659268
"11092",-1.95003619824214
"4293",-1.95371401603145
"22841",-1.95552503344369
"84612",-1.9588063920625
"23373",-1.95926004203408
"6567",-1.96065592138911
"8204",-1.96349545907992
"114569",-1.96358792982246
"2585",-1.96472299618194
"5324",-1.9657497755226
"57418",-1.96973762085379
"4285",-1.97073113940111
"6575",-1.97550571592973
"55845",-1.97797503694774
"93973",-1.98318970007929
"6710",-1.98556858642013
"84522",-1.99008989766343
"360",-1.99146027189386
"100874058",-1.99430280054438
"254050",-1.99440084553015
"10910",-1.9945008190966
"51399",-1.99661759342846
"400043",-2.0011096116717
"23659",-2.00425866598666
"112812",-2.00632159576342
"4522",-2.00654933992376
"116461",-2.0106859246636
"51304",-2.01195816717043
"2139",-2.01761149656893
"290",-2.02011723825253
"781",-2.02031039252507
"4669",-2.02231203434275
"84735",-2.02402631435702
"255189",-2.02450312045791
"3321",-2.02812147145678
"541468",-2.03023991351323
"658",-2.03035910036243
"127700",-2.0308881375073
"8741",-2.03145823192316
"726",-2.03903621479876
"51409",-2.04300373038876
"89944",-2.04661669166538
"27349",-2.04810142449261
"83538",-2.04932975995035
"10284",-2.05025846671801
"29",-2.05230425191326
"114987",-2.05371115436931
"757",-2.05515574892982
"5891",-2.05559653340599
"404201",-2.05689940255913
"51117",-2.05694390040706
"54708",-2.0592926214039
"4482",-2.06578424260614
"101930114",-2.06638982366677
"148252",-2.07021467792691
"10591",-2.07044400856941
"92170",-2.07085574550558
"9720",-2.07385638901395
"79981",-2.07411673538581
"284",-2.08305726086638
"5019",-2.08361230951466
"653308",-2.08489042344095
"8106",-2.08686372468877
"148398",-2.08889866885214
"10171",-2.09134498858198
"145376",-2.09416701661802
"155382",-2.09475906919841
"57515",-2.0966203435218
"80129",-2.09829529032858
"101927973",-2.09956659069072
"57088",-2.10013703904152
"57648",-2.10358415660659
"23598",-2.106081465113
"5264",-2.10771815100088
"8514",-2.10998003115089
"6297",-2.11145476019379
"133121",-2.11149401010237
"8529",-2.11215361383098
"5663",-2.11605319364193
"8897",-2.12082731149609
"23114",-2.12142797684284
"414",-2.12286800044376
"3177",-2.12287478789977
"6582",-2.12574714934712
"51302",-2.12580519746049
"8763",-2.1281311502644
"9662",-2.12837598883519
"146556",-2.13058132540358
"26",-2.1329987989712
"957",-2.13410129119791
"83953",-2.13439662745467
"58488",-2.1351871979613
"7314",-2.13519625470864
"26084",-2.13655100479099
"57662",-2.13755283867419
"221545",-2.13807786119147
"127707",-2.13926990237237
"9530",-2.13932174123147
"91807",-2.14247098539194
"3954",-2.14437351736429
"51201",-2.14462790466558
"4723",-2.14632278505497
"80224",-2.14891295840779
"53841",-2.15106840562164
"5178",-2.15168888868197
"22925",-2.15351942580045
"549",-2.15482013138367
"55316",-2.15520042240829
"10869",-2.15809745361884
"26995",-2.16096175665645
"9524",-2.16115948412041
"9942",-2.16459474087234
"1352",-2.16674142988721
"124935",-2.16739953095771
"2788",-2.16791472327944
"153",-2.16999773988917
"2649",-2.17009011188783
"114796",-2.17259989228804
"6744",-2.17688045303982
"4121",-2.18307160385415
"130589",-2.18325249177674
"9075",-2.18396809328153
"51626",-2.18852555025524
"201161",-2.19024636785164
"23464",-2.1914918193522
"6299",-2.19172685723288
"80145",-2.1939578333544
"91703",-2.19513764866462
"10979",-2.19954364232806
"254295",-2.20233443831604
"54899",-2.20309598789895
"8501",-2.20504235212787
"3422",-2.20795110309311
"55753",-2.20965769172542
"145282",-2.21153444525672
"55614",-2.21186658862432
"4495",-2.21248438020252
"27233",-2.21523342756195
"55195",-2.21568588100622
"125170",-2.21575610690071
"515",-2.2172424679189
"79634",-2.22442976361147
"10102",-2.22621136578034
"6555",-2.22834171660834
"84417",-2.23100756731282
"57669",-2.23515694133421
"7139",-2.2419643719097
"518",-2.24358563599988
"1184",-2.246124829813
"51574",-2.24789257066841
"5327",-2.24807639413963
"101930085",-2.25309546396519
"222389",-2.25341451291846
"11056",-2.25812050156781
"403",-2.26132467207012
"115817",-2.26231586015296
"8622",-2.26252818501172
"54836",-2.2638760704904
"2939",-2.26615800431372
"5775",-2.26926786515578
"167410",-2.27639528018271
"51606",-2.27788450024935
"9615",-2.27826462144703
"317762",-2.27991754233116
"4036",-2.28117497252928
"63933",-2.28445423300228
"55890",-2.28976280745766
"284835",-2.29669513795231
"80823",-2.29989197190305
"254428",-2.3019402595137
"11094",-2.30492604829089
"122416",-2.30737635165908
"4628",-2.31144231341276
"81706",-2.3122670842824
"200879",-2.31588563041282
"770",-2.31707104915412
"26009",-2.31979483760211
"84444",-2.32280617936142
"4512",-2.32322298463852
"90141",-2.32761815338103
"155066",-2.33210571708532
"223082",-2.33449762994182
"116228",-2.33622393171646
"6505",-2.34358058614327
"57476",-2.34430187306216
"283481",-2.34604596212702
"4255",-2.35256693488226
"120071",-2.35281676220586
"4043",-2.35784193946228
"8661",-2.36067037468347
"55248",-2.36157678777018
"105377267",-2.36388500245642
"1384",-2.36514909910198
"5587",-2.36523405688914
"7113",-2.36725999303973
"124905021",-2.36725999303973
"6732",-2.36798679872593
"54600",-2.36939300403865
"1582",-2.36960893198412
"116154",-2.37786409770429
"55203",-2.37850112622353
"51292",-2.37886802189192
"8502",-2.37915281907662
"57460",-2.38958694227081
"143884",-2.3905139584828
"23205",-2.39552698336494
"526",-2.39611962020909
"57179",-2.39944853738012
"163702",-2.4026161685311
"53354",-2.40302753448041
"286256",-2.40539047363508
"27151",-2.40723650846266
"3801",-2.40953495805137
"83657",-2.42043372659496
"23395",-2.42052327315091
"22837",-2.42242707414044
"51250",-2.42248653469378
"2057",-2.42288918494165
"11320",-2.42336478278344
"1124",-2.42835990194758
"399821",-2.42962754214616
"252884",-2.43000171600253
"79624",-2.43031502767152
"2235",-2.43699911270475
"100507650",-2.44197383419147
"26007",-2.44360506632855
"3753",-2.44585761895771
"80311",-2.4479894934402
"55788",-2.45119279434221
"4303",-2.45239955273072
"79582",-2.45243843582989
"9513",-2.45344880547442
"51734",-2.4583008255064
"7025",-2.45928219844569
"3417",-2.46042135859358
"5976",-2.46297427092141
"1738",-2.46474022308645
"79813",-2.46673369174351
"3426",-2.46884032580987
"4338",-2.47042319520494
"2110",-2.47272671945583
"4722",-2.4736623087621
"25928",-2.47434753740271
"56731",-2.48079419963945
"5950",-2.48131444130706
"56934",-2.48133830086487
"8228",-2.49031788200283
"2555",-2.49250066575342
"57805",-2.50238105486557
"7290",-2.50460070793735
"9836",-2.5129532274559
"7089",-2.5141105530303
"5146",-2.51412659172682
"185",-2.51671110024252
"55630",-2.51761602879035
"91584",-2.5236782658911
"1955",-2.53065234155141
"255082",-2.53075821477968
"9",-2.53355674204428
"55295",-2.53439026523843
"3748",-2.53578463512454
"60526",-2.53602221616047
"8604",-2.53617027274446
"152926",-2.53991257664555
"94103",-2.54096043538475
"79714",-2.541502084885
"873",-2.54207597745722
"79184",-2.54274831180261
"151556",-2.55060513146519
"9852",-2.55229387497431
"4147",-2.55442109145153
"54806",-2.55451733726004
"211",-2.55742986734198
"164832",-2.56098286444396
"11244",-2.56113241684542
"2066",-2.56146031745696
"130271",-2.56348165405643
"23370",-2.56554629542764
"7164",-2.56951356677788
"5245",-2.57144300901278
"91875",-2.5736821520086
"266812",-2.57459346887248
"2271",-2.57627293222153
"23366",-2.58236306573974
"55084",-2.58415974004421
"285368",-2.58487184024979
"7134",-2.59265991818005
"84078",-2.59374762439565
"51069",-2.59941081935558
"11228",-2.5995405598066
"114804",-2.60044788525492
"392636",-2.6040694211547
"388135",-2.61444036398045
"2108",-2.61528224670275
"730051",-2.61592193746897
"1329",-2.61719896319627
"2745",-2.61801224977219
"4745",-2.61965126163412
"5217",-2.62962908041112
"146802",-2.63436120919681
"161",-2.63682915448611
"145407",-2.6440735936329
"5095",-2.64448772803059
"3213",-2.64506304851177
"27124",-2.64578093480027
"100289098",-2.64723607783712
"84693",-2.64846987002371
"25994",-2.65309817435968
"102724023",-2.65939442560633
"2898",-2.66129851003352
"55329",-2.66151545419775
"3485",-2.66229195615209
"102724362",-2.66317929401647
"5764",-2.66375457472891
"63917",-2.66889228348973
"2873",-2.6708896347206
"9194",-2.67472845997795
"54893",-2.67574718216506
"100303728",-2.68608405481013
"10114",-2.68904693022529
"117246",-2.68943050580708
"84869",-2.68960047801775
"56922",-2.69502634184347
"130940",-2.69712813536136
"192683",-2.70120428739971
"8424",-2.70381416028156
"81602",-2.70686533651682
"79754",-2.70798451941692
"2888",-2.70960184898285
"54681",-2.71011774456273
"9703",-2.71037076646455
"22977",-2.71516980231415
"128387",-2.7189228759481
"54414",-2.72119323579118
"23788",-2.72384722684428
"1607",-2.72968738232115
"134285",-2.73292785830084
"10810",-2.73675075861361
"7008",-2.73723899144031
"55349",-2.73947407360103
"7385",-2.74039301929016
"3215",-2.7472827135661
"28512",-2.74731768917912
"285362",-2.75246477166189
"100130207",-2.75246477166189
"54532",-2.75374519570465
"7029",-2.75669755308366
"101929023",-2.75964729014859
"8029",-2.76979394127321
"109729181",-2.77214873434376
"292",-2.77701685735037
"27284",-2.78661658771325
"3707",-2.78712958452239
"113675",-2.7881843637995
"84830",-2.78873626492792
"4212",-2.79302042007648
"6388",-2.79303709366406
"79135",-2.79578999940136
"8537",-2.7989898736693
"3273",-2.79907876455932
"6652",-2.80082257110387
"4534",-2.80968235801535
"10749",-2.81203664681177
"404266",-2.81250474019552
"10529",-2.81305136788997
"10602",-2.81871116115503
"8934",-2.82005305324481
"29968",-2.8236658352284
"53358",-2.82732834732346
"2230",-2.82810720785409
"84289",-2.83106951657191
"1490",-2.83413261042775
"65260",-2.83449220969948
"11033",-2.83527509542143
"92949",-2.835713956155
"340348",-2.83604863313
"126823",-2.83755949601077
"100130894",-2.83817350548224
"51086",-2.8382732439017
"2690",-2.83942217909151
"80036",-2.83952749796985
"6787",-2.84075757713102
"440279",-2.84295657960175
"9027",-2.8458934910663
"149461",-2.84637983043137
"4621",-2.8484182820306
"55664",-2.84936161332978
"79801",-2.86033293081722
"159963",-2.86672104034728
"28970",-2.86934900953282
"892",-2.87047672021032
"54897",-2.87151502294327
"9353",-2.87277003939115
"4118",-2.87372816948529
"2584",-2.8769536233273
"79819",-2.88121139879741
"4190",-2.8834067604587
"259217",-2.89603500743636
"64432",-2.89823093584677
"9854",-2.90323762349943
"163059",-2.9053249147071
"7067",-2.90693730490723
"728591",-2.90724946627889
"10327",-2.9099116324525
"80020",-2.91319502932653
"563",-2.9140944904014
"2710",-2.91504855668615
"23710",-2.91509247057543
"284439",-2.91555458961405
"113278",-2.91601563878235
"9829",-2.91705671725253
"10994",-2.92246009513967
"10938",-2.92617649137352
"4485",-2.92985011106218
"154661",-2.93782830216798
"220441",-2.93830001592166
"6482",-2.9386766357848
"152519",-2.94489812178851
"2678",-2.94878909628615
"196446",-2.95441862116248
"84915",-2.95533598715035
"8309",-2.95604921814344
"1114",-2.95807457558251
"105371267",-2.9592109762995
"157506",-2.96155749789039
"51705",-2.97521825229914
"56242",-2.97862208377808
"1512",-2.97914219241671
"1368",-2.97941429852376
"4128",-2.98172353096387
"201456",-2.9885911372459
"27068",-2.9908372811183
"2043",-3.00098032454169
"6342",-3.00186916452233
"3373",-3.00451612972987
"2272",-3.00741107797132
"157638",-3.00767026312182
"79885",-3.00838215128562
"266977",-3.00924882630339
"51097",-3.01348014412504
"341640",-3.01578512268236
"7782",-3.01835684644901
"2886",-3.02027066791617
"9725",-3.02060513161222
"90874",-3.03452671978764
"79366",-3.03599601329067
"5037",-3.04190178225129
"79041",-3.0460007784469
"221322",-3.04705228648652
"9710",-3.04824243725213
"22937",-3.05206384015917
"100126793",-3.05240929972359
"115704",-3.05473805948167
"3766",-3.05649428005488
"4900",-3.06301511433622
"762",-3.06413675077136
"54951",-3.06629353363007
"267",-3.07436792528854
"79848",-3.07611954440312
"63951",-3.0810106914551
"105375304",-3.08689683963355
"10500",-3.08886307927405
"79818",-3.08941728250694
"1595",-3.09613256143804
"10766",-3.0991777770407
"828",-3.09985326184786
"376267",-3.10586130497862
"740",-3.11003916534512
"55333",-3.11216983777497
"342371",-3.11217148602286
"285755",-3.11325338930858
"5010",-3.11356325758712
"4311",-3.11568950719092
"10699",-3.11616498920068
"2104",-3.12218943269529
"9456",-3.12278564664961
"50855",-3.13114352897727
"7703",-3.13700143220294
"9258",-3.13978257798314
"39",-3.15446135084432
"51115",-3.15956163137508
"100506658",-3.16487006885825
"100129794",-3.16528453835636
"6092",-3.16571729351048
"285343",-3.16882723969466
"1743",-3.17424326551416
"7384",-3.17954063650137
"116966",-3.18213576562717
"4594",-3.1866744638822
"9477",-3.18676985015752
"4058",-3.18730114389877
"654",-3.19753101107828
"56606",-3.1986936103879
"10788",-3.19904940906767
"847",-3.20068428134614
"80315",-3.20142687310261
"83716",-3.20645392294684
"196047",-3.20835429680325
"64122",-3.2192021392953
"671",-3.2203162964125
"64207",-3.22062666766361
"64087",-3.22148839114103
"102723548",-3.22260230520077
"100533970",-3.22574755076824
"59307",-3.22834609022077
"4091",-3.23451298752523
"57210",-3.23905742540981
"23460",-3.23968805113784
"25847",-3.24486255731953
"9145",-3.24854597946563
"130",-3.25160698304255
"55088",-3.26275814007555
"7849",-3.27109026765288
"8723",-3.2764876395919
"5284",-3.28882977562769
"1579",-3.2900492492361
"100505761",-3.29052221816697
"10152",-3.30771216027026
"9470",-3.32488856689905
"81618",-3.32812658598471
"79098",-3.33028798473409
"5053",-3.33321225831284
"27069",-3.33672428541829
"9630",-3.34973133440309
"8508",-3.35010878746585
"57161",-3.35094743506523
"641371",-3.35664722099709
"245973",-3.36647231502398
"6519",-3.3678566310405
"10217",-3.36795997178608
"100507433",-3.3712893058189
"2642",-3.38391816401728
"115811",-3.3855144835615
"5577",-3.39030717131918
"79823",-3.39137026733207
"8645",-3.39470338712478
"25915",-3.3956762022009
"6609",-3.42107595069494
"56848",-3.42227598537101
"283635",-3.42315810958183
"101927178",-3.42315810958183
"26061",-3.42491298279146
"4982",-3.42983987100839
"1317",-3.43130161958072
"55902",-3.43376688926015
"53373",-3.44247505419664
"79153",-3.44592254022046
"5618",-3.44708866715132
"80206",-3.45058484980468
"4634",-3.45070505202411
"10435",-3.45841773530043
"55615",-3.46131589876047
"4705",-3.46172612782145
"4835",-3.46372904593102
"4953",-3.46643667569431
"196475",-3.4721735514456
"374900",-3.47300538606736
"6844",-3.47325033372354
"55283",-3.47402907788738
"5174",-3.47498546027291
"9719",-3.47506966223357
"647309",-3.47615563415057
"9394",-3.47731728658695
"23294",-3.47771104901668
"8802",-3.48027824975833
"51368",-3.4889025305995
"1875",-3.4954091560543
"22978",-3.49649278172454
"9848",-3.50203707605321
"101928198",-3.50203707605321
"401022",-3.50612975642857
"3760",-3.50914663257998
"79875",-3.50991535823646
"84263",-3.51872281712569
"151295",-3.52581718192837
"51218",-3.52793499768735
"113220",-3.53642855812701
"48",-3.5382709690368
"788",-3.54052651305471
"3005",-3.5419395365541
"388536",-3.54386984870012
"644596",-3.54698846598918
"81033",-3.54730915937567
"60677",-3.55026882141595
"116987",-3.55994853024759
"1259",-3.56174434904843
"57630",-3.56720980738095
"678",-3.56830915812454
"8801",-3.57162390831096
"5649",-3.57274205965372
"38",-3.57488815402676
"9481",-3.58125736415434
"55170",-3.58383226991014
"200373",-3.58555506662017
"1267",-3.58818926575081
"1468",-3.59050669579227
"653",-3.59408970090013
"9365",-3.59721345128978
"22949",-3.60362444400931
"339983",-3.61193793420633
"4536",-3.61439672810477
"83874",-3.61841332857273
"4780",-3.61949881858606
"36",-3.61997817780885
"283971",-3.62302944246508
"9737",-3.62413382526952
"66004",-3.62618815557513
"92106",-3.63055339636485
"259",-3.6313587722326
"4942",-3.63174680354878
"55856",-3.63285290401657
"2185",-3.63388881980605
"117145",-3.63509336474521
"402",-3.64747298542324
"1285",-3.65013624422776
"7809",-3.65166566660268
"11112",-3.65353250360737
"9940",-3.66025902001886
"257194",-3.66344773049698
"55160",-3.66358867792851
"1028",-3.66848384005919
"55224",-3.66877910446089
"55652",-3.66992498017347
"6638",-3.67976706874585
"259173",-3.68272859327863
"51084",-3.69406329856798
"4881",-3.70159693186417
"64220",-3.70389839755775
"7388",-3.7053468292952
"100131814",-3.72559706732395
"55325",-3.73552688133281
"5164",-3.74014215518374
"50808",-3.74072740267839
"83478",-3.74273146393928
"56892",-3.74304722417979
"51458",-3.7458585651455
"10752",-3.74890864567915
"6712",-3.75512681313386
"435",-3.7563294482541
"374864",-3.76007601740038
"133022",-3.7643696950817
"63891",-3.76514809725261
"2700",-3.76986811153156
"84706",-3.77143935112658
"1593",-3.7907472254007
"9104",-3.79271673905054
"6390",-3.79360254865469
"146206",-3.8014885255322
"10446",-3.80478585806299
"6387",-3.80535503066224
"191",-3.80734259018377
"573",-3.81285509541859
"51557",-3.81575483167936
"9213",-3.81791252994819
"2348",-3.82016772928325
"249",-3.8243061173041
"3975",-3.82795883139
"51629",-3.83056185912886
"23779",-3.83566192530896
"152330",-3.83950431619866
"348158",-3.85318703423099
"133746",-3.87566354620497
"54502",-3.88374723561048
"2628",-3.89072126012805
"4539",-3.89162814191537
"130013",-3.89251955254969
"6569",-3.89259740672512
"5743",-3.9027244226691
"5017",-3.90289629738432
"27109",-3.90776172933453
"80004",-3.90791624218819
"274",-3.91019349180452
"2850",-3.91202802086609
"2528",-3.92644504310487
"2620",-3.93148609646308
"57733",-3.93663231031818
"116254",-3.93809480177553
"23363",-3.9473418402196
"115825",-3.94914014188154
"10614",-3.9553647629332
"2770",-3.97579626945786
"55432",-3.99722082642222
"9953",-3.99900499752028
"9254",-4.01158251035014
"6561",-4.01605824631861
"1497",-4.01744433526638
"100128252",-4.0323197929769
"56666",-4.04195366116101
"9479",-4.0499562905684
"134548",-4.05530399159159
"9037",-4.0638183315535
"10935",-4.06430359723277
"378708",-4.0752740160746
"340024",-4.07565597030539
"342909",-4.07732420792615
"127124",-4.08221872970018
"79846",-4.0823349103484
"7442",-4.08397619984908
"1154",-4.08576421479632
"2591",-4.10203691963156
"9131",-4.10295587626315
"5067",-4.10454576053042
"55323",-4.11586443878475
"5827",-4.11956628376203
"91750",-4.12215039524347
"93",-4.1278920637068
"2329",-4.13225893084491
"100505881",-4.14499964064124
"57224",-4.14743717615887
"4538",-4.1520445578013
"83648",-4.15249315857143
"29763",-4.15959880983221
"205",-4.16841344564421
"3993",-4.18028938629816
"3795",-4.1834147572106
"148811",-4.18441557215208
"84947",-4.18754883950331
"223",-4.19176501833293
"744",-4.19818221959612
"284612",-4.21024297809411
"123096",-4.21243169608262
"8727",-4.21784010805651
"5997",-4.22636458247295
"9649",-4.22912061564145
"84133",-4.2301971729366
"4023",-4.24189656167839
"11162",-4.24577828582534
"3983",-4.24650259660622
"55020",-4.24826068195885
"9356",-4.24996883295086
"80127",-4.26522705683383
"634",-4.29018673646296
"340554",-4.2916877142427
"55862",-4.29442801486658
"84457",-4.3061157053415
"283219",-4.30708525891828
"2639",-4.32387431686059
"51495",-4.33509537503736
"5087",-4.33537833990092
"163183",-4.33900937185971
"414328",-4.34427713067147
"4337",-4.35167100629723
"2222",-4.35193389966734
"219",-4.35606710540401
"3172",-4.36606462935867
"1594",-4.37201291946636
"6751",-4.3797970286225
"132158",-4.38464525424976
"55022",-4.38557804343428
"57111",-4.39644566249733
"3084",-4.4006936352124
"100820829",-4.40349716458651
"144110",-4.4063415788867
"8505",-4.41056037334559
"222171",-4.4283139207843
"2444",-4.43429834041604
"2299",-4.43639984916307
"144100",-4.43871593949083
"5243",-4.44559188773504
"10655",-4.45427214364822
"3236",-4.45758146499281
"94097",-4.46050084114586
"29098",-4.47689413502256
"210",-4.47911082921446
"670",-4.48247449488614
"284370",-4.51556590806215
"100170765",-4.52136474341635
"3091",-4.55245615468298
"92597",-4.57661933407624
"23242",-4.5774535375854
"523",-4.5891498396602
"89797",-4.59184088917171
"23345",-4.60057042898392
"29842",-4.64294955139643
"54810",-4.6452016830414
"4968",-4.65310178452474
"93664",-4.65756860468343
"55175",-4.67205848139386
"192668",-4.67880144140913
"1950",-4.67973161133515
"105377924",-4.68113060346322
"2643",-4.69372199393817
"222236",-4.69627524094525
"146691",-4.70492865264
"151126",-4.70601554878902
"51733",-4.71311441142023
"7869",-4.71346572245098
"284422",-4.71365282801951
"525",-4.71554917122491
"440503",-4.73261947409968
"6581",-4.7439603475052
"66002",-4.75470097951735
"4648",-4.76892190589234
"25840",-4.7696135173518
"3598",-4.77091337108962
"27324",-4.78476777219924
"283375",-4.79317698142452
"81617",-4.81565597771774
"6526",-4.81696139347689
"22800",-4.81918961392825
"116238",-4.82046446072246
"284541",-4.82097076442877
"441369",-4.8270005252426
"7259",-4.82914332661903
"79746",-4.8315295400755
"25953",-4.85999187848272
"170689",-4.86843102460863
"27034",-4.8740491255227
"57530",-4.88023052312522
"9058",-4.88341553019751
"57484",-4.88544525963309
"28",-4.88938643069474
"153572",-4.89573286277558
"7280",-4.89743898132778
"3218",-4.90070884363915
"79944",-4.90814877696199
"23406",-4.92476123752885
"64398",-4.9251532555848
"9963",-4.93139643295563
"401431",-4.95561651152274
"2803",-4.95776865181935
"9122",-4.96512841419897
"10243",-4.96681950948542
"2878",-4.97834070939026
"200845",-4.98094690553625
"81537",-4.99868677355884
"1733",-5.00140210452339
"327",-5.01096762775865
"1800",-5.01940801719497
"7832",-5.02764042489283
"55540",-5.0404468947926
"53343",-5.0437357273731
"6470",-5.05372711968704
"7957",-5.05480559863901
"6340",-5.05636273983001
"100506495",-5.06602965044542
"1429",-5.08512216343245
"5639",-5.08620252022338
"9068",-5.10920204303343
"57393",-5.115185814784
"4535",-5.11626945490793
"368",-5.12432304851286
"117583",-5.12693680079636
"124936",-5.14058849414075
"4329",-5.14238510505741
"100862680",-5.14275095891393
"9870",-5.15121519441978
"127018",-5.1565352390243
"4540",-5.16079649074625
"8100",-5.16812593918533
"78989",-5.16946317292435
"10686",-5.17483905688355
"5091",-5.1961548869061
"81932",-5.20498211802277
"27294",-5.20926606352228
"5446",-5.2394049350773
"79861",-5.24057446677519
"9380",-5.24589635665462
"23051",-5.27442011928182
"5160",-5.28465592441268
"3898",-5.30344260819893
"10841",-5.31352844536409
"3216",-5.31830094366682
"6456",-5.33757938698892
"2254",-5.33871873705098
"399512",-5.33932699084917
"6514",-5.35584365182661
"123688",-5.36875289069079
"151449",-5.38058166937328
"284071",-5.3848428530253
"5104",-5.4092332892737
"81693",-5.42742747027693
"130752",-5.43850211589922
"26073",-5.47386324796609
"27283",-5.48111236828922
"4513",-5.49145278653448
"132",-5.49788766015786
"55867",-5.49864930550247
"2018",-5.49908149040463
"5465",-5.50993862229021
"51655",-5.54092291376474
"3029",-5.55253790357708
"9121",-5.5765696477538
"10158",-5.59555566090003
"3081",-5.60460156815051
"116085",-5.60885169593311
"613212",-5.61404105256285
"2052",-5.6268045577495
"4541",-5.63245390405502
"55825",-5.64260950850201
"5334",-5.65414576257131
"64902",-5.65508571780173
"1852",-5.65575640316737
"56603",-5.65847197390967
"3728",-5.67681892537643
"105375666",-5.70747377539357
"6926",-5.71497877516424
"6392",-5.72441475592902
"57465",-5.74033865945666
"1807",-5.74306114082648
"11001",-5.76448121584404
"51",-5.77434934314199
"1591",-5.77546768380352
"5162",-5.78101408026177
"866",-5.80221365674322
"4072",-5.8122395178888
"84619",-5.8176991023183
"2160",-5.82072161132041
"118471",-5.82428897475866
"79789",-5.82454037760585
"5071",-5.83152669654469
"55799",-5.89030218867639
"5825",-5.8997080261192
"120939",-5.90293924257121
"130888",-5.90968224089104
"57670",-5.91478082865581
"1962",-5.91529462931336
"401081",-5.9211274919469
"23576",-5.92988536287617
"9801",-5.93379018769857
"501",-5.9706507819899
"3773",-5.98561015476116
"55347",-6.01717839054838
"56667",-6.01926062847066
"28999",-6.02355918236447
"203328",-6.02838849411111
"5783",-6.04106008218147
"84217",-6.07819395393219
"2823",-6.08549421576203
"347733",-6.11807537376399
"51710",-6.12384330413822
"58473",-6.13133821402332
"10117",-6.14587573547247
"203447",-6.16646894258639
"11136",-6.2167626484416
"80031",-6.2197030469087
"846",-6.2560930193258
"65010",-6.27911424872764
"50617",-6.30843682852088
"145773",-6.32679498820012
"9099",-6.34866229371104
"199731",-6.34948234844335
"27115",-6.37044594992025
"5064",-6.39648375097264
"79971",-6.39834624084592
"6752",-6.40168228798127
"84649",-6.40792533586358
"5096",-6.41700765364617
"64399",-6.43899697251555
"9376",-6.44599146714017
"90507",-6.46012919576963
"23072",-6.48907964156387
"57546",-6.52718218835194
"55600",-6.53349778861793
"3248",-6.55669435306606
"729967",-6.60597594027456
"6337",-6.6180073721758
"9754",-6.63934981860105
"64854",-6.64259467725574
"2705",-6.65041009209757
"350",-6.66814115835657
"10455",-6.67850013885902
"2766",-6.69570806604729
"7263",-6.73438300314709
"146223",-6.80759058411012
"387700",-6.8092962920201
"7068",-6.81214289843655
"79154",-6.82477033101039
"10140",-6.84408976217987
"116535",-6.87199760948668
"5730",-6.88302959370652
"59272",-6.90631225411778
"4508",-6.90781044072184
"4860",-6.96776606266792
"5800",-6.97980149432795
"91894",-6.99628595624846
"635",-7.02218662481895
"55840",-7.04628026774975
"8416",-7.05266104456629
"2326",-7.06417460065666
"11163",-7.08437279450016
"84836",-7.08679454484625
"9476",-7.09444642479938
"2875",-7.09504380602879
"4613",-7.12523815239735
"57462",-7.13152124803415
"79814",-7.13735199351493
"4514",-7.15416869949182
"7915",-7.16409327495639
"3945",-7.18855136694431
"147372",-7.2017413159924
"90293",-7.28924025309885
"594",-7.30323752220702
"5364",-7.32646572343165
"144193",-7.33677758852014
"5652",-7.33760246764406
"10351",-7.34190697584858
"5602",-7.34896092723311
"4537",-7.39687557402868
"6565",-7.39729399086383
"135138",-7.400941942312
"2261",-7.41121860415468
"129642",-7.41567625033915
"388387",-7.41946842904785
"27134",-7.44188224251202
"8854",-7.44571818978815
"8803",-7.45498764049377
"2819",-7.47056953278794
"10110",-7.50087933944515
"153328",-7.56761079054223
"84858",-7.60472124281257
"2619",-7.62623259194842
"10516",-7.63291165385081
"54662",-7.65839986234614
"2901",-7.67544277743443
"4135",-7.69001855585692
"55586",-7.69305564599673
"79632",-7.71416947155274
"4674",-7.72991641867084
"145226",-7.73454149567561
"283358",-7.74279927220431
"23413",-7.74542526914264
"1287",-7.75219506121343
"128853",-7.75512727406699
"79762",-7.77614281749239
"7421",-7.81682396629367
"1644",-7.86859291109484
"92558",-7.91179000446465
"59277",-7.91943326119125
"379",-7.92320727548943
"7172",-7.93343642940245
"57127",-7.95617600088336
"358",-7.97981732109646
"112609",-8.01080137292884
"7490",-8.03414271251728
"7301",-8.05320520017499
"28992",-8.05961855002548
"101927062",-8.07129682410024
"55604",-8.08160908427298
"55937",-8.21423673501444
"161291",-8.30522215486029
"83715",-8.32719255272417
"170690",-8.34556259367125
"1056",-8.47832732013335
"120224",-8.56046251743119
"112817",-8.64433559558779
"622",-8.72382243267294
"4519",-8.74753415966103
"18",-8.75792162213732
"245972",-8.77578481928317
"5136",-8.77681401839892
"112483",-8.81132882440532
"64077",-8.84596752354426
"3897",-8.84631139622795
"388595",-8.87380499592554
"7020",-8.89066035888744
"4059",-8.91163640955555
"125061",-8.93743531779774
"25864",-9.01473146675278
"155006",-9.11453227084141
"5578",-9.14371724427304
"79625",-9.19782565963653
"9071",-9.34224865698135
"1672",-9.34777980231835
"9762",-9.3606741871711
"11181",-9.39075819313589
"2070",-9.40678698043633
"26227",-9.42086525692069
"23743",-9.43300581439133
"2731",-9.43489485456767
"26051",-9.49716773902173
"51179",-9.53431835661534
"8836",-9.59240904774242
"338094",-9.71010040532432
"10247",-9.85354440369431
"101928820",-9.89714856529564
"79679",-9.94646597458431
"3234",-9.95954076539749
"56241",-10.0946135106787
"221061",-10.1572102787378
"1188",-10.1696669177895
"55885",-10.2196186152816
"83876",-10.2674851540135
"196051",-10.3522191594087
"57134",-10.3666471379363
"5105",-10.4089481056746
"117854",-10.4567229358373
"143098",-10.6263295562744
"51660",-10.6471168410851
"10615",-10.6580960504091
"9915",-10.6770922589796
"54894",-10.7223613472111
"27344",-10.7543800613213
"2168",-10.7798918482643
"5731",-10.8202380124285
"2296",-10.9112191575444
"217",-10.9452638988589
"64084",-11.0459282633453
"2016",-11.2087040915608
"554235",-11.2232170028254
"130733",-11.345734916964
"1428",-11.438892166332
"54097",-11.4770075802883
"121506",-11.4774923319265
"316",-11.5010537366435
"342979",-11.5021759092682
"1776",-11.5436588020865
"6559",-11.6323938233534
"2053",-11.6383969085612
"1757",-11.6433781409005
"10249",-11.6787707408515
"58510",-11.7092494018587
"388323",-11.7705641745717
"5184",-11.8450707498091
"54845",-11.8774547283479
"2246",-11.9326995146465
"6326",-12.0073105888152
"440590",-12.0518528632035
"1272",-12.2264007934549
"6493",-12.2575092092781
"2064",-12.3672937099712
"222166",-12.5053391842219
"6557",-12.5995670860674
"26275",-12.5997909423324
"125",-12.6137524624913
"6422",-12.6155782337999
"64922",-12.656491308543
"8659",-12.6776236042151
"95",-13.0318361605465
"6296",-13.1978258995481
"8671",-13.2162445987473
"53405",-13.2271575916577
"1491",-13.240454831528
"79966",-13.4293157986882
"3758",-13.4324681052578
"389434",-13.5872428339378
"730",-13.5966932285867
"1892",-13.6487161376341
"27098",-13.757247977611
"65997",-13.7580598023009
"65266",-14.0075458362598
"51181",-14.1291999296889
"57402",-14.1571624249212
"150696",-14.4169398835763
"2525",-14.5378442346298
"1298",-14.8196311216306
"8991",-15.0488073589901
"476",-15.2137421514545
"7103",-15.3041073787001
"5624",-15.307991140606
"2103",-15.3834309239439
"26287",-15.3844894555112
"1393",-15.6018803576912
"2122",-15.682932575095
"5340",-15.7028532811032
"220963",-15.8675517440347
"148808",-15.9488242716192
"2947",-16.3745005867325
"6273",-16.600500731388
"445",-16.7549289420104
"1286",-17.1383592507448
"10411",-17.2695435292406
"3772",-17.3206831940098
"83660",-17.5286242134467
"4051",-17.6224805142117
"80303",-17.6466356728549
"3291",-18.2787917735101
"154091",-18.300027959899
"229",-18.7206921028648
"2625",-18.9929305355413
"2719",-19.503566732563
"5106",-19.6763184379188
"5069",-19.8384700815751
"2203",-20.2480541164068
"1602",-20.4190096580782
"202151",-20.8509560973694
"1610",-21.0789321894389
"25845",-22.6329673958141
"92292",-22.7018920686986
"83697",-24.3259196247565
"3816",-24.7990362942718
"115111",-25.3612269455912
"643008",-25.4640017931513
"3306",-25.7618018141465
"153201",-25.9265875248618
"213",-26.6097377938
"189",-26.8400603744594
"6943",-26.9418321226056
"146325",-27.3836842004352
"143662",-29.6157717122872
"90161",-32.8646106170571
"7827",-33.335162292146
"5745",-33.7674843911876
"3242",-33.9808762471577
"7021",-34.2422021789976
"6338",-34.9806122864092
"7512",-36.6703439650555
"359",-38.2527448392846
"6521",-41.3986001453938
"64849",-44.4075268128141
"793",-54.3340970784975
"3827",-57.3764414408584
"7369",-62.3966727354685
"440556",-63.0457984330928
"124903827",-63.0457984330928
