"Gene_ID","meta_log2FC","meta_SE","meta_pvalue","ci_lower","ci_upper","tau2","I2","Q","Q_pvalue","meta_padj","Gene_Symbol"
57185,0.764714867129512,0.263029605394933,0.0036452396879788,0.249186313687661,1.28024342057136,0,0,0.997933831978534,0.317810977062867,0.0272292336360211,"NIPAL3"
81691,1.10405181917986,0.404873189585946,0.00639309189119069,0.310514949285549,1.89758868907417,0,0,0.264564884875784,0.607001219961761,0.0421919030684895,"REXO5"
54972,2.35389364770801,0.866170471507901,0.00657598565664715,0.656230719080449,4.05155657633558,1.07096051290217,69.436834783948,3.27191242441995,0.0704754224785627,0.0431120500102479,"TMEM132A"
5898,0.717999463005785,0.173384084101157,3.45656106754744e-05,0.378172902675054,1.05782602333652,0,0,0.0576354467267911,0.810273016998849,0.000623058995638264,"RALA"
27072,0.658314968257831,0.220236317297306,0.00279773129831815,0.226659718267375,1.08997021824829,0,0,0.142797345539739,0.705515758277657,0.0222285274574093,"VPS41"
80342,1.13475914122101,0.413542066081311,0.00606956667303315,0.324231585609354,1.94528669683266,0,0,0.292628766073567,0.588540859059169,0.0406335488840645,"TRAF3IP3"
9031,0.610088511275016,0.20767171206348,0.00330598677791664,0.203059435022824,1.01711758752721,0,0,0.620934465038835,0.430700244791332,0.0253553013234642,"BAZ1B"
25900,1.14292551254122,0.321006931202661,0.000370235684421732,0.513763488596274,1.77208753648616,0,0,0.235016198600841,0.62782908184468,0.00435004935502874,"IFFO1"
3423,0.832917698700649,0.226495179605467,0.00023560576758643,0.388995304002003,1.27684009339929,0,0,0.0402569875495399,0.840978952278917,0.00305449285035368,"IDS"
7305,2.87522757728712,0.832287629679316,0.000551093265212938,1.24397379833745,4.50648135623678,1.02378141075126,72.451435607341,3.6299532191466,0.0567484115856066,0.00612058525112524,"TYROBP"
51360,0.8592853096812,0.202385166551529,2.17822684693414e-05,0.462617672235063,1.25595294712734,0,0,0.420401896264933,0.516736573954488,0.000418959095252681,"MBTPS2"
240,3.02372754192297,0.416293810652333,3.77351605013546e-13,2.20780666605746,3.83964841778848,0,0,0.942382680937496,0.3316658294855,4.8455539908549e-11,"ALOX5"
1774,0.692033181345124,0.224116440588159,0.00201624644422862,0.252773029449022,1.13129333324123,0,0,0.00251083265757476,0.960036157736939,0.0170546115480141,"DNASE1L1"
923,1.46726978675053,0.411751703938989,0.000365967796433381,0.660251276457111,2.27428829704395,0,0,0.185783798653325,0.6664491400688,0.00431323758681056,"CD6"
10460,1.02418572940194,0.209005834831403,9.57033903174815e-07,0.614541820573663,1.43382963823022,0,0,0.588873575187074,0.442855031052646,2.9193864516982e-05,"TACC3"
10138,0.748749941315082,0.241313462584192,0.00191692353435094,0.275784245665413,1.22171563696475,0,0,0.192022873454287,0.661238303492266,0.0164205082678867,"YAF2"
23386,0.600957179661588,0.225784473962497,0.00777607991210504,0.158427742426773,1.0434866168964,0,0,0.324377202711764,0.568988904822602,0.0484048409302457,"NUDCD3"
57586,1.74920933578444,0.4734574872461,0.000220282083235798,0.821249712571253,2.67716895899763,0,0,0.775651308211787,0.378474432783048,0.00289479856556361,"SYT13"
864,1.6370231552105,0.409623851445439,6.43114425391565e-05,0.834175159168859,2.43987115125215,0,0,0.00602086537048893,0.938150828025175,0.00104220093720607,"RUNX3"
1992,0.9875836164759,0.179740037817691,3.91794487506411e-08,0.635299615773358,1.33986761717844,0,0,0.0231992070961749,0.878940183031353,1.78465036319221e-06,"SERPINB1"
9369,1.27112657901163,0.298449481020751,2.05250424679109e-05,0.686176345006286,1.85607681301697,0,0,0.103426215564906,0.747756149571315,0.000399334989314347,"NRXN3"
330,2.6882400949772,0.567509833034997,2.17006960729656e-06,1.57594126135627,3.80053892859814,0,0,0.000544315854810719,0.981386580887583,5.91532031517893e-05,"BIRC3"
50619,1.29404500479254,0.373765668041441,0.000535813427443433,0.561477756773763,2.02661225281132,0,0,0.766418345272166,0.381327351560475,0.0059656254683896,"DEF6"
1890,2.1390185659507,0.583737132388924,0.000247965178471547,0.994914810029723,3.28312232187168,0.39083516947249,53.0386399232496,2.12941021802961,0.144496344089973,0.00317503751313568,"TYMP"
355,1.29213273656873,0.268906446353649,1.54644363611585e-06,0.765085786504924,1.81917968663253,0,0,0.04912337639768,0.824595745184508,4.38039906423318e-05,"FAS"
57823,1.78988814755987,0.638905962423511,0.0050867345198272,0.537655471701884,3.04212082341785,0.325106489192899,30.8174047125688,1.44545025500319,0.229259402948769,0.0353892887155986,"SLAMF7"
11119,1.48803906544162,0.440805914464045,0.000736217578119261,0.624075348919852,2.3520027819634,0.093150151573695,16.5650692814562,1.19853877912761,0.273613924958315,0.00770617928708742,"BTN3A1"
5583,0.87948384331252,0.272786648222949,0.00126381540576184,0.344831837332142,1.4141358492929,0,0,0.787708306771758,0.374793983953395,0.0118110706568931,"PRKCH"
56938,1.66353405386527,0.497731880222291,0.000831083866426801,0.687997494672173,2.63907061305836,0,0,0.0969432213893621,0.755529190613004,0.00845698397813778,"BMAL2"
9846,0.861321314727059,0.264827592714823,0.0011444085744314,0.342268770893563,1.38037385856056,0,0,0.285722488681123,0.592974790774496,0.0109355498292407,"GAB2"
9168,2.28876085885974,0.854559976024101,0.0073998751016791,0.61385408322309,3.96366763449639,1.17961419175836,79.2397053432094,4.8168873155801,0.0281821940047897,0.0467663556212761,"TMSB10"
54455,0.502718679718782,0.183555654275572,0.00616674962680371,0.142956208179975,0.862481151257589,0,0,0.00973595903657624,0.921399524108168,0.0410801804437719,"FBXO42"
7204,0.638172396353691,0.236645772491191,0.00700216737401037,0.174355205177297,1.10198958753008,0,0,0.860524581474662,0.353591932831103,0.045129169552477,"TRIO"
4481,2.08441164353413,0.333102723793033,3.91036970251029e-10,1.43154230174759,2.73728098532067,0,0,0.233738077106187,0.628765846953448,2.88767600649874e-08,"MSR1"
3937,1.53264176791728,0.296665648556324,2.38868025740464e-07,0.951187781296664,2.11409575453789,0,0,0.542363264143629,0.461454960100801,8.7996109045319e-06,"LCP2"
1356,6.00006894265217,1.08169625845086,2.90766691635536e-08,3.87998323387675,8.12015465142758,1.36949700545737,58.489143992392,2.40900838040228,0.120638762698808,1.37173947263148e-06,"CP"
10659,1.1955296531326,0.314258818664989,0.00014221520514102,0.579593686725117,1.81146561954008,0,0,3.43271486863957e-05,0.995325270967162,0.0020226662562409,"CELF2"
5954,1.92378447746302,0.280154524190479,6.56261827795243e-12,1.37469169994373,2.47287725498231,0,0,0.94583034885495,0.330782921957333,6.50616045894357e-10,"RCN1"
5982,1.26899224996407,0.412912588539969,0.00211726176771384,0.459698447662525,2.07828605226562,0,0,0.0575969189648284,0.810335232759887,0.0176871378030271,"RFC2"
3074,0.744017749035858,0.249593232595777,0.0028738276623063,0.254824002363207,1.23321149570851,0.0337249575526635,10.7793106816272,1.12081626766145,0.28974275829176,0.0227279395862655,"HEXB"
9603,1.66372887250534,0.434596691524658,0.000129076826742297,0.811935009316743,2.51552273569393,0.0569788358639002,7.95713170448706,1.086450279656,0.297259052533856,0.00185735630199188,"NFE2L3"
5601,0.691153908697239,0.158470079966023,1.29223532337297e-05,0.380558259336652,1.00174955805783,0,0,0.365727216226264,0.545342563474893,0.000268462386210135,"MAPK9"
91522,4.56038740424975,0.465632553363099,1.19518986734224e-22,3.64776436962865,5.47301043887085,0,0,0.390597913560276,0.531985280379931,4.88325605496223e-20,"COL23A1"
84957,1.74373606809555,0.636774744346108,0.00617412601955987,0.495680502912482,2.99179163327862,0.337734841431606,37.7399037252286,1.60616520023791,0.205031695612839,0.0410887172367846,"RELT"
6646,0.889415304180141,0.217869118713963,4.45849585200807e-05,0.462399678157291,1.31643093020299,0,0,0.132109301731137,0.71625498971406,0.000765782160160826,"SOAT1"
639,1.67250793681915,0.320454163965456,1.79717116932142e-07,1.04442931675096,2.30058655688734,0,0,0.150604040471539,0.697958782691504,6.82570672562275e-06,"PRDM1"
493,0.840143762761966,0.223992489987876,0.000176294079450014,0.40112654957828,1.27916097594565,0,0,0.161366079953829,0.687901902055079,0.00239614221091183,"ATP2B4"
6916,1.55349338557759,0.271871857874291,1.10309027886893e-08,1.02063433573399,2.08635243542119,0,0,0.0893315849500916,0.765028632799639,6.06283049725614e-07,"TBXAS1"
8531,1.34095788903274,0.272375733162747,8.5144066251022e-07,0.807111261771066,1.87480451629442,0,0,0.00118343739003572,0.97255728651408,2.63302166344617e-05,"YBX3"
10076,1.59877018021342,0.329942856263096,1.26231391892013e-06,0.952094064981472,2.24544629544536,0,0,0.896161808964519,0.343812960274746,3.68393475515154e-05,"PTPRU"
586,1.43177243481336,0.463332141213468,0.00200045811577419,0.523658125155136,2.33988674447158,0,0,0.511272035521163,0.474588719532205,0.0169849979691331,"BCAT1"
11178,1.86224055529911,0.628432549719525,0.00304349736638798,0.630535391136167,3.09394571946206,0.484423919509148,52.5244374181656,2.10634681427163,0.146689137701218,0.0237199277404677,"LZTS1"
6676,4.22557912807688,0.832478983116908,3.85668394429415e-07,2.59395030328121,5.85720795287254,1.09116048436138,76.8312061689781,4.3161504534649,0.0377522354861388,1.3299148240644e-05,"SPAG4"
2983,0.955987751929182,0.33236083698551,0.00402296993629248,0.304572481565995,1.60740302229237,0,0,0.148600636103756,0.699876243301509,0.029240810593548,"GUCY1B1"
6433,0.60247088276834,0.194401801405926,0.00194108614679029,0.221450353483017,0.983491412053664,0,0,0.859464767813133,0.353888515838722,0.0165887166832779,"SFSWAP"
50937,0.952862710344886,0.341534904315323,0.00527174195074261,0.283466598423519,1.62225882226625,0,0,0.0140674776509553,0.905587196251009,0.0363524079839269,"CDON"
10954,2.59780657438919,0.732341507306132,0.000389258537967646,1.16244359568539,4.03316955309298,0.741343811010357,64.1433530094185,2.78888318883433,0.0949203594513873,0.00451278836407375,"PDIA5"
5141,0.892106928903135,0.336299493352171,0.00798471045464564,0.232972033913812,1.55124182389246,0,0,0.533919478564003,0.464963674509038,0.0494751153768324,"PDE4A"
8832,1.96240059235587,0.460208725212864,2.00661573321344e-05,1.06040806556757,2.86439311914417,0,0,0.000568791223232849,0.980972780172599,0.000392104346824882,"CD84"
6688,1.8151436031308,0.359496736013848,4.43840551028207e-07,1.11054294798395,2.51974425827765,0,0,0.972510530219866,0.324054857049889,1.4923446756891e-05,"SPI1"
5214,3.01899818843728,0.513875005496847,4.22930128095224e-09,2.01182168510814,4.02617469176642,0.278075882401978,45.5131688186586,1.83530584972327,0.175502128381927,2.58025652357824e-07,"PFKP"
6672,0.534004814424364,0.184060669712071,0.00371684977996898,0.173252530818382,0.894757098030345,0,0,0.704984263412937,0.401113960566646,0.0276019116098349,"SP100"
5255,1.21267333025003,0.33785953833573,0.000331589348210066,0.550480803278669,1.87486585722139,0,0,0.87735345597484,0.348927572443176,0.00400611037806122,"PHKA1"
9399,0.666219267742573,0.247856769924227,0.00718985340675203,0.180428925366658,1.15200961011849,0,0,0.0366417815876529,0.848196214019138,0.0459528552033513,"STOML1"
5315,1.42611553548164,0.279445576066384,3.33649121525743e-07,0.878412270752476,1.9738188002108,0,0,0.137515776336346,0.710763263937242,1.17764165066272e-05,"PKM"
865,0.824423015087678,0.208661985715355,7.78260889142495e-05,0.415453038142971,1.23339299203239,0,0,0.00219106748013795,0.962665583644323,0.00121873305090688,"CBFB"
11186,0.782527873942214,0.255139599170496,0.00216177118828505,0.282463448538057,1.28259229934637,0,0,0.466105277479627,0.494784400786953,0.0180143145436634,"RASSF1"
3796,1.2298319643837,0.382856141674148,0.0013169693386963,0.479447715442404,1.98021621332499,0,0,0.406593854082266,0.523703413002913,0.0122291305741337,"KIF2A"
5873,1.07403270913853,0.256680889583624,2.86032111597021e-05,0.57094741003493,1.57711800824214,0,0,0.274371552239147,0.600414258904009,0.000533412304379341,"RAB27A"
440,1.34760470014934,0.341805277530227,8.0599864682617e-05,0.677678666464375,2.0175307338343,0,0,0.238219276633895,0.625495215545221,0.00125199075520245,"ASNS"
1459,0.69378480043462,0.201130791816616,0.00056178984293137,0.299575692292029,1.08799390857721,0,0,6.06632708717892e-05,0.993785608897294,0.00620361380200136,"CSNK2A2"
56852,0.709347167219164,0.257615571058251,0.00589598877353659,0.204429926088274,1.21426440835006,0,0,0.391878079742817,0.53131385177098,0.0397478083167969,"RAD18"
9448,0.679638685495093,0.229206934880795,0.0030251073915221,0.230401348121918,1.12887602286827,0,0,0.458780384480636,0.498194514317892,0.0236175581701751,"MAP4K4"
22846,2.66595801134408,0.598284087503448,8.35003525066308e-06,1.49334274731391,3.83857327537425,0.399322939174726,50.7040884839376,2.028565796322,0.15436621908469,0.000185781394859225,"VASH1"
9319,1.02662019214742,0.373539724350253,0.00598949135962741,0.2944957856259,1.75874459866893,0,0,0.0328491653177857,0.856176540618691,0.0402529484106413,"TRIP13"
87,1.73431190213086,0.553619970595109,0.00173220638980556,0.649236698642323,2.8193871056194,0.329216875715802,45.9831906458721,1.85127557876311,0.173635109857318,0.0151855258476908,"ACTN1"
55743,0.722375770034586,0.271930093705373,0.00789620691461303,0.189402580059452,1.25534896000972,0,0,0.11109932338403,0.738896026228308,0.0490168314133184,"CHFR"
6793,0.8644105521433,0.250974004045255,0.000572702162508211,0.372510543158791,1.35631056112781,0,0,0.911634650712109,0.33968106951176,0.00630346388334548,"STK10"
949,2.5929838927679,0.926003690336894,0.00510729427104364,0.778050010156411,4.4079177753794,1.39065870638204,79.4017567498434,4.8547829436493,0.0275695824371727,0.0354226587739102,"SCARB1"
4171,1.16935490164565,0.353014195818752,0.000924704542204961,0.477459791809526,1.86125001148177,0,0,0.659531034381396,0.416725554594478,0.0091809950976064,"MCM2"
4854,1.6712341801361,0.482707335753077,0.000535758881524758,0.725145186986789,2.61732317328542,0.184931893835093,32.3588144616993,1.47838922698031,0.224026712829031,0.0059656254683896,"NOTCH3"
489,1.27944684418859,0.454012355671947,0.00483105430337548,0.389598978535382,2.16929470984179,0.0727276149684265,13.2200416636612,1.15233980192089,0.283059882306096,0.0339312356557395,"ATP2A3"
55205,0.819509641523432,0.205590493152369,6.71608130187041e-05,0.41655967938096,1.2224596036659,0,0,0.0306696037656409,0.860979534404551,0.00107929587834468,"ZNF532"
8578,0.925962247684351,0.320791240311429,0.00389559182008262,0.297222970118016,1.55470152525069,0,0,0.0717529395245224,0.788801394387769,0.028558104408503,"SCARF1"
2023,1.02203796952263,0.261746711531771,9.43489237000565e-05,0.509023841848562,1.53505209719669,0,0,0.00516786353931676,0.942691156218341,0.00142612840610747,"ENO1"
56005,1.64662739697001,0.348279557673406,2.2686515656131e-06,0.964012007378591,2.32924278656142,0,0,0.530048793321705,0.46658634648338,6.11764581183227e-05,"MYDGF"
23151,1.76684978361418,0.423875380882191,3.06848001330776e-05,0.936069303151887,2.59763026407647,0,0,0.000544593694887708,0.981381831847581,0.000565195574035909,"GRAMD4"
64778,0.816577494624496,0.205815238095604,7.26223157082175e-05,0.413187040487576,1.21996794876142,0,0,0.777156897958886,0.378012074244466,0.00114925666982852,"FNDC3B"
60,1.00623853661091,0.270984127189013,0.000204594506074466,0.475119406938427,1.5373576662834,0,0,0.473471847020851,0.491394277619535,0.00272583767332215,"ACTB"
55973,0.617089773737685,0.175048930965896,0.000423096722772706,0.27400017351229,0.96017937396308,0,0,0.388162615927066,0.533266793302259,0.00485086149076904,"BCAP29"
4175,0.978615438924705,0.259424965797758,0.000161783005642342,0.470151849270565,1.48707902857885,0,0,0.0502325468507245,0.822659117940182,0.00223660603004943,"MCM6"
5362,0.954594064022074,0.322780987705118,0.00310240465658345,0.321954953225778,1.58723317481837,0.0772053471203725,19.2199749723957,1.23792979719711,0.265870405706131,0.0240677341684204,"PLXNA2"
55824,1.18191110140291,0.269424394933037,1.15030145105801e-05,0.653848990777657,1.70997321202816,0,0,0.20828853683257,0.648112151015142,0.000243860290324139,"PAG1"
4162,2.1153486753566,0.329828726700572,1.42238367832035e-10,1.46889624995678,2.76180110075643,0,0,0.992808500756251,0.319056919819034,1.11499994969728e-08,"MCAM"
3566,0.651417042697888,0.232600272758401,0.00510099304289355,0.195528885297229,1.10730520009855,0,0,0.393912044129006,0.530250199861782,0.0354226587739102,"IL4R"
6626,0.890188517654332,0.310681677473955,0.00416646928074137,0.281263619148892,1.49911341615977,0.0246075039155189,7.07488700049734,1.07613536074511,0.299563713670875,0.0300891833488141,"SNRPA"
54518,0.911612601886746,0.321459990338821,0.00457037777470996,0.281562598352064,1.54166260542143,0,0,0.0488423271089782,0.825090095133858,0.032415783028098,"APBB1IP"
4133,1.70751122367235,0.430193570723278,7.21235493551861e-05,0.864347318674042,2.55067512867066,0,0,0.564903373042517,0.452291317970457,0.00114270483661102,"MAP2"
27074,1.42958555154255,0.521162581349213,0.00608676696622298,0.408125662008169,2.45104544107693,0,0,0.771240954333064,0.379833426758075,0.0406880907315738,"LAMP3"
57103,1.02653063382146,0.273807797965485,0.000177475952363735,0.489877211122894,1.56318405652003,0,0,0.000822623356239192,0.977118681873557,0.00240977670263872,"TIGAR"
7289,0.750301124459153,0.2609889326309,0.0040423374976701,0.238772216139039,1.26183003277927,0,0,0.148432691124916,0.70003765668201,0.0293657524143782,"TULP3"
6507,1.39290825400333,0.394255925722471,0.000410864318089537,0.620180838895787,2.16563566911087,0,0,0.0105776914661936,0.918083684505523,0.00473477230837711,"SLC1A3"
56925,0.892255046692982,0.32182305003936,0.0055627179273787,0.261493459221005,1.52301663416496,0.0335948645749229,8.01039243549724,1.0870793195838,0.29711924437101,0.0378990024329697,"LXN"
50509,2.62208300879065,0.772922838680173,0.000692768135012995,1.10718208214904,4.13698393543225,0.680267704428476,51.7515876978352,2.07260706059572,0.149964977451443,0.00731448141298373,"COL5A3"
1371,1.0329588287631,0.26260596343011,8.37201324129404e-05,0.518260598314641,1.54765705921156,0,0,0.347927368823136,0.555288747682223,0.00129005548036992,"CPOX"
6932,1.4093219455242,0.431141320724319,0.00107998243735419,0.564300484657508,2.2543434063909,0,0,0.0128487180425261,0.909751345457325,0.0104382818658398,"TCF7"
4208,1.10755879339962,0.173811221197101,1.8634315168094e-10,0.766895059744374,1.44822252705486,0,0,0.081415246309229,0.775388596017463,1.45229174226249e-08,"MEF2C"
5788,1.42334159197652,0.343004235496399,3.33009190966988e-05,0.751065643858882,2.09561754009416,0,0,0.00738083423421631,0.931536545701566,0.000604301873729192,"PTPRC"
79876,1.0358458405099,0.180398142215344,9.35657171213593e-09,0.682271978889894,1.38941970212991,0,0,0.747223290056519,0.387356780025457,5.23463304542443e-07,"UBA5"
2533,1.48515881754502,0.346231628046921,1.79079890816431e-05,0.806557296264386,2.16376033882565,0,0,0.827903896125195,0.362879340381384,0.000356652018888913,"FYB1"
7188,0.767386656243681,0.212666056277929,0.000308077497008109,0.350568845204772,1.18420446728259,0,0,0.0219513187694524,0.882216676715555,0.00377618990196395,"TRAF5"
54437,4.64956166741654,1.66417768419725,0.00520750667963328,1.38783334251467,7.91128999231841,5.05575364732847,91.1074420907178,11.2453583119901,0.000798223822539542,0.0360250449263702,"SEMA5B"
22996,1.46380662898811,0.471765163467913,0.00191680362158516,0.539163899430347,2.38844935854587,0,0,0.706007785365752,0.400772324688091,0.0164205082678867,"TTC39A"
51194,0.624809632864511,0.233933470954363,0.00756513344631665,0.166308455015514,1.08331081071351,0,0,0.0147651979850815,0.903285406737568,0.0474421833752034,"IPO11"
101180901,0.624809632864511,0.233933470954363,0.00756513344631665,0.166308455015514,1.08331081071351,0,0,0.0147651979850815,0.903285406737568,0.0474421833752034,"IPO11-LRRC70"
10959,0.791375721776911,0.234831055687485,0.000751739175240623,0.331115310177922,1.2516361333759,0,0,0.647756263077893,0.420916018068657,0.00784496849827346,"TMED2"
7462,1.45755143040936,0.354625921685208,3.95471245286965e-05,0.762497395922027,2.15260546489669,0.0439889205113177,8.53349154099818,1.09329635168946,0.295741996320162,0.000696101671044928,"LAT2"
581,1.49000271997113,0.374664564704073,6.9820125258974e-05,0.755673666867768,2.22433177307449,0,0,0.20962428012971,0.647062048849418,0.0011153847735388,"BAX"
6452,1.02405944832101,0.306768887682739,0.000843195219103303,0.42280347688543,1.62531541975659,0,0,0.0981715437197881,0.754034985132547,0.0085479707813307,"SH3BP2"
22795,1.53128814724267,0.527810564769178,0.00371727237423685,0.496798449635333,2.56577784485,0.154406504583608,22.4723019737529,1.28986159199703,0.256073459053983,0.0276019116098349,"NID2"
6790,1.16878536634234,0.277258877190329,2.4922312339044e-05,0.625367952655283,1.7122027800294,0,0,0.0215850440211185,0.883196353843511,0.000472612569996245,"AURKA"
22974,3.03623101421706,0.923960978582958,0.00101583829539317,1.22530077307408,4.84716125536004,1.11878230219211,59.6861683611094,2.48053821566121,0.115262804055841,0.0099122869854316,"TPX2"
80307,2.43594111985314,0.799539572352881,0.00231383995220882,0.868872353826937,4.00300988587934,0.894353032994582,67.9684936401763,3.12192623339836,0.0772454214880717,0.0190228683387997,"FER1L4"
55608,0.591819777892819,0.218147797983067,0.00666911261163108,0.164257950539289,1.01938160524635,0,0,0.204758472381108,0.650907052573531,0.0436715130367275,"ANKRD10"
54498,2.01386587421392,0.678197365792992,0.00298343800991237,0.684623462849718,3.34310828557812,0.38566966437993,39.4074787503004,1.65036869134235,0.198908757661641,0.0233598691565903,"SMOX"
2280,0.905434712437581,0.206221170339609,1.13038208981717e-05,0.501248645722248,1.30962077915291,0,0,0.0936492540186618,0.759588157070021,0.000240014830189053,"FKBP1A"
5027,1.41045493072672,0.384290960205804,0.000242286142350142,0.657258489139031,2.16365137231441,0,0,0.0006153817276849,0.980208996351104,0.0031171221920868,"P2RX7"
84678,0.752186696769985,0.19473405449456,0.000112170252885323,0.370514963397186,1.13385843014278,0,0,0.0177979095582332,0.893870081362788,0.00165469531690679,"KDM2B"
4938,1.58662610457839,0.318324061218496,6.21830092193879e-07,0.962722409177616,2.21052979997917,0,0,0.104064546484416,0.747005488161651,2.00098690526255e-05,"OAS1"
6175,1.62037792188285,0.316501604514624,3.06100744294008e-07,1.00004617598505,2.24070966778065,0,0,0.74642754640624,0.387609653135063,1.08895945522853e-05,"RPLP0"
57655,0.969916308675844,0.27246716215447,0.000371201116139963,0.435890483883247,1.50394213346844,0,0,0.628949093125301,0.427741055615206,0.00435004935502874,"GRAMD1A"
23193,0.538534563902459,0.174236220033414,0.00199597765935378,0.197037847834571,0.880031279970347,0,0,0.246854155952645,0.619298925535415,0.0169576350227266,"GANAB"
51291,1.29974400441344,0.302952663206986,1.78468536801375e-05,0.705967695507258,1.89352031331963,0,0,0.491631831753199,0.483200283345065,0.000355960248771146,"GMIP"
5996,1.69917462109,0.46591499567251,0.000265358403342625,0.785998009714746,2.61235123246525,0,0,0.0580456356074351,0.809611990954324,0.00334064178549823,"RGS1"
4069,3.07822293901471,0.83084632277445,0.000211453664617762,1.44979406968925,4.70665180834017,0.887634571972082,61.9041236767234,2.624956022836,0.105195419644588,0.0028033724287525,"LYZ"
2802,0.77599487138164,0.226825177924694,0.000623651040318979,0.331425691862351,1.22056405090093,0,0,0.000405718954892819,0.983929723675659,0.00674313310073841,"GOLGA3"
24137,2.50398565908309,0.445218160201406,1.86394646980077e-08,1.63137409982515,3.37659721834103,0,0,0.386512062347041,0.534138531544043,9.27364953960289e-07,"KIF4A"
23231,1.69094380296409,0.317272050436529,9.84110657963148e-08,1.06910201080732,2.31278559512087,0,0,0.859477614097152,0.353884918841307,3.98461381420935e-06,"SEL1L3"
7018,2.15172642367962,0.683181637948591,0.00163512543440873,0.812715018401303,3.49073782895795,0,0,0.877379992116238,0.348920283920729,0.0144661392599298,"TF"
4345,1.37244084965555,0.304526159152949,6.58102142373711e-06,0.775580545365455,1.96930115394564,0,0,0.475831796431136,0.490316432607306,0.000153781476353982,"CD200"
57556,1.21748696948686,0.332427483574052,0.00024984993797401,0.565941074210435,1.86903286476328,0,0,0.0348372771718339,0.851937046890293,0.00319310588976643,"SEMA6A"
51816,1.07173112632494,0.258860749350672,3.47027390456139e-05,0.564373380586575,1.57908887206331,0,0,0.0336795898943446,0.854390028608925,0.000623862707402683,"ADA2"
5742,1.22858559206993,0.40554125554641,0.0024496218643184,0.433739336953814,2.02343184718605,0,0,0.887914540824779,0.346043073892216,0.019932559804831,"PTGS1"
10044,1.31362673426984,0.266415584543309,8.19175161362565e-07,0.791461783644764,1.83579168489491,0,0,0.00653045362002532,0.935592083302381,2.55669877329895e-05,"SH2D3C"
54187,0.613914031511959,0.21557709894033,0.00440267069679749,0.191390681697285,1.03643738132663,0,0,0.00273793540555108,0.958269506734472,0.0314080470925506,"NANS"
10580,1.19084502608688,0.318953417734339,0.000188760915013857,0.565707814581616,1.81598223759214,0,0,0.0722717406914399,0.788057397692331,0.00253240141008143,"SORBS1"
53904,2.23230334887054,0.548222126151761,4.66320494877954e-05,1.15780772608511,3.30679897165596,0,0,0.791350078561091,0.373692203377038,0.000791863883178773,"MYO3A"
54209,4.82137662903776,1.23498712066104,9.46199264378983e-05,2.40084635117131,7.24190690690422,2.53874937561451,82.4358447543664,5.69341358018684,0.0170286987030245,0.0014286231446385,"TREM2"
8317,1.1431286656426,0.424856535039701,0.00713187889488875,0.310425158368306,1.97583217291689,0,0,0.00380705642205119,0.950800665970893,0.0457682642264564,"CDC7"
6319,3.10762616195841,0.66596053340547,3.0654974493954e-06,1.8023675013586,4.41288482255822,0.567850033811496,61.5603562459077,2.60148092525842,0.106763910267754,7.90288759277211e-05,"SCD"
54873,0.732248723985414,0.256178682842711,0.00425848371132812,0.230147732006792,1.23434971596404,0,0,0.232831519284917,0.629432201623166,0.030655171318653,"PALMD"
51257,0.569207292046058,0.196835513743872,0.00383051897886895,0.183416774229629,0.954997809862486,0,0,0.000490121280704595,0.982337329534964,0.0281607891996129,"MARCHF2"
51586,0.704073653681055,0.234505715592539,0.00267883628967855,0.244450896950885,1.16369641041123,0,0,0.0597872626663112,0.806832496940647,0.0214609326760166,"MED15"
23481,0.772302960632823,0.287845179076759,0.0072954117928411,0.208136776518894,1.33646914474675,0,0,0.00519883974710137,0.942519954580895,0.0463762551640153,"PES1"
1727,0.763453293399028,0.280937317020221,0.006577281530155,0.212826270126083,1.31408031667197,0,0,0.308976236058482,0.578309088241393,0.0431120500102479,"CYB5R3"
3162,1.75849551142388,0.562895064248203,0.00178398251857037,0.655241458422047,2.86174956442572,0.278509908886744,40.9355631345508,1.69306617157467,0.193197272967517,0.0155383955412689,"HMOX1"
4174,1.39047508622027,0.274602876215605,4.11444165657501e-07,0.852263338786578,1.92868683365397,0,0,0.184693295745847,0.667370539001625,1.39384464461309e-05,"MCM5"
23551,3.4505591688955,0.818351955421824,2.48152654797723e-05,1.8466188095908,5.0544995282002,0.857860624171875,60.4554078268547,2.5287907778174,0.111785852330591,0.000471245386568691,"RASD2"
23313,1.00208496936091,0.248191987755216,5.4014737914585e-05,0.515637612109284,1.48853232661254,0,0,0.0849716291372134,0.770669758235154,0.00090022337614629,"KIAA0930"
2999,1.74101206535517,0.499135624004327,0.000486549600374071,0.762724218905764,2.71929991180458,0,0,0.315651958821691,0.574232450569167,0.00548507379752809,"GZMH"
5836,1.79138218260462,0.327610599153139,4.55083693116439e-08,1.14927720731088,2.43348715789836,0,0,0.550508896223603,0.458109833955136,2.01839413274071e-06,"PYGL"
114088,2.21991895060306,0.502576509293055,1.00044772676359e-05,1.23488709291281,3.20495080829331,0.0594060311363236,8.67577497019029,1.0949997108364,0.295366083536496,0.00021651744301691,"TRIM9"
80821,0.729113431639801,0.211242558792982,0.000557384512486508,0.315085624403471,1.14314123887613,0,0,0.13949189121854,0.708786664499737,0.00618027580744703,"DDHD1"
1033,2.13507169169542,0.453671839498329,2.52373436849601e-06,1.24589122547866,3.02425215791218,0,0,0.829497385212808,0.362417905571438,6.67206088047682e-05,"CDKN3"
63910,1.51116484140288,0.466514543303213,0.0011983762560324,0.596813138264432,2.42551654454133,0,0,0.402279970888414,0.525914127907349,0.0113387417965507,"SLC17A9"
57761,4.90023051616354,1.49270403670493,0.00102786026375521,1.97458436464432,7.82587666768276,3.94734375708999,88.519113710685,8.71012894649672,0.00316446823427753,0.0100062382210914,"TRIB3"
3055,2.04170749607322,0.755902321017399,0.00691271240352565,0.560166171048889,3.52324882109756,0.718349306512464,57.3151022034254,2.34274896185941,0.12586726370309,0.0447943384372598,"HCK"
25939,1.26955069864777,0.305404275135975,3.22522707789164e-05,0.670969318656696,1.86813207863884,0,0,0.0531500931635101,0.817669823179,0.000590037132852279,"SAMHD1"
182,1.00804269404425,0.254375208308688,7.40701996146871e-05,0.509476447199346,1.50660894088915,0,0,0.124413713350939,0.724295903641156,0.00116942447471291,"JAG1"
8731,0.701099258951324,0.18760919644544,0.000186214355211098,0.333391990749763,1.06880652715289,0,0,0.151440676460726,0.697162380663345,0.00250321849582376,"RNMT"
412,1.08627808102448,0.269409422841388,5.52873376652025e-05,0.558245315159633,1.61431084688932,0,0,0.627709951848102,0.428196564881994,0.000916899352693635,"STS"
4281,0.966624508299808,0.286815317841658,0.000751140973596332,0.40447681511575,1.52877220148387,0,0,0.123641610795079,0.725117945787982,0.00784479763516603,"MID1"
79868,0.755493341587483,0.186956781720256,5.32225605410373e-05,0.389064782750265,1.1219219004247,0,0,0.42236274675948,0.515760427957882,0.000888118544275749,"ALG13"
5355,1.80094822817077,0.491448860803932,0.000247755506004479,0.837726160751825,2.76417029558971,0.238608730946082,38.9667242255697,1.63845048018699,0.200538201041099,0.00317503751313568,"PLP2"
11040,1.41878426176978,0.347841594263581,4.52643002158954e-05,0.737027264688164,2.10054125885139,0,0,0.171703740912261,0.678602056931282,0.00077350894779584,"PIM2"
5230,1.4411394961477,0.237475442099213,1.29043500195654e-09,0.975696182420513,1.90658280987488,0,0,0.0663319570225459,0.796754290404646,8.61333422345546e-08,"PGK1"
8411,0.730076142703869,0.253977726997983,0.00404581163822271,0.232288944912477,1.22786334049526,0,0,0.00848850920440732,0.926592285593157,0.0293751633377258,"EEA1"
6102,0.65577115260837,0.242890968543065,0.00693690531032625,0.179713602093912,1.13182870312283,0,0,0.0757370310929283,0.783159807865858,0.0448801796061079,"RP2"
5935,0.785892453638684,0.254548236895613,0.00201915088817444,0.286987076995112,1.28479783028226,0,0,0.345453376352648,0.556698216814568,0.0170577765822406,"RBM3"
10673,1.81497001378449,0.401479790381131,6.16352468678914e-06,1.02808408411678,2.6018559434522,0,0,0.936539729109347,0.333169326416301,0.000145539060161082,"TNFSF13B"
23295,0.538441975790173,0.197014320049305,0.00627585536033957,0.152301004054888,0.924582947525459,0,0,6.44521661090196e-05,0.993594483486349,0.0416219172766642,"MGRN1"
8717,0.85970273509306,0.210978129133705,4.60454171996308e-05,0.446193200465357,1.27321226972076,0,0,0.689805744498705,0.406230462064219,0.000784867711887006,"TRADD"
3299,2.55721563188947,0.503523971583973,3.80151622766607e-07,1.57032678223231,3.54410448154662,0.157157934588044,22.4112863041363,1.28884724641763,0.256260497168421,1.31763093310081e-05,"HSF4"
5713,0.536674206046316,0.19096277623632,0.0049486066252814,0.162394042235347,0.910954369857285,0,0,4.49805262262269e-05,0.994648826014311,0.0346068792161147,"PSMD7"
8312,0.754324231753571,0.259321413390718,0.00362773670281158,0.246063601087741,1.2625848624194,0,0,0.0934689909498616,0.759812523410529,0.0271285490648966,"AXIN1"
4833,1.05757639411208,0.25534884958487,3.44752474100857e-05,0.557101845432001,1.55805094279216,0,0,1.51721162960875e-06,0.999017204785426,0.000622262062691011,"NME4"
2294,1.05525267824612,0.381071409177036,0.00561987763540348,0.308366440721206,1.80213891577104,0,0,0.465021454248177,0.495286492927482,0.038211200281465,"FOXF1"
84264,1.14725229911663,0.423175455362743,0.00670693257131649,0.317843647464312,1.97666095076894,0.0196930757625481,3.91285406031122,1.04072193030655,0.307653629456852,0.0438231067514912,"HAGHL"
8140,1.17887989028247,0.435158387204994,0.00674695985180875,0.325985123790151,2.0317746567748,0.00628449812901471,1.45594460027936,1.01477455534353,0.313761714162458,0.0440191562621788,"SLC7A5"
7329,0.53482957695271,0.181585669375773,0.00322611195816373,0.178928204867596,0.890730949037824,0,0,0.0159592805947504,0.899470673284932,0.0248558100182409,"UBE2I"
6810,0.821292964542305,0.284294427433432,0.00386614510741929,0.264086125767343,1.37849980331727,0,0,0.000335912844280124,0.985377250070886,0.0283917399146701,"STX4"
10295,0.817092631332301,0.281673384143115,0.00372150310744277,0.26502294300828,1.36916231965632,0,0,0.922795110162768,0.336742136313831,0.0276019116098349,"BCKDK"
400506,0.905074969430861,0.264771746308711,0.000630086174497327,0.386131882542011,1.42401805631971,0,0,0.0278417421396518,0.867481427294402,0.00679636151259797,"KNOP1"
1445,0.66986019671463,0.208170755173167,0.00129159815328224,0.261853013940718,1.07786737948854,0,0,0.0229434757037405,0.879604154628076,0.0120266698209285,"CSK"
51285,1.41950696210756,0.323280785859587,1.12860995829387e-05,0.785888264928964,2.05312565928616,0,0,0.0573673048591775,0.810706477590533,0.000240014830189053,"RASL12"
80381,1.98364133751613,0.501845534619774,7.72765517022831e-05,1.00004216385912,2.96724051117313,0.270875740829462,45.8495680006027,1.84670733561485,0.174166836854226,0.0012125914238577,"CD276"
79815,0.9651873603523,0.315768748781346,0.00223842450302066,0.346291985297586,1.58408273540701,0,0,0.0172272298090439,0.895575532834527,0.0185157531130231,"NIPAL2"
55723,3.27176626901354,0.709952025569294,4.05715270426591e-06,1.88028586814646,4.66324666988061,0.418980825339341,32.3903165379073,1.47907806810052,0.223918822820123,0.000101489035086489,"ASF1B"
2821,0.781306155437974,0.229280831974529,0.000655276807820441,0.331923982422517,1.23068832845343,0,0,0.00568486309619062,0.939898025694187,0.00701198190463731,"GPI"
27113,1.45705896558448,0.345758473285401,2.50782001778441e-05,0.779384810595544,2.13473312057342,0.049409470930535,7.86986570830147,1.08542119002436,0.297487956481858,0.000473715825767284,"BBC3"
22898,0.615521332672082,0.198616711472033,0.00194148148974356,0.226239731459113,1.00480293388505,0,0,0.0136411989616439,0.907022075421362,0.0165887166832779,"DENND3"
10226,0.880144633660717,0.283366548783825,0.00189618309674228,0.324756403621007,1.43553286370043,0,0,0.749813642736211,0.386535238995172,0.0162946059231205,"PLIN3"
1777,1.34948083902973,0.255642224052673,1.30041889084775e-07,0.848431286958768,1.85053039110069,0,0,0.448217001628525,0.503182890206208,5.12676839336262e-06,"DNASE2"
27106,0.976213375014696,0.334539099913396,0.00352188852266801,0.320528787763994,1.6318979622654,0,0,0.446598301358308,0.503954809163757,0.026563873042819,"ARRDC2"
6324,1.48239045507928,0.360785690728084,3.97747954573201e-05,0.775263495114829,2.18951741504373,0,0,0.962462346238616,0.326567270185694,0.000698285894727925,"SCN1B"
23080,0.840426840872759,0.246805706273031,0.000661116400601487,0.356696545398647,1.32415713634687,0,0,0.279060446878882,0.597317695305618,0.00705254017865888,"AVL9"
10282,0.732888962628561,0.24107554585033,0.00236515259373933,0.260389575208579,1.20538835004854,0,0,0.264486282976935,0.607054635580506,0.0193503352071525,"BET1"
10135,0.836566407223949,0.253063243978679,0.000947191034625276,0.340571563214865,1.33256125123303,0,0,0.00197475721929523,0.964555080226407,0.00936975548044944,"NAMPT"
8701,1.61079185071434,0.388288109583796,3.34741304103919e-05,0.849761140304958,2.37182256112372,0,0,0.933546983905638,0.333942936489386,0.000605814362850085,"DNAH11"
136319,0.787082410144507,0.172641565279434,5.13842875308748e-06,0.448711159962194,1.12545366032682,0,0,0.468874410191943,0.493505448699028,0.000124160277558922,"MTPN"
858,2.23482499286998,0.212966442188405,9.22526546245578e-26,1.81741843626507,2.65223154947489,0,0,0.0043386046447875,0.947482849723101,4.60682423075153e-23,"CAV2"
857,2.58546833345491,0.332506309186782,7.50330700721322e-15,1.93376794281648,3.23716872409334,0,0,0.932959235092253,0.334095148448739,1.3138582906267e-12,"CAV1"
4233,1.56656020638461,0.370634224810076,2.37141994845552e-05,0.840130474318941,2.29298993845028,0,0,0.0113227665581332,0.915258257970777,0.000452246890594424,"MET"
6742,0.72594688730121,0.217332410441776,0.000836998094159104,0.299983190162052,1.15191058444037,0,0,0.0785526530139692,0.779268476509302,0.00851074306451523,"SSBP1"
10392,0.738168608806996,0.237425288532483,0.00187685897868581,0.272823594264298,1.20351362334969,0,0,0.261571012414545,0.6090428968828,0.0161801084460491,"NOD1"
8662,0.98963655307911,0.26207778672026,0.000159291781304713,0.475973529959431,1.50329957619879,0,0,0.0863832760965015,0.768826432139023,0.00221415576013551,"EIF3B"
8985,1.53384533882475,0.304621504275734,4.77226330015385e-07,0.936798161527901,2.13089251612161,0,0,0.392024581558428,0.531237111053787,1.577069266568e-05,"PLOD3"
5683,0.584994804643146,0.217336343898756,0.0071098110323966,0.159023398069972,1.01096621121632,0,0,0.525048007973315,0.468696252962722,0.0456483724522873,"PSMA2"
7458,0.535680508234434,0.187699835285663,0.00431832635383628,0.167795591170434,0.903565425298435,0,0,0.0578500042017593,0.809926944891734,0.030904455535443,"EIF4H"
158471,0.711835630923999,0.259294220705949,0.00604590101503192,0.203628296940959,1.22004296490704,0,0,0.670903266394073,0.412736864447921,0.0405635799696735,"PRUNE2"
80709,1.13996931875965,0.303291470501349,0.000170826234228759,0.545528959758814,1.73440967776049,0,0,0.447643118564485,0.503456329940728,0.00234070133750646,"AKNA"
9124,1.74411244071849,0.544861899282451,0.00136943244333996,0.676202741576793,2.81202213986018,0.280242722744033,42.5268494392096,1.73994289549567,0.18714606242168,0.0125862696888567,"PDLIM1"
27143,1.57718431901449,0.265380207609286,2.7966106820807e-09,1.05704866989052,2.09731996813845,0,0,0.0188092851556561,0.890914644451062,1.72966522139881e-07,"PALD1"
59,1.49822305597324,0.382867140749898,9.10934943099392e-05,0.747817249239616,2.24862886270687,0,0,0.486244724215406,0.485607246317696,0.0013893818821051,"ACTA2"
3988,1.73525086796995,0.233521021379037,1.07932816569911e-13,1.27755807643403,2.19294365950587,0,0,0.200304307377784,0.654475329927027,1.51589392272095e-11,"LIPA"
9644,0.837152727744522,0.296516255808539,0.00475328803636204,0.25599154552912,1.41831390995992,0,0,0.478558695723063,0.489075894534751,0.0334995074618385,"SH3PXD2A"
7511,0.781826189810269,0.253173087800089,0.00201434308310096,0.285616055867297,1.27803632375324,0,0,0.0780114048977237,0.780010602060227,0.0170492076518834,"XPNPEP1"
6143,0.984672809600158,0.312872875373994,0.001648434344714,0.371453242127641,1.59789237707268,0,0,0.346093252993126,0.556333020048588,0.0145743214883796,"RPL19"
84687,0.694214526124467,0.221534422098301,0.00172638195274503,0.260015037475903,1.12841401477303,0,0,0.159217327787574,0.689878128423947,0.0151443122113606,"PPP1R9B"
230,3.22500264526535,0.649899267896706,6.96591400606835e-07,1.95122348660886,4.49878180392184,0,0,0.0434420315359173,0.83489516945708,2.23091255448503e-05,"ALDOC"
8821,0.993198857802509,0.316660874757623,0.00170992123613338,0.37255494796462,1.6138427676404,0,0,0.614430366062308,0.433124558805321,0.0150194579979064,"INPP4B"
1363,1.6874611615537,0.458653754347715,0.000234002201501432,0.788516321658098,2.5864060014493,0,0,0.297361182174458,0.585541471284309,0.00304113559636726,"CPE"
10553,1.19590009287554,0.285934983292025,2.88422964418455e-05,0.635477823703109,1.75632236204797,0,0,0.0254321235162726,0.873295029055225,0.000537128015090336,"HTATIP2"
56253,1.59678665692326,0.491102157553538,0.00114824099039783,0.634244115388406,2.55932919845811,0,0,0.0125553721777179,0.910783161550875,0.010964400335364,"CRTAM"
9404,0.93390428417886,0.287833491852438,0.00117616089918059,0.369761006603679,1.49804756175404,0,0,0.55473372048044,0.456389923350569,0.0111520234906131,"LPXN"
64231,1.79702768537917,0.572259444160763,0.00168813819022345,0.675419785011169,2.91863558574718,0.370131072802541,46.7714359831155,1.87869054608122,0.170483050371248,0.0148765798815574,"MS4A6A"
595,1.9193881059823,0.539334935993065,0.00037254536410967,0.86231105583168,2.97646515613293,0.333915920549241,50.5357629423031,2.02166263847063,0.155069268303605,0.00435648668195202,"CCND1"
867,0.86028641114665,0.254155393520924,0.000712084565565438,0.362150993369035,1.35842182892427,0,0,0.498246736764582,0.48027150545585,0.00747744252143209,"CBL"
7450,4.23103125646422,0.563925039655446,6.24565989194125e-14,3.12575848875923,5.33630402416922,0.251646920884606,36.8352087422104,1.58316046026144,0.208306041439368,9.05486369064988e-12,"VWF"
9976,2.29596988717853,0.823538300575961,0.00530454570695466,0.681864478160323,3.91007529619673,1.01789020866061,72.3250432374768,3.61337511231156,0.0573166868398061,0.0365090299984021,"CLEC2B"
6404,1.87604651138413,0.577479357250657,0.00115941211498244,0.7442077693575,3.00788525341075,0.326401729817305,44.3942036165133,1.79837366792389,0.179909234912364,0.0110320067369853,"SELPLG"
23603,1.12108237487619,0.269483772929734,3.18093133982672e-05,0.592903885515938,1.64926086423643,0,0,0.460118553617177,0.497568572204495,0.000582724147484832,"CORO1C"
83892,0.603182503571205,0.182931033083403,0.000976115550191077,0.24464426707303,0.961720740069381,0,0,0.0126917227481509,0.910302060013537,0.00961356169702432,"KCTD10"
2004,0.786325301958305,0.25922869507099,0.00241873652984053,0.278246395859849,1.29440420805676,0,0,0.132783301170987,0.715563493638913,0.019728871525614,"ELK3"
55110,0.536285834345748,0.199624628297844,0.00722111519204881,0.145028752454779,0.927542916236717,0,0,0.795447912726718,0.372457863248127,0.0460995720333305,"MAGOHB"
57097,0.823354876768414,0.294033768401562,0.00510701365680503,0.247059280462762,1.39965047307407,0,0,0.777918309341304,0.377778551811463,0.0354226587739102,"PARP11"
10094,0.600418828880138,0.194881078909663,0.00206341406281203,0.21845893294889,0.982378724811387,0,0,0.848379582223342,0.357011150594958,0.0173447704544231,"ARPC3"
10019,1.47123629583958,0.43585286809633,0.000736725142850677,0.616980371812287,2.32549221986687,0.163065891834651,28.5114300913035,1.39882501675048,0.236920400199412,0.00770617928708742,"SH2B3"
80018,0.716347004410247,0.228887346371175,0.00174989394047759,0.2677360490058,1.16495795981469,0,0,0.307155520420597,0.579430939604783,0.0153206623373112,"NAA25"
4940,1.28119961947316,0.382896114894242,0.000819638351078619,0.530737024460138,2.03166221448619,0,0,0.00188829845214417,0.965339189202495,0.00836577130022182,"OAS3"
4939,1.41854412460664,0.35737167868791,7.20597749327507e-05,0.718108505283719,2.11897974392957,0,0,0.0508810335353961,0.821537240473747,0.00114270483661102,"OAS2"
397,1.59586661771642,0.436776356764852,0.000258449431220428,0.739800689158692,2.45193254627415,0.124174701854454,25.8259401308503,1.34818021524519,0.245596506115898,0.00327199406680285,"ARHGDIB"
81539,2.15784619704866,0.331264824982834,7.31944403961903e-11,1.50857907073734,2.80711332335998,0,0,0.0749080094793304,0.784320345290092,5.98109478704142e-09,"SLC38A1"
5985,0.812994324618813,0.279508124038066,0.003629804507035,0.265168468117849,1.36082018111978,0,0,0.473702002166574,0.491288986240521,0.0271289657252511,"RFC5"
4848,0.619086146862576,0.192887729559776,0.00132934928425855,0.241033143865714,0.997139149859438,0,0,0.435177864905877,0.509459124801948,0.0123271089406176,"CNOT2"
2597,2.25522108623157,0.809743879463201,0.00535105227683488,0.66815224578195,3.84228992668118,1.06695916358502,79.1404944035086,4.79397747647578,0.0285594039667613,0.0366979846635629,"GAPDH"
7167,1.40677914253172,0.259972200099354,6.25801733320559e-08,0.897242993355347,1.9163152917081,0,0,0.224466982953256,0.635657178495685,2.69574593302272e-06,"TPI1"
2026,4.57175226021529,0.709919825336146,1.19619301771516e-10,3.18033497064548,5.96316954978511,0.57075784400949,54.3809101046628,2.19206477440536,0.138723243232586,9.54335530050501e-09,"ENO2"
51559,3.08365135581345,0.57869288015454,9.89458940430013e-08,1.94943415260079,4.2178685590261,0.258547846760583,33.8388821024161,1.51146176451852,0.218916169510695,3.99427392030475e-06,"NT5DC3"
50856,1.40761810761108,0.348835233330175,5.45570225513877e-05,0.723913613745306,2.09132260147685,0.00870382652583038,1.15503449347551,1.01168531434612,0.314499428152072,0.000907018908829052,"CLEC4A"
10384,1.10630692329494,0.288180988898189,0.000123571163086301,0.541482564025348,1.67113128256452,0,0,0.485634395144452,0.485881190820456,0.00179284133531994,"BTN3A3"
7422,3.17556428107003,0.431327909348043,1.80771870265939e-13,2.3301771132209,4.02095144891915,0.110036319377532,24.8674588286829,1.33098120256548,0.24863073584034,2.51272899669655e-11,"VEGFA"
11120,0.5866596323865,0.213468259597962,0.00599181691464489,0.168269531732047,1.00504973304095,0,0,0.586167165876686,0.443905090983405,0.0402529484106413,"BTN2A1"
10279,1.33321201404743,0.3719304070566,0.000337629014425834,0.604241811461168,2.06218221663368,0,0,0.225823048143144,0.634638421929455,0.00404285257682373,"PRSS16"
4015,2.24123735097115,0.751840117585468,0.00287306346448934,0.76765779837127,3.71481690357102,0.646234629572351,52.0477998544415,2.08541004784871,0.148712285638955,0.0227279395862655,"LOX"
3003,2.71967184189255,0.522730659180617,1.96290376167253e-07,1.69513857628366,3.74420510750144,0,0,0.385723810623305,0.534555756844443,7.39269034039964e-06,"GZMK"
55819,0.705482764012145,0.244148060306881,0.00385769845196201,0.226961358915345,1.18400416910895,0,0,0.195252833068654,0.658580221252256,0.0283451488979857,"RNF130"
1004,1.56317588360022,0.561079470376093,0.00533603839702969,0.463480329198269,2.66287143800217,0.232321935286582,32.0966033946993,1.47268038123727,0.224923265655236,0.0366508490355212,"CDH6"
4001,1.33469639554445,0.29712840641563,7.05623378082602e-06,0.75233542018603,1.91705737090286,0,0,0.550173789120255,0.458246692693876,0.00016188030501728,"LMNB1"
7903,2.62318840946221,0.531473658358338,7.98685079376766e-07,1.58151918034812,3.6648576385763,0.311574870068689,42.9771901772443,1.75368418902594,0.185414248053721,2.51017970285243e-05,"ST8SIA4"
23398,0.728685338752291,0.241836186723907,0.00258562950739691,0.254695122614931,1.20267555488965,0,0,0.264359638644751,0.607140720589561,0.020838041033014,"PPWD1"
5917,0.605904727163042,0.197185563004135,0.00212086042456735,0.219428125403684,0.9923813289224,0,0,0.467531550325508,0.494124968001944,0.017706229786032,"RARS1"
9555,0.609833567244004,0.181366894889769,0.00077259589918678,0.254360985272196,0.965306149215813,0,0,0.0132583317958551,0.908330327258675,0.008006848969051,"MACROH2A1"
10915,0.738112762854504,0.202100896887745,0.000260003923818073,0.34200228371128,1.13422324199773,0,0,0.500438180808618,0.479307652603407,0.00328550412824656,"TCERG1"
1452,0.653623168182235,0.192796145101875,0.00069834148203289,0.275749667424403,1.03149666894007,0,0,0.714114520301733,0.398081265524325,0.00735604547050739,"CSNK1A1"
22993,0.831569468484244,0.218812186939879,0.000144474343046977,0.402705462703635,1.26043347426485,0,0,0.322251322697948,0.570257813351918,0.00205263178851675,"HMGXB3"
57222,1.63098211842926,0.227728847954233,7.95387194010303e-13,1.18464177819817,2.07732245866036,0,0,0.00829649307835125,0.92742498221165,9.66144642958641e-11,"ERGIC1"
8614,3.11080530019307,0.50572037157398,7.68814699682464e-10,2.11961158565986,4.10199901472629,0.200523514037935,35.3951128311735,1.54787051540975,0.213450085986263,5.31586081836854e-08,"STC2"
3274,2.3152805958696,0.375872725546772,7.28616185950371e-10,1.57858359102702,3.05197760071218,0,0,0.641033929166442,0.423336644282315,5.11663126831711e-08,"HRH2"
10051,0.890703362483093,0.237731421927944,0.000179191041232638,0.424758337510827,1.35664838745536,0,0,0.0452370352406446,0.831568768733084,0.00242817367732629,"SMC4"
942,2.22493439965693,0.776498751917196,0.00416559237036331,0.703024811858929,3.74684398745494,0.775226943192247,58.7715887850186,2.42551185100391,0.119374244232308,0.0300891833488141,"CD86"
9616,0.618224547515119,0.224359902827719,0.00586018376103761,0.178487218397883,1.05796187663235,0,0,0.283963821256714,0.594114879407779,0.0395856000250852,"RNF7"
54464,0.573212676393327,0.204413261378381,0.00504438944005935,0.172570046129329,0.973855306657325,0,0,0.609696108520752,0.43490225359458,0.035149097064765,"XRN1"
1894,1.13935622079792,0.332188935739012,0.000603928406737881,0.488277870686762,1.79043457090907,0,0,0.450357218440959,0.502165365829717,0.00656674734519907,"ECT2"
2771,0.639766576583031,0.190637389063175,0.000790973211482471,0.266124159912459,1.0134089932536,0,0,0.0126397938843249,0.910484976640241,0.00815967238746607,"GNAI2"
59345,1.72881451348254,0.520835813756632,0.0009024081815998,0.707995076660934,2.74963395030415,0.314917596105986,47.1072085340177,1.89061679726838,0.169132369450306,0.00898609269757024,"GNB4"
6747,0.713209492992223,0.239833151450798,0.00294162032938174,0.243145153849918,1.18327383213453,0,0,0.740557882358995,0.38948222710281,0.0230726392676289,"SSR3"
55240,1.91844220443431,0.597877681836618,0.00133311653692137,0.746623480874238,3.09026092799437,0.371515307668577,47.986528778686,1.92257885605262,0.165572647382961,0.0123535465754714,"STEAP3"
84695,1.25620597019901,0.396592625784488,0.00153757272736866,0.478898707127247,2.03351323327078,0,0,0.99270922754407,0.319081115920979,0.0137601102724567,"LOXL3"
1796,1.13076103345489,0.282859343215531,6.39855510408415e-05,0.576366908061796,1.68515515884798,0,0,0.0824773008569928,0.773967902868225,0.0010394182947996,"DOK1"
55704,0.93784259809148,0.193199836744247,1.20835981511415e-06,0.559177876253738,1.31650731992922,0,0,0.0652586660497828,0.798369565783855,3.57287618140001e-05,"CCDC88A"
55818,1.1323856031801,0.30491001810881,0.000204141641047624,0.534772949161378,1.72999825719883,0,0,0.843267566400773,0.358463914364725,0.00272249430884778,"KDM3A"
3241,1.2889619180953,0.251949006250041,3.12143434470202e-07,0.79515093990456,1.78277289628603,0,0,0.380727882384395,0.537213943263525,1.10753419130572e-05,"HPCAL1"
6509,1.83234624011562,0.360199902881,3.63722152031235e-07,1.12636740323404,2.53832507699721,0.075472392555835,15.2946827635697,1.18056343170145,0.277241321916351,1.26788130149692e-05,"SLC1A4"
7456,0.91659168733281,0.273187203269995,0.000793139394839727,0.381154607886396,1.45202876677922,0,0,0.109255759845266,0.740993038550528,0.00817434760508398,"WIPF1"
2882,1.19157892769044,0.310320831244276,0.000123120035408207,0.583361274799128,1.79979658058175,0,0,0.157010011747691,0.691924379281561,0.00179075235966435,"GPX7"
829,0.645116500410899,0.218820546225682,0.00319678565627828,0.216236110731181,1.07399689009062,0,0,0.0867976351417984,0.768288472952563,0.0246721585595879,"CAPZA1"
4688,1.95911247646974,0.397054171372063,8.05133995831882e-07,1.1809006006691,2.73732435227037,0,0,0.375280356831838,0.540139996254962,2.52456317809332e-05,"NCF2"
914,2.23567892652642,0.729249006039094,0.00217140921472064,0.806377138928168,3.66498071412468,0.537080657574436,46.8772002381296,1.88243090440004,0.170058116641708,0.0180644284669127,"CD2"
2494,1.02711869849202,0.372638417289193,0.00584519512463855,0.296760821349195,1.75747657563485,0,0,0.0665386272320246,0.796444860404203,0.0395041432909782,"NR5A2"
54936,1.00579882804144,0.265898989833168,0.000155176875757244,0.484646384442846,1.52695127164003,0,0,0.098297654990451,0.753882158029808,0.00217038362638477,"ADPRS"
57568,1.26612624685251,0.263076212429518,1.48849892849112e-06,0.750506345301447,1.78174614840357,0,0,0.00302383090831158,0.956146931800665,4.28833996855678e-05,"SIPA1L2"
5129,1.31016326061793,0.291387246928251,6.91475166619523e-06,0.739054751084284,1.88127177015159,0,0,0.302215284404545,0.582496957944834,0.000159370250795402,"CDK18"
1889,0.823809121151613,0.300601519203129,0.00613391637152342,0.234640969815456,1.41297727248777,0,0,0.0792721413436059,0.778286215778278,0.0409221150110095,"ECE1"
6513,2.63981207308841,0.320732561918768,1.86323369497083e-16,2.01118780305836,3.26843634311846,0,0,0.0540653463689484,0.816134495816535,4.18699665154863e-14,"SLC2A1"
356,2.01559529308271,0.609303976765732,0.000939550422797229,0.821381442984848,3.20980914318058,0,0,0.185303172160862,0.666854839840913,0.00930099732053968,"FASLG"
57488,0.839023443899748,0.307534129371224,0.00636754407100897,0.236267626315268,1.44177926148423,0,0,0.098693802464797,0.753402788509034,0.0420644765847202,"ESYT2"
1509,1.13557811804007,0.348353841261316,0.00111474705578544,0.452817135291707,1.81833910078843,0,0,0.187510931190622,0.66499637242006,0.0106899961259994,"CTSD"
79630,1.04377003936358,0.36951574783914,0.00473253399371163,0.319532481878479,1.76800759684868,0.114935604153127,27.4398858217766,1.37816762187527,0.240413514696335,0.0334252256873829,"C1orf54"
27145,1.27432273769133,0.301807562525637,2.41819577624786e-05,0.682790784879263,1.8658546905034,0,0,0.538920756474223,0.462880344394376,0.000460516012021891,"FILIP1"
9324,0.649555592449079,0.156298056556224,3.24041276853541e-05,0.343217030745276,0.955894154152883,0,0,0.00888389110861696,0.924907075535626,0.000592011996723075,"HMGN3"
7128,0.815496537130887,0.23104276291082,0.000416133918552398,0.362661042937054,1.26833203132472,0,0,0.0112034969521804,0.915704084639067,0.00477915981587903,"TNFAIP3"
10981,1.07190205205206,0.227353910468634,2.42085067767883e-06,0.626296575789193,1.51750752831492,0,0,0.112727527696072,0.737059998316102,6.46343162121657e-05,"RAB32"
27253,1.85132415248261,0.693492602038536,0.00759493838876861,0.492103628942108,3.21054467602311,0.612420797270309,54.8339020302911,2.21405001749467,0.136759222264926,0.0475848300630888,"PCDH17"
10783,1.68096269085446,0.223833326236409,5.91790204477449e-14,1.24225743289129,2.11966794881762,0,0,0.53128780803389,0.466065940949794,8.78188105451814e-12,"NEK6"
1441,1.42013711817351,0.390006310783084,0.000271245525940405,0.655738795295336,2.18453544105169,0,0,0.0303647774177888,0.861665125158495,0.00338943783712185,"CSF3R"
7043,1.2305285000188,0.319527382832455,0.000117593584129159,0.604266337592846,1.85679066244475,0,0,0.535789593047481,0.464182912861027,0.00172151389230559,"TGFB3"
79627,0.615109997570919,0.227437351845179,0.00684021282066312,0.169340979215204,1.06087901592663,0,0,0.503261208406812,0.478070669719858,0.0444251394320813,"OGFRL1"
5507,2.73497276837117,0.257828274159316,2.7433243351388e-26,2.22963863682279,3.24030689991955,0,0,0.0282027940355708,0.866632939906196,1.54117675044485e-23,"PPP1R3C"
29126,1.03871707829758,0.389574173029317,0.00766938811041164,0.275165729853143,1.80226842674202,0,0,0.620684388966385,0.430793076427156,0.0479398979567363,"CD274"
25902,1.02280898373395,0.261626787849928,9.25180070197956e-05,0.510029902157192,1.53558806531071,0.0135776251455184,3.30326726228762,1.03416110522832,0.309183343530696,0.00140633628934375,"MTHFD1L"
51248,0.6434628626364,0.201515958447415,0.0014074873732498,0.248498841769397,1.0384268835034,0,0,0.131825530244291,0.71654672514265,0.0128920871287548,"PDZD11"
6883,0.596149097719995,0.221947505568265,0.00723149437535192,0.161139980347692,1.0311582150923,0,0,0.0881583245999135,0.766531651625725,0.0461221564157379,"TAF12"
79912,0.538407208416623,0.175915449396806,0.00220892372065972,0.193619263274705,0.883195153558542,0,0,0.0773627986542403,0.78090359533444,0.0182941759985596,"PYROXD1"
1475,3.10850514190276,0.73869864481073,2.57546377914354e-05,1.66068240264518,4.55632788116033,0.605251224086326,47.963176173101,1.92171605885576,0.165667606448682,0.000484309318468513,"CSTA"
9034,1.695740262283,0.433944167446972,9.3164120005881e-05,0.845225322785719,2.54625520178029,0,0,0.746898034874559,0.387460111873978,0.00141138407869583,"CCRL2"
23155,1.14489243799148,0.215671156634854,1.10525173614985e-07,0.722184738483072,1.56760013749989,0,0,0.0288978759915597,0.865015049686957,4.39590240663967e-06,"CLCC1"
7852,2.33968437454743,0.357188477622479,5.74294823549837e-11,1.63960782271468,3.03976092638018,0.0078860088529381,2.0895454703676,1.02134139281046,0.312201038201317,4.83951069120153e-09,"CXCR4"
2971,0.985320155472484,0.236523137474906,3.10193220183828e-05,0.521743324511253,1.44889698643372,0,0,0.00136265424762363,0.970553459772878,0.000569025195610687,"GTF3A"
11335,0.750658820945926,0.245000072096015,0.00218462684397316,0.27046750342802,1.23085013846383,0,0,0.0743897548489216,0.785049353621446,0.0181263530691016,"CBX3"
51251,0.756936199168327,0.213176895897883,0.000384146506147755,0.339117160872431,1.17475523746422,0,0,0.00116295359549744,0.972795729564081,0.00446504081240533,"NT5C3A"
84329,1.31235384149868,0.258932861428521,4.013484446365e-07,0.80485475868488,1.81985292431248,0,0,0.181888710673691,0.669755111745736,1.36651037349342e-05,"HVCN1"
8082,2.1381737455876,0.794891438122287,0.00714747085775598,0.580215155248668,3.69613233592653,0.932458281255106,71.9183992993203,3.56105056353072,0.0591502918778995,0.0458182698194067,"SSPN"
10212,0.788420329925298,0.285090215038772,0.00568335633840426,0.229653776104527,1.34718688374607,0,0,0.664522672473251,0.414967795825177,0.038565019381331,"DDX39A"
5585,0.809005854465246,0.283455165034277,0.00431606365593054,0.253443939766205,1.36456776916429,0,0,0.00473245564236639,0.945154512770067,0.030904455535443,"PKN1"
64105,1.30317226638524,0.404949412336267,0.00129037750461621,0.509486002645493,2.09685853012498,0,0,0.0984606571600259,0.753684784375546,0.0120251393218451,"CENPK"
3071,1.44961734924391,0.356462815787248,4.76892920627164e-05,0.75096306847317,2.14827163001465,0,0,0.615110412403541,0.432870112332366,0.000806191808922163,"NCKAP1L"
1017,0.872170371028999,0.273854304235508,0.00144855574896744,0.335425797716128,1.40891494434187,0,0,0.383898057705914,0.535524409634106,0.0131521058338909,"CDK2"
10376,1.8929212662443,0.284080960049736,2.67716783972875e-11,1.33613281585325,2.44970971663534,0,0,0.649063346981293,0.420447756590173,2.39048039622932e-09,"TUBA1B"
9643,0.569448479708819,0.18514725465956,0.00210043006681329,0.206566528739616,0.932330430678022,0,0,0.147058317802271,0.701362536287518,0.017622961164184,"MORF4L2"
9111,1.05165035105192,0.252376589749311,3.08650041159784e-05,0.557001324602227,1.54629937750161,0,0,0.194419155378082,0.659263764244069,0.000567739223050119,"NMI"
9926,0.681366514791587,0.252644334379213,0.00699799582910146,0.186192718510235,1.17654031107294,0,0,0.00191238136492533,0.965119001549105,0.045129169552477,"LPGAT1"
3759,1.76906063836497,0.659805954476743,0.00733623415710526,0.475864730805478,3.06225654592446,0.43193377871733,37.4279274609843,1.59815706819759,0.206164576673744,0.0464962880832691,"KCNJ2"
23682,0.94646759815799,0.346891046041809,0.00636367830830245,0.266573641356619,1.62636155495936,0,0,0.387161826311397,0.533795051752563,0.0420595463876676,"RAB38"
57580,1.2463327111005,0.265226647685898,2.61280722553408e-06,0.726498033895851,1.76616738830516,0,0,0.873845683291243,0.349892856443441,6.86715006274386e-05,"PREX1"
10396,0.886299336070331,0.3251163353042,0.00640877611340978,0.24908302808845,1.52351564405221,0,0,0.41631643787601,0.518780816413528,0.0422540480866035,"ATP8A1"
10385,1.03859030963375,0.331274746896119,0.00171776356966213,0.389303736729731,1.68787688253776,0,0,0.739007500172129,0.389978996784228,0.015078519667809,"BTN2A2"
81578,1.9842652492526,0.32411156200454,9.23109461354979e-10,1.34901826075069,2.61951223775452,0,0,0.474581186560559,0.490887123691792,6.3501453405353e-08,"COL21A1"
1026,1.56446844612637,0.326271583236727,1.62684271160695e-06,0.924987893803521,2.20394899844921,0,0,0.3605847762989,0.548181644979532,4.57927354500971e-05,"CDKN1A"
79026,1.01626277581861,0.282480684641658,0.000321122178484573,0.462610807592742,1.56991474404448,0,0,0.0219112048766171,0.882323560248106,0.00390413916366771,"AHNAK"
1948,1.0371580082914,0.278637896942929,0.000197460719095845,0.491037765555272,1.58327825102752,0,0,3.75314010667805e-07,0.999511192992945,0.00264385588437863,"EFNB2"
55026,2.48263100545584,0.47746081000562,1.99659855462173e-07,1.5468250138155,3.41843699709617,0,0,0.0126971416951777,0.91028299391767,7.49864576934953e-06,"TMEM255A"
57409,1.01018356141225,0.349751434065592,0.0038734260335144,0.324683347102458,1.69568377572205,0,0,0.583346456537195,0.445003598175021,0.028429724120781,"MIF4GD"
718,5.01494750725334,1.54829236409926,0.00119941821550498,1.98035023608041,8.04954477842628,3.98903930490383,83.1919780968485,5.94954008129,0.0147211264148967,0.0113406422157459,"C3"
56261,0.716302707864909,0.164572962402153,1.34598017881176e-05,0.393745628727624,1.03885978700219,0,0,0.610375418794748,0.434646493347185,0.000276644066324984,"GPCPD1"
1059,0.780220722514602,0.291208958477449,0.00737879456878166,0.209461651923383,1.35097979310582,0,0,0.247499656985308,0.618841174445164,0.0466642997987256,"CENPB"
80023,0.886096698497323,0.276402783038832,0.00134679681741575,0.344357198514573,1.42783619848007,0,0,0.267245911888379,0.605185249786694,0.0124268896454978,"NRSN2"
55321,2.73020551363467,0.535441980061378,3.41496826458167e-07,1.68075851690356,3.77965251036579,0,0,0.844394583165084,0.358142934981221,1.20219365825991e-05,"TMEM74B"
80818,0.802524630532289,0.272261704837546,0.0032022821554697,0.268901494681224,1.33614776638335,0,0,0.0499299133264569,0.823185274657255,0.0247004406763146,"ZNF436"
22913,0.753587335099038,0.257678792790434,0.00344985535346579,0.248546181650027,1.25862848854805,0,0,0.379371211456833,0.537939945551394,0.0261905403889522,"RALY"
11190,0.937253642948488,0.285221344972345,0.00101600390223737,0.378230079180617,1.49627720671636,0,0,0.0042064353261996,0.948287827563535,0.0099122869854316,"CEP250"
9572,1.00726293037077,0.357520213990051,0.00484203117121901,0.30653618720522,1.70798967353633,0,0,0.0342044138453065,0.853272682056966,0.0339849590221478,"NR1D1"
6495,1.31507113000875,0.434948024406157,0.00249858058378782,0.462588667025838,2.16755359299167,0,0,0.389521861618505,0.532550838656924,0.0202697725699225,"SIX1"
2123,1.62082301321984,0.527358787078007,0.00211582806355906,0.587218783616215,2.65442724282346,0.162675699680332,20.225480358342,1.25353308862521,0.262878747834311,0.0176861188970656,"EVI2A"
821,0.704294073614436,0.173439569246958,4.89161217743015e-05,0.364358764396258,1.04422938283261,0,0,0.10411869574656,0.746941927044984,0.000825451902231424,"CANX"
5648,1.30727403322319,0.484643067762939,0.00698842136818476,0.357391075050822,2.25715699139555,0,0,0.0656402146380236,0.797793734487824,0.0451268607793272,"MASP1"
8445,1.10924306851814,0.274996379257481,5.49137612760938e-05,0.570260069294557,1.64822606774172,0,0,0.367303239414621,0.544477915735663,0.000911825422765484,"DYRK2"
146330,1.70092320872365,0.430664482318514,7.83041010870615e-05,0.85683633395878,2.54501008348853,0,0,0.131513163647285,0.716868269401339,0.00122196087379265,"FBXL16"
23030,0.668604985462369,0.244386002838703,0.0062218189426981,0.189617221572808,1.14759274935193,0,0,0.0242425920795744,0.876269238768399,0.0413448914758002,"KDM4B"
2791,1.24412337835092,0.279933537504995,8.8156874546388e-06,0.695463726776238,1.7927830299256,0,0,0.276484673808638,0.599014597695188,0.000194218813645253,"GNG11"
7979,1.02122917127383,0.244299152629089,2.91201165186706e-05,0.542411630667159,1.50004671188049,0,0,0.419819206697681,0.517027270386482,0.000541376487870195,"SEM1"
5782,0.809062029499873,0.260851379000309,0.00192464410012076,0.29780272134166,1.32032133765809,0,0,0.436883904033019,0.508630309415339,0.0164761754932878,"PTPN12"
9514,2.16204248360416,0.395133431421373,4.45796951033691e-08,1.38759518893054,2.93648977827778,0,0,0.625401509059144,0.429047104926329,1.99690375109211e-06,"GAL3ST1"
7533,1.15781677373038,0.209846994864292,3.4398679414907e-08,0.746524221532407,1.56910932592835,0,0,0.0325118419645209,0.856908887946224,1.60483527526364e-06,"YWHAH"
23780,1.38042101882005,0.362084123527492,0.000137606217812203,0.670749177332419,2.09009286030769,0,0,0.788231962907918,0.374635277036963,0.00196540745207832,"APOL2"
200316,0.987787081594284,0.301467252427,0.00105065738624525,0.396922124319119,1.57865203886945,0,0,0.978613853585521,0.322541263136685,0.0101840499919085,"APOBEC3F"
9732,0.719243453461083,0.247010925090077,0.00359366420980659,0.235110936496611,1.20337597042556,0,0,0.0993461093148903,0.752615743878574,0.0269335044696066,"DOCK4"
79706,0.599541275711044,0.224832757395324,0.00766205313138073,0.158877168671378,1.04020538275071,0,0,0.000107001538590403,0.991746705774181,0.0479162626949937,"PRKRIP1"
813,1.32461673244724,0.363353295861715,0.00026683730716068,0.612457358894352,2.03677610600013,0.0747933116659929,16.6050257972151,1.19911302756492,0.273499027585482,0.00335299852045428,"CALU"
440275,0.810672930833521,0.242872927081712,0.00084429901023251,0.334650740933543,1.2866951207335,0,0,0.129859106359866,0.718578166983088,0.00855272994362504,"EIF2AK4"
29767,0.997444282700946,0.25251799305571,7.81535075787199e-05,0.502518110863419,1.49237045453847,0,0,0.144846148589162,0.703510037195662,0.0012210240355549,"TMOD2"
54567,2.13037928700821,0.715544057939507,0.00290812611866115,0.727938704095132,3.53281986992128,0.690428362942249,64.3919002347914,2.80834980410009,0.0937747922734634,0.0229349680282716,"DLL4"
60559,0.568269461411197,0.170956686902515,0.000887186384353701,0.233200512165978,0.903338410656416,0,0,0.965550290621079,0.325792436390336,0.00887383829394729,"SPCS3"
112399,4.93378466748019,0.922738607443784,8.94768397455807e-08,3.12525022974573,6.74231910521465,1.36335251604671,79.3193965761826,4.83544884792058,0.0278803823596628,3.67809826307825e-06,"EGLN3"
55320,0.894037788198901,0.248857024111554,0.000327425035009605,0.40628698364044,1.38178859275736,0,0,0.012367784789316,0.911449391694116,0.00397002854949146,"MIS18BP1"
79651,1.58867977048136,0.355947997679496,8.07312055718935e-06,0.891034514660405,2.28632502630232,0,0,0.0316386402435671,0.858823077365867,0.000180813761582365,"RHBDF2"
5589,0.717705654197809,0.215296939910116,0.000857416220907044,0.295731405992298,1.13967990240332,0,0,0.631518334690116,0.426798925193896,0.00866045237872633,"PRKCSH"
341,5.77576207659212,0.923328374210095,3.96570537250192e-10,3.96607171723641,7.58545243594783,1.37101474824062,78.5163488582757,4.65470228222921,0.0309686025282499,2.90595682268714e-08,"APOC1"
147965,0.559467348679045,0.208908906277225,0.00740533777730657,0.150013416326031,0.968921281032059,0,0,0.72491287939105,0.39453710867665,0.0467663556212761,"FAM98C"
84705,0.682945488548703,0.255480061250359,0.00751347841185635,0.182213769729912,1.18367720736749,0,0,0.0167390909923449,0.897057257971673,0.0472942247558633,"GTPBP3"
83483,1.67107184209467,0.413484587142506,5.31246909192509e-05,0.860656943132941,2.48148674105639,0,0,0.406778199408598,0.523609310358693,0.000887583900451374,"PLVAP"
79709,1.7702748453347,0.582374299280813,0.00236771133116186,0.628842193222552,2.91170749744684,0.4035190550095,55.0271070362119,2.2235616481359,0.135919184411574,0.0193595220606763,"COLGALT1"
10095,1.69562792759834,0.362617321719008,2.92409307610313e-06,0.984911036858709,2.40634481833797,0.0736594346992674,18.0931552480268,1.22089918495598,0.269184258779481,7.56728348274442e-05,"ARPC1B"
57688,0.706371413834232,0.237402737798009,0.00292593441343732,0.241070597918928,1.17167222974953,0,0,0.194041524433911,0.659573964806799,0.0229738672301748,"ZSWIM6"
4046,1.31223031484614,0.380292596977748,0.00055938179540346,0.566870521182547,2.05759010850973,0.0721070765139139,11.4369563066915,1.12913915138573,0.287959033937497,0.00618715729895394,"LSP1"
6535,1.46941511975225,0.526011886273467,0.00521407484480726,0.438450767216273,2.50037947228822,0.23717007317243,39.9802925511069,1.6661194172789,0.196779113738368,0.0360519851961724,"SLC6A8"
55558,1.53708537231438,0.2977248745975,2.43320635595826e-07,0.953555340801576,2.12061540382718,0,0,0.157608664797677,0.691367771923483,8.9149242655938e-06,"PLXNA3"
84701,2.76534014923209,0.498548381561951,2.90971956665879e-08,1.78820327681994,3.74247702164425,0,0,0.63214238682635,0.426570559693109,1.37173947263148e-06,"COX4I2"
60401,3.07626046107802,0.355094765665696,4.58663083642327e-18,2.38028750927457,3.77223341288148,0,0,0.931397309025244,0.334500098244052,1.21257928563715e-15,"EDA2R"
51751,3.16098604876524,0.885565767607409,0.000357726365121478,1.42530903831315,4.89666305921732,0.991494374846758,62.2545734270038,2.64932758957192,0.103593707052804,0.00423089875520428,"HIGD1B"
80758,2.34169956491536,0.474807829243611,8.14381448678673e-07,1.41109332002024,3.27230580981048,0.0226858013331636,3.85904965139515,1.04013949973869,0.307789030182898,2.54763458759502e-05,"PRR7"
23180,0.915403492352354,0.31911699270668,0.00412356207229926,0.289945679792531,1.54086130491218,0,0,0.386330216162536,0.534234731204762,0.0298533991343533,"RFTN1"
4245,0.864006331156482,0.236241707862128,0.000254887963946536,0.400981092100478,1.32703157021249,0,0,0.238640784139264,0.625189540118225,0.00324212680933127,"MGAT1"
47,1.35422478383417,0.263244649914887,2.68436862744318e-07,0.838274750878135,1.8701748167902,0,0,0.305748418269222,0.5803009203455,9.75561784469443e-06,"ACLY"
54882,0.433252251168305,0.150183238067696,0.00391632193076788,0.138898513474016,0.727605988862593,0,0,0.121391413864066,0.727530261434291,0.028635449345197,"ANKHD1"
7322,0.782357894743097,0.219773799059528,0.000371091525921826,0.351609163840881,1.21310662564531,0,0,0.660524515029605,0.416374830816593,0.00435004935502874,"UBE2D2"
55107,1.41133938386202,0.423679663065101,0.000864888101232344,0.580942503272358,2.24173626445169,0,0,0.912497581838673,0.339452604120085,0.00870945226426377,"ANO1"
79228,1.35459225021519,0.300989478501349,6.78053540103555e-06,0.764663712627051,1.94452078780332,0,0,0.960015647592224,0.327182935422412,0.00015730321925903,"THOC6"
4131,2.05697420967274,0.267315633648535,1.41575299377065e-14,1.53304519521711,2.58090322412837,0,0,0.0968550848806648,0.755636803565349,2.41627817911516e-12,"MAP1B"
54521,0.762440561295274,0.182985764354238,3.09086852437907e-05,0.403795053477435,1.12108606911311,0,0,0.0805805518100764,0.776512201351054,0.000567768124171702,"WDR44"
57343,0.687659955197467,0.243444905803758,0.00473242174998729,0.210516707602355,1.16480320279258,0,0,0.836370871284535,0.360436770448288,0.0334252256873829,"ZNF304"
22856,0.665031654839375,0.237375161494841,0.00508489477100127,0.199784887485107,1.13027842219364,0,0,0.162907535038879,0.686493606068855,0.0353892887155986,"CHSY1"
3958,1.55809186399693,0.274785343002396,1.42618762853243e-08,1.01952248823274,2.09666123976111,0,0,0.642334684361376,0.422866636513733,7.48221315000108e-07,"LGALS3"
6737,0.946613149268697,0.310823287389881,0.00232291721869362,0.337410700428189,1.55581559810921,0,0,0.0360983896667546,0.849312451296048,0.0190510297199793,"TRIM21"
10489,1.19965151676303,0.281266118439685,1.99738261656493e-05,0.648380054549869,1.75092297897619,0,0,0.0514101793177381,0.82062737619565,0.000390866615662481,"LRRC41"
84034,1.54552631902427,0.368655671631843,2.76103682094616e-05,0.822974479929431,2.2680781581191,0,0,0.8364348226437,0.360418408044924,0.000516325373880957,"EMILIN2"
10346,1.88674538074519,0.352968535540049,9.02354198809191e-08,1.19493976341084,2.57855099807953,0,0,0.315658753209204,0.574228330446866,3.68680050380131e-06,"TRIM22"
5791,1.7429602052645,0.5228566072569,0.000857502330757224,0.718180085962172,2.76774032456683,0.259437499623297,32.1751901558534,1.47438673591254,0.224654838987789,0.00866045237872633,"PTPRE"
5901,0.852994099963817,0.220350222847663,0.000108352689693983,0.421115599197023,1.28487260073061,0,0,0.0846163162652024,0.771136338097373,0.00160188521397366,"RAN"
23480,1.96595303428374,0.569686489854303,0.000558640875107099,0.849388031690264,3.08251803687722,0.399698540538304,56.2155911789287,2.28391801311417,0.130721275015314,0.00618403523733088,"SEC61G"
23208,0.892238449515749,0.229597977835009,0.000101871671604589,0.442234682035906,1.34224221699559,0,0,0.0148405251550631,0.903040232500397,0.00151939795159809,"SYT11"
64900,0.925243683839354,0.339628629934993,0.00644417326429695,0.259583801048086,1.59090356663062,0,0,0.0137760454627555,0.906565747145932,0.0424251895129471,"LPIN3"
51526,0.781446982602351,0.221107514685268,0.000408949839896661,0.348084217108065,1.21480974809664,0,0,0.119132041555708,0.729977773509853,0.00471674139548903,"OSER1"
241,1.21809385083088,0.333308102365051,0.000257625243538973,0.564821974439993,1.87136572722177,0,0,0.553639589537011,0.456834361478287,0.00326769629222575,"ALOX5AP"
9201,1.57596832922284,0.420093545349271,0.00017580079702959,0.752600110200528,2.39933654824516,0,0,0.511545330575225,0.474470658436306,0.00239426479429289,"DCLK1"
84246,0.821566875154799,0.264297033720645,0.00188040739441934,0.303554207841567,1.33957954246803,0,0,2.63492671034638e-06,0.998704837859868,0.0161899954654891,"MED10"
114904,1.28461106477679,0.280636645748472,4.70591281471872e-06,0.734573346367655,1.83464878318592,0.0346094458106034,8.28860647557049,1.09037706392895,0.296387678802778,0.00011536331360155,"C1QTNF6"
84626,1.84847976642626,0.694088353609259,0.00774068094088873,0.488091591263411,3.20886794158911,0.516964802787438,52.4386155209119,2.10254602752298,0.147054093333344,0.048251318134999,"KRABD3"
9645,1.21492651590976,0.327907063467855,0.00021131229523849,0.572240481236473,1.85761255058304,0.0144377751490152,3.05911236581522,1.03155647158255,0.309793377442015,0.0028033724287525,"MICAL2"
4017,3.01225899794345,1.11071013136309,0.00668762093197492,0.835307143208042,5.18921085267885,2.10008396560518,84.4491016168945,6.43049665276189,0.0112177207016788,0.0437502149567287,"LOXL2"
891,1.63781024344942,0.612209120643914,0.00746743459403,0.43790241598041,2.83771807091843,0.45832720094846,53.4815457242319,2.14968449740797,0.142599190239904,0.0470923389295166,"CCNB1"
26191,1.35716682093349,0.400786685359183,0.000708529294700633,0.571639352146311,2.14269428972068,0,0,0.0537018706983256,0.816742570664064,0.00744590840253206,"PTPN22"
51303,2.11826304147431,0.707334403628167,0.0027470380912352,0.731913085336982,3.50461299761163,0.628999914537782,58.4592934148199,2.40727730027769,0.120772257567413,0.0218850081140485,"FKBP11"
129607,0.943258195890203,0.353087074477523,0.00755219455050547,0.251220246507645,1.63529614527276,0,0,0.0287542504456927,0.865347701530116,0.0474272189680788,"CMPK2"
285148,0.613130506283536,0.19052711902701,0.00129054191194169,0.23970421491242,0.986556797654651,0,0,0.034387019860333,0.852885996121854,0.0120251393218451,"IAH1"
3939,2.40272823595978,0.665577766833298,0.000306210311543599,1.09821978405592,3.70723668786364,0.626306780331696,67.0269261705436,3.03277760870039,0.0815982179804217,0.00375671849912862,"LDHA"
3601,1.64493463549374,0.463231402737745,0.000383770654985867,0.737017769619791,2.55285150136769,0,0,0.386455561098244,0.534168418285436,0.00446452091559487,"IL15RA"
1794,2.29220086378533,0.846137982556453,0.00674831980968061,0.633800892023297,3.95060083554735,1.00452640983306,65.5482139154422,2.90260713202392,0.0884364107704319,0.0440191562621788,"DOCK2"
1643,1.80926546009362,0.319607062112997,1.50576101890514e-08,1.18284712914749,2.43568379103975,0.0441723761566536,11.5622980823692,1.1307394678023,0.287617664038854,7.83867792196835e-07,"DDB2"
3703,0.777455614347843,0.181672979468032,1.87378042339745e-05,0.421383117626415,1.13352811106927,0,0,0.0496265110936111,0.823714451110194,0.000370986511727868,"STT3A"
2113,0.68468861928131,0.235757314424158,0.00368181766958875,0.222612773918074,1.14676446464455,0,0,0.610550726656551,0.434580527159028,0.0274270374208478,"ETS1"
301,1.39983448015665,0.32467493116868,1.6215413059902e-05,0.76348330838302,2.03618565193029,0,0,0.884012350463963,0.347105078951598,0.00032680480461384,"ANXA1"
23670,1.36095525217511,0.301299561542224,6.27365172734305e-06,0.77041896299464,1.95149154135558,0,0,0.0410388232273516,0.83946300169495,0.000147157793736901,"CEMIP2"
948,1.64643815416472,0.405958474200223,4.99884008051474e-05,0.850774165513451,2.44210214281599,0,0,0.0303404063313818,0.861720091406299,0.000840391032488532,"CD36"
29923,4.42707912911912,0.357227061315137,2.8552909903209e-35,3.72692695463837,5.12723130359987,0,0,0.0281842053566002,0.866676487279462,3.49980803840879e-32,"HILPDA"
26136,1.06987702604295,0.252834426468059,2.32104720411434e-05,0.574330656113719,1.56542339597219,0,0,0.465201984442521,0.495202801003775,0.000443267414349485,"TES"
29969,0.677820878820249,0.2515082866648,0.0070383552791918,0.184873695143866,1.17076806249663,0,0,0.00201821362150561,0.964167462464412,0.0452974435462258,"MDFIC"
517,0.668717088582674,0.231695597306347,0.00389938961774487,0.214602062485739,1.12283211467961,0,0,0.476856347539189,0.489849723154514,0.028558104408503,"ATP5MC2"
967,1.40805502738571,0.409336246337865,0.000582038035484359,0.605770726996674,2.21033932777474,0.0829837119860706,19.9742813458694,1.24959827517698,0.263629218413432,0.00638017791254927,"CD63"
23493,1.08789350740821,0.353758732579627,0.00210332223843495,0.39453913233561,1.78124788248082,0,0,0.673152980411087,0.411954489660907,0.0176362523263796,"HEY2"
8676,1.01547200795773,0.375391414862671,0.00682834513755792,0.279718354721364,1.7512256611941,0,0,0.00481804733716157,0.944661553532935,0.0443908281049631,"STX11"
10505,0.782211403836571,0.291616793145246,0.00731121012352069,0.210652991984823,1.35376981568832,0,0,0.883336259139311,0.347289530324943,0.0464328997152282,"SEMA4F"
8291,1.49877444162505,0.336714298831831,8.5401504603677e-06,0.838826542835004,2.1587223404151,0,0,0.00760876511588972,0.930490095989562,0.000189698267968925,"DYSF"
116496,1.1826335653252,0.242612276721082,1.09038794869725e-06,0.707122240744616,1.65814488990579,0,0,0.300346171423469,0.58366548375055,3.27432087133296e-05,"NIBAN1"
3915,1.14964293977902,0.262292390688843,1.17024575403125e-05,0.635559300609978,1.66372657894806,0,0,0.256085613643975,0.612822235540229,0.000247109387027576,"LAMC1"
55619,1.27972271225863,0.336182555815414,0.000140873072206461,0.620817010629796,1.93862841388747,0,0,0.0101607652088664,0.91970873380796,0.00200569338179484,"DOCK10"
10154,0.893155813966817,0.294957736724735,0.00246112398153553,0.31504927302489,1.47126235490874,0,0,0.200450711579769,0.654357290333507,0.0200140739704726,"PLXNC1"
55332,1.03546042529824,0.249683465656712,3.36724062763442e-05,0.546089825075943,1.52483102552054,0,0,0.276762602614788,0.598831015338791,0.000608585863034783,"DRAM1"
84102,1.0517020432077,0.309180963037478,0.000669988932121294,0.44571849094883,1.65768559546656,0,0,0.646371103816728,0.421413100332053,0.00711856640803105,"SLC41A2"
26586,0.852463120244924,0.281929633507622,0.00249725910713948,0.299891192395407,1.40503504809444,0,0,0.50822239847154,0.47590938031153,0.0202697725699225,"CKAP2"
55901,1.39647600820575,0.475248224877748,0.00329896234779426,0.465006603728769,2.32794541268272,0,0,0.733692822686383,0.391688813519865,0.0253482266469967,"THSD1"
3936,1.65349438066809,0.341980760133735,1.33111573249734e-06,0.983224407400341,2.32376435393584,0,0,0.179797125753915,0.671547645440142,3.85966310134659e-05,"LCP1"
10457,2.48039146580588,0.412758354508953,1.86318583091628e-09,1.67139995665032,3.28938297496144,0,0,0.0100804714277655,0.920025538531272,1.1905845762201e-07,"GPNMB"
28969,0.596615251467137,0.222118134800194,0.007230729987285,0.161271706945544,1.03195879598873,0,0,0.132677700999789,0.715671703606866,0.0461221564157379,"BZW2"
28988,0.820914946549563,0.176266160116565,3.20466748784309e-06,0.475439621027924,1.1663902720712,0,0,0.720145299098329,0.39609625255381,8.16796441183145e-05,"DBNL"
83605,1.16651555038168,0.200187530478584,5.63941099939133e-09,0.774155200489639,1.55887590027372,0,0,0.00435482042481207,0.947384940464235,3.3203571399473e-07,"CCM2"
57538,1.37887934738015,0.35840632157978,0.000119450212537031,0.676415865252305,2.081342829508,0,0,0.115792974284189,0.7336429156133,0.00174490489234756,"ALPK3"
53346,1.38779992917133,0.356586250960591,9.94600581532729e-05,0.688903719906408,2.08669613843625,0,0,0.0982587257455132,0.753929322681877,0.00149002218231175,"TM6SF1"
80774,1.65279778079676,0.596353330912261,0.00557973720891777,0.48396673014823,2.82162883144529,0.439052354192808,54.2893481309769,2.187673898997,0.139119273350994,0.0379765758646332,"LIMD2"
64108,2.48195601951043,0.69488752581193,0.000354620396366749,1.1200014956129,3.84391054340796,0.590877259481341,57.0460546229654,2.32807485138409,0.127058928739646,0.00420153497733996,"RTP4"
3142,2.46454889945427,0.8556125600138,0.00397108373542484,0.787579097107107,4.14151870180144,1.08724153978874,71.1209302773294,3.46271541847825,0.062767157774374,0.028957340186443,"HLX"
2995,1.25909941437929,0.468950305684436,0.00725446880601394,0.33997370469875,2.17822512405984,0.177009607787106,34.1170012934507,1.51784226527715,0.217946315068865,0.0462163639020081,"GYPC"
29988,0.700645927298838,0.24613457159691,0.00441892676135487,0.218231031618699,1.18306082297898,0,0,0.339195168065214,0.560294154933779,0.0315073450678729,"SLC2A8"
23452,1.22534344460139,0.43938549336745,0.00529092336734927,0.364163702271827,2.08652318693096,0.0766059122803162,16.7391802156746,1.20104510451657,0.273112895600514,0.0364400166612205,"ANGPTL2"
7099,0.875064771390709,0.253219421151243,0.000548749913410754,0.378763825748192,1.37136571703323,0,0,0.00113679385816208,0.97310332203966,0.00609958374486166,"TLR4"
79139,1.20167611621765,0.289558534182617,3.32434146387543e-05,0.634151817803513,1.76920041463179,0,0,0.0619426799209385,0.80345139096382,0.000604071374089386,"DERL1"
4856,1.41448239854116,0.465138353144238,0.00235799443053432,0.502827978550177,2.32613681853214,0,0,0.148387997309041,0.700080629963652,0.0193034844607737,"CCN3"
3134,1.76494976481587,0.316890978256219,2.55353614944373e-08,1.14385486040802,2.38604466922373,0,0,0.374703147386889,0.540451744670083,1.2252429858701e-06,"HLA-F"
132864,0.967991625578845,0.220059907948498,1.08869079341729e-05,0.536682131558589,1.3993011195991,0,0,0.186037934820945,0.666234873630004,0.000232627860026075,"CPEB2"
7097,1.00988432936778,0.333926982046636,0.00249236427124534,0.355399471090216,1.66436918764534,0,0,0.0337021401049417,0.854341835081466,0.0202437032946994,"TLR2"
11309,1.05339769084382,0.310683850709137,0.00069745517690538,0.444468532875695,1.66232684881195,0,0,0.00181051958308501,0.966060093556266,0.0073524535967281,"SLCO2B1"
10068,1.78539402474946,0.305213585797924,4.92595149628393e-09,1.1871863889932,2.38360166050572,0,0,0.396488135769355,0.528908525854251,2.94320007435226e-07,"IL18BP"
54843,1.81424380987508,0.474802977202861,0.000132887095672702,0.88364707480508,2.74484054494508,0,0,7.58214643991005e-05,0.993052466374704,0.00190608160739898,"SYTL2"
84259,0.811765542074598,0.228805408242359,0.000388400463663617,0.36331518245159,1.26021590169761,0,0,0.038873918821959,0.843698653888171,0.00450671553491958,"DCUN1D5"
834,1.41644036082727,0.31488506863532,6.85063015530443e-06,0.799276967032623,2.03360375462192,0,0,0.486614734409888,0.485441292656501,0.000158434041824991,"CASP1"
58472,0.964943361078511,0.253069066675038,0.00013730985499831,0.468937104794271,1.46094961736275,0,0,0.915267910403084,0.338720539825381,0.00196403459085103,"SQOR"
51203,2.12624411378544,0.307202015094128,4.47447619869159e-12,1.52413922822282,2.72834899934806,0,0,0.827991978858242,0.362853812620509,4.64072019899682e-10,"NUSAP1"
51187,0.653553030482181,0.201282561613076,0.00116651696605988,0.259046459004588,1.04805960195977,0,0,0.470058282467672,0.492960357109402,0.0110854970841573,"RSL24D1"
10561,1.46331688315276,0.350075693863282,2.91507327889759e-05,0.777181131317854,2.14945263498766,0,0,0.178485163360048,0.672678312129157,0.000541376487870195,"IFI44"
10669,2.0431031032092,0.45734559530348,7.92104797040384e-06,1.14672220792635,2.93948399849206,0,0,0.223442202438997,0.636429556944857,0.000177702978011572,"CGREF1"
109,1.3618675543917,0.341995074301409,6.83014869620421e-05,0.691569525870839,2.03216558291256,0,0,0.810597680258628,0.367943605337642,0.00109371609110358,"ADCY3"
26509,1.93237629022853,0.321738944273087,1.90111780464722e-09,1.30177954702934,2.56297303342772,0,0,0.0414393359465395,0.838692243305993,1.20341649577739e-07,"MYOF"
57559,1.75268347072858,0.320576679412231,4.56985803445703e-08,1.12436472479717,2.38100221666,0,0,0.106066279664359,0.744667851591632,2.02017691405194e-06,"STAMBPL1"
953,1.13952398657007,0.268228180058462,2.15362238075472e-05,0.613806414016755,1.66524155912338,0,0,0.174246517744628,0.67636504290116,0.000415411882113245,"ENTPD1"
4664,0.676033680324141,0.203297249305332,0.000883088926066145,0.27757839352963,1.07448896711865,0,0,0.384926734109803,0.534978254289855,0.00885255612650545,"NAB1"
57520,1.08958835444808,0.329219969812753,0.000934274159072309,0.444329070623717,1.73484763827243,0,0,0.167965457859065,0.681926335662853,0.00926918210947163,"HECW2"
83666,0.950097046377908,0.291256182975424,0.0011060318209272,0.379245417471468,1.52094867528435,0,0,0.306435586009843,0.579875733432539,0.0106411680728184,"PARP9"
4283,1.99205453339201,0.474146754132417,2.65332797825018e-05,1.06274397190591,2.92136509487812,0,0,0.669128665093171,0.413355559038965,0.000496872515704822,"CXCL9"
55589,1.32316470398546,0.274193829260257,1.39544192170247e-06,0.785754673852231,1.86057473411869,0,0,0.0946411689741888,0.758357764728798,4.03749859019623e-05,"BMP2K"
23162,0.907755136183127,0.309731444157127,0.00338110680924699,0.300692660755579,1.51481761161068,0,0,0.000181850443754802,0.989240698404533,0.0258139655204287,"MAPK8IP3"
55080,1.20975683227631,0.439148372800648,0.00587317438896579,0.349041837717674,2.07047182683495,0.163980395264013,34.0769676145131,1.51692051141166,0.218086107123758,0.0396247169622893,"TAPBPL"
939,2.71113366431917,0.569164660854223,1.90399892528093e-06,1.59559142777194,3.82667590086641,0,0,0.00107904449360367,0.973795152316798,5.24981953160793e-05,"CD27"
9169,0.573699935593492,0.170708604728031,0.000777459990157351,0.239117218475467,0.908282652711516,0,0,0.162122579155628,0.687209781090296,0.00804489105701578,"SCAF11"
11010,1.60721323809371,0.399274661557122,5.68948868680232e-05,0.824649281502336,2.38977719468509,0,0,0.290222497777347,0.590077983757306,0.000937791882202392,"GLIPR1"
22822,1.01957141745719,0.296108537438559,0.000574798620253049,0.439209348562786,1.5999334863516,0,0,0.2580008642678,0.611496926211856,0.00632137830087428,"PHLDA1"
121260,2.16856733673603,0.332448858644286,6.891011818255e-11,1.51697954709178,2.82015512638027,0,0,0.327332000559172,0.567234342170033,5.70009278193449e-09,"SLC15A4"
6996,0.872543686743983,0.273496110883009,0.00142108911712913,0.336501159501513,1.40858621398645,0,0,0.166167197513017,0.683540850127636,0.0129813987576234,"TDG"
9815,1.61102856850381,0.296724727569215,5.65530794831919e-08,1.02945878914568,2.19259834786193,0,0,0.668887901746311,0.413439603943846,2.44392682907653e-06,"GIT2"
6541,1.54589454176412,0.349223597877846,9.57028804277346e-06,0.861428867372039,2.23036021615619,0,0,0.215817357101646,0.642245531641768,0.00020845911741634,"SLC7A1"
675,1.28542070933452,0.341514761525972,0.000167296935666955,0.616064076554831,1.95477734211421,0,0,0.416635002024531,0.518620906430401,0.00230404962573806,"BRCA2"
23344,0.962218752425779,0.332127773605227,0.00376588550472858,0.311260277894062,1.6131772269575,0,0,0.146487760093107,0.701914633261188,0.0278679661143005,"ESYT1"
7168,1.04387838561253,0.366499031888271,0.00439613121926768,0.32555348274272,1.76220328848234,0.0939305366044718,24.0268704227212,1.31625484637014,0.251265296313643,0.0313779974745295,"TPM1"
5371,1.28999425925096,0.480628921775847,0.00727533390484709,0.347978882641977,2.23200963585994,0.261898719865503,45.8841325306595,1.84788685234798,0.174029366089013,0.0462996509185607,"PML"
5046,4.13584736759159,0.593538563334833,3.21206383851867e-12,2.97253316001967,5.29916157516351,0.312579611703496,42.1855138601486,1.72967030716321,0.18845300784941,3.43716323291645e-10,"PCSK6"
5428,1.07789538288334,0.247367070179942,1.31572593530707e-05,0.593064834369464,1.56272593139722,0,0,0.150371247669111,0.698180832934099,0.000272046304080935,"POLG"
55215,1.02155736443866,0.281105671208522,0.000278986356865597,0.470600373019997,1.57251435585732,0,0,0.0175312130180848,0.894663574800011,0.00347008583913178,"FANCI"
374655,2.07464849865145,0.310701564235744,2.43379371271385e-11,1.46568462280914,2.68361237449377,0,0,0.528868139354575,0.467083106233953,2.20233829721616e-09,"ZNF710"
55784,0.956853324080469,0.326850883714587,0.00341707929598303,0.316237363684788,1.59746928447615,0,0,0.255699562690377,0.613090127395089,0.0259856064003041,"MCTP2"
8826,0.470347260879802,0.124615403893822,0.000160399010043502,0.226105557328999,0.714588964430604,0,0,0.153831260154988,0.694900629668065,0.00222725010547532,"IQGAP1"
64784,0.717860511177318,0.241973312270312,0.00301021448904152,0.243601533907642,1.19211948844699,0,0,0.5576093762929,0.455225067988159,0.0235285344670996,"CRTC3"
3687,1.74517871511053,0.483371984111785,0.000305694666843839,0.797787035115762,2.69257039510529,0.0962909892144874,14.9274253065432,1.17546695113356,0.278280770029799,0.00375380800824724,"ITGAX"
221184,1.49155033111509,0.285546753165125,1.75582876857887e-07,0.931888979009094,2.05121168322108,0,0,0.453407023819831,0.500721437945792,6.68752522224547e-06,"CPNE2"
84166,1.66331144830178,0.293822902851634,1.50553154139076e-08,1.08742914087956,2.23919375572399,0,0,0.000108430274146939,0.991691789508623,7.83867792196835e-07,"NLRC5"
8996,2.81293970842562,0.323085002086785,3.13400784530459e-18,2.17970474039047,3.44617467646076,0,0,0.414076666365091,0.519907569234661,8.45116555564836e-16,"NOL3"
1012,1.52705759905937,0.226139827712893,1.45104722318905e-11,1.08383168127201,1.97028351684673,0,0,0.213799902627737,0.643805242990461,1.39746212216129e-09,"CDH13"
3394,1.11935510621933,0.348992688058994,0.00133946010174137,0.435342006755879,1.80336820568278,0,0,0.258262110392472,0.611316629873341,0.0123867905019059,"IRF8"
2589,0.738149983076486,0.275283578378653,0.00733111648214137,0.198604083919018,1.27769588223396,0,0,0.035133750232333,0.851315669903401,0.0464936234848129,"GALNT1"
409,0.943161835609463,0.30988952873888,0.00233810701992659,0.335789520095167,1.55053415112376,0,0,0.0147990046849122,0.903175294665561,0.0191639495134773,"ARRB2"
9123,3.7432062573577,0.988685405451948,0.000153064701743972,1.80541847063151,5.6809940440839,1.65478523066083,83.7936766198584,6.17043098884074,0.0129902958325905,0.00214752484247031,"SLC16A3"
91039,1.21271338446323,0.338680497066332,0.000342674428760978,0.548911807947101,1.87651496097937,0,0,0.529847162577716,0.466671122588591,0.00409599230761016,"DPP9"
641649,3.54391225892408,1.0025980861946,0.000408193981787208,1.57885611901388,5.50896839883428,1.61396774944357,78.2722644219323,4.60241241618117,0.0319270002194769,0.0047120543291412,"TMEM91"
2014,1.41082897396007,0.294021201253178,1.59944528940256e-06,0.834558008812639,1.9870999391075,0,0,0.925678284889993,0.33598844375726,4.51157339686501e-05,"EMP3"
79760,1.17155448115166,0.310443577046294,0.00016077445726783,0.563096250909138,1.78001271139418,0,0,0.0308226225789168,0.860636700555884,0.00222880023872746,"GEMIN7"
79180,0.810244568641762,0.20853223518461,0.000102134474626677,0.40152889806429,1.21896023921923,0,0,0.137321293716811,0.710958665565466,0.00152163438827789,"EFHD2"
127703,1.30253267189529,0.395904683997541,0.00100181751620511,0.526573749949394,2.07849159384118,0.0768651994680215,14.8867705685518,1.1749054837655,0.278395583489515,0.00979514544669582,"C1orf216"
10733,1.15673301966875,0.32210892544899,0.00032925521519802,0.525411126689831,1.78805491264767,0,0,0.696559178880324,0.403942280942873,0.00398863258446982,"PLK4"
3339,1.50606256497084,0.4813223077025,0.00175396027799629,0.562688176918231,2.44943695302344,0.18524259592913,33.5202509521752,1.50421747121911,0.220023573717138,0.0153271640546203,"HSPG2"
6202,1.18648874279159,0.306006458213734,0.000105608046770878,0.586727105656011,1.78625037992717,0,0,0.335135988272518,0.562650368473706,0.00156991542956092,"RPS8"
2212,1.31050216888204,0.448820489387586,0.0035016569645571,0.430830174158728,2.19017416360535,0.162530976651302,27.3067787404418,1.37564408712802,0.240844513475981,0.0264497707860635,"FCGR2A"
83540,1.87238439268762,0.41298683736233,5.79420737715401e-06,1.06294506536835,2.68182372000689,0,0,0.0603183017648406,0.805993557124994,0.000137541017722126,"NUF2"
8490,2.31200788698398,0.491517574933985,2.55344269468719e-06,1.3486511423449,3.27536463162306,0.230679411930822,40.9731980551948,1.69414565426581,0.19305538102509,6.72423200243504e-05,"RGS5"
56950,1.33213632846333,0.235937472027451,1.64088903958029e-08,0.869707380686098,1.79456527624056,0,0,0.458332819516724,0.498404164570171,8.44431561857292e-07,"SMYD2"
8560,0.923048514005821,0.280742745449752,0.00100944784860165,0.372802844003412,1.47329418400823,0,0,0.0601441464120484,0.806268256152838,0.00986259807441741,"DEGS1"
29097,0.790582688403801,0.17153617660943,4.04922960566362e-06,0.454377960203616,1.12678741660399,0,0,0.108653603866901,0.741682225996068,0.000101479112961269,"CNIH4"
8497,1.9539538552922,0.381281046460564,2.97999933310422e-07,1.20665673624175,2.70125097434265,0,0,0.000666296826941231,0.97940671129918,1.06576474822929e-05,"PPFIA4"
7851,1.49576466552516,0.30002009838696,6.17863688493798e-07,0.907736078048555,2.08379325300176,0,0,0.512496880861819,0.474059968581018,1.99297993109136e-05,"MALL"
128966597,1.49576466552516,0.30002009838696,6.17863688493798e-07,0.907736078048555,2.08379325300176,0,0,0.512496880861819,0.474059968581018,1.99297993109136e-05,"LOC128966597"
129804,1.72097085986615,0.383514817253942,7.21095709062432e-06,0.969295630510959,2.47264608922133,0,0,0.710245034302195,0.399362478450504,0.000164509872170707,"FBLN7"
80856,0.635805208927714,0.190684340924792,0.000855040360024352,0.262070768299366,1.00953964955606,0,0,0.0733574305061957,0.786509656572141,0.00864854401666042,"LNPK"
51365,2.20309819256087,0.600721759051299,0.0002450114479622,1.02570518009077,3.38049120503096,0.284250348348025,38.5086514760352,1.62624503121813,0.202223201132971,0.00314318682480908,"PLA1A"
141,1.04443299440122,0.30564621422362,0.000632849409358769,0.445377422511907,1.64348856629052,0,0,0.480533078002179,0.488180953379889,0.00680991753973638,"ADPRH"
7873,0.970033299105327,0.257936418129543,0.000169407522808524,0.464487209270158,1.4755793889405,0,0,0.602735698665259,0.437536132698982,0.00232836047913082,"MANF"
890,1.16449268602255,0.394918085117478,0.00319119521736459,0.390467462348773,1.93851790969634,0.0719715453192025,7.85702905751909,1.0852699774834,0.297521610277792,0.0246431186229821,"CCNA2"
6189,0.692083700142707,0.214173538493207,0.00123178722136774,0.272311278254519,1.11185612203089,0,0,0.463866453212715,0.495822503277205,0.0115736495510113,"RPS3A"
285533,1.85109301592756,0.529221245351577,0.000469169468629777,0.813838435185037,2.88834759667009,0.0304683527610476,2.51401200802682,1.02578844467611,0.311149897660279,0.00530244085962723,"RNF175"
9180,2.04500633677692,0.724779821994534,0.00477913993644593,0.624463988946286,3.46554868460756,0.651316985962752,59.235380131141,2.45310762915742,0.117292449704642,0.0336486390407835,"OSMR"
3001,2.11462360880738,0.783125852563762,0.00692905737610792,0.579725142420183,3.64952207519458,0.733377366962865,56.5375371158341,2.30083601719753,0.129304385494625,0.0448509268372843,"GZMA"
10184,2.28916657086315,0.686013874785733,0.00084715370584555,0.944604083388348,3.63372905833796,0.617697462148684,59.2410060777433,2.45344623056052,0.117267156537355,0.00857520526720386,"LHFPL2"
5066,0.748686651240092,0.186027475413819,5.7071621394628e-05,0.384079499294096,1.11329380318609,0,0,0.722000265214217,0.395488568726023,0.000939556375169438,"PAM"
25816,1.08399040888129,0.277500245475892,9.37324392773254e-05,0.540099922047515,1.62788089571506,0,0,0.936246310649123,0.333245067803952,0.00141840008841322,"TNFAIP8"
56929,0.985851845060353,0.249425863851751,7.73439608779665e-05,0.49698613509813,1.47471755502258,0,0,0.044352590369308,0.833198985491199,0.0012125914238577,"FEM1C"
9140,0.611329674972431,0.16726322679691,0.000257286394475031,0.283499774512532,0.939159575432331,0,0,0.460461663381231,0.497408293211482,0.00326647123983695,"ATG12"
23092,0.864428698980955,0.324894089196768,0.00779905214155971,0.227647985365346,1.50120941259656,0,0,0.446543330267383,0.5039810590625,0.0485254360981308,"ARHGAP26"
54540,0.79916289404804,0.290553068345751,0.00595064671683967,0.229689344492763,1.36863644360332,0,0,0.456984271432499,0.499036760780378,0.0400562005407635,"FAM193B"
79930,1.83511464788389,0.612140723377612,0.00271878954523304,0.635340876593479,3.03488841917431,0.415395996572673,44.4092826791707,1.79886147938823,0.1798501974323,0.0217332740572245,"DOK3"
9586,1.20032058941114,0.450836300736652,0.00775784493674551,0.316697677044034,2.08394350177824,0.175097917145654,27.3647243706885,1.37674152309055,0.240656965162373,0.0483359626996949,"CREB5"
1956,1.6994851062454,0.337217517433913,4.66190027858738e-07,1.03855091711892,2.36041929537187,0,0,0.00473671600103051,0.945129870135302,1.54818722798506e-05,"EGFR"
3486,3.91104149839913,0.999800919446139,9.16030763087073e-05,1.95146770457466,5.87061529222359,1.57306715597895,78.5597133222113,4.66411673980068,0.0307992613270264,0.00139557545522068,"IGFBP3"
55281,1.54363857098586,0.525914140874646,0.00333383049092164,0.512865795911229,2.57441134606049,0.354148053712915,55.4147161281389,2.24289252676739,0.134229676081468,0.0255543129670816,"TMEM140"
8473,0.707411102575353,0.239131819346648,0.00309393617020001,0.238721349098384,1.17610085605232,0,0,0.083858478426088,0.7721350566694,0.0240158557183689,"OGT"
3561,1.86366879812128,0.456306523689268,4.4219872099927e-05,0.969324445779642,2.75801315046292,0,0,0.84579891747472,0.357743526763479,0.000762425237242091,"IL2RG"
55790,0.856809543386845,0.261268098297743,0.00104018276102655,0.344733480413998,1.36888560635969,0,0,0.574255433837179,0.44857285811711,0.0101188918953254,"CSGALNACT1"
7436,1.01134081741432,0.218872455312202,3.82473883552456e-06,0.582358687794551,1.44032294703409,0,0,0.29458966881277,0.587294263469671,9.63905676997712e-05,"VLDLR"
123,1.87410195742866,0.304639340065456,7.65740953463145e-10,1.27701982262631,2.471184092231,0,0,0.283994008647716,0.594095271675866,5.31586081836854e-08,"PLIN2"
54801,0.75703233977298,0.236883233501404,0.00139441893457931,0.292749733568837,1.22131494597712,0,0,0.168123932864486,0.681784538347366,0.0127810676376158,"HAUS6"
1030,2.53826876019249,0.325259927834456,6.00625544182534e-15,1.90077101602286,3.17576650436212,0,0,0.0491152634929165,0.824609994504736,1.09435597462339e-12,"CDKN2B"
1029,4.91039579355111,1.38303001889076,0.000384555365792243,2.19970676698747,7.62108482011476,3.10515654638235,80.3077640338978,5.07814349635753,0.0242293002571154,0.00446594314985083,"CDKN2A"
7357,0.848477711606122,0.214770519390052,7.79474829125753e-05,0.427535228660659,1.26942019455158,0,0,0.588727125162689,0.44291175404247,0.00121921799548753,"UGCG"
54107,0.652894882456226,0.242834489390057,0.00717434251317472,0.176948029047541,1.12884173586491,0,0,0.381204382809892,0.536959374884558,0.0459084530420124,"POLE3"
23412,0.841871489102226,0.267519694358104,0.00164982355678627,0.317542523005179,1.36620045519927,0,0,0.00364540294470073,0.951855239283351,0.0145770452268344,"COMMD3"
6935,0.722573829212562,0.227092193364417,0.00146336400064813,0.277481309048098,1.16766634937702,0,0,0.00495668885601834,0.943872301829662,0.0132112444158735,"ZEB1"
133,2.4589499192051,0.372937341953252,4.29673368322528e-11,1.72800616048663,3.18989367792357,0,0,0.0140124210960357,0.90577126828103,3.73944972227524e-09,"ADM"
85456,0.946157170576629,0.335942763979094,0.00485615725432519,0.287721452310765,1.60459288884249,0,0,0.726960746826592,0.393870106119704,0.0340486574415322,"TNKS1BP1"
6749,0.501346676533787,0.189139120373686,0.00803306735286669,0.130640812533776,0.872052540533798,0,0,0.00568501780113633,0.93989720945614,0.0497062171265266,"SSRP1"
6188,1.03586668958705,0.349942843634119,0.00307536694058214,0.349991319416643,1.72174205975745,0.0812518942131037,21.9672442367418,1.28151311615071,0.257617886429621,0.0239130175662451,"RPS3"
6094,1.10241758221769,0.349438123986926,0.00160592113309296,0.417531444378076,1.78730372005731,0,0,0.0724887597771508,0.78774702685229,0.0142733254037524,"ROM1"
10205,1.65459812846549,0.338292565788589,1.00311118530224e-06,0.991556883282206,2.31763937364877,0,0,0.191462537020523,0.661702138191744,3.03931418234383e-05,"MPZL2"
79980,0.807149646732582,0.237173934126062,0.000666022137609908,0.342297277773826,1.27200201569134,0,0,0.000785747579313132,0.977637275369354,0.00709318837392921,"DSN1"
226,1.60632746085763,0.280604809458069,1.03727422274685e-08,1.05635214043109,2.15630278128417,0,0,0.640864192043186,0.423398033885606,5.75537791987478e-07,"ALDOA"
8448,1.9241125427065,0.499562264059611,0.000117350005539987,0.944988497114371,2.90323658829862,0,0,0.832455425004668,0.361563476916983,0.00171981535293005,"DOC2A"
3688,0.645569609933719,0.241632425571895,0.00754678442429283,0.17197875831575,1.11916046155169,0,0,0.407500612175618,0.523240829640425,0.0474153282352005,"ITGB1"
7424,1.9511286069338,0.282085401714816,4.61956072830234e-12,1.39825137900825,2.50400583485935,0,0,0.0796275548215439,0.777802772646614,4.71860131058337e-10,"VEGFC"
9871,1.27374882231399,0.262314892455971,1.19901287671971e-06,0.759621080491792,1.78787656413619,0,0,0.390833727189573,0.531861484664496,3.55342902912069e-05,"SEC24D"
7316,1.12345799908744,0.360014783928537,0.00180490046756221,0.41784198868554,1.82907400948934,0,0,0.273334682935137,0.601103560088474,0.0156901824655972,"UBC"
253430,0.72837884160953,0.272951568119322,0.00761844784578782,0.193403598571927,1.26335408464713,0.0224913773272476,4.98540677702028,1.05246990602086,0.30493893035581,0.047709954623668,"IPMK"
196463,0.980993730092845,0.309802880960594,0.00154280367593702,0.373791241103331,1.58819621908236,0,0,0.971458871210673,0.324316609968634,0.0137759085845423,"PLBD2"
283464,0.683256251751133,0.257812604716084,0.0080442946072942,0.177952831747147,1.18855967175512,0,0,0.418031360627051,0.517920995095448,0.0497300431866794,"GXYLT1"
57182,0.56861371065235,0.1946960230833,0.00349447298258916,0.187016517475903,0.950210903828797,0,0,0.0436606440774273,0.834486259497796,0.0264251145396801,"ANKRD50"
2313,0.853427193190159,0.256759320191724,0.000887867547381771,0.350188172919393,1.35666621346093,0,0,0.137157244527954,0.711123612347613,0.00887406830344583,"FLI1"
636,1.49408829621184,0.523513864701656,0.00431777943410187,0.468019975989219,2.52015661643446,0.270684123527023,38.1059441875218,1.61566403570275,0.203697437378319,0.030904455535443,"BICD1"
26278,1.24342550670503,0.321144223646318,0.00010800794096847,0.613994394515173,1.87285661889489,0,0,0.699889143703881,0.402820946073089,0.00159854123828527,"SACS"
23704,0.912452076766464,0.316418461006534,0.00393048123952715,0.292283289150066,1.53262086438286,0,0,0.243799527911767,0.621475263356655,0.0287186727057549,"KCNE4"
80097,0.652406980327195,0.237748047566867,0.00606750584500532,0.18642936970142,1.11838459095297,0,0,0.238408724660515,0.625357787251209,0.0406335488840645,"MZT2B"
81615,1.54811789519362,0.430844638519842,0.000326621476605918,0.703677920762554,2.39255786962469,0,0,0.823423230397842,0.364181191130014,0.00396385001717155,"TMEM163"
26353,1.53370528785678,0.469380036442921,0.00108496951363067,0.613737321366555,2.453673254347,0,0,0.52887102007442,0.467081893140591,0.0104714702593288,"HSPB8"
5163,1.60966026290553,0.297863979595076,6.51668957157923e-08,1.02585759060741,2.19346293520365,0,0,0.0453569801758004,0.831348972016331,2.78052295865832e-06,"PDK1"
114908,0.896568217751798,0.219350546743518,4.36279235062869e-05,0.466649046145334,1.32648738935826,0,0,0.0686881996769789,0.793256422135456,0.000754147811070854,"TMEM123"
4154,0.901890527275326,0.240451299556965,0.000176254325108991,0.430614640107824,1.37316641444283,0,0,0.117925148232029,0.73129582006441,0.00239614221091183,"MBNL1"
2697,2.26915843239806,0.586013494077643,0.000107859670989099,1.1205930895514,3.41772377524472,0.39598021452329,53.0482769219162,2.1298472866202,0.144455147173877,0.00159810103730332,"GJA1"
25780,0.619710954792693,0.212784509498747,0.00358677326108315,0.202660979707129,1.03676092987826,0,0,0.851616780594743,0.356095360426763,0.0268968097214594,"RASGRP3"
3087,1.17235865736809,0.39892338247639,0.00329478629980157,0.39048319512347,1.95423411961271,0,0,0.968528247791261,0.325047504098689,0.0253414738620791,"HHEX"
5796,0.721851163743677,0.227586909735586,0.00151517923596147,0.275789017309159,1.16791331017819,0,0,0.150588139032183,0.697973944050462,0.0136013060176222,"PTPRK"
3140,0.966411197630843,0.267871611404678,0.0003088754687642,0.441392486796966,1.49142990846472,0,0,0.207653039076502,0.648613179920507,0.00378172184080503,"MR1"
283349,1.00958601110538,0.252408821143313,6.33947548547413e-05,0.514873812284279,1.50429820992649,0,0,0.393749122563698,0.530335257770159,0.0010310633048329,"RASSF3"
84910,0.592380967303611,0.217534874147661,0.00646619040914975,0.166020448592741,1.01874148601448,0,0,0.00351639617834905,0.952713791199491,0.0425286074568615,"TMEM87B"
51571,0.765425159236047,0.281639956675292,0.00657287726962161,0.213420987545054,1.31742933092704,0,0,0.0394482279196957,0.842563309164367,0.0431120500102479,"CYRIB"
50807,1.18791616664497,0.302638044824528,8.66561464224328e-05,0.594756498437281,1.78107583485267,0,0,0.0865127335758892,0.768658208194583,0.0013277100252428,"ASAP1"
79888,3.50490933958742,1.21433902577619,0.00389838544456244,1.12484858404463,5.88497009513021,2.58610733534498,87.2737154459362,7.85775295021732,0.00506032430556175,0.028558104408503,"LPCAT1"
925,2.28004621970257,0.461791987111354,7.91758458944584e-07,1.37495055661513,3.18514188279,0,0,0.00158486790534461,0.968244285233335,2.5000654102927e-05,"CD8A"
221895,1.21543172250107,0.380272252588567,0.00139243508966295,0.470111803107559,1.96075164189458,0.119327630552775,22.9644508770187,1.29810199496804,0.254560207289275,0.0127715661999494,"JAZF1"
10750,1.97375258883382,0.715367713223026,0.00579653749350605,0.571657635213915,3.37584754245373,0.528634463715604,40.650075767842,1.68492211731951,0.19427170068762,0.0392342946912359,"GRAP"
400581,1.97375258883382,0.715367713223026,0.00579653749350605,0.571657635213915,3.37584754245373,0.528634463715604,40.650075767842,1.68492211731951,0.19427170068762,0.0392342946912359,"GRAPL"
404550,1.95151736141378,0.408913647512416,1.82003993343971e-06,1.15006133950254,2.75297338332502,0,0,0.641324889757744,0.423231442252947,5.04930008694808e-05,"CLMB"
79705,1.50048592706343,0.327875042073626,4.73055426123763e-06,0.857862653169563,2.14310920095729,0,0,0.186331027958854,0.665987977337497,0.0001155472157686,"LRRK1"
115362,1.43061312418075,0.408442606516358,0.000460732115150853,0.630080325657019,2.23114592270447,0,0,0.124559846549157,0.724140641561901,0.00522460143698819,"GBP5"
23643,2.33167599542213,0.812871396194037,0.00412496347899578,0.738477334819029,3.92487465602523,0.944397989528431,68.4568723758378,3.1702626699389,0.0749903849646848,0.0298533991343533,"LY96"
146857,1.42071487270291,0.411668163418725,0.000558272122517875,0.613860098820454,2.22756964658536,0.044628563963036,8.25855793734825,1.09001992721793,0.296466793683759,0.00618403523733088,"SLFN13"
51560,1.42973106301301,0.462735334852394,0.00200332961449646,0.522786472328238,2.33667565369778,0.124276224947029,24.0754139224455,1.31709641324687,0.251113819265191,0.0169977594472412,"RAB6B"
81552,0.965538628315416,0.194921816612733,7.29030302456764e-07,0.583498887953338,1.34757836867749,0,0,0.325539677166285,0.568297366961991,2.32376254563228e-05,"VOPP1"
64092,1.31205693105234,0.426686352718297,0.00210508514486794,0.475767047029727,2.14834681507496,0,0,0.874428992049165,0.349732087474165,0.0176400640200463,"SAMSN1"
9601,0.803748473308589,0.182440010308795,1.05516113552781e-05,0.446172623764236,1.16132432285294,0,0,0.963663472615445,0.326265591220979,0.000226540407489195,"PDIA4"
9844,1.10772917510906,0.257280418991279,1.66584619375075e-05,0.603468819958774,1.61198953025934,0,0,0.0477583357194797,0.82701088396055,0.000334733297024462,"ELMO1"
3778,2.64712699317655,0.791720051860296,0.000827245516062788,1.09538420569219,4.19886978066092,0.883820253937964,68.7704199838634,3.20209237358713,0.0735441234391212,0.00843702820958742,"KCNMA1"
1633,0.956986624379602,0.286251579866427,0.000828282575323967,0.395943837323714,1.51802941143549,0,0,0.0327111760055087,0.856475651376458,0.00844121992675212,"DCK"
128338,0.552650201110986,0.207406356801584,0.00770852243246707,0.146141211615218,0.959159190606754,0,0,0.217943889852027,0.640611056763916,0.0481621908975688,"DRAM2"
56911,2.4598094088279,0.436711814222835,1.77544816134358e-08,1.603869981328,3.31574883632781,0.127033497988599,23.7403318672287,1.31130914215226,0.252157764797693,8.99938630052464e-07,"MAP3K7CL"
153769,0.934798226176088,0.345468204626038,0.00681220424137598,0.257692987305341,1.61190346504684,0,0,0.542877081828017,0.461242810269885,0.0443072599066437,"SH3RF2"
3098,0.861682863158096,0.319419425220059,0.00698301267341698,0.235632293764295,1.4877334325519,0,0,0.372350664091277,0.541725734700432,0.0451135409083283,"HK1"
9246,1.34714970088481,0.278372612956976,1.30247522844684e-06,0.801549405206831,1.89274999656279,0,0,0.17714689933886,0.673836702713703,3.78475722093723e-05,"UBE2L6"
29028,1.05510881872897,0.29525569231702,0.00035218380427518,0.476418295557175,1.63379934190077,0,0,0.805484780390533,0.369458552979158,0.00418738468522244,"ATAD2"
114907,1.35234313438964,0.296094031946803,4.94103488833716e-06,0.772009495736653,1.93267677304263,0,0,0.0187651440087109,0.891041919409967,0.000119820096042176,"FBXO32"
134265,1.67797812431448,0.330395815482077,3.80045027323362e-07,1.03041422532687,2.32554202330209,0,0,0.536464815272652,0.463901525646519,1.31763093310081e-05,"AFAP1L1"
114793,0.972968949928267,0.345944597667001,0.00491581255735344,0.294929997854746,1.65100790200179,0.0638978287951302,15.9125134286269,1.18923759143544,0.275483397075628,0.0344132402444426,"FMNL2"
84465,2.42969978414295,0.74748960131928,0.00115210488352268,0.964647086738953,3.89475248154694,0,0,0.30295556961515,0.582035449508289,0.0109832300119889,"MEGF11"
4690,0.976864578793084,0.223940092039191,1.28779194975035e-05,0.537950063701684,1.41577909388448,0,0,0.776795172119086,0.378123085647182,0.000268366288384605,"NCK1"
10163,0.678956675413973,0.247323457629647,0.00604708119402535,0.194211605927947,1.1637017449,0,0,0.398915665493305,0.527649784255805,0.0405635799696735,"WASF2"
912,1.69963444724753,0.413693211590451,3.98337703721968e-05,0.88881065188154,2.51045824261352,0,0,0.535911879667206,0.464131931833759,0.000698411867267008,"CD1D"
653361,1.41383464979588,0.517953711516202,0.00634007439175301,0.398664029565274,2.42900527002649,0,0,0.661709047518019,0.415957232887687,0.0419240917233966,"NCF1"
1780,1.04988530606782,0.391847106509912,0.00737710020441617,0.281879089862159,1.81789152227348,0,0,0.0034306686042673,0.953293085081505,0.0466642997987256,"DYNC1I1"
8407,0.951831891329498,0.34088981908763,0.0052351301147993,0.283700123221368,1.61996365943763,0,0,0.66636507244152,0.414321785985842,0.0361604812181552,"TAGLN2"
56833,2.06648490291312,0.503670850055201,4.08095499552914e-05,1.07930817674225,3.05366162908399,0,0,0.363036210852957,0.54682481809567,0.000713664282810886,"SLAMF8"
9507,2.26185277261499,0.458936267031946,8.28768436314333e-07,1.36235421803312,3.16135132719686,0.025396061701041,4.31819193600421,1.04513075184696,0.306631189792581,2.57472000618114e-05,"ADAMTS4"
51735,0.772143714882799,0.218693601065939,0.000414445655022187,0.343512133144189,1.20077529662141,0,0,0.141613467922808,0.706682246465692,0.00476382844557898,"RAPGEF6"
3455,1.08351254988916,0.36618544203261,0.00308721636670833,0.365802271842361,1.80122282793595,0.0873248568328815,18.1714844360968,1.2220678734164,0.268955212487939,0.0239913188889501,"IFNAR2"
714,2.82355103785836,0.765100331952353,0.000223873197360191,1.32398194267211,4.32312013304461,0.672074059302626,52.7986366226687,2.11858287229105,0.145521138058141,0.00293056535923053,"C1QC"
83440,1.19517312668335,0.228390704924648,1.66762687503711e-07,0.747535570627321,1.64281068273937,0,0,0.187039845416349,0.665391833243354,6.36957879776924e-06,"ADPGK"
3099,4.50705934515503,0.433102152468335,2.31682021953659e-25,3.65819472469032,5.35592396561975,0,0,0.588384896654349,0.44304434962127,1.07716162137972e-22,"HK2"
57519,0.84872073609604,0.298224882949851,0.00442849146275023,0.264210706220659,1.43323076597142,0,0,0.680437231267191,0.409436205775818,0.0315588532728654,"STARD9"
10417,1.81240396426073,0.465343358529215,9.82931609955379e-05,0.900347741098556,2.7244601874229,0,0,0.907941274590818,0.340661249845783,0.00147417874271728,"SPON2"
51673,1.08883917451715,0.349750394807758,0.00185077288285068,0.403340997115276,1.77433735191901,0,0,0.00753142211227861,0.930843391463349,0.0159961351150486,"TPPP3"
6002,0.787136992881222,0.210324982164238,0.000182213199023567,0.374907602790287,1.19936638297216,0,0,0.0077985158329953,0.929630922355422,0.00245432623619855,"RGS12"
9619,1.96579084550927,0.285388487934871,5.65335482445442e-12,1.40643968755458,2.52514200346396,0,0,0.00736019976773981,0.931632078819781,5.73114158632473e-10,"ABCG1"
3689,1.33719033100717,0.295507171940403,6.03758159678847e-06,0.758006916830696,1.91637374518364,0,0,0.380401173564906,0.537388613234119,0.000142815285385086,"ITGB2"
3275,0.596193507530635,0.167246136479068,0.000364179566667122,0.268397103478191,0.923989911583079,0,0,0.65762527426187,0.417399564673354,0.00429591697057988,"PRMT2"
112724,2.00924850449491,0.323758878326936,5.43492111672677e-10,1.37469276329903,2.64380424569079,0,0,0.0874166405484888,0.767487416194915,3.87719795856228e-08,"RDH13"
6132,0.877952505614956,0.276847289726834,0.00151783438227006,0.335341788532837,1.42056322269708,0,0,0.523225731000666,0.469468911235846,0.0136090414584764,"RPL8"
150223,0.823650056420794,0.247835913877526,0.0008893736004183,0.337900591145273,1.30939952169632,0,0,0.74312210906117,0.388662587138345,0.00888253648477033,"YDJC"
5130,0.619680302683119,0.224932573031611,0.00586992624005808,0.178820560591237,1.060540044775,0,0,0.856872294184255,0.35461544052393,0.0396247169622893,"PCYT1A"
57125,2.41494937485239,0.55471369182755,1.33977438730354e-05,1.32773051713914,3.50216823256563,0.272788771442231,38.4663736453866,1.62512768910625,0.202378284265034,0.000275788978076544,"PLXDC1"
2232,0.922812492785346,0.283072435379637,0.00111417274148734,0.368000714425216,1.47762427114548,0,0,0.0263507011610387,0.871046786304807,0.0106899961259994,"FDXR"
91010,1.12623512557255,0.214715578538097,1.56077504781911e-07,0.705400324718203,1.54706992642691,0,0,0.646902400220998,0.421222334154316,5.99542164380202e-06,"FMNL3"
255877,1.92266906117483,0.528200936229117,0.000272602655311729,0.887414249565427,2.95792387278424,0.278812485112275,41.4381536928925,1.70759643532385,0.191297517921877,0.00340324222367411,"BCL6B"
2256,2.84436845460691,0.999726919553011,0.00443911535222386,0.884939697907834,4.80379721130598,1.50655271250241,74.1573910530887,3.86957834657604,0.0491688726173682,0.0315944198687948,"FGF11"
146439,1.44333524623343,0.514261452401955,0.00500646336243483,0.435401320888336,2.45126917157852,0.0299547315724199,5.088575154345,1.05361393702202,0.304676230451879,0.034920923701867,"BICDL2"
124222,1.97808951866916,0.429298063288957,4.07089007444011e-06,1.13668077599001,2.81949826134831,0,0,0.830727446940619,0.362062264467769,0.000101644094210511,"PAQR4"
7805,2.69147467637076,0.777135334651648,0.000533537294551086,1.16831740934005,4.21463194340147,0.906193676025239,73.115079580912,3.71955722543263,0.0537786301542128,0.00595503587949694,"LAPTM5"
127733,0.822785280287758,0.280662117441497,0.00337235414013242,0.272697638277674,1.37287292229784,0,0,0.865886329770238,0.352096669538429,0.0257617285390399,"UBXN10"
64123,1.10657055142509,0.329666567935244,0.000788970103323005,0.460435951365088,1.7527051514851,0,0,0.000585456080044119,0.980696109442317,0.0081452403545973,"ADGRL4"
284611,0.836056909442572,0.280879861497869,0.00291498147659437,0.28554249692415,1.38657132196099,0,0,0.545586923877576,0.460126502316004,0.0229437800635854,"EEIG2"
2634,2.02011240362334,0.306748209683098,4.53137603567317e-11,1.41889696032233,2.62132784692435,0,0,0.0280841707626496,0.866911090516362,3.89149955980773e-09,"GBP2"
148867,0.698035007564767,0.19888315873202,0.000448487134846128,0.308231179318445,1.08783883581109,0,0,0.217681633905116,0.64081210317852,0.00510291311319016,"SLC30A7"
10092,0.824462927709632,0.216545429740874,0.000140467330248631,0.40004168440077,1.24888417101849,0,0,0.0486308100093304,0.825463126479787,0.00200203066991786,"ARPC5"
8682,0.765496141625615,0.280298633195392,0.00631420790471887,0.216120915646843,1.31487136760439,0,0,0.159316742455241,0.689786355790986,0.0417867613235808,"PEA15"
25903,3.88797268168149,1.43415885967411,0.00670851385708506,1.07707296861121,6.69887239475177,3.59405053016875,87.12255936027,7.76551822661688,0.0053253015894266,0.0438231067514912,"OLFML2B"
151354,1.42401177920677,0.446243051790651,0.00141726084595524,0.54939146934585,2.29863208906768,0.150553371456219,26.9805778108961,1.36949864846948,0.241898041500605,0.0129591415075274,"LRATD1"
72,2.65309567872623,0.796951546608352,0.000871411362190348,1.09109934995037,4.2150920075021,0.879560952580726,66.5030640775568,2.98534768169643,0.0840212411629614,0.00876808910180034,"ACTG2"
151473,1.44772515958977,0.355973160679265,4.76323926309488e-05,0.750030585195522,2.14541973398402,0,0,0.103423580171296,0.747759254020624,0.000806191808922163,"SLC16A14"
3625,5.10923073209474,1.56172383969895,0.001069661880767,2.0483082524872,8.17015321170229,4.35337910195646,89.0403158646145,9.12435055287133,0.00252229410713838,0.0103533748301375,"INHBB"
1520,1.61402744292783,0.279276705082357,7.50063492724887e-09,1.0666551592454,2.16139972661027,0,0,0.583530913386956,0.444931634200089,4.34038887227882e-07,"CTSS"
284996,0.977347781595973,0.201132582843896,1.1784819757791e-06,0.583135163104417,1.37156040008753,0,0,0.00222158344280127,0.962406687337702,3.5128586668421e-05,"RNF149"
9938,1.4634320708019,0.250566734752469,5.2048055574816e-09,0.972330294963264,1.95453384664054,0,0,0.122467588510643,0.726373449082039,3.07791198822476e-07,"ARHGAP25"
7039,1.79353982238801,0.354032055176278,4.06181001418029e-07,1.0996497448698,2.48742989990621,0,0,0.633302820773052,0.426146399489202,1.37948071589906e-05,"TGFA"
11167,1.57812694687784,0.524818248120191,0.00263842285320541,0.549502082132865,2.60675181162282,0.342365844076391,53.1699133833039,2.13537935170821,0.14393485109882,0.0212001521631517,"FSTL1"
6746,0.586717442293001,0.217354108190609,0.00694725405464286,0.160711218347586,1.01272366623842,0,0,0.394678160892562,0.529850554926522,0.044913280437133,"SSR2"
4332,1.55990521992666,0.359151057815352,1.40350372242662e-05,0.855982081599105,2.26382835825421,0,0,0.404838885843133,0.524600776103866,0.000287153879961732,"MNDA"
3428,1.63297004589212,0.610776370164388,0.00750425064302272,0.435870357761815,2.83006973402243,0.47029431904001,53.3433518226792,2.14331727431309,0.143191963119097,0.0472582024380548,"IFI16"
131450,1.17182680107144,0.422642971950893,0.00556076418934293,0.343461797728715,2.00019180441416,0,0,0.312300826689149,0.576271726217315,0.0378990024329697,"CD200R1"
1359,1.94013282468668,0.468878378289223,3.50626166101637e-05,1.02114809011025,2.8591175592631,0,0,0.654127192461743,0.418640953909958,0.000628655930525049,"CPA3"
2992,0.735524903108101,0.219231514187956,0.000793608322706736,0.305839031023525,1.16521077519268,0,0,0.0181464631368537,0.892842108354899,0.00817434760508398,"GYG1"
64866,2.32446279152032,0.513459739796673,5.98101047416409e-06,1.31810019400754,3.33082538903311,0.221432562778577,36.0684409674382,1.56417271083703,0.211055299572987,0.000141725771921185,"CDCP1"
151636,1.12132901099264,0.289155003683782,0.000105339813883501,0.554595617822884,1.6880624041624,0,0,0.313389822317125,0.575607466260899,0.00156765641345611,"DTX3L"
2899,2.60281276843152,0.440125321858389,3.34305441498246e-09,1.74018298890498,3.46544254795806,0,0,0.436104524172245,0.50900865314773,2.04883648532766e-07,"GRIK3"
26508,2.12577304548843,0.387283424848163,4.04367336166478e-08,1.3667114809767,2.88483461000015,0,0,0.628772604418262,0.427805888345581,1.81736159784421e-06,"HEYL"
5984,0.945962958081611,0.282542104022191,0.000813845445073998,0.392190610081947,1.49973530608127,0,0,0.913101454758368,0.339292848541165,0.0083389882660966,"RFC4"
116832,2.40305879827955,0.620094188562977,0.000106487923129097,1.18769652167352,3.61842107488557,0.432105727441584,50.4701378779897,2.01898401723112,0.155343049354832,0.00157951228553313,"RPL39L"
10252,0.937604750148794,0.25625026576384,0.000253259067598728,0.435363458222851,1.43984604207474,0,0,0.0696362853054352,0.791867085851379,0.00322749717243256,"SPRY1"
8819,2.06687120855869,0.344611393451867,2.00148059869978e-09,1.39144528873087,2.74229712838651,0,0,0.0190367661503542,0.890261133606403,1.26102630431164e-07,"SAP30"
2982,0.878129743484306,0.316706552703692,0.00555947023613681,0.257396306517234,1.49886318045138,0,0,0.30434684984377,0.581170082168289,0.0378990024329697,"GUCY1A1"
55314,1.13387207417065,0.196399495351838,7.77365216035163e-09,0.748936136699207,1.51880801164209,0,0,0.605367100853255,0.436537530202366,4.47915179820603e-07,"TMEM144"
51313,1.6107608232747,0.284972793843458,1.58285539441054e-08,1.05222441076777,2.16929723578164,0,0,0.0794070734096047,0.778102540004971,8.17687328844343e-07,"GASK1B"
10085,1.56269719472254,0.396418546028563,8.07919831444443e-05,0.785731121702824,2.33966326774226,0,0,0.420743079174607,0.516566494927975,0.00125353085009959,"EDIL3"
153733,0.692690860221926,0.249784785553347,0.00555163997871036,0.203121676651306,1.18226004379255,0,0,0.0753646619699694,0.783680233582962,0.0378809523446112,"CCDC112"
55255,0.620262250935946,0.213363232911739,0.00364829374732249,0.202077998803906,1.03844650306799,0,0,0.73779778427312,0.39036724082449,0.0272369571401712,"WDR41"
134266,0.845078862382263,0.269415576637692,0.00170854319608832,0.317034035298296,1.37312368946623,0,0,0.397198872264495,0.528539433006423,0.0150171368401948,"GRPEL2"
7098,1.63587309617656,0.323157088906724,4.14531505657734e-07,1.00249684057057,2.26924935178255,0,0,0.253675871558479,0.614498594083086,1.40078403277775e-05,"TLR3"
133957,0.776767316716396,0.255025225438162,0.00232027387672604,0.276927059708391,1.2766075737244,0,0,0.568638646160627,0.45080038977289,0.0190510297199793,"CCDC127"
29896,0.555117320862873,0.166925600918893,0.000882482750674127,0.227949154964136,0.882285486761609,0,0,0.00567382814062939,0.93995627601241,0.00885255612650545,"TRA2A"
9232,3.63214748195671,1.17761073112035,0.00204006870456156,1.32407286115295,5.94022210276047,2.2607708757717,79.6951618655339,4.92493460611522,0.0264718040006565,0.0172129201148958,"PTTG1"
222962,2.02660107083227,0.714006167845588,0.00453470965739386,0.627174697115461,3.42602744454909,0.519476206728327,47.7606737505684,1.91426664889439,0.166490081637197,0.0321797317424429,"SLC29A4"
55536,2.3945347726569,0.704872165783703,0.000680992941599077,1.0130107140161,3.77605883129771,0.605512743939091,57.2233467463225,2.33772379075502,0.126273946179068,0.00722409742846605,"CDCA7L"
23462,1.83743377841415,0.373688141353262,8.78695196941965e-07,1.10501847991204,2.56984907691626,0,0,0.331653861448647,0.564686853562939,2.71108634791041e-05,"HEY1"
2171,2.75459237190053,0.822928339130195,0.000816012938288195,1.14168246534799,4.36750227845308,0.911767456339083,66.7171801368784,3.00455311212386,0.0830308712929893,0.0083477256805309,"FABP5"
117289,1.39505375672378,0.416290165995692,0.000804746265179861,0.579140024254019,2.21096748919353,0,0,0.11515762859073,0.73434696140224,0.00825752959925423,"TAGAP"
79778,1.5799092513409,0.576294728498429,0.00611602481007039,0.450392339003689,2.70942616367811,0.282577802758707,38.5510223354847,1.62736637452223,0.202067703255258,0.0408431711313418,"MICALL2"
115908,4.52747364224519,1.57531392314781,0.0040529150809773,1.43991508853098,7.6150321959594,4.29264180232772,86.1905773615415,7.24143236238606,0.00712401246304674,0.029410900988599,"CTHRC1"
94241,0.860771545198903,0.311564411226965,0.00573183576990774,0.250116520329624,1.47142657006818,0,0,0.607652571599075,0.4356730298693,0.0388353475807367,"TP53INP1"
203259,1.27164617107103,0.248263854484476,3.02061956856561e-07,0.785057957618364,1.75823438452369,0,0,0.0145935137260519,0.903846585643512,1.077434223359e-05,"FAM219A"
54769,2.6349955870296,0.512178463682696,2.67973611510655e-07,1.63114424455446,3.63884692950474,0,0,0.000629796810407343,0.97997858786271,9.75561784469443e-06,"DIRAS2"
19,1.40251889505864,0.317035413837199,9.69548308361769e-06,0.781140902113976,2.0238968880033,0,0,0.271228114850269,0.602509129847826,0.000210845481316802,"ABCA1"
9833,2.0689742947998,0.409936319262852,4.48654213004881e-07,1.26551387308969,2.8724347165099,0,0,0.99114950404706,0.319461587874732,1.49732790939228e-05,"MELK"
283209,0.858203301060719,0.277839994715829,0.00200939595010811,0.313646917952896,1.40275968416854,0.0318949696843295,6.58250970884856,1.07046335422128,0.300840808523327,0.0170180185900173,"PGM2L1"
221035,0.493310392064628,0.168785712272241,0.00347008101323944,0.162496474906096,0.824124309223159,0,0,0.242143575073604,0.622662180654287,0.0262848889334311,"REEP3"
11067,2.02911596664875,0.386013054795459,1.46743531466155e-07,1.27254428168737,2.78568765161014,0,0,0.0171018103821041,0.895954178116683,5.71833247039933e-06,"DEPP1"
169714,0.702828393632826,0.240672145717899,0.00349724760315087,0.231119655943767,1.17453713132188,0,0,0.0274557571209441,0.868394786502163,0.0264312721038583,"QSOX2"
10495,1.19057210345451,0.254905197483759,3.00253056534383e-06,0.690967096914275,1.69017710999475,0.0219043071786621,4.12557195566498,1.04303099418499,0.307117589161429,7.75538689895228e-05,"ENOX2"
57608,1.02581713154188,0.309986137684843,0.000935511119832487,0.418255465972909,1.63337879711084,0.0348806803133516,9.07135844262531,1.09976348801936,0.294318014651646,0.00927091167660344,"JCAD"
56935,0.992937820907905,0.290196804072807,0.000622534830057589,0.424162536496577,1.56171310531923,0,0,0.166397104210925,0.683333868788856,0.00674187719973211,"SMCO4"
161742,0.61724681613022,0.163793869203935,0.000164273177372888,0.296216731602044,0.938276900658396,0,0,0.0705477839593593,0.790540871026567,0.00226703710390854,"SPRED1"
121457,1.57724259589676,0.265329160240423,2.77344061340492e-09,1.05720699777727,2.09727819401624,0,0,0.968228287403646,0.325122436696333,1.7232396216838e-07,"IKBIP"
5271,1.03611113046895,0.310352584880034,0.000842329819848527,0.427831241595177,1.64439101934273,0,0,0.610158137431336,0.434728274821385,0.0085479707813307,"SERPINB8"
6157,1.1146620907343,0.217030169413224,2.80681077214147e-07,0.689290775125751,1.54003340634284,0.00122737767838676,0.412280732989124,1.00413987523787,0.316310848486212,1.01187779788191e-05,"RPL27A"
56672,0.760618149466371,0.242169371797994,0.00168457152092699,0.285974902583612,1.23526139634913,0,0,0.00183224984679325,0.965857147486962,0.0148548579572653,"AKIP1"
4176,0.682545085097136,0.233487175778248,0.00346380646003463,0.224918629719797,1.14017154047447,0,0,0.566931481708465,0.451480846739966,0.0262536219920485,"MCM7"
65084,0.914943562798625,0.261330096747133,0.000463336884096882,0.402745985097876,1.42714114049937,0,0,0.698021635243349,0.40344925298635,0.00524972370443551,"TMEM135"
6236,2.3360055206952,0.576925713737649,5.14242598200702e-05,1.20525190001434,3.46675914137606,0.222166406286078,31.8232163270613,1.46677497254381,0.225855220499571,0.000860239820290331,"RRAD"
567,1.34948291299554,0.234315628192288,8.44871424406303e-09,0.890232720723779,1.8087331052673,0,0,0.0549686662932609,0.814632560244544,4.82686500647042e-07,"B2M"
4837,5.28276506068639,1.88605943304259,0.00509518359722244,1.58615649922089,8.9793736221519,6.44278064587595,90.5491721435384,10.5810836382581,0.00114250670505962,0.0354149419317956,"NNMT"
162394,0.895515139999859,0.216585810896552,3.55434422260757e-05,0.471014751080214,1.3200155289195,0,0,0.0450680247651686,0.831878994661623,0.000634744677528713,"SLFN5"
55897,1.23865335276718,0.457943551755438,0.00683420953506969,0.341100484374173,2.1362062211602,0,0,0.43645645188819,0.50883775256275,0.044407540800648,"MESP1"
23306,1.03914314375087,0.304206816252343,0.000635692239235149,0.442908740044682,1.63537754745705,0,0,0.0590578707445137,0.807991258270005,0.00682951271841236,"NEMP1"
58475,2.73592422955941,0.804006759052264,0.000666838973348618,1.16009993849019,4.31174852062862,0.987174306332931,73.9741877275506,3.84233924970937,0.0499737533627327,0.00709628246066252,"MS4A7"
84689,2.07519686881343,0.439172540383029,2.29840612247663e-06,1.21443450666373,2.93595923096313,0,0,0.00760747274523797,0.930495984513228,6.17318919309809e-05,"MS4A14"
10982,0.992268295795028,0.340680247509272,0.00358423284138335,0.324547280432664,1.65998931115739,0.0828711047453447,21.1052216629213,1.26751100779761,0.260234132951252,0.0268927164164562,"MAPRE2"
23102,1.19166803037664,0.245253407840782,1.18024547658494e-06,0.710980183922995,1.67235587683029,0,0,0.0687553253003386,0.793157719550785,3.5128586668421e-05,"TBC1D2B"
64174,1.53634667997978,0.476149220808348,0.00125267135911071,0.603111355928606,2.46958200403095,0.194599150342199,26.9073514009724,1.36812664360517,0.242134013166005,0.01172900551034,"DPEP2"
81620,2.09221464307004,0.535214482569335,9.26350893603182e-05,1.04321353322991,3.14121575291018,0,0,1.39523327870586e-05,0.997019682967656,0.0014065303038797,"CDT1"
6137,0.993022066312054,0.271235594231325,0.000251129530915702,0.461410070293337,1.52463406233077,0,0,0.673338243468279,0.411890158898105,0.00320641994823524,"RPL13"
7846,1.71131140891841,0.583992888809949,0.00338565770715529,0.566706379623405,2.85591643821342,0.351687126417579,48.5660571952321,1.94424138121353,0.163208750640323,0.0258194699465921,"TUBA1A"
3903,1.96831105758745,0.635732401876136,0.00196063450247925,0.722298446105076,3.21432366906982,0.382360152766369,37.5213163742835,1.6005458853624,0.205825867977734,0.0166994535672316,"LAIR1"
1613,0.809846494535301,0.300440766124285,0.00702771730463805,0.220993413444081,1.39869957562652,0,0,0.756095305452788,0.384553255966749,0.0452505789963872,"DAPK3"
79850,2.28229977795506,0.620563217492602,0.000235265631906529,1.06601822153927,3.49858133437086,0.410827844446321,49.1873853811272,1.96801524090158,0.160658690623834,0.00305301878247905,"TLCD3A"
124997,1.28139814375089,0.277517619524032,3.88656836826933e-06,0.737473604408493,1.82532268309328,0,0,0.0383822159616646,0.844677637876484,9.77660472189839e-05,"WDR81"
51129,5.97473003975721,1.75468524601755,0.000661603565212303,2.535610153359,9.41384992615542,5.65746413870593,91.8089894499066,12.2085058233577,0.000475721199486903,0.00705254017865888,"ANGPTL4"
148156,0.811953558077516,0.291514957041702,0.00534799461953554,0.24059474132104,1.38331237483399,0,0,0.0983723784406011,0.753791655709321,0.0366956801298716,"ZNF558"
7775,1.22621526634429,0.405843637703592,0.00251610168716741,0.430776353090526,2.02165417959805,0,0,0.284961052216701,0.593467851034522,0.0203629045906832,"ZNF232"
11314,2.78453029029437,0.475280455131143,4.66476852962696e-09,1.85299771568153,3.71606286490722,0,0,0.0173927670994807,0.895077910538473,2.82040690963947e-07,"CD300A"
21,0.840038755755662,0.297350840646513,0.00472693866511636,0.257241817315789,1.42283569419554,0,0,0.832549954002047,0.361536218123273,0.0334207205148211,"ABCA3"
9881,1.01603753830496,0.279011499698677,0.00027098935824216,0.469185047623047,1.56289002898688,0,0,0.00594302623648811,0.938551132245256,0.00338937803077833,"TRANK1"
55872,1.4878583994702,0.482503338382294,0.00204496545543818,0.542169233820563,2.43354756511984,0,0,0.0742984693346624,0.785178043693947,0.0172217425470739,"PBK"
3516,0.463605483058375,0.174973715195378,0.00805937613267544,0.120663303034266,0.806547663082485,0,0,0.00176840247808834,0.966456943575438,0.0497776309651227,"RBPJ"
125488,1.17816612471699,0.379105464639626,0.00188515585529524,0.435133067681004,1.92119918175298,0,0,0.169892374456167,0.680207475608267,0.0162205209935837,"TTC39C"
6890,1.55262431185175,0.372206911939806,3.02732481377875e-05,0.823112169652855,2.28213645405064,0,0,0.0457242889941418,0.830677769201744,0.000559909745736336,"TAP1"
197259,1.47687452002912,0.307021609817777,1.50683131068654e-06,0.87512322231077,2.07862581774747,0,0,0.480284937695616,0.488293279904951,4.30728672371547e-05,"MLKL"
11031,1.33763755888937,0.219090968545722,1.02544832599564e-09,0.908227151201753,1.76704796657698,0,0,0.574415468397085,0.448509642311538,6.98288877747433e-08,"RAB31"
23255,1.9621630161623,0.29883142667067,5.16431931740741e-11,1.37646418243907,2.54786184988554,0,0,0.55155050583008,0.45768484951441,4.40699476940532e-09,"MTCL1"
753,0.685698220156058,0.23242751196693,0.00317609972373654,0.230148667684624,1.14124777262749,0,0,0.0730789284673497,0.786905506037032,0.0245828660018024,"LDLRAD4"
10791,1.13229734229821,0.310215586252295,0.000262205911501014,0.524285965800736,1.74030871879569,0,0,1.0741146855063e-05,0.997385042642193,0.00330480160343287,"VAMP5"
3635,1.57286528230555,0.484621252345165,0.00117221617965338,0.623025081566325,2.52270548304477,0.159553177539315,25.949150254363,1.35042339613249,0.24520411177018,0.011130275176244,"INPP5D"
10636,0.712493929307837,0.262684641491389,0.00668070574643433,0.197641492692899,1.22734636592278,0,0,0.00798994778336952,0.928774745733552,0.0437261920287252,"RGS14"
10960,0.960032410779617,0.210739485950618,5.2250872467914e-06,0.54699060819592,1.37307421336331,0,0,0.369907793402439,0.543054532919267,0.00012557905766219,"LMAN2"
53917,0.81132257447066,0.234208352499635,0.000531996703586125,0.352282638692913,1.27036251024841,0,0,0.0786478640428907,0.779138214573225,0.00594768785609595,"RAB24"
3627,2.47243956989683,0.454301715623664,5.2601326392248e-08,1.58202456915969,3.36285457063397,0,0,0.516839459770809,0.472193001160408,2.28046200561633e-06,"CXCL10"
9197,0.456834113960312,0.159299163856664,0.00413369763932136,0.144613490033906,0.769054737886719,0,0,0.580847159630911,0.445980452870108,0.0298845282954262,"SLC33A1"
5724,1.96518438936062,0.419069614955782,2.74009417924967e-06,1.14382303703221,2.78654574168902,0.0430475945864472,8.22692962494066,1.08964426700903,0.296550041228737,7.1737261784123e-05,"PTAFR"
6039,1.33076959962055,0.409858028156373,0.0011666780658918,0.527462625659453,2.13407657358164,0,0,0.475933675900603,0.490269990689741,0.0110854970841573,"RNASE6"
83640,0.621437559386956,0.213978677235326,0.00368189110225726,0.202047058546196,1.04082806022772,0,0,0.678080568864125,0.410248457864613,0.0274270374208478,"RAMAC"
699,1.26649732357733,0.428104406901066,0.00309256387597137,0.42742810442836,2.1055665427263,0,0,0.75954536026061,0.383470838438972,0.0240158557183689,"BUB1"
22871,1.34837519680363,0.408968337327348,0.000977178959385112,0.546811984824799,2.14993840878246,0,0,0.254821187677894,0.613700604586152,0.00961701015283902,"NLGN1"
84894,1.7850362176928,0.445583686537372,6.17392483775843e-05,0.911708239980967,2.65836419540464,0,0,0.420741916461977,0.516567074371604,0.00100656624652354,"LINGO1"
57099,1.04252843659688,0.287533984172961,0.000288115879851753,0.478972183286571,1.6060846899072,0,0,0.285856667882034,0.592887991987019,0.00356064748674719,"AVEN"
5028,1.31942226553358,0.317763056936879,3.2926483658707e-05,0.696618118319951,1.94222641274722,0,0,0.113239996543348,0.736485173235136,0.000599929431311278,"P2RY1"
3316,0.973568282468046,0.305658976519065,0.00144681295926505,0.374487696939304,1.57264886799679,0,0,0.48778735776606,0.484915977117752,0.0131501423623067,"HSPB2"
285966,1.57043312165506,0.352281331970756,8.27684978925772e-06,0.879974398566575,2.26089184474354,0.0362991832987891,7.45910941785778,1.08060338917137,0.298562612943817,0.000184457463981094,"TCAF2"
5272,1.06650822839671,0.302260928219614,0.000418023602056537,0.474087695152622,1.6589287616408,0,0,0.493808599238985,0.482233276707558,0.0047967763630028,"SERPINB9"
133418,1.41908795258479,0.311493287570532,5.21970708186065e-06,0.808572327520564,2.02960357764901,0,0,0.370291047126272,0.542845665261046,0.00012557905766219,"EMB"
3790,1.3226897662395,0.419196499595082,0.00160334394008147,0.501079724587884,2.14429980789113,0,0,0.00441915638236108,0.946998278995008,0.0142598194882048,"KCNS3"
55038,0.909385879120986,0.327655053677604,0.00551276201683388,0.267193774560343,1.55157798368163,0,0,0.441752214759331,0.506277946171295,0.0376537843328122,"CDCA4"
25948,0.838515362728424,0.244572180331622,0.000606929804157701,0.359162697658011,1.31786802779884,0,0,0.00152427429063183,0.968856938431282,0.00658875567589234,"KBTBD2"
112464,2.60972714567279,0.818729628866571,0.00143492425032479,1.00504656001846,4.21440773132711,1.02974298684902,75.2787990498385,4.04511092327602,0.0442994673465778,0.0130788102660327,"CAVIN3"
80310,1.59815498370496,0.495419422893288,0.00125593637982494,0.627150757592497,2.56915920981742,0.277273911860184,44.4678664131407,1.80075919185758,0.179620739377714,0.011751415828716,"PDGFD"
81831,4.04752026881353,0.95283498105433,2.15811406681937e-05,2.17999802273714,5.91504251488992,1.4619771770901,78.5912481075591,4.67098691705183,0.0306762945568125,0.000415683599470365,"NETO2"
8862,2.6231377458828,0.590723467526051,8.97287926552815e-06,1.46534102470913,3.78093446705648,0.452046226797892,59.0796340258771,2.44377091014381,0.117992273601862,0.000197037998594652,"APLN"
84230,0.859232079785661,0.237784740938545,0.000302106462026803,0.393182551472926,1.3252816080984,0,0,0.381492953115564,0.536805314212707,0.00371651590101038,"LRRC8C"
2857,0.905623618185184,0.339542136706669,0.00764882646783805,0.240133259006337,1.57111397736403,0,0,0.0248632101092748,0.874708392007459,0.0478779606619594,"GPR34"
6241,2.21570404174256,0.294632692452015,5.46821939138256e-14,1.63823457586855,2.79317350761658,0,0,0.185460822867659,0.666721697241661,8.37818205159217e-12,"RRM2"
3669,2.02325039461773,0.604644846685139,0.000819332375460026,0.838168271677114,3.20833251755834,0.364408454754796,45.2338471408969,1.82594531073362,0.176607216856239,0.00836577130022182,"ISG20"
64581,1.57302368466094,0.353610816965022,8.64880261444595e-06,0.879959218865713,2.26608815045617,0,0,0.096593717782244,0.75595624380728,0.000191480797455788,"CLEC7A"
7690,0.59830566610478,0.204348471679657,0.0034129321511273,0.19779002131685,0.99882131089271,0,0,0.188089606982647,0.664511399921496,0.0259770078274593,"ZNF131"
3603,1.30977008248653,0.29709751674179,1.04063663003653e-05,0.727469649776332,1.89207051519672,0,0,0.731832801369951,0.392289750596315,0.00022449445892452,"IL16"
1521,2.27327634153703,0.570154672328167,6.68795878795172e-05,1.15579371815658,3.39075896491747,0.181258525754252,24.0450254090965,1.31656946156067,0.251208654317949,0.00107605904937891,"CTSW"
64393,0.750639197760395,0.259340911262034,0.00379870527073379,0.242340351969009,1.25893804355178,0,0,0.795914295296716,0.372317742351862,0.0279726614775006,"ZMAT3"
91607,1.48228300676817,0.463493389433968,0.00138352035411284,0.573852656405197,2.39071335713115,0.0654084035598156,10.9369426620779,1.12279999125318,0.289316341317279,0.0126984376681439,"SLFN11"
23023,1.93560605281175,0.217799230417857,6.27180428861216e-19,1.50872740533221,2.36248470029129,0,0,0.753088639795664,0.385500107555558,1.83832037442082e-16,"TMCC1"
283848,2.16413823009017,0.381314476060384,1.38309736871769e-08,1.41677559022806,2.91150086995229,0,0,0.247915430351563,0.61854672675566,7.28449289938303e-07,"CES4A"
55191,0.955850885604952,0.248707518382843,0.00012140430087965,0.468393106890248,1.44330866431966,0,0,0.0361739919669585,0.849156629905289,0.00177153050731637,"NADSYN1"
10855,1.03245361537893,0.290047181411173,0.000371411949842239,0.463971585995673,1.60093564476218,0,0,0.55179612095382,0.45758472743775,0.00435004935502874,"HPSE"
22885,1.58352577914347,0.303632239567532,1.83544236898143e-07,0.988417525045866,2.17863403324106,0,0,0.65693671111956,0.417643487009302,6.95148018566758e-06,"ABLIM3"
79660,1.01166408078719,0.282660895983961,0.000344814682603036,0.457658904820803,1.56566925675358,0,0,0.514339046246552,0.47326652489411,0.00411427996950153,"PPP1R3B"
713,3.24229645872499,1.05383883887413,0.00209338816513605,1.17681028902219,5.30778262842779,1.8175560204933,81.163950815735,5.3089689362001,0.0212159088075385,0.0175748148384367,"C1QB"
712,2.55100191645089,0.931781993335536,0.00618578998406656,0.724742768070295,4.37726106483148,1.39606554243923,79.6660858133562,4.91789229963823,0.0265799247511571,0.0411460317489736,"C1QA"
5797,1.47167389253325,0.387951045579892,0.000148567017112345,0.711303815432003,2.23204396963449,0.0088399260203423,2.11316802445844,1.02158786817196,0.312142658255603,0.00210029030870319,"PTPRM"
7423,0.914038943638779,0.325573652084276,0.00499320054521527,0.275926311238424,1.55215157603913,0.0157003260762093,4.17272455800055,1.04354422620025,0.306998608943162,0.0348464404508993,"VEGFB"
90441,0.654856920309332,0.22587886492353,0.00374174734083349,0.212142480190426,1.09757136042824,0,0,0.239222424996912,0.624768285254481,0.0277197688991527,"ZNF622"
1464,2.27540649693363,0.30239104185921,5.28353264704513e-14,1.68273094564203,2.86808204822522,0,0,0.899878703107558,0.342814237381187,8.18826099771373e-12,"CSPG4"
257364,0.600928492040304,0.204905658937043,0.00336019615751321,0.199320780295252,1.00253620378536,0,0,0.0141270209913121,0.905388534098915,0.0257125566354998,"SNX33"
57674,1.02835000845592,0.177371025300922,6.72169898275475e-09,0.680709186965172,1.37599082994667,0,0,0.0107767821605898,0.917319113526043,3.90640807691734e-07,"RNF213"
23333,1.34616459081706,0.48167844363065,0.00519419450224439,0.402092189171683,2.29023699246244,0.201118834161774,33.5027361974789,1.50382127446586,0.220084331316859,0.0359536800198596,"DPY19L1"
947,0.744086331191972,0.260605334781616,0.00430066276749539,0.233309260841,1.25486340154294,0,0,0.0769876176254234,0.7814219821955,0.0308599447015116,"CD34"
54872,0.620984999483798,0.179276401838371,0.000532520636439485,0.269609708602661,0.972360290364935,0,0,0.262871518528329,0.608154210992202,0.00594861287581904,"PIGG"
23612,2.12908715828399,0.435930829015624,1.03953877059637e-06,1.27467843366268,2.98349588290531,0.159356200483261,31.5225155486099,1.46033401783307,0.226876982503652,3.13559311945209e-05,"PHLDA3"
488,0.959139365588959,0.23185514351191,3.52176148119428e-05,0.504711634675249,1.41356709650267,0,0,0.810160588746879,0.368072776844842,0.000629760080251226,"ATP2A2"
6731,0.539048016028038,0.168373995867995,0.00136717828533077,0.209041048193672,0.869054983862404,0,0,0.666230111696961,0.414369057414351,0.0125741233431888,"SRP72"
392,0.806202279506142,0.276774640613783,0.00358149628232825,0.263733952069111,1.34867060694317,0,0,0.0827595881831392,0.773591959230833,0.0268919678412036,"ARHGAP1"
85007,0.853939132814168,0.252969524394834,0.000736388304714341,0.358127975814067,1.34975028981427,0,0,0.0531980684590409,0.817589000891991,0.00770617928708742,"PHYKPL"
11007,1.61312716089231,0.360964686824865,7.86105840825442e-06,0.905649375024792,2.32060494675982,0,0,0.397654642988554,0.528302989256258,0.000176945994187804,"CCDC85B"
84617,1.29902836054805,0.282833403336102,4.3710764985845e-06,0.744685076384404,1.85337164471171,0,0,0.200318429925276,0.654463941250717,0.000108138026477825,"TUBB6"
26471,1.18510075907875,0.406432158354074,0.00354705470993195,0.388508366545882,1.98169315161161,0,0,0.0557742835581468,0.813304019116201,0.0266731392381553,"NUPR1"
55254,0.895297070098863,0.229708307162185,9.71752040466722e-05,0.445077061111317,1.34551707908641,0,0,0.00288326960374322,0.957177301580416,0.00146082046026798,"TMEM39A"
159371,0.916458869357257,0.257336137065284,0.000368981174283261,0.412089308788636,1.42082842992588,0,0,0.000224285676659188,0.988051191602313,0.00434116332710402,"SLC35G1"
161198,1.5304646536876,0.373640030147819,4.20179531263962e-05,0.798143651415412,2.26278565595978,0,0,0.346612552420382,0.556036974213825,0.000729472936301815,"CLEC14A"
84002,0.997976964846657,0.291048010415716,0.000606014042191062,0.427533346659815,1.5684205830335,0,0,0.131236381254628,0.717153545202164,0.00658411549626277,"B3GNT5"
401466,0.698986276344042,0.238367960824982,0.00336371091682182,0.231793658058823,1.16617889462926,0,0,0.156307080455568,0.692579510401951,0.0257248521222397,"RBIS"
7298,1.74003603268138,0.501866273396155,0.000526045769707482,0.756396211769587,2.72367585359318,0.250708857338451,40.1037113357168,1.66955252537426,0.196318480714019,0.00589092617355979,"TYMS"
54503,0.886803240385205,0.257968978694235,0.000586817697752812,0.381193333015923,1.39241314775449,0,0,0.0116462102119811,0.914061049179054,0.00642212907370224,"ZDHHC13"
6330,1.42750800796753,0.436544212149847,0.00107540139054696,0.571897074494415,2.28311894144064,0,0,0.517025090020382,0.472113460063566,0.0104014612257853,"SCN4B"
391,0.959669382219305,0.328272466053063,0.00346239362895471,0.316267171639153,1.60307159279946,0.0567002269290121,15.3217497161366,1.1809407925267,0.277164552108607,0.0262536219920485,"RHOG"
284716,1.91396766988768,0.469147619762894,4.50995954822071e-05,0.994455231719712,2.83348010805564,0,0,0.459826698717501,0.497704976887907,0.000772652917263785,"RIMKLA"
219285,1.08618504646225,0.31495974683645,0.000563402309364794,0.46887528608295,1.70349480684154,0,0,0.0532529741437378,0.817496550308695,0.0062163284264857,"SAMD9L"
2828,1.55391895902313,0.551649225469283,0.00484955717303017,0.472706345003915,2.63513157304234,0.25546390005311,35.4326674019092,1.54877080988408,0.213316994385481,0.0340200725098677,"GPR4"
284119,0.943686893187942,0.300255046447204,0.00167253845803421,0.355197815975022,1.53217597040086,0,0,0.72129645025937,0.395718978986103,0.0147584005429812,"CAVIN1"
10009,0.730310599076605,0.262031987823966,0.00531812846245929,0.216737340144194,1.24388385800902,0,0,0.0511913048538963,0.821003130339279,0.0365838398261932,"ZBTB33"
79718,0.735577069690708,0.236341360071867,0.00185604207858316,0.272356515892636,1.19879762348878,0,0,0.154823871193037,0.693967469415808,0.01603139996511,"TBL1XR1"
23765,0.68339784168998,0.221859811463272,0.00206782595786737,0.248560601605121,1.11823508177484,0,0,0.116963091095895,0.732351892269177,0.0173710264111687,"IL17RA"
283229,1.29943283843111,0.417843579141091,0.00187179365768906,0.480474472143259,2.11839120471896,0,0,0.984424503060816,0.321108903393319,0.0161467651225986,"CRACR2B"
977,0.827741251259859,0.300162922925326,0.00582202953236937,0.239432732831949,1.41604976968777,0,0,0.200810084046615,0.654067762572344,0.0393673140345718,"CD151"
1176,0.917411111028229,0.306096037776875,0.00272530105102554,0.317473901175143,1.51734832088131,0.0731734038224429,15.9401821836262,1.18962903558091,0.275404396972202,0.0217685035965505,"AP3S1"
440836,1.80882699348583,0.395346768347805,4.7555573515704e-06,1.03396156611983,2.58369242085182,0,0,0.552701642044624,0.457215901083166,0.000115947883853931,"CIMAP1B"
143888,1.03519485214082,0.305218338558405,0.00069472231417131,0.436977901145192,1.63341180313645,0,0,0.0303642499579764,0.861666314544178,0.0073293747746258,"POGLUT3"
84792,0.690199280725678,0.236561563015536,0.00352701790302104,0.226547137088724,1.15385142436263,0,0,0.240465122150313,0.623870380727877,0.026563873042819,"FAM220A"
22882,1.07348875660532,0.334039004082723,0.0013105343194566,0.418784339171558,1.72819317403909,0,0,0.196242446194507,0.657771085143564,0.0121861615374023,"ZHX2"
9242,3.1616068768188,1.1575209294058,0.00630734478817228,0.892907543832105,5.43030620980549,2.18822737830862,80.9365473230347,5.24563948066089,0.0220018402807777,0.0417691207165652,"MSC"
283849,0.997392072403455,0.306540512057701,0.00113910927496273,0.396583708967895,1.59820043583902,0,0,0.045588424964707,0.830925711088013,0.0108926314569663,"EXOC3L1"
143458,1.46827212294053,0.35795354835691,4.09858167720343e-05,0.766696060022668,2.16984818585839,0,0,0.205149963887142,0.650595666781067,0.000715818351732303,"LDLRAD3"
64856,1.19340036442606,0.317469583678087,0.000170524703352334,0.571171414230084,1.81562931462204,0,0,0.0735711978252078,0.786206364743445,0.00233894666866686,"VWA1"
2918,1.90682872831975,0.620162094534659,0.00210695780852377,0.691333358454891,3.1223240981846,0,0,0.0399021639299304,0.841671993319155,0.0176447901443018,"GRM8"
144811,0.922679148339633,0.310836458528632,0.00299378917509841,0.313450884541537,1.53190741213773,0,0,0.0369859645842518,0.847493625729668,0.0234191434682533,"LACC1"
1003,1.39938256518999,0.279564771363982,5.56953820267317e-07,0.851445681970414,1.94731944840957,0,0,0.125209713378783,0.723451415495069,1.81825868248529e-05,"CDH5"
126326,1.7221069216054,0.294444169598225,4.95517627292118e-09,1.14500695373507,2.29920688947572,0,0,0.0402639710943272,0.840965343972915,2.94320007435226e-07,"GIPC3"
3059,1.48304906201634,0.265814668633672,2.41544415559539e-08,0.962061884931898,2.00403623910079,0,0,0.11872495901621,0.730421509593882,1.16729152508576e-06,"HCLS1"
5551,1.99546220789354,0.441778852021823,6.2757347325312e-06,1.12959156879931,2.86133284698776,0,0,0.157749693738728,0.691236826130886,0.000147157793736901,"PRF1"
143503,2.31754608139637,0.777879803683444,0.0028889711914355,0.792929681875728,3.842162480917,0.673794376368577,44.7515573639277,1.81000577081803,0.178507537620792,0.0228056197740778,"OR51E1"
79642,0.779103373322722,0.269192707682813,0.00380099697331205,0.25149536136359,1.30671138528185,0,0,0.306375537066344,0.579912864034756,0.0279742588379729,"ARSJ"
64782,2.04146241640985,0.284710599040123,7.4829741250204e-13,1.48343989627439,2.59948493654532,0,0,7.52516111086987e-05,0.993078622834228,9.17208546615e-11,"AEN"
343413,1.49304787402543,0.46944320542528,0.00147038694957794,0.572956098604845,2.41313964944602,0,0,0.000816604357524103,0.977202522096744,0.0132521572467643,"FCRL6"
4869,0.925450192243618,0.197720029686619,2.86023693759038e-06,0.537926055035654,1.31297432945158,0,0,0.776804350211032,0.378120268380214,7.43055387852237e-05,"NPM1"
219902,0.752416373299163,0.266840516088188,0.00480651024082816,0.229418572150235,1.27541417444809,0,0,0.226517815767569,0.634117923301717,0.0338060394246667,"TLCD5"
91351,0.992506156394604,0.231830210779548,1.85907448843584e-05,0.538127292738361,1.44688502005085,0,0,0.369473527237409,0.543291380818579,0.000368616195993831,"DDX60L"
5912,1.72461646661363,0.310623371134362,2.82234914607135e-08,1.11580584643386,2.33342708679339,0,0,0.877291683366082,0.348944539955848,1.33992019494648e-06,"RAP2B"
399664,0.798110674525711,0.23808454922737,0.000801676407136769,0.331473532764612,1.26474781628681,0,0,0.0578987392791781,0.809848431935293,0.00823229474289799,"MEX3D"
53829,0.953561818282935,0.328720212028191,0.00372174407080619,0.309282041717311,1.59784159484856,0,0,0.148866378366512,0.699621050004923,0.0276019116098349,"P2RY13"
6478,0.732317822090901,0.243497163268883,0.0026340575608863,0.25507215174622,1.20956349243558,0,0,0.00116904302470118,0.97272462706455,0.0211776971338282,"SIAH2"
285195,1.4033533977374,0.482163961083065,0.00360814592140137,0.458329399371417,2.34837739610338,0.110790097122684,16.7919086376829,1.2018061989256,0.272960975970435,0.0270120108041392,"SLC9A9"
51287,0.600502104960502,0.199148660244913,0.00256686299714715,0.210177903311069,0.990826306609936,0,0,0.238761536134064,0.625102032911605,0.0206991709273535,"COA4"
51363,1.59929699673778,0.517644321187749,0.00200448249804298,0.584732770408111,2.61386122306745,0.145333955712244,25.4352705721374,1.3411166481432,0.246837141047643,0.0169977594472412,"CHST15"
6472,1.64927842513029,0.484372037237333,0.000661682364904212,0.699926677026827,2.59863017323376,0.23625914991657,43.0493690416154,1.75590679711824,0.185135885525866,0.00705254017865888,"SHMT2"
8905,0.812531837353909,0.199157947380404,4.50674128559005e-05,0.422189433253394,1.20287424145442,0,0,0.0563482904239325,0.812363595460841,0.000772652917263785,"AP1S2"
439921,1.3360739791553,0.335273570010188,6.74726648688762e-05,0.678949856967164,1.99319810134344,0,0,0.953389595517854,0.328858003100762,0.0010830165957465,"MXRA7"
3985,0.713779957001976,0.24583943191864,0.00369088084538958,0.231943524461656,1.1956163895423,0,0,0.0736856014462059,0.786044243850719,0.0274788218875691,"LIMK2"
302,1.36726204222004,0.305626650698586,7.69010142475489e-06,0.768244814135207,1.96627927030487,0,0,0.423284407053767,0.515302722111844,0.000173677784773819,"ANXA2"
10052,1.29797412331659,0.452499922414201,0.00412486312696088,0.411090572377589,2.18485767425559,0.200335733074852,29.1482373127592,1.41139748973399,0.234824540491967,0.0298533991343533,"GJC1"
162967,1.44739834719109,0.271861408451163,1.01493048546465e-07,0.914559777840473,1.9802369165417,0,0,0.0186363364383568,0.891414192713627,4.0727106355714e-06,"ZNF320"
57118,1.22393360279908,0.269944473381738,5.78715847111393e-06,0.694852157145243,1.75301504845292,0,0,0.0563540435039029,0.812354195576295,0.000137541017722126,"CAMK1D"
754,1.00629336117791,0.33931898203955,0.00302067101368064,0.341240377109601,1.67134634524622,0.0648541713022837,18.0912129659346,1.22087023408625,0.26918993582802,0.0235965859081437,"PTTG1IP"
51428,1.04459837337984,0.305335863481716,0.000623579928206457,0.446151077767241,1.64304566899244,0,0,0.339459918285891,0.560141133308318,0.00674313310073841,"DDX41"
203068,0.934862083424456,0.306778291678452,0.00230865574216094,0.333587680495966,1.53613648635295,0,0,0.845963017834075,0.357696894740769,0.0189918275604368,"TUBB"
359845,0.945850554180872,0.269564277024064,0.000450111794234689,0.417514279695129,1.47418682866661,0,0,0.980542974450923,0.322064791278613,0.00511708037239993,"RFLNB"
7378,1.64387587956672,0.350773088442482,2.78002731474625e-06,0.956373259473572,2.33137849965987,0,0,0.0312332734070783,0.859720962979638,7.26416827223327e-05,"UPP1"
128239,2.5328151179206,0.814721981745893,0.0018784303923139,0.935989376285553,4.12964085955565,0.737140960133528,43.9957270635691,1.78557804175956,0.181465864133897,0.0161833079741651,"IQGAP3"
23258,0.750303391089982,0.235797519549975,0.00146271062562397,0.288148745128152,1.21245803705181,0,0,0.00466239582250671,0.945561360705322,0.0132112444158735,"DENND5A"
55803,0.892364830294501,0.292346468993655,0.00227002623753128,0.319376280059481,1.46535338052952,0,0,0.11129098193003,0.738679131173585,0.0186968624072293,"ADAP2"
126382,1.81026329822918,0.386605957691126,2.8346551545427e-06,1.05252954494596,2.56799705151241,0,0,0.486074270147135,0.485683728427326,7.37831186268325e-05,"NR2C2AP"
79174,1.13749484507355,0.300514084440955,0.000153607757446628,0.548498062722247,1.72649162742485,0,0,0.00576581948707302,0.939472407684826,0.00215290373560591,"CRELD2"
256714,2.30035736059554,0.819216922598983,0.00498509369276458,0.694721696775801,3.90599302441529,0.673253335214892,50.1468008869336,2.00588932664484,0.156689378494843,0.0348259161966554,"MAP7D2"
9735,1.42724299852404,0.300387804649972,2.02078322986419e-06,0.838493720015038,2.01599227703303,0,0,0.661037005843925,0.416194079799093,5.53784965208514e-05,"KNTC1"
11156,1.95234033675744,0.405903713764528,1.51035485701566e-06,1.15678367658791,2.74789699692697,0,0,0.38544420906868,0.534703893196385,4.30728672371547e-05,"PTP4A3"
57121,1.70726610239446,0.461521214604981,0.000216267521342995,0.802701143667512,2.6118310611214,0,0,0.242779273005568,0.622205944372107,0.00285316535251232,"LPAR5"
25923,0.544267513300784,0.192427077768579,0.00467761749600274,0.167117371224081,0.921417655377486,0,0,0.0125309831010079,0.910869494777858,0.0331067279257769,"ATL3"
3714,1.99701403628553,0.351146332311334,1.29193844119858e-08,1.30877987165198,2.68524820091907,0,0,0.00298130348342664,0.956456091953415,6.88506166113854e-07,"JAG2"
169611,2.35680714202809,0.553815413295264,2.08505528215214e-05,1.2713488778862,3.44226540616997,0.372318558439572,50.5908632185968,2.02391716419621,0.15483925831886,0.000404500724737515,"OLFML2A"
6667,0.52045559908418,0.172556692109833,0.00256012784148036,0.18225069725754,0.85866050091082,0,0,0.105914188583003,0.744844604036974,0.0206572134570196,"SP1"
389119,1.27785031675508,0.366726826752749,0.000493104243334222,0.559078944155029,1.99662168935513,0,0,0.322174548431484,0.57030374231141,0.00554968657168223,"INKA1"
5034,1.32482142355974,0.277744372009238,1.84289253276601e-06,0.780452457512937,1.86919038960654,0.0126743811578958,4.16554826050926,1.04346608328112,0.307016720597963,5.10220123599264e-05,"P4HB"
56901,6.88110494129825,1.33946285131655,2.7884399136006e-07,4.25580599408849,9.50640388850801,3.0475247483198,84.9281350081762,6.63487896516112,0.0100000990016297,1.00795000951949e-05,"COXFA4L2"
4603,2.08632810506418,0.447746830562172,3.16800480876771e-06,1.20876044297037,2.963895767158,0,0,0.0135697804104669,0.907264686146349,8.11455955163203e-05,"MYBL1"
140691,0.721297898483912,0.233678677840634,0.00202386139445589,0.263296105961331,1.17929969100649,0,0,0.727684189865161,0.393634864120927,0.017086864860018,"TRIM69"
22821,1.04004213997418,0.289717859894653,0.000330874959254213,0.472205568902635,1.60787871104572,0,0,0.502921424759919,0.478219278423553,0.00400159763191716,"RASA3"
5501,0.654046007309745,0.194684782907165,0.000780800527834529,0.272470844473703,1.03562117014579,0,0,0.0281631375366072,0.866725860347459,0.0080732618993811,"PPP1CC"
353322,1.62975705213366,0.500739289581833,0.00113511495998267,0.648326078909096,2.61118802535822,0,0,0.272366965177013,0.601748393517766,0.0108636913829656,"ANKRD37"
11118,1.41454018975024,0.281431485317286,5.00208361476043e-07,0.862944614412747,1.96613576508773,0,0,0.637922140467382,0.424464223234377,1.64495349701987e-05,"BTN3A2"
257106,1.7286602983407,0.444408886510928,0.000100328164026906,0.857634886369733,2.59968571031167,0.114568554036718,21.5691070679854,1.27500779682162,0.258829318648244,0.00149969471793212,"ARHGAP30"
55893,1.59423860891222,0.579777462587047,0.00596421509611199,0.457895663193593,2.73058155463085,0.36398269879797,46.9265869293831,1.88418257305112,0.169859531536429,0.0401090516900611,"ZNF395"
285382,1.08812887370051,0.36572461703641,0.00292732358536234,0.371321796049442,1.80493595135158,0,0,0.0337382943807062,0.854264602186521,0.0229738672301748,"C3orf70"
1282,2.52422206091153,0.880200674255342,0.00413362602954921,0.799060440203192,4.24938368161988,1.19886631772424,75.1122105073082,4.01803462816032,0.0450161431170729,0.0298845282954262,"COL4A1"
2701,1.7900036882179,0.38947884383666,4.30896629903479e-06,1.02663918155775,2.55336819487805,0,0,0.292974630326707,0.588320592843575,0.00010679741288582,"GJA4"
9636,1.81362044029099,0.545289211351258,0.000881085813681941,0.744873224884272,2.8823676556977,0.260761435336082,40.8445106148711,1.69046019294938,0.193540316726291,0.00885059488432806,"ISG15"
81848,1.31059478128999,0.343729540767388,0.000137364430703294,0.636897260963416,1.98429230161656,0.0352483452438865,7.12052714554471,1.07666416406888,0.299445005609176,0.00196403459085103,"SPRY4"
51393,2.18820405631008,0.690352329266425,0.00152600752417306,0.835138354304548,3.5412697583156,0.598065595360346,58.9507509328655,2.43609815703215,0.118570832756219,0.0136712022913125,"TRPV2"
1978,1.45514068728151,0.419396388187576,0.000521220210550493,0.633138871187682,2.27714250337534,0,0,0.119937709588288,0.729102058323666,0.00584173906804015,"EIF4EBP1"
353116,0.580399067650019,0.20411552765319,0.00446233660108042,0.180339984764376,0.980458150535661,0,0,0.186876678887324,0.665528943944149,0.0317329559031473,"RILPL1"
115273,4.17546255873788,1.12492640212777,0.00020581895241898,1.97064732530923,6.38027779216652,2.00135394385961,77.176721259883,4.38149142104756,0.0363311943267792,0.00273944416136733,"RAB42"
57801,1.58225768787221,0.45811642157688,0.000552679177296929,0.684366000855154,2.48014937488926,0,0,0.153965270581696,0.694774443073178,0.00613314678806131,"HES4"
29780,1.08762988072202,0.218060364016083,6.10875596042976e-07,0.6602394207948,1.51502034064923,0,0,0.0302692371167817,0.861880735898527,1.97991241861718e-05,"PARVB"
441168,3.05942331852246,0.82607585260756,0.000212593008241085,1.44034439891343,4.6785022381315,0.869504545168436,60.081590372503,2.50510982108658,0.113477574073946,0.00281570877221468,"CALHM6"
9729,1.46407978576942,0.428737532272208,0.000638141814233862,0.623769663695316,2.30438990784353,0,0,0.0372135869871638,0.84703083586742,0.00685037108384965,"KIAA0408"
282991,0.663378671719119,0.237124470036135,0.00514843285572047,0.198623250595148,1.12813409284309,0,0,0.000291514919648754,0.986377734054212,0.0356712847860632,"BLOC1S2"
60312,0.758446207834891,0.272237335929665,0.00533671108491931,0.224870834165615,1.29202158150417,0,0,0.278444179135188,0.597722774602437,0.0366508490355212,"AFAP1"
6925,0.706321688526398,0.227616159508608,0.00191487907459593,0.260202213590201,1.15244116346259,0,0,0.447435919125324,0.503555117209473,0.0164205082678867,"TCF4"
51284,2.61692121922698,0.893093204972741,0.00338768916488184,0.86649070264296,4.367351735811,1.04623181635406,59.5465381389786,2.47197632537733,0.115892122079056,0.0258203578349925,"TLR7"
2760,1.84080775178136,0.633766056314954,0.00367776722167447,0.598649106780068,3.08296639678266,0.568500275511043,65.6244356589983,2.90904315076871,0.0880841201354174,0.0274266235895116,"GM2A"
7088,1.04743679076356,0.37735935652374,0.00550828181523977,0.307826042747815,1.7870475387793,0,0,0.0272194437209201,0.868957235266838,0.0376422522629893,"TLE1"
8187,0.965394918397063,0.330842776143162,0.00352299042147432,0.316954992611218,1.61383484418291,0,0,0.0121095936707253,0.91237479789169,0.026563873042819,"ZNF239"
10865,1.00799833814364,0.377186509621278,0.0075307776555981,0.268726363831569,1.74727031245572,0,0,0.458523550009909,0.498314803547579,0.0473686750844873,"ARID5A"
170384,1.55211406074174,0.347364549380359,7.88595474926143e-06,0.871292054450251,2.23293606703323,0,0,0.350916596685462,0.553594724999678,0.00017721054647382,"POFUT4"
307,1.68222753724067,0.232902792267212,5.09001495489226e-13,1.22574645249812,2.13870862198322,0,0,0.927757014187567,0.33544644257361,6.41389454549648e-11,"ANXA4"
309,0.84623842858196,0.313322715189,0.00691620101360118,0.232137191273219,1.4603396658907,0,0,0.182430903218941,0.669292430425782,0.0447943384372598,"ANXA6"
79690,3.85674732764346,0.924471108990119,3.02147232444389e-05,2.04481724927502,5.66867740601189,1.22303964000397,68.8165040103284,3.20682453414208,0.0733316752192385,0.000559594936132926,"GAL3ST4"
5154,0.925812936900103,0.294962523026888,0.00169671473854254,0.347697014978336,1.50392885882187,0,0,0.407980148286021,0.522996486671419,0.0149326402217814,"PDGFA"
4828,2.33496872830938,0.419398687414788,2.58538398783625e-08,1.51296240581303,3.15697505080574,0.0790739384023506,17.5931089961741,1.21349075037132,0.270641888021782,1.2361252591488e-06,"NMB"
92689,0.703529096759545,0.238527359894259,0.0031832031975753,0.236024062039373,1.17103413147972,0,0,0.0142556834324558,0.904960705830615,0.0246095921518967,"FAM114A1"
6231,0.755065484695538,0.262400297015124,0.00400798128470017,0.240770353013281,1.26936061637779,0,0,0.583049661274991,0.445119427666773,0.0291790559727929,"RPS26"
6281,1.83176636108831,0.274636019459631,2.56158368587702e-11,1.29348965408999,2.37004306808662,0.024772534644992,7.91811941982035,1.08598998380496,0.297361409758751,2.30252218911199e-09,"S100A10"
7004,2.03102914513827,0.431346281503776,2.49446558778263e-06,1.18560596852559,2.87645232175094,0,0,0.00071287319229716,0.978699264180319,6.60763841258806e-05,"TEAD4"
30001,1.58463851619207,0.349258173411971,5.70181627574203e-06,0.900105074998366,2.26917195738578,0,0,0.000205833719229595,0.988553217690271,0.000136307781641542,"ERO1A"
9019,0.882665005987025,0.299793556697292,0.00323745960473188,0.295080432063166,1.47024957991088,0.0484402329587876,12.5517723424659,1.14353375338402,0.284906864090447,0.0249147647549087,"MPZL1"
85028,2.30516209391082,0.439581674760409,1.57140357158031e-07,1.44359784311662,3.16672634470502,0.129249102762021,25.0363900609706,1.33398058179607,0.248098300870398,6.01910066920946e-06,"SNHG12"
51135,0.722656717090144,0.239471428844165,0.00254687623260785,0.253301341229234,1.19201209295105,0,0,0.0121542726271585,0.912213950563222,0.0205865026941865,"IRAK4"
140885,1.59845155996621,0.202271175471792,2.7332533844633e-15,1.20200734093092,1.9948957790015,0,0,0.000161030428857739,0.989875294943359,5.19048667362235e-13,"SIRPA"
9358,2.65078418480094,0.82631058055499,0.00133672836425637,1.03124520686878,4.2703231627331,0.567726126942874,35.151956923178,1.54206657988947,0.214310460836983,0.012376527560228,"ITGBL1"
11177,1.02184283440406,0.280888135343615,0.000274870530835712,0.47131220544596,1.57237346336216,0,0,0.023886847012054,0.877173171218449,0.00342521198452672,"BAZ1A"
27347,1.48519680769165,0.338751322399568,1.16344522426914e-05,0.82125641607318,2.14913719931012,0.047332670611906,11.3004093390996,1.12740091870662,0.288330407337879,0.00024625952839593,"STK39"
25829,1.00664820379975,0.241354719513316,3.03499391713486e-05,0.533601646054887,1.47969476154462,0,0,0.01301194585561,0.909182369668872,0.000560559218968894,"TMEM184B"
919,2.14455129364447,0.425181580606704,4.56261633210176e-07,1.31121070876551,2.97789187852342,0,0,0.854514831168138,0.355278243595459,1.51895693841304e-05,"CD247"
916,1.55980188522684,0.579177398319483,0.00707839818549589,0.424635043861042,2.69496872659263,0.143743271517687,15.5433553988379,1.18403946157511,0.276535173120523,0.0454900108365305,"CD3E"
2869,1.15846176817328,0.257277319095064,6.70720196459231e-06,0.654207488707935,1.66271604763863,0,0,0.00018172216752671,0.989244493617904,0.000156188608097751,"GRK5"
1756,0.836731678547249,0.304616878954386,0.00601737756737019,0.239693566713655,1.43376979038084,0,0,0.652232913566234,0.419315484210636,0.0404045327394683,"DMD"
1122,0.764219645728435,0.244237973646376,0.00175404688394862,0.285522013724495,1.24291727773237,0,0,0.146855145049749,0.701558994219478,0.0153271640546203,"CHML"
2214,3.67747180294929,0.387714073708762,2.42360218902909e-21,2.91756618218081,4.43737742371777,0,0,0.00131623522230257,0.971059132047557,9.07706342074423e-19,"FCGR3A"
2664,0.673362836512812,0.245324102158983,0.00605498601343213,0.192536431741581,1.15418924128404,0,0,0.334478868173481,0.56303359435439,0.0405964079657411,"GDI1"
9935,1.113581663468,0.340704300985377,0.00108130778108154,0.445813504158764,1.78134982277723,0,0,0.0951717597175528,0.757702504795814,0.0104436051664201,"MAFB"
5696,1.45411304219398,0.27255067453937,9.54379830085861e-08,0.919923536134715,1.98830254825324,0,0,0.376392176814876,0.539540435021756,3.87587447260472e-06,"PSMB8"
3133,1.02853844289374,0.181028086631215,1.33400518083367e-08,0.673729912906364,1.38334697288112,0,0,0.0364849066507684,0.848517581036239,7.08125663511041e-07,"HLA-E"
29902,1.07531240337632,0.344994355911529,0.0018276446183268,0.399135890920131,1.75148891583251,0,0,0.0223084391697294,0.881269494901205,0.015847030475177,"FAM216A"
201725,0.879048237242209,0.292521938557983,0.00265521718085694,0.305715772980725,1.45238070150369,0,0,0.0238996165548741,0.877140605578188,0.0213096983627941,"C4orf46"
5699,1.69793636130411,0.298311285792141,1.2568684614507e-08,1.11325698496968,2.28261573763854,0.013953664693111,4.07077631875944,1.04243520548322,0.30725578314712,6.7247450260872e-07,"PSMB10"
54809,0.993325633074423,0.344311050029228,0.00391456079297704,0.318488375537967,1.66816289061088,0,0,0.225425338545683,0.634936815651792,0.028635449345197,"SAMD9"
7114,1.19891544964143,0.393667453207359,0.00232291382766278,0.427341419469404,1.97048947981346,0.155197150057326,34.9810115466116,1.53801223886602,0.214913922076724,0.0190510297199793,"TMSB4X"
150383,0.624764339962423,0.228658417882083,0.00628930548053512,0.17660207615163,1.07292660377322,0,0,0.00614979864870392,0.937493446255155,0.0416906124847862,"CDPF1"
162073,1.30267420921117,0.340603822716559,0.000130983279849591,0.635102983690053,1.97024543473229,0,0,0.0134448783518711,0.907690542379845,0.00188077482663689,"ITPRIPL2"
10921,0.556975041140847,0.192164925754325,0.0037504562895354,0.180338707570558,0.933611374711137,0,0,0.118914480461785,0.730214817993758,0.0277690291882514,"RNPS1"
90861,0.855440304067343,0.252563082872655,0.000706520651454788,0.360425757812535,1.35045485032215,0,0,0.0134174996551018,0.907784158172446,0.00743059121962941,"JPT2"
7416,0.650929795392932,0.245434546487484,0.00799804578822119,0.169886923715541,1.13197266707032,0,0,0.0911906363964485,0.762668930009905,0.0495349799552532,"VDAC1"
5500,0.418904449064304,0.150363265259769,0.00533712016923897,0.124197864557313,0.713611033571294,0,0,0.677479771929348,0.410455908738144,0.0366508490355212,"PPP1CB"
147040,0.741611864783588,0.230411845925215,0.00128801869761161,0.290012945158774,1.1932107844084,0,0,0.449992657034645,0.502338441437994,0.0120182395154999,"KCTD11"
1454,0.9304944023359,0.350223195775987,0.00788719207738664,0.244069552064444,1.61691925260736,0,0,0.215334782998177,0.642617805150941,0.0489834227450042,"CSNK1E"
3672,0.801445305730455,0.224315459911837,0.000353118164983123,0.361795083127717,1.24109552833319,0,0,0.000505254852391919,0.982066760948408,0.00419479490613873,"ITGA1"
6150,1.06888945973915,0.24392884409105,1.17609716604714e-05,0.590797710530208,1.5469812089481,0,0,0.242763292983359,0.622217404030546,0.000247770595153338,"MRPL23"
100505854,0.734187854378798,0.234903120111697,0.00177507816713389,0.273786199103787,1.19458950965381,0,0,0.0235657033001433,0.877995120723689,0.0154708331787112,"APTR"
4515,2.04883692618212,0.327249632511152,3.83064330711495e-10,1.4074394325063,2.69023441985795,0,0,0.310306944780468,0.57749189283281,2.85351180717298e-08,"MTCP1"
101059953,1.6404668762076,0.605006946357626,0.00669826997729714,0.4546750509501,2.82625870146511,0,0,0.467595194539862,0.494095576711232,0.0437986295363227,"NPIPA8"
10437,1.02134548148251,0.269631591132335,0.000151907884502983,0.492877273768903,1.54981368919611,0,0,0.140195613318261,0.708086623599756,0.00213796869180973,"IFI30"
51192,1.48336536923016,0.391290078298398,0.000150065607612093,0.71645090825744,2.25027983020287,0.14378465747224,30.4789432058323,1.43841311699377,0.230396305293542,0.00211645877346636,"CKLF"
648791,1.24543699042945,0.444756833662394,0.00510606718360417,0.373729614573088,2.11714436628582,0,0,0.533915670435864,0.464965266519007,0.0354226587739102,"PPP1R3G"
64641,2.21569325586452,0.544858711338933,4.77149791233321e-05,1.14778980497731,3.28359670675174,0,0,0.383079439194093,0.535959762964435,0.000806191808922163,"EBF2"
80830,0.960623057916458,0.227954955327759,2.50785518718134e-05,0.513839555376615,1.4074065604563,0,0,0.552440518788897,0.457322210628514,0.000473715825767284,"APOL6"
3995,1.20858068056772,0.406066308877048,0.00291736363264062,0.412705339833592,2.00445602130186,0.0813710605012199,18.2158601581167,1.22273096218086,0.268825364711763,0.0229491329398445,"FADS3"
728190,0.682247345163391,0.253644081133942,0.00714986573463115,0.18511408124911,1.17938060907767,0,0,0.370944637037635,0.542489809782034,0.0458182698194067,"NUTM2A-AS1"
155400,1.04712398512761,0.373849678319047,0.00509567509810008,0.314392079990391,1.77985589026482,0,0,0.0798258371362933,0.777533569693753,0.0354149419317956,"NSUN5P1"
100133205,2.02489514013263,0.473407410147907,1.89192405847389e-05,1.09703366622835,2.95275661403691,0.0790846249779646,10.1227011223892,1.11262800783737,0.291511390636164,0.000374029502645211,"LINC00240"
106614088,2.38378694432119,0.487102083417596,9.8900368089219e-07,1.42908440402828,3.3384894846141,0.187044125206313,26.8059775481865,1.36623178574226,0.242460371608761,3.00331906069131e-05,"MIR34AHG"
6171,1.62374776600549,0.549957667360271,0.00315216241384756,0.545850544957705,2.70164498705328,0,0,0.121728627594634,0.727167163629578,0.0244116058735822,"RPL41"
100507347,1.41989940054007,0.344777918259038,3.81675215501799e-05,0.744147098087659,2.09565170299248,0,0,0.00180270877373018,0.966133339123917,0.000675344741549967,"VIM-AS1"
197135,2.00829516836539,0.438771105306375,4.71486954915506e-06,1.14831960450807,2.86827073222272,0,0,0.0937026483622561,0.759521744575633,0.000115373114575785,"PATL2"
285958,1.37613203093947,0.332895822519043,3.56780042624625e-05,0.723668208198306,2.02859585368063,0,0,0.582570967580154,0.445306344545548,0.000636304935807912,"SNHG15"
60674,1.25770429448692,0.333933181619389,0.000165661349420335,0.603207285270043,1.91220130370379,0,0,0.136971535117972,0.711310473288274,0.00228385682437052,"GAS5"
114614,3.02326044531654,0.520190252623971,6.17913548617061e-09,2.00370628506476,4.04281460556831,0,0,0.441940917324538,0.506187141881011,3.60663566060772e-07,"MIR155HG"
442421,1.21059891484502,0.41813594834833,0.00378883199896864,0.391067515440794,2.03013031424925,0,0,0.000271372619340403,0.986856729912617,0.0279457449902047,"PTGER4P2-CDK2AP2P2"
103352539,1.21059891484502,0.41813594834833,0.00378883199896864,0.391067515440794,2.03013031424925,0,0,0.000271372619340403,0.986856729912617,0.0279457449902047,"LINC01410"
81567,0.687296222150624,0.255643779198941,0.00717755833364697,0.18624362204899,1.18834882225226,0,0,0.00549397735451226,0.940913811961048,0.0459084530420124,"TXNDC5"
5698,2.26703005824089,0.783387467277615,0.00380512416866505,0.731618836436715,3.80244128004507,0.85581527815565,65.6924237175754,2.91480806387448,0.0877698548654995,0.0279893557916589,"PSMB9"
5098,1.11681280081452,0.324590575086374,0.000580251029822312,0.480626963924086,1.75299863770496,0,0,0.754305176768064,0.385116600050817,0.00636576455255837,"PCDHGC3"
10687,1.69298776427806,0.434376475015012,9.71857860164931e-05,0.84162551751717,2.54435001103894,0,0,0.0367490395835073,0.847976900360683,0.00146082046026798,"PNMA2"
10552,0.796268554255797,0.194402330016192,4.20381570501009e-05,0.415246988913391,1.1772901195982,0,0,0.316665906960599,0.573618235859009,0.000729472936301815,"ARPC1A"
80301,1.44340255324353,0.534432338245365,0.0069169927038771,0.395934418109084,2.49087068837797,0.282904294388443,42.8871010804459,1.75091795184227,0.185761374644238,0.0447943384372598,"PLEKHO2"
140564,1.56071019800994,0.509748921767927,0.00220066711465691,0.561620670186676,2.5597997258332,0,0,0.910476250751602,0.339988086960405,0.0182369973613516,"APOBEC3D"
55861,1.56786876852955,0.39281891352378,6.57045867576763e-05,0.797957845576784,2.33777969148231,0,0,0.000108320196364024,0.991696007650602,0.00105968294647578,"DBNDD2"
1050,1.41543386505295,0.417042874581023,0.000688855134853658,0.598044850865087,2.23282287924081,0,0,0.633475246237183,0.426083428934333,0.0072845755162603,"CEBPA"
100506211,3.28479667392956,0.826862417297051,7.10912792890012e-05,1.66417611585762,4.90541723200151,0.910680267579946,65.5119181382999,2.89955238453121,0.0886041536791208,0.00113166908931948,"MIR210HG"
105370027,1.55324190702227,0.410782256860642,0.000156086376946619,0.748123478087329,2.35836033595721,0,0,0.438496059607163,0.507849237918654,0.00217858449313796,"PRKAB1-AS1"
5820,3.71014190840584,0.783266755504862,2.17168549730295e-06,2.17496727732877,5.24531653948291,0.791758466442697,60.2836993455846,2.51785786571949,0.112563401201149,5.91532031517893e-05,"PVT1"
283140,2.89412430299036,0.506926153766026,1.13532774853911e-08,1.90056729878753,3.88768130719318,0,0,0.00670503718089783,0.934738726119552,6.1974186370659e-07,"LINC02762"
399474,1.00385209175757,0.256723393764027,9.22014747874793e-05,0.500683485991184,1.50702069752396,0,0,0.0992467808909607,0.752735405484049,0.00140310664171511,"TMEM200B"
4067,0.707852300222235,0.240023519777601,0.00318705397355638,0.237414846015601,1.17828975442887,0,0,0.656581553198476,0.417769383922967,0.0246252428226136,"LYN"
132430,1.14314176003176,0.310971963961553,0.000236893195613178,0.533647910465425,1.75263560959809,0,0,0.246066141998768,0.61985875099252,0.00306528882577013,"PABPC4L"
619383,1.12184777632054,0.397256289614237,0.00474298695125416,0.34323975604462,1.90045579659645,0,0,0.970772728001029,0.324487538366658,0.033463994277216,"SCARNA9"
100158262,1.12184777632054,0.397256289614237,0.00474298695125416,0.34323975604462,1.90045579659645,0,0,0.970772728001029,0.324487538366658,0.033463994277216,"SCARNA9L"
23642,0.936069405537666,0.282873751663479,0.00093582368848604,0.381647040105519,1.49049177096981,0,0,0.118106597557626,0.731097179277827,0.00927091167660344,"SNHG1"
283487,0.895854897185943,0.336344878654928,0.00773321980648732,0.236631048637789,1.5550787457341,0,0,0.0590005479004696,0.808082645664547,0.0482476410803544,"PRECSIT"
51750,0.900241521438016,0.323147778987519,0.0053387426763898,0.266883512938369,1.53359952993766,0,0,0.0956173786392333,0.757153725760268,0.0366508490355212,"RTEL1"
400236,1.11963844462914,0.379585994241596,0.00318154127265342,0.375663566879783,1.8636133223785,0,0,0.494535968265079,0.481910859976236,0.0246095921518967,"FOXN3-AS1"
5175,0.925768779773866,0.297034260454923,0.00182883193223227,0.343592327107728,1.50794523244,0,0,0.0200150700589951,0.887495003214226,0.0158471342816759,"PECAM1"
440712,1.21350782578802,0.424409900355716,0.00424600396601343,0.381679706408581,2.04533594516746,0,0,0.331643206692108,0.564693106700623,0.0305816621120508,"RHEX"
6139,0.96290501529434,0.274737864377082,0.000456927002313446,0.42442869592581,1.50138133466287,0,0,0.398053040484597,0.528096464536322,0.00519018262189738,"RPL17"
100505812,1.00963305520213,0.36957577088604,0.0062975935808584,0.285277854706861,1.73398825569739,0,0,0.197662675026773,0.656614118927589,0.0417250389438397,"CARD8-AS1"
115290,1.0463798970433,0.326471619690484,0.00135007361304803,0.406507280475495,1.68625251361111,0,0,0.11783231184468,0.731397518328911,0.0124421790921167,"FBXO17"
84548,0.712073413450693,0.247367330201259,0.00399435317617747,0.227242355304398,1.19690447159699,0,0,0.469297667690529,0.493310451780141,0.0290955504453814,"TMEM185A"
100507032,0.905867204592789,0.337022669724719,0.00719131680479649,0.245314909958803,1.56641949922677,0,0,0.0205979356996981,0.885879667532687,0.0459528552033513,"TMCC1-DT"
6352,2.10236308971064,0.425910052098477,7.96729438559638e-07,1.26759472694404,2.93713145247723,0,0,0.00751642701892808,0.930912098825937,2.50988388320084e-05,"CCL5"
100133941,1.25394069654939,0.41505185987034,0.00251803012422169,0.440453999487158,2.06742739361162,0.0990698030060836,23.10455780613,1.30046719476401,0.254127902747409,0.0203662868415603,"CD24"
6351,1.82042716903761,0.610239266667947,0.00285310506462831,0.624380184416296,3.01647415365892,0.0567481051381825,5.1886076113632,1.0547255712699,0.30442125011763,0.0226284797566962,"CCL4"
157285,1.04227323510995,0.316702575652746,0.000998262449082056,0.421547593019499,1.66299887720041,0,0,0.00833648184791591,0.927250772423844,0.00976746923147558,"PRAG1"
11072,1.33322935074513,0.315797040541144,2.4236794939864e-05,0.714278524860157,1.95218017663011,0,0,0.822003486878137,0.364595043857829,0.000460909317594057,"DUSP14"
338382,2.61899109388833,0.839749679427159,0.00181604005222856,0.973111966182041,4.26487022159462,0.87366346771281,55.2835324800531,2.2363126057619,0.134802105884988,0.0157768479537357,"RAB7B"
4747,2.0867777162203,0.600167533456975,0.000507072935529427,0.910470965954394,3.26308446648621,0.0336881772449729,4.55803416037387,1.04775712780301,0.30602420649872,0.00570213877376419,"NEFL"
