"ID","Description","setSize","enrichmentScore","NES","pvalue","p.adjust","qvalue","rank","leading_edge","core_enrichment","log2err"
"GO:0016054","organic acid catabolic process",202,-0.737969948022191,-2.23359765790164,1e-10,2.939e-07,1.97359593550605e-07,1356,"tags=43%, list=10%, signal=39%","54677/9673/254013/10840/122970/91452/51540/23659/27349/5264/8529/549/9942/23464/1384/1738/2110/152926/2108/5095/84693/56922/113675/84830/6652/10327/10994/8309/6342/1743/64087/1579/5053/26061/38/36/4942/11112/51084/84706/130013/55862/2639/440503/66002/27034/1800/6470/4329/5446/10841/5465/3081/64902/56603/11001/51/5825/1962/23576/501/5096/10455/7263/2326/2875/7915/3945/594/144193/112817/18/125061/2731/10247/1757/58510/26275/8659/1892/51181/445/4051/1610/189/3242",NA
"GO:0046395","carboxylic acid catabolic process",202,-0.737969948022191,-2.23359765790164,1e-10,2.939e-07,1.97359593550605e-07,1356,"tags=43%, list=10%, signal=39%","54677/9673/254013/10840/122970/91452/51540/23659/27349/5264/8529/549/9942/23464/1384/1738/2110/152926/2108/5095/84693/56922/113675/84830/6652/10327/10994/8309/6342/1743/64087/1579/5053/26061/38/36/4942/11112/51084/84706/130013/55862/2639/440503/66002/27034/1800/6470/4329/5446/10841/5465/3081/64902/56603/11001/51/5825/1962/23576/501/5096/10455/7263/2326/2875/7915/3945/594/144193/112817/18/125061/2731/10247/1757/58510/26275/8659/1892/51181/445/4051/1610/189/3242",NA
"GO:1901606","alpha-amino acid catabolic process",80,-0.791239849924535,-2.17767185635184,5.93466673426347e-08,2.18024819150004e-05,1.46407926816566e-05,1100,"tags=48%, list=8%, signal=44%","549/23464/1738/56922/113675/1743/64087/5053/38/36/4942/11112/84706/130013/2639/27034/6470/4329/10841/3081/64902/23576/501/2875/144193/112817/125061/2731/10247/1757/58510/26275/8659/1892/445/1610/189/3242",0.719512826338911
"GO:0009063","amino acid catabolic process",90,-0.789724891133361,-2.16498037449372,1.97006009529362e-08,8.90770249241223e-06,5.98169630272945e-06,1100,"tags=48%, list=8%, signal=44%","549/23464/1738/152926/2108/56922/113675/1743/64087/5053/38/36/4942/11112/84706/130013/2639/27034/6470/4329/10841/3081/64902/23576/501/2875/7915/594/144193/112817/18/125061/2731/10247/1757/58510/26275/8659/1892/445/1610/189/3242",0.73376198835648
"GO:0170039","proteinogenic amino acid metabolic process",116,-0.762148751037768,-2.16464893573215,3.59717792863155e-09,3.02060169492804e-06,2.02839306835408e-06,884,"tags=38%, list=7%, signal=36%","56922/113675/29968/2678/1743/64087/5053/4953/38/36/4942/11112/435/84706/130013/2639/27034/6470/4329/10841/3081/64902/23576/501/635/2875/79814/144193/125061/26227/23743/2731/10247/10249/58510/26275/8659/1491/389434/1892/445/1610/189/3242",0.774939030136436
"GO:1901605","alpha-amino acid metabolic process",152,-0.733571541246846,-2.15110586359485,4.52282529777085e-10,6.64629177507426e-07,4.46311481234223e-07,1181,"tags=38%, list=9%, signal=35%","4522/4482/549/23464/1738/2271/56922/113675/29968/2678/1743/4594/64087/5053/4953/38/339983/36/4942/11112/435/84706/130013/2639/3172/670/27034/1800/6470/4329/10841/3081/64902/23576/501/635/2875/79814/7915/144193/112817/125061/26227/23743/2731/10247/1757/10249/58510/26275/8659/1491/389434/1892/445/1610/189/3242",0.814035837847908
"GO:0006520","amino acid metabolic process",225,-0.699669296736741,-2.15046501862054,1.58202560749778e-10,3.09971550695731e-07,2.08151953921607e-07,1234,"tags=33%, list=9%, signal=30%","51540/6567/4522/4482/549/23464/23395/1738/152926/2271/2108/5095/56922/113675/29968/2678/1743/4594/64087/5053/4953/38/339983/36/4942/11112/435/84706/130013/1497/148811/2639/3172/670/51733/27034/1733/1800/6470/4329/10841/3081/64902/23576/501/5096/635/2875/79814/7915/594/144193/1644/112817/18/125061/26227/23743/2731/10247/1757/10249/58510/5184/26275/8659/95/1491/389434/1892/445/1610/189/3242",0.826657301178302
"GO:0071706","tumor necrosis factor superfamily cytokine production",132,0.634257430216235,2.14672137099838,9.68455495054217e-09,5.69258139992869e-06,3.822679657515e-06,1902,"tags=34%, list=14%, signal=30%","2214/140885/10457/5699/3133/5696/7098/4938/64581/5788/50856/4939/54209/23208/7128/7099/7305/26191/4940/10392/914/409/7097/2212/5698/23643/942/5683/10865/29126/83786/102/2209/2213/64115/10270/8841/11006/2000/5682/1524/7040/6376/64135/9181",0.747739663149885
"GO:1903555","regulation of tumor necrosis factor superfamily cytokine production",132,0.634257430216235,2.14672137099838,9.68455495054217e-09,5.69258139992869e-06,3.822679657515e-06,1902,"tags=34%, list=14%, signal=30%","2214/140885/10457/5699/3133/5696/7098/4938/64581/5788/50856/4939/54209/23208/7128/7099/7305/26191/4940/10392/914/409/7097/2212/5698/23643/942/5683/10865/29126/83786/102/2209/2213/64115/10270/8841/11006/2000/5682/1524/7040/6376/64135/9181",0.747739663149885
"GO:0032640","tumor necrosis factor production",128,0.631583936546894,2.13712310341377,1.90260893438115e-08,8.90770249241223e-06,5.98169630272945e-06,1902,"tags=34%, list=14%, signal=29%","2214/140885/10457/5699/3133/5696/7098/4938/64581/5788/50856/4939/54209/23208/7128/7099/7305/26191/4940/10392/914/409/7097/2212/5698/23643/5683/10865/83786/102/2209/2213/64115/10270/8841/11006/2000/5682/1524/7040/6376/64135/9181",0.73376198835648
"GO:0032680","regulation of tumor necrosis factor production",128,0.631583936546894,2.13712310341377,1.90260893438115e-08,8.90770249241223e-06,5.98169630272945e-06,1902,"tags=34%, list=14%, signal=29%","2214/140885/10457/5699/3133/5696/7098/4938/64581/5788/50856/4939/54209/23208/7128/7099/7305/26191/4940/10392/914/409/7097/2212/5698/23643/5683/10865/83786/102/2209/2213/64115/10270/8841/11006/2000/5682/1524/7040/6376/64135/9181",0.73376198835648
"GO:0170035","L-amino acid catabolic process",75,-0.793810295303731,-2.13312763066672,2.45194201531814e-07,5.765006066416e-05,3.8713142364227e-05,1100,"tags=48%, list=8%, signal=44%","549/23464/1738/56922/113675/1743/64087/5053/38/36/4942/11112/84706/130013/2639/27034/6470/4329/10841/3081/64902/23576/501/2875/144193/112817/125061/10247/58510/26275/8659/1892/445/1610/189/3242",0.674962860011025
"GO:0050764","regulation of phagocytosis",68,0.697724825611218,2.10608119323994,5.27301138448494e-07,0.000103315869726675,6.93786255753106e-05,1823,"tags=46%, list=14%, signal=40%","140885/11031/11314/10960/57118/8291/64581/5873/5788/3561/3071/54209/23208/3601/718/1445/7097/2212/949/1794/3055/5648/2209/116985/2213/7052/55646/196527/7040/3600/811",0.659444398037935
"GO:0001656","metanephros development",47,-0.84252884062048,-2.09356215091136,2.17849861622499e-06,0.000284560330359345,0.000191087822866098,779,"tags=32%, list=6%, signal=30%","1512/6092/7849/38/3975/9356/153572/358/7490/6943/7827/7021/359/793/7369",0.627256739718528
"GO:0170040","proteinogenic amino acid catabolic process",72,-0.796964599342327,-2.08855294470073,2.0848519716916e-07,5.5703454043651e-05,3.74059579769301e-05,1100,"tags=50%, list=8%, signal=46%","549/23464/1738/56922/113675/1743/64087/5053/38/36/4942/11112/84706/130013/2639/27034/6470/4329/10841/3081/64902/23576/501/2875/144193/125061/2731/10247/58510/26275/8659/1892/445/1610/189/3242",0.690132458796796
"GO:0032729","positive regulation of type II interferon production",53,0.725604598261433,2.07904681150389,3.34518372274412e-06,0.000378784001953715,0.000254360859710979,1116,"tags=36%, list=8%, signal=33%","5699/5696/7098/11118/64581/80381/7099/26191/11119/9636/56253/914/51284/5698/51571/8140/5683/10865/3606",0.627256739718528
"GO:0061615","glycolytic process through fructose-6-phosphate",19,0.877358903286483,2.07473991256978,6.55180392918287e-06,0.000645880322729759,0.000433721258850897,990,"tags=58%, list=7%, signal=54%","3099/2026/5230/5214/226/7167/83440/5315/2023/2597/3098",0.610526878385931
"GO:0170033","L-amino acid metabolic process",124,-0.732742930143311,-2.07245622603472,9.57826532883803e-08,2.8150521801455e-05,1.89036255221932e-05,884,"tags=35%, list=7%, signal=33%","56922/113675/29968/2678/1743/64087/5053/4953/38/339983/36/4942/11112/435/84706/130013/2639/27034/6470/4329/10841/3081/64902/23576/501/635/2875/79814/144193/112817/125061/26227/23743/10247/58510/26275/8659/1491/389434/1892/445/1610/189/3242",0.704975715167238
"GO:0001822","kidney development",188,-0.691977302152207,-2.06720544032575,2.40301410663574e-08,1.00892263705749e-05,6.77511267688571e-06,814,"tags=22%, list=6%, signal=21%","9353/1512/4311/6092/654/847/4091/7849/1579/38/1285/64220/3975/6569/9953/9356/284541/153572/8100/56603/4072/28999/3248/5800/8854/358/7490/7020/2296/2246/6422/65266/445/1286/2625/2719/6943/7827/7021/359/793/7369",0.73376198835648
"GO:0072001","renal system development",193,-0.682876413915794,-2.06394368656138,8.68341907940834e-09,5.69258139992869e-06,3.822679657515e-06,814,"tags=22%, list=6%, signal=21%","9353/1512/4311/6092/654/847/4091/7849/1579/38/1285/64220/3975/6569/9953/9356/284541/153572/8100/56603/4072/28999/3248/5800/8854/358/7490/7020/2296/2246/6422/65266/445/1286/2625/2719/6943/7827/7021/359/793/7369",0.747739663149885
"GO:0071709","membrane assembly",53,0.718473315147553,2.05861382161467,6.59285800676855e-06,0.000645880322729759,0.000433721258850897,1646,"tags=40%, list=12%, signal=35%","858/857/6281/302/7357/8826/22871/9935/7329/221035/6810/23180/2054/4038/22933/128866/2013/8841/80346/1104/23141",0.610526878385931
"GO:0044091","membrane biogenesis",58,0.687548503655459,2.04366521516307,1.7171439676183e-05,0.0014419103202372,0.000968270958620059,1646,"tags=36%, list=12%, signal=32%","858/857/6281/302/7357/8826/22871/9935/7329/221035/6810/23180/2054/4038/22933/128866/2013/8841/80346/1104/23141",0.575610261071129
"GO:0072329","monocarboxylic acid catabolic process",104,-0.723113291736045,-2.04152875938864,1.17245430383157e-06,0.000186261794538432,0.000125078435059922,1356,"tags=41%, list=10%, signal=37%","54677/254013/91452/23659/27349/5264/8529/549/9942/1384/2110/2108/5095/84693/84830/6652/10327/10994/8309/6342/1579/26061/38/51084/55862/2639/440503/66002/5465/64902/56603/11001/51/5825/1962/5096/10455/3945/112817/1892/51181/4051/189",0.643551836150722
"GO:0018958","phenol-containing compound metabolic process",56,-0.783984628484825,-2.04068119006549,2.20920079155107e-05,0.00178202098057222,0.00119666191365901,855,"tags=34%, list=6%, signal=32%","27284/4128/7849/5053/9365/4881/1497/223/2643/1733/5071/1644/18/217/1428/389434/2625/1610/115111",0.575610261071129
"GO:0061620","glycolytic process through glucose-6-phosphate",17,0.883528068743463,2.03642658508146,2.21312574994508e-05,0.00178202098057222,0.00119666191365901,990,"tags=65%, list=7%, signal=60%","3099/2026/5230/5214/226/7167/83440/5315/2023/2597/3098",0.575610261071129
"GO:0044282","small molecule catabolic process",286,-0.647714453984339,-2.0345286315179,7.59912298750716e-10,8.93352898411341e-07,5.99903929662188e-07,1285,"tags=39%, list=10%, signal=36%","254013/10840/122970/91452/1576/51540/23659/89944/27349/5019/5264/8529/51302/549/9942/130589/23464/27233/9615/1384/26007/1738/2110/152926/2108/5095/84693/56922/27284/113675/84830/6652/2584/10327/2710/10994/8309/6342/1743/64087/1579/5053/26061/55902/4835/38/36/4942/11112/51084/84706/1593/130013/2528/55862/2639/219/1594/132158/51733/440503/66002/25953/27034/1800/6470/4329/27294/5446/10841/5465/3029/3081/64902/56603/11001/51/1591/5825/1962/23576/501/5096/10455/7263/4860/2326/2875/7915/3945/594/144193/55586/112817/18/125061/2731/10247/217/1757/58510/26275/8659/1892/51181/445/4051/229/1610/189/3242",0.801215574617779
"GO:0072073","kidney epithelium development",90,-0.741855424559378,-2.03374928777766,3.08933408907341e-06,0.000370593995419868,0.000248861110270023,723,"tags=28%, list=5%, signal=26%","6092/847/4091/7849/38/3975/9953/9356/153572/4072/28999/5800/358/7490/2296/2246/6422/65266/2625/2719/6943/7827/7021/793/7369",0.627256739718528
"GO:1903557","positive regulation of tumor necrosis factor superfamily cytokine production",87,0.646013125190151,2.0327154999382,1.63533689155231e-06,0.000230620082945559,0.000154865892598647,1094,"tags=28%, list=8%, signal=26%","2214/5699/3133/5696/7098/4938/64581/5788/4939/7099/7305/4940/10392/914/7097/2212/5698/23643/942/5683/10865/83786/102/2209",0.643551836150722
"GO:0061621","canonical glycolysis",16,0.880009486576297,2.02454546053839,1.66848098950602e-05,0.00142135235598789,0.000954465883871941,990,"tags=62%, list=7%, signal=58%","3099/2026/5230/5214/226/7167/5315/2023/2597/3098",0.575610261071129
"GO:0061718","glucose catabolic process to pyruvate",16,0.880009486576297,2.02454546053839,1.66848098950602e-05,0.00142135235598789,0.000954465883871941,990,"tags=62%, list=7%, signal=58%","3099/2026/5230/5214/226/7167/5315/2023/2597/3098",0.575610261071129
"GO:0019884","antigen processing and presentation of exogenous antigen",27,0.802327232207869,2.02437923043508,2.03484765951545e-05,0.00168462458346927,0.00113125832963203,620,"tags=37%, list=5%, signal=35%","1520/567/5699/3133/3134/912/50856/10437/3140/1509",0.575610261071129
"GO:0006007","glucose catabolic process",17,0.878141017679391,2.02401007632507,3.4287580994988e-05,0.00268723201451386,0.0018045288130678,990,"tags=59%, list=7%, signal=55%","3099/2026/5230/5214/226/7167/5315/2023/2597/3098",0.557332238758646
"GO:0032760","positive regulation of tumor necrosis factor production",84,0.645979886463179,2.02085293799256,2.02941606506544e-06,0.000271111537055788,0.000182056695339265,2249,"tags=39%, list=17%, signal=33%","2214/5699/3133/5696/7098/4938/64581/5788/4939/7099/7305/4940/10392/914/7097/2212/5698/23643/5683/10865/83786/102/2209/2213/5682/7040/64135/9181/29108/1536/4898/5688/3459",0.627256739718528
"GO:0032609","type II interferon production",81,0.655238927764854,2.01810987680326,1.64784679886245e-06,0.000230620082945559,0.000154865892598647,1624,"tags=35%, list=12%, signal=31%","140885/79876/5699/5696/7098/11118/64581/80381/7805/7099/26191/11119/9636/56253/914/51284/5698/51571/8140/5683/10865/29126/3606/558/64115/11006/114836/5682",0.643551836150722
"GO:0032649","regulation of type II interferon production",81,0.655238927764854,2.01810987680326,1.64784679886245e-06,0.000230620082945559,0.000154865892598647,1624,"tags=35%, list=12%, signal=31%","140885/79876/5699/5696/7098/11118/64581/80381/7805/7099/26191/11119/9636/56253/914/51284/5698/51571/8140/5683/10865/29126/3606/558/64115/11006/114836/5682",0.643551836150722
"GO:0002228","natural killer cell mediated immunity",47,0.690177285298416,2.01530698794801,0.00011770381444794,0.00630951615038721,0.00423696339891594,1724,"tags=40%, list=13%, signal=35%","2214/567/3133/3134/441168/5272/7305/56253/3635/914/203068/409/57823/7409/11151/5817/114836/10870/7040",0.538434096309916
"GO:0015701","bicarbonate transport",23,-0.873610516178228,-2.00561324847853,0.000115189014064815,0.00626926874697203,0.00420993648098642,952,"tags=35%, list=7%, signal=32%","55630/762/283375/65010/8671/83697/115111/6521",0.538434096309916
"GO:0070661","leukocyte proliferation",177,0.571653317331167,2.00266445733203,6.8675628614504e-08,2.29079616247068e-05,1.53831439105988e-05,2328,"tags=42%, list=17%, signal=36%","2214/4208/10457/11314/3133/3958/4828/6352/10673/6541/4690/4332/301/5788/912/3561/3071/80381/54209/923/1029/7128/7805/7305/26191/11119/56253/10385/100133941/4067/3087/942/2494/5130/916/29126/8744/283234/3606/9231/55716/7409/7293/2013/5880/2213/64115/4478/11006/202309/2000/952/958/3659/8660/11148/7037/1439/196/3600/6376/23240/7412/7133/51293/2323/684/29108/8740/1435/115352/2796/3574/4609/6664",0.704975715167238
"GO:0002478","antigen processing and presentation of exogenous peptide antigen",25,0.782468810271827,1.99422154409061,0.000170671676301457,0.00814200926776362,0.00546751833879239,620,"tags=32%, list=5%, signal=31%","1520/567/5699/3133/3134/50856/10437/1509",0.518848077743792
"GO:0070663","regulation of leukocyte proliferation",148,0.577578624946762,1.99224468668323,3.96077030470852e-07,8.76786063677264e-05,5.88778976380331e-05,2511,"tags=45%, list=19%, signal=37%","2214/4208/10457/11314/3133/3958/4828/6352/10673/6541/4690/4332/301/5788/912/3561/3071/80381/923/1029/7128/7805/7305/26191/56253/10385/100133941/4067/3087/942/2494/916/29126/8744/283234/3606/9231/7293/5880/2213/64115/11006/952/3659/8660/11148/7037/1439/196/3600/23240/7412/7133/51293/2323/684/29108/1435/115352/2796/3574/6664/64926/7297/975/22806",0.674962860011025
"GO:0072006","nephron development",102,-0.703927051015312,-1.98758779598324,8.79890645794514e-06,0.000820951939044469,0.000551285270549156,694,"tags=22%, list=5%, signal=21%","7849/38/1285/3975/9953/9356/153572/28999/5800/358/7490/2296/2246/65266/1286/2625/2719/6943/7827/7021/793/7369",0.593325476396405
"GO:0019882","antigen processing and presentation",68,0.658194858374532,1.98676005471854,1.03492831927874e-05,0.000935893640110836,0.000628470869067269,1888,"tags=40%, list=14%, signal=34%","1520/567/5699/3133/3134/925/10981/5873/6890/912/50856/54209/10437/3140/1509/10392/23180/55080/7454/51752/2213/219972/2923/6892/811/3077/55016",0.593325476396405
"GO:0070665","positive regulation of leukocyte proliferation",90,0.627382748256035,1.9840851137402,7.34577561560941e-06,0.000707843755222166,0.000475330914692005,2811,"tags=52%, list=21%, signal=42%","2214/4208/3133/4828/6352/10673/6541/4690/301/5788/912/3561/3071/80381/923/100133941/4067/942/2494/916/29126/8744/283234/3606/7293/952/8660/11148/7037/1439/3600/7412/51293/2323/684/29108/1435/115352/3574/64926/7297/975/1436/23529/920/972/729230",0.610526878385931
"GO:0006909","phagocytosis",174,0.569221475641999,1.97921870930456,7.40475112060954e-08,2.29079616247068e-05,1.53831439105988e-05,1866,"tags=35%, list=14%, signal=31%","140885/4481/11031/11314/9938/1777/3003/4688/10960/57118/3689/8291/64581/301/9844/5873/23603/5788/3561/3071/948/54209/23208/3687/3601/7099/7305/718/1445/338382/5175/7097/4067/2212/949/1794/3055/5648/3688/23184/2209/7409/558/116985/3683/22918/84286/11151/2213/122618/4627/4689/7052/55646/196527/7040/3600/811/353376/5338/4615",0.704975715167238
"GO:0006575","modified amino acid metabolic process",140,-0.675494232445953,-1.97630235861585,1.50222670221961e-06,0.000226412527067869,0.000152040436600476,1853,"tags=39%, list=14%, signal=34%","8876/25974/441024/6573/5447/2938/34/22928/2946/2806/29958/54677/22929/10840/6567/23659/4522/57515/2939/6505/1384/8424/55349/27284/9027/284439/2678/7849/4780/2348/2628/1497/223/2643/1733/1800/6470/10841/3029/64902/501/635/129642/112817/23743/8836/1428/1757/8659/389434/2947/445/2625/115111",0.643551836150722
"GO:0072080","nephron tubule development",58,-0.757838101990885,-1.97422307665394,0.000110069717721118,0.00616180762633077,0.00413777423841326,694,"tags=28%, list=5%, signal=26%","7849/38/3975/9953/9356/153572/358/7490/2246/65266/2625/2719/6943/7021/793/7369",0.538434096309916
"GO:0072009","nephron epithelium development",72,-0.752413352046318,-1.9718004078792,1.01694435249186e-05,0.00093399982874174,0.000627199137723049,694,"tags=28%, list=5%, signal=26%","7849/38/3975/9953/9356/153572/28999/5800/358/7490/2296/2246/65266/2625/2719/6943/7827/7021/793/7369",0.593325476396405
"GO:0062099","negative regulation of programmed necrotic cell death",15,0.856234151596308,1.9715669191097,0.000175528982960048,0.00814200926776362,0.00546751833879239,816,"tags=40%, list=6%, signal=38%","8996/857/8531/330/54936/26471",0.518848077743792
"GO:0048002","antigen processing and presentation of peptide antigen",45,0.693235006240625,1.96430497036751,0.00017389267660226,0.00814200926776362,0.00546751833879239,1888,"tags=44%, list=14%, signal=38%","1520/567/5699/3133/3134/6890/50856/54209/10437/3140/1509/55080/51752/2213/219972/2923/6892/811/3077/55016",0.518848077743792
"GO:0170044","non-proteinogenic amino acid catabolic process",17,-0.902888717000259,-1.96301803218044,0.000207271867937884,0.00909211969954391,0.00610553606129783,315,"tags=47%, list=2%, signal=46%","64902/7915/112817/18/1757/8659/445/1610",0.518848077743792
"GO:0072207","metanephric epithelium development",17,-0.902537181051189,-1.96225373931246,0.00021708344207575,0.00938247406265633,0.00630051469038769,694,"tags=47%, list=5%, signal=45%","7849/38/9356/358/7490/7827/793/7369",0.518848077743792
"GO:0030101","natural killer cell activation",49,0.677294448555982,1.9595818584995,0.000212403467630121,0.0092482043165174,0.00621034993188439,1290,"tags=33%, list=10%, signal=30%","2214/3133/3134/639/5788/3561/7305/26191/914/57823/3606/4068/7409/558/2013/11151",0.518848077743792
"GO:0046651","lymphocyte proliferation",152,0.574289432449576,1.95796924264326,2.42700010955555e-07,5.765006066416e-05,3.8713142364227e-05,2511,"tags=46%, list=19%, signal=38%","2214/4208/10457/11314/3133/3958/6352/10673/6541/4690/4332/301/5788/912/3071/80381/923/1029/7805/7305/26191/11119/56253/10385/100133941/4067/942/2494/5130/916/29126/8744/283234/3606/9231/55716/7409/7293/2013/5880/2213/64115/4478/11006/202309/2000/952/958/3659/8660/11148/7037/196/3600/23240/7412/7133/51293/2323/29108/8740/115352/2796/3574/4609/6664/64926/7297/975/22806",0.674962860011025
"GO:0097300","programmed necrotic cell death",43,0.70236239297882,1.95556706740858,9.61951666299926e-05,0.00548966203350579,0.0036864153374035,1027,"tags=28%, list=8%, signal=26%","8996/857/7098/8531/197259/355/330/54936/356/8473/26471/253430",0.538434096309916
"GO:0072163","mesonephric epithelium development",53,-0.756407692710292,-1.95527507233727,0.000398705098826187,0.0148328390563312,0.00996054129758099,814,"tags=30%, list=6%, signal=28%","9353/6092/847/4091/7849/3975/9953/4072/7490/2296/2246/6422/2625/2719/6943/793",0.49849310876659
"GO:0072164","mesonephric tubule development",53,-0.756407692710292,-1.95527507233727,0.000398705098826187,0.0148328390563312,0.00996054129758099,814,"tags=30%, list=6%, signal=28%","9353/6092/847/4091/7849/3975/9953/4072/7490/2296/2246/6422/2625/2719/6943/793",0.49849310876659
"GO:0033209","tumor necrosis factor-mediated signaling pathway",95,0.609528555082764,1.95345331644465,2.27476641594992e-05,0.00180690229634508,0.00121337020344444,2013,"tags=29%, list=15%, signal=25%","8996/60401/307/355/330/10673/834/8717/83483/7188/7128/7805/7114/102/7293/8439/10010/90268/114769/83643/8904/7186/147138/3611/7132/837/22900/7133",0.575610261071129
"GO:0001776","leukocyte homeostasis",59,0.664469696895151,1.95159261514004,7.72293786722451e-05,0.00463218661056589,0.00311060383365715,997,"tags=25%, list=7%, signal=24%","121260/4208/5699/5696/355/10673/301/3561/3071/55619/7128/10019/4067/5698/5683",0.538434096309916
"GO:0032943","mononuclear cell proliferation",154,0.571095972049541,1.94308641426139,6.17964295709612e-07,0.00011717400419939,7.86846336967966e-05,2511,"tags=46%, list=19%, signal=38%","2214/4208/10457/11314/3133/3958/6352/10673/6541/4690/4332/301/5788/912/3071/80381/923/1029/7805/7305/26191/11119/56253/10385/100133941/4067/942/2494/5130/916/29126/8744/283234/3606/9231/55716/7409/7293/2013/5880/2213/64115/4478/11006/202309/2000/952/958/3659/8660/11148/7037/196/3600/23240/7412/7133/51293/2323/29108/8740/1435/115352/2796/3574/4609/6664/64926/7297/975/22806",0.659444398037935
"GO:0001823","mesonephros development",55,-0.750271742797858,-1.93930975170263,0.00067716706064342,0.0212822702089081,0.0142914603547609,814,"tags=29%, list=6%, signal=27%","9353/6092/847/4091/7849/3975/9953/4072/7490/2296/2246/6422/2625/2719/6943/793",0.477270815362862
"GO:0061326","renal tubule development",60,-0.75037957104674,-1.93804472956732,0.000206695539123057,0.00909211969954391,0.00610553606129783,694,"tags=27%, list=5%, signal=25%","7849/38/3975/9953/9356/153572/358/7490/2246/65266/2625/2719/6943/7021/793/7369",0.518848077743792
"GO:0050777","negative regulation of immune response",147,0.570974748006909,1.9371476934434,8.77934121348e-07,0.000156378689857077,0.000105011346274817,1764,"tags=35%, list=13%, signal=30%","11314/10068/3133/3958/84166/3134/6688/4938/79651/301/9111/25939/5788/56833/3071/54209/9140/7128/5272/4940/9636/3635/84695/64092/6737/409/4067/55255/10212/3055/5648/3428/29126/3956/11277/2896/3606/2/7534/2213/54625/6773/10906/5817/2778/11006/5682/10769/55646/7040/196",0.659444398037935
"GO:0032946","positive regulation of mononuclear cell proliferation",80,0.617618109377314,1.93466259882085,3.58822608637135e-05,0.00273916791372608,0.00183940478434786,2493,"tags=46%, list=18%, signal=38%","2214/4208/3133/6352/10673/6541/4690/301/5788/912/3071/80381/923/100133941/942/2494/916/29126/8744/283234/3606/7293/952/8660/11148/7037/3600/7412/51293/2323/29108/1435/115352/3574/64926/7297/975",0.557332238758646
"GO:0050868","negative regulation of T cell activation",87,0.614596549655849,1.93386153311707,1.0829312863564e-05,0.000964465166848927,0.000647657207631917,1904,"tags=37%, list=14%, signal=32%","10457/11314/5699/3133/3958/5696/55824/301/864/865/1029/7805/26191/867/56253/1445/84695/10385/5698/942/5683/29126/3956/9231/64115/11006/5682/3659/861/3077/79626/23240",0.593325476396405
"GO:0032944","regulation of mononuclear cell proliferation",132,0.57106737948867,1.93284696311783,3.02148001644436e-06,0.000370005407013749,0.000248465861652806,2511,"tags=45%, list=19%, signal=37%","2214/4208/10457/11314/3133/3958/6352/10673/6541/4690/4332/301/5788/912/3071/80381/923/1029/7805/7305/26191/56253/10385/100133941/4067/942/2494/916/29126/8744/283234/3606/9231/7293/5880/2213/64115/11006/952/3659/8660/11148/7037/196/3600/23240/7412/7133/51293/2323/29108/1435/115352/2796/3574/6664/64926/7297/975/22806",0.627256739718528
"GO:0001657","ureteric bud development",52,-0.763221135931913,-1.93246724974519,7.30238453297309e-05,0.00456632088136338,0.00306637370931445,814,"tags=31%, list=6%, signal=29%","9353/6092/847/4091/7849/3975/9953/4072/7490/2296/2246/6422/2625/2719/6943/793",0.538434096309916
"GO:2000767","positive regulation of cytoplasmic translation",15,0.838538518381545,1.93082090939509,0.000388800379838609,0.0147364275603527,0.00989579909390657,195,"tags=20%, list=1%, signal=20%","5315/8531/4869",0.49849310876659
"GO:0070269","pyroptotic inflammatory response",33,0.717351592780392,1.92807436390382,0.000640142091878567,0.0205287587077244,0.0137854626561923,2267,"tags=55%, list=17%, signal=45%","2634/834/54209/91039/115362/6737/3001/1687/2635/114548/3429/7186/836/837/22861/22900/29108/51776",0.477270815362862
"GO:0002474","antigen processing and presentation of peptide antigen via MHC class I",25,0.755437532886074,1.92532888662068,0.000702518703934616,0.0216199211608779,0.0145181995675637,1850,"tags=60%, list=14%, signal=52%","567/5699/3133/3134/6890/50856/10437/3140/55080/51752/219972/2923/6892/811/3077",0.477270815362862
"GO:0045730","respiratory burst",26,0.76794125210541,1.92112300207162,0.000344729198461792,0.0136913393821514,0.00919400195857363,2248,"tags=62%, list=17%, signal=51%","4688/57118/64581/56833/54209/100133941/653361/3055/2896/5880/6280/4689/1043/6223/1536/79415",0.49849310876659
"GO:0002698","negative regulation of immune effector process",73,0.620667983898888,1.92067375074141,7.49103061400636e-05,0.00460617052024971,0.00309313352058952,2811,"tags=53%, list=21%, signal=43%","11314/3133/3958/3134/6688/301/8832/5788/56833/3071/7043/5272/3635/84695/409/5648/29126/3956/2896/2/2213/5817/11006/1524/7040/196/3077/684/6223/115352/3824/710/5777/3718/7042/8078/11213/79004/729230",0.538434096309916
"GO:1901740","negative regulation of myoblast fusion",47,0.656292885995015,1.91636506657046,0.000593212518070231,0.0198984507040451,0.0133621985139064,3792,"tags=72%, list=28%, signal=52%","6157/6175/6137/6139/6132/6143/6171/6173/6181/6168/6164/11224/6134/25873/6158/23521/6141/6124/6142/6167/6169/6133/9349/6155/6129/6147/6160/6170/6130/4736/6161/6135/6176/6156",0.477270815362862
"GO:0050671","positive regulation of lymphocyte proliferation",79,0.616101333702671,1.91576833127798,5.07741771295854e-05,0.00343046681801957,0.00230362550831296,2493,"tags=46%, list=18%, signal=37%","2214/4208/3133/6352/10673/6541/4690/301/5788/912/3071/80381/923/100133941/942/2494/916/29126/8744/283234/3606/7293/952/8660/11148/7037/3600/7412/51293/2323/29108/115352/3574/64926/7297/975",0.557332238758646
"GO:0050766","positive regulation of phagocytosis",48,0.682535593208912,1.91570395910018,0.000139193696760214,0.00706702800796826,0.0047456474149825,1823,"tags=46%, list=14%, signal=40%","140885/11031/10960/57118/64581/5873/5788/3561/3071/54209/3601/718/2212/1794/5648/2209/116985/2213/55646/196527/3600/811",0.518848077743792
"GO:0009062","fatty acid catabolic process",87,-0.698004846079896,-1.91356040648357,7.52283718856706e-05,0.00460617052024971,0.00309313352058952,2339,"tags=51%, list=17%, signal=42%","80724/3712/1891/55268/3032/9663/51390/2166/30/34/3667/54677/254013/91452/23659/27349/5264/8529/549/1384/2110/2108/5095/84693/84830/10994/8309/6342/1579/26061/38/55862/2639/440503/66002/5465/11001/51/5825/1962/5096/10455/1892/4051",0.538434096309916
"GO:0031579","membrane raft organization",22,0.790593455529473,1.90996405360609,0.000222699466280483,0.00948570625214984,0.00636983712305111,859,"tags=36%, list=6%, signal=34%","858/857/6281/302/5788/8826/914/23180",0.518848077743792
"GO:0060993","kidney morphogenesis",48,-0.749377403229998,-1.90793624782252,0.000889886094754337,0.0255158559266634,0.0171343958992245,694,"tags=23%, list=5%, signal=22%","7849/3975/9953/153572/7490/2246/65266/2625/2719/6943/793",0.477270815362862
"GO:0050670","regulation of lymphocyte proliferation",131,0.569923564821737,1.90789846053749,5.7082829571212e-06,0.000608606363844911,0.00040869106703213,2511,"tags=45%, list=19%, signal=37%","2214/4208/10457/11314/3133/3958/6352/10673/6541/4690/4332/301/5788/912/3071/80381/923/1029/7805/7305/26191/56253/10385/100133941/4067/942/2494/916/29126/8744/283234/3606/9231/7293/5880/2213/64115/11006/952/3659/8660/11148/7037/196/3600/23240/7412/7133/51293/2323/29108/115352/2796/3574/6664/64926/7297/975/22806",0.610526878385931
"GO:0006584","catecholamine metabolic process",27,-0.810805443590624,-1.90389036202104,0.00169390480654399,0.038148553459255,0.0256174991672748,1023,"tags=44%, list=8%, signal=41%","6505/4128/5053/9365/4881/2643/5071/1644/18/217/2625/1610",0.45505986738723
"GO:0009712","catechol-containing compound metabolic process",27,-0.810805443590624,-1.90389036202104,0.00169390480654399,0.038148553459255,0.0256174991672748,1023,"tags=44%, list=8%, signal=41%","6505/4128/5053/9365/4881/2643/5071/1644/18/217/2625/1610",0.45505986738723
"GO:0072243","metanephric nephron epithelium development",16,-0.900361294274027,-1.90135859098236,0.000128885322758157,0.00673002981817178,0.00451934654473574,694,"tags=44%, list=5%, signal=42%","7849/38/9356/358/7827/793/7369",0.518848077743792
"GO:0045581","negative regulation of T cell differentiation",42,0.670616679854207,1.89804673744886,0.000699902070595123,0.0216199211608779,0.0145181995675637,1904,"tags=36%, list=14%, signal=31%","5699/5696/301/864/865/1029/84695/5698/5683/3956/11006/5682/3659/861/23240",0.477270815362862
"GO:0002819","regulation of adaptive immune response",128,0.560460215166286,1.89645810329628,1.31991210964658e-05,0.00115797662395561,0.000777603932783193,1850,"tags=30%, list=14%, signal=26%","121260/4208/10068/567/3133/3134/64581/301/5788/912/3071/54209/3140/7128/440275/84695/64092/51571/10865/29126/7454/3956/3606/64170/2213/5817/114548/11006/604/3665/3659/7037/7040/7186/7532/196/84787/3077",0.593325476396405
"GO:0002695","negative regulation of leukocyte activation",122,0.568894651895502,1.89406074880178,6.1511570783426e-06,0.000634324584324523,0.000425961354683376,1904,"tags=38%, list=14%, signal=33%","10457/11314/5699/3133/3958/5696/4345/55824/4332/301/8832/5788/864/865/23208/1029/7128/7805/7305/26191/867/56253/1445/84695/10385/64092/4067/5698/942/9572/5683/29126/3956/2896/9231/2213/2335/64115/11006/5682/3659/861/6376/3077/79626/23240",0.610526878385931
"GO:0140894","endolysosomal toll-like receptor signaling pathway",44,0.671581361721821,1.89103655492597,0.000608389451195277,0.0198984507040451,0.0133621985139064,2365,"tags=48%, list=18%, signal=39%","121260/4481/7098/1956/4938/23151/7128/26191/338382/51135/4067/51284/23180/3659/3654/81622/4615/3660/5538/115352/148022",0.477270815362862
"GO:0009309","amine biosynthetic process",24,-0.846988209974534,-1.88942528897468,0.000597558948063654,0.0198984507040451,0.0133621985139064,685,"tags=38%, list=5%, signal=36%","5053/4953/9365/2643/79814/1644/217/2625/1610",0.477270815362862
"GO:0042401","biogenic amine biosynthetic process",24,-0.846988209974534,-1.88942528897468,0.000597558948063654,0.0198984507040451,0.0133621985139064,685,"tags=38%, list=5%, signal=36%","5053/4953/9365/2643/79814/1644/217/2625/1610",0.477270815362862
"GO:0046189","phenol-containing compound biosynthetic process",27,-0.802254576579053,-1.88381166938405,0.00240134222524839,0.0470502986667001,0.0315951950367284,685,"tags=30%, list=5%, signal=28%","5053/9365/1497/2643/1644/217/2625/1610",0.431707695803346
"GO:0035725","sodium ion transmembrane transport",119,-0.658415219534541,-1.88330087911103,4.94796772153236e-05,0.00338187840315898,0.00227099743819335,661,"tags=18%, list=5%, signal=17%","53373/55283/1259/6569/6561/340024/29098/6526/9058/9963/6340/6337/6559/6326/6557/8671/65266/476/83697/6338/64849",0.557332238758646
"GO:0006081","aldehyde metabolic process",65,-0.707565448374165,-1.88115633578862,0.000457117206948067,0.0164201984128347,0.0110264841264966,1284,"tags=45%, list=10%, signal=41%","10840/224/55163/317749/10901/11320/26007/3417/22977/10327/157506/654/1468/653/249/223/219/132158/25953/9380/3029/64902/501/8854/112817/5105/217/229/189",0.49849310876659
"GO:0000096","sulfur amino acid metabolic process",30,-0.807582614840614,-1.88092568117755,0.00112677080888055,0.0293060124539818,0.0196795600765798,1181,"tags=40%, list=9%, signal=37%","4522/4482/2678/4594/670/1800/7263/635/2326/23743/1491/189",0.45505986738723
"GO:0071320","cellular response to cAMP",37,-0.782487241483968,-1.88047924320595,0.000930522510347038,0.0260457681705709,0.0174902423268362,269,"tags=19%, list=2%, signal=19%","65010/358/7490/1393/445/10411/2203",0.477270815362862
"GO:0006576","biogenic amine metabolic process",47,-0.756273951935176,-1.87923124426888,0.00085984170891858,0.0248224134882286,0.0166687357501934,1118,"tags=38%, list=8%, signal=35%","26/6505/27284/4128/5053/4953/9365/4881/2643/6581/5071/79814/1644/18/112483/217/2625/1610",0.477270815362862
"GO:0006805","xenobiotic metabolic process",79,-0.695825860670335,-1.87703977880566,0.000313149773937079,0.0126944439393252,0.00852456718685319,1926,"tags=44%, list=14%, signal=38%","2327/2330/30/2938/10858/54658/2180/2946/57412/134147/1576/7364/8529/27233/2939/54600/9/873/27284/348158/2329/3172/5243/670/66002/1429/2052/56603/55347/7172/9915/217/316/10249/2947",0.49849310876659
"GO:2000108","positive regulation of leukocyte apoptotic process",18,0.820697898238465,1.87678717127698,8.36854812834913e-05,0.00491903258984362,0.00330322651443931,1611,"tags=56%, list=12%, signal=49%","4208/6352/301/27113/1029/4067/29126/96459/27166/64065",0.538434096309916
"GO:0072210","metanephric nephron development",25,-0.822465127047856,-1.87635591872392,0.000946551624590022,0.026121269715212,0.0175409430895541,694,"tags=32%, list=5%, signal=30%","7849/3975/153572/358/7490/6943/7827/7021",0.477270815362862
"GO:0072170","metanephric tubule development",15,-0.889053515603356,-1.87518457679781,0.00116144982703778,0.0296439035674165,0.0199064605624996,694,"tags=40%, list=5%, signal=38%","7849/38/9356/358/793/7369",0.45505986738723
"GO:0072234","metanephric nephron tubule development",15,-0.889053515603356,-1.87518457679781,0.00116144982703778,0.0296439035674165,0.0199064605624996,694,"tags=40%, list=5%, signal=38%","7849/38/9356/358/793/7369",0.45505986738723
"GO:0050853","B cell receptor signaling pathway",44,0.6655763155719,1.87412756603681,0.000815355646290719,0.0242053560045295,0.0162543695910229,2535,"tags=45%, list=19%, signal=37%","4208/11314/4332/5788/7462/3071/581/26191/9404/5583/4067/23180/2213/3702/952/150372/115352/975/5777/89857",0.477270815362862
"GO:0006099","tricarboxylic acid cycle",30,-0.804236807147896,-1.87313302257165,0.00133507685812697,0.0326982573836263,0.0219575188398964,1252,"tags=53%, list=9%, signal=48%","6391/55753/3417/1738/2271/4190/1743/8802/48/8801/6390/5160/130752/6392/5162/8803",0.45505986738723
"GO:0002260","lymphocyte homeostasis",44,0.664961879321965,1.87239743849676,0.000842761924195324,0.0246455452259707,0.0165499652556333,997,"tags=25%, list=7%, signal=23%","4208/5699/5696/355/10673/3071/55619/7128/4067/5698/5683",0.477270815362862
"GO:0051249","regulation of lymphocyte activation",334,0.502045147934156,1.87195714726301,1.56903806590888e-09,1.53713429190206e-06,1.03221571651067e-06,2521,"tags=36%, list=19%, signal=30%","2214/140885/857/121260/4208/10457/11314/567/5699/3133/3958/5696/639/6688/6352/939/10673/64581/6541/55824/4690/4332/301/5788/912/56833/3561/3071/864/80381/865/60/923/1029/7128/7805/7305/26191/867/6932/56253/3635/1445/84695/10385/64092/914/100133941/4067/5698/942/2494/51571/916/5683/29126/6602/8744/3956/283234/3606/9231/7409/558/7293/27166/6604/5880/2213/9840/7494/64115/114548/11006/399/604/9473/65992/5682/952/3659/8660/11148/7037/861/7040/7532/196/3600/84787/3077/79626/23240/150372/196528/7412/23149/7133/8477/51293/2323/29108/8740/90379/10538/5688/115352/2796/3574/51176/6664/8450/3824/6598/64926/7297/4192/975/22806/207/5777",0.788186810800237
"GO:0034308","primary alcohol metabolic process",66,-0.700391164528547,-1.87112391120092,0.000610084606500276,0.0198984507040451,0.0133621985139064,1625,"tags=42%, list=12%, signal=37%","1601/51109/55/224/1576/10901/27233/5950/8228/84869/27284/10327/157506/654/130/55902/79153/653/219/222236/55825/84649/8854/145226/1056/217/125/3291",0.477270815362862
"GO:0042403","thyroid hormone metabolic process",14,-0.88502859318017,-1.8707807267864,0.00177740578344882,0.039398482447884,0.0264568509099184,855,"tags=50%, list=6%, signal=47%","27284/7849/1733/1428/389434/2625/115111",0.45505986738723
"GO:0015698","inorganic anion transport",93,-0.677506988372662,-1.86967410481596,0.000135715575457693,0.00699768554859932,0.00469908259838891,1058,"tags=24%, list=8%, signal=22%","1184/6505/55248/2555/9481/1468/7809/9213/6569/6561/5243/368/846/65010/7421/1188/6559/6557/53405/83697/115111/6521",0.518848077743792
"GO:0050765","negative regulation of phagocytosis",15,0.810769988775924,1.86688102302091,0.00118861254777078,0.0301149334301579,0.0202227663204473,746,"tags=40%, list=6%, signal=38%","140885/11314/8291/23208/1445/7097",0.45505986738723
"GO:0090382","phagosome maturation",25,0.732192859154539,1.86608687143457,0.00197977603173955,0.0412663954417202,0.0277111909890317,1290,"tags=36%, list=10%, signal=33%","11031/10981/56833/23208/338382/285195/23682/84286/11151",0.431707695803346
"GO:0032479","regulation of type I interferon production",116,0.559150925743027,1.86231659767852,3.98020039152145e-05,0.00287364238603846,0.00192970702047751,3472,"tags=46%, list=26%, signal=34%","140885/4828/7098/4938/8717/4939/9140/7099/7305/26191/4940/9636/3394/6737/7097/51284/2597/80342/5971/10010/4055/3665/3659/3654/6614/353376/4615/64135/3838/3660/84148/29108/5422/29110/54906/9641/148022/91947/8815/3148/84282/54606/54739/3663/7187/58509/160364/23586/9444/8767/7353/929/340061",0.557332238758646
"GO:0032606","type I interferon production",116,0.559150925743027,1.86231659767852,3.98020039152145e-05,0.00287364238603846,0.00192970702047751,3472,"tags=46%, list=26%, signal=34%","140885/4828/7098/4938/8717/4939/9140/7099/7305/26191/4940/9636/3394/6737/7097/51284/2597/80342/5971/10010/4055/3665/3659/3654/6614/353376/4615/64135/3838/3660/84148/29108/5422/29110/54906/9641/148022/91947/8815/3148/84282/54606/54739/3663/7187/58509/160364/23586/9444/8767/7353/929/340061",0.557332238758646
"GO:0002822","regulation of adaptive immune response based on somatic recombination of immune receptors built from immunoglobulin superfamily domains",120,0.554544776955912,1.86199366275855,4.91287973861176e-05,0.00338187840315898,0.00227099743819335,1850,"tags=28%, list=14%, signal=25%","121260/4208/10068/567/3133/3134/64581/301/5788/912/3071/54209/3140/7128/84695/51571/10865/29126/7454/3956/3606/64170/2213/5817/114548/11006/604/7037/7040/7186/7532/196/84787/3077",0.557332238758646
"GO:1904706","negative regulation of vascular associated smooth muscle cell proliferation",17,0.806580556882661,1.85907176823669,0.00157196169689522,0.0363387894683775,0.0244022072800272,872,"tags=35%, list=6%, signal=33%","4208/1026/8490/8862/7043/7168",0.45505986738723
"GO:0030857","negative regulation of epithelial cell differentiation",19,0.786141302030536,1.85903252378548,0.00103651449499954,0.0274442891964293,0.0184293765263441,1090,"tags=37%, list=8%, signal=34%","857/7422/182/161742/10252/6935/4487",0.45505986738723
"GO:1902600","proton transmembrane transport",155,-0.629441262227092,-1.8575167807397,4.5586682515609e-05,0.00318998237888988,0.00214213550776215,1464,"tags=34%, list=11%, signal=30%","4728/4709/4697/4715/4704/389015/522/6549/516/3954/4723/515/518/51606/4512/155066/526/4722/8604/1329/146802/292/7384/56606/57210/27069/245973/56848/4705/9481/4536/7388/4539/27109/1497/127124/4538/523/525/4535/4540/4513/4541/50617/4508/4514/4537/6565/4519/245972/476/153201",0.557332238758646
"GO:0009308","amine metabolic process",57,-0.715299478097458,-1.85320245579939,0.00121398503180277,0.0303836741211051,0.0204032309462924,1118,"tags=35%, list=8%, signal=32%","26/6505/55349/27284/4128/5053/4953/9365/4881/2643/6581/5071/501/79814/1644/18/112483/217/2625/1610",0.45505986738723
"GO:0043124","negative regulation of canonical NF-kappaB signal transduction",74,0.601460220538465,1.85189398238733,0.000107553514184049,0.00607884188820999,0.00408206112390443,1746,"tags=24%, list=13%, signal=21%","140885/307/84166/6688/4345/54209/3275/7128/7114/409/9572/7088/10010/10318/11006/399/3654/147138",0.538434096309916
"GO:0019915","lipid storage",65,0.608278898477514,1.84902045324597,0.000460927651942452,0.0164201984128347,0.0110264841264966,698,"tags=18%, list=5%, signal=18%","29923/857/9619/4481/123/57674/19/6646/948/54209/718/10226",0.49849310876659
"GO:0170062","nutrient storage",65,0.608278898477514,1.84902045324597,0.000460927651942452,0.0164201984128347,0.0110264841264966,698,"tags=18%, list=5%, signal=18%","29923/857/9619/4481/123/57674/19/6646/948/54209/718/10226",0.49849310876659
"GO:0006911","phagocytosis, engulfment",38,0.672030353856544,1.84765446159957,0.000638516063328719,0.0205287587077244,0.0137854626561923,632,"tags=26%, list=5%, signal=25%","4481/11031/11314/9938/3689/9844/3071/948/54209/718",0.477270815362862
"GO:0042267","natural killer cell mediated cytotoxicity",43,0.66333184037601,1.84689544139925,0.000736401209858252,0.0225446162059729,0.015139150361229,1724,"tags=37%, list=13%, signal=33%","2214/3133/3134/5272/56253/3635/914/203068/409/57823/7409/11151/5817/114836/10870/7040",0.477270815362862
"GO:0060546","negative regulation of necroptotic process",13,0.837439045753863,1.84681572699079,0.000963710799083168,0.0264705237243498,0.0177754739819984,410,"tags=31%, list=3%, signal=30%","857/8531/330/54936",0.477270815362862
"GO:1901607","alpha-amino acid biosynthetic process",45,-0.725277100585308,-1.84680080574764,0.00252978406247088,0.0489147063131705,0.0328471812065822,839,"tags=29%, list=6%, signal=27%","29968/2678/5053/4942/435/6470/64902/635/26227/23743/1491/445/189",0.431707695803346
"GO:0046185","aldehyde catabolic process",13,-0.906388569536949,-1.84515268452878,0.00165970236473184,0.037841516215849,0.0254113176580421,803,"tags=54%, list=6%, signal=51%","10327/25953/3029/64902/112817/217/189",0.45505986738723
"GO:0055078","sodium ion homeostasis",31,-0.772090594887277,-1.84491131120025,0.00280914095033115,0.0530936672220144,0.0356534351243546,1869,"tags=48%, list=14%, signal=42%","481/6339/80763/482/11261/8529/185/10699/1579/4881/66002/6340/6337/476/6338",0.431707695803346
"GO:0050866","negative regulation of cell activation",140,0.553159139418323,1.84450292887944,6.43453885141751e-06,0.000645880322729759,0.000433721258850897,1904,"tags=37%, list=14%, signal=32%","10457/11314/5699/3133/3958/5696/4345/55824/4332/301/8832/5788/864/865/54209/23208/1029/7128/7805/7305/26191/867/10019/56253/1445/84695/5154/10385/64092/4067/5698/942/9572/5683/29126/3956/928/114757/2896/9231/2213/2335/64115/11006/5682/4846/3659/861/6376/3077/79626/23240",0.610526878385931
"GO:0070050","neuron cellular homeostasis",41,-0.742438133347761,-1.84410999919244,0.000938577819979654,0.026121269715212,0.0175409430895541,1045,"tags=22%, list=8%, signal=20%","51606/526/127124/523/525/5071/50617/7301/793",0.477270815362862
"GO:0019395","fatty acid oxidation",84,-0.680616866554389,-1.84373159576062,0.000233838515171135,0.00981787708697094,0.00659289633009316,1740,"tags=37%, list=13%, signal=32%","30/5447/34/3667/54677/254013/27349/5264/8529/549/1384/2110/2108/10994/8309/6342/26061/38/55862/2639/440503/5465/11001/51/5825/1962/84649/10455/51179/1892/4051",0.518848077743792
"GO:0006821","chloride transport",66,-0.689186819221787,-1.84119104015029,0.000997728114771401,0.0268183548408298,0.0180090493742159,1058,"tags=24%, list=8%, signal=22%","1184/6505/55248/2555/9481/7809/5243/846/65010/1188/6559/6557/53405/83697/115111/6521",0.45505986738723
"GO:0010883","regulation of lipid storage",36,0.669699986855548,1.83623023740003,0.00109231346208494,0.0286634755809611,0.019248084009548,906,"tags=28%, list=7%, signal=26%","29923/9619/4481/123/19/948/54209/718/10226/949",0.45505986738723
"GO:0001819","positive regulation of cytokine production",346,0.485812983921843,1.83509121946007,2.63992990003417e-08,1.03450053016006e-05,6.94687322763777e-06,2249,"tags=32%, list=17%, signal=27%","29923/2214/567/5699/3133/3134/4828/5696/7098/11118/4938/4345/834/64581/3603/5601/301/5788/8717/948/4939/80381/54209/5027/923/10855/115362/7805/7099/7305/26191/11119/4940/9636/56253/718/3162/338382/10392/23765/914/7097/144811/51284/2212/5698/23180/23643/942/947/3566/2597/80342/51571/8140/3098/5683/3428/10865/29126/83786/728/283234/102/2209/3606/64170/23236/10010/468/2213/9451/7494/3702/114548/114836/3665/5682/3659/719/11148/3654/861/7040/7186/3600/2207/353376/4615/64135/3838/9181/150372/22861/114899/24145/9235/22900/8477/5142/29108/25865/1536/10538/29110/23213/4898/5688/3459",0.73376198835648
"GO:0035795","negative regulation of mitochondrial membrane permeability",12,0.84967648954485,1.8350851510115,0.000973252658341738,0.0264913606445083,0.017789466381091,8,"tags=17%, list=0%, signal=17%","3099/8996",0.477270815362862
"GO:0051591","response to cAMP",57,-0.70787863391238,-1.83397648529474,0.00172512841944416,0.0387034536240182,0.0259901254720684,269,"tags=12%, list=2%, signal=12%","65010/358/7490/1393/445/10411/2203",0.45505986738723
"GO:0170038","proteinogenic amino acid biosynthetic process",39,-0.757964563343425,-1.83369011888206,0.0021872752835343,0.0440828462194941,0.0296024927268906,839,"tags=33%, list=6%, signal=31%","29968/2678/5053/4942/435/6470/64902/635/26227/23743/1491/445/189",0.431707695803346
"GO:0099024","plasma membrane invagination",47,0.627750760980382,1.83302250340858,0.00174649475376486,0.0390338257134214,0.0262119767864103,1094,"tags=26%, list=8%, signal=24%","4481/11031/11314/9938/3689/9844/3071/948/54209/718/257364/2209",0.45505986738723
"GO:0000082","G1/S transition of mitotic cell cycle",177,0.522901485862125,1.83187290036407,5.79822326902263e-06,0.000608606363844911,0.00040869106703213,2521,"tags=31%, list=19%, signal=26%","1030/6241/10457/1956/1026/1033/11040/60/3275/595/1029/1978/91607/1017/586/890/5683/8317/891/10657/6602/5310/23236/2273/990/6604/5925/25959/8454/5682/6502/1104/10769/29933/6240/123879/8525/997/196528/79027/51065/6198/5933/6118/5688/894/4609/8450/6598/1031/55904/79616/207/28984/5777",0.610526878385931
"GO:0071887","leukocyte apoptotic process",64,0.609329811317365,1.83182071806771,0.000341492764820529,0.0136550644327556,0.00916964262114991,1814,"tags=34%, list=13%, signal=30%","4208/3958/3059/6352/355/301/27113/581/1029/356/4067/80301/29126/55716/558/96459/27166/604/3665/64065/8660/836",0.49849310876659
"GO:0006883","intracellular sodium ion homeostasis",19,-0.830529964122944,-1.83157459211834,0.00423919797367858,0.071399415475314,0.0479461028171443,372,"tags=21%, list=3%, signal=21%","6340/6337/476/6338",0.407017918923954
"GO:0051250","negative regulation of lymphocyte activation",104,0.563134721240298,1.82941797860413,5.71609518482117e-05,0.00373324527737543,0.00250694716082861,1904,"tags=37%, list=14%, signal=32%","10457/11314/5699/3133/3958/5696/55824/4332/301/864/865/1029/7128/7805/7305/26191/867/56253/1445/84695/10385/64092/4067/5698/942/5683/29126/3956/9231/2213/64115/11006/5682/3659/861/3077/79626/23240",0.557332238758646
"GO:1901655","cellular response to ketone",79,-0.67788769803926,-1.82865030850805,0.000566790947821041,0.0193697511121633,0.0130071664058282,668,"tags=19%, list=5%, signal=18%","56848/2770/9131/25953/7832/6340/3029/6337/358/5105/6422/445/5106/2203/6338",0.477270815362862
"GO:0042100","B cell proliferation",47,0.625992240590822,1.82788765109597,0.00189325569833661,0.0403977226765754,0.0271278602511703,2893,"tags=57%, list=21%, signal=45%","4208/11314/10673/4332/5788/3071/1029/7305/4067/5130/7409/7293/2213/202309/952/958/8660/7037/196/51293/115352/3574/975/22806/23529/972/648",0.45505986738723
"GO:0002449","lymphocyte mediated immunity",173,0.522624523439218,1.82782379177718,3.30622046048643e-06,0.000378784001953715,0.000254360859710979,1850,"tags=36%, list=14%, signal=31%","2214/121260/567/3133/3134/11118/925/939/5551/5788/912/3561/3071/182/54209/10384/441168/714/3140/5272/7305/56253/3635/718/713/914/203068/409/2212/23180/57823/5130/712/51571/10865/29126/7454/2956/2209/3606/64170/7409/2013/11151/2213/5817/4683/114548/11006/114836/958/10870/7037/7040/1439/7186/7532/196/1235/2207/84787/3077",0.627256739718528
"GO:0030195","negative regulation of blood coagulation",37,-0.760382490353501,-1.82735693849176,0.00194622804962504,0.0407601774287009,0.0273712557005067,852,"tags=24%, list=6%, signal=23%","84830/3273/634/2160/350/7103/5624/5340/3827",0.45505986738723
"GO:1900047","negative regulation of hemostasis",37,-0.760382490353501,-1.82735693849176,0.00194622804962504,0.0407601774287009,0.0273712557005067,852,"tags=24%, list=6%, signal=23%","84830/3273/634/2160/350/7103/5624/5340/3827",0.45505986738723
"GO:0001570","vasculogenesis",46,0.63658538045235,1.82460528070725,0.000930059050468952,0.0260457681705709,0.0174902423268362,1396,"tags=35%, list=10%, signal=31%","857/7422/133/83605/23462/9844/161742/23493/947/57007/54453/54345/2013/6237/51162/8829",0.477270815362862
"GO:0032715","negative regulation of interleukin-6 production",31,0.699633662237146,1.82387744652867,0.0023292987770701,0.0459450275557653,0.0308529838859379,1978,"tags=48%, list=15%, signal=41%","140885/4828/4345/3071/23208/7128/7099/26191/1445/409/131450/11006/2000/6376/114899",0.431707695803346
"GO:0002460","adaptive immune response based on somatic recombination of immune receptors built from immunoglobulin superfamily domains",212,0.510295962198994,1.82364507551999,1.1095367441449e-06,0.000181162693946769,0.000121654289363277,1799,"tags=31%, list=13%, signal=27%","2214/121260/4208/10068/567/5699/3133/3134/5696/11118/925/939/5551/64581/301/5788/912/3561/3071/182/54209/10384/714/3140/7128/7099/718/84695/23765/713/2212/5698/23180/5130/712/51571/5683/10865/29126/7454/3956/2956/2209/3606/64170/2013/2213/5817/4683/114548/11006/604/114836/5682/958/7037/7040/1439/7186/3716/7532/196/1235/2207/84787",0.643551836150722
"GO:1905709","negative regulation of membrane permeability",14,0.816328397509406,1.82354776711314,0.00211179470742618,0.043554839614916,0.0292479259733297,8,"tags=14%, list=0%, signal=14%","3099/8996",0.431707695803346
"GO:0050891","multicellular organismal-level water homeostasis",30,-0.781870457926524,-1.82103997367291,0.0031164224807473,0.0581534328312147,0.0390511666115717,691,"tags=27%, list=5%, signal=25%","1579/5577/66002/6340/6337/358/6338/359",0.431707695803346
"GO:0072017","distal tubule development",12,-0.918844587440127,-1.82079507429024,0.000686174904289526,0.0213404025789092,0.0143304973772705,66,"tags=33%, list=0%, signal=33%","65266/7021/793/7369",0.477270815362862
"GO:0045019","negative regulation of nitric oxide biosynthetic process",10,0.88102492750588,1.82046902884434,0.00057614823807857,0.0195757187481262,0.0131454776985068,424,"tags=30%, list=3%, signal=29%","140885/857/493",0.477270815362862
"GO:0051607","defense response to virus",230,0.513878106328647,1.82037410261295,4.80011683957999e-07,0.000100768167082326,6.76677934610656e-05,2409,"tags=31%, list=18%, signal=26%","2634/84166/4828/3627/10346/7098/4938/197259/5551/834/4690/91351/25939/5788/4939/151636/9140/64108/51251/7128/115362/146857/3669/4940/440275/9636/200316/83666/6039/91607/140564/6737/7097/3455/51284/51257/80342/5371/3428/10010/84993/3437/6773/27350/2635/3429/54541/3665/6502/3659/5611/81622/56915/4615/10533/64135/22861/22900/3660/10410/684/29108/1130/29110/4599/24138/11331/9641/148022/85363/9020",0.659444398037935
"GO:0042102","positive regulation of T cell proliferation",58,0.611903560995565,1.81881862296614,0.000779323023786079,0.0234915935067414,0.0157750641250306,1116,"tags=31%, list=8%, signal=29%","3133/6352/6541/4690/301/5788/912/3071/80381/923/100133941/942/2494/916/29126/8744/283234/3606",0.477270815362862
"GO:0001765","membrane raft assembly",10,0.879993956879641,1.8183387257892,0.00061272874743657,0.0198984507040451,0.0133621985139064,859,"tags=60%, list=6%, signal=56%","858/857/6281/302/8826/23180",0.477270815362862
"GO:0034389","lipid droplet organization",33,0.675694112295244,1.81610873784739,0.00273933292589832,0.0521093816777681,0.03499246814596,66,"tags=9%, list=0%, signal=9%","29923/123/57674",0.431707695803346
"GO:0015711","organic anion transport",293,-0.579158731804073,-1.81570934634532,4.34445181072378e-06,0.000472901624878415,0.000317562682801716,1289,"tags=24%, list=10%, signal=22%","6583/66035/25874/118980/117247/6567/8529/3177/6582/22925/124935/9075/8501/6555/4036/6505/55630/8604/9194/292/159963/284439/113278/762/56606/1579/6519/788/1468/2348/51629/1497/3993/123096/5997/9356/634/5243/94097/6581/283375/9058/9963/9122/57393/368/6514/55867/5465/9121/116085/11001/5825/11136/846/65010/9376/387700/59272/18/51660/2168/388323/8671/220963/83697/115111/153201/213/6521/64849",0.610526878385931
"GO:0009713","catechol-containing compound biosynthetic process",12,-0.916174060000392,-1.81550312037933,0.000788248336577557,0.0235194097583903,0.0157937432816129,685,"tags=58%, list=5%, signal=55%","5053/9365/2643/1644/217/2625/1610",0.477270815362862
"GO:0042423","catecholamine biosynthetic process",12,-0.916174060000392,-1.81550312037933,0.000788248336577557,0.0235194097583903,0.0157937432816129,685,"tags=58%, list=5%, signal=55%","5053/9365/2643/1644/217/2625/1610",0.477270815362862
"GO:0050863","regulation of T cell activation",253,0.498567068296701,1.81506986773295,1.06958407888744e-06,0.000179629006162867,0.000120624388044241,2038,"tags=30%, list=15%, signal=26%","140885/857/10457/11314/567/5699/3133/3958/5696/639/6352/939/6541/55824/4690/301/5788/912/3561/3071/864/80381/865/60/923/1029/7805/26191/867/6932/56253/1445/84695/10385/914/100133941/4067/5698/942/2494/51571/916/5683/29126/6602/8744/3956/283234/3606/9231/7409/27166/6604/5880/9840/7494/64115/114548/11006/399/604/5682/3659/11148/7037/861/7040/7532/3600/3077/79626/23240/196528/7412/23149/7133/8477",0.643551836150722
"GO:0044273","sulfur compound catabolic process",28,-0.781323560176034,-1.81441568533066,0.00493994754575557,0.0775525402360425,0.0520780463416205,788,"tags=32%, list=6%, signal=30%","2678/8802/8801/38/1800/7263/2326/8803/189",0.407017918923954
"GO:0071384","cellular response to corticosteroid stimulus",49,-0.714764805605684,-1.81437492590091,0.0022329185998496,0.0444918492539523,0.0298771462574849,619,"tags=22%, list=5%, signal=21%","678/9131/6340/6752/6337/4537/358/5105/445/5106/6338",0.431707695803346
"GO:1903556","negative regulation of tumor necrosis factor superfamily cytokine production",44,0.643341484678196,1.81151880348154,0.00166095801015465,0.037841516215849,0.0254113176580421,1817,"tags=36%, list=13%, signal=32%","140885/10457/50856/54209/23208/7128/7099/26191/409/29126/64115/10270/8841/11006/2000/6376",0.45505986738723
"GO:0006790","sulfur compound metabolic process",218,-0.594079567544296,-1.81126568719931,5.52348535811147e-05,0.00364798280168306,0.00244969174215639,1918,"tags=36%, list=14%, signal=32%","4357/2182/10157/4144/109703458/55256/8876/25974/80704/3158/2181/2938/2180/2946/10965/55/50507/123876/23305/6821/686/54677/100131187/10768/80221/122970/4522/4482/9524/27233/2939/6505/23205/53354/1738/5095/84693/84869/56922/27284/2690/9027/10327/2678/1743/4594/64087/641371/55902/8802/8801/38/1468/4780/5164/191/348158/1497/2639/670/1800/5160/3029/11001/5162/501/84649/7263/635/2326/84836/594/8803/23743/10249/6296/1491/2947/189",0.557332238758646
"GO:0050867","positive regulation of cell activation",255,0.496257592652009,1.81118910809762,7.38569393337369e-07,0.000135665965438658,9.11023470487374e-05,1799,"tags=26%, list=13%, signal=23%","2214/140885/857/4208/567/3133/6688/6352/939/10673/4345/64581/6541/3603/4690/301/5788/912/3561/3071/864/80381/865/59/54209/60/923/7099/7305/1050/3635/1445/914/100133941/4067/942/3566/2494/51571/916/29126/6602/8744/283234/3606/7409/558/7293/5341/6604/9840/7494/64115/114548/11006/399/604/65992/952/8660/11148/7037/861/7040/7532/3600/84787",0.659444398037935
"GO:0007029","endoplasmic reticulum organization",80,0.577932546749512,1.81034925281715,0.00035112229974674,0.0138516568987338,0.00930165830396914,1861,"tags=22%, list=14%, signal=20%","858/23023/80856/221035/23344/25923/57488/29927/283820/10162/9451/662/80346/9980/23471/80124/6252/56926",0.49849310876659
"GO:0050819","negative regulation of coagulation",39,-0.747354184904599,-1.8080211799345,0.0035106434545081,0.0631908090837036,0.0424338632082123,852,"tags=23%, list=6%, signal=22%","84830/3273/634/2160/350/7103/5624/5340/3827",0.431707695803346
"GO:0010803","regulation of tumor necrosis factor-mediated signaling pathway",50,0.60899336790216,1.80668264047555,0.00501720525453838,0.0777623364493528,0.0522189285988079,2234,"tags=34%, list=17%, signal=28%","8996/307/834/7128/7805/102/10010/90268/114769/83643/8904/7186/147138/837/22900/29108/4898",0.407017918923954
"GO:0032814","regulation of natural killer cell activation",23,0.750042253207696,1.8058800861487,0.00219739264074715,0.0440828462194941,0.0296024927268906,1173,"tags=30%, list=9%, signal=28%","2214/3133/639/7305/26191/3606/558",0.431707695803346
"GO:0032635","interleukin-6 production",99,0.557174061895641,1.80516467277968,0.000177301324646775,0.00814200926776362,0.00546751833879239,1978,"tags=32%, list=15%, signal=28%","140885/4828/7098/4345/64581/3603/3071/54209/23208/7128/7805/7099/7305/26191/1445/338382/23765/409/7097/51284/131450/10865/64170/7494/11006/2000/7040/6376/4615/64135/9181/114899",0.518848077743792
"GO:0032675","regulation of interleukin-6 production",99,0.557174061895641,1.80516467277968,0.000177301324646775,0.00814200926776362,0.00546751833879239,1978,"tags=32%, list=15%, signal=28%","140885/4828/7098/4345/64581/3603/3071/54209/23208/7128/7805/7099/7305/26191/1445/338382/23765/409/7097/51284/131450/10865/64170/7494/11006/2000/7040/6376/4615/64135/9181/114899",0.518848077743792
"GO:0110096","cellular response to aldehyde",20,-0.818876478837535,-1.80413592465785,0.00481834306482849,0.0759308861529809,0.0509890739336153,803,"tags=45%, list=6%, signal=42%","10327/9131/25953/6340/3029/6337/145226/217/6338",0.407017918923954
"GO:0032720","negative regulation of tumor necrosis factor production",42,0.637424173292516,1.80410196888022,0.00200400324615017,0.041477222115742,0.0278527652207247,1817,"tags=36%, list=13%, signal=31%","140885/10457/50856/54209/23208/7128/7099/26191/409/64115/10270/8841/11006/2000/6376",0.431707695803346
"GO:0007249","canonical NF-kappaB signal transduction",281,0.490744452472938,1.80319495914564,2.35441407261168e-07,5.765006066416e-05,3.8713142364227e-05,1866,"tags=26%, list=14%, signal=23%","60401/140885/857/10783/7422/307/84166/10346/7098/6688/330/4869/4345/834/64581/2280/11040/8717/948/54209/2697/7188/3275/7128/7099/54503/1894/356/10135/3162/10392/7114/409/7097/51135/51284/9572/2597/7088/3956/51246/64170/5971/10010/10318/11214/114769/11006/4055/8454/399/80833/51026/65992/10769/10616/23636/958/8904/3654/7037/1524/7040/4791/7186/147138/10549/6376/353376/3611/7132/4615",0.690132458796796
"GO:0043122","regulation of canonical NF-kappaB signal transduction",269,0.490505343202678,1.80317815769337,5.07326285811245e-07,0.000102829789930983,6.90522134932725e-05,1866,"tags=25%, list=14%, signal=22%","60401/140885/857/10783/7422/307/84166/10346/7098/6688/330/4345/834/64581/2280/11040/8717/948/54209/2697/7188/3275/7128/7099/54503/1894/356/10135/3162/10392/7114/409/7097/51135/51284/9572/2597/7088/3956/51246/64170/10010/10318/11214/114769/11006/4055/8454/399/80833/51026/65992/10769/10616/23636/958/8904/3654/7037/1524/7040/7186/147138/6376/353376/3611/7132/4615",0.659444398037935
"GO:1902476","chloride transmembrane transport",61,-0.691768550921151,-1.80248560418187,0.00199682589401675,0.0414747088516977,0.0278510775148034,1058,"tags=25%, list=8%, signal=23%","1184/6505/55248/2555/9481/7809/846/65010/1188/6559/6557/53405/83697/115111/6521",0.431707695803346
"GO:0050918","positive chemotaxis",46,0.627801158295147,1.79942760835237,0.00122028595630528,0.0303933934371289,0.0204097576569424,275,"tags=20%, list=2%, signal=19%","7422/7424/1012/10457/3958/3627/6352/3603/4233",0.45505986738723
"GO:0032608","interferon-beta production",51,0.631955155085375,1.79825804505432,0.000556894320932958,0.0191428351955785,0.0128547879333297,2185,"tags=33%, list=16%, signal=28%","140885/7098/4938/8717/4939/7099/4940/9636/7097/51284/80342/5971/3665/3659/64135/29108/29110",0.477270815362862
"GO:0032648","regulation of interferon-beta production",51,0.631955155085375,1.79825804505432,0.000556894320932958,0.0191428351955785,0.0128547879333297,2185,"tags=33%, list=16%, signal=28%","140885/7098/4938/8717/4939/7099/4940/9636/7097/51284/80342/5971/3665/3659/64135/29108/29110",0.477270815362862
"GO:0098581","detection of external biotic stimulus",16,0.781617417532023,1.79818515445629,0.00354645026066381,0.0633618073926501,0.0425486919144101,906,"tags=50%, list=7%, signal=47%","64581/912/54209/7099/10392/7097/23643/949",0.431707695803346
"GO:0002696","positive regulation of leukocyte activation",242,0.502403287549388,1.79813891138661,4.02742832924228e-07,8.76786063677264e-05,5.88778976380331e-05,1799,"tags=27%, list=13%, signal=24%","2214/140885/857/4208/567/3133/6688/6352/939/10673/4345/64581/6541/3603/4690/301/5788/912/3561/3071/864/80381/865/54209/60/923/7099/7305/1050/3635/1445/914/100133941/4067/942/3566/2494/51571/916/29126/6602/8744/283234/3606/7409/558/7293/6604/9840/7494/64115/114548/11006/399/604/65992/952/8660/11148/7037/861/7040/7532/3600/84787",0.674962860011025
"GO:0043648","dicarboxylic acid metabolic process",77,-0.663511012961625,-1.79561744563444,0.00157645309874724,0.0363387894683775,0.0244022072800272,2645,"tags=58%, list=20%, signal=47%","471/81889/8942/56267/92259/200895/2805/56954/728294/23475/2744/2746/443/8528/441024/6573/23498/2806/51011/10840/122970/4522/5264/55753/3417/1738/2271/4190/2678/1743/8802/8801/84706/6390/130013/79944/6470/9380/130752/7915/8803/112817/5105/445/5106",0.45505986738723
"GO:0009072","aromatic amino acid metabolic process",24,-0.804353066487605,-1.79431662352385,0.00389399804593313,0.0671229340586362,0.0450743619725637,685,"tags=38%, list=5%, signal=36%","5053/130013/2639/10841/3081/144193/125061/389434/3242",0.431707695803346
"GO:0009081","branched-chain amino acid metabolic process",25,-0.786448035366868,-1.79418722739786,0.00367664585953738,0.0652904596990085,0.0438438196288821,1342,"tags=64%, list=10%, signal=58%","9673/549/1738/152926/5095/56922/64087/38/36/11112/27034/4329/5096/594/26275/1892",0.431707695803346
"GO:0006814","sodium ion transport",152,-0.611781597142258,-1.7939722397291,6.78944416165848e-05,0.00429122072927189,0.00288163858103106,1394,"tags=23%, list=10%, signal=21%","6524/482/4704/6583/389015/10768/11261/6549/6575/6555/254428/159963/53373/55283/1259/6569/6561/340024/29098/6526/9058/9963/6340/6337/5652/1188/6559/6326/6557/8671/65266/476/83697/6338/64849",0.538434096309916
"GO:0042219","modified amino acid catabolic process",26,-0.765851363764015,-1.79351622330001,0.00856857777023471,0.104004454952158,0.0698410240109225,1490,"tags=42%, list=11%, signal=38%","2806/29958/10840/2678/1733/1800/64902/635/112817/1757/8659",0.380730400722792
"GO:0051251","positive regulation of lymphocyte activation",219,0.503469824070817,1.79243351352779,2.52287089285642e-06,0.000322379024091523,0.000216483814780346,2811,"tags=39%, list=21%, signal=32%","2214/140885/857/4208/567/3133/6688/6352/939/10673/64581/6541/4690/301/5788/912/3561/3071/864/80381/865/60/923/7305/3635/1445/100133941/4067/942/2494/51571/916/29126/6602/8744/283234/3606/7409/558/7293/6604/9840/7494/64115/114548/11006/399/604/65992/952/8660/11148/7037/861/7040/7532/3600/84787/196528/7412/23149/8477/51293/2323/29108/8740/115352/3574/51176/6598/64926/7297/4192/975/207/5777/387/10459/23529/920/4323/3932/1326/112441434/972/729230",0.627256739718528
"GO:0006820","monoatomic anion transport",94,-0.643472407357058,-1.79189621174721,0.00103154234314868,0.0274442891964293,0.0184293765263441,1058,"tags=21%, list=8%, signal=20%","1184/6505/55248/2555/55283/5174/9481/7809/6561/5243/846/65010/1188/6559/6557/8671/53405/83697/115111/6521",0.45505986738723
"GO:0072044","collecting duct development",9,-0.945740526512949,-1.79178061693667,0.000354627056724042,0.0138966522628261,0.00933187357028054,12,"tags=33%, list=0%, signal=33%","7021/359/793",0.49849310876659
"GO:0042417","dopamine metabolic process",22,-0.801989158822317,-1.78934039135147,0.00346798982313407,0.0631109726946814,0.0423802515127786,1023,"tags=41%, list=8%, signal=38%","6505/4128/4881/2643/5071/1644/18/217/1610",0.431707695803346
"GO:0009074","aromatic amino acid family catabolic process",15,-0.848194185685973,-1.78900440436199,0.0077627293840723,0.100258773493247,0.0673257257111581,685,"tags=47%, list=5%, signal=44%","5053/130013/10841/3081/144193/125061/3242",0.407017918923954
"GO:0071216","cellular response to biotic stimulus",166,0.519191984302908,1.78751381294744,4.31160626325743e-05,0.00305344838740086,0.00205045026425717,2170,"tags=36%, list=16%, signal=30%","140885/2634/4208/567/3627/6688/5724/4345/834/64581/19/4283/948/54209/57103/1948/923/7128/115362/7099/26191/7097/51135/4067/23643/942/9572/949/51571/8140/3055/10865/29126/7431/9450/3606/558/10318/9451/114769/2635/7494/10270/114548/958/3654/1524/978/196/6376/353376/7132/4615/22900/7133/5142/29108/28964/6915",0.557332238758646
"GO:0046689","response to mercury ion",9,-0.943172561083145,-1.78691540226828,0.000412288811245245,0.0152417209591167,0.0102351134858898,540,"tags=56%, list=4%, signal=53%","6569/210/358/4519/359",0.49849310876659
"GO:0072337","modified amino acid transport",34,-0.731034744694762,-1.78584609907378,0.0116837944127525,0.119273919733475,0.0800947680156043,678,"tags=29%, list=5%, signal=28%","6519/5174/788/2348/51629/1497/11136/387700/220963/64849",0.380730400722792
"GO:0043374","CD8-positive, alpha-beta T cell differentiation",22,0.738727333632616,1.78466270215915,0.0024977570243611,0.0486152840701805,0.0326461133189453,1695,"tags=41%, list=13%, signal=36%","5699/3071/864/865/5698/5683/11006/5682/861",0.431707695803346
"GO:0046173","polyol biosynthetic process",45,-0.700565872124419,-1.78387766010337,0.00581105510300781,0.0858225675765827,0.0576315313180798,1385,"tags=29%, list=10%, signal=26%","9807/1576/653308/3707/6342/56848/1593/1594/2643/1591/5105/5106/5745",0.407017918923954
"GO:0031960","response to corticosteroid",102,-0.63114130610592,-1.78207209930018,0.000825865607265917,0.0242721901975453,0.0162992500577425,895,"tags=23%, list=7%, signal=21%","3485/2690/9353/654/57630/678/249/9131/210/6340/5071/6752/6337/5730/4537/358/5578/5105/6559/445/3291/5106/6338",0.477270815362862
"GO:0045824","negative regulation of innate immune response",73,0.575697714665722,1.78151204444984,0.000607952760216402,0.0198984507040451,0.0133621985139064,1403,"tags=34%, list=10%, signal=31%","3133/84166/3134/4938/9111/25939/56833/9140/7128/5272/4940/9636/3635/6737/409/10212/3428/11277/2896/2/7534/54625/6773/10906/5817",0.477270815362862
"GO:0070266","necroptotic process",34,0.663572555967203,1.78139654508492,0.00181485167730794,0.039804843877672,0.0267297305513529,1027,"tags=29%, list=8%, signal=27%","857/7098/8531/197259/355/330/54936/356/8473/253430",0.45505986738723
"GO:0034163","regulation of toll-like receptor 9 signaling pathway",14,0.795946838862072,1.77801860767801,0.00416203228266488,0.0709113790072584,0.047618376791376,788,"tags=43%, list=6%, signal=40%","121260/4481/1956/23151/338382/4067",0.407017918923954
"GO:0050851","antigen receptor-mediated signaling pathway",141,0.52214002288844,1.77570676421066,4.00882401590938e-05,0.00287364238603846,0.00192970702047751,1678,"tags=30%, list=12%, signal=27%","4208/11314/3958/3937/919/11118/925/4690/4332/2533/5788/7462/3071/581/80381/10384/7805/26191/867/11119/3635/9404/5583/1445/10385/4067/23180/942/9976/11120/916/29126/10657/4068/2213/9840/3702/29085/11006/9473/10616/952/11148",0.557332238758646
"GO:0001818","negative regulation of cytokine production",203,0.497207330085565,1.77550832854797,3.35093026566744e-06,0.000378784001953715,0.000254360859710979,2149,"tags=32%, list=16%, signal=27%","140885/307/10457/3134/4828/1992/4938/4345/301/8832/5788/3071/50856/54209/23208/7043/9140/7128/7805/7099/7305/26191/4940/3625/1445/10385/3162/409/100133941/947/131450/5371/29126/558/5971/2213/2335/114769/64115/10270/8841/114548/11006/8986/2146/2000/5552/1524/7040/81031/836/6376/6614/353376/3077/114899/215/22900/3660/84148/5045/684/29108/28964",0.627256739718528
"GO:0009083","branched-chain amino acid catabolic process",23,-0.773188666269369,-1.77506726845185,0.0118008775698357,0.119595790268094,0.0803109103697663,1342,"tags=61%, list=10%, signal=55%","9673/549/1738/152926/56922/64087/38/36/11112/27034/4329/594/26275/1892",0.380730400722792
"GO:0006925","inflammatory cell apoptotic process",14,0.794491534268419,1.77476768874597,0.004299998822433,0.071399415475314,0.0479461028171443,1580,"tags=50%, list=12%, signal=44%","4208/6352/301/1029/356/80301/3665",0.407017918923954
"GO:0036336","dendritic cell migration",20,0.758353419741888,1.77202090294655,0.00227707328385219,0.0452183674408215,0.0303650174179735,315,"tags=25%, list=2%, signal=24%","240/7852/6688/6352/56833",0.431707695803346
"GO:1901987","regulation of cell cycle phase transition",351,0.466715045941843,1.76981288327066,7.11763647331889e-08,2.29079616247068e-05,1.53831439105988e-05,2678,"tags=30%, list=20%, signal=25%","1030/6241/10783/10457/1956/1026/9735/4869/83540/5129/51360/6790/81620/151636/675/493/60/57099/3275/595/1029/9555/5984/440275/57520/83666/91607/1017/84687/5982/11186/7114/699/4067/5985/9319/5683/8317/1780/891/55743/6602/22933/5310/23236/83695/2273/990/6604/323/197342/7517/5925/3014/26271/4683/25959/51720/10111/8454/2146/65992/8914/5682/29933/6240/7040/4330/123879/8525/55755/5983/196528/994/79027/51065/1843/5933/9344/6118/5128/5688/894/51776/29980/580/8450/6598/3364/51149/1031/1063/29945/55920/55904/207/28984/5777/5889/4361/545/10459/1020/10116/134353/1111/5720",0.704975715167238
"GO:0005979","regulation of glycogen biosynthetic process",24,0.685105043235113,1.76887811032113,0.00621096250711749,0.0897576443145613,0.0602740122490016,904,"tags=21%, list=7%, signal=19%","5507/8445/10580/79660/648791",0.407017918923954
"GO:0010962","regulation of glucan biosynthetic process",24,0.685105043235113,1.76887811032113,0.00621096250711749,0.0897576443145613,0.0602740122490016,904,"tags=21%, list=7%, signal=19%","5507/8445/10580/79660/648791",0.407017918923954
"GO:0042776","proton motive force-driven mitochondrial ATP synthesis",65,-0.665227632585456,-1.76859565239547,0.00265486100808272,0.0508315081612711,0.0341343511067462,1792,"tags=35%, list=13%, signal=31%","4720/4729/4707/4728/4709/4715/4704/6391/522/4723/515/4722/4705/4536/6390/4539/4538/4535/4540/4541/6392/4508/4537",0.431707695803346
"GO:0001937","negative regulation of endothelial cell proliferation",31,0.678279924133993,1.76821031181579,0.00422344849451678,0.071399415475314,0.0479461028171443,405,"tags=19%, list=3%, signal=19%","858/857/240/4208/22846/5797",0.407017918923954
"GO:2000134","negative regulation of G1/S transition of mitotic cell cycle",45,0.623990647839753,1.76809872551217,0.00280349345162447,0.0530936672220144,0.0356534351243546,2220,"tags=36%, list=16%, signal=30%","1030/10457/1026/3275/595/91607/1017/2273/5925/25959/123879/8525/79027/51065/5933/6118",0.431707695803346
"GO:0044772","mitotic cell cycle phase transition",335,0.471706487063904,1.76732117939767,1.8199524989154e-07,5.09413370886892e-05,3.42081033778429e-05,2678,"tags=29%, list=20%, signal=24%","1030/6241/10783/10457/9833/1956/10460/1026/9735/1033/83540/51360/6790/11040/60/57099/3275/595/1029/1978/57520/91607/1017/84687/586/699/890/9319/5683/8317/1780/891/55743/10657/6602/22933/5310/23236/128866/7319/2273/990/6604/7517/5925/26271/4683/25959/51720/10111/8454/5682/6502/1104/10769/29933/6240/7040/123879/8525/997/55755/196528/994/79027/51065/1843/6198/5933/9344/6118/5688/894/51776/4609/6873/29980/580/8450/6598/3364/51149/1031/1063/29945/55920/55904/79616/207/28984/5777/5889/4361/545/10459/134353/1111/5720",0.690132458796796
"GO:0022612","gland morphogenesis",21,0.727772472529575,1.76720009835645,0.00501229820468672,0.0777623364493528,0.0522189285988079,2669,"tags=57%, list=20%, signal=46%","857/7043/5154/5371/4478/64065/7040/23213/1396/1436/7042/6662",0.407017918923954
"GO:0034162","toll-like receptor 9 signaling pathway",25,0.692964326272979,1.7661079529288,0.00718734697138956,0.0975686501104568,0.0655192552877881,2245,"tags=48%, list=17%, signal=40%","121260/4481/1956/23151/338382/51135/4067/3654/81622/4615/5538/115352",0.407017918923954
"GO:0046636","negative regulation of alpha-beta T cell activation",30,0.67976968390355,1.76576959215382,0.004284806099764,0.071399415475314,0.0479461028171443,1850,"tags=37%, list=14%, signal=32%","11314/3958/301/864/865/84695/29126/3956/64115/861/3077",0.407017918923954
"GO:0170041","non-proteinogenic amino acid metabolic process",46,-0.697262418143546,-1.76518907564913,0.008419562815222,0.103861087298867,0.0697447498299699,462,"tags=28%, list=3%, signal=27%","3172/670/51733/1800/64902/7915/112817/18/1757/8659/1491/445/1610",0.380730400722792
"GO:0050858","negative regulation of antigen receptor-mediated signaling pathway",33,0.656680370747026,1.7650042194913,0.00451286538164124,0.0735211445972538,0.0493708853864894,1494,"tags=42%, list=11%, signal=38%","11314/3958/4690/7805/26191/867/9404/1445/4067/29126/4068/2213/29085/11006",0.407017918923954
"GO:2000106","regulation of leukocyte apoptotic process",46,0.615481669909087,1.76411702118676,0.00193700635667509,0.0407601774287009,0.0273712557005067,1671,"tags=35%, list=12%, signal=31%","4208/3958/3059/6352/301/27113/1029/4067/29126/558/96459/27166/604/3665/64065/8660",0.45505986738723
"GO:0030595","leukocyte chemotaxis",143,0.513628090802266,1.76404944920166,9.4848410435898e-05,0.00546587212296283,0.00367043994755878,2183,"tags=35%, list=16%, signal=30%","7422/240/7424/7852/3958/3627/6688/6352/57118/3689/3603/27347/301/4283/23603/56833/3071/51192/718/23765/4856/6351/4067/7423/728/102/5919/1906/7130/5880/5228/2321/58191/6280/64065/719/196527/1524/1235/7226/6376/811/80270/1843/5155/6223/5142/80024/1130/1435",0.538434096309916
"GO:0071219","cellular response to molecule of bacterial origin",147,0.519834528166081,1.76364412038232,3.53090273042377e-05,0.00273087450650407,0.00183383559932409,2170,"tags=37%, list=16%, signal=32%","140885/2634/4208/567/3627/6688/5724/4345/834/19/4283/948/54209/1948/923/7128/115362/7099/26191/7097/51135/4067/23643/942/9572/949/51571/8140/3055/10865/29126/7431/9450/3606/558/10318/114769/2635/7494/10270/114548/958/3654/1524/196/6376/353376/7132/4615/22900/7133/5142/29108/28964/6915",0.557332238758646
"GO:1901739","regulation of myoblast fusion",54,0.615540400494693,1.76328160652213,0.000999186748918292,0.0268183548408298,0.0180090493742159,3792,"tags=70%, list=28%, signal=51%","6157/6175/6137/6139/6132/6143/6171/963/6173/30846/6181/6168/6164/11224/6134/25873/6158/23521/6141/6124/6142/6167/6169/6133/9349/6155/6129/51177/6147/6160/6170/6130/9750/4736/6161/6135/6176/6156",0.45505986738723
"GO:0006635","fatty acid beta-oxidation",62,-0.675076029660559,-1.76072432252757,0.000973483140390235,0.0264913606445083,0.017789466381091,2339,"tags=45%, list=17%, signal=37%","80724/3712/1891/55268/3032/30/34/3667/54677/254013/27349/549/1384/2110/2108/8309/6342/38/55862/2639/440503/5465/11001/51/5825/1962/10455/1892",0.477270815362862
"GO:0009595","detection of biotic stimulus",28,0.679137311631699,1.75987228847761,0.00447700692965893,0.073303194241045,0.0492245274629931,906,"tags=32%, list=7%, signal=30%","64581/912/54209/7099/56253/10392/7097/23643/949",0.407017918923954
"GO:0003338","metanephros morphogenesis",17,-0.809403268765267,-1.75976638313839,0.0160070560531395,0.144203891779625,0.0968357314394084,1242,"tags=35%, list=9%, signal=32%","5076/6299/7849/3975/7490/793",0.352487857583619
"GO:0098656","monoatomic anion transmembrane transport",84,-0.649585676284328,-1.75967081389282,0.000925264777114362,0.0260457681705709,0.0174902423268362,1058,"tags=21%, list=8%, signal=20%","1184/6505/55248/2555/55283/9481/7809/6561/846/65010/1188/6559/6557/8671/53405/83697/115111/6521",0.477270815362862
"GO:0045806","negative regulation of endocytosis",50,0.592708253574887,1.75837007271378,0.00760191180952366,0.100015657414214,0.0671624685129833,1365,"tags=32%, list=10%, signal=29%","140885/857/341/11314/567/3958/302/8291/23208/1445/7097/257364/88455/2042/84058/2213",0.407017918923954
"GO:0036037","CD8-positive, alpha-beta T cell activation",32,0.669810893832433,1.7579988312981,0.00747510658337037,0.099690956021803,0.0669444251824914,1850,"tags=50%, list=14%, signal=43%","5699/3133/3071/50856/864/865/56253/5698/5683/29126/64115/11006/5682/3659/861/3077",0.407017918923954
"GO:0002532","production of molecular mediator involved in inflammatory response",65,0.578096696345461,1.7572738725149,0.00185373348596732,0.0402075477140808,0.0270001540473547,2123,"tags=42%, list=16%, signal=35%","140885/240/7098/64581/5601/56833/948/54209/923/115362/7099/3162/23765/4067/3566/653361/2896/64170/7494/11006/2146/6280/2207/4615/215/6223/29108",0.45505986738723
"GO:0098659","inorganic cation import across plasma membrane",83,-0.648739472921538,-1.75577816000436,0.00116497817694338,0.0296439035674165,0.0199064605624996,1869,"tags=31%, list=14%, signal=27%","481/1739/6339/23479/287/7779/9495/6524/169026/482/389015/6549/781/55630/3766/3760/6569/7442/283375/6340/3773/6337/3758/476/3772/6338",0.45505986738723
"GO:0099587","inorganic ion import across plasma membrane",83,-0.648739472921538,-1.75577816000436,0.00116497817694338,0.0296439035674165,0.0199064605624996,1869,"tags=31%, list=14%, signal=27%","481/1739/6339/23479/287/7779/9495/6524/169026/482/389015/6549/781/55630/3766/3760/6569/7442/283375/6340/3773/6337/3758/476/3772/6338",0.45505986738723
"GO:0002768","immune response-regulating cell surface receptor signaling pathway",256,0.47929607187117,1.75425942683501,2.69751501336521e-06,0.000337361558480015,0.000226544879418899,1866,"tags=31%, list=14%, signal=27%","2214/4208/11314/3958/3937/919/11118/4938/925/64581/4690/5601/4332/2533/9111/5788/7462/3071/948/581/80381/54209/10384/7128/7805/7099/7305/26191/867/11119/3635/9404/718/5583/1445/10385/338382/3903/7097/100133941/51135/4067/2212/23180/23643/942/9572/9976/131450/11120/3055/5648/916/29126/10657/728/2209/4068/7409/5062/2213/9840/3702/29085/2357/11006/2359/9473/10616/952/958/719/11148/3654/2207/8525/353376/5338/4615",0.627256739718528
"GO:0007009","plasma membrane organization",119,0.530366696080614,1.75420431035425,0.000195460816406548,0.00877037159418083,0.00588947592077338,1464,"tags=24%, list=11%, signal=22%","858/857/6281/7852/26509/302/5788/7357/50807/23208/8826/5027/79026/356/8560/9935/257364/6810/2054/928/128866/2013/84058/81671/30846/51100/55971/4627/8841",0.518848077743792
"GO:0046415","urate metabolic process",10,-0.904568322332961,-1.7537373305768,0.00283584480110807,0.0534265889131834,0.0358769985461079,714,"tags=60%, list=5%, signal=57%","56606/55867/116085/4860/55604/220963",0.431707695803346
"GO:0030888","regulation of B cell proliferation",37,0.644248180647125,1.7528315604898,0.0065146770551428,0.0927197862714997,0.0622631484608442,2893,"tags=62%, list=21%, signal=49%","4208/11314/10673/4332/5788/3071/1029/7305/4067/7293/2213/952/8660/7037/196/51293/115352/3574/975/22806/23529/972/648",0.407017918923954
"GO:1902749","regulation of cell cycle G2/M phase transition",88,0.55437016224684,1.75208659321657,0.000319139836669102,0.0128486572598697,0.00862812444531786,2911,"tags=39%, list=22%, signal=30%","1026/4869/51360/6790/57099/595/9555/8317/891/55743/2273/990/6604/26271/4683/51720/10111/29933/6240/994/9344/29980/580/3364/51149/1063/55920/5889/4361/545/1111/8766/60561/50484",0.49849310876659
"GO:1902358","sulfate transmembrane transport",11,-0.870036801697496,-1.75110514798061,0.0091663906447821,0.106904849623074,0.0717886957135024,611,"tags=36%, list=5%, signal=35%","1468/6561/65010/115111",0.380730400722792
"GO:0071222","cellular response to lipopolysaccharide",142,0.512891163441476,1.75063155277371,0.000139464996414481,0.00706702800796826,0.0047456474149825,2170,"tags=37%, list=16%, signal=31%","140885/2634/4208/567/3627/6688/5724/4345/834/19/4283/948/1948/923/7128/115362/7099/26191/7097/51135/4067/23643/942/9572/949/8140/3055/10865/29126/7431/9450/3606/558/10318/114769/2635/7494/10270/114548/958/3654/1524/6376/353376/7132/4615/22900/7133/5142/29108/28964/6915",0.518848077743792
"GO:0030100","regulation of endocytosis",226,0.478133267947644,1.75025403794738,8.2330425124908e-06,0.000780545546587434,0.000524151588370978,1305,"tags=23%, list=10%, signal=21%","140885/857/7422/1012/341/11031/11314/567/3958/55589/10960/57118/302/8291/64581/8862/5873/5788/5898/3561/3071/54209/23208/1948/60/3601/967/867/22871/718/1445/7018/10094/409/7097/257364/2212/636/949/977/1794/3055/5648/29904/2209/558/116985/4193/88455/2042/84058",0.593325476396405
"GO:0071549","cellular response to dexamethasone stimulus",17,-0.804216208273827,-1.74848892104701,0.0182734863743035,0.155219007092711,0.104232596635406,174,"tags=24%, list=1%, signal=23%","358/5105/445/5106",0.352487857583619
"GO:0042098","T cell proliferation",111,0.527137828644244,1.74847189524621,0.000386512711308123,0.0147364275603527,0.00989579909390657,2493,"tags=42%, list=18%, signal=35%","10457/3133/3958/6352/6541/4690/301/5788/912/3071/80381/923/1029/7805/11119/56253/10385/100133941/942/2494/916/29126/8744/283234/3606/9231/55716/7293/5880/64115/4478/11006/2000/3659/11148/7037/3600/23240/7412/7133/29108/8740/2796/4609/64926/7297/975",0.49849310876659
"GO:0044857","plasma membrane raft organization",9,0.87690027014661,1.74768947275673,0.00144958533382109,0.0349207483286901,0.0234499649426105,413,"tags=33%, list=3%, signal=32%","858/857/8826",0.45505986738723
"GO:0032481","positive regulation of type I interferon production",73,0.564707835962072,1.74750356955263,0.000943256228914039,0.026121269715212,0.0175409430895541,2488,"tags=34%, list=18%, signal=28%","4828/7098/4938/8717/4939/7099/26191/4940/9636/7097/51284/2597/80342/10010/3665/3659/3654/353376/4615/64135/3838/29110/9641/148022/91947",0.477270815362862
"GO:0032637","interleukin-8 production",58,0.587866237517712,1.74737022100448,0.00219203705617215,0.0440828462194941,0.0296024927268906,803,"tags=19%, list=6%, signal=18%","307/7098/64581/301/5788/7099/26191/10392/914/7097/51284",0.431707695803346
"GO:0032677","regulation of interleukin-8 production",58,0.587866237517712,1.74737022100448,0.00219203705617215,0.0440828462194941,0.0296024927268906,803,"tags=19%, list=6%, signal=18%","307/7098/64581/301/5788/7099/26191/10392/914/7097/51284",0.431707695803346
"GO:1905207","regulation of cardiocyte differentiation",19,0.738660794072751,1.74675269786692,0.0053061421827842,0.0803067577298923,0.0539275572131283,739,"tags=26%, list=5%, signal=25%","4208/1956/1948/23493/409",0.407017918923954
"GO:0009615","response to virus",303,0.470293663964643,1.74636435271678,1.3769848928479e-06,0.000212997821056841,0.000143032199356729,2410,"tags=31%, list=18%, signal=26%","2634/7852/84166/4828/3627/10346/7098/4938/6352/197259/5551/834/4690/91351/10561/9111/25939/5788/11040/581/4939/59/2023/151636/9201/9140/64108/51251/7128/115362/146857/3669/4940/440275/9636/200316/83666/6039/91607/23765/140564/6737/7097/6351/3455/51284/51257/80342/5683/5371/3428/1687/10010/84993/3437/58487/6773/27350/2635/114548/3429/3460/54541/3665/6502/3659/7040/811/5611/1072/81622/56915/4615/10533/64135/22861/55509/22900/3660/10410/684/29108/1130/29110/4599/3459/24138/11331/9641/148022/85363/9020/220001",0.643551836150722
"GO:0006835","dicarboxylic acid transport",60,-0.675699495343009,-1.74516457570145,0.00433252072969954,0.0717367798568278,0.0481726495922856,1042,"tags=22%, list=8%, signal=20%","4036/6505/8604/6519/1468/2348/9356/9058/65010/18/115111/213/64849",0.407017918923954
"GO:0032611","interleukin-1 beta production",64,0.580441769405016,1.74497495293924,0.00139075592939175,0.0337804270783664,0.0226842169382519,2149,"tags=44%, list=16%, signal=37%","140885/1992/834/64581/948/54209/5027/7128/115362/7099/7305/10392/409/3098/5371/3428/114769/114548/11006/2000/1524/6376/4615/22861/24145/22900/29108/28964",0.45505986738723
"GO:0032651","regulation of interleukin-1 beta production",64,0.580441769405016,1.74497495293924,0.00139075592939175,0.0337804270783664,0.0226842169382519,2149,"tags=44%, list=16%, signal=37%","140885/1992/834/64581/948/54209/5027/7128/115362/7099/7305/10392/409/3098/5371/3428/114769/114548/11006/2000/1524/6376/4615/22861/24145/22900/29108/28964",0.45505986738723
"GO:0000098","sulfur amino acid catabolic process",9,-0.920229623376049,-1.74344818274377,0.00155663938033592,0.0361657165123104,0.024285985407744,243,"tags=33%, list=2%, signal=33%","7263/2326/189",0.45505986738723
"GO:0048634","regulation of muscle organ development",15,0.756757162457333,1.74251095277924,0.00826777694770373,0.102744171032986,0.0689947187300578,1724,"tags=40%, list=13%, signal=35%","4208/136319/22933/4666/57496/7040",0.380730400722792
"GO:0032728","positive regulation of interferon-beta production",40,0.625359721791586,1.74192514164652,0.00504278253065978,0.0777623364493528,0.0522189285988079,2749,"tags=42%, list=20%, signal=34%","7098/4938/8717/4939/7099/4940/9636/7097/51284/80342/3665/3659/64135/29110/91947/3148/84282",0.407017918923954
"GO:1903039","positive regulation of leukocyte cell-cell adhesion",188,0.493784897675535,1.74120443965447,6.18200300059671e-05,0.00399316633379203,0.00268148922972832,1784,"tags=28%, list=13%, signal=25%","140885/857/240/567/3133/6352/939/3689/6541/4690/301/5788/912/3561/3071/864/80381/865/1948/60/923/1445/100133941/4067/2113/942/2494/51571/916/29126/6602/8744/283234/3606/7409/3676/6604/9840/7494/64115/114548/11006/399/604/9435/11148/960/3654/7037/861/7040/7532/3600",0.538434096309916
"GO:1901990","regulation of mitotic cell cycle phase transition",263,0.474011902432268,1.74097116535059,1.01390557384772e-06,0.000175286381266967,0.000117708230560752,2678,"tags=30%, list=20%, signal=24%","1030/6241/10783/10457/1956/1026/9735/83540/51360/6790/60/57099/3275/595/1029/57520/91607/1017/84687/699/9319/5683/8317/1780/891/55743/6602/22933/5310/23236/2273/990/6604/7517/5925/26271/4683/25959/51720/10111/5682/29933/6240/7040/123879/8525/55755/196528/994/79027/51065/1843/5933/9344/6118/5688/894/51776/29980/580/6598/3364/51149/1031/1063/29945/55920/55904/207/28984/5777/5889/4361/545/10459/134353/1111/5720",0.643551836150722
"GO:0051917","regulation of fibrinolysis",14,-0.82276649560713,-1.7391705923269,0.0145842484652776,0.136506707768952,0.0916669219537646,1056,"tags=36%, list=8%, signal=33%","5327/3273/2160/350/5340",0.380730400722792
"GO:0042573","retinoic acid metabolic process",17,-0.799570769322146,-1.73838902694285,0.0199733129737581,0.164200186936714,0.110263634415662,1786,"tags=59%, list=13%, signal=51%","64577/54658/59342/1576/54600/157506/130/56603/8854/125",0.352487857583619
"GO:0140367","antibacterial innate immune response",11,-0.863320509406483,-1.73758740484241,0.0106527949660616,0.115466813498468,0.0775382217782958,207,"tags=18%, list=2%, signal=18%","6565/7369",0.380730400722792
"GO:0002704","negative regulation of leukocyte mediated immunity",43,0.623960600930722,1.73727525097914,0.00320114202602591,0.0591707950596865,0.0397343452298259,1850,"tags=42%, list=14%, signal=36%","11314/3133/3134/6688/8832/5788/3071/5272/3635/409/29126/2213/5817/11006/1524/7040/196/3077",0.431707695803346
"GO:0006577","amino-acid betaine metabolic process",17,-0.798928337535747,-1.73699228207562,0.0202566176611002,0.165833424250623,0.111360385189547,1712,"tags=65%, list=13%, signal=57%","5447/34/29958/54677/1384/8424/55349/223/6470/501/635",0.352487857583619
"GO:0042416","dopamine biosynthetic process",9,-0.916757274279509,-1.73686954131729,0.00191499679936599,0.0406366468832971,0.0272883025251683,425,"tags=44%, list=3%, signal=43%","2643/1644/217/1610",0.45505986738723
"GO:0043029","T cell homeostasis",30,0.667851202169212,1.73481014643349,0.00603197545673948,0.0879800291183986,0.0590803089056737,2639,"tags=37%, list=20%, signal=30%","5699/5696/355/3071/5698/5683/5682/8740/5688/207/3718",0.407017918923954
"GO:0097305","response to alcohol",171,-0.578979347030135,-1.73474792954149,0.00035844906269619,0.0139534012617762,0.00936998163209474,1013,"tags=20%, list=8%, signal=19%","5587/1582/5950/151556/211/2690/9353/847/56848/57630/2770/9131/4538/5997/210/222236/7832/6340/4513/5465/3728/5071/3248/6337/4519/18/5578/5731/6559/6422/1393/2625/2203/6338",0.49849310876659
"GO:0170034","L-amino acid biosynthetic process",36,-0.71553103690445,-1.73344665326612,0.00678710931694082,0.0945370345141662,0.0634834661694294,1347,"tags=33%, list=10%, signal=30%","22929/4522/29968/2678/5053/4942/435/635/26227/23743/1491/445",0.407017918923954
"GO:0050871","positive regulation of B cell activation",50,0.583882715389119,1.73218760920353,0.00931659942224256,0.107459960918274,0.0721614637965105,2893,"tags=50%, list=21%, signal=39%","4208/6688/939/10673/5788/3071/3635/7293/7494/65992/952/8660/7037/7040/84787/51293/115352/3574/975/10459/23529/4323/112441434/972/648",0.380730400722792
"GO:0032731","positive regulation of interleukin-1 beta production",40,0.621131366921025,1.73014715627238,0.0057674856752633,0.0853936544060395,0.0573435077420101,2123,"tags=40%, list=16%, signal=34%","834/64581/948/5027/115362/7099/7305/10392/3098/3428/114548/4615/22861/24145/22900/29108",0.407017918923954
"GO:0062098","regulation of programmed necrotic cell death",31,0.66356946629387,1.72986156770745,0.00656599412400624,0.0928096926158145,0.0623235223280493,816,"tags=23%, list=6%, signal=21%","8996/857/8531/330/54936/8473/26471",0.407017918923954
"GO:0010324","membrane invagination",54,0.603145613332096,1.72777540708665,0.00160847753385233,0.0369321521249375,0.0248006618997168,2135,"tags=35%, list=16%, signal=30%","4481/11031/11314/9938/3689/9844/3071/948/54209/718/257364/2209/4627/196527/115548/2934/9146/91937/57154",0.45505986738723
"GO:0030258","lipid modification",140,-0.590326904955685,-1.72712718862727,0.000476882001727679,0.0168862193141885,0.0113394262689848,1791,"tags=33%, list=13%, signal=29%","3632/30/5447/34/3633/90809/22908/3667/54677/254013/54886/1576/27349/5264/8529/8897/549/1384/2110/2108/27124/1607/4534/10994/8309/6342/26061/38/55862/2639/440503/284541/81537/5465/11001/51/5825/1962/84649/10455/129642/51179/196051/2053/1892/4051",0.49849310876659
"GO:0097254","renal tubular secretion",13,-0.847899950663521,-1.72608627553399,0.0144416241318699,0.136256607780307,0.0914989749238027,1571,"tags=62%, list=12%, signal=54%","80763/185/10699/4881/9356/525/116085/50617",0.380730400722792
"GO:0070431","nucleotide-binding oligomerization domain containing 2 signaling pathway",14,0.772695297064393,1.72607836248201,0.00702446282545397,0.0966419607360132,0.064896965262991,1247,"tags=36%, list=9%, signal=32%","121260/7128/26191/144811/90268",0.407017918923954
"GO:1903037","regulation of leukocyte cell-cell adhesion",258,0.474622035547749,1.72526063182041,3.53610374973524e-06,0.000392173921527241,0.000263352452377553,1957,"tags=30%, list=15%, signal=26%","140885/857/240/10457/11314/567/5699/3133/3958/5696/6352/939/3689/6541/55824/4690/301/5788/912/3561/3071/864/80381/865/1948/60/923/1029/7805/26191/867/56253/1445/84695/10385/100133941/4067/2113/5698/942/2494/51571/916/5683/29126/6602/8744/3956/283234/3606/9231/7409/3676/6604/9840/7494/64115/114548/11006/399/604/5682/3659/9435/11148/960/3654/7037/861/7040/7532/3600/3077/79626/23240/196528/7412",0.627256739718528
"GO:0043388","positive regulation of DNA binding",17,-0.793000887061363,-1.72410509902971,0.0219564470540407,0.173849126277873,0.116743085747971,627,"tags=29%, list=5%, signal=28%","3005/1950/117854/2296/2625",0.352487857583619
"GO:2000677","regulation of transcription regulatory region DNA binding",15,-0.817172257017441,-1.72357320009722,0.0165761036563769,0.147134577305032,0.0988037440427395,1029,"tags=33%, list=8%, signal=31%","84444/3005/117854/2296/2625",0.352487857583619
"GO:0031343","positive regulation of cell killing",29,0.670992136925364,1.72341060345911,0.00345937224087073,0.0631109726946814,0.0423802515127786,1552,"tags=38%, list=12%, signal=34%","3133/3134/6688/5551/912/3140/7305/56253/51571/5817/114836",0.431707695803346
"GO:0072677","eosinophil migration",12,0.797128012987626,1.72159380433426,0.00684759879010055,0.0951541032818228,0.0638978399059979,763,"tags=33%, list=6%, signal=31%","11314/3958/6352/6351",0.407017918923954
"GO:0006590","thyroid hormone generation",9,-0.907820292500829,-1.71993771881837,0.00289133709042639,0.0541250936863896,0.0363460581518688,694,"tags=44%, list=5%, signal=42%","7849/1733/2625/115111",0.431707695803346
"GO:0044843","cell cycle G1/S phase transition",197,0.489191119609814,1.71896607286882,3.93686377797688e-05,0.00287364238603846,0.00192970702047751,2521,"tags=32%, list=19%, signal=26%","1030/6241/10457/1956/1026/1033/11040/493/60/3275/595/1029/1978/91607/1017/586/11186/7114/890/5683/8317/891/10657/6602/5310/23236/2273/990/6604/5925/25959/8454/2146/65992/5682/6502/1104/4863/10769/29933/6240/4330/123879/8525/997/196528/79027/51065/6198/5933/6118/5688/894/4609/4296/8450/6598/1031/55904/79616/207/28984/5777",0.557332238758646
"GO:0008652","amino acid biosynthetic process",53,-0.664348882189995,-1.71730777092816,0.0168826414675938,0.148557135548677,0.0997590197037394,839,"tags=28%, list=6%, signal=27%","29968/2678/5053/4942/435/51733/6470/64902/635/18/26227/23743/1491/445/189",0.352487857583619
"GO:0010389","regulation of G2/M transition of mitotic cell cycle",77,0.548853828083408,1.71629497346569,0.00349966296645739,0.0631908090837036,0.0424338632082123,2911,"tags=42%, list=22%, signal=33%","1026/51360/6790/57099/595/8317/891/55743/2273/990/6604/26271/4683/51720/10111/29933/6240/994/9344/29980/580/3364/51149/1063/55920/5889/4361/545/1111/8766/60561/50484",0.431707695803346
"GO:1905954","positive regulation of lipid localization",69,0.559745744388022,1.71560298559838,0.00150354182189589,0.0358341599944482,0.0240633387265452,1350,"tags=30%, list=10%, signal=28%","29923/857/9619/4481/123/4828/302/19/948/54209/356/718/10226/21/949/10396/1906/27166/51703/55754/10162",0.45505986738723
"GO:0015849","organic acid transport",215,-0.560120395299353,-1.71517758518902,0.000144365266796005,0.00713091628762116,0.00478854964330826,1750,"tags=32%, list=13%, signal=28%","2181/6573/134/8402/23428/10434/84647/6520/1636/80763/2180/6812/2806/9673/6583/25874/118980/117247/6567/8529/6582/22925/124935/9075/8501/6555/4036/6505/8604/9194/159963/1579/6519/788/1468/2348/1497/3993/123096/5997/9356/634/5243/94097/9058/9963/9122/57393/368/55867/5465/9121/11001/5825/11136/846/65010/9376/387700/59272/18/51660/2168/220963/115111/153201/213/64849",0.518848077743792
"GO:0046942","carboxylic acid transport",215,-0.560120395299353,-1.71517758518902,0.000144365266796005,0.00713091628762116,0.00478854964330826,1750,"tags=32%, list=13%, signal=28%","2181/6573/134/8402/23428/10434/84647/6520/1636/80763/2180/6812/2806/9673/6583/25874/118980/117247/6567/8529/6582/22925/124935/9075/8501/6555/4036/6505/8604/9194/159963/1579/6519/788/1468/2348/1497/3993/123096/5997/9356/634/5243/94097/9058/9963/9122/57393/368/55867/5465/9121/11001/5825/11136/846/65010/9376/387700/59272/18/51660/2168/220963/115111/153201/213/64849",0.518848077743792
"GO:0050830","defense response to Gram-positive bacterium",39,0.623836568689772,1.71428538693507,0.00863283832367507,0.104121501419893,0.0699196230013909,1892,"tags=36%, list=14%, signal=31%","133/2634/567/3133/4069/3140/6039/7097/5919/3606/115361/219972/4615/837",0.380730400722792
"GO:0032816","positive regulation of natural killer cell activation",9,0.860125421533458,1.71425667848539,0.00255160338443644,0.0491748350613686,0.033021862744572,1173,"tags=56%, list=9%, signal=51%","2214/3133/7305/3606/558",0.431707695803346
"GO:0001569","branching involved in blood vessel morphogenesis",17,0.743715934548999,1.71417632834032,0.0137080412245271,0.132308483280411,0.0888477321657668,1536,"tags=35%, list=11%, signal=31%","7422/54567/1282/1909/8829/441478",0.380730400722792
"GO:0002832","negative regulation of response to biotic stimulus",98,0.539061933935104,1.71416604763518,0.000432852671215492,0.0157056049469424,0.0105466206491831,1403,"tags=29%, list=10%, signal=26%","140885/3133/84166/3134/4938/9111/25939/56833/9140/7128/5272/4940/9636/3635/6737/409/10212/3428/29126/11277/2896/2/7534/54625/6773/10906/114769/5817",0.49849310876659
"GO:0045590","negative regulation of regulatory T cell differentiation",16,0.743911025543436,1.71143801604671,0.0110398386570302,0.1173456991429,0.0787999302067174,2461,"tags=50%, list=18%, signal=41%","5699/5696/5698/5683/5682/3659/5688/4192",0.380730400722792
"GO:0002706","regulation of lymphocyte mediated immunity",103,0.530859884220634,1.71136108175563,0.000391099472510212,0.0147364275603527,0.00989579909390657,1850,"tags=30%, list=14%, signal=26%","121260/567/3133/3134/5788/912/3071/54209/441168/3140/5272/56253/3635/409/51571/10865/29126/7454/3606/2213/5817/114548/11006/114836/7037/7040/7186/7532/196/84787/3077",0.49849310876659
"GO:0009798","axis specification",38,-0.703498442302051,-1.71012985526002,0.0104184236298648,0.115378721723629,0.0774790664299549,701,"tags=21%, list=5%, signal=20%","4091/3975/23242/6926/79971/7490/3234/6422",0.380730400722792
"GO:0006104","succinyl-CoA metabolic process",13,-0.839750070866526,-1.70949540811639,0.0160199287737487,0.144203891779625,0.0968357314394084,1257,"tags=69%, list=9%, signal=63%","122970/1738/5095/84693/1743/4594/8802/8801/8803",0.352487857583619
"GO:0046902","regulation of mitochondrial membrane permeability",41,0.618616590834727,1.70913719567489,0.00716616216365855,0.0975062527731133,0.0654773542563599,8,"tags=5%, list=0%, signal=5%","3099/8996",0.407017918923954
"GO:0050854","regulation of antigen receptor-mediated signaling pathway",51,0.600572453278365,1.70895709458993,0.00183939179464454,0.0400442406256319,0.026890490146027,2521,"tags=47%, list=19%, signal=38%","11314/3958/4690/5788/7805/26191/867/9404/5583/1445/4067/942/29126/4068/2213/9840/29085/11006/8525/150372/25865/115352/975/5777",0.45505986738723
"GO:0008630","intrinsic apoptotic signaling pathway in response to DNA damage",78,0.53889912763722,1.70869369196314,0.00334620052794349,0.0612740395739933,0.0411467150239094,2349,"tags=31%, list=17%, signal=26%","64782/23612/330/8717/8445/581/7188/6188/5371/3428/2956/57007/6154/54541/960/7186/7132/7133/51065/29108/578/1396/9641/25946",0.431707695803346
"GO:2001244","positive regulation of intrinsic apoptotic signaling pathway",47,0.585022939778267,1.70825792699807,0.00701184977777212,0.0966419607360132,0.064896965262991,2324,"tags=30%, list=17%, signal=25%","857/4690/27113/581/6188/26471/4487/1687/6154/6280/6878/6477/637/4609",0.407017918923954
"GO:0072539","T-helper 17 cell differentiation",42,0.60316017901295,1.70712456806694,0.00505178327912156,0.0777623364493528,0.0522189285988079,2239,"tags=26%, list=17%, signal=22%","5699/5696/84695/5698/5683/3956/114836/5682/3716/10538/5688",0.407017918923954
"GO:0000038","very long-chain fatty acid metabolic process",27,-0.726846005604606,-1.70674126041363,0.0183829539664758,0.155836743520498,0.1046474187188,1740,"tags=52%, list=13%, signal=45%","30/2180/10965/23305/122970/8529/9524/23205/8309/641371/51495/66002/51/5825",0.352487857583619
"GO:0009410","response to xenobiotic stimulus",235,-0.553644352717514,-1.70611711301543,0.00024608510424894,0.0102587818636544,0.00688897250403248,1782,"tags=29%, list=13%, signal=26%","3158/3320/6573/30/7345/5447/2938/10858/54658/2180/2946/5727/57412/1848/134147/3690/4862/1576/7364/5019/8529/27233/2939/54600/5950/9/873/211/3485/27284/847/6609/4780/348158/6569/2329/3172/5243/210/670/66002/1429/4535/368/5446/116085/2052/56603/5071/5825/55347/4860/79762/7172/4519/18/9915/217/316/10249/6422/65266/1393/2947/445/3291/2625/2203/7021",0.49849310876659
"GO:0002551","mast cell chemotaxis",10,0.825665264008239,1.70607890241511,0.00574910237656427,0.0853364236602142,0.0573050761777546,1392,"tags=50%, list=10%, signal=45%","7422/7424/7423/5880/5228",0.407017918923954
"GO:0097531","mast cell migration",10,0.825665264008239,1.70607890241511,0.00574910237656427,0.0853364236602142,0.0573050761777546,1392,"tags=50%, list=10%, signal=45%","7422/7424/7423/5880/5228",0.407017918923954
"GO:0045807","positive regulation of endocytosis",115,0.517815029280706,1.70456853856501,0.000544143867742777,0.0191428351955785,0.0128547879333297,1176,"tags=26%, list=9%, signal=24%","140885/7422/11031/567/10960/57118/302/64581/8862/5873/5788/3561/3071/54209/3601/967/867/22871/718/7018/409/2212/636/977/1794/5648/29904/2209/558/116985",0.477270815362862
"GO:0016101","diterpenoid metabolic process",53,-0.659298137312542,-1.70425185458729,0.020664279867588,0.16764779388933,0.112578769859319,1786,"tags=45%, list=13%, signal=39%","64577/54658/59342/51109/3949/224/317749/1576/10901/4036/54600/5950/8228/157506/130/4023/55825/56603/84649/8854/145226/55937/1056/125",0.352487857583619
"GO:0050855","regulation of B cell receptor signaling pathway",13,0.772529154130955,1.7036690594282,0.00859921148464595,0.104004454952158,0.0698410240109225,2521,"tags=77%, list=19%, signal=63%","11314/26191/9404/5583/4067/2213/150372/115352/975/5777",0.380730400722792
"GO:0042939","tripeptide transport",11,-0.846437865007046,-1.70360805424287,0.016598443232437,0.147134577305032,0.0988037440427395,549,"tags=27%, list=4%, signal=26%","51629/6565/64849",0.352487857583619
"GO:0002703","regulation of leukocyte mediated immunity",145,0.494580898138816,1.7033354770287,0.000252984529427736,0.0103989025452883,0.0069830662800628,1850,"tags=30%, list=14%, signal=26%","121260/11314/567/3133/3134/6688/3689/64581/8832/5788/912/3071/54209/441168/3140/5272/7305/9846/56253/3635/409/4067/6810/51571/10865/29126/7454/3606/57102/2242/5880/2213/5817/114548/11006/114836/7037/1524/7040/7186/7532/196/84787/3077",0.49849310876659
"GO:0034440","lipid oxidation",87,-0.621271082692486,-1.70319697951989,0.00284844232211444,0.0534924727456508,0.0359212408271468,1740,"tags=36%, list=13%, signal=31%","30/5447/34/3667/54677/254013/27349/5264/8529/549/1384/2110/2108/10994/8309/6342/26061/38/55862/2639/440503/5465/11001/51/5825/1962/84649/10455/51179/1892/4051",0.431707695803346
"GO:0110095","cellular detoxification of aldehyde",11,-0.844265445693242,-1.69923567064191,0.0170890971931313,0.148630297014287,0.0998081490576566,803,"tags=45%, list=6%, signal=43%","10327/25953/3029/145226/217",0.352487857583619
"GO:0048536","spleen development",10,-0.876341698593115,-1.69901279231192,0.00779196753617803,0.100258773493247,0.0673257257111581,19,"tags=10%, list=0%, signal=10%","6943",0.407017918923954
"GO:0071383","cellular response to steroid hormone stimulus",165,-0.573276301377412,-1.69827373835935,0.000996713517388583,0.0268183548408298,0.0180090493742159,1009,"tags=14%, list=7%, signal=13%","54600/5245/84830/2104/678/55325/9131/6340/5465/6752/6337/4537/7421/358/55885/5105/6422/476/2103/445/5106/6943/6338",0.45505986738723
"GO:0071466","cellular response to xenobiotic stimulus",108,-0.602228677855,-1.69808018958166,0.00150579066325769,0.0358341599944482,0.0240633387265452,1950,"tags=40%, list=14%, signal=34%","5138/7410/2327/2330/30/7345/2938/10858/54658/2180/2946/57412/134147/3690/1576/7364/8529/27233/2939/54600/9/873/27284/348158/2329/3172/5243/670/66002/1429/5446/2052/56603/55347/7172/9915/217/316/10249/65266/1393/2947/2203",0.45505986738723
"GO:0002719","negative regulation of cytokine production involved in immune response",13,0.769621629172265,1.69725705505899,0.00897512963494693,0.106362524181891,0.0714245135813352,2802,"tags=77%, list=21%, signal=61%","3134/7043/11006/7040/3077/684/3718/7042/11213/79004",0.380730400722792
"GO:0060042","retina morphogenesis in camera-type eye",26,-0.724736656849842,-1.69723136000176,0.0177684478049405,0.152917915369605,0.102687368574178,151,"tags=12%, list=1%, signal=11%","7020/7021/793",0.352487857583619
"GO:0006570","tyrosine metabolic process",9,-0.895830777224324,-1.69722262892144,0.00500242141291848,0.0777623364493528,0.0522189285988079,685,"tags=44%, list=5%, signal=42%","5053/3081/389434/3242",0.407017918923954
"GO:0001774","microglial cell activation",30,0.653359987046164,1.6971677689878,0.00991334186036502,0.112058891260049,0.0752497353957629,2451,"tags=53%, list=18%, signal=44%","3689/5788/54209/23208/7305/9572/712/728/2896/3460/1524/6376/51063/3459/7096/3556",0.380730400722792
"GO:0002269","leukocyte activation involved in inflammatory response",30,0.653359987046164,1.6971677689878,0.00991334186036502,0.112058891260049,0.0752497353957629,2451,"tags=53%, list=18%, signal=44%","3689/5788/54209/23208/7305/9572/712/728/2896/3460/1524/6376/51063/3459/7096/3556",0.380730400722792
"GO:0042462","eye photoreceptor cell development",14,0.759637997950651,1.69691043359942,0.00910911650274741,0.106787178426398,0.0717096772053411,46,"tags=14%, list=0%, signal=14%","7422/112724",0.380730400722792
"GO:2000045","regulation of G1/S transition of mitotic cell cycle",130,0.505921963142647,1.69625120767763,0.000432171340865155,0.0157056049469424,0.0105466206491831,2678,"tags=30%, list=20%, signal=24%","1030/6241/10457/1956/1026/60/3275/595/1029/91607/1017/5683/6602/5310/23236/2273/990/6604/5925/25959/5682/6240/123879/8525/196528/79027/51065/5933/6118/5688/894/6598/1031/55904/207/28984/5777/134353/5720",0.49849310876659
"GO:1905517","macrophage migration",39,0.617192282474864,1.6960270748442,0.0113075570074683,0.117526230421751,0.0789211604885045,2811,"tags=56%, list=21%, signal=45%","3958/6352/4345/23603/56833/54209/51192/131450/928/728/5919/719/1524/6376/5025/1435/4192/1240/975/1436/4323/729230",0.380730400722792
"GO:0010884","positive regulation of lipid storage",16,0.737182725516199,1.69595892237207,0.0129937452335972,0.12729539080514,0.0854813426000948,906,"tags=44%, list=7%, signal=41%","29923/4481/123/948/718/10226/949",0.380730400722792
"GO:0046688","response to copper ion",24,-0.760260783642557,-1.69595743354343,0.0146782243308148,0.136733126175165,0.0918189663383266,1735,"tags=38%, list=13%, signal=33%","4502/84557/1616/4494/4495/4512/358/4519/359",0.380730400722792
"GO:0002705","positive regulation of leukocyte mediated immunity",84,0.54210442881902,1.69589386703008,0.00128774109674591,0.0318039586834978,0.0213569797858978,1799,"tags=27%, list=13%, signal=24%","567/3133/3134/6688/3689/64581/912/54209/3140/7305/56253/6810/51571/10865/3606/5817/114548/114836/7037/7040/7186/7532/84787",0.45505986738723
"GO:0032612","interleukin-1 production",74,0.550649471916816,1.69544785943544,0.00154276952789812,0.0360304496489442,0.0241951510655364,2149,"tags=42%, list=16%, signal=35%","140885/1992/834/64581/3603/301/948/54209/5027/7128/115362/7099/7305/10392/409/3098/5371/3428/114769/8841/114548/11006/2000/1524/6376/4615/22861/24145/22900/29108/28964",0.45505986738723
"GO:0032652","regulation of interleukin-1 production",74,0.550649471916816,1.69544785943544,0.00154276952789812,0.0360304496489442,0.0241951510655364,2149,"tags=42%, list=16%, signal=35%","140885/1992/834/64581/3603/301/948/54209/5027/7128/115362/7099/7305/10392/409/3098/5371/3428/114769/8841/114548/11006/2000/1524/6376/4615/22861/24145/22900/29108/28964",0.45505986738723
"GO:0031342","negative regulation of cell killing",24,0.656661154290578,1.69543860929394,0.0124399147645069,0.124692886910188,0.083733710375115,1724,"tags=46%, list=13%, signal=40%","3133/3134/5788/3071/5272/3635/409/2213/5817/1524/7040",0.380730400722792
"GO:0000727","double-strand break repair via break-induced replication",11,0.807712883812407,1.69471007175414,0.00647643498939214,0.092399235115648,0.0620478920953081,998,"tags=45%, list=7%, signal=42%","4174/4175/4171/4176/8317",0.407017918923954
"GO:0071280","cellular response to copper ion",13,-0.832202017045161,-1.6941296894395,0.0194415630948446,0.160954236438728,0.108083915222168,1735,"tags=54%, list=13%, signal=47%","4502/84557/1616/4494/4495/358/359",0.352487857583619
"GO:0035136","forelimb morphogenesis",8,-0.918421088002724,-1.69405425017688,0.00387811214551504,0.0671229340586362,0.0450743619725637,310,"tags=38%, list=2%, signal=37%","6926/7020/7021",0.431707695803346
"GO:0070230","positive regulation of lymphocyte apoptotic process",10,0.819583270608971,1.6935116296044,0.00703687635165255,0.0966419607360132,0.064896965262991,1611,"tags=60%, list=12%, signal=53%","6352/27113/29126/96459/27166/64065",0.407017918923954
"GO:0072224","metanephric glomerulus development",12,-0.854445497572146,-1.69318095192046,0.00846529843843336,0.103861087298867,0.0697447498299699,550,"tags=42%, list=4%, signal=40%","3975/358/7490/6943/7827",0.380730400722792
"GO:0071472","cellular response to salt stress",13,-0.831723492923291,-1.69315554865953,0.0194415630948446,0.160954236438728,0.108083915222168,174,"tags=23%, list=1%, signal=23%","358/80303/2203",0.352487857583619
"GO:0003407","neural retina development",35,-0.685376013939339,-1.69287475577131,0.0188718657463119,0.157793494817669,0.105961415454728,550,"tags=14%, list=4%, signal=14%","3975/2823/7020/7021/793",0.352487857583619
"GO:0016202","regulation of striated muscle tissue development",13,0.767388516499116,1.69233234128331,0.0094450275234561,0.108576880094534,0.0729114968507995,1724,"tags=46%, list=13%, signal=40%","4208/136319/22933/4666/57496/7040",0.380730400722792
"GO:0032735","positive regulation of interleukin-12 production",17,0.733850772810622,1.6914383097749,0.0164286726952615,0.146536780125565,0.0984023115542556,1158,"tags=41%, list=9%, signal=38%","7098/64581/3603/7805/7099/7097/23236",0.352487857583619
"GO:0019646","aerobic electron transport chain",80,-0.614457552480466,-1.691126804454,0.00376065800181736,0.0657920146061406,0.0441806235506749,2163,"tags=45%, list=16%, signal=38%","4719/1537/6622/65018/4720/4729/4707/23479/7386/4728/4709/4697/51103/4715/4704/6391/4723/4512/4722/1329/7385/7384/4705/4536/7388/6390/4539/4538/4535/4540/4513/4541/6392/4514/4537/4519",0.431707695803346
"GO:0045980","negative regulation of nucleotide metabolic process",19,-0.766563875089842,-1.69050964745505,0.0228107059178437,0.175995729238844,0.118184571586324,458,"tags=21%, list=3%, signal=20%","55022/5465/229/2203",0.352487857583619
"GO:1900543","negative regulation of purine nucleotide metabolic process",19,-0.766563875089842,-1.69050964745505,0.0228107059178437,0.175995729238844,0.118184571586324,458,"tags=21%, list=3%, signal=20%","55022/5465/229/2203",0.352487857583619
"GO:0072078","nephron tubule morphogenesis",37,-0.703430088483074,-1.69048849656681,0.0143271649962086,0.1360502033081,0.0913603702870493,694,"tags=27%, list=5%, signal=26%","7849/3975/9953/153572/7490/2246/65266/2625/2719/6943",0.380730400722792
"GO:0043371","negative regulation of CD4-positive, alpha-beta T cell differentiation",15,0.734002804315685,1.69011671027675,0.0157483743749033,0.142813719065623,0.0959022032944595,1695,"tags=40%, list=13%, signal=35%","301/864/865/84695/3956/861",0.352487857583619
"GO:0060041","retina development in camera-type eye",67,-0.625682495053516,-1.68816010875049,0.00472341499226344,0.0750384684446608,0.0503897980023754,1442,"tags=22%, list=11%, signal=20%","23554/5156/5076/148398/5663/6505/5950/149461/221322/3975/93/2823/7020/7021/793",0.407017918923954
"GO:0090174","organelle membrane fusion",105,0.508779124498087,1.68784343062026,0.000861478794079386,0.0248224134882286,0.0166687357501934,1834,"tags=23%, list=14%, signal=20%","858/302/301/23208/8448/57586/338382/10282/27072/6810/54809/8411/25923/21/8676/2054/143425/128866/84286/662/9341/5305/10228/80124",0.477270815362862
"GO:0006833","water transport",13,-0.828984322465322,-1.68757936655202,0.0203747386728225,0.166337102665071,0.111698615088001,174,"tags=15%, list=1%, signal=15%","358/359",0.352487857583619
"GO:0006749","glutathione metabolic process",39,-0.697485553021123,-1.68737752197306,0.0175884375155701,0.151883987218057,0.101993065614838,2463,"tags=44%, list=18%, signal=36%","6647/26873/124975/2954/6622/25974/2938/2946/2939/6505/9027/2678/4780/1497/1800/3029/2947",0.352487857583619
"GO:0045058","T cell selection",49,0.582980482076422,1.68670801742416,0.00749632571650849,0.099690956021803,0.0669444251824914,3415,"tags=47%, list=25%, signal=35%","5699/3714/912/84695/5698/916/5683/3956/114836/5682/3716/10538/5688/917/387/3718/920/6693/972/7535/6046/5771/969",0.407017918923954
"GO:0044839","cell cycle G2/M phase transition",118,0.505275881213632,1.68636753945871,0.000550785659865366,0.0191428351955785,0.0128547879333297,2911,"tags=36%, list=22%, signal=28%","9833/1026/4869/51360/6790/57099/595/9555/1017/890/8317/891/55743/10657/23236/7319/2273/990/6604/26271/10270/4683/51720/10111/29933/6240/994/9344/6873/29980/580/3364/51149/1063/55920/5889/4361/545/1111/8766/60561/50484",0.477270815362862
"GO:0006560","L-proline metabolic process",8,-0.913804117041364,-1.68553811375297,0.00478213226498428,0.0755628318644559,0.0507419182861575,597,"tags=50%, list=4%, signal=48%","4942/58510/8659/1610",0.407017918923954
"GO:0050864","regulation of B cell activation",80,0.53797036898799,1.68516942160949,0.00188340195610906,0.0403977226765754,0.0271278602511703,2815,"tags=50%, list=21%, signal=40%","121260/4208/11314/6688/939/10673/4332/5788/56833/3071/1029/7128/7805/7305/3635/64092/4067/7293/2213/7494/9473/65992/952/8660/7037/7040/196/84787/150372/51293/115352/3574/975/22806/10459/23529/4323/112441434/972/3624",0.45505986738723
"GO:0019883","antigen processing and presentation of endogenous antigen",15,0.731837714493588,1.68513136898642,0.0166586751713041,0.147134577305032,0.0988037440427395,314,"tags=33%, list=2%, signal=33%","567/3133/3134/6890/912",0.352487857583619
"GO:0061045","negative regulation of wound healing",51,-0.666686538211945,-1.68493585136161,0.00993672909312619,0.112107665277151,0.0752824881014147,852,"tags=18%, list=6%, signal=17%","84830/3273/634/2160/350/7103/5624/5340/3827",0.380730400722792
"GO:0051918","negative regulation of fibrinolysis",10,-0.869059298073311,-1.68489399406033,0.0100503266176524,0.112224315242651,0.0753608208328837,1056,"tags=40%, list=8%, signal=37%","5327/3273/350/5340",0.380730400722792
"GO:0060674","placenta blood vessel development",8,0.869880876357959,1.6844574942432,0.00440123328469075,0.0722638247134419,0.0485265705132938,1152,"tags=62%, list=9%, signal=57%","23462/10959/23493/3516/5310",0.407017918923954
"GO:0031295","T cell costimulation",28,0.649785865479429,1.68381285863121,0.00945753021578792,0.108576880094534,0.0729114968507995,2744,"tags=54%, list=20%, signal=43%","857/1445/100133941/4067/942/29126/7409/11006/11148/8740/975/207/5777/3932/1326",0.380730400722792
"GO:0097401","synaptic vesicle lumen acidification",17,-0.774227708066015,-1.68328933935153,0.0304308225240268,0.202573470890407,0.136032044501756,1045,"tags=35%, list=8%, signal=33%","51606/526/127124/523/525/50617",0.352487857583619
"GO:0160165","CD8-positive, alpha-beta T cell homeostasis",14,0.7535282282857,1.68326218019541,0.0111646933765135,0.117526230421751,0.0789211604885045,1624,"tags=36%, list=12%, signal=31%","5699/5696/5698/5683/5682",0.380730400722792
"GO:0032621","interleukin-18 production",6,0.914656591327964,1.68287392140947,0.0018968648279576,0.0403977226765754,0.0271278602511703,746,"tags=67%, list=6%, signal=63%","834/8832/115362/7097",0.45505986738723
"GO:0032661","regulation of interleukin-18 production",6,0.914656591327964,1.68287392140947,0.0018968648279576,0.0403977226765754,0.0271278602511703,746,"tags=67%, list=6%, signal=63%","834/8832/115362/7097",0.45505986738723
"GO:0072028","nephron morphogenesis",39,-0.695414472311529,-1.68236710273151,0.0187140742266939,0.156697048866819,0.1052251305714,694,"tags=26%, list=5%, signal=24%","7849/3975/9953/153572/7490/2246/65266/2625/2719/6943",0.352487857583619
"GO:0072088","nephron epithelium morphogenesis",39,-0.695414472311529,-1.68236710273151,0.0187140742266939,0.156697048866819,0.1052251305714,694,"tags=26%, list=5%, signal=24%","7849/3975/9953/153572/7490/2246/65266/2625/2719/6943",0.352487857583619
"GO:0001778","plasma membrane repair",26,0.672445312132589,1.68222523953672,0.0102505414562963,0.113899211115519,0.0764855461432236,1444,"tags=27%, list=11%, signal=24%","6281/26509/302/23208/79026/128866/4627",0.380730400722792
"GO:0042129","regulation of T cell proliferation",99,0.519212549032655,1.68217477315587,0.00111051482218425,0.0290115827768845,0.0194818447945071,2013,"tags=35%, list=15%, signal=30%","10457/3133/3958/6352/6541/4690/301/5788/912/3071/80381/923/1029/7805/56253/10385/100133941/942/2494/916/29126/8744/283234/3606/9231/5880/64115/11006/3659/11148/7037/3600/23240/7412/7133",0.45505986738723
"GO:1903035","negative regulation of response to wounding",64,-0.635845164786157,-1.68154143244977,0.00781625586337072,0.100258773493247,0.0673257257111581,1395,"tags=22%, list=10%, signal=20%","6696/5156/83999/5327/84830/3273/2043/634/2160/350/7103/5624/5340/3827",0.380730400722792
"GO:0009070","serine family amino acid biosynthetic process",9,-0.887494791564773,-1.68142944135136,0.00656836204970718,0.0928096926158145,0.0623235223280493,839,"tags=78%, list=6%, signal=73%","29968/2678/6470/64902/26227/1491/189",0.407017918923954
"GO:0060099","regulation of phagocytosis, engulfment",13,0.762196953746168,1.68088331727563,0.0112059696033973,0.117526230421751,0.0789211604885045,632,"tags=38%, list=5%, signal=37%","11031/11314/3071/54209/718",0.380730400722792
"GO:1905153","regulation of membrane invagination",13,0.762196953746168,1.68088331727563,0.0112059696033973,0.117526230421751,0.0789211604885045,632,"tags=38%, list=5%, signal=37%","11031/11314/3071/54209/718",0.380730400722792
"GO:0030889","negative regulation of B cell proliferation",9,0.843251329601132,1.68062608919669,0.00425263917238999,0.071399415475314,0.0479461028171443,1365,"tags=67%, list=10%, signal=60%","11314/4332/1029/7305/4067/2213",0.407017918923954
"GO:0009651","response to salt stress",15,-0.796628465865012,-1.68024239982267,0.0266793858947968,0.191245646694653,0.128425189179922,174,"tags=20%, list=1%, signal=20%","358/80303/2203",0.352487857583619
"GO:0000097","sulfur amino acid biosynthetic process",14,-0.794627484528737,-1.67969011903832,0.0252107113985124,0.184085169690007,0.123616788937441,1181,"tags=36%, list=9%, signal=33%","4522/2678/635/23743/1491",0.352487857583619
"GO:0009111","vitamin catabolic process",10,-0.866008288469509,-1.67897883065473,0.011336742539832,0.117526230421751,0.0789211604885045,1238,"tags=70%, list=9%, signal=64%","1576/8529/1594/66002/56603/1591/4051",0.380730400722792
"GO:0031294","lymphocyte costimulation",29,0.653667552186275,1.67891325185574,0.00662449404041219,0.0933783596391915,0.0627053933474413,2744,"tags=55%, list=20%, signal=44%","857/1445/100133941/4067/942/29126/7409/11006/11148/51293/8740/975/207/5777/3932/1326",0.407017918923954
"GO:0070227","lymphocyte apoptotic process",42,0.593099965595481,1.67865114080411,0.00742201369234932,0.0996041015607975,0.06688610071457,1671,"tags=33%, list=12%, signal=29%","3958/6352/355/27113/581/356/4067/29126/55716/96459/27166/604/64065/8660",0.407017918923954
"GO:0060263","regulation of respiratory burst",12,0.777122354178653,1.67838666859697,0.0116283070249731,0.119119447661806,0.0799910370007026,2110,"tags=67%, list=16%, signal=56%","57118/64581/56833/653361/2896/5880/6280/6223",0.380730400722792
"GO:0048260","positive regulation of receptor-mediated endocytosis",42,0.592798208015864,1.67779707616973,0.00754269420435034,0.0998557579575931,0.0670550929030218,870,"tags=24%, list=6%, signal=22%","7422/567/302/8862/967/867/718/7018/409/636",0.407017918923954
"GO:0010804","negative regulation of tumor necrosis factor-mediated signaling pathway",20,0.71785861635375,1.67739795249039,0.0077095877315064,0.100015657414214,0.0671624685129833,1465,"tags=25%, list=11%, signal=22%","8996/307/10010/114769/83643",0.407017918923954
"GO:0061760","antifungal innate immune response",11,0.799396021997553,1.67725997312937,0.00790569658344372,0.100590862096828,0.0675487296983156,1709,"tags=64%, list=13%, signal=56%","6688/64581/50856/2597/5919/64170/1524",0.380730400722792
"GO:0015986","proton motive force-driven ATP synthesis",72,-0.639967204893175,-1.67712015238134,0.00429969729819513,0.071399415475314,0.0479461028171443,2168,"tags=39%, list=16%, signal=33%","498/4719/9605/4720/4729/4707/4728/4709/4715/4704/6391/522/516/4723/515/518/4722/4705/4536/6390/4539/4538/4535/4540/4541/6392/4508/4537",0.407017918923954
"GO:0010842","retina layer formation",14,-0.792654540941499,-1.67551969464019,0.0261741652875144,0.188543803382365,0.126610848594858,550,"tags=29%, list=4%, signal=27%","3975/7020/7021/793",0.352487857583619
"GO:0032941","secretion by tissue",15,-0.794134487765868,-1.67498212112819,0.0285737587840745,0.195345049924036,0.131178018561179,174,"tags=27%, list=1%, signal=26%","358/1056/5731/83697",0.352487857583619
"GO:1902751","positive regulation of cell cycle G2/M phase transition",21,0.689665479988702,1.6746674957805,0.0137370934039537,0.132371532833507,0.0888900711728192,2911,"tags=57%, list=22%, signal=45%","4869/595/8317/891/6604/26271/6240/994/55920/5889/8766/50484",0.380730400722792
"GO:0072348","sulfur compound transport",54,-0.642135286824443,-1.674613035772,0.0108932974043001,0.116631697891577,0.0783204644130606,1123,"tags=24%, list=8%, signal=22%","6582/124935/6505/284439/6519/1468/51629/6561/1497/11136/65010/115111/64849",0.380730400722792
"GO:0002715","regulation of natural killer cell mediated immunity",28,0.646199498089545,1.67451937927489,0.0107255665481735,0.115466813498468,0.0775382217782958,1724,"tags=39%, list=13%, signal=34%","567/3133/3134/441168/5272/56253/3635/409/5817/114836/7040",0.380730400722792
"GO:0097006","regulation of plasma lipoprotein particle levels",57,0.556032762384374,1.67353935125278,0.0101387122619483,0.112869982340402,0.0757943989069942,686,"tags=25%, list=5%, signal=23%","3988/5046/9619/4481/341/7436/302/19/6646/948/54209/51129/1445/3162",0.380730400722792
"GO:0046629","gamma-delta T cell activation",13,0.758476047293869,1.67267755162664,0.0128729378535965,0.12680647054866,0.0851530230931279,2526,"tags=69%, list=19%, signal=56%","3714/919/3071/6932/916/3702/51176/917/120425",0.380730400722792
"GO:0002262","myeloid cell homeostasis",97,0.511748166787721,1.67259005075563,0.000823411151080697,0.0242721901975453,0.0162992500577425,866,"tags=15%, list=6%, signal=15%","7422/121260/79876/3059/6688/301/3071/23306/10019/9636/9935/3162/4067/2113/440712",0.477270815362862
"GO:0005977","glycogen metabolic process",60,0.555357819640261,1.67218966176835,0.0050800845860074,0.0777623364493528,0.0522189285988079,1113,"tags=22%, list=8%, signal=20%","5507/5836/8445/10580/9140/5255/79660/5501/2992/9572/648791/5500/5256",0.407017918923954
"GO:0044042","glucan metabolic process",60,0.555357819640261,1.67218966176835,0.0050800845860074,0.0777623364493528,0.0522189285988079,1113,"tags=22%, list=8%, signal=20%","5507/5836/8445/10580/9140/5255/79660/5501/2992/9572/648791/5500/5256",0.407017918923954
"GO:0019751","polyol metabolic process",79,-0.619876623218245,-1.67216130572017,0.00549597809858288,0.0826224022083636,0.0554825577339817,1238,"tags=25%, list=9%, signal=23%","1576/653308/26007/27124/3707/6652/2710/6342/56848/1593/1594/2643/81537/1591/84649/11163/55586/5105/5106/5745",0.407017918923954
"GO:0002429","immune response-activating cell surface receptor signaling pathway",235,0.460955161235833,1.67188744731787,5.43202732505332e-05,0.00362834734280266,0.0024365061477916,1866,"tags=30%, list=14%, signal=26%","4208/11314/3958/3937/919/11118/4938/925/64581/4690/4332/2533/9111/5788/7462/3071/948/581/80381/54209/10384/7128/7805/7099/7305/26191/867/11119/3635/9404/718/5583/1445/10385/338382/7097/51135/4067/23180/23643/942/9572/9976/11120/3055/5648/916/29126/10657/728/4068/7409/5062/2213/9840/3702/29085/2357/11006/2359/9473/10616/952/719/11148/3654/8525/353376/5338/4615",0.557332238758646
"GO:0035425","autocrine signaling",10,0.808989047025535,1.67162069858058,0.00988033646540585,0.112058891260049,0.0752497353957629,1817,"tags=50%, list=13%, signal=43%","29923/8321/6280/1524/6376",0.380730400722792
"GO:0072070","loop of Henle development",9,-0.882295312400297,-1.6715786146987,0.00769932297785182,0.100015657414214,0.0671624685129833,394,"tags=33%, list=3%, signal=32%","153572/358/7369",0.407017918923954
"GO:0048745","smooth muscle tissue development",16,-0.791461741680705,-1.67138746584153,0.0171265017924539,0.148630297014287,0.0998081490576566,579,"tags=12%, list=4%, signal=12%","64220/7021",0.352487857583619
"GO:0002407","dendritic cell chemotaxis",16,0.726168631771722,1.67061995292632,0.0170969651624379,0.148630297014287,0.0998081490576566,315,"tags=25%, list=2%, signal=24%","7852/6688/6352/56833",0.352487857583619
"GO:0034341","response to type II interferon",91,0.529188624158625,1.67021073990626,0.00103637929333446,0.0274442891964293,0.0184293765263441,2249,"tags=45%, list=17%, signal=38%","140885/2634/5699/84166/5696/6352/4345/834/115362/7099/356/83666/3394/6737/7097/6672/5698/2597/3055/1613/5683/29927/1906/51667/115361/54625/2635/58191/3460/5682/958/3659/3716/11140/4261/10410/684/6198/23521/5688/3459",0.45505986738723
"GO:0048872","homeostasis of number of cells",165,0.487111244922119,1.67013197756498,0.000177266063198194,0.00814200926776362,0.00546751833879239,1814,"tags=23%, list=13%, signal=20%","7422/121260/4208/79876/5699/3059/5696/6688/355/10673/301/3561/3071/55619/7128/23306/10019/9636/9935/3162/4856/4067/7846/2113/5698/440712/5683/64170/10162/4055/202309/5682/4846/55646/1524/55972/10320/836",0.518848077743792
"GO:0009948","anterior/posterior axis specification",19,-0.757099121352232,-1.66963694783515,0.0270404486936497,0.191696849525117,0.128728180698225,550,"tags=26%, list=4%, signal=25%","3975/6926/79971/7490/3234",0.352487857583619
"GO:0002755","MyD88-dependent toll-like receptor signaling pathway",14,0.746971122783819,1.66861464970013,0.012951008838949,0.127088530810254,0.0853424320709603,1866,"tags=57%, list=14%, signal=49%","11314/7099/51135/10318/3665/3659/3654/4615",0.380730400722792
"GO:0051453","regulation of intracellular pH",77,-0.616381781075312,-1.66807461767642,0.00758057305962137,0.100015657414214,0.0671624685129833,1280,"tags=19%, list=9%, signal=18%","389015/11261/6549/147007/51606/155066/526/523/525/65010/50617/245972/8671/83697/6521",0.407017918923954
"GO:0001912","positive regulation of leukocyte mediated cytotoxicity",27,0.660684144184823,1.66699471945509,0.00695768138806385,0.0962288263506807,0.0646195374495476,1552,"tags=37%, list=12%, signal=33%","3133/3134/6688/912/3140/7305/56253/51571/5817/114836",0.407017918923954
"GO:0034975","protein folding in endoplasmic reticulum",10,0.806724769427255,1.66694200322057,0.0100616220028712,0.112224315242651,0.0753608208328837,1828,"tags=60%, list=14%, signal=52%","5034/30001/821/2923/811/5611",0.380730400722792
"GO:1901861","regulation of muscle tissue development",14,0.74605360784297,1.66656506729337,0.0133082724604954,0.129468574353955,0.0869406778226361,1724,"tags=43%, list=13%, signal=37%","4208/136319/22933/4666/57496/7040",0.380730400722792
"GO:0002709","regulation of T cell mediated immunity",61,0.560779656994404,1.6665249948586,0.00424478718190139,0.071399415475314,0.0479461028171443,2013,"tags=34%, list=15%, signal=29%","567/3133/3134/5788/912/3071/3140/51571/10865/29126/7454/3606/2213/5817/114548/11006/7186/7532/196/3077/7133",0.407017918923954
"GO:0006766","vitamin metabolic process",28,-0.716983434953715,-1.66500289612306,0.0237361981426572,0.179103174175274,0.120271281588484,1831,"tags=46%, list=14%, signal=40%","80704/8566/55163/1576/8529/29968/157506/1593/1594/66002/56603/1591/4051",0.352487857583619
"GO:0003014","renal system process",97,-0.596612448238894,-1.66467864587365,0.00426637537504763,0.071399415475314,0.0479461028171443,1189,"tags=25%, list=9%, signal=23%","360/8529/1184/185/149461/10699/1579/5577/4881/9356/525/66002/10686/81693/116085/50617/5800/6565/358/1188/6559/65266/7827/359",0.407017918923954
"GO:0032623","interleukin-2 production",52,0.574029500103322,1.66436412942431,0.00469263373651306,0.0748616940921152,0.0502710905700223,2239,"tags=35%, list=17%, signal=29%","5699/5696/64581/301/5788/7128/7805/5698/942/947/5683/11006/5682/861/7186/5142/25865/5688",0.407017918923954
"GO:0032663","regulation of interleukin-2 production",52,0.574029500103322,1.66436412942431,0.00469263373651306,0.0748616940921152,0.0502710905700223,2239,"tags=35%, list=17%, signal=29%","5699/5696/64581/301/5788/7128/7805/5698/942/947/5683/11006/5682/861/7186/5142/25865/5688",0.407017918923954
"GO:0050870","positive regulation of T cell activation",171,0.475872191618932,1.66395066981123,0.00015175049247022,0.00737181317966905,0.00495031661405401,2552,"tags=36%, list=19%, signal=29%","140885/857/567/3133/6352/939/6541/4690/301/5788/912/3561/3071/864/80381/865/60/923/1445/100133941/4067/942/2494/51571/916/29126/6602/8744/283234/3606/7409/6604/9840/7494/64115/114548/11006/399/604/11148/7037/861/7040/7532/3600/196528/7412/23149/8477/29108/8740/3574/51176/6598/64926/7297/4192/975/207/5777/387",0.518848077743792
"GO:0032945","negative regulation of mononuclear cell proliferation",47,0.569794081183441,1.66378989566992,0.0099761534280949,0.112122045602948,0.0752921447712153,1494,"tags=34%, list=11%, signal=30%","10457/11314/3133/4332/1029/7805/7305/56253/10385/4067/942/29126/9231/2213/64115/11006",0.380730400722792
"GO:0050672","negative regulation of lymphocyte proliferation",47,0.569794081183441,1.66378989566992,0.0099761534280949,0.112122045602948,0.0752921447712153,1494,"tags=34%, list=11%, signal=30%","10457/11314/3133/4332/1029/7805/7305/56253/10385/4067/942/29126/9231/2213/64115/11006",0.380730400722792
"GO:0042044","fluid transport",18,-0.777261403420578,-1.66296187467048,0.0246677385083769,0.182156993658592,0.122321981050901,269,"tags=17%, list=2%, signal=16%","65010/358/359",0.352487857583619
"GO:0002577","regulation of antigen processing and presentation",14,0.744261940630281,1.66256276778366,0.0143800641466806,0.136112748879531,0.0914023708605639,2809,"tags=71%, list=21%, signal=57%","1520/54209/10392/55080/7454/2213/3077/29108/968/972",0.380730400722792
"GO:0002888","positive regulation of myeloid leukocyte mediated immunity",14,0.744042279297441,1.66207207931289,0.0145586962009578,0.136506707768952,0.0916669219537646,844,"tags=36%, list=6%, signal=34%","3133/6688/3689/7305/6810",0.380730400722792
"GO:0042773","ATP synthesis coupled electron transport",85,-0.606869845960099,-1.66055120944639,0.0111044760292623,0.117526230421751,0.0789211604885045,2163,"tags=44%, list=16%, signal=37%","4719/1537/6622/65018/4720/4729/4707/23479/7386/4728/4709/4697/51103/4715/4704/6391/4723/4512/4722/1329/7385/7384/27069/4705/4536/7388/6390/4539/4538/4535/4540/4513/4541/6392/4514/4537/4519",0.380730400722792
"GO:0042775","mitochondrial ATP synthesis coupled electron transport",85,-0.606869845960099,-1.66055120944639,0.0111044760292623,0.117526230421751,0.0789211604885045,2163,"tags=44%, list=16%, signal=37%","4719/1537/6622/65018/4720/4729/4707/23479/7386/4728/4709/4697/51103/4715/4704/6391/4723/4512/4722/1329/7385/7384/27069/4705/4536/7388/6390/4539/4538/4535/4540/4513/4541/6392/4514/4537/4519",0.380730400722792
"GO:0006885","regulation of pH",82,-0.612890279844927,-1.66029758602631,0.00573991443558414,0.0853364236602142,0.0573050761777546,1280,"tags=21%, list=9%, signal=19%","389015/11261/6549/147007/51606/155066/526/5164/51458/523/525/65010/50617/245972/8671/83697/6521",0.407017918923954
"GO:0150052","regulation of postsynapse assembly",35,0.60748047919092,1.6596655841099,0.00831544671702192,0.103118556545685,0.0692461259182766,1506,"tags=29%, list=11%, signal=25%","4131/9844/55619/84687/11178/391/9732/4038/9040/29801",0.380730400722792
"GO:0099509","regulation of presynaptic cytosolic calcium ion concentration",9,-0.87563695316146,-1.65896382375944,0.00951611237620953,0.109036468903235,0.073220119717372,6,"tags=11%, list=0%, signal=11%","793",0.380730400722792
"GO:0006721","terpenoid metabolic process",71,-0.619977828525856,-1.65892972679702,0.00932316600153256,0.107459960918274,0.0721614637965105,1786,"tags=39%, list=13%, signal=34%","64577/3158/54658/59342/51109/3949/224/317749/1576/10901/3422/4036/54600/5950/8228/157506/39/130/4023/2222/55825/56603/84649/8854/145226/55937/1056/125",0.380730400722792
"GO:0016188","synaptic vesicle maturation",22,-0.743397984248603,-1.65861598680288,0.0181342855763982,0.154483087852273,0.103738412483726,1552,"tags=36%, list=12%, signal=32%","6812/51201/51606/526/127124/523/525/50617",0.352487857583619
"GO:0060333","type II interferon-mediated signaling pathway",22,0.686344679701905,1.65811348101345,0.0110275793251331,0.1173456991429,0.0787999302067174,2431,"tags=55%, list=18%, signal=45%","84166/83666/6672/3055/54625/3460/3659/3716/11140/4261/3459/7297",0.380730400722792
"GO:0006779","porphyrin-containing compound biosynthetic process",27,-0.705962583115691,-1.6577039147508,0.0267522733967369,0.191258644595877,0.128433917524606,1335,"tags=33%, list=10%, signal=30%","10857/55316/1352/2235/211/51629/210/8803/213",0.352487857583619
"GO:0033014","tetrapyrrole biosynthetic process",27,-0.705962583115691,-1.6577039147508,0.0267522733967369,0.191258644595877,0.128433917524606,1335,"tags=33%, list=10%, signal=30%","10857/55316/1352/2235/211/51629/210/8803/213",0.352487857583619
"GO:0048485","sympathetic nervous system development",12,-0.836501450020621,-1.65762278045028,0.0132615478561802,0.129468574353955,0.0869406778226361,37,"tags=17%, list=0%, signal=17%","2625/7021",0.380730400722792
"GO:0001523","retinoid metabolic process",50,-0.6470858955218,-1.65725751244529,0.0147217128391099,0.136921246943494,0.0919452931106154,1786,"tags=44%, list=13%, signal=38%","64577/54658/59342/51109/3949/317749/1576/10901/4036/54600/5950/8228/157506/130/4023/56603/84649/8854/145226/55937/1056/125",0.380730400722792
"GO:0006720","isoprenoid metabolic process",80,-0.602124939367545,-1.65718465089103,0.0053146187065206,0.0803067577298923,0.0539275572131283,1786,"tags=36%, list=13%, signal=32%","64577/3158/54658/59342/51109/3949/224/317749/1576/10901/5264/3422/4036/54600/5950/8228/157506/39/130/4023/2222/55825/56603/84649/8854/145226/55937/1056/125",0.407017918923954
"GO:0002181","cytoplasmic translation",200,0.469541368208928,1.65709246247683,6.41814183262517e-05,0.00410063453175769,0.00275365622486312,3817,"tags=48%, list=28%, signal=35%","6157/6175/5315/8531/4869/132864/4690/6202/116832/8662/6137/6139/6189/6132/6143/6188/6171/3087/57409/6231/2597/221120/3646/6173/6193/6207/6181/6187/6168/6154/6164/65992/85451/11224/55139/6134/25873/22916/6223/6451/6233/6158/23521/8667/25946/6141/6122/1936/200916/1938/6203/23008/6206/6124/6142/6204/6167/6169/53918/28985/6133/6228/24140/80279/9349/6155/6230/6129/6224/6229/6147/6208/6160/221662/8893/8665/26986/6205/6170/10985/6130/7353/6217/6301/6232/2197/4736/6201/6161/1968/54956/6135/6176/10973/6156/1939",0.538434096309916
"GO:0042445","hormone metabolic process",129,-0.56387938384781,-1.65699034959351,0.00428390200471252,0.071399415475314,0.0479461028171443,1712,"tags=34%, list=13%, signal=30%","5447/5547/10858/54658/1601/1636/59342/51109/51170/6696/169026/1576/7364/10901/6567/290/54600/5950/8228/27284/2230/2690/157506/6342/4311/10699/654/130/7849/653/3091/1733/56603/84649/79154/59272/8854/145226/1056/1428/125/389434/2625/115111",0.407017918923954
"GO:0019627","urea metabolic process",8,-0.898255660535084,-1.65685853619074,0.00772492488364294,0.100015657414214,0.0671624685129833,924,"tags=50%, list=7%, signal=47%","2271/435/79814/445",0.407017918923954
"GO:0071941","nitrogen cycle metabolic process",8,-0.898255660535084,-1.65685853619074,0.00772492488364294,0.100015657414214,0.0671624685129833,924,"tags=50%, list=7%, signal=47%","2271/435/79814/445",0.407017918923954
"GO:0150079","negative regulation of neuroinflammatory response",12,0.767002388742211,1.65653011668612,0.0140048566981048,0.134011401531396,0.0899912750506406,2013,"tags=75%, list=15%, signal=64%","4345/5788/54209/23208/9572/131450/2896/6376/7133",0.380730400722792
"GO:0051900","regulation of mitochondrial depolarization",13,-0.813719358665153,-1.65650418546329,0.0269069861622877,0.191258644595877,0.128433917524606,21,"tags=8%, list=0%, signal=8%","213",0.352487857583619
"GO:0071548","response to dexamethasone",27,-0.705156564718149,-1.65581126507655,0.0270511783870545,0.191696849525117,0.128728180698225,174,"tags=15%, list=1%, signal=15%","358/5105/445/5106",0.352487857583619
"GO:0050856","regulation of T cell receptor signaling pathway",41,0.599059436648504,1.65510395415429,0.0121828522553591,0.122621242392125,0.0823425605960527,1494,"tags=34%, list=11%, signal=30%","11314/3958/4690/5788/7805/26191/867/1445/942/29126/4068/9840/29085/11006",0.380730400722792
"GO:0001911","negative regulation of leukocyte mediated cytotoxicity",21,0.681373615591177,1.65453292882177,0.0153183156949859,0.141495568892041,0.0950170396929053,1724,"tags=52%, list=13%, signal=46%","3133/3134/5788/3071/5272/3635/409/2213/5817/1524/7040",0.380730400722792
"GO:0043123","positive regulation of canonical NF-kappaB signal transduction",194,0.469201004922035,1.65415123653315,0.000129379613721234,0.00673002981817178,0.00451934654473574,2809,"tags=38%, list=21%, signal=31%","60401/857/10783/7422/10346/7098/330/834/64581/2280/11040/8717/948/2697/7188/7099/54503/1894/356/10135/3162/10392/7097/51135/51284/2597/3956/51246/64170/11214/114769/4055/8454/80833/51026/65992/10769/10616/23636/958/3654/7037/1524/7040/7186/6376/353376/3611/7132/4615/389/8795/684/29108/8740/29110/24138/347734/9641/148022/85363/3556/6398/387/3987/124583/286343/10758/92140/6275/11213/7185/23390/972",0.518848077743792
"GO:0032732","positive regulation of interleukin-1 production",45,0.583133594999575,1.6523288765489,0.00902605707141666,0.106536472822866,0.0715413234931467,2123,"tags=38%, list=16%, signal=32%","834/64581/3603/948/5027/115362/7099/7305/10392/3098/3428/114548/4615/22861/24145/22900/29108",0.380730400722792
"GO:1901988","negative regulation of cell cycle phase transition",203,0.462515277268633,1.65162433693366,8.02956720655777e-05,0.00476745414546935,0.00320143862681516,2666,"tags=33%, list=20%, signal=26%","1030/10457/1026/9735/83540/51360/81620/151636/675/57099/3275/595/9555/5984/440275/83666/91607/1017/5982/7114/699/4067/5985/9319/8317/1780/891/55743/83695/2273/990/323/197342/7517/5925/3014/26271/4683/25959/51720/10111/8454/8914/29933/123879/8525/55755/5983/79027/51065/1843/5933/9344/6118/51776/29980/580/3364/51149/1063/28984/4361/545/10459/10116/1111",0.538434096309916
"GO:0002697","regulation of immune effector process",226,0.451049421410991,1.65111094345534,7.63826513696117e-05,0.00462863118299564,0.00310821629456167,1799,"tags=29%, list=13%, signal=26%","121260/11314/567/3133/3958/3134/6688/3689/64581/301/8832/5788/912/56833/3071/54209/7043/441168/3140/5272/7805/7305/2821/9846/56253/3635/718/84695/409/144811/4067/6810/942/653361/51571/8140/3098/5648/10865/29126/7454/3956/2896/3606/57102/2590/2242/7293/2/5880/2213/5817/7494/114548/11006/3075/114836/6280/65992/7037/1524/7040/7186/7532/196/84787",0.538434096309916
"GO:0045088","regulation of innate immune response",369,0.439228344917764,1.65107301903578,1.73553127481048e-06,0.000237243089147349,0.000159313370693469,1739,"tags=24%, list=13%, signal=22%","2634/121260/4481/11314/1520/567/3133/84166/3134/7098/6688/1956/4938/6352/330/834/64581/4332/23151/9111/25939/912/56833/948/54209/441168/5027/9140/7128/5272/115362/7099/7305/51428/1452/26191/4940/9636/83666/56253/3635/718/338382/10392/6737/409/7097/51135/144811/8473/4067/51284/23180/23643/9572/10212/2664/80342/653361/3055/5648/3428/29126/11277/2896/2/5062/90268/51752/7534/10318/81926/2213/54625/6773/10906/5817/114548/3075/114836/6280/80196/3665/3659/55646/149628/3654/7040/7186",0.643551836150722
"GO:0048806","genitalia development",15,-0.78267485833814,-1.65081156223432,0.0345357737452532,0.217346122135544,0.145952168507897,1042,"tags=40%, list=8%, signal=37%","4036/5950/64220/3975/6926/7490",0.321775918075361
"GO:1901569","fatty acid derivative catabolic process",18,-0.771534721939856,-1.65070955784513,0.0279970872430858,0.19395420590354,0.1302440396208,1146,"tags=44%, list=8%, signal=41%","5019/8529/1579/38/66002/1800/3248/4051",0.352487857583619
"GO:0070633","transepithelial transport",31,-0.69078589966459,-1.65063365406609,0.0241026231568663,0.180358937192804,0.121114550995545,1701,"tags=45%, list=13%, signal=40%","1365/1186/389015/10768/6505/5587/149461/51458/5243/65010/57127/358/1188/6557",0.352487857583619
"GO:0072171","mesonephric tubule morphogenesis",32,-0.691559406089463,-1.65044007771549,0.0284857612776296,0.195229205133729,0.131100226520586,1297,"tags=34%, list=10%, signal=31%","7481/5076/6299/7849/3975/9953/7490/2246/2625/2719/6943",0.352487857583619
"GO:0033700","phospholipid efflux",7,0.875034174161295,1.65016761526362,0.00793209687033161,0.100701653139977,0.0676231280489274,881,"tags=57%, list=7%, signal=53%","9619/341/19/21",0.380730400722792
"GO:0001788","antibody-dependent cellular cytotoxicity",6,0.896106603211664,1.64874385386352,0.0037832087337318,0.0657920146061406,0.0441806235506749,1365,"tags=83%, list=10%, signal=75%","2214/3133/2212/2209/2213",0.431707695803346
"GO:0001794","type IIa hypersensitivity",6,0.896106603211664,1.64874385386352,0.0037832087337318,0.0657920146061406,0.0441806235506749,1365,"tags=83%, list=10%, signal=75%","2214/3133/2212/2209/2213",0.431707695803346
"GO:0002445","type II hypersensitivity",6,0.896106603211664,1.64874385386352,0.0037832087337318,0.0657920146061406,0.0441806235506749,1365,"tags=83%, list=10%, signal=75%","2214/3133/2212/2209/2213",0.431707695803346
"GO:0006066","alcohol metabolic process",240,-0.535763098231175,-1.64744101015267,0.00061040659245124,0.0198984507040451,0.0133621985139064,1657,"tags=28%, list=12%, signal=25%","10858/6721/3633/1601/90809/158219/51109/7108/55/3949/9807/224/1576/10901/653308/51302/3422/27233/26007/3417/5950/8228/185/27124/84869/8029/27284/3707/6652/2230/10327/2710/157506/6342/22937/1595/654/130/56848/55902/79153/653/1593/2770/2222/219/1594/2643/222236/81537/55825/1591/84649/11163/8854/55586/145226/1056/5105/217/2053/2246/125/3291/5106/5745",0.477270815362862
"GO:0070231","T cell apoptotic process",28,0.635319914784389,1.64632673422212,0.0163485328284553,0.146043580494925,0.0980711183639107,1611,"tags=32%, list=12%, signal=28%","3958/6352/355/27113/356/29126/55716/27166/64065",0.352487857583619
"GO:0051384","response to glucocorticoid",85,-0.601394070365616,-1.64556808605245,0.0127597817434544,0.126265988363678,0.0847900787435213,1009,"tags=21%, list=7%, signal=20%","54600/3485/2690/9353/654/678/249/210/5071/6752/5730/4537/358/5578/5105/445/3291/5106",0.380730400722792
"GO:1901991","negative regulation of mitotic cell cycle phase transition",142,0.482054167352804,1.64537682780758,0.000773124350306195,0.023424870778865,0.0157302585093305,2666,"tags=32%, list=20%, signal=26%","1030/10457/1026/9735/83540/51360/57099/3275/595/91607/1017/699/9319/8317/1780/891/55743/2273/990/7517/5925/26271/4683/25959/51720/10111/29933/123879/8525/55755/79027/51065/1843/5933/9344/6118/29980/580/3364/51149/1063/28984/4361/545/10459/1111",0.477270815362862
"GO:1903729","regulation of plasma membrane organization",16,0.715125697879107,1.6452146339788,0.0221429599833786,0.174238713229316,0.117004700999382,1444,"tags=44%, list=11%, signal=39%","6281/302/50807/79026/356/51100/4627",0.352487857583619
"GO:0042113","B cell activation",173,0.470185080387038,1.64442240638569,0.000185510834900334,0.00838794375033972,0.00563266815002511,2893,"tags=40%, list=21%, signal=32%","121260/4208/11314/6688/939/10673/4332/5788/7462/56833/3071/55619/10051/1029/7128/7805/7305/3635/718/3394/64092/4067/3087/942/5130/3688/2956/7409/3676/3476/7293/96459/2213/7494/4683/2146/9473/65992/202309/952/958/8660/7037/7040/196/1235/84787/150372/7412/51293/2323/684/10538/115352/11331/3574/139818/975/22806/10459/3718/10758/23529/4323/84447/112441434/972/3624/84542/648",0.518848077743792
"GO:0023035","CD40 signaling pathway",12,0.761246789479316,1.64409948588431,0.0157023954258415,0.142813719065623,0.0959022032944595,2680,"tags=67%, list=20%, signal=53%","54209/7188/7128/3688/958/7186/10758/3678",0.352487857583619
"GO:0002711","positive regulation of T cell mediated immunity",40,0.590210434736739,1.64401760987204,0.0139575997560191,0.134011401531396,0.0899912750506406,1753,"tags=30%, list=13%, signal=26%","567/3133/3134/912/3140/51571/10865/3606/5817/114548/7186/7532",0.380730400722792
"GO:0045602","negative regulation of endothelial cell differentiation",7,0.871695965332997,1.64387231358957,0.00913813384628753,0.106787178426398,0.0717096772053411,661,"tags=43%, list=5%, signal=41%","7422/182/6935",0.380730400722792
"GO:0045844","positive regulation of striated muscle tissue development",6,0.893332120159348,1.64363909080993,0.00409660712305043,0.0699995833409606,0.0470060881826596,1320,"tags=50%, list=10%, signal=45%","4208/4666/57496",0.407017918923954
"GO:0048636","positive regulation of muscle organ development",6,0.893332120159348,1.64363909080993,0.00409660712305043,0.0699995833409606,0.0470060881826596,1320,"tags=50%, list=10%, signal=45%","4208/4666/57496",0.407017918923954
"GO:1901863","positive regulation of muscle tissue development",6,0.893332120159348,1.64363909080993,0.00409660712305043,0.0699995833409606,0.0470060881826596,1320,"tags=50%, list=10%, signal=45%","4208/4666/57496",0.407017918923954
"GO:0022904","respiratory electron transport chain",103,-0.587898649400892,-1.64358453438484,0.00353490948457694,0.0633481644827539,0.0425395304337977,2163,"tags=41%, list=16%, signal=34%","4719/1537/6622/10891/65018/54902/4720/4729/4707/23479/7386/4728/4709/4697/51103/4715/4704/6391/4723/4512/2110/4722/2108/1329/25994/7385/7384/27069/4705/4536/7388/6390/4539/4538/4535/4540/4513/4541/6392/4514/4537/4519",0.431707695803346
"GO:0002753","cytoplasmic pattern recognition receptor signaling pathway",159,0.480176889552473,1.64289540468277,0.00038103421168522,0.0146386869038283,0.00983016433295033,2651,"tags=34%, list=20%, signal=28%","2634/121260/4481/7098/1956/4938/330/23151/948/54209/5027/7128/115362/7099/51428/1452/26191/4940/338382/10392/51135/144811/8473/4067/51284/23180/80342/3428/11277/90268/81926/114548/80196/3665/3659/3654/81622/4615/64135/22861/22900/3660/29108/29110/5538/115352/11331/148022/207/55601/84243/3920/8815/84885",0.49849310876659
"GO:0002475","antigen processing and presentation via MHC class Ib",7,0.870963633960745,1.64249125951212,0.00932367813343311,0.107459960918274,0.0721614637965105,314,"tags=57%, list=2%, signal=56%","567/3133/3134/912",0.380730400722792
"GO:0042178","xenobiotic catabolic process",17,-0.755249967711581,-1.64202883202172,0.0438312332402774,0.252340831524339,0.169451799747755,1740,"tags=41%, list=13%, signal=36%","30/2180/2946/1576/1429/7172/2947",0.321775918075361
"GO:0019532","oxalate transport",7,-0.909077487571564,-1.64180072484949,0.00587116069131811,0.0864545720276271,0.0580559346579243,269,"tags=29%, list=2%, signal=28%","65010/115111",0.407017918923954
"GO:0006868","glutamine transport",7,0.870564528784045,1.64173861412167,0.00932367813343311,0.107459960918274,0.0721614637965105,130,"tags=29%, list=1%, signal=28%","81539/6509",0.380730400722792
"GO:0034165","positive regulation of toll-like receptor 9 signaling pathway",9,0.823635600196503,1.6415313312772,0.00752170298150012,0.0998026413662702,0.0670194240739158,788,"tags=44%, list=6%, signal=42%","121260/4481/1956/4067",0.407017918923954
"GO:0071346","cellular response to type II interferon",56,0.562001036004347,1.64140541401672,0.00959660424467581,0.10974482441674,0.0736957942877519,2249,"tags=50%, list=17%, signal=42%","140885/2634/84166/6352/4345/834/115362/7099/356/83666/3394/7097/6672/2597/3055/1613/1906/115361/54625/2635/3460/3659/3716/11140/4261/6198/23521/3459",0.380730400722792
"GO:0033540","fatty acid beta-oxidation using acyl-CoA oxidase",13,-0.806108978782608,-1.64101158842212,0.0284622864332356,0.195229205133729,0.131100226520586,1740,"tags=62%, list=13%, signal=54%","30/54677/1384/8309/6342/11001/51/1962",0.352487857583619
"GO:0007616","long-term memory",18,-0.766976535098182,-1.64095725199028,0.0313176105168226,0.205803772797032,0.138201255360337,662,"tags=17%, list=5%, signal=16%","55902/5649/793",0.321775918075361
"GO:0002685","regulation of leukocyte migration",156,0.476401317754139,1.63885841919597,0.000301021248161076,0.0122875201159084,0.00825130988710635,2811,"tags=42%, list=21%, signal=33%","7422/7424/11314/3958/3627/6688/6352/5034/57118/4345/27347/301/56833/3071/83483/54209/6793/80310/3162/4856/6351/4067/7423/131450/928/728/102/5919/23236/3676/1906/7130/5880/5228/4478/6364/64065/719/9435/196527/1524/7040/1235/6376/811/5025/1843/29108/80024/1435/4267/9518/4192/1240/975/207/23604/387/3383/1436/79890/4323/6693/972/729230",0.49849310876659
"GO:0006544","glycine metabolic process",8,-0.888274864463408,-1.63844866927214,0.00894155464783462,0.106362524181891,0.0714245135813352,374,"tags=62%, list=3%, signal=61%","6470/64902/2731/10249/189",0.380730400722792
"GO:0045579","positive regulation of B cell differentiation",10,0.792568580091007,1.6376909531668,0.0151376413310145,0.140124497234178,0.0940963382804363,1589,"tags=60%, list=12%, signal=53%","6688/939/3071/3635/7494/65992",0.380730400722792
"GO:0031570","DNA integrity checkpoint signaling",103,0.507971109056047,1.63757332685071,0.00139998362333747,0.0338646244361221,0.0227407571094145,3131,"tags=40%, list=23%, signal=31%","1026/51360/81620/151636/675/595/5984/440275/83666/1017/5982/4067/5985/8317/83695/990/197342/3014/4683/51720/8454/8914/8525/5983/51065/9344/6118/51776/29980/580/3364/51149/4361/545/10116/1111/60561/80279/9894/9675/7158",0.45505986738723
"GO:0150076","neuroinflammatory response",54,0.571647352231703,1.63754525421428,0.00494763569045865,0.0775525402360425,0.0520780463416205,2451,"tags=46%, list=18%, signal=38%","6352/3689/4345/5788/54209/23208/7305/26471/9572/131450/712/3688/728/2908/2896/3606/3460/1524/6376/7132/7133/51063/3459/7096/3556",0.407017918923954
"GO:1903251","multi-ciliated epithelial cell differentiation",6,0.88993954469095,1.63739710137224,0.0046325559799717,0.074603189178832,0.0500974994689117,473,"tags=17%, list=4%, signal=16%","10733",0.407017918923954
"GO:0090199","regulation of release of cytochrome c from mitochondria",36,0.5970839685957,1.63712656252257,0.0112802012650603,0.117526230421751,0.0789211604885045,350,"tags=14%, list=3%, signal=14%","8996/3003/834/27113/581",0.380730400722792
"GO:0042088","T-helper 1 type immune response",44,0.580714721262351,1.63517457225923,0.0106476568638042,0.115466813498468,0.0775382217782958,1116,"tags=20%, list=8%, signal=19%","10068/5699/5696/301/7099/5698/5683/10865/3606",0.380730400722792
"GO:0002281","macrophage activation involved in immune response",16,0.710540986042581,1.6346670686649,0.0240683881792012,0.180358937192804,0.121114550995545,2479,"tags=50%, list=18%, signal=41%","8291/9111/54209/7305/2896/1524/3556/22904",0.352487857583619
"GO:0002687","positive regulation of leukocyte migration",104,0.503122943451826,1.63446174331389,0.00146081201758454,0.035047563425967,0.0235351237587203,2811,"tags=43%, list=21%, signal=35%","7422/7424/3958/3627/6688/6352/5034/57118/27347/3071/83483/54209/80310/6351/7423/728/102/5919/3676/1906/5880/5228/6364/64065/719/196527/1524/7040/1235/6376/811/5025/29108/1435/4267/4192/1240/23604/387/3383/1436/4323/6693/972/729230",0.45505986738723
"GO:0001787","natural killer cell proliferation",8,0.844022842871482,1.63438539876841,0.0086741741278194,0.104121501419893,0.0699196230013909,1595,"tags=75%, list=12%, signal=66%","2214/3133/26191/3606/2013/2000",0.380730400722792
"GO:1903306","negative regulation of regulated secretory pathway",17,0.70882321666762,1.63375278455813,0.0294912521830724,0.199711498078456,0.134110173828331,568,"tags=35%, list=4%, signal=34%","11314/3134/6688/8832/3071/2771",0.352487857583619
"GO:0006906","vesicle fusion",100,0.504979662384857,1.63286888707971,0.00213551212092883,0.0437370740307306,0.0293702999448713,1264,"tags=18%, list=9%, signal=16%","858/302/301/23208/8448/57586/338382/10282/27072/6810/54809/8411/21/8676/2054/143425/128866/84286",0.431707695803346
"GO:0034505","tooth mineralization",15,-0.774105879612576,-1.63273794072214,0.0382692748351546,0.232864179586997,0.156372847348706,551,"tags=27%, list=4%, signal=26%","249/10117/79971/7020",0.321775918075361
"GO:0002679","respiratory burst involved in defense response",9,0.81907981873708,1.63245151733726,0.00872516326339508,0.1044531765015,0.0701423493004611,2248,"tags=89%, list=17%, signal=74%","56833/54209/653361/3055/2896/6280/6223/79415",0.380730400722792
"GO:0019885","antigen processing and presentation of endogenous peptide antigen via MHC class I",12,0.75519213706063,1.63102297631298,0.0189029648023159,0.157829015778427,0.105985268474047,1850,"tags=58%, list=14%, signal=50%","567/3133/3134/6890/51752/6892/3077",0.352487857583619
"GO:0060761","negative regulation of response to cytokine stimulus",71,0.537303521812128,1.63094458124322,0.0043900917472057,0.0722638247134419,0.0485265705132938,1465,"tags=25%, list=11%, signal=23%","8996/307/84166/4938/6352/25939/5788/54209/10019/4940/9636/7837/10010/54625/6773/114769/6091/83643",0.407017918923954
"GO:0042359","vitamin D metabolic process",14,-0.771553187944188,-1.63091548094508,0.0439900854669197,0.252455934448207,0.169529093610535,2176,"tags=71%, list=16%, signal=60%","6591/5641/54657/1576/4036/8029/1593/1594/1591/7421",0.321775918075361
"GO:0098754","detoxification",125,-0.55913105054305,-1.6306016129321,0.00524141785702273,0.0796099590790171,0.0534596433018546,1837,"tags=34%, list=14%, signal=29%","54996/64757/4502/2938/6649/2946/51109/7779/655/4494/10928/26034/127700/6582/549/4495/146802/22977/8934/10327/847/5174/8802/4780/259/5743/10935/5243/2643/25953/2878/132/3029/6565/8803/10516/145226/55937/2168/217/2947/213",0.407017918923954
"GO:0050801","monoatomic ion homeostasis",345,-0.511430335585171,-1.63028699446627,0.000141314961137201,0.00709956702191853,0.00476749799874487,1387,"tags=18%, list=10%, signal=17%","169026/482/221154/4494/51310/6359/7780/389015/8031/11261/6549/147007/8529/5663/3954/4495/51606/63933/254428/122416/155066/6505/526/185/55630/10699/654/1579/51218/48/9481/4881/5164/51458/9104/6387/249/93/1594/523/525/66002/283375/6340/368/10686/846/65010/50617/6337/245972/130733/8671/65266/57402/476/83697/5745/6338/6521/793/7369",0.518848077743792
"GO:0042363","fat-soluble vitamin catabolic process",8,-0.883670122250735,-1.62995508912873,0.0105526053200133,0.115466813498468,0.0775382217782958,1238,"tags=88%, list=9%, signal=80%","1576/8529/1594/66002/56603/1591/4051",0.380730400722792
"GO:0015791","polyol transmembrane transport",8,-0.883414432939742,-1.62948346280212,0.0107137106926075,0.115466813498468,0.0775382217782958,408,"tags=50%, list=3%, signal=49%","6526/65010/358/359",0.380730400722792
"GO:0036376","sodium ion export across plasma membrane",13,-0.800232785257022,-1.62904930797976,0.0315728893949153,0.206895701073927,0.138934506537317,76,"tags=15%, list=1%, signal=15%","8671/476",0.321775918075361
"GO:2000679","positive regulation of transcription regulatory region DNA binding",8,-0.883107243505446,-1.62891684300911,0.0107137106926075,0.115466813498468,0.0775382217782958,627,"tags=50%, list=5%, signal=48%","3005/117854/2296/2625",0.380730400722792
"GO:0090200","positive regulation of release of cytochrome c from mitochondria",18,0.712051450235305,1.6283324594338,0.0081113008908721,0.10231379106555,0.0687057101712092,350,"tags=22%, list=3%, signal=22%","3003/834/27113/581",0.380730400722792
"GO:0030641","regulation of cellular pH",78,-0.606260309805483,-1.62788557586415,0.0112882513970538,0.117526230421751,0.0789211604885045,1280,"tags=19%, list=9%, signal=18%","389015/11261/6549/147007/51606/155066/526/523/525/65010/50617/245972/8671/83697/6521",0.380730400722792
"GO:0150146","cell junction disassembly",33,0.605153182739532,1.62651111340334,0.0145180164704113,0.136506707768952,0.0916669219537646,1817,"tags=48%, list=13%, signal=42%","54209/7043/714/718/713/10154/9448/10982/9616/712/3688/58480/7046/1524/836/6376",0.380730400722792
"GO:0070664","negative regulation of leukocyte proliferation",53,0.567651616034462,1.6264702362543,0.0104597268982105,0.115378721723629,0.0774790664299549,1494,"tags=32%, list=11%, signal=29%","10457/11314/3133/4332/1029/7128/7805/7305/56253/10385/4067/942/29126/9231/2213/64115/11006",0.380730400722792
"GO:1904044","response to aldosterone",14,-0.76937242851914,-1.62630577371802,0.0439900854669197,0.252455934448207,0.169529093610535,620,"tags=43%, list=5%, signal=41%","57630/9131/6340/6337/6559/6338",0.321775918075361
"GO:0006898","receptor-mediated endocytosis",211,0.455622015725219,1.62528532650948,0.000201494031364365,0.00897259027545255,0.0060252697171127,2042,"tags=26%, list=15%, signal=22%","858/857/7422/133/4481/341/11031/567/55589/7436/3689/302/8862/5898/143458/821/948/1948/967/867/718/7018/3339/409/8578/636/3688/928/57007/55716/3676/116985/4193/133308/88455/84058/2213/10203/58191/10188/11006/8936/950/7037/115548/2207/6614/3077/187/9146/8218/23149/9873/338692",0.518848077743792
"GO:0050729","positive regulation of inflammatory response",113,0.495681640574055,1.62521272572926,0.000900415872355075,0.0256924490179764,0.0172529816111175,2811,"tags=42%, list=21%, signal=34%","2634/3133/3003/7098/6352/834/3603/9111/8717/54209/115362/7099/1050/23765/7097/51284/26471/2113/9180/2828/3956/2896/3606/10318/2635/114548/6280/7040/7186/3600/836/6376/7132/837/22861/22900/6223/29108/3556/4192/4258/975/4363/5603/920/1326/7185/729230",0.477270815362862
"GO:0007351","tripartite regional subdivision",12,-0.81994361851048,-1.62481155375678,0.0180427758076471,0.154374725178093,0.103665644830332,310,"tags=25%, list=2%, signal=24%","6926/7490/3234",0.352487857583619
"GO:0008595","anterior/posterior axis specification, embryo",12,-0.81994361851048,-1.62481155375678,0.0180427758076471,0.154374725178093,0.103665644830332,310,"tags=25%, list=2%, signal=24%","6926/7490/3234",0.352487857583619
"GO:2000515","negative regulation of CD4-positive, alpha-beta T cell activation",21,0.668961520853856,1.6243934884492,0.020841076685222,0.168274517521614,0.112999627026165,1695,"tags=38%, list=13%, signal=33%","301/864/865/84695/29126/3956/64115/861",0.352487857583619
"GO:0042537","benzene-containing compound metabolic process",14,-0.767941804817617,-1.62328170955929,0.0439900854669197,0.252455934448207,0.169529093610535,1786,"tags=43%, list=13%, signal=37%","64577/30/2946/23498/2053/2947",0.321775918075361
"GO:0051235","maintenance of location",51,0.5703998452437,1.6230995227322,0.00461119336518521,0.0744631719795568,0.0500034751833076,2515,"tags=33%, list=19%, signal=27%","3099/857/55704/6672/3098/5371/51141/8841/5552/29899/11014/10956/9913/580/57584/23568/207",0.407017918923954
"GO:0051651","maintenance of location in cell",51,0.5703998452437,1.6230995227322,0.00461119336518521,0.0744631719795568,0.0500034751833076,2515,"tags=33%, list=19%, signal=27%","3099/857/55704/6672/3098/5371/51141/8841/5552/29899/11014/10956/9913/580/57584/23568/207",0.407017918923954
"GO:0098543","detection of other organism",11,0.773187096941089,1.62226948064968,0.0154048943834749,0.141615489643108,0.0950975688208019,746,"tags=45%, list=6%, signal=43%","64581/912/7099/10392/7097",0.380730400722792
"GO:0008217","regulation of blood pressure",102,-0.574483589813594,-1.62209503166444,0.00815925184807975,0.102478808467976,0.0688165225817965,734,"tags=19%, list=5%, signal=18%","4311/10699/2642/9365/4881/5743/2643/6340/5465/23576/6337/59272/170690/18/6296/65266/3291/3816/6338",0.380730400722792
"GO:0003091","renal water homeostasis",25,-0.710990448146185,-1.62203975787248,0.0219567076489603,0.173849126277873,0.116743085747971,1189,"tags=28%, list=9%, signal=26%","360/8529/1579/5577/66002/358/359",0.352487857583619
"GO:0038061","non-canonical NF-kappaB signal transduction",97,0.496211688814747,1.62181085862976,0.00168758322081964,0.038148553459255,0.0256174991672748,2132,"tags=34%, list=16%, signal=29%","8996/7098/6688/939/330/9111/54209/7805/26191/56672/10392/6737/4856/6188/942/3606/9770/5971/1906/114548/4055/10616/8904/4791/7186/54976/7132/114899/7133/84675/8795/29108/8740",0.45505986738723
"GO:0001562","response to protozoan",11,0.772341415410435,1.62049510631912,0.0155809484139435,0.142433615516579,0.0956469563330896,2184,"tags=64%, list=16%, signal=53%","2634/64581/283234/115361/4615/1130/10538",0.380730400722792
"GO:0042832","defense response to protozoan",11,0.772341415410435,1.62049510631912,0.0155809484139435,0.142433615516579,0.0956469563330896,2184,"tags=64%, list=16%, signal=53%","2634/64581/283234/115361/4615/1130/10538",0.380730400722792
"GO:0070234","positive regulation of T cell apoptotic process",9,0.813032050956724,1.62039812832229,0.00974165686973113,0.110971819923022,0.0745197457488213,1611,"tags=56%, list=12%, signal=49%","6352/27113/29126/27166/64065",0.380730400722792
"GO:0007084","mitotic nuclear membrane reassembly",10,0.784164098706008,1.62032470439538,0.0191153824374011,0.15897235176042,0.106753040929636,2600,"tags=70%, list=19%, signal=57%","7329/221035/22933/80346/1104/23141/8815",0.352487857583619
"GO:0101024","mitotic nuclear membrane organization",10,0.784164098706008,1.62032470439538,0.0191153824374011,0.15897235176042,0.106753040929636,2600,"tags=70%, list=19%, signal=57%","7329/221035/22933/80346/1104/23141/8815",0.352487857583619
"GO:0001960","negative regulation of cytokine-mediated signaling pathway",67,0.547329181449037,1.61980236400376,0.00213482838388105,0.0437370740307306,0.0293702999448713,1465,"tags=27%, list=11%, signal=24%","8996/307/84166/4938/6352/25939/5788/54209/10019/4940/9636/7837/10010/54625/6773/114769/6091/83643",0.431707695803346
"GO:0042428","serotonin metabolic process",7,-0.896796026516315,-1.61962031455621,0.0090175878376116,0.106536472822866,0.0715413234931467,777,"tags=57%, list=6%, signal=54%","4128/223/1644/217",0.380730400722792
"GO:0042771","intrinsic apoptotic signaling pathway in response to DNA damage by p53 class mediator",33,0.602543464269139,1.61949679667161,0.0158084841854078,0.142813719065623,0.0959022032944595,2349,"tags=33%, list=17%, signal=28%","64782/23612/8445/5371/3428/6154/54541/960/51065/29108/25946",0.352487857583619
"GO:0002274","myeloid leukocyte activation",156,0.47073739992398,1.61937409143351,0.000422439136394739,0.0155193577733017,0.0104215520323418,1521,"tags=28%, list=11%, signal=25%","2214/11314/3937/6688/6352/57580/3689/4345/8291/3603/27347/301/8832/9111/5788/7462/54209/23208/7099/7305/1050/867/5791/9846/914/64784/4067/6810/9572/3566/712/1794/728/102/2896/57102/2242/22918/5880/2213/2335/11006/3460/399",0.49849310876659
"GO:0005978","glycogen biosynthetic process",34,0.603106172911261,1.61907125766757,0.0128791192442243,0.12680647054866,0.0851530230931279,904,"tags=21%, list=7%, signal=19%","5507/8445/10580/79660/2992/9572/648791",0.380730400722792
"GO:0009250","glucan biosynthetic process",34,0.603106172911261,1.61907125766757,0.0128791192442243,0.12680647054866,0.0851530230931279,904,"tags=21%, list=7%, signal=19%","5507/8445/10580/79660/2992/9572/648791",0.380730400722792
"GO:0032615","interleukin-12 production",29,0.630239800377905,1.61874021306758,0.01458063909841,0.136506707768952,0.0916669219537646,1158,"tags=28%, list=9%, signal=25%","7098/64581/3603/7805/7099/409/7097/23236",0.380730400722792
"GO:0032655","regulation of interleukin-12 production",29,0.630239800377905,1.61874021306758,0.01458063909841,0.136506707768952,0.0916669219537646,1158,"tags=28%, list=9%, signal=25%","7098/64581/3603/7805/7099/409/7097/23236",0.380730400722792
"GO:0045779","negative regulation of bone resorption",11,0.771179644792265,1.61805752681886,0.0166372730177275,0.147134577305032,0.0988037440427395,1644,"tags=55%, list=12%, signal=48%","5027/7128/3635/1445/84959/952",0.352487857583619
"GO:0002534","cytokine production involved in inflammatory response",48,0.576410177485013,1.61783688654563,0.00848134091586525,0.103861087298867,0.0697447498299699,1551,"tags=31%, list=12%, signal=28%","140885/240/7098/64581/5601/54209/923/115362/7099/3162/23765/64170/7494/11006/2146",0.380730400722792
"GO:1900015","regulation of cytokine production involved in inflammatory response",48,0.576410177485013,1.61783688654563,0.00848134091586525,0.103861087298867,0.0697447498299699,1551,"tags=31%, list=12%, signal=28%","140885/240/7098/64581/5601/54209/923/115362/7099/3162/23765/64170/7494/11006/2146",0.380730400722792
"GO:0006563","L-serine metabolic process",10,-0.834439906460832,-1.61777543824348,0.0302659722251779,0.202147735265394,0.135746154709607,853,"tags=50%, list=6%, signal=47%","113675/29968/6470/26227/189",0.352487857583619
"GO:0015697","quaternary ammonium group transport",13,-0.794633182816333,-1.61765008934111,0.0364772721798114,0.224281805306414,0.150609615297957,1289,"tags=46%, list=10%, signal=42%","6583/6582/5174/788/6581/220963",0.321775918075361
"GO:0015012","heparan sulfate proteoglycan biosynthetic process",25,-0.708976917583896,-1.61744612847248,0.0237250075379211,0.179103174175274,0.120271281588484,644,"tags=12%, list=5%, signal=11%","9394/9953/90161",0.352487857583619
"GO:0002440","production of molecular mediator of immune response",132,0.477760877353225,1.61703976458178,0.00131593598090266,0.0323643167186017,0.0217332711572857,2811,"tags=40%, list=21%, signal=32%","121260/567/3133/3134/64581/25939/5788/7043/10051/441168/7805/2821/144811/6810/942/5130/8140/3098/10865/2956/3606/2590/7293/2213/7494/4683/114548/11006/7037/7040/7186/1235/84787/3077/7133/684/10538/115352/11331/148022/975/7518/6398/10459/3718/7042/10758/23529/11213/112441434/79004/972/729230",0.45505986738723
"GO:0006525","arginine metabolic process",15,-0.766565450651857,-1.6168337281619,0.0420027840255591,0.246892364502237,0.165793047665564,924,"tags=47%, list=7%, signal=44%","2271/4953/4942/435/23576/79814/445",0.321775918075361
"GO:0019065","receptor-mediated endocytosis of virus by host cell",10,0.782431063492393,1.61674371952902,0.019472668999502,0.160985018817262,0.108104586190919,13,"tags=20%, list=0%, signal=20%","858/857",0.352487857583619
"GO:0061515","myeloid cell development",41,0.584830826383802,1.61579261429295,0.0171421327116394,0.148630297014287,0.0998081490576566,2392,"tags=34%, list=18%, signal=28%","302/3071/7305/23306/10019/7097/440712/375387/55646/5305/55972/2200/25946/23774",0.352487857583619
"GO:0061900","glial cell activation",35,0.591272215008163,1.61538383487886,0.0120043889054877,0.121032243544523,0.081275516816825,2451,"tags=49%, list=18%, signal=40%","3689/5788/54209/23208/7305/9572/712/728/2896/3460/1524/6376/7132/51063/3459/7096/3556",0.380730400722792
"GO:0042730","fibrinolysis",18,-0.755017647698986,-1.61537104158434,0.0343001538430088,0.216326506748075,0.145267476849344,1056,"tags=28%, list=8%, signal=26%","5327/3273/2160/350/5340",0.321775918075361
"GO:1990573","potassium ion import across plasma membrane",28,-0.69553024176719,-1.61518357388313,0.0361359851722618,0.223514808540147,0.150094561980349,753,"tags=21%, list=6%, signal=20%","3766/3760/3773/3758/476/3772",0.321775918075361
"GO:0007530","sex determination",6,-0.921034736591108,-1.615167077843,0.0092740194977541,0.107459960918274,0.0721614637965105,172,"tags=33%, list=1%, signal=33%","7490/6943",0.380730400722792
"GO:0035137","hindlimb morphogenesis",5,-0.948846712373842,-1.61497334314681,0.00673294726402457,0.0945370345141662,0.0634834661694294,12,"tags=20%, list=0%, signal=20%","7021",0.407017918923954
"GO:0002824","positive regulation of adaptive immune response based on somatic recombination of immune receptors built from immunoglobulin superfamily domains",70,0.524950208799355,1.61487823308493,0.00852609022474431,0.104004454952158,0.0698410240109225,1799,"tags=26%, list=13%, signal=22%","567/3133/3134/64581/912/54209/3140/51571/10865/3606/64170/5817/114548/7037/7040/7186/7532/84787",0.380730400722792
"GO:0048240","sperm capacitation",10,-0.832554760003301,-1.61412059909584,0.0308998088435304,0.204767842595571,0.137505607985356,279,"tags=30%, list=2%, signal=29%","84217/65010/1672",0.352487857583619
"GO:0071385","cellular response to glucocorticoid stimulus",41,-0.649686385709185,-1.61372794097082,0.0220770561460916,0.173952997354861,0.116812837206073,2168,"tags=39%, list=16%, signal=33%","498/54578/54657/687/3158/11170/54658/8313/54600/678/6752/4537/358/5105/445/5106",0.352487857583619
"GO:0050930","induction of positive chemotaxis",10,0.780763620924229,1.61329826928357,0.0201872426657428,0.165495972648865,0.111133779844308,1392,"tags=50%, list=10%, signal=45%","7422/7424/3603/7423/5228",0.352487857583619
"GO:0051403","stress-activated MAPK cascade",40,0.579101102346144,1.6130728196597,0.0184145562078755,0.155836743520498,0.1046474187188,2667,"tags=38%, list=20%, signal=30%","83605/355/4281/64170/3476/10550/5604/9344/51776/4609/5478/5603/23008/54910/7042",0.352487857583619
"GO:2001259","positive regulation of cation channel activity",15,0.700462384236073,1.61288645432548,0.0310376961914662,0.205218873130977,0.13780848380416,2306,"tags=47%, list=17%, signal=39%","1520/6324/6786/1906/1909/444/57620",0.352487857583619
"GO:0001782","B cell homeostasis",12,0.746728782379886,1.61274428237066,0.0219139833439304,0.173849126277873,0.116743085747971,788,"tags=42%, list=6%, signal=39%","4208/3071/55619/7128/4067",0.352487857583619
"GO:0038060","nitric oxide-cGMP-mediated signaling",8,0.83257939883664,1.61222604846156,0.0111257154560897,0.117526230421751,0.0789211604885045,925,"tags=50%, list=7%, signal=47%","948/493/2983/2982",0.380730400722792
"GO:0060326","cell chemotaxis",203,0.451421556214723,1.6120090840322,0.000163274577726303,0.00786662268750171,0.00528259086839504,2183,"tags=32%, list=16%, signal=27%","7422/240/7424/7852/3958/3627/6688/6352/57118/3689/3603/27347/301/4233/4283/23603/56833/3071/9034/51192/3672/718/80310/23765/7114/409/4856/6351/4067/391/9732/7423/728/57007/102/5919/5330/1906/7130/5880/5228/8829/2321/6364/58191/6280/64065/719/196527/1524/1235/7226/6376/811/80270/7412/5025/1843/5155/6223/5142/25865/80024/1130/1435",0.518848077743792
"GO:0019724","B cell mediated immunity",72,0.526159353187625,1.61191239858545,0.00677751203790523,0.0945370345141662,0.0634834661694294,1799,"tags=33%, list=13%, signal=29%","2214/121260/3133/939/3561/54209/714/718/713/2212/5130/712/2956/2209/64170/2213/4683/958/7037/7040/1439/1235/2207/84787",0.407017918923954
"GO:0043583","ear development",76,-0.595918612255231,-1.61116023780392,0.0104622080093049,0.115378721723629,0.0774790664299549,1393,"tags=25%, list=10%, signal=23%","63915/84059/2562/5076/4646/55084/2043/7782/7849/9481/64220/525/8100/6926/7020/54845/2103/2625/793",0.380730400722792
"GO:0150077","regulation of neuroinflammatory response",28,0.621646632296,1.61089467868386,0.0223698221921109,0.175667761828938,0.117964335061258,1116,"tags=36%, list=8%, signal=33%","6352/4345/5788/54209/23208/26471/9572/131450/2896/3606",0.352487857583619
"GO:0015838","amino-acid betaine transport",9,-0.850180345489503,-1.61073425664154,0.0201065023386853,0.165064274786022,0.110843886292939,1289,"tags=44%, list=10%, signal=40%","6583/5174/788/220963",0.352487857583619
"GO:0032874","positive regulation of stress-activated MAPK cascade",15,0.699331976448848,1.61028357450079,0.0317553228835295,0.20716735617024,0.139116928243321,2667,"tags=47%, list=20%, signal=37%","4281/64170/10550/9344/23008/54910/7042",0.321775918075361
"GO:0070304","positive regulation of stress-activated protein kinase signaling cascade",15,0.699331976448848,1.61028357450079,0.0317553228835295,0.20716735617024,0.139116928243321,2667,"tags=47%, list=20%, signal=37%","4281/64170/10550/9344/23008/54910/7042",0.321775918075361
"GO:0019886","antigen processing and presentation of exogenous peptide antigen via MHC class II",15,0.699223986599481,1.61003491680101,0.0317553228835295,0.20716735617024,0.139116928243321,1365,"tags=33%, list=10%, signal=30%","1520/567/10437/1509/2213",0.321775918075361
"GO:0009636","response to toxic substance",184,-0.534950540230434,-1.60978706151167,0.00252042807091223,0.0488946409268056,0.0328337069075097,1253,"tags=27%, list=9%, signal=24%","10928/26034/127700/6582/549/4495/79813/211/146802/22977/8934/10327/7782/847/5174/8802/4780/259/5743/10935/9131/5243/210/670/2643/25953/9963/2878/5446/132/3029/2052/5071/5783/9376/6565/8803/10516/145226/55937/4519/5578/2168/217/2053/10249/2947/445/213",0.431707695803346
"GO:0001916","positive regulation of T cell mediated cytotoxicity",13,0.729633861062635,1.60907148572523,0.0217202563224843,0.173702947841582,0.116644924071305,1403,"tags=46%, list=10%, signal=41%","3133/3134/912/3140/51571/5817",0.352487857583619
"GO:2000765","regulation of cytoplasmic translation",36,0.586823674451954,1.60899417082308,0.0171438144565645,0.148630297014287,0.0998081490576566,1085,"tags=22%, list=8%, signal=20%","5315/8531/4869/132864/4690/3087/2597/221120",0.352487857583619
"GO:0019585","glucuronate metabolic process",10,-0.829607260721709,-1.60840611695629,0.0318505639827066,0.207328477397951,0.139225124296445,2092,"tags=90%, list=16%, signal=76%","54578/54657/54658/9942/6652/10327/51084/55347/51181",0.321775918075361
"GO:0048839","inner ear development",70,-0.608513909581077,-1.60825861833556,0.0106895947179768,0.115466813498468,0.0775382217782958,1393,"tags=26%, list=10%, signal=23%","63915/84059/2562/5076/4646/55084/2043/7782/7849/9481/525/8100/6926/7020/54845/2103/2625/793",0.380730400722792
"GO:0032743","positive regulation of interleukin-2 production",36,0.58619535101878,1.60727138971287,0.0175862294140135,0.151883987218057,0.101993065614838,2239,"tags=39%, list=17%, signal=33%","5699/5696/64581/301/5788/5698/942/5683/5682/861/7186/5142/25865/5688",0.352487857583619
"GO:1904464","regulation of matrix metallopeptidase secretion",6,0.873405861232878,1.60697682672465,0.00772085194027711,0.100015657414214,0.0671624685129833,746,"tags=50%, list=6%, signal=47%","4345/7099/7097",0.407017918923954
"GO:1990773","matrix metallopeptidase secretion",6,0.873405861232878,1.60697682672465,0.00772085194027711,0.100015657414214,0.0671624685129833,746,"tags=50%, list=6%, signal=47%","4345/7099/7097",0.407017918923954
"GO:0002504","antigen processing and presentation of peptide or polysaccharide antigen via MHC class II",22,0.665143201936695,1.60689365351341,0.0191210365251134,0.15897235176042,0.106753040929636,620,"tags=23%, list=5%, signal=22%","1520/567/54209/10437/1509",0.352487857583619
"GO:0001836","release of cytochrome c from mitochondria",43,0.57707658933388,1.60673746879815,0.0104404268536835,0.115378721723629,0.0774790664299549,350,"tags=12%, list=3%, signal=11%","8996/3003/834/27113/581",0.380730400722792
"GO:0032507","maintenance of protein location in cell",43,0.576737543610203,1.60579347370645,0.0106637493858519,0.115466813498468,0.0775382217782958,2515,"tags=35%, list=19%, signal=28%","3099/857/55704/6672/3098/5371/51141/8841/5552/11014/10956/9913/580/23568/207",0.380730400722792
"GO:0045185","maintenance of protein location",43,0.576737543610203,1.60579347370645,0.0106637493858519,0.115466813498468,0.0775382217782958,2515,"tags=35%, list=19%, signal=28%","3099/857/55704/6672/3098/5371/51141/8841/5552/11014/10956/9913/580/23568/207",0.380730400722792
"GO:0045589","regulation of regulatory T cell differentiation",32,0.61161074384401,1.60524557421743,0.0321954521376938,0.20934166777142,0.140577020975071,3111,"tags=47%, list=23%, signal=36%","5699/5696/5698/5683/64115/11006/604/5682/3659/7040/5688/4192/8651/259307/2175",0.321775918075361
"GO:0007076","mitotic chromosome condensation",18,0.701926893901493,1.60517943627759,0.0117742997651891,0.119594972358339,0.0803103611273823,1982,"tags=39%, list=15%, signal=33%","51203/10051/9031/10270/11044/29781/54892",0.380730400722792
"GO:0045063","T-helper 1 cell differentiation",28,0.61934314185559,1.60492556327314,0.0236011549091133,0.178788792882012,0.120060168406251,2784,"tags=39%, list=21%, signal=31%","5699/5696/301/5698/5683/3606/5682/5688/51176/3718/6693",0.352487857583619
"GO:0071468","cellular response to acidic pH",16,-0.759972734356824,-1.60488983319392,0.0337537797109963,0.215328465871525,0.144597272896494,509,"tags=25%, list=4%, signal=24%","7442/6340/6337/6338",0.321775918075361
"GO:1904627","response to phorbol 13-acetate 12-myristate",10,-0.827766869891131,-1.60483804805232,0.032792074288801,0.211582670328839,0.142081897987245,1013,"tags=50%, list=8%, signal=46%","5587/56848/7832/5578/2203",0.321775918075361
"GO:0001754","eye photoreceptor cell differentiation",20,0.686781897882124,1.60478194879986,0.0181773717201042,0.154626036137153,0.103834405050594,46,"tags=10%, list=0%, signal=10%","7422/112724",0.352487857583619
"GO:0090235","regulation of metaphase plate congression",12,-0.80954686897315,-1.60420921185374,0.0210779271228676,0.169488448191814,0.113814805194485,117,"tags=8%, list=1%, signal=8%","10615",0.352487857583619
"GO:0032490","detection of molecule of bacterial origin",9,0.804835166111973,1.60406148225173,0.0124523179000137,0.124692886910188,0.083733710375115,906,"tags=56%, list=7%, signal=52%","54209/7099/7097/23643/949",0.380730400722792
"GO:0046459","short-chain fatty acid metabolic process",12,-0.809418534251953,-1.60395490200481,0.0210779271228676,0.169488448191814,0.113814805194485,1257,"tags=67%, list=9%, signal=61%","122970/5264/1384/5095/84693/4594/55902/5096",0.352487857583619
"GO:0045740","positive regulation of DNA replication",32,0.610974766627691,1.60357637592084,0.0337755776681774,0.215328465871525,0.144597272896494,1916,"tags=31%, list=14%, signal=27%","1956/1026/81620/11177/6742/1017/8317/253980/5111/7126",0.321775918075361
"GO:0043299","leukocyte degranulation",51,0.563532601552342,1.6035584585982,0.00553922107070143,0.0830600547285281,0.0557764499541112,1365,"tags=35%, list=10%, signal=32%","2214/11314/3134/6688/3689/8832/7462/3071/867/9846/4067/6810/3055/57102/2242/11151/5880/2213",0.407017918923954
"GO:2000725","regulation of cardiac muscle cell differentiation",12,0.742193149868051,1.60294846952267,0.0245904512381497,0.181814682236282,0.122092112241187,739,"tags=25%, list=5%, signal=24%","4208/1948/409",0.352487857583619
"GO:0007605","sensory perception of sound",76,-0.592833312988413,-1.60281864316633,0.0112419902310954,0.117526230421751,0.0789211604885045,1351,"tags=25%, list=10%, signal=23%","84059/4715/153562/51473/4646/4036/3753/54532/113278/1285/7809/525/4648/501/50617/83715/7020/1428/53405",0.380730400722792
"GO:0000086","G2/M transition of mitotic cell cycle",106,0.491850969808145,1.6024712062748,0.00183426293702507,0.0400442406256319,0.026890490146027,2911,"tags=37%, list=22%, signal=29%","9833/1026/51360/6790/57099/595/1017/890/8317/891/55743/10657/23236/7319/2273/990/6604/26271/4683/51720/10111/29933/6240/994/9344/6873/29980/580/3364/51149/1063/55920/5889/4361/545/1111/8766/60561/50484",0.45505986738723
"GO:0045954","positive regulation of natural killer cell mediated cytotoxicity",13,0.72630115793497,1.60172183015236,0.0228153701395031,0.175995729238844,0.118184571586324,1552,"tags=38%, list=12%, signal=34%","3133/3134/56253/5817/114836",0.352487857583619
"GO:0140962","multicellular organismal-level chemical homeostasis",52,-0.632543654059861,-1.60159334949796,0.015333902242979,0.141495568892041,0.0950170396929053,779,"tags=23%, list=6%, signal=22%","1512/9725/654/1579/5577/66002/6340/6337/9476/358/6338/359",0.380730400722792
"GO:0002428","antigen processing and presentation of peptide antigen via MHC class Ib",6,0.870437096116179,1.601514604683,0.00825027621024277,0.102743905855523,0.0689945406582091,86,"tags=50%, list=1%, signal=50%","567/3133/3134",0.380730400722792
"GO:0034310","primary alcohol catabolic process",9,-0.845282015330621,-1.60145398072231,0.0217960861573018,0.173836356082252,0.11673451031205,1069,"tags=56%, list=8%, signal=51%","27233/27284/55902/219/217",0.352487857583619
"GO:0048643","positive regulation of skeletal muscle tissue development",5,0.90490602015867,1.60124487733219,0.00908570719989901,0.106787178426398,0.0717096772053411,1145,"tags=40%, list=8%, signal=37%","4208/4666",0.380730400722792
"GO:0009313","oligosaccharide catabolic process",7,-0.886613432729583,-1.60123047420876,0.0112519818479455,0.117526230421751,0.0789211604885045,531,"tags=29%, list=4%, signal=27%","57733/11181",0.380730400722792
"GO:0019336","phenol-containing compound catabolic process",8,-0.868005337509759,-1.60106094077433,0.0176224701059399,0.151883987218057,0.101993065614838,777,"tags=38%, list=6%, signal=35%","4128/223/1733",0.352487857583619
"GO:0042311","vasodilation",29,-0.682773597404916,-1.60066743534632,0.0434039471887772,0.250929566401564,0.168504107638116,484,"tags=10%, list=4%, signal=10%","5997/846/3827",0.321775918075361
"GO:0002821","positive regulation of adaptive immune response",76,0.515582038150635,1.60043611634416,0.00557537231121694,0.0833894108023746,0.0559976189941512,2811,"tags=36%, list=21%, signal=28%","567/3133/3134/64581/912/54209/3140/440275/51571/10865/3606/64170/5817/114548/7037/7040/7186/7532/84787/29108/975/6398/10459/23529/920/112441434/729230",0.407017918923954
"GO:0006103","2-oxoglutarate metabolic process",16,-0.757527436743628,-1.59972591993606,0.0355148031961085,0.221278914860206,0.148593115679242,3219,"tags=94%, list=24%, signal=71%","3418/4967/137872/56267/92259/2805/728294/2806/5264/55753/3417/1738/1743/84706/79944",0.321775918075361
"GO:0060231","mesenchymal to epithelial transition",12,-0.807162522151398,-1.59948435739218,0.0217524066259244,0.173723704004325,0.116658862240215,1242,"tags=42%, list=9%, signal=38%","5076/6299/7849/7490/2625",0.352487857583619
"GO:0022409","positive regulation of cell-cell adhesion",219,0.449174920392998,1.59913492776747,0.000184824567573626,0.00838794375033972,0.00563266815002511,2552,"tags=35%, list=19%, signal=29%","140885/857/240/567/3133/6352/10076/939/3689/6541/4690/301/84034/5788/912/3561/3071/864/80381/865/1948/60/923/1445/100133941/4067/2113/942/2494/51571/916/29126/6602/8744/283234/3606/7409/3676/6604/9840/7494/64115/114548/11006/399/604/9435/11148/960/3654/7037/861/7040/3716/7532/3600/6376/196528/7412/23149/8477/22915/29108/8740/2266/3574/51176/8728/6598/64926/7297/4192/975/207/5777/387",0.518848077743792
"GO:0061043","regulation of vascular wound healing",8,0.825654556317397,1.59881662287811,0.0132965428423875,0.129468574353955,0.0869406778226361,1421,"tags=50%, list=11%, signal=45%","240/7128/7423/7494",0.380730400722792
"GO:0051101","regulation of DNA binding",32,-0.669647839318265,-1.59814706044714,0.0463525606967257,0.260656278394113,0.175035784825707,1029,"tags=19%, list=8%, signal=17%","84444/3005/1950/117854/2296/2625",0.321775918075361
"GO:0006534","cysteine metabolic process",8,-0.865666861187003,-1.59674755358707,0.0192100388532658,0.159486734999289,0.107098459326889,1181,"tags=50%, list=9%, signal=46%","4522/2678/1491/189",0.352487857583619
"GO:0070671","response to interleukin-12",8,0.824585670805853,1.59674680819504,0.0134774454155017,0.130726772528579,0.0877855824852764,1158,"tags=38%, list=9%, signal=34%","140885/5034/23236",0.380730400722792
"GO:1903305","regulation of regulated secretory pathway",84,0.510341126441228,1.59652705348741,0.00436473504170546,0.0720671701549008,0.0483945131341051,1365,"tags=25%, list=10%, signal=23%","11314/3134/6688/3689/8832/5873/5028/3071/23208/8448/57586/2771/22871/9846/4067/6810/57102/143425/2242/5880/2213",0.407017918923954
"GO:1990748","cellular detoxification",101,-0.571271803147667,-1.5964482208083,0.00964863562199066,0.110125592594293,0.0739514875601539,840,"tags=21%, list=6%, signal=20%","8934/10327/847/8802/4780/259/5743/10935/2643/25953/2878/132/3029/8803/10516/145226/55937/2168/217/2947/213",0.380730400722792
"GO:0002483","antigen processing and presentation of endogenous peptide antigen",13,0.72361140950921,1.59579009133563,0.0239104850802538,0.179726126984312,0.120689606573828,1850,"tags=54%, list=14%, signal=47%","567/3133/3134/6890/51752/6892/3077",0.352487857583619
"GO:0035162","embryonic hemopoiesis",14,0.714182788191258,1.59537072664656,0.027284789853766,0.192132315393261,0.129020604538791,1311,"tags=29%, list=10%, signal=26%","7422/10019/282991/468",0.352487857583619
"GO:0022900","electron transport chain",109,-0.560437698038204,-1.59529854802255,0.00857522833141142,0.104004454952158,0.0698410240109225,2163,"tags=41%, list=16%, signal=35%","4719/1537/6622/10891/65018/54902/4720/4729/4707/23479/5447/7386/4728/4709/4697/51103/4715/4704/6391/112812/4723/4512/2110/4722/2108/1329/25994/7385/2230/7384/27069/4705/4536/7388/6390/4539/4538/4535/4540/4513/4541/6392/4514/4537/4519",0.380730400722792
"GO:0070170","regulation of tooth mineralization",6,-0.909564162910968,-1.59505177465617,0.011613354893362,0.119119447661806,0.0799910370007026,274,"tags=33%, list=2%, signal=33%","10117/7020",0.380730400722792
"GO:0019076","viral release from host cell",26,0.637492390356573,1.59478513675617,0.0280476244538311,0.19395420590354,0.1302440396208,3,"tags=4%, list=0%, signal=4%","858",0.352487857583619
"GO:0035891","exit from host cell",26,0.637492390356573,1.59478513675617,0.0280476244538311,0.19395420590354,0.1302440396208,3,"tags=4%, list=0%, signal=4%","858",0.352487857583619
"GO:0061333","renal tubule morphogenesis",40,-0.645062218484778,-1.59459168145962,0.0340504127684871,0.216192261707108,0.145177328680846,694,"tags=25%, list=5%, signal=24%","7849/3975/9953/153572/7490/2246/65266/2625/2719/6943",0.321775918075361
"GO:0034138","toll-like receptor 3 signaling pathway",21,0.656574306683571,1.59431446385515,0.0274633053389174,0.192866557684775,0.129513662586497,2365,"tags=43%, list=18%, signal=35%","7098/4938/7128/26191/23180/3659/81622/3660/148022",0.352487857583619
"GO:0002029","desensitization of G protein-coupled receptor signaling pathway",10,0.771559751484271,1.59428023842217,0.0230455433255547,0.1761530606861,0.118290222727811,2125,"tags=50%, list=16%, signal=42%","133/8862/409/187/29978",0.352487857583619
"GO:0022401","negative adaptation of signaling pathway",10,0.771559751484271,1.59428023842217,0.0230455433255547,0.1761530606861,0.118290222727811,2125,"tags=50%, list=16%, signal=42%","133/8862/409/187/29978",0.352487857583619
"GO:0023058","adaptation of signaling pathway",10,0.771559751484271,1.59428023842217,0.0230455433255547,0.1761530606861,0.118290222727811,2125,"tags=50%, list=16%, signal=42%","133/8862/409/187/29978",0.352487857583619
"GO:0000050","urea cycle",6,-0.909007564716982,-1.59407569954977,0.0117804506627218,0.119594972358339,0.0803103611273823,924,"tags=67%, list=7%, signal=62%","2271/435/79814/445",0.380730400722792
"GO:0001914","regulation of T cell mediated cytotoxicity",19,0.673867557605144,1.59353248973959,0.0181327582328042,0.154483087852273,0.103738412483726,1403,"tags=47%, list=10%, signal=42%","3133/3134/5788/912/3071/3140/51571/2213/5817",0.352487857583619
"GO:1901523","icosanoid catabolic process",9,-0.841050224946514,-1.59343651739847,0.0244994255287975,0.181369802592281,0.121793366866166,1129,"tags=67%, list=8%, signal=61%","8529/1579/66002/1800/3248/4051",0.352487857583619
"GO:0048545","response to steroid hormone",241,-0.518486036416317,-1.59322917347537,0.00119507319058178,0.0301486704473808,0.0202454213868193,1009,"tags=15%, list=7%, signal=14%","54600/3417/5245/3485/84830/2690/9353/2104/654/57630/678/55325/249/9131/210/6340/5465/5071/6752/6337/5730/4537/7421/358/5578/55885/5105/6559/6422/476/2103/445/3291/5106/6943/6338",0.45505986738723
"GO:0016339","calcium-dependent cell-cell adhesion",27,0.631310414392675,1.59288085901936,0.012740047425073,0.126265988363678,0.0847900787435213,3504,"tags=56%, list=26%, signal=41%","1012/1003/5098/22871/1004/56133/51294/56122/6402/56126/53827/56130/27032/56131/1009",0.380730400722792
"GO:0010742","macrophage derived foam cell differentiation",25,0.624989518341134,1.59286548670703,0.0357264430635278,0.222222256431128,0.1492265879794,636,"tags=28%, list=5%, signal=27%","9619/4481/19/5601/6646/948/5583",0.321775918075361
"GO:1903077","negative regulation of protein localization to plasma membrane",26,-0.68010731650997,-1.59271571934097,0.0384918386892956,0.233252605995546,0.156633683272883,458,"tags=19%, list=3%, signal=19%","55022/127018/501/112609/65266",0.321775918075361
"GO:0060759","regulation of response to cytokine stimulus",145,0.462424298638309,1.59258822221976,0.00187646137876833,0.0403977226765754,0.0271278602511703,2335,"tags=33%, list=17%, signal=28%","8996/307/7852/84166/4938/6352/834/25939/5788/54209/7128/7805/7099/10019/4940/9636/83666/7097/100133941/7837/102/558/1906/10010/90268/54625/6773/114769/6091/83643/958/8904/7737/3654/7186/147138/7444/353376/64135/837/11140/22900/29108/1435/29110/4898/3574/9641",0.45505986738723
"GO:0052547","regulation of peptidase activity",13,0.721998942407391,1.59223409568676,0.0253706398311353,0.184793830145494,0.124092668282321,2444,"tags=69%, list=18%, signal=57%","1992/5271/2896/10010/27166/64115/7076/7077/374969",0.352487857583619
"GO:1902806","regulation of cell cycle G1/S phase transition",148,0.461139398072749,1.59061030992173,0.000851404014530487,0.0247750138485654,0.0166369059658505,2521,"tags=29%, list=19%, signal=24%","1030/6241/10457/1956/1026/493/60/3275/595/1029/91607/1017/11186/7114/5683/6602/5310/23236/2273/990/6604/5925/25959/2146/65992/5682/6240/4330/123879/8525/196528/79027/51065/5933/6118/5688/894/6598/1031/55904/207/28984/5777",0.477270815362862
"GO:0003214","cardiac left ventricle morphogenesis",11,0.758026421192032,1.59045997209602,0.024462160631778,0.181369802592281,0.121793366866166,2826,"tags=73%, list=21%, signal=58%","1363/23493/2294/3516/1909/6262/6423/4851",0.352487857583619
"GO:0007286","spermatid development",92,-0.57530065544178,-1.58972591754309,0.00819049728371361,0.102651904122961,0.0689327596968465,2540,"tags=26%, list=19%, signal=21%","199223/51684/7802/57082/7283/5048/163589/257044/25981/80217/65975/8382/5727/6732/1124/55329/374864/79846/80127/284071/84217/65010/1672/3306",0.380730400722792
"GO:0006541","glutamine metabolic process",11,-0.78966452835132,-1.58934152908909,0.0426611674448092,0.249019207786086,0.167221264494575,28,"tags=9%, list=0%, signal=9%","92292",0.321775918075361
"GO:0050852","T cell receptor signaling pathway",109,0.488758735406738,1.5891697797106,0.0023609444198466,0.0464134826082218,0.0311675606084611,1678,"tags=30%, list=12%, signal=27%","11314/3958/3937/919/11118/925/4690/2533/5788/80381/10384/7805/26191/867/11119/3635/1445/10385/23180/942/9976/11120/916/29126/10657/4068/9840/3702/29085/11006/9473/10616/11148",0.431707695803346
"GO:1905209","positive regulation of cardiocyte differentiation",9,0.797317035091969,1.58907761363429,0.0139770692840213,0.134011401531396,0.0899912750506406,1724,"tags=44%, list=13%, signal=39%","4208/1948/409/7040",0.380730400722792
"GO:0070873","regulation of glycogen metabolic process",27,0.629772830835256,1.58900132945369,0.0135180509123189,0.130904618225058,0.0879050093460174,904,"tags=22%, list=7%, signal=21%","5507/8445/10580/5255/79660/648791",0.380730400722792
"GO:0010817","regulation of hormone levels",287,-0.51287829198464,-1.5888077560438,0.00064610758096785,0.0205287587077244,0.0137854626561923,1786,"tags=28%, list=13%, signal=24%","64577/6845/84300/5007/25924/5447/5547/134/23428/10858/54658/6520/1601/1636/59342/51109/3667/51170/6696/169026/9727/25942/1576/117247/7364/10901/22841/6567/84522/290/781/5019/84417/8622/5587/54600/5950/8228/185/27284/2230/2690/9854/157506/6342/4311/10699/654/130/7849/8723/653/3172/3091/1733/57393/6514/56603/6926/5071/846/84649/79154/59272/8854/145226/1056/18/5578/1428/54097/125/389434/65266/1393/10411/2625/115111/7021",0.477270815362862
"GO:2000811","negative regulation of anoikis",16,0.690176699575286,1.58781709221196,0.0383166265464548,0.232911200455079,0.15640442278053,1022,"tags=25%, list=8%, signal=23%","857/57343/7088/3688",0.321775918075361
"GO:0035589","G protein-coupled purinergic nucleotide receptor signaling pathway",10,0.767953575511568,1.5868287674525,0.024117408069674,0.180358937192804,0.121114550995545,1190,"tags=50%, list=9%, signal=46%","5724/5028/53829/2857/286530",0.352487857583619
"GO:0046683","response to organophosphorus",83,-0.58623377764429,-1.58660988949748,0.00790625693921992,0.100590862096828,0.0675487296983156,509,"tags=10%, list=4%, signal=9%","7442/65010/358/7490/1393/445/10411/2203",0.380730400722792
"GO:0120254","olefinic compound metabolic process",99,-0.563886724233077,-1.58633421588962,0.0141943908148148,0.135226303418933,0.0908071054103821,1795,"tags=33%, list=13%, signal=29%","2166/64577/30/2938/10858/1601/2946/51109/317749/1576/10901/8529/5950/8228/157506/6342/654/130/1579/653/5743/66002/284541/2052/84649/5730/8854/145226/1056/2053/125/4051/3291",0.380730400722792
"GO:0099601","regulation of neurotransmitter receptor activity",6,-0.904581546910309,-1.5863140397955,0.0126159300740417,0.125550578276807,0.0843096668892617,600,"tags=33%, list=4%, signal=32%","66004/1393",0.380730400722792
"GO:0042398","modified amino acid biosynthetic process",39,-0.655647458202315,-1.58616157498513,0.0496388432351519,0.267685431684608,0.179755998627739,1643,"tags=41%, list=12%, signal=36%","34/22928/22929/4522/6505/8424/55349/2678/4780/2348/2628/223/2643/6470/3029/501",0.321775918075361
"GO:0002707","negative regulation of lymphocyte mediated immunity",36,0.578305102832819,1.58563735569163,0.0213467615589008,0.170948589159699,0.114795318389274,1850,"tags=39%, list=14%, signal=34%","3133/3134/5788/3071/5272/3635/409/29126/2213/5817/11006/7040/196/3077",0.352487857583619
"GO:0016064","immunoglobulin mediated immune response",71,0.522346553199817,1.58554382372016,0.00737043154921125,0.0995940152787672,0.0668793275790752,1799,"tags=32%, list=13%, signal=28%","2214/121260/3133/939/3561/54209/714/718/713/2212/5130/712/2956/2209/64170/2213/4683/7037/7040/1439/1235/2207/84787",0.407017918923954
"GO:0071888","macrophage apoptotic process",9,0.795422286804299,1.58530132145077,0.014654737265535,0.136731024836214,0.0918175552481552,1580,"tags=56%, list=12%, signal=49%","4208/6352/1029/80301/3665",0.380730400722792
"GO:1905476","negative regulation of protein localization to membrane",31,-0.663380846089651,-1.58514924892081,0.0372627158598538,0.227692423625732,0.152899912151502,458,"tags=16%, list=3%, signal=16%","55022/127018/501/112609/65266",0.321775918075361
"GO:0015670","carbon dioxide transport",6,-0.903793639982273,-1.58493233150589,0.0126159300740417,0.125550578276807,0.0843096668892617,571,"tags=50%, list=4%, signal=48%","51458/57127/358",0.380730400722792
"GO:0070293","renal absorption",26,-0.676678966930323,-1.58468700661528,0.040807094868263,0.242286973369343,0.162700437518815,822,"tags=27%, list=6%, signal=25%","149461/10686/81693/6565/1188/6559/65266",0.321775918075361
"GO:0061005","cell differentiation involved in kidney development",36,-0.654033230772054,-1.58446196815085,0.0309592297673911,0.204930577221537,0.137614887466939,694,"tags=22%, list=5%, signal=21%","7849/3975/28999/5800/7490/2625/6943/7827",0.352487857583619
"GO:0002443","leukocyte mediated immunity",236,0.44573034789256,1.58430864305384,0.000230812831828583,0.00976055989560007,0.00655440671596448,1799,"tags=32%, list=13%, signal=28%","2214/121260/11314/567/3133/3134/6688/11118/925/939/3689/5551/64581/8832/5788/7462/912/3561/3071/182/54209/10384/441168/714/3140/5272/7305/867/9846/56253/3635/718/713/914/203068/409/51135/4067/2212/6810/23180/57823/5130/712/51571/10865/29126/7454/2956/2209/3606/64170/57102/7409/2242/2013/11151/5880/2213/5817/4683/114548/11006/114836/958/10870/7037/1524/7040/1439/7186/7532/196/1235/2207/84787",0.518848077743792
"GO:0000075","cell cycle checkpoint signaling",155,0.462512448348222,1.584181350599,0.00151522133073049,0.0359131894436847,0.0241164085461432,2666,"tags=32%, list=20%, signal=26%","1026/9735/83540/51360/81620/151636/675/595/5984/440275/83666/1017/5982/699/4067/5985/9319/8317/1780/891/55743/83695/990/197342/7517/3014/4683/51720/10111/8454/8914/8525/55755/5983/51065/1843/9344/6118/51776/29980/580/3364/51149/1063/4361/545/10459/10116/1111",0.45505986738723
"GO:0051983","regulation of chromosome segregation",112,0.484186982054533,1.58387929790803,0.00595833306128798,0.0871220938662954,0.058504188617658,2609,"tags=30%, list=19%, signal=25%","10783/10460/9735/83540/10051/60/1459/57520/699/56852/9319/1780/891/55743/6602/22933/990/6604/7517/5925/26271/1457/29781/55755/196528/54892/1843/51776/6598/1063/29945/55920/5359/10459",0.407017918923954
"GO:0000077","DNA damage checkpoint signaling",92,0.494267486147786,1.5837144238992,0.00745450029541667,0.099690956021803,0.0669444251824914,3131,"tags=38%, list=23%, signal=29%","1026/51360/151636/675/595/440275/83666/1017/4067/8317/83695/197342/3014/4683/51720/8454/8914/8525/51065/9344/6118/51776/29980/580/3364/51149/4361/545/10116/1111/60561/80279/9894/9675/7158",0.407017918923954
"GO:0006067","ethanol metabolic process",8,-0.857700420197882,-1.5820532228572,0.0230202149308323,0.1761530606861,0.118290222727811,1069,"tags=62%, list=8%, signal=58%","27233/27284/55902/219/217",0.352487857583619
"GO:0006068","ethanol catabolic process",8,-0.857700420197882,-1.5820532228572,0.0230202149308323,0.1761530606861,0.118290222727811,1069,"tags=62%, list=8%, signal=58%","27233/27284/55902/219/217",0.352487857583619
"GO:0042116","macrophage activation",71,0.521162327494384,1.58194919532329,0.00801132313420643,0.101358635035404,0.0680643042307974,1500,"tags=30%, list=11%, signal=26%","2214/3689/4345/8291/27347/9111/5788/54209/23208/7099/7305/1050/64784/9572/3566/712/728/2896/22918/2213/3460",0.380730400722792
"GO:0043393","regulation of protein binding",32,0.602477396406046,1.58127401109472,0.0365407993125721,0.224437636739079,0.150714259150333,1091,"tags=19%, list=8%, signal=17%","6790/581/9034/151636/6737/5919",0.321775918075361
"GO:0042182","ketone catabolic process",12,-0.797963525193516,-1.58125549847711,0.0251248097546219,0.184085169690007,0.123616788937441,1129,"tags=50%, list=8%, signal=46%","8529/4835/66002/25953/3029/4051",0.352487857583619
"GO:2000727","positive regulation of cardiac muscle cell differentiation",6,0.858971000927916,1.58041817050686,0.0106951887887461,0.115466813498468,0.0775382217782958,1724,"tags=67%, list=13%, signal=58%","4208/1948/409/7040",0.380730400722792
"GO:0002369","T cell cytokine production",29,0.615172534089508,1.5800406738963,0.0227261620362297,0.175995729238844,0.118184571586324,2811,"tags=41%, list=21%, signal=33%","567/3134/10865/3606/114548/11006/7186/3077/7133/975/6398/729230",0.352487857583619
"GO:0002724","regulation of T cell cytokine production",29,0.615172534089508,1.5800406738963,0.0227261620362297,0.175995729238844,0.118184571586324,2811,"tags=41%, list=21%, signal=33%","567/3134/10865/3606/114548/11006/7186/3077/7133/975/6398/729230",0.352487857583619
"GO:0048662","negative regulation of smooth muscle cell proliferation",38,0.574614477044855,1.57982298882629,0.0126234079213326,0.125550578276807,0.0843096668892617,872,"tags=24%, list=6%, signal=22%","4208/1026/8490/8862/3486/7043/7128/3162/7168",0.380730400722792
"GO:0006637","acyl-CoA metabolic process",92,-0.571552671854053,-1.57936913002412,0.00999624226621437,0.112133419925206,0.0752997828508948,2224,"tags=45%, list=16%, signal=37%","1737/51144/51268/3157/3156/2182/10157/109703458/3158/2181/2180/10965/123876/23305/80221/122970/9524/23205/1738/5095/84693/84869/1743/4594/641371/55902/8802/8801/38/5164/348158/2639/5160/11001/5162/501/84649/594/8803/10249/6296",0.380730400722792
"GO:1903038","negative regulation of leukocyte cell-cell adhesion",97,0.48301421920844,1.5786764464496,0.00313404948582604,0.0582972875876121,0.039147767891779,1904,"tags=33%, list=14%, signal=29%","10457/11314/5699/3133/3958/5696/55824/301/864/865/1029/7805/26191/867/56253/1445/84695/10385/5698/942/5683/29126/3956/9231/64115/11006/5682/3659/861/3077/79626/23240",0.431707695803346
"GO:0032717","negative regulation of interleukin-8 production",13,0.715814180482153,1.5785947560248,0.027560874612232,0.193320788747852,0.129818687622179,557,"tags=23%, list=4%, signal=22%","307/301/26191",0.352487857583619
"GO:0061042","vascular wound healing",17,0.684354534451644,1.57735539693762,0.0475552569214877,0.262223077096158,0.176087920773347,896,"tags=41%, list=7%, signal=38%","7422/240/4162/10855/7128/947/7423",0.321775918075361
"GO:0033572","transferrin transport",9,0.791374832991392,1.57723462029774,0.0165183258885074,0.147113211473707,0.0987893964694623,1875,"tags=56%, list=14%, signal=48%","567/392/7037/3077/57192",0.352487857583619
"GO:0007520","myoblast fusion",67,0.532932764838751,1.57719665166665,0.00319395035045277,0.0591707950596865,0.0397343452298259,3792,"tags=69%, list=28%, signal=50%","6157/6175/6137/6139/6132/6143/6171/1794/3688/928/963/6173/30846/6181/6168/6164/5738/11224/6134/25873/6158/23521/6141/975/11096/80005/6124/6142/6167/6169/6133/9349/6155/6129/51177/6147/6160/6170/6130/8038/9750/4736/6161/6135/6176/6156",0.431707695803346
"GO:0072010","glomerular epithelium development",19,-0.715071738662917,-1.57695361353995,0.0448833034111311,0.256638188181545,0.172337558724305,282,"tags=26%, list=2%, signal=26%","28999/5800/7490/2296/7827",0.287857117255149
"GO:0010819","regulation of T cell chemotaxis",10,0.762890293507238,1.5763664663468,0.0262611400696164,0.188707801135948,0.12672097629132,1089,"tags=40%, list=8%, signal=37%","3627/6352/27347/102",0.352487857583619
"GO:0062208","positive regulation of pattern recognition receptor signaling pathway",66,0.525544523240626,1.57583635160356,0.00715863753917645,0.0975062527731133,0.0654773542563599,947,"tags=17%, list=7%, signal=16%","2634/121260/4481/1956/948/5027/115362/7099/26191/4067/2664",0.407017918923954
"GO:0002717","positive regulation of natural killer cell mediated immunity",14,0.705232432370711,1.57537705569107,0.0297491897111437,0.200534102204246,0.134662568574567,1552,"tags=36%, list=12%, signal=32%","3133/3134/56253/5817/114836",0.352487857583619
"GO:0031571","mitotic G1 DNA damage checkpoint signaling",14,0.705187315136757,1.5752762709683,0.0297491897111437,0.200534102204246,0.134662568574567,2220,"tags=43%, list=16%, signal=36%","1026/595/1017/8525/51065/6118",0.352487857583619
"GO:0019320","hexose catabolic process",36,0.574496733438317,1.57519530227275,0.0228887648933909,0.176099685920617,0.118254380529711,373,"tags=22%, list=3%, signal=22%","3099/2026/5230/5214/226/7167/5315/2023",0.352487857583619
"GO:0001913","T cell mediated cytotoxicity",23,0.654111914621705,1.57490818107395,0.0281122440399565,0.19395420590354,0.1302440396208,1403,"tags=48%, list=10%, signal=43%","3133/3134/5551/5788/912/3071/3140/51571/2013/2213/5817",0.352487857583619
"GO:2001212","regulation of vasculogenesis",18,0.6883671454962,1.57417075219613,0.0161776126163481,0.145178636578464,0.0974902916208119,1307,"tags=44%, list=10%, signal=40%","133/23462/9844/23493/947/54453/2013/6237",0.352487857583619
"GO:0097306","cellular response to alcohol",66,-0.589159544254167,-1.5739640455177,0.0220006056370697,0.173849126277873,0.116743085747971,1013,"tags=18%, list=8%, signal=17%","5587/151556/56848/2770/9131/7832/6340/3728/6337/6422/2203/6338",0.352487857583619
"GO:0008637","apoptotic mitochondrial changes",80,0.502415733640671,1.57379603054989,0.00695523758465876,0.0962288263506807,0.0646195374495476,350,"tags=8%, list=3%, signal=7%","3099/8996/3003/834/27113/581",0.407017918923954
"GO:0030220","platelet formation",11,0.749807781709727,1.57321595954414,0.0300137721933972,0.201393781909576,0.135239860297016,1814,"tags=36%, list=13%, signal=31%","4208/87/4627/836",0.352487857583619
"GO:0050954","sensory perception of mechanical stimulus",87,-0.573788801367977,-1.57302565755503,0.0144139909277835,0.13621453162944,0.0914707199662206,1351,"tags=23%, list=10%, signal=21%","84059/4715/153562/51473/4646/4036/3753/54532/113278/1285/7809/6387/525/4648/501/50617/83715/7020/1428/53405",0.380730400722792
"GO:0010986","positive regulation of lipoprotein particle clearance",6,0.854567718647979,1.57231658463543,0.0126081104379178,0.125550578276807,0.0843096668892617,374,"tags=33%, list=3%, signal=32%","302/54209",0.380730400722792
"GO:1902667","regulation of axon guidance",8,-0.852135685403998,-1.57178890864247,0.0268304012866541,0.191258644595877,0.128433917524606,814,"tags=38%, list=6%, signal=35%","9353/347733/5800",0.352487857583619
"GO:0035282","segmentation",32,-0.65859384872939,-1.57176617555725,0.0451388888888889,0.257848774430407,0.173150491048338,437,"tags=19%, list=3%, signal=18%","23242/153572/6926/7490/3234/2296",0.282013350011725
"GO:0031098","stress-activated protein kinase signaling cascade",42,0.555214455647952,1.57142376231402,0.0158168987941002,0.142813719065623,0.0959022032944595,2667,"tags=36%, list=20%, signal=29%","83605/355/4281/64170/3476/10550/5604/9344/51776/4609/5478/5603/23008/54910/7042",0.352487857583619
"GO:0045666","positive regulation of neuron differentiation",39,0.571840135021881,1.57140064614981,0.0301997869142107,0.201950338432003,0.13561359887835,1902,"tags=31%, list=14%, signal=27%","4131/4208/26508/1894/147040/6935/6925/1756/4803/8904/23531/9181",0.352487857583619
"GO:0006119","oxidative phosphorylation",121,-0.548487583115145,-1.57091197796481,0.00853873799808627,0.104004454952158,0.0698410240109225,2168,"tags=36%, list=16%, signal=31%","498/4719/1537/6622/84275/65018/4720/84300/4729/4707/23479/7386/4728/4709/4697/51103/4715/4704/6391/522/4723/515/4512/4722/1329/7385/7384/27069/4705/4536/7388/6390/4539/4538/205/4535/4540/4513/4541/6392/4508/4514/4537/4519",0.380730400722792
"GO:0015833","peptide transport",151,-0.532329369543725,-1.57061909871269,0.00588326451361872,0.0864545720276271,0.0580559346579243,1204,"tags=17%, list=9%, signal=16%","22841/84522/781/5019/84417/8622/5587/5950/9854/7849/51629/1497/3172/57393/6514/5071/846/65010/6565/18/5578/54097/1393/10411/7021/64849",0.407017918923954
"GO:0050850","positive regulation of calcium-mediated signaling",32,0.598355298597778,1.57045507220292,0.0400960872362657,0.239413848503483,0.160771078023251,1228,"tags=19%, list=9%, signal=17%","1012/64581/5788/54209/6351/1906",0.321775918075361
"GO:0032371","regulation of sterol transport",42,0.554803113367755,1.57025954004464,0.0158168987941002,0.142813719065623,0.0959022032944595,374,"tags=14%, list=3%, signal=14%","857/9619/341/302/19/54209",0.352487857583619
"GO:0032374","regulation of cholesterol transport",42,0.554803113367755,1.57025954004464,0.0158168987941002,0.142813719065623,0.0959022032944595,374,"tags=14%, list=3%, signal=14%","857/9619/341/302/19/54209",0.352487857583619
"GO:0090398","cellular senescence",70,0.510269190662742,1.56971574675587,0.0135674591113882,0.131166981343322,0.0880811913071719,659,"tags=14%, list=5%, signal=14%","1030/10783/567/6688/1026/4869/22846/5601/1029/1017",0.380730400722792
"GO:0002366","leukocyte activation involved in immune response",198,0.434965452135658,1.56910707814688,0.000643835450332314,0.0205287587077244,0.0137854626561923,1799,"tags=28%, list=13%, signal=24%","2214/121260/11314/5699/3958/3134/5696/6688/3936/3689/8291/301/8832/9111/7462/3071/54209/55619/7305/867/440275/9846/3394/84695/4067/5698/6810/942/5130/1794/5683/3956/2956/2896/3606/57102/3683/2242/11151/5880/2213/7494/4683/114548/114836/65992/202309/5682/7037/1524/7040/3716/1235/2207/84787",0.477270815362862
"GO:0071349","cellular response to interleukin-12",7,0.832019681689514,1.56904950061173,0.0236032839871456,0.178788792882012,0.120060168406251,1158,"tags=43%, list=9%, signal=39%","140885/5034/23236",0.352487857583619
"GO:0002495","antigen processing and presentation of peptide antigen via MHC class II",20,0.671037912073554,1.56799346572296,0.0259042530707693,0.187314277980535,0.125785198259488,620,"tags=25%, list=5%, signal=24%","1520/567/54209/10437/1509",0.352487857583619
"GO:0045747","positive regulation of Notch signaling pathway",32,0.597245721524684,1.56754285441773,0.0400960872362657,0.239413848503483,0.160771078023251,1809,"tags=31%, list=13%, signal=27%","3714/55589/79651/182/4856/54567/55897/6091/4846/94",0.321775918075361
"GO:0010996","response to auditory stimulus",12,-0.7910357511271,-1.56752732608718,0.0284972198034603,0.195229205133729,0.131100226520586,893,"tags=33%, list=7%, signal=31%","5764/54532/64220/793",0.352487857583619
"GO:0031340","positive regulation of vesicle fusion",15,0.680733876782568,1.56745954325655,0.0399557065988163,0.239164606301265,0.160603707013637,1169,"tags=47%, list=9%, signal=43%","302/301/23208/8448/57586/21/143425",0.321775918075361
"GO:0048515","spermatid differentiation",99,-0.557042902268388,-1.56708107783285,0.0167518748054665,0.147627466426585,0.0991347287201646,2540,"tags=24%, list=19%, signal=20%","199223/51684/7802/57082/7283/5048/163589/257044/25981/80217/65975/8382/5727/6732/1124/55329/374864/79846/80127/284071/84217/65010/1672/3306",0.352487857583619
"GO:0002700","regulation of production of molecular mediator of immune response",102,0.484195159124686,1.56689305397127,0.00500834609799101,0.0777623364493528,0.0522189285988079,2811,"tags=43%, list=21%, signal=34%","121260/567/3133/3134/64581/5788/7043/441168/7805/2821/144811/6810/942/8140/3098/10865/3606/2590/7293/2213/7494/114548/11006/7037/7040/7186/84787/3077/7133/684/115352/11331/148022/975/6398/10459/3718/7042/23529/11213/112441434/79004/972/729230",0.407017918923954
"GO:0007610","behavior",233,-0.50565533911371,-1.56679428735589,0.00175695423460031,0.0391188522385631,0.0262690737596766,1128,"tags=16%, list=8%, signal=15%","5663/153/80823/6505/54806/5764/7782/4900/267/342371/4311/55902/5649/64220/6387/2628/2770/79846/7442/222236/5104/5465/5071/846/9099/5730/59272/112609/18/5578/27344/64084/6326/1272/1393/10411/793",0.45505986738723
"GO:0045682","regulation of epidermis development",32,-0.656270922965665,-1.56622240051168,0.046875,0.261548466593647,0.175634906637312,1299,"tags=22%, list=10%, signal=20%","3204/360/1594/81537/7421/2296/54845",0.276500599254472
"GO:1901654","response to ketone",149,-0.531438484836187,-1.56573307914321,0.00760703728930088,0.100015657414214,0.0671624685129833,827,"tags=15%, list=6%, signal=14%","2690/9353/56848/57630/2770/9131/25953/7832/6340/3029/5071/6337/358/5578/5105/5731/6559/6422/445/5106/2203/6338",0.407017918923954
"GO:0010257","NADH dehydrogenase complex assembly",38,-0.644087862485481,-1.56570905749655,0.0342420884058043,0.216192261707108,0.145177328680846,2880,"tags=50%, list=21%, signal=39%","374291/4700/29078/57226/4719/55471/55101/4720/4728/51103/617/80224/4722/25915/4536/4538/4535/4540/4541",0.321775918075361
"GO:0032981","mitochondrial respiratory chain complex I assembly",38,-0.644087862485481,-1.56570905749655,0.0342420884058043,0.216192261707108,0.145177328680846,2880,"tags=50%, list=21%, signal=39%","374291/4700/29078/57226/4719/55471/55101/4720/4728/51103/617/80224/4722/25915/4536/4538/4535/4540/4541",0.321775918075361
"GO:0032817","regulation of natural killer cell proliferation",5,0.884395076124714,1.56495045190902,0.016318811775203,0.146043580494925,0.0980711183639107,1116,"tags=80%, list=8%, signal=73%","2214/3133/26191/3606",0.352487857583619
"GO:0046541","saliva secretion",4,-0.974350748112085,-1.56459203724879,0.0021640480461702,0.0440147903646658,0.0295567918903896,174,"tags=50%, list=1%, signal=49%","358/83697",0.431707695803346
"GO:1904376","negative regulation of protein localization to cell periphery",30,-0.671655116864668,-1.56433946817243,0.0487080533521742,0.265589923565937,0.178348823974513,458,"tags=17%, list=3%, signal=16%","55022/127018/501/112609/65266",0.321775918075361
"GO:0035590","purinergic nucleotide receptor signaling pathway",19,0.661511166863449,1.56431263803344,0.0225012093587984,0.17588046357848,0.118107168442806,2051,"tags=47%, list=15%, signal=40%","5724/5028/5027/2771/53829/2857/286530/196527/5025",0.352487857583619
"GO:0070942","neutrophil mediated cytotoxicity",6,-0.891703977198062,-1.56373136640054,0.0176190707006182,0.151883987218057,0.101993065614838,100,"tags=33%, list=1%, signal=33%","1776/1610",0.352487857583619
"GO:0030193","regulation of blood coagulation",52,-0.61754136272377,-1.56360771818715,0.0220342972230376,0.173849126277873,0.116743085747971,852,"tags=19%, list=6%, signal=18%","84830/3273/4780/634/2160/350/7103/5624/5340/3827",0.352487857583619
"GO:1900046","regulation of hemostasis",52,-0.61754136272377,-1.56360771818715,0.0220342972230376,0.173849126277873,0.116743085747971,852,"tags=19%, list=6%, signal=18%","84830/3273/4780/634/2160/350/7103/5624/5340/3827",0.352487857583619
"GO:0002456","T cell mediated immunity",78,0.493078767348173,1.56341054605669,0.0148443369019145,0.137843621341948,0.0925646855447104,1850,"tags=35%, list=14%, signal=30%","567/3133/3134/11118/925/5551/5788/912/3071/182/10384/3140/23180/51571/10865/29126/7454/3606/2013/2213/5817/114548/11006/7186/7532/196/3077",0.380730400722792
"GO:0044819","mitotic G1/S transition checkpoint signaling",15,0.678961527235949,1.56337852671605,0.0399557065988163,0.239164606301265,0.160603707013637,2220,"tags=40%, list=16%, signal=33%","1026/595/1017/8525/51065/6118",0.321775918075361
"GO:0097237","cellular response to toxic substance",109,-0.54915804516022,-1.56319076169512,0.0117376780081705,0.11957378047145,0.0802961303611927,840,"tags=21%, list=6%, signal=20%","8934/10327/847/8802/4780/259/5743/10935/2643/25953/2878/132/3029/5071/5783/8803/10516/145226/55937/2168/217/2947/213",0.380730400722792
"GO:0071639","positive regulation of monocyte chemotactic protein-1 production",10,0.756363601767613,1.56288030971054,0.0305486116489247,0.202898010477265,0.136249979176657,576,"tags=30%, list=4%, signal=29%","4938/64581/4940",0.352487857583619
"GO:0019835","cytolysis",6,0.849312673774686,1.56264784332099,0.014868841952481,0.137853395893823,0.0925712493473134,1413,"tags=50%, list=10%, signal=45%","2634/115362/2635",0.380730400722792
"GO:0060675","ureteric bud morphogenesis",31,-0.653958403342873,-1.56263431179066,0.0457960119405043,0.258586895471935,0.17364615375248,1297,"tags=32%, list=10%, signal=29%","7481/5076/6299/7849/3975/9953/7490/2246/2625/6943",0.321775918075361
"GO:0039531","regulation of cytoplasmic pattern recognition receptor signaling pathway",108,0.471748070526403,1.56208459165286,0.00505899395337992,0.0777623364493528,0.0522189285988079,1080,"tags=18%, list=8%, signal=16%","2634/121260/4481/1956/330/23151/948/54209/5027/7128/115362/7099/1452/26191/338382/8473/4067/3428/11277",0.407017918923954
"GO:0045672","positive regulation of osteoclast differentiation",14,0.698998376766534,1.56145116727197,0.0329177072628661,0.211928021129383,0.14231380779884,520,"tags=21%, list=4%, signal=21%","23603/54209/7305",0.321775918075361
"GO:0048483","autonomic nervous system development",22,-0.699817331871598,-1.56138197718842,0.0448275862068966,0.256569183762549,0.172291220908428,151,"tags=14%, list=1%, signal=14%","7020/2625/7021",0.282013350011725
"GO:0031111","negative regulation of microtubule polymerization or depolymerization",28,0.602500729704139,1.56128123110526,0.0363249912984764,0.223813730453296,0.15029529388672,747,"tags=18%, list=6%, signal=17%","4131/1003/4133/22974/26586",0.321775918075361
"GO:0045906","negative regulation of vasoconstriction",10,0.755463031574286,1.56101945413873,0.0312631910034389,0.205783915697888,0.138187920930204,1164,"tags=40%, list=9%, signal=37%","133/9732/3688/3676",0.321775918075361
"GO:0006271","DNA strand elongation involved in DNA replication",15,0.677778735834912,1.56065502824995,0.0413700316076055,0.244887256585604,0.164446578514656,2602,"tags=53%, list=19%, signal=43%","5984/4176/54107/5111/5983/5422/3978/5425",0.321775918075361
"GO:0050921","positive regulation of chemotaxis",104,0.480342158031428,1.56045533446911,0.00388986411398187,0.0671229340586362,0.0450743619725637,1823,"tags=32%, list=14%, signal=28%","7422/7424/1012/3627/6688/6352/57118/3603/27347/4233/3071/54209/80310/7114/6351/6810/7423/728/102/5919/1906/5880/5228/8829/64065/9647/719/196527/1524/7040/1901/1235/811",0.431707695803346
"GO:0043300","regulation of leukocyte degranulation",32,0.594466105735853,1.56024742020904,0.0424317102799811,0.248172729378834,0.166652837701773,1365,"tags=41%, list=10%, signal=37%","11314/3134/6688/3689/8832/3071/9846/4067/6810/57102/2242/5880/2213",0.321775918075361
"GO:0006783","heme biosynthetic process",24,-0.699079704729107,-1.55947728382647,0.0384918386892956,0.233252605995546,0.156633683272883,1335,"tags=29%, list=10%, signal=26%","10857/1352/2235/211/51629/210/213",0.321775918075361
"GO:0010948","negative regulation of cell cycle process",234,0.43386136195971,1.55911469677039,0.000249109732232961,0.0103117394793334,0.00692453457788693,2617,"tags=30%, list=19%, signal=25%","1030/10457/1026/9735/4869/83540/51360/81620/151636/675/57099/3275/595/9555/5984/440275/83666/91607/1017/5982/7114/699/4067/9031/5985/9319/8317/1780/891/55743/83695/2273/990/323/197342/7517/5925/3014/26271/4683/25959/51720/10111/8454/338657/134359/604/23063/8914/29933/123879/8525/55755/5983/79027/51065/1843/5933/9344/6118/51776/29980/580/3364/51149/1063/28984/4361/545/10459/10116",0.49849310876659
"GO:0014902","myotube differentiation",101,0.477386577070951,1.55881498989476,0.00375403268075149,0.0657920146061406,0.0441806235506749,3792,"tags=57%, list=28%, signal=42%","858/4208/6157/6175/6137/6139/6132/6143/4856/6171/1794/3688/928/963/4666/79365/6173/30846/7494/6181/6168/6164/5738/11224/6134/25873/6158/23521/8506/6141/975/11096/80005/6124/6142/4323/6167/6169/4851/6133/9780/9349/6155/6129/51177/6147/6160/221662/6170/6130/8038/5339/9750/4736/6161/6135/6176/6156",0.431707695803346
"GO:0060425","lung morphogenesis",12,-0.786612058545365,-1.55876127601397,0.0311951513169453,0.20559148247431,0.138058698259939,779,"tags=17%, list=6%, signal=16%","1512/6943",0.352487857583619
"GO:0097193","intrinsic apoptotic signaling pathway",246,0.429269803425545,1.55792607501828,0.000364262441392432,0.0140864120427942,0.00945930097091597,2349,"tags=27%, list=17%, signal=23%","8996/857/64782/5163/8531/23612/1026/5034/330/30001/4690/27113/8717/8445/581/2023/54209/7188/7805/57761/100133941/754/6188/26471/90441/489/5371/3428/2956/57007/4487/1687/8321/4193/10550/468/2213/9451/7494/3429/6154/8454/6280/54541/761/960/7186/836/7132/5604/837/9181/6878/6477/22861/2081/22900/7133/51065/8795/29108/578/1396/637/4609/9641/25946",0.49849310876659
"GO:0030593","neutrophil chemotaxis",48,0.554721584263022,1.55696251703862,0.0160766590220332,0.144493274818825,0.0970300578055088,2809,"tags=46%, list=21%, signal=36%","3958/3627/57118/3689/4283/3071/51192/728/1906/7130/5880/6280/64065/719/5142/5478/4192/23604/120425/23396/7042/972",0.352487857583619
"GO:0033013","tetrapyrrole metabolic process",52,-0.614455776181995,-1.55579504810045,0.0233228383337085,0.178041095747453,0.119558075168498,1665,"tags=31%, list=12%, signal=27%","2938/54658/10857/55316/1352/2235/211/8029/259/55652/51629/210/81693/8803/2168/213",0.352487857583619
"GO:0141084","inflammasome-mediated signaling pathway",47,0.532598541082107,1.55517949442453,0.0272357975871734,0.192132315393261,0.129020604538791,2123,"tags=38%, list=16%, signal=32%","2634/948/54209/5027/115362/7099/1452/26191/51135/8473/3428/81926/114548/3654/4615/22861/22900/29108",0.352487857583619
"GO:0035771","interleukin-4-mediated signaling pathway",11,0.740890007614501,1.55450505139882,0.0352184188920602,0.21975994293793,0.147573096348873,2639,"tags=73%, list=20%, signal=59%","5788/3561/3566/54625/958/3716/3597/3718",0.321775918075361
"GO:0030890","positive regulation of B cell proliferation",24,0.601945945030688,1.55416897930489,0.0452273772120442,0.258103420633394,0.173321490950076,2893,"tags=62%, list=21%, signal=49%","4208/10673/5788/3071/7293/952/8660/7037/51293/115352/3574/975/23529/972/648",0.321775918075361
"GO:0050818","regulation of coagulation",56,-0.596698024393369,-1.55318151694138,0.0341896805205601,0.216192261707108,0.145177328680846,1147,"tags=21%, list=9%, signal=20%","284/5327/84830/3273/4780/634/2160/350/7103/5624/5340/3827",0.321775918075361
"GO:0035929","steroid hormone secretion",13,-0.762794849542689,-1.55283618051082,0.0499075785582255,0.267905704808447,0.179903916335091,1625,"tags=46%, list=12%, signal=41%","1601/6696/84417/185/654/65266",0.276500599254472
"GO:0010971","positive regulation of G2/M transition of mitotic cell cycle",18,0.678805725886454,1.55230552054233,0.020941500350108,0.168853414345589,0.113388367556575,2911,"tags=61%, list=22%, signal=48%","595/8317/891/6604/26271/6240/994/55920/5889/8766/50484",0.352487857583619
"GO:0001556","oocyte maturation",15,0.674088728942779,1.55215840906435,0.0420771945613603,0.247082666964711,0.165920839488107,1234,"tags=33%, list=9%, signal=30%","53917/891/22933/1906/1909",0.321775918075361
"GO:0035696","monocyte extravasation",8,0.801336269209044,1.55172612798377,0.0237097804821249,0.179103174175274,0.120271281588484,1158,"tags=50%, list=9%, signal=46%","140885/80310/5175/23236",0.352487857583619
"GO:0001959","regulation of cytokine-mediated signaling pathway",134,0.460000747726299,1.55131579743898,0.00476990792871279,0.0755628318644559,0.0507419182861575,2335,"tags=34%, list=17%, signal=28%","8996/307/7852/84166/4938/6352/834/25939/5788/54209/7128/7805/10019/4940/9636/83666/100133941/7837/102/558/1906/10010/90268/54625/6773/114769/6091/83643/958/8904/7737/3654/7186/147138/7444/353376/837/11140/22900/29108/1435/29110/4898/3574/9641",0.407017918923954
"GO:1901568","fatty acid derivative metabolic process",66,-0.580458369691171,-1.55071849845071,0.0281461275324464,0.19395420590354,0.1302440396208,1909,"tags=42%, list=14%, signal=37%","2182/79611/109703458/3158/2181/2180/123876/23305/224/5019/8529/9524/23205/1738/84869/2678/1579/38/22949/2639/66002/1800/55825/11001/84649/3248/594/4051",0.352487857583619
"GO:0034383","low-density lipoprotein particle clearance",21,0.638488682861072,1.55039838100735,0.0433778388769556,0.250929566401564,0.168504107638116,1172,"tags=43%, list=9%, signal=39%","3988/302/6646/948/54209/1445/3162/949/10330",0.321775918075361
"GO:0055080","monoatomic cation homeostasis",337,-0.491714140631083,-1.5503602845309,0.00121472667888052,0.0303836741211051,0.0204032309462924,1387,"tags=18%, list=10%, signal=17%","169026/482/221154/4494/51310/6359/7780/389015/8031/11261/6549/147007/8529/5663/3954/4495/51606/63933/254428/122416/155066/6505/526/185/55630/10699/654/1579/51218/48/9481/4881/5164/51458/9104/6387/249/93/1594/523/525/66002/283375/6340/368/10686/846/65010/50617/6337/245972/130733/8671/65266/57402/476/83697/5745/6338/6521/793",0.45505986738723
"GO:0031348","negative regulation of defense response",199,0.435398308689746,1.55032184001608,0.00107086657480487,0.0282266983260225,0.0189547795471226,1859,"tags=30%, list=14%, signal=26%","140885/240/3133/84166/3134/1003/4938/4345/79651/9111/25939/5788/56833/54209/23208/9140/3275/7128/5272/4940/9636/3635/7114/6737/409/4856/4067/9572/131450/10212/2494/3055/3428/11277/2896/2/7130/90268/313/7534/10162/2213/54625/6773/10906/5817/2778/5925/114548/2000/5682/10769/55646/7040/196/3587/6376/79626/7132",0.45505986738723
"GO:0007586","digestion",60,-0.599753497684471,-1.54901485871415,0.0295672643980045,0.199995834443579,0.134301111254164,298,"tags=13%, list=2%, signal=13%","118471/56667/65010/358/1056/1610/83697/115111",0.352487857583619
"GO:0070365","hepatocyte differentiation",6,-0.883146856965457,-1.54872522349218,0.0228881897498109,0.176099685920617,0.118254380529711,121,"tags=33%, list=1%, signal=33%","5105/5106",0.352487857583619
"GO:0002323","natural killer cell activation involved in immune response",6,0.841456265513358,1.54819286130447,0.0186794849262026,0.156697048866819,0.1052251305714,86,"tags=33%, list=1%, signal=33%","2214/3134",0.352487857583619
"GO:0043320","natural killer cell degranulation",6,0.841456265513358,1.54819286130447,0.0186794849262026,0.156697048866819,0.1052251305714,86,"tags=33%, list=1%, signal=33%","2214/3134",0.352487857583619
"GO:0031341","regulation of cell killing",52,0.533959063198011,1.54818229935537,0.0143128385931128,0.1360502033081,0.0913603702870493,1724,"tags=38%, list=13%, signal=34%","3133/3134/6688/5551/5788/912/3071/3140/5272/7305/56253/3635/409/51571/2213/5817/3075/114836/1524/7040",0.380730400722792
"GO:0140056","organelle localization by membrane tethering",66,0.516131631684041,1.54761195570062,0.0100220306975998,0.112208564648555,0.075350244001142,1751,"tags=18%, list=13%, signal=16%","858/488/54843/23344/6810/57488/8676/2054/5341/81671/9341/10228",0.380730400722792
"GO:0045089","positive regulation of innate immune response",304,0.419526944197228,1.547302374952,0.000119262359928348,0.00631553289782729,0.00424100376240444,1689,"tags=21%, list=13%, signal=19%","2634/121260/4481/11314/1520/3133/84166/3134/7098/6688/1956/4938/6352/330/834/64581/4332/23151/9111/912/948/54209/5027/7128/115362/7099/7305/51428/1452/26191/4940/83666/56253/338382/10392/409/7097/51135/144811/8473/4067/51284/23180/23643/9572/2664/80342/3055/5648/3428/29126/11277/5062/90268/10318/81926/5817/114548/114836/6280/80196/3665/3659/149628/3654",0.538434096309916
"GO:0038130","ERBB4 signaling pathway",8,-0.838700983126954,-1.54700821186886,0.0471698113207547,0.261816950843622,0.175815199058033,931,"tags=38%, list=7%, signal=35%","2066/3084/2064",0.287857117255149
"GO:2000209","regulation of anoikis",21,0.636724591145381,1.54611475779934,0.0433778388769556,0.250929566401564,0.168504107638116,1022,"tags=19%, list=8%, signal=18%","857/57343/7088/3688",0.321775918075361
"GO:2000316","regulation of T-helper 17 type immune response",23,0.64213815610975,1.54607890917544,0.033540736206907,0.214763014623311,0.144217561332968,3620,"tags=48%, list=27%, signal=35%","64581/84695/10865/3956/64170/10538/3718/9466/6046/969/80149",0.321775918075361
"GO:0046634","regulation of alpha-beta T cell activation",71,0.509272264158552,1.54585779896912,0.010574898479185,0.115466813498468,0.0775382217782958,2639,"tags=38%, list=20%, signal=31%","11314/3133/3958/639/301/3071/864/865/56253/84695/942/29126/3956/3606/64115/114548/11006/3659/861/3077/8477/10538/64926/7297/975/387/3718",0.380730400722792
"GO:0034767","positive regulation of monoatomic ion transmembrane transport",73,0.499535049564498,1.54582463114473,0.0115143028317424,0.118738722885933,0.0797353728733771,2133,"tags=26%, list=16%, signal=22%","857/1520/3627/27347/4283/6324/5027/3759/6786/2273/1906/1909/81671/196527/7220/6376/187/5025/444",0.380730400722792
"GO:0050860","negative regulation of T cell receptor signaling pathway",26,0.617809117273059,1.54554440568056,0.0436811804075637,0.251970538209676,0.169203140550489,1797,"tags=42%, list=13%, signal=37%","3958/4690/7805/26191/867/1445/29126/4068/29085/11006/8525",0.321775918075361
"GO:0090077","foam cell differentiation",26,0.617801011851545,1.5455241287236,0.0436811804075637,0.251970538209676,0.169203140550489,636,"tags=27%, list=5%, signal=26%","9619/4481/19/5601/6646/948/5583",0.321775918075361
"GO:0050927","positive regulation of positive chemotaxis",19,0.653303669063565,1.54490390666483,0.0277954988152569,0.19391155683565,0.130215399938241,245,"tags=21%, list=2%, signal=21%","7422/7424/1012/3603",0.352487857583619
"GO:0032620","interleukin-17 production",23,0.641625546555224,1.54484469685936,0.033540736206907,0.214763014623311,0.144217561332968,1866,"tags=52%, list=14%, signal=45%","3071/7099/23180/8140/10865/3606/64170/64115/114836/7040/3600/4615",0.321775918075361
"GO:0032660","regulation of interleukin-17 production",23,0.641625546555224,1.54484469685936,0.033540736206907,0.214763014623311,0.144217561332968,1866,"tags=52%, list=14%, signal=45%","3071/7099/23180/8140/10865/3606/64170/64115/114836/7040/3600/4615",0.321775918075361
"GO:0002523","leukocyte migration involved in inflammatory response",12,0.715127363870431,1.54449325439569,0.0392330104359403,0.236040568416026,0.158505854522084,1817,"tags=50%, list=13%, signal=43%","240/3689/56833/6280/1235/6376",0.321775918075361
"GO:1905952","regulation of lipid localization",106,0.474009571011397,1.54434317643152,0.00368772246003246,0.0652904596990085,0.0438438196288821,1350,"tags=21%, list=10%, signal=19%","29923/857/9619/4481/341/123/4828/302/19/948/54209/356/718/10226/21/949/10396/1906/27166/51703/55754/10162",0.431707695803346
"GO:0051132","NK T cell activation",13,0.700273263419164,1.54432216007968,0.0359567942321486,0.223384252828604,0.150006891268659,2926,"tags=77%, list=22%, signal=60%","11314/3958/9976/3606/2000/960/4609/64926/3932/29121",0.321775918075361
"GO:0034650","cortisol metabolic process",8,-0.837176625290563,-1.54419648976746,0.0471698113207547,0.261816950843622,0.175815199058033,610,"tags=25%, list=5%, signal=24%","653/3291",0.287857117255149
"GO:0032602","chemokine production",62,0.512915358710561,1.54355321798536,0.0105249619237294,0.115466813498468,0.0775382217782958,1119,"tags=23%, list=8%, signal=21%","140885/7098/4938/64581/54209/7099/4940/3162/23765/7097/51284/3566/3606/64170",0.380730400722792
"GO:0032642","regulation of chemokine production",62,0.512915358710561,1.54355321798536,0.0105249619237294,0.115466813498468,0.0775382217782958,1119,"tags=23%, list=8%, signal=21%","140885/7098/4938/64581/54209/7099/4940/3162/23765/7097/51284/3566/3606/64170",0.380730400722792
"GO:1902644","tertiary alcohol metabolic process",16,-0.730717264765045,-1.54310892502371,0.0495575221238938,0.267492300316114,0.179626307139518,1069,"tags=31%, list=8%, signal=29%","27233/84869/10327/653/3291",0.271288554688953
"GO:0001676","long-chain fatty acid metabolic process",74,-0.572757424344696,-1.54308682120374,0.0242818889994599,0.18089853426974,0.121476900977802,1909,"tags=41%, list=14%, signal=35%","2182/10999/51390/2166/2181/30/2938/2180/2946/10965/23305/80221/122970/1576/8529/23205/84830/6342/1579/641371/26061/22949/5743/66002/284541/2052/11001/5825/5730/4051",0.352487857583619
"GO:0006120","mitochondrial electron transport, NADH to ubiquinone",47,-0.620750836613304,-1.54247592963476,0.0482567362436843,0.264539355594521,0.177643347050948,2163,"tags=49%, list=16%, signal=41%","4719/6622/65018/4720/4729/4707/23479/4728/4709/4697/51103/4715/4704/4723/4722/4705/4536/4539/4538/4535/4540/4541/4537",0.321775918075361
"GO:0050798","activated T cell proliferation",27,0.611326312732356,1.54245828987793,0.0205087588337492,0.166967429951216,0.11212189217884,2123,"tags=41%, list=16%, signal=34%","7805/11119/56253/10385/100133941/29126/8744/3606/11006/11148/29108",0.352487857583619
"GO:0045123","cellular extravasation",49,0.533103729458309,1.54240212535654,0.0259078781895501,0.187314277980535,0.125785198259488,2811,"tags=43%, list=21%, signal=34%","140885/3689/83483/6404/80310/5175/3688/23236/3676/3683/9435/1524/6376/7412/4267/6402/4192/120425/3383/6693/729230",0.352487857583619
"GO:1904427","positive regulation of calcium ion transmembrane transport",32,0.587610221788634,1.54225333250801,0.0455458798684671,0.25838285433271,0.173509136140009,2133,"tags=28%, list=16%, signal=24%","857/3627/4283/5027/7220/6376/187/5025/444",0.321775918075361
"GO:1905039","carboxylic acid transmembrane transport",105,-0.553221509040183,-1.54117981219086,0.0108753621193382,0.116631697891577,0.0783204644130606,1246,"tags=30%, list=9%, signal=27%","25874/118980/117247/6567/6582/124935/8501/4036/6505/8604/9194/159963/6519/788/1468/123096/5997/5243/9058/9963/9122/57393/5825/11136/387700/59272/51660/220963/115111/153201/64849",0.380730400722792
"GO:1905523","positive regulation of macrophage migration",21,0.634556874757361,1.5408510404169,0.0456810283548101,0.258434152713738,0.17354358400537,2714,"tags=57%, list=20%, signal=46%","6352/54209/728/5919/719/6376/5025/1435/4192/1240/1436/4323",0.321775918075361
"GO:1904893","negative regulation of receptor signaling pathway via STAT",24,0.596507764911542,1.54012809919793,0.0498659748764079,0.267905704808447,0.179903916335091,561,"tags=17%, list=4%, signal=16%","857/5788/3561/10019",0.321775918075361
"GO:1904064","positive regulation of cation transmembrane transport",70,0.500307425849444,1.5390708648405,0.0170525901853105,0.148630297014287,0.0998081490576566,2133,"tags=26%, list=16%, signal=22%","857/1520/3627/27347/4283/6324/5027/3759/6786/2273/1906/1909/196527/7220/6376/187/5025/444",0.352487857583619
"GO:0031468","nuclear membrane reassembly",25,0.603502238574679,1.53810241414535,0.0480955528707569,0.264210896985336,0.177422780675966,1646,"tags=28%, list=12%, signal=25%","7329/221035/22933/128866/80346/1104/23141",0.321775918075361
"GO:0001909","leukocyte mediated cytotoxicity",74,0.499503794772797,1.53797049269731,0.011687951304267,0.119273919733475,0.0800947680156043,1724,"tags=39%, list=13%, signal=34%","2214/3133/3134/6688/5551/5788/912/3071/3140/5272/7305/56253/3635/914/203068/409/2212/57823/51571/2209/7409/2013/11151/2213/5817/114836/10870/1524/7040",0.380730400722792
"GO:0071621","granulocyte chemotaxis",71,0.50665525496967,1.53791406366422,0.0114721520369025,0.118511967790708,0.0795831023955649,2667,"tags=44%, list=20%, signal=35%","7422/3958/3627/6352/57118/3689/301/4283/3071/51192/23765/6351/728/5919/1906/7130/5880/6280/64065/719/6376/5142/1435/5478/4192/1240/23604/120425/23396/1436/7042",0.380730400722792
"GO:1905521","regulation of macrophage migration",33,0.571892702267257,1.53711467186042,0.0281889581550704,0.193970626437308,0.130255066330124,2714,"tags=55%, list=20%, signal=44%","6352/4345/56833/54209/131450/928/728/5919/719/1524/6376/5025/1435/4192/1240/975/1436/4323",0.352487857583619
"GO:0051783","regulation of nuclear division",96,0.481514462533322,1.53656298700654,0.0108633967801036,0.116631697891577,0.0783204644130606,2188,"tags=27%, list=16%, signal=23%","858/51203/7039/9735/83540/6790/699/9319/1613/1780/891/22933/23236/1906/7517/5925/26271/1104/23636/4288/79866/157313/55755/1843/5155/9585",0.380730400722792
"GO:0051099","positive regulation of binding",35,-0.62200543999197,-1.53634980784144,0.045531197301855,0.25838285433271,0.173509136140009,627,"tags=14%, list=5%, signal=14%","3005/1950/117854/2296/2625",0.276500599254472
"GO:0046839","phospholipid dephosphorylation",34,-0.628767220210731,-1.53601657867527,0.0430292598967298,0.250174074849632,0.167996780296774,1791,"tags=32%, list=13%, signal=28%","3632/3633/90809/22908/54886/8897/27124/4534/81537/196051/2053",0.287857117255149
"GO:0061318","renal filtration cell differentiation",16,-0.72695350950399,-1.53516072862136,0.0495575221238938,0.267492300316114,0.179626307139518,282,"tags=25%, list=2%, signal=25%","28999/5800/7490/7827",0.271288554688953
"GO:0072112","podocyte differentiation",16,-0.72695350950399,-1.53516072862136,0.0495575221238938,0.267492300316114,0.179626307139518,282,"tags=25%, list=2%, signal=25%","28999/5800/7490/7827",0.271288554688953
"GO:0072311","glomerular epithelial cell differentiation",16,-0.72695350950399,-1.53516072862136,0.0495575221238938,0.267492300316114,0.179626307139518,282,"tags=25%, list=2%, signal=25%","28999/5800/7490/7827",0.271288554688953
"GO:0035987","endodermal cell differentiation",33,0.570582310921753,1.53359264446775,0.0298845035426003,0.200985253802523,0.134965525689455,3098,"tags=45%, list=23%, signal=35%","3689/9555/55897/3909/3676/1284/2335/1295/3914/3679/1290/3678/4323/3624/1289",0.352487857583619
"GO:0060055","angiogenesis involved in wound healing",21,0.631454894015995,1.53331871283079,0.0456810283548101,0.258434152713738,0.17354358400537,896,"tags=33%, list=7%, signal=31%","7422/240/4162/10855/7128/947/7423",0.321775918075361
"GO:0050859","negative regulation of B cell receptor signaling pathway",7,0.812901004057384,1.53299488285301,0.0347741217686064,0.218378512559688,0.146645438853235,2521,"tags=86%, list=19%, signal=70%","11314/9404/4067/2213/115352/5777",0.321775918075361
"GO:0046164","alcohol catabolic process",23,-0.667741362941685,-1.53298397772462,0.0457746478873239,0.258586895471935,0.17364615375248,1122,"tags=48%, list=8%, signal=44%","51302/27233/26007/27284/6652/2710/55902/1593/219/55586/217",0.282013350011725
"GO:0052548","regulation of endopeptidase activity",7,0.812398258181997,1.5320467884965,0.0347741217686064,0.218378512559688,0.146645438853235,1672,"tags=71%, list=12%, signal=63%","1992/5271/27166/64115/7076",0.321775918075361
"GO:0035723","interleukin-15-mediated signaling pathway",9,0.768599632832083,1.53184293903882,0.0252094507861884,0.184085169690007,0.123616788937441,2706,"tags=78%, list=20%, signal=62%","3561/3601/23236/3716/3600/3718/920",0.352487857583619
"GO:0070672","response to interleukin-15",9,0.768599632832083,1.53184293903882,0.0252094507861884,0.184085169690007,0.123616788937441,2706,"tags=78%, list=20%, signal=62%","3561/3601/23236/3716/3600/3718/920",0.352487857583619
"GO:0071350","cellular response to interleukin-15",9,0.768599632832083,1.53184293903882,0.0252094507861884,0.184085169690007,0.123616788937441,2706,"tags=78%, list=20%, signal=62%","3561/3601/23236/3716/3600/3718/920",0.352487857583619
"GO:2000318","positive regulation of T-helper 17 type immune response",10,0.741274098905423,1.5317007462684,0.0454193274351995,0.25819613797302,0.173383752455567,1119,"tags=30%, list=8%, signal=28%","64581/10865/64170",0.321775918075361
"GO:0009084","L-glutamine family amino acid biosynthetic process",12,-0.772265691306131,-1.53033231734107,0.0422060985985271,0.24730048384166,0.166067107777673,597,"tags=25%, list=4%, signal=24%","4942/435/445",0.321775918075361
"GO:0071609","chemokine (C-C motif) ligand 5 production",9,0.767475331592683,1.52960217175068,0.0255433459474352,0.185134139924814,0.12432119294965,576,"tags=22%, list=4%, signal=21%","140885/4940",0.352487857583619
"GO:0071649","regulation of chemokine (C-C motif) ligand 5 production",9,0.767475331592683,1.52960217175068,0.0255433459474352,0.185134139924814,0.12432119294965,576,"tags=22%, list=4%, signal=21%","140885/4940",0.352487857583619
"GO:0002285","lymphocyte activation involved in immune response",138,0.460244412286586,1.52927677128458,0.00179365954879281,0.0394873813775435,0.026516548278495,1799,"tags=28%, list=13%, signal=24%","2214/121260/5699/3958/3134/5696/6688/3936/301/3071/54209/55619/7305/440275/3394/84695/5698/942/5130/5683/3956/2956/3606/3683/11151/2213/7494/4683/114548/114836/65992/202309/5682/7037/7040/3716/1235/84787",0.45505986738723
"GO:0006857","oligopeptide transport",18,-0.714536805640948,-1.52876170179103,0.0485611510791367,0.265414789441884,0.178231217987647,549,"tags=28%, list=4%, signal=27%","51629/1497/65010/6565/64849",0.276500599254472
"GO:0060330","regulation of response to type II interferon",10,0.739688307776403,1.52842401306089,0.0454193274351995,0.25819613797302,0.173383752455567,1911,"tags=40%, list=14%, signal=34%","84166/83666/54625/11140",0.321775918075361
"GO:0060334","regulation of type II interferon-mediated signaling pathway",10,0.739688307776403,1.52842401306089,0.0454193274351995,0.25819613797302,0.173383752455567,1911,"tags=40%, list=14%, signal=34%","84166/83666/54625/11140",0.321775918075361
"GO:0002031","G protein-coupled receptor internalization",8,0.789172855790427,1.52817261227211,0.0294142922522623,0.199420080575315,0.133914481279935,2125,"tags=62%, list=16%, signal=53%","133/8862/409/187/29978",0.352487857583619
"GO:0034381","plasma lipoprotein particle clearance",31,0.586089845285192,1.52787967210876,0.0323316928500071,0.209763455377861,0.140860259595594,1172,"tags=39%, list=9%, signal=35%","3988/4481/341/7436/302/6646/948/54209/1445/3162/949/10330",0.321775918075361
"GO:0002708","positive regulation of lymphocyte mediated immunity",67,0.516164778339815,1.52757235774786,0.00609910812202662,0.0887390038150309,0.0595899752467508,1799,"tags=27%, list=13%, signal=23%","567/3133/3134/912/54209/3140/56253/51571/10865/3606/5817/114548/114836/7037/7040/7186/7532/84787",0.407017918923954
"GO:0031663","lipopolysaccharide-mediated signaling pathway",48,0.544102939874949,1.52715868073044,0.0207611876503934,0.168091268607455,0.112876571799159,2372,"tags=48%, list=18%, signal=40%","140885/6688/5724/948/923/7128/7099/26191/7097/51135/4067/23643/949/3055/9450/114769/3654/6376/353376/22900/7096/148022/85363",0.352487857583619
"GO:0150078","positive regulation of neuroinflammatory response",14,0.683523198884369,1.52688208189065,0.0475295905693496,0.262223077096158,0.176087920773347,1116,"tags=29%, list=8%, signal=26%","6352/54209/26471/3606",0.321775918075361
"GO:0075509","endocytosis involved in viral entry into host cell",12,0.706618464280166,1.52611619503053,0.046486014631242,0.260978790833276,0.175252358231316,556,"tags=25%, list=4%, signal=24%","858/857/90861",0.321775918075361
"GO:1903232","melanosome assembly",19,0.645116959946438,1.52554433546281,0.0311989796473434,0.20559148247431,0.138058698259939,1225,"tags=26%, list=9%, signal=24%","10981/8905/1176/23682/10058",0.352487857583619
"GO:0008277","regulation of G protein-coupled receptor signaling pathway",104,0.469348860561809,1.52474214670692,0.00638788560805635,0.0913576438057305,0.0613484431753653,1258,"tags=25%, list=9%, signal=23%","858/133/9815/6352/8490/2869/8862/54209/493/6002/5996/10019/2771/718/84687/409/64784/7289/636/23295/10636/23236/10287/1906/11343/5341",0.407017918923954
"GO:1901844","regulation of cell communication by electrical coupling involved in cardiac conduction",9,0.764904375614241,1.52447817663811,0.0278806136913751,0.19395420590354,0.1302440396208,13,"tags=11%, list=0%, signal=11%","857",0.352487857583619
"GO:0007088","regulation of mitotic nuclear division",92,0.475606852441455,1.52392268038366,0.0129337714257386,0.127088530810254,0.0853424320709603,2188,"tags=26%, list=16%, signal=22%","858/51203/7039/9735/83540/6790/699/9319/1613/1780/891/1906/7517/5925/26271/1104/23636/4288/79866/157313/55755/1843/5155/9585",0.380730400722792
"GO:0072488","ammonium transmembrane transport",4,-0.948809664768769,-1.52357870021478,0.0114564176650733,0.118511967790708,0.0795831023955649,571,"tags=75%, list=4%, signal=72%","51458/57127/358",0.380730400722792
"GO:1903131","mononuclear cell differentiation",340,0.408452884547108,1.52330833779885,9.03536209792983e-05,0.00525840182293382,0.003531119586594,2381,"tags=30%, list=18%, signal=25%","7422/5699/3714/3059/5696/639/6688/925/80758/939/4869/10673/301/5788/912/56833/3561/3071/864/865/54209/55619/10051/60/714/3140/1029/7805/26191/6932/56253/3635/3394/84695/914/7097/54567/4067/3087/5698/942/916/5683/3428/3688/6602/8744/3956/2908/3606/55716/3676/558/2242/5971/96459/27166/6604/375387/2213/9840/7494/3702/64115/4627/114548/11006/399/604/2146/114836/3665/65992/5682/3659/861/7040/3716/1235/3600/10320/7226/23240/150372/196528/7412/55509/8477/2323/7351/3976/1435/10538/29110/5688/115352/3574/51176/4609/998/917/6598",0.538434096309916
"GO:0048245","eosinophil chemotaxis",9,0.76415086514951,1.52297640687973,0.028214509289537,0.193970626437308,0.130255066330124,763,"tags=33%, list=6%, signal=31%","3958/6352/6351",0.352487857583619
"GO:0060368","regulation of Fc receptor mediated stimulatory signaling pathway",10,0.737041644484124,1.52295519100723,0.0475318129206434,0.262223077096158,0.176087920773347,788,"tags=30%, list=6%, signal=28%","5788/1445/4067",0.321775918075361
"GO:0008625","extrinsic apoptotic signaling pathway via death domain receptors",65,0.500856911925271,1.52248364461993,0.0212254936817765,0.170209347696429,0.114298903300037,2316,"tags=38%, list=17%, signal=32%","3958/6688/355/330/8717/581/7188/7128/356/3162/6672/6810/282991/8682/4803/80196/4846/7186/147138/9994/7132/9181/8795/2266/637",0.352487857583619
"GO:0044342","type B pancreatic cell proliferation",10,0.736556008889853,1.52195171819837,0.0489401375470614,0.266608089436169,0.179032542253915,890,"tags=40%, list=7%, signal=37%","1992/4856/26471/9572",0.321775918075361
"GO:0097267","omega-hydroxylase P450 pathway",6,-0.867041004624177,-1.52048129150052,0.0298039401798663,0.200673035941872,0.134755865294501,1129,"tags=50%, list=8%, signal=46%","8529/1579/4051",0.352487857583619
"GO:0002833","positive regulation of response to biotic stimulus",321,0.411905963100143,1.51990440679339,0.000147505755297815,0.00722532358033795,0.00485194598532527,1889,"tags=24%, list=14%, signal=21%","2634/121260/4481/11314/1520/3133/84166/3134/7098/6688/1956/4938/6352/330/834/64581/4332/84034/23151/9111/912/948/54209/5027/3140/7128/115362/7099/7305/51428/1452/26191/4940/83666/56253/338382/10392/409/7097/51135/144811/8473/4067/51284/23180/23643/9572/2664/80342/3055/5648/3428/29126/11277/9450/2896/1687/5062/90268/10318/81926/5817/114548/114836/6280/80196/3665/3659/149628/3654/7186/7532/353376/81622/4615/64135",0.518848077743792
"GO:0033045","regulation of sister chromatid segregation",94,0.467351431773295,1.51941796165855,0.0198899064085065,0.163959353043894,0.110101909750129,2439,"tags=26%, list=18%, signal=21%","10783/10460/9735/83540/60/57520/699/9319/1780/891/55743/6602/990/6604/7517/5925/26271/55755/196528/1843/51776/6598/1063/29945",0.352487857583619
"GO:0051798","positive regulation of hair follicle development",6,0.82579820449649,1.51938364176245,0.0279333250726223,0.19395420590354,0.1302440396208,489,"tags=33%, list=4%, signal=32%","8717/10855",0.352487857583619
"GO:0036344","platelet morphogenesis",12,0.70318973106131,1.51871100317913,0.0491234759760038,0.266864872261507,0.179204976939316,1814,"tags=33%, list=13%, signal=29%","4208/87/4627/836",0.321775918075361
"GO:0060100","positive regulation of phagocytosis, engulfment",12,0.703147215604567,1.51861918060393,0.0491234759760038,0.266864872261507,0.179204976939316,632,"tags=33%, list=5%, signal=32%","11031/3071/54209/718",0.321775918075361
"GO:1905155","positive regulation of membrane invagination",12,0.703147215604567,1.51861918060393,0.0491234759760038,0.266864872261507,0.179204976939316,632,"tags=33%, list=5%, signal=32%","11031/3071/54209/718",0.321775918075361
"GO:0032819","positive regulation of natural killer cell proliferation",4,0.894883437866408,1.51775678928572,0.0224265514593725,0.175667761828938,0.117964335061258,76,"tags=50%, list=1%, signal=50%","2214/3133",0.352487857583619
"GO:0060339","negative regulation of type I interferon-mediated signaling pathway",18,0.663672256976512,1.51769802323052,0.0311290267781789,0.20559148247431,0.138058698259939,590,"tags=28%, list=4%, signal=27%","84166/4938/25939/4940/9636",0.352487857583619
"GO:0032885","regulation of polysaccharide biosynthetic process",30,0.584249326501497,1.51764593126378,0.0413581916771167,0.244887256585604,0.164446578514656,904,"tags=17%, list=7%, signal=16%","5507/8445/10580/79660/648791",0.321775918075361
"GO:0022407","regulation of cell-cell adhesion",343,0.405643078710295,1.51749319720069,0.000118075327754779,0.00630951615038721,0.00423696339891594,1957,"tags=27%, list=15%, signal=23%","140885/857/7422/240/10457/11314/567/5699/3133/3958/5696/6688/6352/10076/939/3689/6541/55824/4690/301/84034/5788/912/3561/3071/864/182/80381/865/80709/1948/60/923/1029/7805/26191/867/10019/56253/1445/84695/10385/100133941/4067/2113/5698/942/2494/51571/916/5683/29126/6602/8744/3956/928/283234/3606/9231/7409/3676/2042/6604/9840/7494/64115/114548/83706/11006/399/604/9647/5682/3659/9435/11148/960/3654/7037/861/7040/3716/7532/3600/6376/3077/79626/5604/23240/196528/7412",0.538434096309916
"GO:2000109","regulation of macrophage apoptotic process",6,0.824753989129707,1.51746239303833,0.0289615329570808,0.196804497944186,0.132158066428021,493,"tags=50%, list=4%, signal=48%","4208/6352/1029",0.352487857583619
"GO:0032373","positive regulation of sterol transport",27,0.601342061268846,1.51726668415547,0.0235754056563232,0.178788792882012,0.120060168406251,374,"tags=19%, list=3%, signal=18%","857/9619/302/19/54209",0.352487857583619
"GO:0032376","positive regulation of cholesterol transport",27,0.601342061268846,1.51726668415547,0.0235754056563232,0.178788792882012,0.120060168406251,374,"tags=19%, list=3%, signal=18%","857/9619/302/19/54209",0.352487857583619
"GO:0050886","endocrine process",53,-0.586850309285763,-1.51697793663152,0.0417335473515249,0.246047935137676,0.165225996844972,1709,"tags=30%, list=13%, signal=26%","5547/1601/1636/6696/9727/290/84417/185/4311/10699/654/6926/59272/65266/1393/3291",0.282013350011725
"GO:2000514","regulation of CD4-positive, alpha-beta T cell activation",47,0.519459855362927,1.51681473553382,0.0360927963438357,0.223514808540147,0.150094561980349,3415,"tags=47%, list=25%, signal=35%","301/3071/864/865/84695/942/29126/3956/3606/64115/114548/861/8477/10538/975/3718/8651/5914/3965/654346/6046/969",0.321775918075361
"GO:0090049","regulation of cell migration involved in sprouting angiogenesis",34,0.565009097800751,1.51679759163149,0.0285805959398896,0.195345049924036,0.131178018561179,3187,"tags=47%, list=24%, signal=36%","7422/301/161742/57608/3162/54567/8829/10769/57381/22915/6915/387/51564/4851/90627/10000",0.352487857583619
"GO:0045471","response to ethanol",79,-0.562217448606312,-1.51662157878988,0.0292792347912136,0.198733651388861,0.133453530666666,962,"tags=19%, list=7%, signal=18%","5950/211/847/4538/5997/210/222236/4513/5465/3248/4519/18/5578/1393/2625",0.352487857583619
"GO:0045061","thymic T cell selection",23,0.629805897588484,1.51638647520182,0.0447063244791866,0.256124537318381,0.171992632131651,2379,"tags=35%, list=18%, signal=29%","5699/3714/5698/916/5683/5682/5688/917",0.321775918075361
"GO:1901222","regulation of non-canonical NF-kappaB signal transduction",69,0.494622564077408,1.5160024996765,0.011982240557905,0.121016512026401,0.0812649527949722,2132,"tags=35%, list=16%, signal=29%","8996/6688/939/9111/54209/7805/26191/56672/10392/6737/4856/6188/942/3606/9770/1906/114548/10616/8904/54976/114899/84675/29108/8740",0.380730400722792
"GO:0048278","vesicle docking",48,0.54011080717577,1.51595377875439,0.0220325766804212,0.173849126277873,0.116743085747971,1751,"tags=17%, list=13%, signal=15%","858/54843/6810/8676/2054/5341/9341/10228",0.352487857583619
"GO:0071453","cellular response to oxygen levels",135,0.447946973483448,1.51591428197385,0.00624157959073284,0.0899215804762933,0.0603840985853325,558,"tags=15%, list=4%, signal=14%","29923/8996/857/7422/8614/5230/5163/112399/56901/355/5034/30001/132864/27113/55332/2023/54209/57103/595/867",0.407017918923954
"GO:1900087","positive regulation of G1/S transition of mitotic cell cycle",30,0.583367964561463,1.51535650566825,0.0421612383713156,0.24730048384166,0.166067107777673,2640,"tags=37%, list=20%, signal=30%","6241/1956/595/23236/990/6240/894/55904/207/28984/134353",0.321775918075361
"GO:0002690","positive regulation of leukocyte chemotaxis",69,0.494120289729874,1.51446304470278,0.011982240557905,0.121016512026401,0.0812649527949722,1823,"tags=32%, list=14%, signal=28%","7422/7424/3627/6688/6352/57118/27347/3071/6351/7423/728/102/5919/1906/5880/5228/64065/719/196527/1524/1235/811",0.380730400722792
"GO:0035747","natural killer cell chemotaxis",4,0.892880666285047,1.51436001151962,0.0227742430206549,0.175995729238844,0.118184571586324,763,"tags=50%, list=6%, signal=47%","6352/6351",0.352487857583619
"GO:0033077","T cell differentiation in thymus",49,0.523289854574048,1.51400813626393,0.0304932326636593,0.202759300449083,0.136156832681987,1904,"tags=24%, list=14%, signal=21%","5699/3714/5788/3140/1029/5698/916/5683/9840/5682/1235/23240",0.352487857583619
"GO:0000022","mitotic spindle elongation",6,0.82279984489052,1.51386696890869,0.0303324774590129,0.202147735265394,0.135746154709607,84,"tags=17%, list=1%, signal=17%","24137",0.352487857583619
"GO:0051231","spindle elongation",6,0.82279984489052,1.51386696890869,0.0303324774590129,0.202147735265394,0.135746154709607,84,"tags=17%, list=1%, signal=17%","24137",0.352487857583619
"GO:0002263","cell activation involved in immune response",203,0.423733552980305,1.51313628516354,0.00091660637500059,0.0260280786099201,0.0174783634411603,1799,"tags=27%, list=13%, signal=24%","2214/121260/11314/5699/3958/3134/5696/6688/3936/3689/8291/301/8832/9111/7462/3071/54209/55619/7305/867/440275/9846/3394/84695/4067/5698/6810/942/5130/1794/5683/3956/2956/2896/3606/57102/3683/2242/11151/5880/2213/7494/4683/114548/114836/65992/202309/5682/7037/1524/7040/3716/1235/2207/84787",0.477270815362862
"GO:0006935","chemotaxis",307,0.4151186012678,1.51285115236852,0.000112927579271087,0.00620362907435001,0.00416585815805523,2204,"tags=31%, list=16%, signal=27%","7422/240/7424/1012/7852/10457/3958/3627/55558/6688/6352/5724/57118/3689/3603/27347/301/4233/4283/23603/5898/56833/3071/9034/54209/51192/1948/5355/1890/57556/3672/718/80310/5154/23765/7114/409/4856/6351/4067/391/9732/6810/7423/54437/51571/10505/25960/728/57007/6405/102/5919/5330/2242/1906/10509/7130/11151/5880/5228/8829/2321/6091/2357/6364/58191/2359/285/6280/64065/9647/719/3730/196527/1524/7040/1901/1235/7226/6376/811/80270/123920/5604/7412/5025/1843/5155/6223/5142/25865/80024/1130/1435/10718",0.538434096309916
"GO:0042330","taxis",307,0.4151186012678,1.51285115236852,0.000112927579271087,0.00620362907435001,0.00416585815805523,2204,"tags=31%, list=16%, signal=27%","7422/240/7424/1012/7852/10457/3958/3627/55558/6688/6352/5724/57118/3689/3603/27347/301/4233/4283/23603/5898/56833/3071/9034/54209/51192/1948/5355/1890/57556/3672/718/80310/5154/23765/7114/409/4856/6351/4067/391/9732/6810/7423/54437/51571/10505/25960/728/57007/6405/102/5919/5330/2242/1906/10509/7130/11151/5880/5228/8829/2321/6091/2357/6364/58191/2359/285/6280/64065/9647/719/3730/196527/1524/7040/1901/1235/7226/6376/811/80270/123920/5604/7412/5025/1843/5155/6223/5142/25865/80024/1130/1435/10718",0.538434096309916
"GO:0045861","negative regulation of proteolysis",36,-0.624121936148139,-1.51199881716722,0.0438311688311688,0.252340831524339,0.169451799747755,195,"tags=6%, list=1%, signal=5%","2619/3827",0.276500599254472
"GO:0048259","regulation of receptor-mediated endocytosis",92,0.471712279854466,1.51144382843852,0.0141894396856535,0.135226303418933,0.0908071054103821,1305,"tags=20%, list=10%, signal=18%","7422/341/567/55589/302/8862/5898/1948/967/867/718/7018/409/636/116985/4193/88455/84058",0.380730400722792
"GO:0031623","receptor internalization",105,0.455331618228305,1.51053461821668,0.00859627688686277,0.104004454952158,0.0698410240109225,2153,"tags=27%, list=16%, signal=23%","857/7422/133/11031/3689/302/8862/5898/948/1948/967/409/3688/928/57007/116985/4193/88455/84058/10203/11006/7037/2207/187/9146/338692/29978/10266",0.380730400722792
"GO:0016053","organic acid biosynthetic process",239,-0.487034614662464,-1.51040385420151,0.00245642185101536,0.0479695934892634,0.0322125194754296,1257,"tags=22%, list=9%, signal=20%","122970/1576/4522/27349/51302/9524/1582/23205/873/84869/29968/2678/8309/157506/6342/1579/5053/55902/113220/4942/435/1593/348158/2628/130013/5743/4023/634/51495/51733/284541/6470/55825/64902/11001/51/5825/1962/5730/635/2326/8854/8803/112817/18/26227/23743/6296/1491/79966/445/189",0.431707695803346
"GO:0002931","response to ischemia",39,0.549500865660501,1.51001296074776,0.0463842237496159,0.260656278394113,0.175035784825707,444,"tags=15%, list=3%, signal=15%","3099/8996/4208/54209/57103/5027",0.321775918075361
"GO:0034219","carbohydrate transmembrane transport",80,-0.548379042365097,-1.50926372993668,0.024264920336897,0.18089853426974,0.121476900977802,725,"tags=19%, list=5%, signal=18%","100506658/56606/57210/9481/4780/55022/6526/9963/6514/10158/65010/55600/358/154091/359",0.352487857583619
"GO:2000736","regulation of stem cell differentiation",58,-0.579245239469536,-1.50897575062339,0.0419863275884008,0.246892364502237,0.165793047665564,1341,"tags=17%, list=10%, signal=16%","5156/1107/2649/5764/23788/678/4780/117854/2296/2103",0.321775918075361
"GO:0007346","regulation of mitotic cell cycle",384,0.396873087382516,1.50715655075319,3.67111995418553e-05,0.00276651834496186,0.00185777113341941,2548,"tags=26%, list=19%, signal=22%","858/1030/6241/10783/51203/10457/7039/1956/1026/9735/83540/51360/6790/11040/440/8826/60/57099/3275/595/1029/1978/57520/91607/1017/84687/699/9319/1613/5683/8317/5371/1780/891/55743/6602/22933/5310/23236/2273/4193/1906/990/6604/197342/7517/5925/26271/4683/25959/51720/10111/8454/604/8914/5682/1104/23636/29933/4288/6240/79866/7040/123879/8525/157313/55755/196528/994/79027/51065/1843/5155/6198/5933/9585/9344/6118/5688/894/51776/29980/580/10393/64848/6598/3364/51149/1031/1063/1164/29945/55920/55904/207/28984/5777/5889/4361",0.557332238758646
"GO:0032835","glomerulus development",53,-0.583044502401257,-1.50714012112129,0.0417335473515249,0.246047935137676,0.165225996844972,592,"tags=19%, list=4%, signal=18%","1285/3975/28999/5800/358/7490/2296/1286/6943/7827",0.282013350011725
"GO:0097191","extrinsic apoptotic signaling pathway",152,0.442053788672965,1.50712806628492,0.00273629591103308,0.0521093816777681,0.03499246814596,2206,"tags=30%, list=16%, signal=25%","8996/857/3958/7098/6688/355/939/330/8717/581/5027/7188/7128/7099/356/3162/6478/6672/6810/282991/8682/5371/5062/4803/51703/8829/219699/3429/4055/80196/7046/4846/7040/7186/147138/9994/7132/9181/7133/8795/29108/8740/578/4804/2266",0.431707695803346
"GO:0002725","negative regulation of T cell cytokine production",6,0.819073398644725,1.50701069162818,0.0323888954242381,0.20990289669644,0.140953897166056,1850,"tags=50%, list=14%, signal=43%","3134/11006/3077",0.321775918075361
"GO:0044774","mitotic DNA integrity checkpoint signaling",57,0.500681877442437,1.50694505979453,0.0316342633575174,0.207067037879162,0.139049562550388,3047,"tags=39%, list=23%, signal=30%","1026/51360/595/1017/8317/990/197342/4683/51720/8914/8525/51065/9344/6118/51776/29980/3364/51149/4361/1111/60561/80279",0.321775918075361
"GO:0030866","cortical actin cytoskeleton organization",35,0.551188211444364,1.50587242921727,0.0277733476792579,0.19391155683565,0.130215399938241,1336,"tags=31%, list=10%, signal=28%","91010/3936/10095/10552/3071/8826/1894/128239/114793/5341/2037",0.352487857583619
"GO:1902750","negative regulation of cell cycle G2/M phase transition",60,0.500106127942573,1.50582609510077,0.0299332443779781,0.20108298337572,0.135031153007741,2666,"tags=33%, list=20%, signal=27%","1026/51360/57099/9555/8317/55743/2273/990/4683/51720/10111/29933/9344/29980/580/3364/51149/4361/545/1111",0.352487857583619
"GO:1902808","positive regulation of cell cycle G1/S phase transition",39,0.547902050960017,1.50561946281093,0.0480261010494232,0.2640761664813,0.177332306509531,2640,"tags=33%, list=20%, signal=27%","6241/1956/595/23236/990/2146/65992/6240/894/55904/207/28984/134353",0.321775918075361
"GO:0002377","immunoglobulin production",67,0.508685741245571,1.50543839819237,0.0076494194518817,0.100015657414214,0.0671624685129833,2874,"tags=42%, list=21%, signal=33%","121260/3133/25939/5788/10051/2821/6810/942/5130/2956/2590/7293/2213/7494/4683/7037/7040/1235/84787/10538/115352/11331/7518/10459/10758/23529/112441434/84542",0.407017918923954
"GO:0007423","sensory organ development",233,-0.485789523277438,-1.5052392233463,0.00451533399108687,0.0735211445972538,0.0493708853864894,1564,"tags=21%, list=12%, signal=19%","22926/10253/25945/23554/63915/655/84059/5156/2562/5076/4646/658/148398/6297/5663/6505/27151/5950/55084/4212/149461/2043/341640/7782/221322/654/7849/10152/9481/64220/3975/93/5087/525/4648/283375/8100/2254/56603/6926/2823/7490/7020/2296/54845/2103/2625/7021/793",0.407017918923954
"GO:0071295","cellular response to vitamin",21,-0.683124715919137,-1.50478542075567,0.0473684210526316,0.262223077096158,0.176087920773347,552,"tags=29%, list=4%, signal=27%","2348/1594/1591/846/7421/6422",0.276500599254472
"GO:0032011","ARF protein signal transduction",18,0.657929560337373,1.50456551807362,0.0349021984465374,0.218611431698797,0.146801848606976,2149,"tags=33%, list=16%, signal=28%","9815/9448/10982/27128/57221/28964",0.321775918075361
"GO:0032012","regulation of ARF protein signal transduction",18,0.657929560337373,1.50456551807362,0.0349021984465374,0.218611431698797,0.146801848606976,2149,"tags=33%, list=16%, signal=28%","9815/9448/10982/27128/57221/28964",0.321775918075361
"GO:0048593","camera-type eye morphogenesis",53,-0.581960709178833,-1.50433857125368,0.0417335473515249,0.246047935137676,0.165225996844972,689,"tags=11%, list=5%, signal=11%","10152/64220/3975/7020/7021/793",0.282013350011725
"GO:0031915","positive regulation of synaptic plasticity",6,0.817404484066679,1.50394006069732,0.0337598414277404,0.215328465871525,0.144597272896494,14,"tags=17%, list=0%, signal=17%","4131",0.321775918075361
"GO:0030902","hindbrain development",61,-0.576879899404758,-1.50312949704688,0.0425531914893617,0.248635844507424,0.166963828561063,1380,"tags=21%, list=10%, signal=19%","655/482/5663/4512/3753/653/3975/4538/6751/89797/79971/18/2296",0.282013350011725
"GO:0001936","regulation of endothelial cell proliferation",100,0.464596489806725,1.50228852716385,0.00843197125175128,0.103861087298867,0.0697447498299699,896,"tags=15%, list=7%, signal=14%","858/857/7422/240/1012/4208/56005/22846/8862/5797/57608/3162/6667/54567/7423",0.380730400722792
"GO:0007159","leukocyte cell-cell adhesion",292,0.409907495958224,1.50223050296003,0.00022178892430619,0.00948570625214984,0.00636983712305111,1784,"tags=29%, list=13%, signal=26%","140885/857/240/10457/11314/567/5699/3133/3958/5696/6352/939/3689/6541/55824/4690/301/5788/912/3561/3071/864/80381/865/1948/60/3687/923/1029/7805/6793/26191/867/56253/6404/1445/84695/10385/5175/100133941/4067/2113/5698/942/2494/51571/916/5683/3688/29126/6602/8744/3956/283234/3606/9231/7409/3676/3683/6604/5880/10318/9840/7494/64115/114548/4478/83706/11006/399/604/6280/5682/3659/9435/11148/960/3654/7037/861/1524/7040/7532/3600",0.518848077743792
"GO:0050829","defense response to Gram-negative bacterium",40,-0.607668308024158,-1.50215405784896,0.0407523510971787,0.242206592264122,0.162646460035808,174,"tags=10%, list=1%, signal=10%","358/1672/1610/7369",0.282013350011725
"GO:0070228","regulation of lymphocyte apoptotic process",30,0.578261856612567,1.50209288070245,0.0469795274188062,0.261548466593647,0.175634906637312,2809,"tags=47%, list=21%, signal=37%","3958/6352/27113/4067/29126/96459/27166/604/64065/8660/25865/917/3718/972",0.321775918075361
"GO:0044272","sulfur compound biosynthetic process",102,-0.531939744056467,-1.50196947533144,0.0248064678530381,0.182722328371125,0.12270161435844,1918,"tags=35%, list=14%, signal=31%","4357/2182/4144/109703458/55256/80704/2181/2938/2180/23305/4522/9524/6505/23205/53354/1738/5095/84693/84869/10327/2678/1743/4594/55902/38/4780/5164/2639/5160/3029/11001/5162/635/2326/23743/1491",0.352487857583619
"GO:2000772","regulation of cellular senescence",31,0.575971269494601,1.50150152141138,0.0391594236179347,0.235839233633422,0.158370654280974,237,"tags=10%, list=2%, signal=10%","10783/567/22846",0.321775918075361
"GO:0042168","heme metabolic process",40,-0.607153654778666,-1.50088183671962,0.0407523510971787,0.242206592264122,0.162646460035808,1665,"tags=30%, list=12%, signal=26%","2938/54658/10857/1352/2235/211/259/55652/51629/210/2168/213",0.282013350011725
"GO:0046365","monosaccharide catabolic process",40,0.538786611508042,1.50077773138254,0.0478367896905312,0.263281507304253,0.17679867734249,373,"tags=20%, list=3%, signal=20%","3099/2026/5230/5214/226/7167/5315/2023",0.321775918075361
"GO:0031397","negative regulation of protein ubiquitination",57,0.498624999810487,1.50075429930226,0.0342166138734821,0.216192261707108,0.145177328680846,980,"tags=14%, list=7%, signal=13%","857/151636/7128/9636/409/6188/8473/153769",0.321775918075361
"GO:0030218","erythrocyte differentiation",83,0.483282645280398,1.49952113423218,0.00867828812479751,0.104121501419893,0.0699196230013909,866,"tags=14%, list=6%, signal=14%","7422/79876/3059/6688/3071/23306/10019/9636/9935/4067/2113/440712",0.380730400722792
"GO:0045005","DNA-templated DNA replication maintenance of fidelity",60,0.497532250046905,1.49807611507784,0.0313473848391119,0.205803772797032,0.138201255360337,2596,"tags=37%, list=19%, signal=30%","5428/25939/675/91607/51750/374393/63901/197342/7517/4683/10111/8914/5111/259282/57697/1663/29980/580/8450/5889/4361/545",0.321775918075361
"GO:0055123","digestive system development",52,-0.591441050993048,-1.497522025256,0.0413476263399694,0.244887256585604,0.164446578514656,579,"tags=12%, list=4%, signal=11%","64220/23242/79971/8854/445/6943",0.276500599254472
"GO:0008210","estrogen metabolic process",21,-0.679152405343135,-1.49603522492439,0.0473684210526316,0.262223077096158,0.176087920773347,2748,"tags=52%, list=20%, signal=42%","1551/7923/51144/54578/54657/54658/51170/1576/7364/54600/79154",0.276500599254472
"GO:0050926","regulation of positive chemotaxis",20,0.640041935625789,1.49556612941403,0.0467085223187314,0.261548466593647,0.175634906637312,1727,"tags=40%, list=13%, signal=35%","7422/7424/1012/3603/7423/5228/285/1901",0.321775918075361
"GO:0030261","chromosome condensation",30,0.575715514379657,1.495478502638,0.0485856266484293,0.265414789441884,0.178231217987647,1982,"tags=30%, list=15%, signal=26%","51203/10051/9031/891/10270/11044/7153/29781/54892",0.321775918075361
"GO:0034101","erythrocyte homeostasis",86,0.490154649927102,1.49503699238444,0.00533019553976666,0.080335613801919,0.053946934629415,866,"tags=15%, list=6%, signal=14%","7422/79876/3059/6688/3071/23306/10019/9636/9935/3162/4067/2113/440712",0.407017918923954
"GO:0046394","carboxylic acid biosynthetic process",236,-0.481871799188552,-1.49487768122906,0.00892831802173224,0.106362524181891,0.0714245135813352,1257,"tags=22%, list=9%, signal=20%","122970/1576/4522/27349/51302/9524/1582/23205/873/84869/29968/2678/8309/157506/6342/1579/5053/55902/113220/4942/435/1593/348158/2628/130013/5743/4023/634/51495/51733/284541/6470/55825/64902/11001/51/5825/1962/5730/635/8854/8803/112817/18/26227/23743/6296/1491/79966/445/189",0.380730400722792
"GO:0001910","regulation of leukocyte mediated cytotoxicity",45,0.527196290655902,1.49382862200015,0.0273691413769647,0.19243518303086,0.129223986076239,1724,"tags=40%, list=13%, signal=35%","3133/3134/6688/5788/912/3071/3140/5272/7305/56253/3635/409/51571/2213/5817/114836/1524/7040",0.352487857583619
"GO:0002793","positive regulation of peptide secretion",64,-0.564823469664456,-1.49371909839125,0.0384615384615385,0.233252605995546,0.156633683272883,2188,"tags=33%, list=16%, signal=28%","286676/2746/8938/2182/3123/5007/25924/134/169026/781/5019/84417/5587/5950/9854/6514/5071/846/18/5578/10411",0.287857117255149
"GO:0032604","granulocyte macrophage colony-stimulating factor production",6,0.811337423653872,1.49277729442511,0.0388409074067472,0.234401287204169,0.157405045152614,1119,"tags=50%, list=8%, signal=46%","8832/3606/64170",0.321775918075361
"GO:0032645","regulation of granulocyte macrophage colony-stimulating factor production",6,0.811337423653872,1.49277729442511,0.0388409074067472,0.234401287204169,0.157405045152614,1119,"tags=50%, list=8%, signal=46%","8832/3606/64170",0.321775918075361
"GO:0090594","inflammatory response to wounding",20,0.638821651708229,1.4927147298513,0.047432671061779,0.262223077096158,0.176087920773347,1099,"tags=30%, list=8%, signal=28%","240/7098/5601/7099/3162/2896",0.321775918075361
"GO:0048149","behavioral response to ethanol",3,-0.94665537603445,-1.49266482404203,0.024486875131946,0.181369802592281,0.121793366866166,54,"tags=33%, list=0%, signal=33%","1393",0.352487857583619
"GO:0007091","metaphase/anaphase transition of mitotic cell cycle",85,0.46795881452644,1.49197005864121,0.0170551600942237,0.148630297014287,0.0998081490576566,2439,"tags=27%, list=18%, signal=22%","10783/10460/9735/83540/60/57520/699/9319/1780/891/6602/990/6604/7517/5925/26271/55755/196528/1843/51776/6598/1063/29945",0.352487857583619
"GO:0010743","regulation of macrophage derived foam cell differentiation",22,0.617469651103925,1.49172097182536,0.0483353637135957,0.264539355594521,0.177643347050948,636,"tags=27%, list=5%, signal=26%","9619/4481/19/5601/948/5583",0.321775918075361
"GO:0030217","T cell differentiation",209,0.418787579605574,1.49155601802816,0.00125384122502173,0.0310973785682606,0.0208824974301503,1771,"tags=24%, list=13%, signal=21%","5699/3714/5696/639/6688/925/80758/939/301/5788/912/3561/3071/864/865/60/3140/1029/26191/6932/56253/84695/914/54567/5698/942/916/5683/6602/8744/3956/3606/55716/27166/6604/9840/7494/3702/64115/114548/11006/399/604/114836/5682/3659/861/7040/3716/1235",0.45505986738723
"GO:0046661","male sex differentiation",51,-0.59002963123867,-1.49119866992672,0.043338683788122,0.250929566401564,0.168504107638116,342,"tags=10%, list=3%, signal=10%","2254/6926/7490/2625/6943",0.276500599254472
"GO:0006754","ATP biosynthetic process",93,-0.540178522145033,-1.4906972358443,0.0254559361589407,0.184956727740733,0.124202057200956,2168,"tags=37%, list=16%, signal=31%","498/4719/9605/65018/4720/4729/4707/4728/4709/4715/4704/6391/522/516/4723/515/518/4722/56848/4705/4536/6390/4539/27109/4538/55022/4535/4540/5465/4541/6392/5071/4508/4537",0.352487857583619
"GO:0071674","mononuclear cell migration",144,0.442758764781887,1.48957103828889,0.00513206160883694,0.0783539172382948,0.0526161866595698,2226,"tags=37%, list=17%, signal=31%","140885/240/7852/3958/3627/6688/6352/5034/4345/27347/301/23603/56833/54209/51192/6793/56253/80310/5175/4856/6351/4067/131450/928/728/102/5919/23236/3676/3683/2321/4478/6364/58191/719/196527/1524/7040/1901/1235/7226/6376/811/80270/5025/1843/5155/6223/29108/80024/3384/1435/4267",0.407017918923954
"GO:1902807","negative regulation of cell cycle G1/S phase transition",48,0.5306941747971,1.48952368469234,0.0270684561255269,0.191696849525117,0.128728180698225,2220,"tags=35%, list=16%, signal=30%","1030/10457/1026/3275/595/91607/1017/7114/2273/5925/25959/123879/8525/79027/51065/5933/6118",0.352487857583619
"GO:0030316","osteoclast differentiation",58,0.500775174411408,1.4885012462694,0.0204335459780894,0.16658582976312,0.111865640195099,2494,"tags=36%, list=18%, signal=30%","7098/6688/302/23603/54209/7099/7305/9935/9846/7018/9644/84959/7130/29887/11006/7037/2200/1435/22904/975/28962",0.352487857583619
"GO:0009642","response to light intensity",4,-0.926455727713648,-1.48768321598041,0.0219291490363252,0.173849126277873,0.116743085747971,712,"tags=50%, list=5%, signal=47%","847/4537",0.352487857583619
"GO:0015718","monocarboxylic acid transport",112,-0.52045287888267,-1.48742773297421,0.0359892629174359,0.223384252828604,0.150006891268659,1668,"tags=29%, list=12%, signal=26%","10434/84647/1636/80763/2180/2806/25874/6567/8529/6582/22925/9075/6555/9194/159963/1579/788/9356/634/9122/55867/5465/9121/11001/5825/846/65010/9376/387700/51660/2168/220963/115111",0.321775918075361
"GO:0001935","endothelial cell proliferation",113,0.453564786085822,1.48712238249465,0.00592421113696677,0.0868391846959867,0.0583142095810337,1423,"tags=19%, list=11%, signal=18%","858/857/7422/240/1012/4208/56005/22846/8862/5797/57608/3162/6667/54567/947/7423/4017/3676/51162/8829/7494/2321",0.407017918923954
"GO:0002042","cell migration involved in sprouting angiogenesis",51,0.52198647307645,1.48533700068077,0.0163339900396243,0.146043580494925,0.0980711183639107,2826,"tags=39%, list=21%, signal=31%","7422/1003/301/161198/161742/1948/57608/3162/54567/8829/6091/10769/57381/22915/6915/30844/207/387/51564/4851",0.352487857583619
"GO:0002758","innate immune response-activating signaling pathway",239,0.417461587052082,1.48515633091925,0.000758928519296808,0.0231138955255266,0.0155214325494695,2022,"tags=26%, list=15%, signal=22%","2634/121260/4481/11314/1520/7098/1956/4938/330/834/64581/23151/9111/948/54209/5027/7128/115362/7099/7305/51428/1452/26191/4940/338382/10392/409/7097/51135/144811/8473/4067/51284/23180/23643/9572/2664/80342/3055/5648/3428/29126/11277/5062/90268/10318/81926/114548/6280/80196/3665/3659/3654/7186/353376/81622/4615/64135/22861/22900/3660",0.477270815362862
"GO:0014074","response to purine-containing compound",96,-0.540934142181354,-1.48479315296672,0.0336653893016887,0.215326614053674,0.144596029364617,509,"tags=8%, list=4%, signal=8%","7442/65010/358/7490/1393/445/10411/2203",0.321775918075361
"GO:0046631","alpha-beta T cell activation",131,0.443201361854666,1.48367824772278,0.00676684160242793,0.0945370345141662,0.0634834661694294,2552,"tags=34%, list=19%, signal=28%","11314/5699/3133/3958/5696/639/919/301/3071/50856/864/865/56253/84695/5698/942/9976/916/5683/29126/3956/3606/3702/64115/114548/11006/114836/2000/5682/3659/960/861/3716/3077/8477/10538/29110/5688/51176/4609/917/64926/7297/975/387",0.407017918923954
"GO:0016042","lipid catabolic process",249,-0.482609961745426,-1.48342794233144,0.00621493045866391,0.0897576443145613,0.0602740122490016,1740,"tags=28%, list=13%, signal=25%","30/134/51099/10858/84647/116236/34/345557/257068/3949/3667/51170/6696/54677/254013/91452/1576/23659/255189/27349/5019/653308/5264/133121/8529/51302/549/200879/1384/2110/8228/60526/2108/5095/84693/285362/84830/10994/8309/6342/1579/6609/26061/79153/38/1593/57733/4023/55862/2639/1594/222236/440503/66002/81537/1800/5465/56603/11001/51/1591/5825/1962/5096/3248/10455/1056/2168/1892/4051",0.407017918923954
"GO:0006446","regulation of translational initiation",83,0.477495768682185,1.48156571239993,0.0113281016466204,0.117526230421751,0.0789211604885045,2290,"tags=29%, list=17%, signal=24%","6352/4690/8662/1978/440275/3087/57409/7458/2597/28969/5371/10657/3646/468/8637/9451/5611/22916/6451/5436/6198/23521/8846/8667",0.380730400722792
"GO:0098739","import across plasma membrane",183,-0.493818544691704,-1.48122530153674,0.0154525228681894,0.141700357908295,0.095154559519416,1879,"tags=30%, list=14%, signal=26%","10999/481/1739/9056/6339/6573/23479/23428/6520/287/2180/3667/7779/9495/6524/169026/482/6583/66035/389015/6549/6567/781/6582/124935/8501/4036/6505/55630/3766/100506658/56606/3760/9481/4780/6569/340024/7442/5997/55022/283375/6526/6340/57393/6514/10158/3773/55600/6337/59272/6565/3758/476/3772/6338",0.380730400722792
"GO:0007229","integrin-mediated signaling pathway",96,0.464153954543033,1.48116379115857,0.0181163093385779,0.154483087852273,0.103738412483726,2814,"tags=41%, list=21%, signal=32%","83605/3689/3915/2533/3687/3672/7305/967/9636/9358/84695/57343/3055/3688/102/3676/8515/3683/5341/2013/7791/8829/2335/4627/83706/7076/81031/2207/3611/7094/998/3679/55920/4831/3911/3987/3678/1281/8751",0.352487857583619
"GO:0140014","mitotic nuclear division",226,0.404448506056339,1.48052369144999,0.00194855560691816,0.0407601774287009,0.0273712557005067,2088,"tags=21%, list=15%, signal=18%","858/51203/24137/7039/9735/83540/6790/81620/5901/10051/5501/22974/64105/3796/84687/699/7329/9031/221035/9319/1613/1780/891/22933/128866/1906/256364/7517/5925/26271/10270/11044/23063/80346/9639/1104/23636/23141/4288/79866/7040/126731/157313/29781/55755/54892/1843/5155",0.45505986738723
"GO:0046718","symbiont entry into host cell",110,0.446113032080181,1.47849487009167,0.0271686108201948,0.192132315393261,0.129020604538791,1444,"tags=20%, list=11%, signal=18%","858/857/7852/1956/5034/7436/6541/1948/90861/867/6404/6737/942/949/3688/3956/4038/558/7293/8829/5817/4627",0.352487857583619
"GO:0009755","hormone-mediated signaling pathway",153,-0.503000377096938,-1.47719868133475,0.0199161242043791,0.163959353043894,0.110101909750129,927,"tags=12%, list=7%, signal=12%","5245/2690/7067/2104/5618/55325/1594/6751/5465/56603/1591/6752/7068/7421/55885/6422/2103/1393/6943",0.352487857583619
"GO:0032024","positive regulation of insulin secretion",51,-0.584483360755601,-1.47718142277586,0.0481540930979133,0.26428548947669,0.177472870991637,2099,"tags=33%, list=16%, signal=28%","2746/8938/2182/3123/5007/25924/169026/781/5019/5950/9854/6514/5071/846/18/5578/10411",0.261663521711573
"GO:0031297","replication fork processing",52,0.509053484270349,1.47597006604282,0.0240992049901343,0.180358937192804,0.121114550995545,2596,"tags=38%, list=19%, signal=31%","25939/675/51750/374393/63901/197342/7517/4683/10111/8914/5111/259282/57697/1663/29980/580/8450/5889/4361/545",0.352487857583619
"GO:0002040","sprouting angiogenesis",109,0.453519522979879,1.47459158930146,0.00844843366813889,0.103861087298867,0.0697447498299699,2201,"tags=35%, list=16%, signal=29%","7422/240/7424/1012/57674/5315/1003/23670/301/161198/161742/1948/57556/57608/3162/54567/7423/4017/25960/90268/11082/5228/8829/2321/6091/441478/7052/10769/7040/90139/3716/94/187/57381/22915/10266/6915/4804",0.380730400722792
"GO:0022406","membrane docking",76,0.474843735959361,1.47397893723194,0.0226461410299758,0.175995729238844,0.118184571586324,1751,"tags=17%, list=13%, signal=15%","858/488/54843/23344/6810/57488/8676/2054/5341/81671/4478/9341/10228",0.352487857583619
"GO:0002218","activation of innate immune response",258,0.405407898333739,1.47366585290768,0.000680685062823191,0.0212822702089081,0.0142914603547609,2377,"tags=28%, list=18%, signal=24%","2634/121260/4481/11314/1520/7098/1956/4938/330/834/64581/4332/23151/9111/948/54209/5027/7128/115362/7099/7305/51428/1452/26191/4940/338382/10392/409/7097/51135/144811/8473/4067/51284/23180/23643/9572/2664/80342/3055/5648/3428/29126/11277/5062/90268/10318/81926/114548/6280/80196/3665/3659/149628/3654/7186/353376/81622/4615/64135/22861/22900/3660/29108/29110/5538/115352/11331/9641/7096/148022/85363/3824",0.477270815362862
"GO:0090148","membrane fission",45,0.520075352564635,1.47365120170194,0.0341547397748359,0.216192261707108,0.145177328680846,1415,"tags=9%, list=10%, signal=8%","23023/23603/128866/51100",0.321775918075361
"GO:0090559","regulation of membrane permeability",53,0.513988184663783,1.47271048038603,0.0344119513195255,0.216798981625049,0.145584752962588,516,"tags=6%, list=4%, signal=5%","3099/8996/7805",0.321775918075361
"GO:0008584","male gonad development",47,-0.592319388824211,-1.4718278994225,0.0466237942122186,0.261502540438379,0.175604066326536,342,"tags=9%, list=3%, signal=8%","2254/7490/2625/6943",0.266350657088526
"GO:0071402","cellular response to lipoprotein particle stimulus",31,0.564441792405016,1.47144528717199,0.0486814403034306,0.265589923565937,0.178348823974513,1072,"tags=32%, list=8%, signal=30%","9619/1012/3689/19/948/54209/7099/949/3688/928",0.321775918075361
"GO:0090087","regulation of peptide transport",113,-0.514507327627634,-1.47064569315465,0.0250979489718032,0.184085169690007,0.123616788937441,1948,"tags=26%, list=14%, signal=22%","8938/2182/3123/84300/5007/760/25924/134/3667/169026/84522/781/5019/84417/8622/5587/5950/9854/7849/3172/6514/5071/846/65010/18/5578/1393/10411/7021",0.352487857583619
"GO:0042058","regulation of epidermal growth factor receptor signaling pathway",62,0.488467449801145,1.46998036073069,0.0203041257048799,0.165991169531688,0.111466314228525,1724,"tags=26%, list=13%, signal=23%","1012/1956/55704/79651/5898/81848/10252/3672/867/356/5782/64285/84058/23636/9125/7040",0.352487857583619
"GO:0046165","alcohol biosynthetic process",108,-0.52113703728742,-1.46942932413477,0.0207952564482824,0.168135512246222,0.112906282267224,1238,"tags=19%, list=9%, signal=17%","1576/653308/3422/3707/6342/22937/1595/654/56848/653/1593/2770/2222/1594/2643/1591/5105/2246/5106/5745",0.352487857583619
"GO:0061756","leukocyte adhesion to vascular endothelial cell",38,0.534244867059601,1.46883233256463,0.0269014817008725,0.191258644595877,0.128433917524606,2559,"tags=39%, list=19%, signal=32%","240/3689/1948/6404/2113/3688/3676/9435/3654/1524/7412/6402/4192/387/3383",0.352487857583619
"GO:0009914","hormone transport",167,-0.491618905571,-1.46665892468898,0.0143631293587879,0.136112748879531,0.0914023708605639,1819,"tags=25%, list=13%, signal=22%","3123/6845/84300/5007/25924/134/23428/6520/1601/3667/6696/169026/9727/117247/22841/6567/84522/781/5019/84417/8622/5587/5950/185/9854/654/7849/8723/3172/57393/6514/6926/5071/846/18/5578/1428/54097/65266/1393/10411/7021",0.380730400722792
"GO:0007093","mitotic cell cycle checkpoint signaling",111,0.442162561963147,1.46661607403702,0.0116322835926976,0.119119447661806,0.0799910370007026,2666,"tags=32%, list=20%, signal=26%","1026/9735/83540/51360/595/1017/699/9319/8317/1780/891/55743/990/197342/7517/4683/51720/10111/8914/8525/55755/51065/1843/9344/6118/51776/29980/580/3364/51149/1063/4361/545/10459/1111",0.380730400722792
"GO:0072595","maintenance of protein localization in organelle",35,0.536528130704304,1.46582039084238,0.0351794525345808,0.219750076512504,0.147566470851385,2515,"tags=34%, list=19%, signal=28%","3099/6672/3098/5371/51141/8841/11014/10956/9913/580/23568/207",0.321775918075361
"GO:0019229","regulation of vasoconstriction",42,0.517498299520109,1.46467570602779,0.0349227857034995,0.218611431698797,0.146801848606976,1644,"tags=26%, list=12%, signal=23%","857/133/3274/6916/9732/1889/3688/3676/1906/3269/952",0.321775918075361
"GO:0033627","cell adhesion mediated by integrin",65,0.481736425003238,1.4643619976528,0.0360953499893152,0.223514808540147,0.150094561980349,3352,"tags=48%, list=25%, signal=36%","6352/3689/84034/3071/3687/9404/9358/4856/4067/916/3688/3676/3683/1942/83706/7412/2200/22915/3384/3976/3383/7042/3678/6423/9780/6868/23075/3691/1969/5054/83700",0.321775918075361
"GO:0002688","regulation of leukocyte chemotaxis",90,0.462675088203722,1.46320050647744,0.0133257038931852,0.129468574353955,0.0869406778226361,1823,"tags=29%, list=14%, signal=25%","7422/7424/3627/6688/6352/57118/27347/56833/3071/4856/6351/4067/7423/728/102/5919/1906/7130/5880/5228/64065/719/196527/1524/1235/811",0.380730400722792
"GO:0007059","chromosome segregation",333,0.39003814193853,1.46278816977915,0.000555250032088305,0.0191428351955785,0.0128547879333297,2643,"tags=26%, list=20%, signal=21%","10783/51203/23255/24137/10460/9735/83540/81620/5901/10051/60/53917/1459/1894/79980/5501/57520/22974/64105/3796/54801/9232/6188/699/7329/9031/10982/57519/56852/9319/10636/1780/891/55743/6602/2908/22933/128866/256364/990/6604/7517/5925/26271/10270/8841/11044/338657/23063/9639/1104/2669/23636/4288/7153/10664/79682/126731/157313/1457/29781/29899/55755/196528/54892/55142/55839/1843/115106/51776/401541/998/6598/11011/1063/29945/55920/1453/387/9918/5359/10459/64946/29901/55559",0.477270815362862
"GO:0044773","mitotic DNA damage checkpoint signaling",53,0.509670854568402,1.46034020132424,0.0370760667558128,0.227250386225931,0.152603075399005,3047,"tags=40%, list=23%, signal=31%","1026/51360/595/1017/8317/197342/4683/51720/8914/8525/51065/9344/6118/51776/29980/3364/51149/4361/1111/60561/80279",0.321775918075361
"GO:0007548","sex differentiation",98,-0.519239101222356,-1.46006234888391,0.0403458213256484,0.24052001800422,0.161513892460351,1341,"tags=21%, list=10%, signal=19%","5156/8031/8204/658/6299/4036/3417/5950/9353/63951/6092/64207/64220/3975/5087/10655/2254/6926/7490/2625/6943",0.271288554688953
"GO:0030003","intracellular monoatomic cation homeostasis",296,-0.462299186303906,-1.45896689165356,0.00801833366646184,0.101358635035404,0.0680643042307974,1387,"tags=16%, list=10%, signal=15%","169026/482/221154/4494/51310/6359/7780/389015/8031/11261/6549/147007/5663/3954/4495/51606/63933/254428/122416/155066/6505/526/55630/654/51218/48/9481/9104/6387/93/523/525/283375/6340/10686/846/65010/50617/6337/245972/130733/8671/476/83697/5745/6338/6521/793",0.380730400722792
"GO:0002790","peptide secretion",130,-0.498677804445699,-1.45815705170202,0.0227315859286697,0.175995729238844,0.118184571586324,1204,"tags=16%, list=9%, signal=15%","22841/84522/781/5019/84417/8622/5587/5950/9854/7849/3172/57393/6514/5071/846/18/5578/54097/1393/10411/7021",0.352487857583619
"GO:0006631","fatty acid metabolic process",289,-0.467433087500016,-1.45780374063423,0.00677104215448796,0.0945370345141662,0.0634834661694294,2170,"tags=34%, list=16%, signal=29%","51144/55268/3032/1622/54578/9663/10891/5321/54657/23038/2182/10999/109703458/51390/8816/2166/2181/30/5447/51099/10434/2938/34/54658/2180/2946/10965/3667/123876/23305/54677/254013/224/80221/122970/91452/1576/23659/27349/5264/8529/549/9524/1384/54600/23205/2110/873/2108/5095/84693/84869/84830/10994/2678/8309/6342/39/4594/1579/641371/26061/55902/113220/38/22949/36/117145/51084/5164/348158/5743/148811/4023/634/55862/2639/51495/440503/66002/284541/79746/5465/2052/55825/11001/51/5825/1962/84649/5096/3248/10455/5730/51179/6296/79966/1892/4051",0.407017918923954
"GO:0002221","pattern recognition receptor signaling pathway",230,0.411458903004401,1.4575618655365,0.00154468753173425,0.0360304496489442,0.0241951510655364,2022,"tags=25%, list=15%, signal=22%","2634/121260/4481/11314/1520/7098/1956/4938/330/834/64581/23151/9111/948/54209/5027/7128/115362/7099/51428/1452/26191/4940/338382/10392/409/7097/51135/144811/8473/4067/51284/23180/23643/9572/2664/80342/5648/3428/29126/11277/90268/10318/81926/114548/6280/80196/3665/3659/3654/7186/353376/81622/4615/64135/22861/22900/3660",0.45505986738723
"GO:1901186","positive regulation of ERBB signaling pathway",27,0.577460167925862,1.45700946375182,0.0377587292506162,0.230234243293695,0.154606793732136,1724,"tags=30%, list=13%, signal=26%","55704/5898/867/356/3516/23636/9125/7040",0.321775918075361
"GO:0071805","potassium ion transmembrane transport",109,-0.511797974808754,-1.45684447879099,0.0427350427350427,0.249107662173191,0.167280663344139,1869,"tags=29%, list=14%, signal=25%","481/1739/1804/55151/287/4734/288/482/389015/3749/6549/8514/3954/3753/3748/79714/79041/3766/27069/8645/55283/3760/81033/274/3773/358/6559/6557/3758/65266/476/3772",0.261663521711573
"GO:0019722","calcium-mediated signaling",147,0.429212323668718,1.45618990278406,0.00469955173868501,0.0748616940921152,0.0502710905700223,1941,"tags=24%, list=14%, signal=21%","2214/1012/7852/2899/64581/2280/5788/488/7462/8445/9034/54209/493/5027/90861/84687/6351/55784/2494/1756/57007/1906/5341/9451/662/6364/719/1524/90139/1193/1235/7226/57192/150372/775",0.407017918923954
"GO:0050680","negative regulation of epithelial cell proliferation",74,0.472654514913956,1.45530165092835,0.0254331783277286,0.184956727740733,0.124202057200956,816,"tags=18%, list=6%, signal=17%","858/1030/857/240/4208/567/22846/864/5797/675/5796/54567/26471",0.352487857583619
"GO:0140374","antiviral innate immune response",61,0.489585574764701,1.45495041999309,0.0363685746340836,0.223847624815857,0.150318054613561,2302,"tags=31%, list=17%, signal=26%","4828/3627/4938/4690/4939/4940/200316/6737/51257/80342/84993/3437/64135/22861/22900/29110/4599/24138/11331",0.321775918075361
"GO:0045620","negative regulation of lymphocyte differentiation",46,0.507516189712851,1.45466224677745,0.0280476244538311,0.19395420590354,0.1302440396208,1904,"tags=33%, list=14%, signal=28%","5699/5696/301/864/865/1029/84695/5698/5683/3956/11006/5682/3659/861/23240",0.352487857583619
"GO:0030072","peptide hormone secretion",128,-0.504047071389255,-1.45380829381185,0.0325661077430567,0.210355583861195,0.141257885443843,1204,"tags=16%, list=9%, signal=15%","22841/84522/781/5019/84417/8622/5587/5950/9854/7849/3172/57393/6514/5071/846/18/5578/54097/1393/10411/7021",0.321775918075361
"GO:0002823","negative regulation of adaptive immune response based on somatic recombination of immune receptors built from immunoglobulin superfamily domains",38,0.528507460354988,1.4530581267792,0.0289241127180133,0.196777702032966,0.132140072449976,1850,"tags=32%, list=14%, signal=27%","10068/3134/5788/3071/84695/29126/3956/3606/2213/11006/196/3077",0.352487857583619
"GO:1903321","negative regulation of protein modification by small protein conjugation or removal",65,0.477854579384416,1.45256212762031,0.0403980473918371,0.240587358226159,0.161559112735381,980,"tags=14%, list=7%, signal=13%","857/151636/7128/9636/6737/409/6188/8473/153769",0.321775918075361
"GO:0044409","symbiont entry into host",114,0.443580056735905,1.45175376595021,0.00741782316914162,0.0996041015607975,0.06688610071457,1444,"tags=19%, list=11%, signal=17%","858/857/7852/1956/5034/7436/6541/1948/90861/867/6404/6737/942/949/3688/3956/4038/558/7293/8829/5817/4627",0.407017918923954
"GO:0051928","positive regulation of calcium ion transport",56,0.49695911571314,1.45144106650757,0.0433791860124371,0.250929566401564,0.168504107638116,763,"tags=14%, list=6%, signal=14%","857/3958/3627/6352/4283/5027/51393/6351",0.321775918075361
"GO:0044784","metaphase/anaphase transition of cell cycle",86,0.475331842087792,1.44982545342613,0.00815610608241498,0.102478808467976,0.0688165225817965,2439,"tags=28%, list=18%, signal=23%","10783/10460/9735/83540/60/57520/699/9319/1780/891/55743/6602/990/6604/7517/5925/26271/55755/196528/1843/51776/6598/1063/29945",0.380730400722792
"GO:0006260","DNA replication",268,0.396289869569534,1.44966939516546,0.000671179557444031,0.0212107174121291,0.0142434112534009,2609,"tags=31%, list=19%, signal=26%","4174/1956/1026/5428/25939/81620/4175/675/11177/7298/5984/6742/4171/91607/1017/5982/890/4176/5985/51750/56852/8317/54107/6749/11277/79075/7319/5001/374393/8099/57804/990/253980/4673/5429/79596/63901/197342/10036/7517/64318/26271/4683/8882/10111/92667/604/7083/6282/23063/8914/5111/6240/7320/79008/548593/94/997/7126/5983/51659/92675/6117/5763/63922/259282/5422/6119/6118/57697/1663/157570/29980/580/8450/84897/80010/3399/5889/4361/3978/545/5425/10459",0.477270815362862
"GO:0007611","learning or memory",111,-0.512614758794151,-1.44955047665775,0.0362384505850221,0.223514808540147,0.150094561980349,1128,"tags=16%, list=8%, signal=15%","5663/80823/6505/5764/4900/267/342371/4311/55902/5649/64220/2628/5578/64084/6326/1393/10411/793",0.321775918075361
"GO:0006873","intracellular monoatomic ion homeostasis",301,-0.461907703095952,-1.44936760647036,0.00749103834000093,0.099690956021803,0.0669444251824914,1387,"tags=17%, list=10%, signal=15%","169026/482/221154/4494/51310/6359/7780/389015/8031/11261/6549/147007/5663/3954/4495/51606/63933/254428/122416/155066/6505/526/55630/654/51218/48/9481/51458/9104/6387/93/523/525/283375/6340/10686/846/65010/50617/6337/245972/130733/8671/65266/476/83697/5745/6338/6521/793",0.407017918923954
"GO:0070943","neutrophil-mediated killing of symbiont cell",4,-0.902561481093383,-1.44931433488645,0.0361761127313607,0.223514808540147,0.150094561980349,30,"tags=25%, list=0%, signal=25%","1610",0.321775918075361
"GO:0120162","positive regulation of cold-induced thermogenesis",79,0.466091146349659,1.44931135321426,0.0235595500633341,0.178788792882012,0.120060168406251,903,"tags=15%, list=7%, signal=14%","857/7422/7852/6319/64641/948/2697/55818/2171/51393/8473/3566",0.352487857583619
"GO:0010972","negative regulation of G2/M transition of mitotic cell cycle",58,0.487343192441414,1.44857610036794,0.028122688861794,0.19395420590354,0.1302440396208,3047,"tags=36%, list=23%, signal=28%","1026/51360/57099/8317/55743/2273/990/4683/51720/10111/29933/9344/29980/580/3364/51149/4361/545/1111/60561/80279",0.352487857583619
"GO:0050727","regulation of inflammatory response",275,0.395405486764584,1.44847895086975,0.00152922000704959,0.0360304496489442,0.0241951510655364,2149,"tags=32%, list=16%, signal=27%","140885/240/2634/3133/3003/7098/1003/6352/330/4345/834/79651/3603/301/9111/5788/56833/8717/54209/23208/80709/255877/3275/10855/7128/115362/7099/1050/23765/7114/4856/7097/144811/4067/51284/26471/2113/9180/9572/2828/131450/2494/653361/3055/3428/3956/5919/2896/3606/7130/90268/313/11343/10318/10162/2213/2635/2778/5925/114548/8454/221955/604/6280/26090/2000/5682/10769/7040/7186/196/3600/3587/836/6376/79626/7132/4615/837/22861/114899/22900/7133/5045/6223/29108/8740/28964",0.45505986738723
"GO:0072538","T-helper 17 type immune response",54,0.505592430260084,1.44832383375316,0.0226701416214471,0.175995729238844,0.118184571586324,1748,"tags=24%, list=13%, signal=21%","5699/5696/64581/84695/23765/5698/5683/10865/3956/64170/114836/5682/3716",0.352487857583619
"GO:0071456","cellular response to hypoxia",114,0.442264023925699,1.4474466390645,0.00781167986449737,0.100258773493247,0.0673257257111581,558,"tags=15%, list=4%, signal=14%","29923/8996/7422/8614/5230/5163/112399/56901/5034/30001/132864/27113/2023/54209/57103/595/867",0.407017918923954
"GO:0000819","sister chromatid segregation",202,0.412286414457613,1.44711958836884,0.00221823167480917,0.0443495434847901,0.0297815851524772,1982,"tags=20%, list=15%, signal=18%","10783/51203/24137/10460/9735/83540/81620/5901/10051/60/5501/57520/22974/64105/3796/699/9031/9319/1780/891/55743/6602/128866/256364/990/6604/7517/5925/26271/10270/11044/23063/9639/1104/23636/7153/126731/29781/55755/196528/54892",0.431707695803346
"GO:0002637","regulation of immunoglobulin production",38,0.526248831336614,1.44684833884485,0.0301376924700873,0.201950338432003,0.13561359887835,2783,"tags=47%, list=21%, signal=38%","121260/3133/5788/2821/6810/942/2590/7293/2213/7494/7037/7040/84787/115352/11331/10459/23529/112441434",0.352487857583619
"GO:1901875","positive regulation of post-translational protein modification",104,0.445115158052314,1.44601574361572,0.0153864414394557,0.141615489643108,0.0950975688208019,1734,"tags=19%, list=13%, signal=17%","857/330/5601/23551/79139/55215/1029/84259/7805/26191/57761/11186/754/8312/10010/10318/6187/8841/7321/123879",0.380730400722792
"GO:0036294","cellular response to decreased oxygen levels",121,0.438140106906392,1.44474029762233,0.0110136171742565,0.1173456991429,0.0787999302067174,558,"tags=15%, list=4%, signal=14%","29923/8996/7422/8614/5230/5163/112399/56901/5034/30001/132864/27113/55332/2023/54209/57103/595/867",0.380730400722792
"GO:0010721","negative regulation of cell development",146,0.423085302074552,1.44469113798669,0.00867974407889547,0.104121501419893,0.0699196230013909,1904,"tags=25%, list=14%, signal=22%","7422/567/5699/7533/5696/7098/301/864/4133/865/54209/714/1029/359845/7099/9935/3635/84695/4067/5698/9572/2664/5683/3956/4038/22933/7130/2213/11006/5682/3659/861/7040/5744/1072/393/23240",0.380730400722792
"GO:0006112","energy reserve metabolic process",66,0.481752073507914,1.44452543280824,0.0268388194142188,0.191258644595877,0.128433917524606,1113,"tags=20%, list=8%, signal=18%","5507/5836/8445/10580/9140/5255/79660/5501/2992/9572/648791/5500/5256",0.352487857583619
"GO:0090596","sensory organ morphogenesis",102,-0.511533298230973,-1.44435043281327,0.042962962962963,0.250035936927026,0.167904017982179,1242,"tags=15%, list=9%, signal=13%","5076/4646/148398/5950/55084/7849/10152/64220/3975/525/56603/6926/7020/7021/793",0.266350657088526
"GO:0051145","smooth muscle cell differentiation",42,0.510244669474701,1.44414575314123,0.0419541223464147,0.246892364502237,0.165793047665564,2270,"tags=33%, list=17%, signal=28%","7422/133/4208/23462/23493/55897/1909/6604/57496/187/30008/5155/10266/57591",0.321775918075361
"GO:0006890","retrograde vesicle-mediated transport, Golgi to endoplasmic reticulum",51,0.507276444255461,1.44347892347788,0.0224169098753343,0.175667761828938,0.117964335061258,4048,"tags=55%, list=30%, signal=39%","57222/10960/51560/22818/10079/662/6892/23760/381/9554/11014/372/60561/51290/83452/51614/22820/11015/1315/23256/11079/5870/26958/51226/57410/10945/11316/55850",0.352487857583619
"GO:0042770","signal transduction in response to DNA damage",160,0.418866218936918,1.44321308237453,0.0033087503696361,0.060777608352253,0.040813351756987,2666,"tags=29%, list=20%, signal=23%","56950/1026/51360/151636/161742/675/595/1029/440275/83666/1017/754/4067/6672/8317/5371/4487/83695/4193/197342/3014/4683/51720/6154/8454/8914/10769/149628/960/8525/51065/10538/9344/6118/51776/637/29980/580/25946/3364/51149/4361/545/10459/10116/1111",0.431707695803346
"GO:0042310","vasoconstriction",48,0.513945951213423,1.44251567727649,0.0342026499018892,0.216192261707108,0.145177328680846,1644,"tags=25%, list=12%, signal=22%","857/133/3274/6916/9732/1889/3688/3676/1906/1909/3269/952",0.321775918075361
"GO:0030301","cholesterol transport",80,0.460391428311939,1.44215667197782,0.0253361718713888,0.184771734813925,0.124077830835374,906,"tags=15%, list=7%, signal=14%","857/9619/4481/341/302/19/6646/948/54209/57655/21/949",0.352487857583619
"GO:0030098","lymphocyte differentiation",282,0.392461926146661,1.44038138723633,0.00215828869396261,0.0440147903646658,0.0295567918903896,1957,"tags=25%, list=15%, signal=22%","5699/3714/5696/639/6688/925/80758/939/10673/301/5788/912/56833/3561/3071/864/865/55619/10051/60/3140/1029/7805/26191/6932/56253/3635/3394/84695/914/54567/3087/5698/942/916/5683/3688/6602/8744/3956/3606/55716/3676/558/5971/96459/27166/6604/2213/9840/7494/3702/64115/114548/11006/399/604/2146/114836/65992/5682/3659/861/7040/3716/1235/10320/23240/150372/196528/7412",0.431707695803346
"GO:0044818","mitotic G2/M transition checkpoint",44,0.511278191378897,1.43965542336538,0.0469795274188062,0.261548466593647,0.175634906637312,3047,"tags=41%, list=23%, signal=32%","1026/51360/8317/55743/990/4683/51720/10111/9344/29980/580/3364/51149/4361/545/1111/60561/80279",0.321775918075361
"GO:0045066","regulatory T cell differentiation",38,0.523581294248721,1.43951431475852,0.0325648540965216,0.210355583861195,0.141257885443843,1724,"tags=26%, list=13%, signal=23%","5699/5696/5698/5683/64115/11006/604/5682/3659/7040",0.321775918075361
"GO:0036293","response to decreased oxygen levels",222,0.394869368834493,1.43921248000683,0.00465627396439617,0.074780268750603,0.0502164118619394,1724,"tags=24%, list=13%, signal=22%","29923/3099/8996/6513/857/7422/7424/7852/8614/5230/5163/112399/56901/5034/30001/132864/27113/55332/2023/54209/7043/57103/595/51129/867/3778/9124/100133941/890/7423/4017/5371/891/29904/114757/22933/3777/4193/5351/1906/468/5228/9520/662/285/54541/761/5352/952/26608/3654/7037/2030/7040",0.407017918923954
"GO:1901989","positive regulation of cell cycle phase transition",74,0.467367846351923,1.43902401632744,0.027810044643153,0.19391155683565,0.130215399938241,2911,"tags=35%, list=22%, signal=28%","6241/1956/4869/595/8317/891/23236/990/6604/5925/26271/2146/65992/6240/7040/994/894/55920/55904/207/28984/5889/134353/8766/8881/50484",0.352487857583619
"GO:0062207","regulation of pattern recognition receptor signaling pathway",150,0.425852462287151,1.43894958956734,0.00633477781726506,0.0908190829509366,0.0609867890365277,1080,"tags=15%, list=8%, signal=14%","2634/121260/4481/11314/1956/330/23151/948/54209/5027/7128/115362/7099/1452/26191/338382/409/8473/4067/9572/2664/3428/11277",0.407017918923954
"GO:0090276","regulation of peptide hormone secretion",109,-0.505507243142396,-1.43893776921654,0.0455840455840456,0.25838285433271,0.173509136140009,1190,"tags=17%, list=9%, signal=15%","84522/781/5019/84417/8622/5587/5950/9854/7849/3172/6514/5071/846/18/5578/1393/10411/7021",0.252961123069611
"GO:1902099","regulation of metaphase/anaphase transition of cell cycle",82,0.459038824193693,1.43709387173247,0.0233919720219809,0.178337239358241,0.119756941390539,2439,"tags=28%, list=18%, signal=23%","10783/9735/83540/60/57520/699/9319/1780/891/55743/6602/990/6604/7517/5925/26271/55755/196528/1843/51776/6598/1063/29945",0.352487857583619
"GO:0030219","megakaryocyte differentiation",35,0.525990519074386,1.43703113429839,0.0474389848996748,0.262223077096158,0.176087920773347,688,"tags=17%, list=5%, signal=16%","1030/4208/79876/439921/10019/338382",0.321775918075361
"GO:1901342","regulation of vasculature development",229,0.398190751855084,1.43657427716028,0.00265458060508356,0.0508315081612711,0.0341343511067462,1748,"tags=29%, list=13%, signal=26%","3099/7422/240/7424/133/7852/5230/10457/83605/3627/5315/7098/1003/56005/3689/23670/22846/84034/948/5797/161742/493/57556/3687/10855/7128/51129/57608/356/718/3339/3162/6667/3087/2113/6672/947/57343/7423/5371/3688/25960/6786/728/102/2896/23129/2013/1284/6237/1942/8829/6464/7494/2321/285/7046/7052/10769/4846/958/719/861/7040/90139/3716",0.431707695803346
"GO:1903322","positive regulation of protein modification by small protein conjugation or removal",103,0.445546241230136,1.43633097928126,0.0184257462992083,0.155836743520498,0.1046474187188,1734,"tags=19%, list=13%, signal=17%","857/330/5601/23551/79139/55215/1029/84259/7805/26191/57761/11186/754/8312/10010/10318/6187/8841/7321/123879",0.352487857583619
"GO:2001242","regulation of intrinsic apoptotic signaling pathway",138,0.432186063577293,1.43604591442628,0.0073132105837099,0.0990485064770664,0.066513007758109,2957,"tags=33%, list=22%, signal=26%","8996/857/8531/5034/4690/27113/581/2023/54209/754/6188/26471/57007/4487/1687/8321/4193/468/2213/9451/7494/6154/6280/761/960/5604/9181/6878/6477/29108/637/4609/25946/5478/207/23604/55829/3932/84447/9141/6423/972/5598/1649/5770/55486",0.407017918923954
"GO:0016050","vesicle organization",322,0.379339741359253,1.43581123080233,0.00178291873615807,0.039398482447884,0.0264568509099184,1290,"tags=12%, list=10%, signal=11%","858/23023/857/6281/9871/10981/302/19/301/5873/23603/8905/23208/8448/57586/10959/356/338382/10282/1176/27072/257364/6810/54809/8411/947/21/282991/79778/23682/8676/2054/10484/143425/128866/10058/84286/29887/11151",0.45505986738723
"GO:0006813","potassium ion transport",119,-0.50191819777721,-1.43566393222788,0.0350447933104866,0.219141803275575,0.147158003485587,1869,"tags=29%, list=14%, signal=26%","481/1739/1804/134/55151/287/4734/288/482/389015/3749/11261/6549/8514/3954/3753/3748/79714/79041/3766/27069/8645/55283/3760/81033/2185/274/3773/358/6559/6557/3758/65266/476/3772",0.321775918075361
"GO:0001654","eye development",165,-0.484624596734476,-1.43565192494382,0.0264700475088226,0.189976726809352,0.127573084679034,1564,"tags=19%, list=12%, signal=17%","22926/10253/23554/655/5156/5076/658/148398/6297/5663/6505/27151/5950/4212/149461/341640/221322/654/10152/64220/3975/93/5087/283375/2254/2823/7490/7020/2296/7021/793",0.352487857583619
"GO:1902850","microtubule cytoskeleton organization involved in mitosis",135,0.424219660771513,1.43561778631238,0.0169250855834012,0.148630297014287,0.0998081490576566,1937,"tags=19%, list=14%, signal=16%","10783/51203/24137/10460/83540/6790/2697/5901/22974/3796/891/3688/128866/256364/8841/9639/1104/10769/23636/79866/126731/83541/3611/29899/55755",0.352487857583619
"GO:0046777","protein autophosphorylation",99,0.442805099954534,1.43462551118238,0.0157619453541233,0.142813719065623,0.0959022032944595,1776,"tags=23%, list=13%, signal=20%","10783/7422/9833/27347/6790/10553/53904/6793/440275/5154/4067/3055/1613/29904/9770/2242/79834/5062/8550/2321/6789/3654/7444",0.352487857583619
"GO:1904018","positive regulation of vasculature development",133,0.425423566960852,1.43444651152286,0.00912500998477193,0.106787178426398,0.0717096772053411,1748,"tags=30%, list=13%, signal=26%","3099/7422/7424/133/7852/5315/7098/1003/56005/3689/84034/3687/10855/51129/57608/718/3162/6667/2113/947/57343/7423/3688/6786/728/2896/2013/6237/8829/7494/2321/285/7046/7052/4846/958/719/861/7040/3716",0.380730400722792
"GO:0030865","cortical cytoskeleton organization",51,0.504013897694114,1.43419519415928,0.0259756089806759,0.187343103789464,0.125804555353512,1336,"tags=27%, list=10%, signal=25%","91010/3936/10095/10552/3071/8826/1894/22871/128239/391/114793/5341/5880/2037",0.352487857583619
"GO:0032757","positive regulation of interleukin-8 production",43,0.515005012289706,1.4339133923625,0.0401195373895765,0.239413848503483,0.160771078023251,3525,"tags=44%, list=26%, signal=33%","7098/64581/7099/10392/914/7097/51284/4615/29108/25865/7096/972/1649/23586/3965/5054/929/2149/8915",0.321775918075361
"GO:0002367","cytokine production involved in immune response",67,0.484082202490522,1.43262505004825,0.0171028265244905,0.148630297014287,0.0998081490576566,2811,"tags=42%, list=21%, signal=33%","567/3133/3134/64581/7043/441168/7805/144811/8140/3098/10865/3606/114548/11006/7040/7186/3077/7133/684/148022/975/6398/3718/7042/11213/79004/972/729230",0.352487857583619
"GO:0002718","regulation of cytokine production involved in immune response",67,0.484082202490522,1.43262505004825,0.0171028265244905,0.148630297014287,0.0998081490576566,2811,"tags=42%, list=21%, signal=33%","567/3133/3134/64581/7043/441168/7805/144811/8140/3098/10865/3606/114548/11006/7040/7186/3077/7133/684/148022/975/6398/3718/7042/11213/79004/972/729230",0.352487857583619
"GO:0003151","outflow tract morphogenesis",51,0.502565673636933,1.43007420465408,0.0259756089806759,0.187343103789464,0.125804555353512,1858,"tags=27%, list=14%, signal=24%","7422/4208/26508/182/23493/3516/23129/1906/1909/54345/8829/6091/8828/3611",0.352487857583619
"GO:0043270","positive regulation of monoatomic ion transport",105,0.431042178071859,1.42995589549109,0.0166709133183313,0.147134577305032,0.0988037440427395,1340,"tags=18%, list=10%, signal=16%","857/1520/3958/3627/6352/27347/4283/6324/54209/5027/6330/51393/6351/3759/6786/2273/1906/1909/81671",0.352487857583619
"GO:0017157","regulation of exocytosis",129,0.432021307913447,1.42967421778833,0.0146165533590943,0.136591574951918,0.0917239119256461,1407,"tags=21%, list=10%, signal=19%","6281/11314/3134/6688/3689/302/301/8832/5873/5028/5898/3071/23208/8448/57586/2771/22871/9846/4067/55255/6810/57102/143425/2242/5880/2213/10079",0.380730400722792
"GO:0034113","heterotypic cell-cell adhesion",44,0.507607599320763,1.42931978250966,0.047782576874765,0.263229603439427,0.176763822882927,1164,"tags=20%, list=9%, signal=19%","140885/3689/4345/912/3687/914/131450/3688/3676",0.321775918075361
"GO:0009132","nucleoside diphosphate metabolic process",100,0.441873661841809,1.42881349128786,0.0185096152960807,0.156321147572359,0.104972705506107,1023,"tags=21%, list=8%, signal=20%","3099/6241/2026/5230/5214/226/7167/83440/5315/230/953/2023/57103/5027/3939/2821/8473/26471/2597/3098/129607",0.352487857583619
"GO:0098813","nuclear chromosome segregation",235,0.393888352460189,1.42863568412457,0.00372623715604771,0.0657742402499954,0.0441686877231674,1982,"tags=20%, list=15%, signal=17%","10783/51203/24137/10460/9735/83540/81620/5901/10051/60/53917/1894/79980/5501/57520/22974/64105/3796/9232/699/9031/9319/1780/891/55743/6602/22933/128866/256364/990/6604/7517/5925/26271/10270/11044/23063/9639/1104/2669/23636/7153/126731/29781/55755/196528/54892",0.431707695803346
"GO:0009137","purine nucleoside diphosphate catabolic process",73,0.46154533415664,1.42826443620176,0.0331013021681591,0.212644212179715,0.142794744085325,990,"tags=26%, list=7%, signal=24%","3099/2026/5230/5214/226/7167/83440/5315/230/953/2023/57103/5027/3939/2821/8473/26471/2597/3098",0.321775918075361
"GO:0009181","purine ribonucleoside diphosphate catabolic process",73,0.46154533415664,1.42826443620176,0.0331013021681591,0.212644212179715,0.142794744085325,990,"tags=26%, list=7%, signal=24%","3099/2026/5230/5214/226/7167/83440/5315/230/953/2023/57103/5027/3939/2821/8473/26471/2597/3098",0.321775918075361
"GO:0050900","leukocyte migration",243,0.390183945914893,1.42706126657647,0.00351537845702128,0.0631908090837036,0.0424338632082123,2725,"tags=42%, list=20%, signal=34%","140885/7422/240/7424/7852/11314/3958/3627/6688/6352/5034/57118/3689/4345/3603/27347/301/4283/23603/56833/3071/83483/54209/51192/6793/56253/6404/718/80310/3162/5175/23765/4856/51135/6351/4067/947/7423/131450/3055/3688/928/728/102/5919/23236/3676/3683/1906/7130/2013/5880/5228/2321/4627/4478/6364/58191/6280/64065/719/9435/196527/1524/7040/1901/1235/7226/6376/811/80270/7412/5025/1843/5155/6223/5142/29108/80024/3384/1130/1435/4267/9518/3679/6402/5478/4192/1240/975/207/23604/120425/387/3383/64005/23396/1436/7042/79890/920/4323/3932",0.431707695803346
"GO:0006998","nuclear envelope organization",55,0.488217890034134,1.42608134326997,0.046934208752974,0.261548466593647,0.175634906637312,2633,"tags=35%, list=20%, signal=28%","10783/4001/23306/7329/221035/22933/128866/23399/80346/84823/1104/23141/221496/4000/2010/9688/545/8815/79188",0.321775918075361
"GO:0009185","ribonucleoside diphosphate metabolic process",95,0.444628226052468,1.42497094766817,0.0313712453940355,0.205803772797032,0.138201255360337,990,"tags=21%, list=7%, signal=20%","3099/6241/2026/5230/5214/226/7167/83440/5315/230/953/2023/57103/5027/3939/2821/8473/26471/2597/3098",0.321775918075361
"GO:0097553","calcium ion transmembrane import into cytosol",113,0.434292670804791,1.42393406878148,0.0122631871095897,0.123218827060116,0.0827438503789276,2150,"tags=27%, list=16%, signal=23%","8996/857/3627/30001/2280/4283/5788/493/5027/356/51393/4067/1756/5371/84959/5330/23236/1729/5332/7040/1193/7220/7226/6376/187/775/5025/444/51196/80024",0.380730400722792
"GO:0033108","mitochondrial respiratory chain complex assembly",88,-0.520421934080307,-1.4224762083622,0.0417287630402385,0.246047935137676,0.165225996844972,3263,"tags=45%, list=24%, signal=35%","29090/79145/389203/4718/79072/100303755/374291/4700/29078/57226/115209/28958/57001/154791/4719/6341/55471/55101/84275/440957/54902/64756/4720/84300/7386/4728/51103/617/80224/116228/4722/25994/65260/25915/4536/9131/4538/4535/4540/4541",0.271288554688953
"GO:0033344","cholesterol efflux",38,0.51687125057596,1.42106597822378,0.0362056007749107,0.223514808540147,0.150094561980349,906,"tags=21%, list=7%, signal=20%","857/9619/341/19/6646/54209/21/949",0.321775918075361
"GO:0002791","regulation of peptide secretion",111,-0.502355311841263,-1.42053924363008,0.0434153400868307,0.250929566401564,0.168504107638116,1948,"tags=24%, list=14%, signal=21%","8938/2182/3123/84300/5007/25924/134/3667/169026/84522/781/5019/84417/8622/5587/5950/9854/7849/3172/6514/5071/846/18/5578/1393/10411/7021",0.261663521711573
"GO:0007492","endoderm development",42,0.501821539895311,1.42030576511596,0.0494268800085373,0.267492300316114,0.179626307139518,2815,"tags=43%, list=21%, signal=34%","3689/3915/9555/55897/3909/3676/1284/2335/1295/83595/1846/1843/3914/3679/1290/3678/4323/3624",0.321775918075361
"GO:0046605","regulation of centrosome cycle",53,0.495691273971403,1.42028504933652,0.0468186013801184,0.261548466593647,0.175634906637312,1937,"tags=19%, list=14%, signal=16%","4869/6790/10733/128866/7517/8454/338657/10769/23636/55755",0.321775918075361
"GO:0009191","ribonucleoside diphosphate catabolic process",75,0.455979392719346,1.41977991972226,0.0329147540810675,0.211928021129383,0.14231380779884,990,"tags=25%, list=7%, signal=24%","3099/2026/5230/5214/226/7167/83440/5315/230/953/2023/57103/5027/3939/2821/8473/26471/2597/3098",0.321775918075361
"GO:1905897","regulation of response to endoplasmic reticulum stress",87,0.450857833482092,1.41864874048471,0.0178002089877177,0.152967293026031,0.102720526635433,1589,"tags=16%, list=12%, signal=14%","857/240/4690/51360/27113/581/7873/26471/51246/10162/2213/9451/7494/65992",0.352487857583619
"GO:0050673","epithelial cell proliferation",228,0.395241958143374,1.41745222001485,0.00350622669625997,0.0631908090837036,0.0424338632082123,896,"tags=14%, list=7%, signal=14%","858/1030/857/7422/240/7424/1012/4208/567/1992/7039/1956/56005/22846/8862/3915/864/5797/675/7128/57608/5796/3162/23765/4856/6495/6667/54567/26471/947/57343/9572/7423",0.431707695803346
"GO:0009145","purine nucleoside triphosphate biosynthetic process",102,-0.501960379176465,-1.41732061906022,0.0459259259259259,0.258823195199034,0.173804833637122,1883,"tags=31%, list=14%, signal=27%","65018/4720/4729/4707/8382/4728/4709/4715/4704/6391/522/516/4723/515/518/4722/56848/4705/4536/6390/4539/27109/4538/55022/4535/4540/5465/4541/6392/5071/4508/4537",0.257206466468838
"GO:0009206","purine ribonucleoside triphosphate biosynthetic process",102,-0.501960379176465,-1.41732061906022,0.0459259259259259,0.258823195199034,0.173804833637122,1883,"tags=31%, list=14%, signal=27%","65018/4720/4729/4707/8382/4728/4709/4715/4704/6391/522/516/4723/515/518/4722/56848/4705/4536/6390/4539/27109/4538/55022/4535/4540/5465/4541/6392/5071/4508/4537",0.257206466468838
"GO:2000573","positive regulation of DNA biosynthetic process",43,0.508988346101815,1.41716136467672,0.0440230236150752,0.252455934448207,0.169529093610535,2596,"tags=35%, list=19%, signal=28%","7422/5984/5982/890/5985/25913/79075/5073/10728/5983/63922/5155/25865/1736/545",0.321775918075361
"GO:0048880","sensory system development",169,-0.472593740968295,-1.41674476553963,0.0374987007883624,0.228886150814116,0.153701523286956,1564,"tags=18%, list=12%, signal=16%","22926/10253/23554/655/5156/5076/658/148398/6297/5663/6505/27151/5950/4212/149461/341640/221322/654/10152/64220/3975/93/5087/283375/2254/2823/7490/7020/2296/7021/793",0.321775918075361
"GO:0051701","biological process involved in interaction with host",144,0.42101062533366,1.4164038844445,0.0126630227625756,0.125731837497331,0.0844313859981076,1444,"tags=17%, list=11%, signal=15%","858/857/7852/1956/5034/7436/6541/1948/90861/867/3625/6404/6737/942/949/3688/3956/4038/558/128866/7293/8829/5817/4627",0.380730400722792
"GO:0050878","regulation of body fluid levels",242,-0.460519664717577,-1.41579567232104,0.0197664916051097,0.163184603447802,0.109581650255784,691,"tags=12%, list=5%, signal=12%","1579/5577/5618/4780/4881/50808/634/3172/66002/6340/5639/9068/4513/5465/2160/6337/350/358/7301/1056/5578/5731/7103/5624/5340/83697/6338/359/3827",0.352487857583619
"GO:0001666","response to hypoxia",213,0.39330099512336,1.41419092121767,0.00458867161004909,0.0744631719795568,0.0500034751833076,1724,"tags=24%, list=13%, signal=21%","29923/3099/8996/6513/857/7422/7424/7852/8614/5230/5163/112399/56901/5034/30001/132864/27113/2023/54209/7043/57103/595/51129/867/3778/9124/100133941/890/7423/4017/5371/891/114757/22933/3777/4193/5351/1906/468/5228/9520/285/54541/761/5352/952/26608/3654/7037/2030/7040",0.407017918923954
"GO:0022408","negative regulation of cell-cell adhesion",138,0.425296946647246,1.41315510638053,0.00929619398164948,0.107459960918274,0.0721614637965105,1904,"tags=30%, list=14%, signal=26%","7422/10457/11314/5699/3133/3958/5696/6688/55824/301/864/182/865/80709/1029/7805/26191/867/10019/56253/1445/84695/10385/5698/942/5683/29126/3956/928/9231/64115/11006/9647/5682/3659/861/7040/3077/79626/5604/23240",0.380730400722792
"GO:0009134","nucleoside diphosphate catabolic process",76,0.455162928535281,1.41288705918031,0.0378032740582614,0.230266989548663,0.154628783482292,990,"tags=25%, list=7%, signal=23%","3099/2026/5230/5214/226/7167/83440/5315/230/953/2023/57103/5027/3939/2821/8473/26471/2597/3098",0.321775918075361
"GO:0002699","positive regulation of immune effector process",147,0.416116724255945,1.41176042444853,0.00788431406473387,0.100590862096828,0.0675487296983156,1799,"tags=26%, list=13%, signal=23%","567/3133/3134/6688/3689/64581/301/5788/912/54209/3140/7805/7305/2821/9846/56253/718/144811/6810/942/51571/8140/3098/5648/10865/3606/2590/7293/5817/7494/114548/114836/65992/7037/7040/7186/7532/84787",0.380730400722792
"GO:0050920","regulation of chemotaxis",148,0.409246738803913,1.41161671452036,0.00782898554498135,0.100258773493247,0.0673257257111581,1823,"tags=29%, list=14%, signal=25%","7422/7424/1012/3627/55558/6688/6352/57118/3603/27347/4233/56833/3071/54209/1948/80310/7114/4856/6351/4067/6810/7423/51571/25960/728/102/5919/1906/7130/5880/5228/8829/6091/285/64065/9647/719/196527/1524/7040/1901/1235/811",0.380730400722792
"GO:0006164","purine nucleotide biosynthetic process",162,-0.480364569415813,-1.41119837125054,0.0238497982836894,0.179726126984312,0.120689606573828,2168,"tags=32%, list=16%, signal=27%","498/4719/349565/23475/9605/107/65018/441024/4720/4729/133686/4707/115/8382/23498/4728/4709/4715/4704/93100/6391/522/516/4522/4723/515/518/4722/56848/4705/4536/4881/50808/6390/4539/130013/27109/4538/205/55022/4535/4540/132/5465/4541/6392/5071/4508/4860/4537/125061/554235",0.352487857583619
"GO:0046032","ADP catabolic process",71,0.464551233033444,1.41011045985786,0.0341052723658855,0.216192261707108,0.145177328680846,990,"tags=27%, list=7%, signal=25%","3099/2026/5230/5214/226/7167/83440/5315/230/953/2023/57103/5027/3939/2821/8473/26471/2597/3098",0.321775918075361
"GO:0046879","hormone secretion",159,-0.474137595942414,-1.40841194837298,0.0372492836676218,0.227692423625732,0.152899912151502,1819,"tags=23%, list=13%, signal=20%","3123/6845/84300/5007/25924/134/1601/3667/6696/169026/9727/22841/84522/781/5019/84417/8622/5587/5950/185/9854/654/7849/8723/3172/57393/6514/6926/5071/846/18/5578/54097/65266/1393/10411/7021",0.282013350011725
"GO:0071763","nuclear membrane organization",45,0.49647763735228,1.40678627297839,0.0494827080812364,0.267492300316114,0.179626307139518,2633,"tags=33%, list=20%, signal=27%","10783/23306/7329/221035/22933/128866/23399/80346/1104/23141/221496/2010/545/8815/79188",0.321775918075361
"GO:0019364","pyridine nucleotide catabolic process",74,0.456858801769107,1.40666670364243,0.0368421738703395,0.226052503141811,0.151798673498349,990,"tags=26%, list=7%, signal=24%","3099/2026/5230/5214/226/7167/83440/5315/230/2023/57103/5027/3939/2821/8473/26471/4837/2597/3098",0.321775918075361
"GO:0045785","positive regulation of cell adhesion",330,0.376981641852918,1.40638979265873,0.00230759826582217,0.0456702444663391,0.0306684616714305,2206,"tags=29%, list=16%, signal=25%","140885/857/7422/240/1012/6281/567/3133/6352/10076/5034/939/3689/6541/3915/4690/301/84034/5788/912/3561/3071/948/864/80381/865/10085/1948/60/923/10855/967/1445/100133941/9448/4067/2113/6810/942/7168/2494/51571/916/29126/6602/8744/283234/54453/3606/7409/3676/2013/6604/6237/11078/8829/2335/9840/7494/64115/114548/11006/399/604/9647/7052/9435/11148/6789/960/3654/7037/861/7040/3716/7532/3600/6376/811/1072/3611/196528/7412/59339/23149/57091/30008/8477/22915/5155/29108/8740/25865/3976/1435/2266",0.431707695803346
"GO:1901184","regulation of ERBB signaling pathway",67,0.474929757348293,1.40553869547357,0.0226769916789479,0.175995729238844,0.118184571586324,1724,"tags=25%, list=13%, signal=22%","1012/1956/55704/79651/5898/81848/10252/3672/867/356/5782/3516/64285/84058/23636/9125/7040",0.352487857583619
"GO:0048284","organelle fusion",141,0.412635181338406,1.40329997804143,0.0138862208889233,0.13358953581848,0.0897079839800923,1834,"tags=20%, list=14%, signal=17%","858/302/301/581/23208/8448/57586/338382/10282/27072/6810/54809/8411/25923/21/8676/2054/143425/128866/84286/10493/662/9341/7037/5305/9746/10228/80124",0.380730400722792
"GO:0072522","purine-containing compound biosynthetic process",227,-0.459842602441744,-1.40304711163995,0.0241709575877223,0.180529718806394,0.121229234186576,2170,"tags=33%, list=16%, signal=28%","51144/498/4719/349565/23475/9605/107/2182/65018/109703458/441024/4720/4729/2181/133686/4707/2180/115/8382/23498/4728/4709/23305/4715/4704/93100/6391/522/516/4522/4723/9524/515/518/23205/53354/1738/4722/5095/84693/84869/1743/4594/56848/55902/4705/38/4536/4881/5164/50808/6390/4539/130013/27109/4538/205/2639/55022/6470/4535/4540/5160/132/5465/4541/6392/11001/5162/5071/4508/4860/4537/125061/554235",0.352487857583619
"GO:0006096","glycolytic process",69,0.457693275753902,1.40281540010668,0.0355371377386926,0.221278914860206,0.148593115679242,990,"tags=26%, list=7%, signal=24%","3099/2026/5230/5214/226/7167/83440/5315/230/2023/57103/5027/3939/2821/8473/26471/2597/3098",0.321775918075361
"GO:0061025","membrane fusion",135,0.41452595209868,1.40281294044375,0.0272933792707337,0.192132315393261,0.129020604538791,1834,"tags=19%, list=14%, signal=17%","858/302/301/23208/8448/57586/338382/10282/27072/6810/54809/8411/25923/21/8676/2054/928/143425/128866/84286/84058/662/9341/5305/10228/80124",0.352487857583619
"GO:1901874","negative regulation of post-translational protein modification",68,0.464469860027086,1.40200147840935,0.0394116741685562,0.236631073302118,0.158902390093056,980,"tags=13%, list=7%, signal=12%","857/151636/7128/9636/6737/409/6188/8473/153769",0.321775918075361
"GO:0032755","positive regulation of interleukin-6 production",62,0.464681234474882,1.3983987857456,0.0391511913416753,0.235839233633422,0.158370654280974,2561,"tags=34%, list=19%, signal=28%","7098/64581/3603/7805/7099/7305/338382/23765/7097/51284/10865/64170/7494/7040/4615/64135/9181/29108/7096/3556/5603",0.321775918075361
"GO:0150063","visual system development",168,-0.474308797195175,-1.3971366177981,0.0395065035363639,0.236958395700762,0.159122193480455,1564,"tags=18%, list=12%, signal=17%","22926/10253/23554/655/5156/5076/658/148398/6297/5663/6505/27151/5950/4212/149461/341640/221322/654/10152/64220/3975/93/5087/283375/2254/2823/7490/7020/2296/7021/793",0.321775918075361
"GO:1903320","regulation of protein modification by small protein conjugation or removal",184,0.395535413004108,1.39523625037481,0.0111991446419044,0.117526230421751,0.0789211604885045,1734,"tags=17%, list=13%, signal=15%","857/330/5601/23551/79139/151636/55215/1029/84259/7128/7805/26191/9636/57761/11186/6737/409/6478/754/6188/8473/8312/153769/10010/10318/26271/6187/8841/50813/7046/7321/123879",0.380730400722792
"GO:0098771","inorganic ion homeostasis",280,-0.452802772609335,-1.39434844760846,0.0178516080479449,0.15318503957054,0.10286674769539,1387,"tags=18%, list=10%, signal=17%","169026/482/221154/4494/51310/6359/7780/8031/11261/147007/8529/5663/3954/4495/63933/254428/122416/6505/185/55630/10699/654/1579/51218/48/9481/4881/51458/9104/6387/9213/249/6569/93/1594/523/525/66002/6340/368/846/6337/57127/130733/6557/65266/57402/476/5745/6338/793",0.352487857583619
"GO:0033044","regulation of chromosome organization",219,0.391382874608656,1.39338595389329,0.00519870825868311,0.0791658216179775,0.0531613963171953,2609,"tags=24%, list=19%, signal=20%","10783/10460/9735/83540/10051/60/9555/57520/1017/699/9031/54464/51750/9319/5371/1780/891/55743/6602/25913/990/6604/8550/7517/5925/26271/4683/10111/23063/5073/100134934/10728/10664/79008/548593/55755/196528/3181/5570/1843/1663/51776/4000/4609/6598/1063/1736/55226/29945/4361/9918/545/10459",0.407017918923954
"GO:0045765","regulation of angiogenesis",224,0.387440240258852,1.39310467963478,0.00707322302741082,0.0967832686879469,0.0649918563142298,1748,"tags=28%, list=13%, signal=24%","3099/7422/240/7424/133/5230/10457/83605/3627/5315/7098/1003/56005/3689/23670/22846/84034/948/5797/161742/493/57556/3687/10855/7128/51129/57608/356/718/3339/3162/6667/3087/2113/6672/947/57343/7423/5371/3688/25960/6786/728/2896/23129/2013/1284/6237/1942/8829/6464/7494/2321/285/7052/10769/4846/958/719/861/90139/3716",0.407017918923954
"GO:0031099","regeneration",95,0.434647034578452,1.39298263239664,0.038666751515987,0.233830417089477,0.15702169471435,1733,"tags=25%, list=13%, signal=22%","4131/10076/3936/1026/301/6790/595/1459/5782/4856/890/23162/8578/8140/891/928/2896/4666/285/761/5111/861/7040/5738",0.321775918075361
"GO:0045580","regulation of T cell differentiation",133,0.412816024995816,1.39193630288581,0.014021267768256,0.134011401531396,0.0899912750506406,1724,"tags=26%, list=13%, signal=23%","5699/5696/639/939/301/3561/3071/864/865/60/1029/6932/56253/84695/914/5698/942/5683/6602/8744/3956/3606/27166/6604/9840/7494/64115/114548/11006/399/604/5682/3659/861/7040",0.380730400722792
"GO:0070482","response to oxygen levels",246,0.383129389771581,1.39047112484471,0.00656289161560604,0.0928096926158145,0.0623235223280493,1724,"tags=24%, list=13%, signal=21%","29923/3099/8996/6513/857/7422/7424/7852/8614/5230/5163/112399/56901/355/5034/30001/132864/27113/55332/2023/54209/7043/57103/595/51129/867/3778/9124/100133941/890/2983/7423/2982/4017/8140/5371/891/29904/114757/22933/3777/4193/5351/1906/468/5228/9520/662/285/54541/761/5352/952/26608/3654/7037/2030/7040",0.407017918923954
"GO:0045055","regulated exocytosis",145,0.403720180678921,1.39041137482393,0.0186217648768594,0.156697048866819,0.1052251305714,1444,"tags=21%, list=11%, signal=19%","2214/11031/11314/3134/6688/3689/8832/5873/5028/7462/3071/23208/8448/57586/867/2771/22871/9846/4067/6810/8676/3055/2054/57102/143425/2242/5341/11151/5880/2213/4627",0.352487857583619
"GO:0031396","regulation of protein ubiquitination",145,0.403146973207402,1.3884372496088,0.0186217648768594,0.156697048866819,0.1052251305714,980,"tags=13%, list=7%, signal=12%","857/330/5601/79139/151636/55215/7128/7805/26191/9636/57761/11186/409/6478/754/6188/8473/8312/153769",0.352487857583619
"GO:0030071","regulation of mitotic metaphase/anaphase transition",81,0.45075221037722,1.38829890778349,0.0277973486790123,0.19391155683565,0.130215399938241,2439,"tags=27%, list=18%, signal=22%","10783/9735/83540/60/57520/699/9319/1780/891/6602/990/6604/7517/5925/26271/55755/196528/1843/51776/6598/1063/29945",0.352487857583619
"GO:0050678","regulation of epithelial cell proliferation",202,0.395527811492047,1.38829712472527,0.00628750428201495,0.0903617363561953,0.0606796718604477,896,"tags=15%, list=7%, signal=14%","858/1030/857/7422/240/7424/1012/4208/567/7039/1956/56005/22846/8862/3915/864/5797/675/7128/57608/5796/3162/23765/6495/6667/54567/26471/57343/9572/7423",0.407017918923954
"GO:0006261","DNA-templated DNA replication",141,0.407886792640594,1.3871515397678,0.0157905974191656,0.142813719065623,0.0959022032944595,2602,"tags=36%, list=19%, signal=29%","4174/5428/25939/81620/4175/675/11177/5984/6742/4171/91607/5982/4176/5985/51750/8317/54107/5001/374393/8099/57804/990/63901/197342/7517/64318/26271/4683/8882/10111/92667/604/7083/8914/5111/6240/997/5983/6117/259282/5422/57697/1663/29980/580/8450/5889/4361/3978/545/5425",0.352487857583619
"GO:0015918","sterol transport",83,0.445676005846681,1.38283589595802,0.0238927176004331,0.179726126984312,0.120689606573828,906,"tags=14%, list=7%, signal=14%","857/9619/4481/341/302/19/6646/948/54209/57655/21/949",0.352487857583619
"GO:0034504","protein localization to nucleus",253,0.379356903860276,1.38107654736531,0.00893055523203036,0.106362524181891,0.0714245135813352,2836,"tags=29%, list=21%, signal=23%","2634/3059/4869/55723/4001/948/151636/5901/1029/1894/83666/6495/754/3087/3985/6672/29969/5371/51194/4487/84154/4193/23399/1906/7534/9451/100101267/57122/7494/8841/11006/8882/7752/51307/84823/23636/55696/10204/6789/149628/7037/7040/3716/811/1072/3838/25937/27042/3840/84455/4804/4000/4928/9913/11331/51501/580/1736/7297/1994/84897/23568/207/9688/7042/10758/3836/1277/7016/51068/4851/9631/868",0.380730400722792
"GO:0009135","purine nucleoside diphosphate metabolic process",85,0.43124555051848,1.37491896577891,0.0497934348217047,0.267905704808447,0.179903916335091,990,"tags=22%, list=7%, signal=21%","3099/2026/5230/5214/226/7167/83440/5315/230/953/2023/57103/5027/3939/2821/8473/26471/2597/3098",0.321775918075361
"GO:0009179","purine ribonucleoside diphosphate metabolic process",85,0.43124555051848,1.37491896577891,0.0497934348217047,0.267905704808447,0.179903916335091,990,"tags=22%, list=7%, signal=21%","3099/2026/5230/5214/226/7167/83440/5315/230/953/2023/57103/5027/3939/2821/8473/26471/2597/3098",0.321775918075361
"GO:0016032","viral process",325,0.365285700525955,1.37433733227115,0.00324541015035743,0.0598010058426362,0.040157544086492,1626,"tags=18%, list=12%, signal=16%","858/857/7852/1956/4938/6352/5034/7436/6541/821/4939/55254/5901/8662/1948/4245/9140/1452/90861/867/3669/4940/440275/9636/60559/200316/83666/6404/140564/6737/6672/942/636/949/2494/27074/29969/2589/3428/3688/3956/4038/11253/4247/558/128866/7293/10318/27350/63901/8829/5817/4627/950/4124/3665/1104",0.431707695803346
"GO:0071675","regulation of mononuclear cell migration",106,0.421454134019457,1.37311534588434,0.0243367223973464,0.181077537027344,0.121597104827701,2811,"tags=42%, list=21%, signal=33%","3958/3627/6688/6352/5034/4345/27347/56833/54209/6793/80310/4856/6351/4067/131450/928/728/102/5919/23236/3676/4478/6364/719/196527/1524/7040/1235/6376/811/5025/1843/29108/80024/1435/4192/1240/975/207/387/1436/4323/6693/729230",0.352487857583619
"GO:0002702","positive regulation of production of molecular mediator of immune response",81,0.44554107425803,1.37224881547994,0.0318040721516017,0.207255361537822,0.139176025567499,1799,"tags=27%, list=13%, signal=24%","567/3133/3134/64581/5788/7805/2821/144811/6810/942/8140/3098/10865/3606/2590/7293/7494/114548/7037/7040/7186/84787",0.321775918075361
"GO:0051170","import into nucleus",128,0.40449155453526,1.36869891127903,0.027209621199907,0.192132315393261,0.129020604538791,2836,"tags=29%, list=21%, signal=23%","3059/1026/4869/55723/948/5901/1894/754/7329/29969/51194/100101267/57122/7494/8841/8882/51307/23636/55696/10204/6789/7040/1072/3838/3840/84455/4928/11331/51501/1994/207/9688/10758/3836/4851/9631/868",0.352487857583619
"GO:1902105","regulation of leukocyte differentiation",219,0.383955442143844,1.36694310025462,0.00708009621228601,0.0967832686879469,0.0649918563142298,1724,"tags=25%, list=13%, signal=22%","5699/3059/5696/639/7098/6688/939/301/23603/56833/3561/3071/864/865/54209/60/714/1029/7099/7305/6932/9935/56253/3635/84695/914/4067/5698/942/3566/5683/6602/8744/3956/84959/3606/558/2242/7130/27166/6604/2213/9840/7494/64115/114548/11006/399/604/3665/65992/5682/3659/861/7040",0.407017918923954
"GO:0031398","positive regulation of protein ubiquitination",81,0.443780102389308,1.36682509205562,0.0323049134117151,0.209763455377861,0.140860259595594,822,"tags=14%, list=6%, signal=13%","857/330/5601/79139/55215/7805/26191/57761/11186/754/8312",0.321775918075361
"GO:0051209","release of sequestered calcium ion into cytosol",80,0.435317319841229,1.36361308797253,0.0427610804921317,0.249107662173191,0.167280663344139,2150,"tags=30%, list=16%, signal=25%","8996/3627/30001/2280/4283/5788/356/4067/1756/84959/5330/23236/1729/5332/7040/1193/7220/7226/6376/187/775/444/51196/80024",0.321775918075361
"GO:0045766","positive regulation of angiogenesis",129,0.411846023001653,1.36290879639225,0.0279206830920341,0.19395420590354,0.1302440396208,1748,"tags=29%, list=13%, signal=25%","3099/7422/7424/133/5315/7098/1003/56005/3689/84034/3687/10855/51129/57608/718/3162/6667/2113/947/57343/7423/3688/6786/728/2896/2013/6237/8829/7494/2321/285/7052/4846/958/719/861/3716",0.352487857583619
"GO:1901873","regulation of post-translational protein modification",189,0.38855833502498,1.36125990568454,0.00824357534775493,0.102743905855523,0.0689945406582091,1734,"tags=17%, list=13%, signal=15%","857/330/5601/23551/79139/151636/55215/1029/84259/7128/7805/26191/9636/57761/11186/6737/409/6478/754/6188/8473/8312/153769/10010/10318/26271/6187/8841/50813/7046/7321/123879",0.380730400722792
"GO:0006887","exocytosis",257,0.373696806520534,1.35923470043117,0.00824360003166894,0.102743905855523,0.0689945406582091,1444,"tags=18%, list=11%, signal=16%","2214/6281/11031/11314/3134/6688/6352/3689/302/301/8832/5873/5028/5898/7462/3071/23208/8448/54843/57586/867/2771/22871/283849/9846/4067/55255/6810/636/8676/3055/2054/200081/7127/57102/143425/81575/2242/5341/11151/5880/153339/2213/10079/4627",0.380730400722792
"GO:0006413","translational initiation",117,0.408750548012071,1.35677098800868,0.04613343456735,0.25974360956598,0.174422909871755,2290,"tags=23%, list=17%, signal=19%","6352/4690/8662/1978/440275/6189/6188/3087/57409/7458/2597/28969/5371/10657/3646/6193/468/8637/9451/5611/22916/6451/5436/6198/23521/8846/8667",0.321775918075361
"GO:0000725","recombinational repair",163,0.390379981372404,1.35361343255767,0.0115590867473806,0.118991789669183,0.0799053121638956,2941,"tags=28%, list=22%, signal=22%","4174/25939/4175/675/60/4171/9643/4176/51750/8317/7454/83695/63979/7517/4683/10111/8914/6502/79008/548593/2521/1457/196528/51659/6117/55345/6119/6118/57697/5531/3364/51149/55010/10097/80010/79728/54556/5889/4361/10459/1111/112441434/65980/5893/9907",0.380730400722792
"GO:0019058","viral life cycle",246,0.372873184466638,1.35324882421279,0.00976424319134836,0.111013968043996,0.0745480490357358,1444,"tags=16%, list=11%, signal=15%","858/857/7852/1956/4938/6352/5034/7436/6541/4939/55254/1948/90861/867/3669/4940/440275/9636/200316/6404/140564/6737/942/636/949/2494/27074/3428/3688/3956/4038/558/128866/7293/10318/27350/63901/8829/5817/4627",0.380730400722792
"GO:0043254","regulation of protein-containing complex assembly",335,0.360471088661932,1.35056058592313,0.00358071910508739,0.0637802027263748,0.042829652557511,2384,"tags=25%, list=18%, signal=21%","4131/7422/2634/3958/3059/1003/57580/136319/64581/19/4690/27113/3071/948/581/4133/29767/54209/10092/5027/115362/7099/1452/26191/9636/54801/51673/10094/7114/27072/6188/8473/829/21/2597/51571/3055/3428/89848/2242/5341/96459/51466/11078/81926/51100/55971/25959/7408/81873/11344/81553/7037/7040/7186/147138/1072/56926/6624/4615/5756/2934/55755/134957/134510/389/22900/9873/55142/23176/5216/5921/29108/51332/28964/23521/578/115106/23191/637/998/9641/54434/11135/57763",0.431707695803346
"GO:2001233","regulation of apoptotic signaling pathway",249,0.369175152117169,1.34870822645355,0.00896943769561342,0.106362524181891,0.0714245135813352,1951,"tags=24%, list=14%, signal=21%","8996/857/3958/8531/355/5034/4690/27113/581/2023/54209/7128/7099/1459/2771/356/3162/6667/6478/754/6188/26471/6672/6810/8682/5371/57007/4487/1687/4150/8321/4193/5062/27166/51703/468/2213/9451/8829/219699/7494/5925/6154/4055/6280/80196/761/7046/4846/960/1524/7186/147138/6376/1457/5604/9181/6878/6477",0.380730400722792
"GO:0007264","small GTPase-mediated signal transduction",424,0.353389401706894,1.34613746136021,0.00116105238136565,0.0296439035674165,0.0199064605624996,1974,"tags=25%, list=15%, signal=22%","1012/9938/5912/9815/54769/10044/55704/57568/1026/57580/28988/19/51285/9844/51291/5898/6236/1796/257106/81848/55619/115273/10252/397/22821/1029/51735/50619/1894/1452/5501/117289/83892/157285/1017/1122/22898/11186/6478/79930/9448/8473/890/391/392/10982/25780/9732/2828/5500/10750/2664/79778/23682/51571/1794/7204/23092/1454/9828/7454/4038/8844/54453/55114/7409/116985/27128/10287/23348/4803/253980/6237/5880/9909/58480/11214/8550/8829/6091/5925/58504/25959/6494/10188/399/8936/8315/57572/9639/7052/57221/10260/10769/23636/64333/396/1072/85442/5338/5900/393/9181/7126/4650/57493/57381/389",0.45505986738723
"GO:0034612","response to tumor necrosis factor",168,0.385829420090208,1.34408600890933,0.0276585921854078,0.193774976002178,0.130123683239428,2013,"tags=27%, list=15%, signal=23%","8996/60401/307/2634/10068/6352/8531/355/330/10673/834/8717/83483/7188/7128/7805/7114/7846/9572/102/1687/3476/7293/8439/1906/10010/90268/51667/114769/2635/83643/58191/958/8904/7186/147138/836/1072/3611/7132/837/9181/7412/22900/7133",0.352487857583619
"GO:0097529","myeloid leukocyte migration",137,0.401407819948286,1.34092465077833,0.028624090836222,0.195415105615927,0.131225062327349,1709,"tags=31%, list=13%, signal=27%","140885/7422/7424/11314/3958/3627/6688/6352/57118/3689/4345/301/4283/23603/56833/3071/54209/51192/80310/5175/23765/4856/51135/6351/4067/7423/131450/928/728/5919/23236/1906/7130/2013/5880/5228/2321/6280/64065/719/196527/1524",0.352487857583619
"GO:0071356","cellular response to tumor necrosis factor",153,0.393006228550815,1.3315805969329,0.0244598712470373,0.181369802592281,0.121793366866166,2013,"tags=26%, list=15%, signal=22%","8996/60401/307/2634/10068/6352/8531/355/330/10673/834/8717/83483/7188/7128/7805/7114/9572/102/1687/7293/8439/1906/10010/90268/114769/2635/83643/958/8904/7186/147138/1072/3611/7132/837/9181/7412/22900/7133",0.352487857583619
"GO:0008015","blood circulation",313,-0.42773805782515,-1.33103914959148,0.030687217345895,0.203588559321863,0.136713696220878,1910,"tags=24%, list=14%, signal=21%","4883/7026/2150/481/1739/613/1832/57731/2166/79987/6339/3320/5547/134/30845/23171/287/1636/80763/59342/2946/801/27131/482/7341/7135/290/781/284/8529/153/10979/7139/6505/3753/185/7134/51086/9353/4311/10699/100506658/654/2642/4634/3760/81033/9365/4881/6387/5743/274/5997/634/29098/2643/6340/6456/5465/3728/23576/846/6337/59272/27134/170690/18/6326/6296/65266/476/3291/3816/6338/3827",0.352487857583619
"GO:0000724","double-strand break repair via homologous recombination",159,0.38888932386602,1.33056066839272,0.0301698259827811,0.201950338432003,0.13561359887835,2941,"tags=27%, list=22%, signal=21%","4174/25939/4175/675/60/4171/9643/4176/51750/8317/7454/63979/7517/4683/10111/8914/6502/79008/548593/2521/1457/196528/51659/6117/6119/6118/57697/5531/3364/51149/55010/10097/80010/79728/54556/5889/4361/10459/1111/112441434/65980/5893/9907",0.352487857583619
"GO:2001235","positive regulation of apoptotic signaling pathway",87,0.422164537715453,1.32836372184521,0.0393018183935935,0.23621276944534,0.158621490878513,2324,"tags=29%, list=17%, signal=24%","857/355/4690/27113/581/7099/356/6667/6188/26471/5371/4487/1687/5062/6154/4055/6280/7046/7186/6878/6477/29108/8740/637/4609",0.321775918075361
"GO:0043410","positive regulation of MAPK cascade",287,0.365714165447852,1.32767329981406,0.007387735917021,0.0995988800923153,0.0668825943964435,1443,"tags=19%, list=11%, signal=17%","858/60401/7422/4208/10457/7039/7098/6688/1956/939/56005/64581/27347/5028/5788/3561/948/59/54209/8826/3672/3601/7805/26191/4281/2771/57608/10135/80310/5154/5175/409/4067/23162/8312/90441/7423/153769/728/57007/8844/1687/9770/64170/23236/10550/1906/4803/2213/11214/8829/6464/2321/6091/195827",0.407017918923954
"GO:0007219","Notch signaling pathway",103,0.411709287245346,1.32724900135079,0.0469427930685316,0.261548466593647,0.175634906637312,1647,"tags=23%, list=12%, signal=21%","3714/26508/23462/55589/79651/182/151636/4854/157285/23493/4856/6495/54567/282991/55897/3516/54492/102/51162/83464/6091/441478/23090/4846",0.321775918075361
"GO:0045619","regulation of lymphocyte differentiation",153,0.390250361631663,1.32224319042205,0.0262387499332035,0.188707801135948,0.12672097629132,1724,"tags=26%, list=13%, signal=23%","5699/5696/639/6688/939/301/56833/3561/3071/864/865/60/1029/6932/56253/3635/84695/914/5698/942/5683/6602/8744/3956/3606/558/27166/6604/9840/7494/64115/114548/11006/399/604/65992/5682/3659/861/7040",0.352487857583619
"GO:0034976","response to endoplasmic reticulum stress",241,0.358712830974073,1.32077313885298,0.0132736628400087,0.129468574353955,0.0869406778226361,2267,"tags=24%, list=17%, signal=20%","857/240/79876/116496/5034/30001/9601/4690/51360/27113/79139/488/821/581/7873/285533/57761/115290/10392/127733/26471/489/9616/11253/51246/91319/51465/64224/468/58487/10162/2213/9451/23071/7494/153830/65992/26608/2923/7186/10299/811/5611/4082/55139/79668/837/2081/10130/8795/29978/27230/9695/578/51643/10956/51776",0.380730400722792
"GO:0006163","purine nucleotide metabolic process",345,-0.413457734587793,-1.31797963585544,0.0469879518072289,0.261548466593647,0.175634906637312,1953,"tags=28%, list=14%, signal=24%","23530/5138/2327/131870/65018/481/4907/1739/441024/4720/4729/133686/7345/5313/4707/8402/23171/115/8382/23498/5208/2806/4728/4709/55526/4715/4704/93100/10840/6391/522/516/4522/10591/5663/4723/55753/27233/515/518/8622/9615/51292/526/3417/4722/8604/27284/4621/4190/2272/56848/4705/22978/48/4536/402/4881/50808/6390/4539/130013/27109/1497/4538/205/55022/8505/3091/523/525/4535/368/4540/5091/130752/132/5465/4541/6392/5071/27115/2766/4508/4860/11163/84836/3945/4537/5136/125061/554235/8671/229/2203",0.227987202850442
"GO:0051054","positive regulation of DNA metabolic process",237,0.36901573240675,1.31461698172387,0.0109672745910741,0.117210254629697,0.0787089765691727,2609,"tags=26%, list=19%, signal=21%","7422/1956/1026/581/81620/57103/60/11177/5984/6742/1017/9643/5982/6188/890/5985/51750/8317/5371/6602/7454/25913/79075/253980/6604/57332/8550/3014/4683/51720/10111/8914/5073/6502/5111/7037/10728/7040/79008/548593/84787/836/2521/7126/5983/196528/3181/5570/63922/5155/25865/1663/4609/6598/51149/1736/10097/54556/207/4361/545/10459",0.380730400722792
"GO:0006275","regulation of DNA replication",106,0.403474889042185,1.31453820737046,0.0386454329199099,0.233830417089477,0.15702169471435,1655,"tags=25%, list=12%, signal=22%","4174/1956/1026/81620/4175/11177/6742/4171/91607/1017/890/4176/8317/54107/79075/5001/990/253980/79596/26271/4683/604/6282/23063/8914/5111",0.321775918075361
"GO:0031109","microtubule polymerization or depolymerization",114,0.399639895463911,1.30794591518144,0.0288127008956511,0.196474542766401,0.131936495077978,2256,"tags=20%, list=17%, signal=17%","4131/1003/4133/60/22974/3796/54801/51673/26586/6188/7846/10982/282991/80097/2242/653784/126731/9181/55755/55142/28964/50861/115106",0.352487857583619
"GO:0031334","positive regulation of protein-containing complex assembly",156,0.378351956935466,1.30156082054114,0.0324302401255144,0.209939373852174,0.140978392288987,1467,"tags=19%, list=11%, signal=17%","4131/7422/2634/3958/1003/64581/19/4690/27113/3071/948/581/5027/115362/7099/26191/9636/51673/6188/21/3055/89848/2242/5341/96459/51466/51100/55971/7408",0.321775918075361
"GO:0048285","organelle fission",335,0.347236619380045,1.30097560352114,0.00905547704179917,0.106669527157706,0.0716306720792111,1724,"tags=18%, list=13%, signal=16%","858/23023/51203/24137/7039/9735/4603/83540/6790/23603/5898/81620/5901/675/10051/65084/53917/80821/5501/22974/64105/3796/84687/9232/699/7329/9031/221035/29988/9319/51571/1613/1780/891/55743/22933/23236/128866/1906/256364/63979/6773/197342/7517/5925/26271/10270/11044/10111/23063/80346/9639/1104/23636/23141/4288/7153/79866/7040",0.380730400722792
"GO:0002237","response to molecule of bacterial origin",217,0.363453192170042,1.29621600253663,0.0154191754630128,0.141615489643108,0.0950975688208019,1866,"tags=27%, list=14%, signal=23%","140885/2634/4208/10068/567/3627/6688/5724/4345/834/19/4283/948/54209/1948/923/7128/115362/7099/26191/356/7097/100133941/51135/4067/23643/942/9572/949/51571/8140/3055/10865/29126/7431/9450/3606/558/1906/10318/114769/2635/7494/10270/114548/4846/958/3654/1524/4791/1439/196/3587/836/6376/353376/7132/4615",0.380730400722792
"GO:0051146","striated muscle cell differentiation",191,0.361625428224616,1.29341981725174,0.0341917961004254,0.216192261707108,0.145177328680846,1929,"tags=22%, list=14%, signal=19%","858/7422/4208/6157/6175/29767/57538/1948/6137/6139/6132/6143/23493/409/4856/6171/7168/1794/55897/891/3688/928/963/4666/64091/79365/1906/6173/11214/30846/7494/6181/6168/6164/3856/7040/5738/11224/836/811/5999/6134",0.321775918075361
"GO:0002573","myeloid leukocyte differentiation",140,0.387527907446344,1.2922074487623,0.0269089654781882,0.191258644595877,0.128433917524606,2494,"tags=33%, list=18%, signal=27%","7422/3059/7098/6688/4869/302/23603/54209/714/7099/7305/1050/9935/9846/3635/7018/7097/4067/9644/3428/84959/2908/2242/7130/29887/375387/4627/11006/3665/7037/861/7040/3600/55509/2200/7351/3976/1435/10538/51176/4609/998/3556/22904/975/28962",0.352487857583619
"GO:0001906","cell killing",113,0.393446577488274,1.29001022488553,0.0470628676036197,0.26171763081748,0.175748503719514,1724,"tags=37%, list=13%, signal=33%","2214/2634/3133/3958/3134/3627/6688/5551/4283/5873/5788/912/3071/4069/3140/5272/115362/2999/7305/56253/3635/914/203068/409/2212/57823/51571/3001/2209/7409/2013/11151/10578/2213/5817/2635/6364/3075/114836/10870/1524/7040",0.321775918075361
"GO:0044403","biological process involved in symbiotic interaction",153,0.375470890671197,1.27216750374284,0.0452851720489589,0.258182581283977,0.173374648873942,1444,"tags=16%, list=11%, signal=15%","858/857/7852/1956/5034/7436/6541/1948/90861/867/3625/6404/6737/942/949/3688/3956/4038/558/128866/7293/8829/2335/5817/4627",0.321775918075361
"GO:0016072","rRNA metabolic process",270,0.342431240498003,1.26442418457358,0.0224441117954292,0.175667761828938,0.117964335061258,3790,"tags=33%, list=28%, signal=24%","2971/162394/1029/146857/9555/3669/284119/54464/81691/23481/84154/55651/10813/10775/6207/5036/85395/6949/10412/6154/10248/57696/54853/55646/55299/11224/56915/11157/4141/27292/27042/4839/51082/100506736/79039/51065/6223/11137/1663/4609/55505/64425/6598/1736/55226/54663/22984/28987/317781/29102/22803/57647/6167/5393/23378/84881/55695/54606/83608/23246/2091/54433/6155/6839/6230/6129/51729/57109/6229/6208/120379/113000/9221/51119/6130/6217/64768/6232/221830/51154/6201/10528/6135/83732/56342/55813/55720/25885",0.352487857583619
"GO:0032496","response to lipopolysaccharide",208,0.357332068036717,1.26402229884458,0.0248895252491978,0.183104667602985,0.122958362624511,1866,"tags=26%, list=14%, signal=23%","140885/2634/4208/10068/567/3627/6688/5724/4345/834/19/4283/948/54209/1948/923/7128/115362/7099/26191/356/7097/51135/4067/23643/942/9572/949/8140/3055/10865/29126/7431/9450/3606/558/1906/10318/114769/2635/7494/10270/114548/4846/958/3654/1524/4791/1439/3587/836/6376/353376/7132/4615",0.352487857583619
"GO:0030099","myeloid cell differentiation",258,0.346351708754764,1.25899541766684,0.0211154512082603,0.169558227052123,0.113861663062838,2494,"tags=27%, list=18%, signal=22%","1030/7422/4208/79876/3059/7098/6688/4869/302/23603/3071/439921/54209/714/7099/7305/23306/1050/10019/9636/9935/9846/3635/7018/87/338382/7097/4067/2113/440712/9644/3428/84959/2908/2242/7130/29887/375387/4627/11006/3665/55646/7037/861/5305/7040/3600/55972/10320/836/55509/2200/2034/84148/6223/7351/3976/1435/10538/51176/4609/998/25946/23774/3556/55904/22904/975/28962",0.352487857583619
"GO:0007160","cell-matrix adhesion",192,0.357104915754912,1.25656594934223,0.0422405045554656,0.24730048384166,0.166067107777673,2357,"tags=30%, list=17%, signal=25%","7422/1012/6281/3689/23603/948/182/10580/3687/3672/10855/1029/967/9358/5796/87/9448/55901/22795/947/9616/1613/916/3688/54453/5310/3676/8515/3683/79834/2013/2042/6237/7791/8829/2335/83706/9647/960/94/6376/6614/1072/3611/64098/7412/59339/30008/5921/1435/2266/9344/54749/7094/51176/23499/3679",0.321775918075361
"GO:0010639","negative regulation of organelle organization",293,0.343038654996116,1.24900088250781,0.028873876699401,0.19666355415884,0.132063419921762,2146,"tags=21%, list=16%, signal=18%","8996/4131/1003/9735/4869/136319/83540/54521/4133/29767/55254/22974/7114/26586/699/829/9031/26471/3985/54464/51750/9319/10163/51571/5371/1780/891/7454/25913/116985/5062/96459/27166/11151/11078/10493/7517/26271/4683/25959/10111/338657/9535/11344/23063/7037/100134934/1901/9746/79008/548593/1072/9181/5756/2934/55755/51474/1843/5216/9554/51332",0.352487857583619
"GO:0031401","positive regulation of protein modification process",277,0.345118080321728,1.24793902200724,0.0247672244933522,0.18266216508397,0.122661213535372,1925,"tags=21%, list=14%, signal=18%","857/1464/7422/3937/7098/1956/116496/55704/1026/330/56005/5601/23551/79139/5788/3561/55215/1029/84259/7805/1894/26191/22974/57761/83666/718/11186/754/8312/7423/4837/3566/5919/3606/9770/10010/10318/54625/7494/2321/6187/8841/10188/4055/2146/65992/9125/6789/23531/7321/123879/7186/3600/3587/7132/10533/5604/25855",0.352487857583619
"GO:0006310","DNA recombination",263,0.338954362909682,1.24492606444594,0.0166042857906303,0.147134577305032,0.0988037440427395,2888,"tags=26%, list=21%, signal=21%","121260/4174/25939/4175/675/10051/60/4171/9643/4176/51750/5130/9319/8317/7454/2956/11277/83695/63979/197342/7517/3014/4683/10111/8914/6502/7037/7153/7040/1235/79008/548593/84787/2521/1457/3838/196528/51659/6117/55345/23064/10538/6119/6118/57697/5531/580/3364/51149/55010/10097/80010/79728/54556/7518/5889/4361/3978/10459/1111/3836/23529/79605/3148/112441434/65980/84542/5893",0.352487857583619
"GO:0000280","nuclear division",293,0.338573921517537,1.23274482514025,0.0372643946117649,0.227692423625732,0.152899912151502,1812,"tags=18%, list=13%, signal=16%","858/51203/24137/7039/9735/4603/83540/6790/81620/5901/675/10051/53917/5501/22974/64105/3796/84687/9232/699/7329/9031/221035/29988/9319/1613/1780/891/55743/22933/23236/128866/1906/256364/63979/197342/7517/5925/26271/10270/11044/10111/23063/80346/9639/1104/23636/23141/4288/7153/79866/7040/126731/157313",0.321775918075361
"GO:0042692","muscle cell differentiation",263,0.335394435592076,1.23185101131142,0.0205628711636,0.167176426970457,0.112262237761592,2180,"tags=22%, list=16%, signal=19%","858/7422/133/4208/6157/6175/23462/3915/29767/57538/1948/6137/6139/6132/6143/87/23493/409/4856/6171/7168/1756/1794/55897/891/3688/928/963/4666/64091/79365/4193/1906/1909/6173/6604/57496/11214/30846/7494/6181/6168/6164/3856/7040/5738/11224/836/811/5999/187/6134/25873/30008/5155/6158/10266/23521/8506",0.352487857583619
"GO:1903829","positive regulation of protein localization",378,0.324735800186994,1.21900561828147,0.0206778922371154,0.16764779388933,0.112578769859319,1761,"tags=19%, list=13%, signal=17%","7422/7424/9619/226/3958/3059/22885/1956/9871/55704/4869/170384/3915/54209/23208/151636/5901/7043/493/10580/1029/7099/7305/1459/1894/11190/83666/5583/84687/5175/7097/257364/391/3985/6810/636/79778/23682/5371/3688/7431/4038/23184/4193/1906/7130/2042/5880/2037/81926/54543/58480/9451/51100/9520/7494/2778/29085/8841/4478/8882/29801/65992/23636/952/55696/8660/149628/7037/7040/3716/10541",0.352487857583619
"GO:0006302","double-strand break repair",270,0.329153208928611,1.21539517596019,0.0498787294470951,0.267905704808447,0.179903916335091,2702,"tags=25%, list=20%, signal=20%","4174/25939/151636/4175/675/60/25900/1459/4171/83666/9643/4176/85456/51750/9319/8317/5371/6602/7454/25913/83695/200558/6604/63979/197342/7517/3014/4683/51720/11044/10111/8914/6502/79008/548593/84787/2521/1457/196528/54969/51659/22992/6117/55345/23064/5422/6119/6118/57697/1663/4000/5531/6598/3364/51149/55010/10097/80010/79728/54556/7518/5889/4361/545/10459/1111/3148",0.321775918075361
"GO:1903706","regulation of hemopoiesis",283,0.331435829730248,1.20681613668119,0.0494175087626886,0.267492300316114,0.179626307139518,1724,"tags=21%, list=13%, signal=19%","4208/5699/3059/5696/639/7098/6688/939/301/23603/56833/3561/3071/864/865/54209/60/714/1029/7099/7305/9636/6932/9935/56253/3635/84695/338382/914/4067/2113/5698/942/440712/3566/5683/6602/8744/3956/84959/3606/558/2242/7130/27166/6604/2213/9840/7494/64115/114548/11006/399/604/3665/65992/5682/3659/861/7040",0.321775918075361
"GO:0051052","regulation of DNA metabolic process",410,0.313456517411861,1.19869467013863,0.0297298834167739,0.200534102204246,0.134662568574567,2672,"tags=26%, list=20%, signal=21%","7422/121260/4174/1956/1026/581/81620/4175/57103/60/11177/5984/6742/4171/91607/1017/9643/5982/6188/890/4176/5985/54464/51750/8317/54107/6883/5371/6602/7454/2956/25913/79075/5001/200558/990/253980/6604/63979/57332/5429/8550/79596/3014/26271/4683/51720/10111/80854/604/6282/23063/8914/5073/6502/5111/7037/100134934/10728/7040/79008/548593/84787/94/836/2521/1457/3838/7126/5983/6878/196528/3181/5570/63922/1843/5155/25865/6118/1663/4000/5531/9913/4609/157570/6873/580/8450/6598/51149/1736/55010/55226/10097/6881/54556/3399/207/23450/4361/545/10459/1111/3836/23529",0.352487857583619
"GO:0010638","positive regulation of organelle organization",395,0.309831280958591,1.16564423826757,0.0483267832226238,0.264539355594521,0.177643347050948,2352,"tags=25%, list=17%, signal=21%","4131/51203/6281/3003/55558/7039/55704/834/302/4690/301/6790/27113/5898/3071/581/23208/8448/7043/10051/57586/5027/10733/80821/9555/6742/80856/4848/1017/6188/699/7168/21/51750/10163/3055/5371/89848/2896/25913/22933/23236/143425/2242/1906/10801/5341/51466/122618/8550/8829/51100/5925/55971/4683/7408/10111/8936/7046/9647/9639/5073/23636/5305/246175/10728/79008/548593/6376/1072/51375/6624/57192/29899/2934/55755/389/9873/3181/8477/5570/10807/51474/5216/11346/5155/29108/28964/55154/578/1663/255967/23191/637/4609/998/171024",0.321775918075361
NA,NA,NA,NA,NA,NA,NA,NA,NA,NA,NA,NA
NA,NA,NA,NA,NA,NA,NA,NA,NA,NA,NA,NA
