"ID","Description","GeneRatio","BgRatio","RichFactor","FoldEnrichment","zScore","pvalue","p.adjust","qvalue","geneID","Count"
"GO:0044282","small molecule catabolic process","122/1982","286/11930",0.426573426573427,2.56761906106003,11.9772857182842,5.86554919993929e-26,2.87118633337028e-22,2.87118633337028e-22,"PHYH/SORD/PPARA/DLD/ALDH2/SHMT1/ENO1/LDHB/DHDH/TKFC/ECHS1/AKR1A1/ALDOA/ADA2/GCAT/CYP26B1/AUH/ECHDC1/ACMSD/XYLB/HIBCH/HACL1/PRODH2/GLDC/DLST/GAPDH/BCAT1/ALDH4A1/MCCC1/ECI2/ALDH1B1/ACSS2/NQO2/ABCD3/SULT1C4/DPEP1/PON3/HAGH/HOGA1/SLC27A2/HK2/CYP4F3/CRYL1/DDAH1/FMO1/HGD/HPD/ALDOB/MCEE/MCCC2/LPIN3/PNKD/GK/HK1/PGK1/CYP24A1/DAO/EHHADH/GDA/ABAT/ASS1/PKM/ACAD8/PCCA/AGXT/AFMID/ALDH6A1/ETFDH/CYP4F2/TPI1/HACL2/CRAT/DPEP2/RIDA/CYP4F12/GALK1/SHMT2/GCDH/UPP1/ETFA/ALDH7A1/BCKDHB/PCCB/SDSL/UPB1/SCARF1/ALDH5A1/MIOX/OAT/ENO2/FUT6/SCP2/TST/SARDH/AMDHD1/GALM/SULT1B1/GPT/PNP/LDHA/SLC16A3/ACADSB/CYP27A1/FTCD/PFKP/ADTRP/PAH/DCXR/ACAT1/CYP27B1/AGXT2/PPM1K/ACOX1/ATP2B4/CYP4A11/GPT2/CYP39A1/HIBADH/GLYCTK/ACOX2/PLIN5/BCKDK",122
"GO:0016054","organic acid catabolic process","85/1982","202/11930",0.420792079207921,2.53282013367835,9.8071057516897,5.59373011514495e-18,9.00162509219165e-15,9.00162509219165e-15,"PHYH/SORD/PPARA/DLD/SHMT1/LDHB/ECHS1/AKR1A1/GCAT/CYP26B1/AUH/ECHDC1/ACMSD/XYLB/HIBCH/HACL1/PRODH2/GLDC/DLST/BCAT1/ALDH4A1/MCCC1/ECI2/ABCD3/DPEP1/PON3/HOGA1/SLC27A2/CYP4F3/CRYL1/DDAH1/FMO1/HGD/HPD/MCEE/MCCC2/LPIN3/DAO/EHHADH/ABAT/ASS1/ACAD8/PCCA/AGXT/AFMID/ALDH6A1/ETFDH/CYP4F2/HACL2/CRAT/DPEP2/RIDA/CYP4F12/SHMT2/GCDH/ETFA/ALDH7A1/BCKDHB/PCCB/SDSL/ALDH5A1/OAT/SCP2/TST/SARDH/AMDHD1/GPT/LDHA/SLC16A3/ACADSB/FTCD/ADTRP/PAH/DCXR/ACAT1/AGXT2/PPM1K/ACOX1/ATP2B4/CYP4A11/GPT2/HIBADH/ACOX2/PLIN5/BCKDK",85
"GO:0046395","carboxylic acid catabolic process","85/1982","202/11930",0.420792079207921,2.53282013367835,9.8071057516897,5.59373011514495e-18,9.00162509219165e-15,9.00162509219165e-15,"PHYH/SORD/PPARA/DLD/SHMT1/LDHB/ECHS1/AKR1A1/GCAT/CYP26B1/AUH/ECHDC1/ACMSD/XYLB/HIBCH/HACL1/PRODH2/GLDC/DLST/BCAT1/ALDH4A1/MCCC1/ECI2/ABCD3/DPEP1/PON3/HOGA1/SLC27A2/CYP4F3/CRYL1/DDAH1/FMO1/HGD/HPD/MCEE/MCCC2/LPIN3/DAO/EHHADH/ABAT/ASS1/ACAD8/PCCA/AGXT/AFMID/ALDH6A1/ETFDH/CYP4F2/HACL2/CRAT/DPEP2/RIDA/CYP4F12/SHMT2/GCDH/ETFA/ALDH7A1/BCKDHB/PCCB/SDSL/ALDH5A1/OAT/SCP2/TST/SARDH/AMDHD1/GPT/LDHA/SLC16A3/ACADSB/FTCD/ADTRP/PAH/DCXR/ACAT1/AGXT2/PPM1K/ACOX1/ATP2B4/CYP4A11/GPT2/HIBADH/ACOX2/PLIN5/BCKDK",85
"GO:0032787","monocarboxylic acid metabolic process","148/1982","452/11930",0.327433628318584,1.97087950849683,9.39263396837215,7.3557712704324e-18,9.00162509219165e-15,9.00162509219165e-15,"PHYH/SORD/PPARA/DLD/OGDHL/ENO1/PCK1/LDHB/GLYAT/CBR4/TBXAS1/ECHS1/PDHA1/ADH6/OGT/AKR1A1/ALDOA/HPGD/CYP4A22/CYP26B1/AUH/ECHDC1/SCD/ACMSD/XYLB/HACL1/PTGS2/RDH10/GAPDH/FADS3/ABHD10/TECR/MCCC1/LPGAT1/ECI2/ACSS2/ABCD3/ALOX5/TMEM135/THEM4/HOGA1/SLC27A2/HK2/C3/CYP4F3/HIF1A/PM20D1/CRYL1/PCK2/SCD5/NR1D1/CEACAM1/GPI/TIGAR/ALDOB/MCEE/PSEN1/LPIN3/MMUT/HK1/PGK1/CYP8B1/PECR/NUPR1/EHHADH/ACSM3/ABAT/ECHDC3/ACSM2B/PKM/ADPGK/HAO2/ALDOC/PCCA/ARL2/AGXT/ACAT2/ACSBG1/SLC4A4/PTGR1/ETFDH/ALDH1A2/CYP4F2/TPI1/VDAC1/HACL2/GGT1/CRAT/PTGDS/CYP4F12/SHMT2/GCDH/ADH1B/ETFA/PCCB/UGT1A9/TRIB3/NAMPT/FBP1/ALDH5A1/HACD3/CD36/ENO2/SCP2/SLC6A8/LPL/FABP5/PARP9/NR5A2/MTHFD1L/KIF12/SLC38A1/IDH1/CTHRC1/GATM/P2RX7/PDHB/PTGS1/CBR1/LDHA/PDK2/SLC16A3/SLC25A42/CAV1/ACADSB/ANGPTL4/CYP27A1/DEGS1/DGAT2/NNMT/PFKP/EPHX1/ADTRP/DCXR/ACAT1/AGXT2/ACOX1/ACLY/CYP4A11/GRHPR/PDK1/CYP39A1/ACOT1/MGAT4A/APOC1/ACOX2/PLIN5/BCKDK",148
"GO:0009063","amino acid catabolic process","47/1982","90/11930",0.522222222222222,3.14334566655455,9.1101090754841,7.90030308525453e-15,7.73439672046419e-12,7.73439672046419e-12,"DLD/SHMT1/ECHS1/GCAT/AUH/ACMSD/HIBCH/PRODH2/GLDC/DLST/BCAT1/ALDH4A1/MCCC1/HOGA1/DDAH1/HGD/HPD/MCCC2/DAO/ABAT/ASS1/ACAD8/AGXT/AFMID/ALDH6A1/RIDA/SHMT2/GCDH/ETFA/ALDH7A1/BCKDHB/SDSL/ALDH5A1/OAT/SARDH/AMDHD1/GPT/ACADSB/FTCD/PAH/ACAT1/AGXT2/PPM1K/ATP2B4/GPT2/HIBADH/BCKDK",47
"GO:0170040","proteinogenic amino acid catabolic process","40/1982","72/11930",0.555555555555556,3.34398475165377,8.90433033964707,5.24248781846486e-14,4.27699631189758e-11,4.27699631189758e-11,"DLD/SHMT1/ECHS1/GCAT/AUH/ACMSD/HIBCH/PRODH2/GLDC/DLST/BCAT1/ALDH4A1/MCCC1/DDAH1/HGD/HPD/MCCC2/DAO/ASS1/ACAD8/AGXT/AFMID/ALDH6A1/RIDA/SHMT2/GCDH/ALDH7A1/SDSL/OAT/AMDHD1/GPT/ACADSB/FTCD/PAH/ACAT1/AGXT2/ATP2B4/GPT2/HIBADH/BCKDK",40
"GO:1901605","alpha-amino acid metabolic process","64/1982","152/11930",0.421052631578947,2.53438844335865,8.49781542562003,7.0584800548759e-14,4.93589426694536e-11,4.93589426694536e-11,"IYD/DLD/PHGDH/NADSYN1/SHMT1/GLYAT/ECHS1/ASL/GCAT/AUH/ACMSD/HIBCH/PRODH2/GLDC/DLST/BCAT1/FH/ALDH4A1/MCCC1/DPEP1/HOGA1/P4HB/CTH/DDAH1/PSAT1/HGD/ODC1/HPD/MCCC2/ASNS/MMUT/DAO/ASS1/NAT8L/ACAD8/AGXT/AFMID/ALDH6A1/BHMT/GGT1/RIDA/SHMT2/GCDH/HNF4A/ALDH7A1/SDSL/AGMAT/RIMKLA/ALDH5A1/OAT/BPHL/SARDH/AMDHD1/BHMT2/GPT/ACADSB/FTCD/PAH/ACAT1/AGXT2/ATP2B4/GPT2/HIBADH/BCKDK",64
"GO:1901606","alpha-amino acid catabolic process","42/1982","80/11930",0.525,3.16006559031282,8.65244232498792,1.68174494212267e-13,1.02901768646131e-10,1.02901768646131e-10,"DLD/SHMT1/ECHS1/GCAT/AUH/ACMSD/HIBCH/PRODH2/GLDC/DLST/BCAT1/ALDH4A1/MCCC1/HOGA1/DDAH1/HGD/HPD/MCCC2/DAO/ASS1/ACAD8/AGXT/AFMID/ALDH6A1/RIDA/SHMT2/GCDH/ALDH7A1/SDSL/OAT/SARDH/AMDHD1/GPT/ACADSB/FTCD/PAH/ACAT1/AGXT2/ATP2B4/GPT2/HIBADH/BCKDK",42
"GO:0170039","proteinogenic amino acid metabolic process","53/1982","116/11930",0.456896551724138,2.75013918368767,8.45452194415793,1.90737451542087e-13,1.03739980588724e-10,1.03739980588724e-10,"IYD/DLD/PHGDH/NADSYN1/SHMT1/GLYAT/ECHS1/ASL/GCAT/AUH/ACMSD/HIBCH/PRODH2/GLDC/DLST/BCAT1/ALDH4A1/MCCC1/CTH/DDAH1/PSAT1/HGD/ODC1/HPD/MCCC2/ASNS/DAO/ASS1/ACAD8/AGXT/AFMID/ALDH6A1/BHMT/GGT1/RIDA/SHMT2/GCDH/ALDH7A1/SDSL/AGMAT/OAT/AMDHD1/BHMT2/GPT/ACADSB/FTCD/PAH/ACAT1/AGXT2/ATP2B4/GPT2/HIBADH/BCKDK",53
"GO:0170033","L-amino acid metabolic process","55/1982","124/11930",0.443548387096774,2.66979427753003,8.34273363177903,3.07221103970121e-13,1.43122531310594e-10,1.43122531310594e-10,"IYD/DLD/PHGDH/NADSYN1/SHMT1/ECHS1/ASL/GCAT/AUH/ACMSD/HIBCH/PRODH2/DLST/BCAT1/ALDH4A1/MCCC1/HOGA1/P4HB/CTH/DDAH1/PSAT1/HGD/ODC1/HPD/MCCC2/ASNS/DAO/ASS1/NAT8L/ACAD8/AGXT/AFMID/ALDH6A1/BHMT/GGT1/RIDA/SHMT2/GCDH/ALDH7A1/SDSL/AGMAT/RIMKLA/OAT/AMDHD1/BHMT2/GPT/ACADSB/FTCD/PAH/ACAT1/AGXT2/ATP2B4/GPT2/HIBADH/BCKDK",55
"GO:0170035","L-amino acid catabolic process","40/1982","75/11930",0.533333333333333,3.21022536158762,8.57042515481444,3.21623665866504e-13,1.43122531310594e-10,1.43122531310594e-10,"DLD/SHMT1/ECHS1/GCAT/AUH/ACMSD/HIBCH/PRODH2/DLST/BCAT1/ALDH4A1/MCCC1/HOGA1/DDAH1/HGD/HPD/MCCC2/DAO/ASS1/ACAD8/AGXT/AFMID/ALDH6A1/RIDA/SHMT2/GCDH/ALDH7A1/SDSL/OAT/AMDHD1/GPT/ACADSB/FTCD/PAH/ACAT1/AGXT2/ATP2B4/GPT2/HIBADH/BCKDK",40
"GO:0006520","amino acid metabolic process","80/1982","225/11930",0.355555555555556,2.14015024105841,7.70643623887365,3.03324466315657e-12,1.23731105217928e-09,1.23731105217928e-09,"IYD/DLD/PHGDH/NADSYN1/SHMT1/GLYAT/ECHS1/ASL/DIO1/GCAT/AUH/ACMSD/HIBCH/PRODH2/GLDC/DLST/BCAT1/FH/ALDH4A1/MCCC1/DPEP1/HOGA1/P4HB/PM20D1/CTH/DDAH1/PSAT1/HGD/ODC1/HPD/MCCC2/ASNS/MMUT/DAO/ABAT/ASS1/NAT8L/ACAD8/PCCA/AGXT/AFMID/ALDH6A1/BHMT/GGT1/RIDA/DDC/SHMT2/GCDH/ETFA/HNF4A/ALDH7A1/BCKDHB/PCCB/SDSL/CTNS/AGMAT/UPB1/RIMKLA/ALDH5A1/OAT/BPHL/SARDH/SLC38A1/AMDHD1/BHMT2/GPT/ACADSB/FTCD/ACY1/RARS1/PAH/PEPD/ACAT1/AGXT2/PPM1K/ATP2B4/GPT2/HIBADH/LARS2/BCKDK",80
"GO:0072521","purine-containing compound metabolic process","134/1982","469/11930",0.285714285714286,1.7197635865648,7.09824512294507,2.72402227254796e-11,1.02569915570171e-08,1.02569915570171e-08,"NDUFA10/SLC22A12/PPARA/DLD/NME4/NT5C2/OGDHL/NADSYN1/SHMT1/ENO1/LDHB/GLYAT/PC/MT-ATP6/MT-ND4L/LACC1/CBR4/ABCC6/ATP5PB/PDHA1/OGT/ALDOA/MT-ND4/ADA2/ATP6V1B1/ATP5MC2/MYH3/ACMSD/DCK/NUDT4/ABHD14B/NDUFV1/SPHK2/NDUFS3/DLST/GAPDH/TECR/ACSS2/AK4/SULT1C4/PDE1A/SAMHD1/SLC27A2/HK2/HIF1A/MDH1/ATP6V1B2/PRKN/GPI/TIGAR/ALDOB/MCEE/ATP5MC3/MT-ND6/MCCC2/TMSB4X/PSEN1/MMUT/PDE4A/HK1/PGK1/NUPR1/GDA/GMPR/ACSM3/GUCY1A1/ACSM2B/PKM/SUCLA2/ADPGK/ALDOC/PCCA/ARL2/GUCY1B1/AFMID/NPR1/ACSBG1/SLC4A4/SDHD/MT-ND1/TPI1/ASPDH/ENTPD1/SLC25A12/GMPR2/MACROH2A1/GCDH/PID1/ALDH7A1/BCKDHB/MT-ND5/NAMPT/CTNS/SLC16A9/FBP1/ATP6V1A/SLC2A9/ENO2/PDE7B/ADCY3/SLC22A11/IDH1/P2RX7/PDHB/FHIT/MDH1B/RAN/SULT1B1/AK3/PNP/LDHA/SDHB/ADK/PDK2/MACROD1/DMAC2L/DGAT2/NNMT/PFKP/MT-ND2/CARMIL1/PDE8B/MT-ND3/SUCLG2/ACAT1/PANK1/ACLY/SUCLG1/PDK1/TREM2/PARG/ACOT1/ACO1/BCKDK",134
"GO:0009636","response to toxic substance","64/1982","184/11930",0.347826086956522,2.09362523581801,6.67295801721973,1.28143616999511e-09,4.48045003723291e-07,4.48045003723291e-07,"ALDH2/GCH1/GSTM3/GLYAT/MAP1B/EPHX2/AKR1A1/SLC22A8/AUH/PTGS2/ALAS1/CAT/APOM/RAB29/PTPN13/FBLN5/CCNB1/SLC29A4/MT1G/NFE2L2/TP53INP1/MT-CYB/PON3/HAGH/SLC30A4/LYN/EHMT1/PRKN/SLC15A2/PNKD/AIFM1/INHBB/CP/ASS1/SUCLA2/FABP1/ALOX5AP/CDH13/GPX7/AMBP/CPOX/SLC22A2/PRKCA/CCL5/ALAD/SLC23A1/CD36/BPHL/ABCB1/CCL4/PRDX3/NEFL/PTGS1/SLC47A2/GPX3/ADK/BAX/ALB/ABCG1/PDZK1/EPHX1/RDH12/SUCLG1/AKR7A3",64
"GO:0003013","circulatory system process","108/1982","383/11930",0.281984334203655,1.69731236480808,6.19124694037141,5.42671781090186e-09,1.72934119523361e-06,1.72934119523361e-06,"JUP/PPARA/GCH1/KCNJ2/KNG1/ECE1/P2RY1/KCNE1/SCARB1/TBXAS1/KL/GJA1/ADRB1/FERMT2/SLC22A8/SLC7A1/PTGS2/ITGA1/WNK4/VEGFC/ITGB1/CASR/ACE2/SLIT2/TNNI3K/SH3GL2/SLC29A4/GCGR/ADAMTS16/DMD/BIN1/ADM/FKBP1A/KCNJ3/CELF2/TNNC1/DDAH1/GPR4/SLC16A12/CEACAM1/SCN1B/SLC15A2/VEGFA/ATP2A2/SCN4B/SCNN1A/ACSM3/GUCY1A1/TJP3/SLC13A3/ABAT/APLN/ATP8A1/GJC1/SLC29A2/GUCY1B1/ATP1A1/NPR1/SLC4A4/HSD11B2/AGTR1/MME/CXCL10/MYL3/BMP6/CYP4F2/MYOF/OCLN/SLC7A5/SLC2A1/SLC22A2/CYB5R3/KCNMA1/TPM1/PLVAP/SCNN1G/SLC5A3/CD36/CPA3/EMILIN2/FABP5/ABCB1/KLK1/LRP2/SLC38A1/ATP2A3/PTGS1/KCNH6/TNNT2/SLC16A7/DOCK4/HRH2/SLC22A3/PECAM1/KCNE4/RGS2/CAV1/SCNN1B/CXCL12/CDH5/SLC1A3/ATP2B4/SLC1A4/SCN2A/SLC1A1/CORIN/SLCO2B1/RANGRF",108
"GO:0015711","organic anion transport","88/1982","293/11930",0.300341296928328,1.80780609099644,6.24894025658934,5.65259634805676e-09,1.72934119523361e-06,1.72934119523361e-06,"SLC22A12/PPARA/SLC16A14/ABCC6/CLDN2/SLC43A2/GJA1/SLC3A1/SLC22A8/SLC7A1/ITGB1/CASR/GLTPD2/ACE2/ABCD3/CALHM6/SLC27A2/SLC4A9/LYN/SLC16A4/SLC22A6/SLC16A12/MPC1/CEACAM1/SLC2A8/LRRC8C/SLC52A3/SLC13A3/ABAT/FOLR1/SLC39A4/SLC39A5/EMB/SLC29A2/FABP1/SLC4A4/SLC4A1/SLC43A1/CYP4F2/SLC25A20/SLC25A29/SLC7A5/SLC25A12/SLC2A1/SLC25A5/SLC22A2/SLC5A12/CTNS/SLC23A1/SLC16A9/SLC33A1/CLTRN/SFXN5/SLC2A9/CD36/SLC17A9/SLC10A2/SLC6A8/FABP5/ABCB1/LRP2/SLC38A1/SLC22A11/SLC13A2/SLC16A7/SLC22A3/RGS2/SLC16A3/SLC25A42/ALB/LLGL2/SLC15A4/SLC25A39/SLC26A6/SLC26A7/SLC1A3/SLC1A4/PLA2R1/SLC16A5/SLC36A2/CYP4A11/CA4/SLC2A2/SLC7A9/NMB/SLC25A10/SLC1A1/SLCO2B1",88
"GO:0006091","generation of precursor metabolites and energy","104/1982","367/11930",0.283378746594005,1.7057055735956,6.12924911241039,7.85601381738358e-09,2.26206986094663e-06,2.26206986094663e-06,"NDUFA10/UQCRC2/GYG1/PPARA/DLD/OGDHL/ENO1/PPP1CC/PPP1CB/MT-ATP6/MT-ND4L/ATP5PB/PDHA1/OAS1/OGT/ALDOA/MT-ND4/XYLB/FDX1/NDUFV1/NDUFS3/DLST/GAPDH/FH/CCNB1/GCGR/PYGL/ENOX2/AK4/UQCRH/MT-CYB/PDIA5/HK2/PPP1R3G/SORBS1/HIF1A/MDH1/NR1D1/EPM2A/GPI/TIGAR/ALDOB/MT-ND6/PPP1R3C/PSEN1/KHK/EPM2AIP1/HK1/PGK1/NUPR1/FDXR/MRAP2/MT-CO3/HIGD1A/PKM/SUCLA2/ADPGK/DYRK2/PHKA1/ALDOC/ARL2/SLC4A4/ETFDH/UQCRC1/SDHD/GABARAPL1/FECH/MT-ND1/TPI1/CEBPA/MT-CO1/MACROH2A1/SHMT2/ETFA/PID1/MT-ND5/PPP1R3B/COX4I2/FBP1/ENO2/COX5B/ATG12/IDH1/P2RX7/PDHB/MDH1B/COXFA4L2/MT-CO2/LDHA/SDHB/PDK2/GHITM/PFKP/MT-ND2/MT-ND3/SUCLG2/ACAT1/ACOX1/RBPJ/SUCLG1/PDK1/IFNLR1/ACO1/BCKDK",104
"GO:0009081","branched-chain amino acid metabolic process","17/1982","25/11930",0.68,4.09303733602422,6.90997415377788,1.47838916700631e-08,4.02039720694216e-06,4.02039720694216e-06,"DLD/ECHS1/AUH/HIBCH/BCAT1/MCCC1/MCCC2/ACAD8/PCCA/ALDH6A1/BCKDHB/PCCB/ACADSB/ACAT1/PPM1K/HIBADH/BCKDK",17
"GO:0006090","pyruvate metabolic process","38/1982","92/11930",0.41304347826087,2.48617996753389,6.38722338035553,1.58576604064363e-08,4.08543408892135e-06,4.08543408892135e-06,"PPARA/DLD/OGDHL/ENO1/PCK1/LDHB/PDHA1/OGT/ALDOA/GAPDH/HOGA1/HK2/HIF1A/PCK2/GPI/TIGAR/ALDOB/PSEN1/HK1/PGK1/NUPR1/PKM/ADPGK/ALDOC/ARL2/SLC4A4/TPI1/VDAC1/FBP1/ENO2/P2RX7/PDHB/LDHA/PDK2/SLC16A3/PFKP/PDK1/BCKDK",38
"GO:0072329","monocarboxylic acid catabolic process","41/1982","104/11930",0.394230769230769,2.37294302569277,6.27676983526773,2.17284140526232e-08,5.31802933937953e-06,5.31802933937953e-06,"PHYH/SORD/PPARA/LDHB/ECHS1/AKR1A1/CYP26B1/AUH/ECHDC1/XYLB/HACL1/ECI2/ABCD3/HOGA1/SLC27A2/CYP4F3/CRYL1/MCEE/LPIN3/EHHADH/PCCA/AGXT/ETFDH/CYP4F2/HACL2/CRAT/CYP4F12/GCDH/ETFA/PCCB/SCP2/LDHA/SLC16A3/ADTRP/DCXR/ACAT1/AGXT2/ACOX1/CYP4A11/ACOX2/PLIN5",41
"GO:0015980","energy derivation by oxidation of organic compounds","93/1982","324/11930",0.287037037037037,1.72772545502112,5.92767991450731,2.49539962394543e-08,5.81665769486328e-06,5.81665769486328e-06,"NDUFA10/UQCRC2/GYG1/PPARA/DLD/OGDHL/ENO1/PPP1CC/PPP1CB/MT-ATP6/MT-ND4L/ATP5PB/PDHA1/OAS1/OGT/ALDOA/MT-ND4/NDUFV1/NDUFS3/DLST/GAPDH/FH/CCNB1/PYGL/AK4/UQCRH/MT-CYB/HK2/PPP1R3G/SORBS1/HIF1A/MDH1/NR1D1/EPM2A/GPI/TIGAR/ALDOB/MT-ND6/PPP1R3C/PSEN1/KHK/EPM2AIP1/HK1/PGK1/NUPR1/MRAP2/MT-CO3/HIGD1A/PKM/SUCLA2/ADPGK/DYRK2/PHKA1/ALDOC/ARL2/SLC4A4/ETFDH/UQCRC1/SDHD/GABARAPL1/MT-ND1/TPI1/MT-CO1/MACROH2A1/SHMT2/ETFA/PID1/MT-ND5/PPP1R3B/COX4I2/FBP1/ENO2/COX5B/ATG12/IDH1/P2RX7/PDHB/MDH1B/COXFA4L2/MT-CO2/LDHA/SDHB/PDK2/GHITM/PFKP/MT-ND2/MT-ND3/SUCLG2/SUCLG1/PDK1/IFNLR1/ACO1/BCKDK",93
"GO:0009166","nucleotide catabolic process","46/1982","124/11930",0.370967741935484,2.23291885029784,6.15998850639801,2.86032235212389e-08,6.36421723347566e-06,6.36421723347566e-06,"PPARA/TDG/NT5C2/OGDHL/ENO1/OGT/ALDOA/NUDT4/ENTPD5/GAPDH/PDE1A/SAMHD1/HK2/HIF1A/GPI/TIGAR/ALDOB/DPYS/PSEN1/PDE4A/HK1/PGK1/NUPR1/GDA/PKM/ADPGK/ALDOC/ARL2/SLC4A4/TPI1/ENTPD1/UPP1/FBP1/ENO2/CNP/PDE7B/P2RX7/FHIT/PNP/LDHA/NNMT/PFKP/PDE8B/OGG1/TYMP/NT5C3A",46
"GO:1905039","carboxylic acid transmembrane transport","41/1982","105/11930",0.39047619047619,2.35034356830522,6.20332180227672,2.9989921412445e-08,6.38263762234427e-06,6.38263762234427e-06,"SLC16A14/SLC43A2/SLC3A1/SLC7A1/ITGB1/ACE2/ABCD3/SLC16A4/SLC16A12/MPC1/LRRC8C/SLC13A3/EMB/SLC43A1/SLC25A20/SLC25A29/SLC7A5/SLC25A12/SLC2A1/SLC22A2/SLC5A12/SLC23A1/SLC16A9/CLTRN/CD36/SLC6A8/ABCB1/LRP2/SLC38A1/SLC13A2/SLC16A7/RGS2/SLC16A3/SLC15A4/SLC26A7/SLC1A3/SLC1A4/SLC36A2/SLC7A9/SLC25A10/SLC1A1",41
"GO:0015849","organic acid transport","68/1982","215/11930",0.316279069767442,1.90373829582522,5.96865842037925,3.33506002553987e-08,6.53004753000707e-06,6.53004753000707e-06,"PPARA/SLC16A14/ABCC6/CLDN2/SLC43A2/GJA1/SLC3A1/SLC22A8/SLC7A1/ITGB1/CASR/ACE2/ABCD3/SLC27A2/LYN/SLC16A4/SLC22A6/SLC16A12/MPC1/CEACAM1/LRRC8C/SLC13A3/ABAT/FOLR1/EMB/FABP1/SLC43A1/CYP4F2/SLC25A20/SLC25A29/SLC7A5/SLC25A12/SLC2A1/SLC22A2/SLC5A12/CTNS/SLC23A1/SLC16A9/CLTRN/SFXN5/CD36/SLC10A2/SLC6A8/FABP5/ABCB1/LRP2/SLC38A1/SLC22A11/SLC13A2/SLC16A7/RGS2/SLC16A3/ALB/LLGL2/SLC15A4/SLC26A6/SLC26A7/SLC1A3/SLC1A4/PLA2R1/SLC16A5/SLC36A2/CYP4A11/SLC7A9/NMB/SLC25A10/SLC1A1/SLCO2B1",68
"GO:0046942","carboxylic acid transport","68/1982","215/11930",0.316279069767442,1.90373829582522,5.96865842037925,3.33506002553987e-08,6.53004753000707e-06,6.53004753000707e-06,"PPARA/SLC16A14/ABCC6/CLDN2/SLC43A2/GJA1/SLC3A1/SLC22A8/SLC7A1/ITGB1/CASR/ACE2/ABCD3/SLC27A2/LYN/SLC16A4/SLC22A6/SLC16A12/MPC1/CEACAM1/LRRC8C/SLC13A3/ABAT/FOLR1/EMB/FABP1/SLC43A1/CYP4F2/SLC25A20/SLC25A29/SLC7A5/SLC25A12/SLC2A1/SLC22A2/SLC5A12/CTNS/SLC23A1/SLC16A9/CLTRN/SFXN5/CD36/SLC10A2/SLC6A8/FABP5/ABCB1/LRP2/SLC38A1/SLC22A11/SLC13A2/SLC16A7/RGS2/SLC16A3/ALB/LLGL2/SLC15A4/SLC26A6/SLC26A7/SLC1A3/SLC1A4/PLA2R1/SLC16A5/SLC36A2/CYP4A11/SLC7A9/NMB/SLC25A10/SLC1A1/SLCO2B1",68
"GO:0016053","organic acid biosynthetic process","73/1982","239/11930",0.305439330543933,1.83849203500965,5.84464338875185,5.28882960098977e-08,9.95723880647882e-06,9.95723880647882e-06,"PHGDH/SHMT1/CBR4/TBXAS1/ASL/CYP4A22/SCD/ACMSD/PTGS2/RDH10/FADS3/BCAT1/TECR/LPGAT1/ACSS2/ABCD3/ALOX5/TMEM135/HOGA1/SLC27A2/CTH/SCD5/PSAT1/FMO1/NR1D1/CEACAM1/ASNS/CYP8B1/PECR/EHHADH/ACSM3/ABAT/ASS1/ACSM2B/SUCLA2/ALOX5AP/AGXT/ACSBG1/ALDH1A2/BHMT/VDAC1/GGT1/PTGDS/SHMT2/TRIB3/CASP1/UPB1/NANS/HACD3/OAT/SCP2/LPL/FABP5/MTHFD1L/KIF12/SLC38A1/CTHRC1/GATM/BHMT2/PTGS1/CBR1/ANGPTL4/CYP27A1/DEGS1/PAH/AGXT2/ACOX1/ACLY/ATP2B4/CYP4A11/CYP39A1/APOC1/ACOX2",73
"GO:0009117","nucleotide metabolic process","108/1982","399/11930",0.270676691729323,1.6292497135877,5.70639649667436,5.90070011744638e-08,1.06977507684815e-05,1.06977507684815e-05,"NDUFA10/PPARA/TDG/NME4/NT5C2/OGDHL/NADSYN1/SHMT1/ENO1/LDHB/PC/MT-ATP6/MT-ND4L/LACC1/ABCC6/ATP5PB/OGT/ALDOA/MT-ND4/ATP6V1B1/ATP5MC2/MYH3/ACMSD/DCK/NUDT4/ENTPD5/ABHD14B/NDUFV1/SPHK2/NDUFS3/GAPDH/RRM2/AK4/SULT1C4/PDE1A/SAMHD1/HK2/HIF1A/MDH1/ATP6V1B2/PRKN/GPI/TIGAR/ALDOB/DPYS/ATP5MC3/MT-ND6/TMSB4X/PSEN1/PDE4A/HK1/PGK1/NUPR1/GDA/GMPR/GUCY1A1/PKM/ADPGK/ALDOC/ARL2/GUCY1B1/AFMID/NPR1/SLC4A4/CMPK2/SDHD/MT-ND1/TPI1/ASPDH/ENTPD1/SLC25A12/TYMS/GMPR2/MACROH2A1/UPP1/PID1/MT-ND5/NAMPT/CTNS/FBP1/ATP6V1A/ENO2/CNP/PDE7B/ADCY3/IDH1/P2RX7/FHIT/MDH1B/RAN/SULT1B1/AK3/PNP/LDHA/SDHB/ADK/DMAC2L/NNMT/PFKP/MT-ND2/PDE8B/MT-ND3/OGG1/TYMP/TREM2/PARG/ACO1/NT5C3A",108
"GO:0046394","carboxylic acid biosynthetic process","72/1982","236/11930",0.305084745762712,1.83635772802682,5.79231920360904,6.86800609699293e-08,1.20067463731359e-05,1.20067463731359e-05,"PHGDH/SHMT1/CBR4/TBXAS1/ASL/CYP4A22/SCD/ACMSD/PTGS2/RDH10/FADS3/BCAT1/TECR/LPGAT1/ACSS2/ABCD3/ALOX5/TMEM135/HOGA1/SLC27A2/CTH/SCD5/PSAT1/NR1D1/CEACAM1/ASNS/CYP8B1/PECR/EHHADH/ACSM3/ABAT/ASS1/ACSM2B/SUCLA2/ALOX5AP/AGXT/ACSBG1/ALDH1A2/BHMT/VDAC1/GGT1/PTGDS/SHMT2/TRIB3/CASP1/UPB1/NANS/HACD3/OAT/SCP2/LPL/FABP5/MTHFD1L/KIF12/SLC38A1/CTHRC1/GATM/BHMT2/PTGS1/CBR1/ANGPTL4/CYP27A1/DEGS1/PAH/AGXT2/ACOX1/ACLY/ATP2B4/CYP4A11/CYP39A1/APOC1/ACOX2",72
"GO:0006163","purine nucleotide metabolic process","96/1982","345/11930",0.278260869565217,1.67490018865441,5.67789077877317,7.83415238872839e-08,1.32235089458019e-05,1.32235089458019e-05,"NDUFA10/PPARA/NME4/NT5C2/OGDHL/NADSYN1/ENO1/LDHB/PC/MT-ATP6/MT-ND4L/LACC1/ABCC6/ATP5PB/OGT/ALDOA/MT-ND4/ATP6V1B1/ATP5MC2/MYH3/ACMSD/DCK/NUDT4/ABHD14B/NDUFV1/SPHK2/NDUFS3/GAPDH/AK4/SULT1C4/PDE1A/SAMHD1/HK2/HIF1A/MDH1/ATP6V1B2/PRKN/GPI/TIGAR/ALDOB/ATP5MC3/MT-ND6/TMSB4X/PSEN1/PDE4A/HK1/PGK1/NUPR1/GDA/GMPR/GUCY1A1/PKM/ADPGK/ALDOC/ARL2/GUCY1B1/AFMID/NPR1/SLC4A4/SDHD/MT-ND1/TPI1/ASPDH/ENTPD1/SLC25A12/GMPR2/MACROH2A1/PID1/MT-ND5/NAMPT/CTNS/FBP1/ATP6V1A/ENO2/PDE7B/ADCY3/IDH1/P2RX7/FHIT/MDH1B/RAN/SULT1B1/AK3/PNP/LDHA/SDHB/ADK/DMAC2L/NNMT/PFKP/MT-ND2/PDE8B/MT-ND3/TREM2/PARG/ACO1",96
"GO:1901292","nucleoside phosphate catabolic process","50/1982","144/11930",0.347222222222222,2.08999046978361,5.87363134066151,8.63008319348232e-08,1.40814190773653e-05,1.40814190773653e-05,"PPARA/TDG/NT5C2/OGDHL/ENO1/OGT/ALDOA/NUDT4/ENTPD5/GAPDH/PDE1A/SAMHD1/HK2/HIF1A/GPI/TIGAR/ALDOB/DPYS/PSEN1/PDE4A/HK1/PGK1/NUPR1/GDA/PKM/SUCLA2/ADPGK/ALDOC/ARL2/SLC4A4/TPI1/ENTPD1/UPP1/FBP1/ENO2/CNP/PDE7B/P2RX7/FHIT/PNP/LDHA/NNMT/PFKP/PDE8B/SUCLG2/ACAT1/OGG1/SUCLG1/TYMP/NT5C3A",50
"GO:0009261","ribonucleotide catabolic process","39/1982","101/11930",0.386138613861386,2.32423494619896,5.96537392658851,9.23899385558697e-08,1.45886693300317e-05,1.45886693300317e-05,"PPARA/NT5C2/OGDHL/ENO1/OGT/ALDOA/NUDT4/ENTPD5/GAPDH/PDE1A/HK2/HIF1A/GPI/TIGAR/ALDOB/DPYS/PSEN1/PDE4A/HK1/PGK1/NUPR1/GDA/PKM/ADPGK/ALDOC/ARL2/SLC4A4/TPI1/ENTPD1/UPP1/FBP1/ENO2/PDE7B/P2RX7/PNP/LDHA/PFKP/PDE8B/NT5C3A",39
"GO:0044283","small molecule biosynthetic process","118/1982","450/11930",0.262222222222222,1.57836080278058,5.58238931432177,9.58328093094161e-08,1.46594250490498e-05,1.46594250490498e-05,"FGF1/SORD/GCH1/PHGDH/SHMT1/ENO1/PCK1/P2RY1/PC/CBR4/TBXAS1/ASL/OGT/ADA2/CYP4A22/IDI1/SCD/ACMSD/PTGS2/RDH10/GNAI1/MBTPS2/SPHK2/IPMK/FADS3/BCAT1/TECR/LPGAT1/ACSS2/CHST15/ABCD3/ALOX5/TMEM135/ADM/HOGA1/SLC27A2/SCAP/CTH/PCK2/SCD5/PSAT1/FMO1/NR1D1/CEACAM1/GPI/ALDOB/MST1/ASNS/PGK1/CYP8B1/PECR/CYP24A1/FDXR/EHHADH/ACSM3/ABAT/ASS1/ACSM2B/SUCLA2/ALOX5AP/ALDOC/AGXT/ACSBG1/ALDH1A2/BMP6/ITPKB/BHMT/TPI1/VDAC1/GGT1/PTGDS/SHMT2/CYB5R3/TRIB3/FDFT1/CASP1/UPB1/KDM3A/FBP1/CYP51A1/NANS/HACD3/RBP4/OAT/ENO2/SCP2/LPL/FABP5/MTHFD1L/KIF12/SLC38A1/CTHRC1/GATM/BHMT2/PTGS1/CBR1/PNP/BMP5/ADK/PDK2/ANGPTL4/CYP27A1/DEGS1/ABCG1/DGAT2/PTH1R/NNMT/PAH/CYP27B1/AGXT2/ACOX1/ACLY/ATP2B4/CYP4A11/CYP39A1/SLC25A10/APOC1/ACOX2",118
"GO:0072073","kidney epithelium development","36/1982","90/11930",0.4,2.40766902119072,5.983177853828,1.00595310478441e-07,1.49216377209687e-05,1.49216377209687e-05,"FGF1/ROBO2/IQGAP1/LHX1/EPCAM/PTPRO/CAT/WNK4/SLIT2/SMAD6/SFRP1/SLC22A6/HEYL/VEGFA/TCF21/CD24/SALL1/GATA3/IRX2/CALB1/WT1/MEF2C/NPHS2/SIX1/CD34/UMOD/PAX8/FOXC1/AQP1/JAG1/KLF15/PECAM1/HS3ST3B1/TFAP2B/ACAT1/GPC3",36
"GO:0009060","aerobic respiration","70/1982","231/11930",0.303030303030303,1.82399168272024,5.6446939976426,1.39602196694137e-07,2.00986103769942e-05,2.00986103769942e-05,"NDUFA10/UQCRC2/PPARA/DLD/OGDHL/ENO1/MT-ATP6/MT-ND4L/ATP5PB/PDHA1/OGT/ALDOA/MT-ND4/NDUFV1/NDUFS3/DLST/GAPDH/FH/CCNB1/AK4/UQCRH/MT-CYB/HK2/HIF1A/MDH1/GPI/TIGAR/ALDOB/MT-ND6/PSEN1/HK1/PGK1/NUPR1/MT-CO3/PKM/SUCLA2/ADPGK/ALDOC/ARL2/SLC4A4/UQCRC1/SDHD/MT-ND1/TPI1/MT-CO1/MACROH2A1/SHMT2/MT-ND5/COX4I2/FBP1/ENO2/COX5B/IDH1/P2RX7/PDHB/MDH1B/COXFA4L2/MT-CO2/LDHA/SDHB/PDK2/GHITM/PFKP/MT-ND2/MT-ND3/SUCLG2/SUCLG1/PDK1/ACO1/BCKDK",70
"GO:0072001","renal system development","61/1982","193/11930",0.316062176165803,1.90243277581132,5.64158217607125,1.72822857135267e-07,2.41705110193466e-05,2.41705110193466e-05,"FGF1/ROBO2/COL4A3/HPGD/CYP4A22/CYP26B1/IQGAP1/LHX1/SLC34A1/EPCAM/PTPRO/CAT/WNK4/SLIT2/SMAD6/CTSH/SFRP1/SLC22A6/HEYL/VEGFA/PDGFA/ACTA2/FOXF1/TCF21/PDGFD/NOTCH3/CD24/ASS1/COL4A1/SALL1/ALDH1A2/AGTR1/MME/COL4A4/BMP6/GATA3/IRX2/CALB1/WT1/AQP2/MEF2C/NPHS2/RBP4/SIX1/CD34/ARL3/UMOD/PAX8/FOXC1/AQP1/JAG1/KLF15/STRA6/IFT88/TFAP2A/PECAM1/HS3ST3B1/TFAP2B/ACAT1/CYP4A11/GPC3",61
"GO:0009083","branched-chain amino acid catabolic process","15/1982","23/11930",0.652173913043478,3.92554731715878,6.26838732752287,2.48586354777799e-07,3.3800839073259e-05,3.3800839073259e-05,"DLD/ECHS1/AUH/HIBCH/BCAT1/MCCC1/MCCC2/ACAD8/ALDH6A1/BCKDHB/ACADSB/ACAT1/PPM1K/HIBADH/BCKDK",15
"GO:0072009","nephron epithelium development","30/1982","72/11930",0.416666666666667,2.50798856374033,5.72854764113978,4.04838083252678e-07,5.35589842573475e-05,5.35589842573475e-05,"FGF1/IQGAP1/LHX1/PTPRO/WNK4/SLC22A6/HEYL/VEGFA/TCF21/CD24/SALL1/GATA3/IRX2/CALB1/WT1/MEF2C/NPHS2/SIX1/CD34/UMOD/PAX8/FOXC1/AQP1/JAG1/KLF15/PECAM1/HS3ST3B1/TFAP2B/ACAT1/GPC3",30
"GO:0045333","cellular respiration","75/1982","261/11930",0.28735632183908,1.72964728533816,5.3198864280173,5.34218223149924e-07,6.88157421662863e-05,6.88157421662863e-05,"NDUFA10/UQCRC2/PPARA/DLD/OGDHL/ENO1/MT-ATP6/MT-ND4L/ATP5PB/PDHA1/OAS1/OGT/ALDOA/MT-ND4/NDUFV1/NDUFS3/DLST/GAPDH/FH/CCNB1/AK4/UQCRH/MT-CYB/HK2/HIF1A/MDH1/GPI/TIGAR/ALDOB/MT-ND6/PSEN1/HK1/PGK1/NUPR1/MT-CO3/HIGD1A/PKM/SUCLA2/ADPGK/ALDOC/ARL2/SLC4A4/ETFDH/UQCRC1/SDHD/MT-ND1/TPI1/MT-CO1/MACROH2A1/SHMT2/ETFA/MT-ND5/COX4I2/FBP1/ENO2/COX5B/IDH1/P2RX7/PDHB/MDH1B/COXFA4L2/MT-CO2/LDHA/SDHB/PDK2/GHITM/PFKP/MT-ND2/MT-ND3/SUCLG2/SUCLG1/PDK1/IFNLR1/ACO1/BCKDK",75
"GO:0006631","fatty acid metabolic process","81/1982","289/11930",0.280276816608997,1.68703452176858,5.27737909819175,5.87715360038164e-07,7.37658124970978e-05,7.37658124970978e-05,"PHYH/PPARA/CBR4/TBXAS1/ECHS1/HPGD/CYP4A22/AUH/ECHDC1/SCD/HACL1/PTGS2/FADS3/TECR/LPGAT1/ECI2/ACSS2/ABCD3/ALOX5/TMEM135/THEM4/SLC27A2/C3/CYP4F3/PM20D1/CRYL1/SCD5/CEACAM1/MCEE/LPIN3/MMUT/PGK1/PECR/EHHADH/ACSM3/ECHDC3/ACSM2B/HAO2/PCCA/ACAT2/ACSBG1/PTGR1/ETFDH/CYP4F2/HACL2/GGT1/CRAT/PTGDS/CYP4F12/GCDH/ETFA/PCCB/UGT1A9/TRIB3/HACD3/CD36/SCP2/LPL/FABP5/KIF12/CTHRC1/PTGS1/CBR1/PDK2/CAV1/ACADSB/ANGPTL4/DEGS1/DGAT2/EPHX1/ADTRP/ACAT1/ACOX1/ACLY/CYP4A11/PDK1/ACOT1/APOC1/ACOX2/PLIN5/BCKDK",81
"GO:0046434","organophosphate catabolic process","60/1982","195/11930",0.307692307692308,1.85205309322363,5.35461650341075,6.085752084372e-07,7.44743911325024e-05,7.44743911325024e-05,"PPARA/TDG/NT5C2/OGDHL/ENO1/SCARB1/GPCPD1/OGT/ALDOA/NUDT4/ENTPD5/GAPDH/PDE1A/SAMHD1/HK2/HIF1A/GPI/TIGAR/ENPP6/ALDOB/DPYS/PSEN1/PDE4A/HK1/PGK1/NUPR1/GDA/PKM/SUCLA2/ADPGK/ALDOC/ARL2/SLC4A4/NAPEPLD/TPI1/ENTPD1/GALK1/UPP1/FBP1/ENO2/CNP/PDE7B/GPD1/P2RX7/FHIT/GALM/PNP/LDHA/NNMT/PFKP/SMPD1/PDE8B/SUCLG2/ACAT1/OGG1/SUCLG1/TYMP/GDPD3/NT5C3A/APOC1",60
"GO:0001568","blood vessel development","120/1982","475/11930",0.252631578947368,1.52063306601519,5.16852904672451,6.36034752734216e-07,7.59363442593656e-05,7.59363442593656e-05,"ITGAX/FGF1/JUP/SP100/FOXO4/ROBO2/COL4A3/HMOX1/ERBB2/MCAM/HPGD/HPSE/ACVR2B/PTGS2/CCBE1/CEMIP2/VEGFC/ITGB2/ITGB1/SLIT2/ANXA2/FBLN5/PML/MYDGF/ALOX5/ADM/SP1/VEGFB/HHEX/JCAD/NFE2L2/PPP1R16B/HK2/C3/PLXDC1/PTK2B/HIF1A/SFRP1/DDAH1/PTPRM/HYAL1/PRKD1/ANXA1/CEACAM1/VEGFA/PDGFA/ACTA2/FOXF1/ELMO1/PGK1/TCF21/PDGFD/NOTCH3/CCM2/CLEC14A/FOLR1/COL4A1/APLN/PKM/ZNF304/SEMA6A/NPR1/AGTR1/CDH13/CXCL10/SYNJ2BP/SEMA5A/MESP1/RAPGEF3/CSPG4/WT1/TNFAIP3/LOXL2/HEY2/PRKCA/SPRED1/DLL4/MEF2C/ETS1/CD36/CD34/APOH/EMILIN2/CCN3/EFNB2/NRXN3/LRP2/FOXC1/GPNMB/AQP1/JAG1/SLC31A1/BCAM/STRA6/HRG/LOX/PECAM1/VASH1/NDNF/CAV1/ANGPTL4/GNAI2/TFAP2B/HSPG2/RNF213/ADTRP/CDH5/TMED2/EGF/HEY1/ATP2B4/FMNL3/GPC3/RBPJ/TYMP/FASLG/HOXB3/SLC1A1/ARHGAP24/TLR3",120
"GO:0009259","ribonucleotide metabolic process","82/1982","295/11930",0.277966101694915,1.67312592997999,5.22528629911871,7.26860140096578e-07,8.4713818708875e-05,8.4713818708875e-05,"NDUFA10/PPARA/NME4/NT5C2/OGDHL/ENO1/MT-ATP6/MT-ND4L/ABCC6/ATP5PB/OGT/ALDOA/MT-ND4/ATP6V1B1/ATP5MC2/MYH3/DCK/NUDT4/ENTPD5/ABHD14B/NDUFV1/SPHK2/NDUFS3/GAPDH/AK4/SULT1C4/PDE1A/HK2/HIF1A/ATP6V1B2/PRKN/GPI/TIGAR/ALDOB/DPYS/ATP5MC3/MT-ND6/TMSB4X/PSEN1/PDE4A/HK1/PGK1/NUPR1/GDA/GUCY1A1/PKM/ADPGK/ALDOC/ARL2/GUCY1B1/NPR1/SLC4A4/SDHD/MT-ND1/TPI1/ENTPD1/GMPR2/UPP1/PID1/MT-ND5/CTNS/FBP1/ATP6V1A/ENO2/PDE7B/ADCY3/P2RX7/RAN/SULT1B1/AK3/PNP/LDHA/SDHB/ADK/DMAC2L/PFKP/MT-ND2/PDE8B/MT-ND3/TREM2/PARG/NT5C3A",82
"GO:0001822","kidney development","58/1982","188/11930",0.308510638297872,1.8569787663439,5.28644726275872,8.46616947606668e-07,9.63765106635963e-05,9.63765106635963e-05,"FGF1/ROBO2/COL4A3/HPGD/CYP4A22/CYP26B1/IQGAP1/LHX1/SLC34A1/EPCAM/PTPRO/CAT/WNK4/SLIT2/SMAD6/CTSH/SFRP1/SLC22A6/HEYL/VEGFA/PDGFA/ACTA2/TCF21/PDGFD/NOTCH3/CD24/ASS1/SALL1/ALDH1A2/AGTR1/MME/COL4A4/BMP6/GATA3/IRX2/CALB1/WT1/AQP2/MEF2C/NPHS2/SIX1/CD34/ARL3/UMOD/PAX8/FOXC1/AQP1/JAG1/KLF15/STRA6/IFT88/TFAP2A/PECAM1/HS3ST3B1/TFAP2B/ACAT1/CYP4A11/GPC3",58
"GO:0072523","purine-containing compound catabolic process","42/1982","121/11930",0.347107438016529,2.08929956384318,5.37550672681918,9.23000977322943e-07,0.000102683858727177,0.000102683858727177,"PPARA/NT5C2/OGDHL/ENO1/OGT/ALDOA/ADA2/NUDT4/GAPDH/PDE1A/SAMHD1/HK2/HIF1A/GPI/TIGAR/ALDOB/PSEN1/PDE4A/HK1/PGK1/NUPR1/GDA/PKM/SUCLA2/ADPGK/ALDOC/ARL2/SLC4A4/TPI1/ENTPD1/FBP1/ENO2/PDE7B/P2RX7/PNP/LDHA/NNMT/PFKP/PDE8B/SUCLG2/ACAT1/SUCLG1",42
"GO:1901342","regulation of vasculature development","67/1982","229/11930",0.292576419213974,1.76106795218098,5.19057704994847,1.05931441002232e-06,0.000115229867490205,0.000115229867490205,"ITGAX/FGF1/JUP/SP100/FOXO4/CXCR4/COL4A3/HMOX1/ERBB2/HPSE/CCBE1/CEMIP2/VEGFC/ITGB2/ITGB1/FBLN5/PML/MYDGF/ALOX5/ADM/SP1/VEGFB/HHEX/JCAD/NFE2L2/PPP1R16B/HK2/C3/PTK2B/HIF1A/SFRP1/DDAH1/PTPRM/HYAL1/PRKD1/CEACAM1/VEGFA/PGK1/CCM2/PKM/ZNF304/SEMA6A/NPR1/CXCL10/SYNJ2BP/SEMA5A/RAPGEF3/TNFAIP3/PRKCA/SPRED1/ETS1/CD36/CD34/APOH/EMILIN2/FOXC1/GPNMB/AQP1/HRG/VASH1/ANGPTL4/CXCL12/HSPG2/CDH5/ATP2B4/FASLG/TLR3",67
"GO:0001944","vasculature development","123/1982","495/11930",0.248484848484848,1.4956731798306,5.02765989689515,1.16353847069063e-06,0.000123815669870231,0.000123815669870231,"ITGAX/FGF1/JUP/SP100/FOXO4/ROBO2/CXCR4/COL4A3/HMOX1/ERBB2/MCAM/HPGD/HPSE/ACVR2B/PTGS2/CCBE1/CEMIP2/VEGFC/ITGB2/ITGB1/SLIT2/ANXA2/FBLN5/PML/MYDGF/ALOX5/ADM/SP1/VEGFB/HHEX/JCAD/NFE2L2/PPP1R16B/HK2/C3/PLXDC1/PTK2B/HIF1A/SFRP1/CTH/DDAH1/PTPRM/HYAL1/PRKD1/ANXA1/CEACAM1/VEGFA/PDGFA/ACTA2/FOXF1/ELMO1/PGK1/TCF21/PDGFD/NOTCH3/CCM2/CLEC14A/FOLR1/COL4A1/APLN/PKM/ZNF304/SEMA6A/NPR1/AGTR1/CDH13/CXCL10/SYNJ2BP/SEMA5A/MESP1/RAPGEF3/CSPG4/WT1/TNFAIP3/LOXL2/HEY2/PRKCA/SPRED1/DLL4/MEF2C/ETS1/CD36/CD34/APOH/EMILIN2/CCN3/EFNB2/NRXN3/LRP2/FOXC1/GPNMB/AQP1/JAG1/SLC31A1/BCAM/STRA6/HRG/LOX/PECAM1/VASH1/NDNF/CAV1/ANGPTL4/GNAI2/CXCL12/TFAP2B/HSPG2/RNF213/ADTRP/CDH5/TMED2/EGF/HEY1/ATP2B4/FMNL3/GPC3/RBPJ/TYMP/FASLG/HOXB3/SLC1A1/ARHGAP24/TLR3",123
"GO:1901136","carbohydrate derivative catabolic process","60/1982","199/11930",0.301507537688442,1.81482589536989,5.17380194097237,1.29477507442994e-06,0.00013225322405971,0.00013225322405971,"PPARA/TDG/NT5C2/OGDHL/ENO1/OGT/ALDOA/ADA2/HPSE/CEMIP2/NUDT4/ENTPD5/ADAMTS4/GAPDH/PDE1A/SAMHD1/HK2/HIF1A/HYAL1/GPI/TIGAR/ALDOB/DPYS/PSEN1/PDE4A/HK1/PGK1/NUPR1/GDA/PKM/ADPGK/ALDOC/ARL2/HEXB/SLC4A4/TPI1/ENTPD1/GALK1/UPP1/SUMF1/UPB1/FBP1/GBA3/ENO2/PDE7B/IDS/GPD1/P2RX7/GALM/PNP/LDHA/GM2A/PFKP/FBXO17/SMPD1/PDE8B/OGG1/TYMP/MAN1A1/NT5C3A",60
"GO:0008015","blood circulation","85/1982","313/11930",0.271565495207668,1.63459957508954,5.07821293236621,1.31627666932671e-06,0.00013225322405971,0.00013225322405971,"JUP/PPARA/GCH1/KCNJ2/KNG1/ECE1/P2RY1/KCNE1/SCARB1/TBXAS1/KL/GJA1/ADRB1/FERMT2/PTGS2/ITGA1/WNK4/VEGFC/ITGB1/CASR/ACE2/SLIT2/TNNI3K/SH3GL2/GCGR/ADAMTS16/DMD/BIN1/ADM/FKBP1A/KCNJ3/CELF2/TNNC1/DDAH1/GPR4/CEACAM1/SCN1B/VEGFA/ATP2A2/SCN4B/SCNN1A/ACSM3/GUCY1A1/TJP3/ABAT/APLN/GJC1/GUCY1B1/ATP1A1/NPR1/HSD11B2/AGTR1/MME/CXCL10/MYL3/BMP6/CYP4F2/MYOF/OCLN/CYB5R3/KCNMA1/TPM1/PLVAP/SCNN1G/CPA3/EMILIN2/KLK1/ATP2A3/PTGS1/KCNH6/TNNT2/DOCK4/HRH2/PECAM1/KCNE4/RGS2/CAV1/SCNN1B/CXCL12/CDH5/ATP2B4/SCN2A/SLC1A1/CORIN/RANGRF",85
"GO:0003018","vascular process in circulatory system","57/1982","186/11930",0.306451612903226,1.84458513720257,5.18176652940571,1.333986303702e-06,0.00013225322405971,0.00013225322405971,"KNG1/ECE1/P2RY1/SCARB1/TBXAS1/ADRB1/FERMT2/SLC22A8/SLC7A1/ITGA1/ITGB1/CASR/ACE2/SLIT2/SH3GL2/SLC29A4/ADM/DDAH1/GPR4/SLC16A12/CEACAM1/SLC15A2/VEGFA/TJP3/SLC13A3/ATP8A1/SLC29A2/NPR1/SLC4A4/AGTR1/BMP6/OCLN/SLC7A5/SLC2A1/SLC22A2/KCNMA1/PLVAP/SLC5A3/CD36/FABP5/ABCB1/LRP2/SLC38A1/ATP2A3/SLC16A7/DOCK4/HRH2/SLC22A3/PECAM1/RGS2/CAV1/CDH5/SLC1A3/ATP2B4/SLC1A4/SLC1A1/SLCO2B1",57
"GO:0009150","purine ribonucleotide metabolic process","77/1982","276/11930",0.278985507246377,1.6792619078957,5.09612709826631,1.35090116506343e-06,0.00013225322405971,0.00013225322405971,"NDUFA10/PPARA/NME4/NT5C2/OGDHL/ENO1/MT-ATP6/MT-ND4L/ABCC6/ATP5PB/OGT/ALDOA/MT-ND4/ATP6V1B1/ATP5MC2/MYH3/NUDT4/ABHD14B/NDUFV1/SPHK2/NDUFS3/GAPDH/AK4/SULT1C4/PDE1A/HK2/HIF1A/ATP6V1B2/PRKN/GPI/TIGAR/ALDOB/ATP5MC3/MT-ND6/TMSB4X/PSEN1/PDE4A/HK1/PGK1/NUPR1/GDA/GUCY1A1/PKM/ADPGK/ALDOC/ARL2/GUCY1B1/NPR1/SLC4A4/SDHD/MT-ND1/TPI1/ENTPD1/GMPR2/PID1/MT-ND5/CTNS/FBP1/ATP6V1A/ENO2/PDE7B/ADCY3/P2RX7/RAN/SULT1B1/AK3/PNP/LDHA/SDHB/ADK/DMAC2L/PFKP/MT-ND2/PDE8B/MT-ND3/TREM2/PARG",77
"GO:0009154","purine ribonucleotide catabolic process","35/1982","95/11930",0.368421052631579,2.21758988793882,5.3181999329483,1.52960733637539e-06,0.000146812311991324,0.000146812311991324,"PPARA/NT5C2/OGDHL/ENO1/OGT/ALDOA/NUDT4/GAPDH/PDE1A/HK2/HIF1A/GPI/TIGAR/ALDOB/PSEN1/PDE4A/HK1/PGK1/NUPR1/GDA/PKM/ADPGK/ALDOC/ARL2/SLC4A4/TPI1/ENTPD1/FBP1/ENO2/PDE7B/P2RX7/PNP/LDHA/PFKP/PDE8B",35
"GO:0006195","purine nucleotide catabolic process","37/1982","103/11930",0.359223300970874,2.1622270335936,5.28759572754545,1.58094500827864e-06,0.000148821650298537,0.000148821650298537,"PPARA/NT5C2/OGDHL/ENO1/OGT/ALDOA/NUDT4/GAPDH/PDE1A/SAMHD1/HK2/HIF1A/GPI/TIGAR/ALDOB/PSEN1/PDE4A/HK1/PGK1/NUPR1/GDA/PKM/ADPGK/ALDOC/ARL2/SLC4A4/TPI1/ENTPD1/FBP1/ENO2/PDE7B/P2RX7/PNP/LDHA/NNMT/PFKP/PDE8B",37
"GO:0006081","aldehyde metabolic process","27/1982","65/11930",0.415384615384615,2.5002716758519,5.41350663322722,1.64020582221722e-06,0.000151486933957609,0.000151486933957609,"ALDH2/PCK1/TKFC/AKR1A1/RDH10/ALDH1B1/HAGH/HOGA1/RDH13/ALDOB/PNKD/ALDH9A1/AGXT/ALDH1A2/BMP6/TPI1/ALDH7A1/KDM3A/IDH1/ALPL/BMP5/AGXT2/GRHPR/SLC25A10/MGAT4A/AKR7A3/GLYCTK",27
"GO:0019693","ribose phosphate metabolic process","82/1982","301/11930",0.272425249169435,1.63977458253853,5.01793464576182,1.76082983982222e-06,0.000159615964183884,0.000159615964183884,"NDUFA10/PPARA/NME4/NT5C2/OGDHL/ENO1/MT-ATP6/MT-ND4L/ABCC6/ATP5PB/OGT/ALDOA/MT-ND4/ATP6V1B1/ATP5MC2/MYH3/DCK/NUDT4/ENTPD5/ABHD14B/NDUFV1/SPHK2/NDUFS3/GAPDH/AK4/SULT1C4/PDE1A/HK2/HIF1A/ATP6V1B2/PRKN/GPI/TIGAR/ALDOB/DPYS/ATP5MC3/MT-ND6/TMSB4X/PSEN1/PDE4A/HK1/PGK1/NUPR1/GDA/GUCY1A1/PKM/ADPGK/ALDOC/ARL2/GUCY1B1/NPR1/SLC4A4/SDHD/MT-ND1/TPI1/ENTPD1/GMPR2/UPP1/PID1/MT-ND5/CTNS/FBP1/ATP6V1A/ENO2/PDE7B/ADCY3/P2RX7/RAN/SULT1B1/AK3/PNP/LDHA/SDHB/ADK/DMAC2L/PFKP/MT-ND2/PDE8B/MT-ND3/TREM2/PARG/NT5C3A",82
"GO:0045765","regulation of angiogenesis","65/1982","224/11930",0.290178571428571,1.74663489260487,5.03516825338838,2.08794701219346e-06,0.000185827284085218,0.000185827284085218,"ITGAX/FGF1/JUP/SP100/FOXO4/COL4A3/HMOX1/ERBB2/HPSE/CCBE1/CEMIP2/VEGFC/ITGB2/ITGB1/FBLN5/PML/MYDGF/ALOX5/ADM/SP1/VEGFB/HHEX/JCAD/NFE2L2/PPP1R16B/HK2/C3/PTK2B/HIF1A/SFRP1/DDAH1/PTPRM/HYAL1/PRKD1/CEACAM1/VEGFA/PGK1/CCM2/PKM/ZNF304/SEMA6A/NPR1/CXCL10/SYNJ2BP/SEMA5A/RAPGEF3/TNFAIP3/PRKCA/SPRED1/ETS1/CD36/CD34/APOH/EMILIN2/FOXC1/GPNMB/AQP1/HRG/VASH1/ANGPTL4/HSPG2/CDH5/ATP2B4/FASLG/TLR3",65
"GO:0050877","nervous system process","116/1982","468/11930",0.247863247863248,1.49193165843014,4.84600048394603,2.67986306423903e-06,0.000234248744633037,0.000234248744633037,"ABLIM1/ITGAX/STX4/CEP250/GCH1/CNGA1/UBA5/KCNJ2/CRYM/KCNE1/COL4A3/ABCC6/EEA1/EYA4/CLIC5/ATP6V1B1/CRHBP/MYH3/SYT11/SCRN3/RTP4/RDH10/ANO1/B2M/PTN/GRIK2/DRAM2/NLGN1/ACE2/BSND/PIGR/ACSS2/DMD/SOBP/FKBP1A/EIF2AK4/CLDN19/RGS14/MYO3A/CDK18/GRAP/PTK2B/TNNC1/AMFR/PRKD1/ESPN/PRKN/GPI/SCN1B/SLC45A4/KIFC3/PSEN1/TUBA1A/SLC52A3/GPRASP3/SCN4B/SCNN1A/ABAT/ATP8A1/TBC1D24/PDE6C/ROM1/MME/VLDLR/CFAP69/EGFR/AZGP1/INSYN1/MET/CALB1/RAPGEF3/ALDH7A1/USP53/CTNS/PRKCA/NRGN/DLL4/OR51E1/SCNN1G/MEF2C/CD36/RBP4/TLR2/OAT/RELN/FABP5/ARRB2/CCN3/ATXN1L/ADCY3/NRXN3/LRP2/CLSTN2/GATM/CRYZ/P2RX7/STRA6/NIPSNAP1/TFAP2A/ATP6V0A4/SCNN1B/GPR155/CXCL12/MYO7B/RP2/SLC1A4/GJA3/GRM8/RDH12/TRPV1/NMB/PPP1R9B/TREM2/SCN2A/SLC1A1/TRPV2",116
"GO:0048514","blood vessel morphogenesis","111/1982","445/11930",0.249438202247191,1.50141158063017,4.81165878402872,3.20911727496517e-06,0.000275589983525517,0.000275589983525517,"ITGAX/FGF1/JUP/SP100/FOXO4/COL4A3/HMOX1/ERBB2/MCAM/HPGD/HPSE/PTGS2/CCBE1/CEMIP2/VEGFC/ITGB2/ITGB1/SLIT2/ANXA2/FBLN5/PML/MYDGF/ALOX5/ADM/SP1/VEGFB/HHEX/JCAD/NFE2L2/PPP1R16B/HK2/C3/PLXDC1/PTK2B/HIF1A/SFRP1/DDAH1/PTPRM/HYAL1/PRKD1/ANXA1/CEACAM1/VEGFA/PDGFA/FOXF1/ELMO1/PGK1/TCF21/NOTCH3/CCM2/CLEC14A/FOLR1/COL4A1/APLN/PKM/ZNF304/SEMA6A/NPR1/AGTR1/CDH13/CXCL10/SYNJ2BP/SEMA5A/RAPGEF3/CSPG4/WT1/TNFAIP3/LOXL2/HEY2/PRKCA/SPRED1/DLL4/ETS1/CD36/CD34/APOH/EMILIN2/CCN3/EFNB2/NRXN3/LRP2/FOXC1/GPNMB/AQP1/JAG1/SLC31A1/BCAM/STRA6/HRG/LOX/VASH1/NDNF/CAV1/ANGPTL4/GNAI2/TFAP2B/HSPG2/RNF213/ADTRP/CDH5/EGF/HEY1/ATP2B4/FMNL3/RBPJ/TYMP/FASLG/HOXB3/SLC1A1/ARHGAP24/TLR3",111
"GO:0046034","ATP metabolic process","56/1982","187/11930",0.299465240641711,1.80253295704118,4.93719300707465,3.64841639018953e-06,0.000307913762585823,0.000307913762585823,"NDUFA10/PPARA/OGDHL/ENO1/MT-ATP6/MT-ND4L/ABCC6/ATP5PB/OGT/ALDOA/MT-ND4/ATP6V1B1/ATP5MC2/MYH3/NDUFV1/SPHK2/NDUFS3/GAPDH/AK4/HK2/HIF1A/ATP6V1B2/PRKN/GPI/TIGAR/ALDOB/ATP5MC3/MT-ND6/TMSB4X/PSEN1/HK1/PGK1/NUPR1/PKM/ADPGK/ALDOC/ARL2/SLC4A4/SDHD/MT-ND1/TPI1/PID1/MT-ND5/CTNS/FBP1/ATP6V1A/ENO2/P2RX7/LDHA/SDHB/DMAC2L/PFKP/MT-ND2/MT-ND3/TREM2/PARG",56
"GO:0070482","response to oxygen levels","69/1982","246/11930",0.280487804878049,1.68830449656666,4.86898394155646,3.85444759308763e-06,0.000319788490985829,0.000319788490985829,"PDLIM1/PPARA/ENO1/CXCR4/MT-ATP6/MT-ND4/PTGS2/ALAS1/CAT/VEGFC/CASR/PML/CCNB1/CPEB2/VEGFB/AK4/NFE2L2/FAS/MT-CYB/CBL/HK2/HILPDA/P4HB/HIF1A/SFRP1/DDAH1/TGFB3/TIGAR/BBC3/VEGFA/ERO1A/AIFM1/PGK1/CD24/GUCY1A1/ABAT/FABP1/GUCY1B1/HSD11B2/EGLN3/CCNA2/MT-ND1/NOL3/SLC7A5/SLC2A1/MT-CO1/KCNMA1/MT-ND5/LOXL2/ALAD/CPEB4/ATP6V1A/EPHA4/AQP1/COXFA4L2/MT-CO2/CCND1/NDNF/CAV1/ANGPTL4/STC2/MT-ND2/CXCL12/USP19/DRAM1/PDK1/TREM2/SCN2A/ARNT2",69
"GO:0009308","amine metabolic process","24/1982","57/11930",0.421052631578947,2.53438844335865,5.1829673001374,4.63211669853223e-06,0.000377903520655254,0.000377903520655254,"ALDH2/GCH1/KL/AOC1/MAOA/ITGB2/SLC29A4/SMOX/SAT2/PRKN/ODC1/DAO/ABAT/NPR1/CHDH/GATA3/DDC/ALDH7A1/AGMAT/SULT1B1/SLC22A3/PAH/ATP2B4/SLC1A1",24
"GO:0016052","carbohydrate catabolic process","42/1982","128/11930",0.328125,1.97504099394551,4.95035120208385,4.85405831994775e-06,0.000389518286494167,0.000389518286494167,"SORD/PPARA/OGDHL/ENO1/DHDH/TKFC/OGT/ALDOA/XYLB/GAPDH/PYGL/HK2/HIF1A/GPI/TIGAR/ALDOB/PSEN1/GK/HK1/PGK1/NUPR1/PKM/ADPGK/PHKA1/ALDOC/ARL2/SLC4A4/GABARAPL1/TPI1/GALK1/PPP1R3B/FBP1/GBA3/ENO2/FUT6/ATG12/P2RX7/GALM/TREH/LDHA/PFKP/GLYCTK",42
"GO:0046031","ADP metabolic process","29/1982","76/11930",0.381578947368421,2.29678952679378,5.06208910051369,5.30548648159621e-06,0.000418876714958282,0.000418876714958282,"PPARA/OGDHL/ENO1/OGT/ALDOA/GAPDH/AK4/HK2/HIF1A/GPI/TIGAR/ALDOB/PSEN1/HK1/PGK1/NUPR1/PKM/ADPGK/ALDOC/ARL2/SLC4A4/TPI1/ENTPD1/FBP1/ENO2/P2RX7/AK3/LDHA/PFKP",29
"GO:0006576","biogenic amine metabolic process","21/1982","47/11930",0.446808510638298,2.68941752367048,5.17975038201551,5.86753357249348e-06,0.000453578183112663,0.000453578183112663,"ALDH2/GCH1/KL/AOC1/MAOA/ITGB2/SLC29A4/SMOX/SAT2/PRKN/ODC1/DAO/ABAT/NPR1/GATA3/DDC/AGMAT/SULT1B1/SLC22A3/PAH/SLC1A1",21
"GO:0009410","response to xenobiotic stimulus","66/1982","235/11930",0.280851063829787,1.69049101487859,4.77175135783106,5.93033783844953e-06,0.000453578183112663,0.000453578183112663,"SLC22A12/ALDH2/GSTM3/GLYAT/MAP1B/ABCC6/C1orf115/CRHBP/CYP26B1/SLC34A1/ALAS1/CAT/WNK4/VEGFC/IGFBP2/GSTA2/FMO4/ABHD10/CCNB1/ABCD3/SMOX/NFE2L2/SULT1C4/ABCA1/MT-CYB/NCKAP1L/PON3/LYN/SFRP1/PTPRM/PRKN/ABAT/ASS1/ACSM2B/HSD11B2/CDH13/MCM7/MT-ND1/CYP4F2/GATA3/NAT1/TPMT/CYP4F12/HNF4A/UGT1A9/ALAD/FBP1/MEF2C/RBP4/ENO2/BPHL/ABCB1/CRYZ/CBR1/SULT1B1/LOX/PNP/CCND1/EPHX1/TFAP2B/SMPD1/AOX1/ABCA3/PPP1R9B/ARNT2/SLCO2B1",66
"GO:1905954","positive regulation of lipid localization","27/1982","69/11930",0.391304347826087,2.35532839029527,5.03958046898723,6.40004907255126e-06,0.000481972926309822,0.000481972926309822,"PRAP1/SCARB1/PLIN2/EHD1/ANXA2/ABCA1/ECRG4/C3/HILPDA/MSR1/ATP8A1/PLIN3/BMP6/CYP4F2/ABCA8/CD36/SCP2/LPL/CAV1/ABCG1/ABCA3/PLA2R1/CYP4A11/FASLG/NMB/TREM2/PLIN5",27
"GO:0036293","response to decreased oxygen levels","63/1982","222/11930",0.283783783783784,1.70814356233125,4.75381632575584,6.65289250368281e-06,0.000493422860689808,0.000493422860689808,"PDLIM1/PPARA/ENO1/CXCR4/MT-ND4/PTGS2/ALAS1/CAT/VEGFC/CASR/PML/CCNB1/CPEB2/VEGFB/AK4/NFE2L2/MT-CYB/CBL/HK2/HILPDA/P4HB/HIF1A/SFRP1/DDAH1/TGFB3/TIGAR/BBC3/VEGFA/ERO1A/AIFM1/PGK1/CD24/ABAT/FABP1/HSD11B2/EGLN3/CCNA2/MT-ND1/NOL3/SLC2A1/MT-CO1/KCNMA1/MT-ND5/LOXL2/ALAD/CPEB4/EPHA4/AQP1/COXFA4L2/MT-CO2/CCND1/NDNF/CAV1/ANGPTL4/STC2/MT-ND2/CXCL12/USP19/DRAM1/PDK1/TREM2/SCN2A/ARNT2",63
"GO:0001666","response to hypoxia","61/1982","213/11930",0.286384976525822,1.72380059028913,4.7575841187943,6.76327383064311e-06,0.000494122767179075,0.000494122767179075,"PDLIM1/PPARA/ENO1/CXCR4/MT-ND4/PTGS2/ALAS1/CAT/VEGFC/CASR/PML/CCNB1/CPEB2/VEGFB/AK4/NFE2L2/MT-CYB/CBL/HK2/HILPDA/P4HB/HIF1A/SFRP1/DDAH1/TGFB3/TIGAR/BBC3/VEGFA/ERO1A/AIFM1/PGK1/CD24/ABAT/FABP1/HSD11B2/EGLN3/CCNA2/MT-ND1/NOL3/SLC2A1/MT-CO1/KCNMA1/MT-ND5/LOXL2/ALAD/EPHA4/AQP1/COXFA4L2/MT-CO2/CCND1/NDNF/CAV1/ANGPTL4/STC2/MT-ND2/CXCL12/USP19/PDK1/TREM2/SCN2A/ARNT2",61
"GO:0034381","plasma lipoprotein particle clearance","16/1982","31/11930",0.516129032258065,3.10666970476221,5.24213282144297,7.74353664042294e-06,0.000557420762571622,0.000557420762571622,"LRPAP1/SCARB1/HMOX1/EHD1/APOM/ANXA2/LIPA/MSR1/SOAT1/VLDLR/CD36/LPL/DGAT2/TREM2/APOC1/CSK",16
"GO:0005975","carbohydrate metabolic process","100/1982","399/11930",0.25062656641604,1.50856454961824,4.61195436661861,7.92158230552479e-06,0.000561973121529621,0.000561973121529621,"GYG1/SORD/PPARA/ALDH2/OGDHL/ENO1/PCK1/PPP1CC/PPP1CB/P2RY1/DHDH/PC/ST8SIA4/TKFC/PDHA1/OAS1/OGT/KL/ALDOA/FUT3/SLC3A1/XYLB/GAPDH/IDNK/ALDH1B1/GAL3ST4/PYGL/CHST15/MAN1C1/HK2/PPP1R3G/SORBS1/PGM2L1/HIF1A/PCK2/HYAL1/NR1D1/PRKN/EPM2A/GPI/TIGAR/ALDOB/MST1/PPP1R3C/SLC2A8/PSEN1/KHK/GANAB/GK/EPM2AIP1/HK1/PGK1/NUPR1/PKM/ADPGK/DYRK2/PHKA1/ALDOC/ARL2/HEXB/SLC4A4/GABARAPL1/TPI1/SLC2A1/GALK1/PPP1R3B/SLC23A1/MYORG/FBP1/NANS/GBA3/RBP4/ENO2/FUT6/ATG12/GPD1/IDH1/P2RX7/PDHB/GALM/TREH/LDHA/PDK2/DGAT2/SIAE/PTH1R/NNMT/PFKP/TFAP2B/DCXR/EGF/SLC2A2/YDJC/PDK1/PARG/ABO/SLC25A10/MAN1A1/GLYCTK/BCKDK",100
"GO:0002252","immune effector process","96/1982","381/11930",0.251968503937008,1.51664190311226,4.57473435602268,9.4802348388084e-06,0.000662939279085245,0.000662939279085245,"GZMK/STX4/TCIM/CD8A/PCK1/COLEC11/CLEC7A/LACC1/CRTAM/FCGR3A/SLAMF8/SNX4/B2M/ITGB2/GNAI1/ARID5A/SPHK2/IRAK4/SPI1/LAT2/CD300A/IL2RG/EIF2AK4/VAMP2/CALHM6/INPP5D/NCKAP1L/CTSH/CBL/C3/PTK2B/HLA-E/LYN/LCP1/PRF1/CD1D/MR1/LOXL3/CD86/BTN3A2/LAPTM5/TGFB3/ANXA1/TRIM6/CEACAM1/PCYT1A/HCK/GPI/PSMB8/ST3GAL1/DOCK10/PSEN1/HK1/CD2/DAO/DYSF/PSMB9/CD84/MASP1/LGALS3/FCGR2A/DNASE1L3/C1QC/GATA3/DOCK2/AZGP1/HLA-F/SLC7A5/C1QA/SLAMF7/SERPINB9/PTGDS/PSMA2/NCF1/GAB2/TYROBP/RBP4/PTPRC/CD27/ARRB2/CFI/RFTN1/PHB1/JAG1/NMI/SEMA6D/C7/SLC15A4/C1QB/BTN3A3/IRF8/TREM2/CYRIB/PSMB10/CD274/TUBB",96
"GO:0072006","nephron development","35/1982","102/11930",0.343137254901961,2.06540234660968,4.82329731216537,9.75757257477162e-06,0.000668201682259431,0.000668201682259431,"FGF1/COL4A3/IQGAP1/LHX1/PTPRO/WNK4/SLC22A6/HEYL/VEGFA/ACTA2/TCF21/PDGFD/NOTCH3/CD24/SALL1/COL4A4/GATA3/IRX2/CALB1/WT1/MEF2C/NPHS2/SIX1/CD34/UMOD/PAX8/FOXC1/AQP1/JAG1/KLF15/PECAM1/HS3ST3B1/TFAP2B/ACAT1/GPC3",35
"GO:0006006","glucose metabolic process","41/1982","127/11930",0.322834645669291,1.94319743836259,4.76973472180233,9.82850278297836e-06,0.000668201682259431,0.000668201682259431,"SORD/ENO1/PCK1/PC/PDHA1/OAS1/OGT/ALDOA/GAPDH/HK2/SORBS1/PGM2L1/PCK2/PRKN/GPI/ALDOB/MST1/EPM2AIP1/HK1/PGK1/PKM/ADPGK/DYRK2/PHKA1/ALDOC/TPI1/PPP1R3B/FBP1/RBP4/ENO2/PDHB/GALM/PDK2/DGAT2/NNMT/PFKP/TFAP2B/DCXR/PDK1/SLC25A10/BCKDK",41
"GO:0009144","purine nucleoside triphosphate metabolic process","60/1982","211/11930",0.28436018957346,1.71161304823985,4.6550656412061,1.02147077708291e-05,0.000684945130660391,0.000684945130660391,"NDUFA10/PPARA/NME4/OGDHL/ENO1/MT-ATP6/MT-ND4L/ABCC6/ATP5PB/OGT/ALDOA/MT-ND4/ATP6V1B1/ATP5MC2/MYH3/NDUFV1/SPHK2/NDUFS3/GAPDH/AK4/SAMHD1/HK2/HIF1A/ATP6V1B2/PRKN/GPI/TIGAR/ALDOB/ATP5MC3/MT-ND6/TMSB4X/PSEN1/HK1/PGK1/NUPR1/PKM/ADPGK/ALDOC/ARL2/SLC4A4/SDHD/MT-ND1/TPI1/PID1/MT-ND5/CTNS/FBP1/ATP6V1A/ENO2/P2RX7/RAN/AK3/LDHA/SDHB/DMAC2L/PFKP/MT-ND2/MT-ND3/TREM2/PARG",60
"GO:0009205","purine ribonucleoside triphosphate metabolic process","59/1982","207/11930",0.285024154589372,1.71560956823976,4.63583409323014,1.11672007155698e-05,0.000738695236523163,0.000738695236523163,"NDUFA10/PPARA/NME4/OGDHL/ENO1/MT-ATP6/MT-ND4L/ABCC6/ATP5PB/OGT/ALDOA/MT-ND4/ATP6V1B1/ATP5MC2/MYH3/NDUFV1/SPHK2/NDUFS3/GAPDH/AK4/HK2/HIF1A/ATP6V1B2/PRKN/GPI/TIGAR/ALDOB/ATP5MC3/MT-ND6/TMSB4X/PSEN1/HK1/PGK1/NUPR1/PKM/ADPGK/ALDOC/ARL2/SLC4A4/SDHD/MT-ND1/TPI1/PID1/MT-ND5/CTNS/FBP1/ATP6V1A/ENO2/P2RX7/RAN/AK3/LDHA/SDHB/DMAC2L/PFKP/MT-ND2/MT-ND3/TREM2/PARG",59
"GO:0046032","ADP catabolic process","27/1982","71/11930",0.380281690140845,2.2889811116954,4.86225407853142,1.19540483735895e-05,0.000765466629829933,0.000765466629829933,"PPARA/OGDHL/ENO1/OGT/ALDOA/GAPDH/HK2/HIF1A/GPI/TIGAR/ALDOB/PSEN1/HK1/PGK1/NUPR1/PKM/ADPGK/ALDOC/ARL2/SLC4A4/TPI1/ENTPD1/FBP1/ENO2/P2RX7/LDHA/PFKP",27
"GO:0018958","phenol-containing compound metabolic process","23/1982","56/11930",0.410714285714286,2.4721601556869,4.92874678237911,1.19875580473757e-05,0.000765466629829933,0.000765466629829933,"IYD/ALDH2/GCH1/CRYM/DIO1/KL/MAOA/ITGB2/MGRN1/PRKN/ALDH9A1/DAO/ABAT/NPR1/GATA3/DDC/CTNS/PAX8/SULT1B1/RAB38/PAH/SLC26A7/SLC1A1",23
"GO:0061620","glycolytic process through glucose-6-phosphate","11/1982","17/11930",0.647058823529412,3.89475871074969,5.33104336558083,1.20410481096843e-05,0.000765466629829933,0.000765466629829933,"ENO1/ALDOA/GAPDH/HK2/HK1/PGK1/PKM/ADPGK/TPI1/ENO2/PFKP",11
"GO:0009191","ribonucleoside diphosphate catabolic process","28/1982","75/11930",0.373333333333333,2.24715775311134,4.83601010333602,1.2463341774951e-05,0.000782154589594682,0.000782154589594682,"PPARA/OGDHL/ENO1/OGT/ALDOA/ENTPD5/GAPDH/HK2/HIF1A/GPI/TIGAR/ALDOB/PSEN1/HK1/PGK1/NUPR1/PKM/ADPGK/ALDOC/ARL2/SLC4A4/TPI1/ENTPD1/FBP1/ENO2/P2RX7/LDHA/PFKP",28
"GO:0006066","alcohol metabolic process","66/1982","240/11930",0.275,1.65527245206862,4.57726684648592,1.26433263349512e-05,0.000783406106450455,0.000783406106450455,"FGF1/SORD/ALDH2/GCH1/PCK1/P2RY1/EPHX2/CBR4/TKFC/ADH6/AKR1A1/IDI1/RDH10/NUDT4/FDX1/GNAI1/MBTPS2/SPHK2/IPMK/ALDH1B1/ACSS2/SULT1C4/ABCA1/INPP5J/SCAP/CUBN/PCK2/PNPLA4/RDH13/GK/SOAT1/PECR/SGPP1/CYP24A1/FDXR/ALDH1A2/HSD11B2/AGTR1/VLDLR/BMP6/ITPKB/NAPEPLD/TPI1/CEL/ADH1B/CYB5R3/FDFT1/CYP51A1/SCARF1/RBP4/MIOX/SCP2/IDH1/SULT1B1/INPP4B/BMP5/CYP27A1/ABCG1/DGAT2/PTH1R/APOL2/CYP27B1/ACLY/RDH12/CYP39A1/GDPD3",66
"GO:0061326","renal tubule development","24/1982","60/11930",0.4,2.40766902119072,4.8790669209462,1.33355504971459e-05,0.000815968996044113,0.000815968996044113,"FGF1/LHX1/WNK4/SLC22A6/HEYL/VEGFA/TCF21/CD24/COL4A1/SALL1/GATA3/IRX2/CALB1/WT1/MEF2C/SIX1/UMOD/PAX8/AQP1/JAG1/HS3ST3B1/TFAP2B/ACAT1/GPC3",24
"GO:1902600","proton transmembrane transport","47/1982","155/11930",0.303225806451613,1.8251684515478,4.61544906545878,1.50084143990348e-05,0.000906989981275006,0.000906989981275006,"NDUFA10/HVCN1/MT-ATP6/MT-ND4L/ATP5PB/ATP6V1H/MT-ND4/ATP6V1B1/ATP5MC2/NDUFV1/SPHK2/NDUFS3/ATP6V0E2/UQCRH/MT-CYB/ATP6V1G3/ATP6V1B2/SLC15A2/SLC45A4/ATP5MC3/MT-ND6/MT-CO3/ATP1A1/UQCRC1/MT-ND1/SLC25A12/SLC25A5/MT-CO1/MT-ND5/CTNS/SLC9A9/ATP6V1A/SLC2A9/LETM1/COX5B/SLC47A2/MT-CO2/ATP6V1C2/GHITM/ATP6V0A4/SLC25A27/DMAC2L/SLC15A4/MT-ND2/MT-ND3/SLC36A2/ATP6V0D2",47
"GO:0072524","pyridine-containing compound metabolic process","44/1982","142/11930",0.309859154929577,1.8650957206407,4.62886194664523,1.52799031044608e-05,0.000912135679223604,0.000912135679223604,"PPARA/OGDHL/NADSYN1/ENO1/LDHB/PC/OGT/ALDOA/ACMSD/GAPDH/HK2/HIF1A/MDH1/PSAT1/GPI/TIGAR/ALDOB/PSEN1/HK1/PGK1/NUPR1/PKM/ADPGK/ALDOC/ARL2/AFMID/SLC4A4/TPI1/ASPDH/SLC25A12/MACROH2A1/NAMPT/FBP1/ENO2/PARP9/IDH1/ALPL/P2RX7/MDH1B/PNP/LDHA/NNMT/PFKP/ACO1",44
"GO:0046164","alcohol catabolic process","13/1982","23/11930",0.565217391304348,3.40214100820427,5.14691735335671,1.54900855566188e-05,0.000913541792766857,0.000913541792766857,"SORD/ALDH2/TKFC/ALDH1B1/ACSS2/SULT1C4/GK/TPI1/SCARF1/MIOX/SULT1B1/CYP27A1/CYP39A1",13
"GO:0009134","nucleoside diphosphate catabolic process","28/1982","76/11930",0.368421052631579,2.21758988793882,4.75292896285932,1.66387573627414e-05,0.000969603777269276,0.000969603777269276,"PPARA/OGDHL/ENO1/OGT/ALDOA/ENTPD5/GAPDH/HK2/HIF1A/GPI/TIGAR/ALDOB/PSEN1/HK1/PGK1/NUPR1/PKM/ADPGK/ALDOC/ARL2/SLC4A4/TPI1/ENTPD1/FBP1/ENO2/P2RX7/LDHA/PFKP",28
"GO:0015804","neutral amino acid transport","17/1982","36/11930",0.472222222222222,2.84238703890571,4.94144662955588,1.85164390440435e-05,0.00106632904847757,0.00106632904847757,"SLC43A2/SLC3A1/ACE2/SLC43A1/SLC6A19/SLC7A5/SLC25A12/CTNS/CLTRN/SLC38A1/RGS2/LLGL2/SLC1A3/SLC1A4/SLC36A2/SLC7A9/SLC1A1",17
"GO:0006096","glycolytic process","26/1982","69/11930",0.376811594202899,2.26809400546952,4.71521280640459,2.08628182408263e-05,0.00118733574275901,0.00118733574275901,"PPARA/OGDHL/ENO1/OGT/ALDOA/GAPDH/HK2/HIF1A/GPI/TIGAR/ALDOB/PSEN1/HK1/PGK1/NUPR1/PKM/ADPGK/ALDOC/ARL2/SLC4A4/TPI1/FBP1/ENO2/P2RX7/LDHA/PFKP",26
"GO:0009141","nucleoside triphosphate metabolic process","62/1982","225/11930",0.275555555555556,1.65861643682027,4.45168136044759,2.14288375329006e-05,0.00118733574275901,0.00118733574275901,"NDUFA10/PPARA/NME4/OGDHL/ENO1/MT-ATP6/MT-ND4L/ABCC6/ATP5PB/OGT/ALDOA/MT-ND4/ATP6V1B1/ATP5MC2/MYH3/NDUFV1/SPHK2/NDUFS3/GAPDH/AK4/SAMHD1/HK2/HIF1A/ATP6V1B2/PRKN/GPI/TIGAR/ALDOB/ATP5MC3/MT-ND6/TMSB4X/PSEN1/HK1/PGK1/NUPR1/PKM/ADPGK/ALDOC/ARL2/SLC4A4/CMPK2/SDHD/MT-ND1/TPI1/TYMS/PID1/MT-ND5/CTNS/FBP1/ATP6V1A/ENO2/P2RX7/RAN/AK3/LDHA/SDHB/DMAC2L/PFKP/MT-ND2/MT-ND3/TREM2/PARG",62
"GO:0009137","purine nucleoside diphosphate catabolic process","27/1982","73/11930",0.36986301369863,2.22626930041607,4.6907882871778,2.15879225956184e-05,0.00118733574275901,0.00118733574275901,"PPARA/OGDHL/ENO1/OGT/ALDOA/GAPDH/HK2/HIF1A/GPI/TIGAR/ALDOB/PSEN1/HK1/PGK1/NUPR1/PKM/ADPGK/ALDOC/ARL2/SLC4A4/TPI1/ENTPD1/FBP1/ENO2/P2RX7/LDHA/PFKP",27
"GO:0009181","purine ribonucleoside diphosphate catabolic process","27/1982","73/11930",0.36986301369863,2.22626930041607,4.6907882871778,2.15879225956184e-05,0.00118733574275901,0.00118733574275901,"PPARA/OGDHL/ENO1/OGT/ALDOA/GAPDH/HK2/HIF1A/GPI/TIGAR/ALDOB/PSEN1/HK1/PGK1/NUPR1/PKM/ADPGK/ALDOC/ARL2/SLC4A4/TPI1/ENTPD1/FBP1/ENO2/P2RX7/LDHA/PFKP",27
"GO:0072526","pyridine-containing compound catabolic process","28/1982","77/11930",0.363636363636364,2.18879001926429,4.67113400729989,2.20473900954337e-05,0.00119913305019053,0.00119913305019053,"PPARA/OGDHL/ENO1/OGT/ALDOA/GAPDH/HK2/HIF1A/GPI/TIGAR/ALDOB/PSEN1/HK1/PGK1/NUPR1/PKM/ADPGK/ALDOC/ARL2/SLC4A4/TPI1/FBP1/ENO2/P2RX7/PNP/LDHA/NNMT/PFKP",28
"GO:0046496","nicotinamide nucleotide metabolic process","41/1982","131/11930",0.312977099236641,1.88386316543548,4.5402946558546,2.26361709346894e-05,0.00121762699698137,0.00121762699698137,"PPARA/OGDHL/NADSYN1/ENO1/LDHB/PC/OGT/ALDOA/ACMSD/GAPDH/HK2/HIF1A/MDH1/GPI/TIGAR/ALDOB/PSEN1/HK1/PGK1/NUPR1/PKM/ADPGK/ALDOC/ARL2/AFMID/SLC4A4/TPI1/ASPDH/SLC25A12/MACROH2A1/NAMPT/FBP1/ENO2/IDH1/P2RX7/MDH1B/PNP/LDHA/NNMT/PFKP/ACO1",41
"GO:0007600","sensory perception","61/1982","221/11930",0.276018099547511,1.6614005689212,4.42982687962133,2.35562188434667e-05,0.00123153170422576,0.00123153170422576,"ABLIM1/STX4/CEP250/CNGA1/CRYM/KCNE1/COL4A3/ABCC6/EYA4/CLIC5/ATP6V1B1/SCRN3/RTP4/RDH10/ANO1/B2M/GRIK2/DRAM2/BSND/PIGR/CLDN19/MYO3A/GRAP/ESPN/SLC45A4/KIFC3/SLC52A3/SCNN1A/PDE6C/ROM1/MME/CFAP69/AZGP1/ALDH7A1/USP53/DLL4/OR51E1/SCNN1G/CD36/RBP4/OAT/FABP5/ARRB2/CCN3/ADCY3/LRP2/CRYZ/P2RX7/NIPSNAP1/TFAP2A/ATP6V0A4/SCNN1B/CXCL12/MYO7B/RP2/GJA3/GRM8/RDH12/TRPV1/NMB/TRPV2",61
"GO:0072080","nephron tubule development","23/1982","58/11930",0.396551724137931,2.38691325376666,4.72593024693085,2.37296237169269e-05,0.00123153170422576,0.00123153170422576,"FGF1/LHX1/WNK4/SLC22A6/HEYL/VEGFA/TCF21/CD24/SALL1/GATA3/IRX2/CALB1/WT1/MEF2C/SIX1/UMOD/PAX8/AQP1/JAG1/HS3ST3B1/TFAP2B/ACAT1/GPC3",23
"GO:0003208","cardiac ventricle morphogenesis","18/1982","40/11930",0.45,2.70862764883956,4.83139398426716,2.40654254436434e-05,0.00123153170422576,0.00123153170422576,"FKBP1A/TNNC1/HEYL/NRG1/FOXF1/MYL3/GATA3/MESP1/HEY2/TPM1/DLL4/MEF2C/LRP2/JAG1/TNNT2/CPE/HEY1/RBPJ",18
"GO:0046365","monosaccharide catabolic process","18/1982","40/11930",0.45,2.70862764883956,4.83139398426716,2.40654254436434e-05,0.00123153170422576,0.00123153170422576,"ENO1/DHDH/TKFC/ALDOA/XYLB/GAPDH/HK2/ALDOB/HK1/PGK1/PKM/TPI1/GALK1/ENO2/FUT6/GALM/PFKP/GLYCTK",18
"GO:0006575","modified amino acid metabolic process","43/1982","140/11930",0.307142857142857,1.84874585555716,4.50890139649479,2.4152613606879e-05,0.00123153170422576,0.00123153170422576,"IYD/SERINC1/GCH1/GSTM3/SHMT1/CRYM/DIO1/GSTA2/ALDH4A1/NFE2L2/DPEP1/HAGH/HOGA1/P4HB/NAT8/MBOAT2/ALDH9A1/ASS1/FOLR1/CHDH/BHMT/GATA3/GGH/GGT1/CRAT/TYMS/SHMT2/ALDH7A1/CTNS/SLC6A8/MTHFD1L/SARDH/PLA1A/PAX8/GATM/BHMT2/SULT1B1/SLC25A42/FTCD/AGXT2/BBOX1/SLC26A7/SLC1A1",43
"GO:0006099","tricarboxylic acid cycle","15/1982","30/11930",0.5,3.0095862764884,4.91903325936067,2.44841373471605e-05,0.00123556548777681,0.00123556548777681,"DLD/OGDHL/PDHA1/DLST/FH/MDH1/SUCLA2/SDHD/IDH1/PDHB/MDH1B/SDHB/SUCLG2/SUCLG1/ACO1",15
"GO:0019364","pyridine nucleotide catabolic process","27/1982","74/11930",0.364864864864865,2.19618458014018,4.60713480899406,2.86677986279857e-05,0.00142071388957421,0.00142071388957421,"PPARA/OGDHL/ENO1/OGT/ALDOA/GAPDH/HK2/HIF1A/GPI/TIGAR/ALDOB/PSEN1/HK1/PGK1/NUPR1/PKM/ADPGK/ALDOC/ARL2/SLC4A4/TPI1/FBP1/ENO2/P2RX7/LDHA/NNMT/PFKP",27
"GO:0072522","purine-containing compound biosynthetic process","62/1982","227/11930",0.273127753303965,1.64400307614344,4.37258463098523,2.8733539339703e-05,0.00142071388957421,0.00142071388957421,"NDUFA10/PPARA/DLD/NME4/NADSYN1/SHMT1/ENO1/MT-ATP6/MT-ND4L/CBR4/ATP5PB/PDHA1/ALDOA/MT-ND4/ADA2/ATP5MC2/ACMSD/DCK/NDUFV1/SPHK2/NDUFS3/DLST/TECR/ACSS2/AK4/SLC27A2/PRKN/MCEE/ATP5MC3/MT-ND6/TMSB4X/MMUT/PGK1/GUCY1A1/PCCA/GUCY1B1/AFMID/NPR1/ACSBG1/SDHD/MT-ND1/ASPDH/GCDH/PID1/MT-ND5/NAMPT/ADCY3/PDHB/AK3/PNP/SDHB/ADK/PDK2/DMAC2L/MT-ND2/MT-ND3/ACAT1/PANK1/ACLY/PDK1/TREM2/BCKDK",62
"GO:0006790","sulfur compound metabolic process","60/1982","218/11930",0.275229357798165,1.65665299623214,4.36751697142482,3.00419622554164e-05,0.00147055405240263,0.00147055405240263,"DLD/GSTM3/GLYAT/CBR4/PDHA1/AKR1A1/AHCY/ABHD14B/DLST/SQOR/GSTA2/TECR/MCCC1/ACSS2/GAL3ST4/SP1/NFE2L2/SULT1C4/DPEP1/HAGH/SLC27A2/NAT8/CTH/FMO1/MCEE/MCCC2/MMUT/PGK1/ACSM3/ACSM2B/SUCLA2/PCCA/AGXT/ACSBG1/BHMT/GGT1/DPEP2/GCDH/ALDH7A1/BCKDHB/CTNS/MICAL2/GHR/BPHL/TST/PDHB/BHMT2/SULT1B1/PDK2/DGAT2/SUCLG2/ACAT1/PANK1/ACLY/SUCLG1/PDK1/SLC25A10/ACOT1/SLC1A1/BCKDK",60
"GO:0001525","angiogenesis","99/1982","407/11930",0.243243243243243,1.46412305342679,4.25239423307576,3.26113617870928e-05,0.00158052094997841,0.00158052094997841,"ITGAX/FGF1/JUP/SP100/FOXO4/COL4A3/HMOX1/ERBB2/MCAM/HPSE/PTGS2/CCBE1/CEMIP2/VEGFC/ITGB2/ITGB1/SLIT2/ANXA2/FBLN5/PML/MYDGF/ALOX5/ADM/SP1/VEGFB/HHEX/JCAD/NFE2L2/PPP1R16B/HK2/C3/PLXDC1/PTK2B/HIF1A/SFRP1/DDAH1/PTPRM/HYAL1/PRKD1/ANXA1/CEACAM1/VEGFA/PDGFA/PGK1/TCF21/NOTCH3/CCM2/CLEC14A/COL4A1/APLN/PKM/ZNF304/SEMA6A/NPR1/AGTR1/CDH13/CXCL10/SYNJ2BP/SEMA5A/RAPGEF3/CSPG4/TNFAIP3/LOXL2/PRKCA/SPRED1/DLL4/ETS1/CD36/CD34/APOH/EMILIN2/CCN3/EFNB2/NRXN3/FOXC1/GPNMB/AQP1/JAG1/SLC31A1/BCAM/HRG/VASH1/NDNF/ANGPTL4/GNAI2/HSPG2/RNF213/ADTRP/CDH5/EGF/HEY1/ATP2B4/FMNL3/RBPJ/TYMP/FASLG/HOXB3/ARHGAP24/TLR3",99
"GO:0051289","protein homotetramerization","20/1982","48/11930",0.416666666666667,2.50798856374033,4.67261338474313,3.43005520800922e-05,0.00164609021992207,0.00164609021992207,"SHMT1/KCNJ2/CBR4/ALDOA/ACOT13/B2M/SAMHD1/TRPM3/CTH/CRTC3/ALDH9A1/GBP5/ALDH1A2/SSBP1/UBB/SHMT2/UPB1/AQP2/CRYZ/TRPV1",20
"GO:0005996","monosaccharide metabolic process","51/1982","178/11930",0.286516853932584,1.72459438315627,4.34745433583248,3.68934738756213e-05,0.00173751232080344,0.00173751232080344,"SORD/ENO1/PCK1/DHDH/PC/TKFC/PDHA1/OAS1/OGT/ALDOA/XYLB/GAPDH/CHST15/HK2/SORBS1/PGM2L1/PCK2/PRKN/GPI/ALDOB/MST1/KHK/EPM2AIP1/HK1/PGK1/PKM/ADPGK/DYRK2/PHKA1/ALDOC/TPI1/SLC2A1/GALK1/PPP1R3B/SLC23A1/FBP1/RBP4/ENO2/FUT6/PDHB/GALM/PDK2/DGAT2/NNMT/PFKP/TFAP2B/DCXR/PDK1/SLC25A10/GLYCTK/BCKDK",51
"GO:0010232","vascular transport","26/1982","71/11930",0.366197183098592,2.20420403348446,4.54246064590699,3.72704379334753e-05,0.00173751232080344,0.00173751232080344,"SLC22A8/SLC7A1/SLC29A4/SLC16A12/SLC15A2/SLC13A3/ATP8A1/SLC29A2/SLC4A4/SLC7A5/SLC2A1/SLC22A2/SLC5A3/CD36/FABP5/ABCB1/LRP2/SLC38A1/ATP2A3/SLC16A7/SLC22A3/SLC1A3/ATP2B4/SLC1A4/SLC1A1/SLCO2B1",26
"GO:0150104","transport across blood-brain barrier","26/1982","71/11930",0.366197183098592,2.20420403348446,4.54246064590699,3.72704379334753e-05,0.00173751232080344,0.00173751232080344,"SLC22A8/SLC7A1/SLC29A4/SLC16A12/SLC15A2/SLC13A3/ATP8A1/SLC29A2/SLC4A4/SLC7A5/SLC2A1/SLC22A2/SLC5A3/CD36/FABP5/ABCB1/LRP2/SLC38A1/ATP2A3/SLC16A7/SLC22A3/SLC1A3/ATP2B4/SLC1A4/SLC1A1/SLCO2B1",26
"GO:0001906","cell killing","36/1982","113/11930",0.31858407079646,1.91761249475367,4.3745247558603,4.60447329967063e-05,0.00212631101904601,0.00212631101904601,"LYZ/KNG1/CRTAM/FCGR3A/GZMH/SPI1/INPP5D/NCKAP1L/CTSH/HLA-E/GZMA/PRF1/CD1D/MR1/CEACAM1/CD2/DAO/GBP5/LGALS3/GBP2/FCGR2A/DNASE1L3/CXCL10/AZGP1/HLA-F/SLAMF7/SERPINB9/TYROBP/PTPRC/ARRB2/CXCL9/C7/CXCL12/RAB27A/CYRIB/TUBB",36
"GO:0010884","positive regulation of lipid storage","10/1982","16/11930",0.625,3.76198284561049,4.93444288413385,4.75210375324061e-05,0.00213408696074429,0.00213408696074429,"SCARB1/PLIN2/EHD1/C3/HILPDA/MSR1/PLIN3/CD36/LPL/PLIN5",10
"GO:0061621","canonical glycolysis","10/1982","16/11930",0.625,3.76198284561049,4.93444288413385,4.75210375324061e-05,0.00213408696074429,0.00213408696074429,"ENO1/ALDOA/GAPDH/HK2/HK1/PGK1/PKM/TPI1/ENO2/PFKP",10
"GO:0061718","glucose catabolic process to pyruvate","10/1982","16/11930",0.625,3.76198284561049,4.93444288413385,4.75210375324061e-05,0.00213408696074429,0.00213408696074429,"ENO1/ALDOA/GAPDH/HK2/HK1/PGK1/PKM/TPI1/ENO2/PFKP",10
"GO:0061615","glycolytic process through fructose-6-phosphate","11/1982","19/11930",0.578947368421053,3.48478410961814,4.83812745606271,5.30866622848923e-05,0.00236235647167771,0.00236235647167771,"ENO1/ALDOA/GAPDH/HK2/HK1/PGK1/PKM/ADPGK/TPI1/ENO2/PFKP",11
"GO:0097006","regulation of plasma lipoprotein particle levels","22/1982","57/11930",0.385964912280702,2.3231894064121,4.4695640500983,5.79513527880838e-05,0.00255560244952856,0.00255560244952856,"LRPAP1/SCARB1/HMOX1/EHD1/APOM/ANXA2/LIPA/ABCA1/MSR1/SOAT1/AGTR1/VLDLR/PCSK6/CD36/APOH/LPL/ANGPTL4/ABCG1/DGAT2/TREM2/APOC1/CSK",22
"GO:0019318","hexose metabolic process","47/1982","163/11930",0.288343558282209,1.73558963183993,4.22068052801862,6.17113210225743e-05,0.00266423360667609,0.00266423360667609,"SORD/ENO1/PCK1/PC/TKFC/PDHA1/OAS1/OGT/ALDOA/GAPDH/CHST15/HK2/SORBS1/PGM2L1/PCK2/PRKN/GPI/ALDOB/MST1/KHK/EPM2AIP1/HK1/PGK1/PKM/ADPGK/DYRK2/PHKA1/ALDOC/TPI1/GALK1/PPP1R3B/FBP1/RBP4/ENO2/FUT6/PDHB/GALM/PDK2/DGAT2/NNMT/PFKP/TFAP2B/DCXR/PDK1/SLC25A10/GLYCTK/BCKDK",47
"GO:0009135","purine nucleoside diphosphate metabolic process","29/1982","85/11930",0.341176470588235,2.0536000474862,4.35114611926628,6.20475242412817e-05,0.00266423360667609,0.00266423360667609,"PPARA/OGDHL/ENO1/OGT/ALDOA/GAPDH/AK4/HK2/HIF1A/GPI/TIGAR/ALDOB/PSEN1/HK1/PGK1/NUPR1/PKM/ADPGK/ALDOC/ARL2/SLC4A4/TPI1/ENTPD1/FBP1/ENO2/P2RX7/AK3/LDHA/PFKP",29
"GO:0009179","purine ribonucleoside diphosphate metabolic process","29/1982","85/11930",0.341176470588235,2.0536000474862,4.35114611926628,6.20475242412817e-05,0.00266423360667609,0.00266423360667609,"PPARA/OGDHL/ENO1/OGT/ALDOA/GAPDH/AK4/HK2/HIF1A/GPI/TIGAR/ALDOB/PSEN1/HK1/PGK1/NUPR1/PKM/ADPGK/ALDOC/ARL2/SLC4A4/TPI1/ENTPD1/FBP1/ENO2/P2RX7/AK3/LDHA/PFKP",29
"GO:0015695","organic cation transport","26/1982","73/11930",0.356164383561644,2.14381488188214,4.37537941201981,6.45051465811895e-05,0.00274567558708628,0.00274567558708628,"P2RY1/SLC43A2/SLC7A1/ACE2/SLC29A4/SLC25A48/SLC45A4/SLC43A1/SLC25A20/SLC25A29/SLC7A5/SLC22A2/SLC16A9/CLTRN/SLC38A1/ACTB/SLC47A2/SLC22A3/RGS2/SLC25A42/LLGL2/SLC15A4/PDZK1/SLC1A4/SLC36A2/SLC1A1",26
"GO:0031960","response to corticosteroid","33/1982","102/11930",0.323529411764706,1.94737935537484,4.28898276122768,6.69174026383021e-05,0.00282379901650421,0.00282379901650421,"PCK1/IGFBP2/SLIT2/SH3RF1/PCK2/PRKN/ANXA1/CBX3/AIFM1/SCNN1A/ASS1/HSD11B2/BMP6/PTGDS/ZFP36L2/UGT1A9/PRKCA/ALAD/STK39/SCNN1G/GHR/PTPRC/NEFL/ALPL/AQP1/RAN/CCND1/SCNN1B/SLC12A3/PTPRU/SSTR2/MT-ND3/ABCA3",33
"GO:0019320","hexose catabolic process","16/1982","36/11930",0.444444444444444,2.67518780132302,4.49300333747322,8.18162835083569e-05,0.00342299750233681,0.00342299750233681,"ENO1/TKFC/ALDOA/GAPDH/HK2/ALDOB/HK1/PGK1/PKM/TPI1/GALK1/ENO2/FUT6/GALM/PFKP/GLYCTK",16
"GO:0001656","metanephros development","19/1982","47/11930",0.404255319148936,2.43328252141615,4.39444103297316,8.79774619184455e-05,0.00364957352619314,0.00364957352619314,"ROBO2/LHX1/CTSH/SLC22A6/PDGFA/TCF21/SALL1/IRX2/CALB1/WT1/AQP2/NPHS2/SIX1/CD34/UMOD/PAX8/AQP1/TFAP2B/ACAT1",19
"GO:0015718","monocarboxylic acid transport","35/1982","112/11930",0.3125,1.88099142280525,4.18113947255232,9.06582206286967e-05,0.0037291763863653,0.0037291763863653,"PPARA/SLC16A14/CLDN2/SLC22A8/CASR/ABCD3/SLC27A2/LYN/SLC16A4/SLC22A6/SLC16A12/MPC1/CEACAM1/EMB/FABP1/CYP4F2/SLC25A20/SLC2A1/SLC22A2/SLC5A12/SLC16A9/CD36/SLC10A2/SLC6A8/FABP5/SLC22A11/SLC16A7/SLC16A3/SLC26A6/SLC26A7/PLA2R1/SLC16A5/CYP4A11/NMB/SLCO2B1",35
"GO:0009185","ribonucleoside diphosphate metabolic process","31/1982","95/11930",0.326315789473684,1.96415104360295,4.21122749641209,9.18390560482856e-05,0.00374626816130298,0.00374626816130298,"PPARA/OGDHL/ENO1/OGT/ALDOA/ENTPD5/GAPDH/RRM2/AK4/HK2/HIF1A/GPI/TIGAR/ALDOB/PSEN1/HK1/PGK1/NUPR1/PKM/ADPGK/ALDOC/ARL2/SLC4A4/TPI1/ENTPD1/FBP1/ENO2/P2RX7/AK3/LDHA/PFKP",31
"GO:0007584","response to nutrient","37/1982","121/11930",0.305785123966942,1.84057342529042,4.14808584526763,9.63634844286675e-05,0.00387679013051857,0.00387679013051857,"PPARA/CDON/MAP1B/OGT/KL/CYP26B1/SLC34A1/CAT/CASR/IGFBP2/GCGR/NFE2L2/ABCA1/MT-CYB/SCAP/SFRP1/CYP24A1/ASS1/FOLR1/VDR/ALDH1A2/CXCL10/SLC6A19/SHMT2/BCKDHB/BRCC3/ALAD/CSNK1A1/LPL/ALPL/PDK2/CCND1/STC2/DGAT2/GNAI2/CYP27B1/CDKN2B",37
"GO:0006007","glucose catabolic process","10/1982","17/11930",0.588235294117647,3.54068973704517,4.67898312780832,9.82067367077228e-05,0.00387679013051857,0.00387679013051857,"ENO1/ALDOA/GAPDH/HK2/HK1/PGK1/PKM/TPI1/ENO2/PFKP",10
"GO:0007263","nitric oxide mediated signal transduction","10/1982","17/11930",0.588235294117647,3.54068973704517,4.67898312780832,9.82067367077228e-05,0.00387679013051857,0.00387679013051857,"SCARB1/RASD1/DDAH1/VEGFA/GUCY1A1/GUCY1B1/RILPL1/CD36/NDNF/ATP2B4",10
"GO:0010878","cholesterol storage","10/1982","17/11930",0.588235294117647,3.54068973704517,4.67898312780832,9.82067367077228e-05,0.00387679013051857,0.00387679013051857,"PPARA/SCARB1/EHD1/ABCA1/MSR1/SOAT1/CD36/LPL/ABCG1/TREM2",10
"GO:0009062","fatty acid catabolic process","29/1982","87/11930",0.333333333333333,2.00639085099226,4.20514908781541,9.98804814900449e-05,0.0039091632744123,0.0039091632744123,"PHYH/PPARA/ECHS1/AUH/ECHDC1/HACL1/ECI2/ABCD3/SLC27A2/CYP4F3/MCEE/LPIN3/EHHADH/PCCA/ETFDH/CYP4F2/HACL2/CRAT/CYP4F12/GCDH/ETFA/PCCB/SCP2/ADTRP/ACAT1/ACOX1/CYP4A11/ACOX2/PLIN5",29
"GO:0072330","monocarboxylic acid biosynthetic process","47/1982","166/11930",0.283132530120482,1.70422355415608,4.07824243247382,0.000100624018912349,0.0039091632744123,0.0039091632744123,"CBR4/TBXAS1/SCD/ACMSD/PTGS2/RDH10/FADS3/TECR/LPGAT1/ACSS2/ABCD3/ALOX5/TMEM135/HOGA1/SLC27A2/SCD5/NR1D1/CEACAM1/CYP8B1/PECR/EHHADH/ACSM3/ACSM2B/ACSBG1/ALDH1A2/VDAC1/PTGDS/SHMT2/TRIB3/HACD3/SCP2/LPL/FABP5/MTHFD1L/KIF12/CTHRC1/GATM/PTGS1/CBR1/ANGPTL4/CYP27A1/DEGS1/ACOX1/ACLY/CYP39A1/APOC1/ACOX2",47
"GO:0009132","nucleoside diphosphate metabolic process","32/1982","100/11930",0.32,1.92613521695257,4.15114575534326,0.000108439860576175,0.00417963084661714,0.00417963084661714,"PPARA/OGDHL/ENO1/OGT/ALDOA/ENTPD5/GAPDH/RRM2/AK4/HK2/HIF1A/GPI/TIGAR/ALDOB/PSEN1/HK1/PGK1/NUPR1/PKM/ADPGK/ALDOC/ARL2/SLC4A4/CMPK2/TPI1/ENTPD1/FBP1/ENO2/P2RX7/AK3/LDHA/PFKP",32
"GO:0007610","behavior","61/1982","233/11930",0.261802575107296,1.57583487438448,3.96209272576716,0.000125208593650639,0.00478825051499906,0.00478825051499906,"USP2/PPARA/P2RY1/ADRB1/C3orf70/CRHBP/SYT11/B2M/PTN/GNAI1/CASR/NLGN1/ACE2/ACSS2/EIF2AK4/RGS14/CSNK1E/SLC30A4/AMFR/RASD2/NR1D1/PRKN/GPI/PSEN1/TUBA1A/GPRASP3/MRAP2/ABAT/APLN/ATP8A1/LPAR5/MME/VLDLR/CFAP69/EGFR/NAPEPLD/PTGDS/CALB1/RAPGEF3/PRKCA/NRGN/MEF2C/TLR2/RELN/ARRB2/ATXN1L/ADCY3/AHI1/NRXN3/CLSTN2/GATM/SERPINA5/STRA6/PCSK1N/CXCL12/CNTN1/TRPV1/PPP1R9B/TREM2/SCN2A/SLC1A1",61
"GO:0006584","catecholamine metabolic process","13/1982","27/11930",0.481481481481481,2.89812011809994,4.40720562456704,0.000140621224741686,0.00529492996238888,0.00529492996238888,"ALDH2/GCH1/KL/MAOA/ITGB2/PRKN/DAO/ABAT/NPR1/GATA3/DDC/PAH/SLC1A1",13
"GO:0009712","catechol-containing compound metabolic process","13/1982","27/11930",0.481481481481481,2.89812011809994,4.40720562456704,0.000140621224741686,0.00529492996238888,0.00529492996238888,"ALDH2/GCH1/KL/MAOA/ITGB2/PRKN/DAO/ABAT/NPR1/GATA3/DDC/PAH/SLC1A1",13
"GO:0003014","renal system process","31/1982","97/11930",0.319587628865979,1.92365308394104,4.07693019512813,0.000141729110919988,0.00529590838132323,0.00529590838132323,"SLC22A12/MCAM/ATP6V1B1/PTPRO/WNK4/PRKRIP1/ADM/CLDN19/SLC22A6/SLC15A2/NPR1/AGTR1/CYP4F2/CYP4F12/KCNMA1/CLCNKB/STK39/AQP2/NPHS2/CLCN5/CD34/PRKAR2B/ADCY3/CLDN16/AQP1/ATP6V0A4/SLC12A3/GNAI2/CYP4A11/CORIN/AMN",31
"GO:0006000","fructose metabolic process","8/1982","12/11930",0.666666666666667,4.01278170198453,4.6606077558406,0.000150512723263587,0.00558151348769137,0.00558151348769137,"SORD/TKFC/ALDOA/ALDOB/KHK/ALDOC/FBP1/GLYCTK",8
"GO:0010039","response to iron ion","12/1982","24/11930",0.5,3.0095862764884,4.3986083474856,0.000161527024093784,0.00594492317999303,0.00594492317999303,"TF/B2M/CCNB1/HIF1A/ABAT/BMP6/CPOX/ALAD/TFAP2A/CCND1/SLC25A39/ACO1",12
"GO:0009394","2'-deoxyribonucleotide metabolic process","16/1982","38/11930",0.421052631578947,2.53438844335865,4.22849306783008,0.000178585167917422,0.00643533515587756,0.00643533515587756,"TDG/NT5C2/SHMT1/DCK/RRM2/SAMHD1/DPYS/GDA/CMPK2/TYMS/UPP1/PNP/ADK/OGG1/TYMP/NT5C3A",16
"GO:0008652","amino acid biosynthetic process","20/1982","53/11930",0.377358490566038,2.27138586904785,4.14045332025878,0.000178972329293165,0.00643533515587756,0.00643533515587756,"PHGDH/SHMT1/ASL/BCAT1/CTH/PSAT1/ASNS/ABAT/ASS1/AGXT/BHMT/GGT1/SHMT2/UPB1/OAT/SLC38A1/BHMT2/PAH/AGXT2/ATP2B4",20
"GO:0032835","glomerulus development","20/1982","53/11930",0.377358490566038,2.27138586904785,4.14045332025878,0.000178972329293165,0.00643533515587756,0.00643533515587756,"COL4A3/IQGAP1/LHX1/PTPRO/HEYL/ACTA2/TCF21/PDGFD/NOTCH3/CD24/COL4A4/WT1/MEF2C/NPHS2/CD34/FOXC1/AQP1/JAG1/KLF15/PECAM1",20
"GO:0010876","lipid localization","77/1982","314/11930",0.245222929936306,1.47603912923316,3.81562012314308,0.000181238967339631,0.00643533515587756,0.00643533515587756,"PPARA/NME4/PRAP1/SCARB1/PLIN2/SLC22A8/EHD1/WNK4/APOM/GLTPD2/ANXA2/ESYT1/ABCD3/CDC50B/ABCA1/ECRG4/ESYT2/SLC27A2/C3/HILPDA/LYN/SLC22A6/PRKN/MSR1/CEACAM1/GRAMD1A/SOAT1/SGPP1/ABCA6/SLC13A3/ATP8A1/FABP1/PCTP/SERAC1/PLIN3/AGTR1/VLDLR/BMP6/CYP4F2/SLC25A20/VDAC1/SLC2A1/SLC22A2/ABCA8/CD36/RBP4/SLC10A2/C2CD2L/SCP2/APOH/LPL/FABP5/ABCB1/SLC22A11/P2RX7/SERPINA5/STRA6/CAV1/ABCG1/GM2A/APOL2/GRAMD1B/PLSCR4/EGF/ABCA3/PLA2R1/CYP4A11/APOL6/FASLG/NMB/TREM2/SLC25A10/STOML1/SLCO2B1/APOC1/PLIN5/APOO",77
"GO:0010885","regulation of cholesterol storage","9/1982","15/11930",0.6,3.61150353178607,4.51726095475098,0.000181425179062534,0.00643533515587756,0.00643533515587756,"PPARA/SCARB1/EHD1/ABCA1/MSR1/CD36/LPL/ABCG1/TREM2",9
"GO:0003231","cardiac ventricle development","23/1982","65/11930",0.353846153846154,2.12986105720717,4.07693514865767,0.000187519115832399,0.00660364080575246,0.00660364080575246,"ROBO2/SLIT2/FKBP1A/TNNC1/HEYL/NRG1/FOXF1/SALL1/MYL3/GATA3/MESP1/HEY2/TPM1/DLL4/MEF2C/LRP2/PAX8/JAG1/TNNT2/CPE/STRA6/HEY1/RBPJ",23
"GO:0015850","organic hydroxy compound transport","45/1982","161/11930",0.279503105590062,1.68237742163948,3.89093307782078,0.000193642633158041,0.00677057635220437,0.00677057635220437,"P2RY1/SCARB1/SYT11/WNK4/APOM/ANXA2/SLC29A4/ABCD3/ABCA1/ECRG4/PRKN/MSR1/CEACAM1/GRAMD1A/SOAT1/ABAT/EMB/SERAC1/AGTR1/BMP6/SLC22A2/ABCA8/SLC5A12/SLC5A3/AQP2/CD36/RBP4/SLC10A2/SCP2/ACTB/AQP1/STRA6/SLC16A7/SLC22A3/SLC16A3/CAV1/ABCG1/CXCL12/GRAMD1B/EGF/SLC26A6/ABCA3/NMB/TREM2/APOC1",45
"GO:0042908","xenobiotic transport","17/1982","42/11930",0.404761904761905,2.43633174763346,4.16208516908102,0.000201473832523018,0.00690911670853328,0.00690911670853328,"GJA1/SLC22A8/SLC29A4/SLC22A6/SLC15A2/SLC29A2/SLC7A5/SLC2A1/SLC22A2/ABCA8/ABCB1/SLC31A1/SLC47A2/SLC22A3/ABCG1/PDZK1/ABCA3",17
"GO:0071526","semaphorin-plexin signaling pathway","17/1982","42/11930",0.404761904761905,2.43633174763346,4.16208516908102,0.000201473832523018,0.00690911670853328,0.00690911670853328,"PLXNA2/ECE1/ERBB2/PLXNA4/SEMA5B/PLXNB1/SEMA6A/PLXNA3/SEMA5A/SEMA3B/SEMA6C/MET/TYROBP/PLXNC1/SEMA6D/SEMA4F/TREM2",17
"GO:0098754","detoxification","37/1982","125/11930",0.296,1.78167507568113,3.92133757804283,0.00020183936451895,0.00690911670853328,0.00690911670853328,"ALDH2/GCH1/GSTM3/AKR1A1/AUH/PTGS2/CAT/APOM/RAB29/FBLN5/SLC29A4/MT1G/NFE2L2/TP53INP1/HAGH/SLC15A2/PNKD/CP/SUCLA2/FABP1/ALOX5AP/GPX7/AMBP/SLC22A2/CD36/ABCB1/PRDX3/PTGS1/SLC47A2/GPX3/ADK/ALB/ABCG1/PDZK1/RDH12/SUCLG1/AKR7A3",37
"GO:0030855","epithelial cell differentiation","82/1982","340/11930",0.241176470588235,1.45168279218852,3.7715271822021,0.000204162492926926,0.0069401069644257,0.0069401069644257,"GSTM3/PCK1/MAP1B/IQGAP1/LHX1/HPSE/ACVR2B/PTPRO/ENAM/RHBDF2/GSTA2/PLK4/CD63/PROC/HSF4/ESRP1/PPP1R16B/TAGLN2/RHCG/PCK2/ERBB4/ANXA1/CEACAM1/FSTL1/VEGFA/ACTA2/NRG1/MAFB/PGK1/SGPP1/TCF21/CD24/TJP3/COL4A1/SALL1/ALDOC/VDR/SPRY1/LGALS3/BMP6/GATA3/VDAC1/MESP1/RILPL1/MACROH2A1/PRKCH/MET/RAPGEF3/JAG2/WT1/SYNE4/ZEB1/UGCG/HEY2/OVOL1/SPRED1/FN3K/MEF2C/ANXA4/NPHS2/SIX1/CD34/NR5A2/TST/PAX8/FOXC1/JAG1/KLF15/CBR1/SULT1B1/BMP5/PECAM1/CAV1/CSTA/CDH5/CYP27B1/HEY1/CAMSAP3/RBPJ/ABI2/RAB25/TUBB",82
"GO:0050878","regulation of body fluid levels","62/1982","242/11930",0.256198347107438,1.54210205902711,3.80280971237805,0.000212576006377712,0.007130576430666,0.007130576430666,"PPARA/PLG/RAP2B/KNG1/P2RY1/PRRG2/RASA3/PRLR/TLR4/HPSE/ANO1/SH2B3/ADM/NFE2L2/PROC/HK2/SLC4A9/ANGPTL1/F11/TSPAN8/LYN/ERBB4/CEACAM1/GPI/VEGFA/PDGFA/SCNN1A/APLN/NPR1/DGKB/CYP4F2/CEL/ENTPD1/CYP4F12/TYRO3/HNF4A/PRKCA/STK39/SCNN1G/AQP2/CD36/APOH/EMILIN2/OAS2/PRKAR2B/ADCY3/ANGPTL2/PLAT/ACTB/AQP1/AK3/HRG/MT-CO2/CAV1/SCNN1B/ANGPTL4/FLI1/GNAI2/ADTRP/PTGER1/CYP4A11/VWF",62
"GO:0002764","immune response-regulating signaling pathway","96/1982","411/11930",0.233576642335766,1.40593811456392,3.73817224052201,0.000212679092722622,0.007130576430666,0.007130576430666,"DDX41/CD8A/CD200R1/CD247/COLEC11/CLEC7A/LACC1/TKFC/S100A14/OAS1/OGT/TLR4/IFI16/NOD1/PTPN22/FCGR3A/CASR/LCP2/BTN2A2/RAB29/PIGR/IRAK4/LAT2/CD300A/INPP5D/NCKAP1L/CTSH/CBL/PLPP4/C3/LYN/CTSS/CD86/BTN3A2/PRKD1/NR1D1/GRAMD4/LAPTM5/MSR1/CEACAM1/HCK/SLC15A2/RAB7B/CD24/GBP5/MASP1/MFHAS1/LGALS3/GBP2/FCGR2A/CLEC2B/VTCN1/LYPLAL1/EGFR/LPXN/GATA3/MAPK9/CD276/PRKCH/TYRO3/TNFAIP3/GDI1/BRCC3/CASP1/LRRC19/CSNK1A1/BTN3A1/TYROBP/MEF2C/TRAF3IP3/OAS3/CD36/TLR2/PTPRC/ARRB2/RFTN1/CD3E/PHB1/P2RX7/MNDA/MAPK10/NMI/LY96/BIRC3/BAX/SLC15A4/NCK1/TLR7/FYB1/BTN3A3/BTN2A1/LAIR1/TREM2/CSK/CD274/TLR3",96
"GO:0097305","response to alcohol","47/1982","171/11930",0.274853801169591,1.65439245608134,3.84713210994351,0.00021704556323499,0.00722746960568216,0.00722746960568216,"JUP/PPARA/TBXAS1/MT-ND4/CRHBP/HPGD/ALAS1/CAT/GNAI1/SPHK2/SPI1/SLIT2/SH3RF1/ABCA1/MT-CYB/CBL/SFRP1/PRKD1/PRKN/BTG2/AIFM1/CYP8B1/SCNN1A/INHBB/ABAT/XRN1/NAPEPLD/GATA3/PRKCA/ALAD/STK39/SCNN1G/FBP1/GHR/RBP4/PTPRC/ADCY3/ACTG2/NEFL/MT-CO2/RGS2/CCND1/SCNN1B/SLC12A3/GPR155/PTGER1/PPP1R9B",47
"GO:0051385","response to mineralocorticoid","13/1982","28/11930",0.464285714285714,2.7946158281678,4.24352233746528,0.000222780295327138,0.00736830774071852,0.00736830774071852,"SH3RF1/PRKN/AIFM1/SCNN1A/PRKCA/STK39/SCNN1G/PTPRC/NEFL/RAN/CCND1/SCNN1B/SLC12A3",13
"GO:0071466","cellular response to xenobiotic stimulus","33/1982","108/11930",0.305555555555556,1.83919161340957,3.91033073349001,0.000228167341543682,0.00749583313326393,0.00749583313326393,"ALDH2/GSTM3/GLYAT/CRHBP/CYP26B1/WNK4/GSTA2/FMO4/ABHD10/SMOX/SULT1C4/ABCA1/PON3/ACSM2B/CDH13/CYP4F2/NAT1/TPMT/CYP4F12/HNF4A/UGT1A9/FBP1/MEF2C/BPHL/ABCB1/CRYZ/CBR1/SULT1B1/EPHX1/AOX1/PPP1R9B/ARNT2/SLCO2B1",33
"GO:0071616","acyl-CoA biosynthetic process","19/1982","50/11930",0.38,2.28728557013118,4.07134250182945,0.000232096687306754,0.00757408856244372,0.00757408856244372,"DLD/CBR4/PDHA1/DLST/TECR/ACSS2/SLC27A2/MCEE/MMUT/PGK1/PCCA/ACSBG1/GCDH/PDHB/PDK2/ACAT1/ACLY/PDK1/BCKDK",19
"GO:0034308","primary alcohol metabolic process","23/1982","66/11930",0.348484848484849,2.09759043512828,3.99100864556291,0.00024314446964997,0.00788206741017617,0.00788206741017616,"ALDH2/CBR4/ADH6/AKR1A1/RDH10/ALDH1B1/ACSS2/SULT1C4/PNPLA4/RDH13/PECR/ALDH1A2/HSD11B2/BMP6/NAPEPLD/CEL/ADH1B/RBP4/SULT1B1/BMP5/DGAT2/RDH12/GDPD3",23
"GO:0002683","negative regulation of immune system process","86/1982","362/11930",0.237569060773481,1.42996917004421,3.70807421709606,0.000247627513664432,0.00797458341702235,0.00797458341702235,"TMEM178A/EIF4E2/CD200R1/NLRC5/HMOX1/TKFC/CRTAM/OAS1/CD200/OGT/TLR4/IFI16/PTPN22/SLAMF8/SYT11/RHBDF2/BTN2A2/SPI1/SLIT2/CD300A/INPP5D/NCKAP1L/CBL/SAMHD1/HLA-E/LYN/SFRP1/LOXL3/CD86/DDX39A/IL18BP/NR1D1/GRAMD4/LAPTM5/TGFB3/ANXA1/CEACAM1/HCK/PSMB8/TRIM21/MAFB/RAB7B/PSMB9/CD84/BPI/MASP1/MFHAS1/LGALS3/VTCN1/PAG1/LYPLAL1/LPXN/C1QC/RUNX3/HLA-F/SERPINB9/AMBP/TYRO3/PSMA2/SAMSN1/TNFAIP3/ISG15/CSNK1A1/TYROBP/OAS3/PTPRC/PRKAR2B/ARRB2/CCN3/ATG12/GPNMB/CBFB/MNDA/NMI/BMP5/NCK1/CXCL12/TAPBPL/ADTRP/CDKN2A/WDR41/TREM2/PSMB10/CSK/CD274/TLR3",86
"GO:0009262","deoxyribonucleotide metabolic process","16/1982","39/11930",0.41025641025641,2.46940412429817,4.10251638738267,0.000256517548425464,0.00820688496433101,0.00820688496433101,"TDG/NT5C2/SHMT1/DCK/RRM2/SAMHD1/DPYS/GDA/CMPK2/TYMS/UPP1/PNP/ADK/OGG1/TYMP/NT5C3A",16
"GO:0016042","lipid catabolic process","63/1982","249/11930",0.253012048192771,1.52292317605437,3.72206118438613,0.000275396767122795,0.00871334755730277,0.00871334755730277,"PHYH/PPARA/SCARB1/PLBD2/GPCPD1/ECHS1/HPGD/CYP26B1/AUH/ECHDC1/HACL1/ECI2/LIPA/ABCD3/DPEP1/SLC27A2/CYP4F3/ENPP6/PNPLA4/MCEE/LPIN3/SGPP1/CYP24A1/LIPH/EHHADH/FABP1/PCCA/HEXB/ETFDH/STS/CYP4F2/NAPEPLD/CEL/HACL2/CRAT/DPEP2/CYP4F12/GCDH/ETFA/PCCB/SUMF1/SCARF1/YWHAH/GBA3/SCP2/LPL/FABP5/PLA1A/IAH1/CYP27A1/GM2A/SMPD1/ADTRP/LDAH/ACAT1/CYP27B1/ACOX1/CYP4A11/CYP39A1/GDPD3/APOC1/ACOX2/PLIN5",63
"GO:0097237","cellular response to toxic substance","33/1982","109/11930",0.302752293577982,1.82231829585536,3.84956847738662,0.000275907838893142,0.00871334755730277,0.00871334755730277,"ALDH2/GCH1/GSTM3/AKR1A1/AUH/PTGS2/CAT/APOM/RAB29/PTPN13/FBLN5/SLC29A4/NFE2L2/TP53INP1/HAGH/PRKN/PNKD/CP/SUCLA2/FABP1/ALOX5AP/CDH13/GPX7/AMBP/SLC22A2/CD36/PRDX3/PTGS1/GPX3/ADK/ALB/RDH12/SUCLG1",33
"GO:0035850","epithelial cell differentiation involved in kidney development","14/1982","32/11930",0.4375,2.63338799192735,4.12965072213126,0.000278368767224782,0.0087347122792648,0.0087347122792648,"IQGAP1/LHX1/PTPRO/ACTA2/CD24/SALL1/GATA3/WT1/MEF2C/NPHS2/CD34/PAX8/JAG1/KLF15",14
"GO:0051048","negative regulation of secretion","30/1982","96/11930",0.3125,1.88099142280525,3.86836522338346,0.000280257932766733,0.00873797822224941,0.00873797822224941,"P2RY1/CD200/GJA1/CRHBP/SYT11/RHBDF2/SPI1/CD300A/NCKAP1L/PRKN/ANXA1/CEACAM1/NRG1/PNKD/INHBB/ABAT/CD84/CYP4F2/HLA-F/STK39/CYP51A1/CCN3/GNAI2/PDE8B/ADTRP/PTGER1/EGF/WDR41/PLA2R1/NMB",30
"GO:1902475","L-alpha-amino acid transmembrane transport","17/1982","43/11930",0.395348837209302,2.37967286978152,4.04538795293429,0.000282126832385328,0.00874057496535557,0.00874057496535557,"SLC43A2/SLC3A1/SLC7A1/ITGB1/ACE2/SLC43A1/SLC25A29/SLC7A5/SLC25A12/SLC22A2/CLTRN/SLC38A1/SLC15A4/SLC1A3/SLC1A4/SLC7A9/SLC1A1",17
"GO:0006637","acyl-CoA metabolic process","29/1982","92/11930",0.315217391304348,1.89734786996008,3.85657283810113,0.000298533526561811,0.00919070196553501,0.00919070196553501,"DLD/GLYAT/CBR4/PDHA1/DLST/TECR/ACSS2/SLC27A2/MCEE/MMUT/PGK1/ACSM3/ACSM2B/SUCLA2/PCCA/ACSBG1/GCDH/ALDH7A1/BCKDHB/PDHB/PDK2/DGAT2/SUCLG2/ACAT1/ACLY/SUCLG1/PDK1/ACOT1/BCKDK",29
"GO:0033273","response to vitamin","23/1982","67/11930",0.343283582089552,2.06628311520099,3.90659710901853,0.000312805097966268,0.00951446710768988,0.00951446710768988,"CDON/MAP1B/KL/CYP26B1/SLC34A1/CAT/CASR/ABCA1/MT-CYB/SCAP/SFRP1/CYP24A1/FOLR1/VDR/ALDH1A2/CXCL10/SHMT2/BRCC3/ALAD/ALPL/CCND1/STC2/CYP27B1",23
"GO:0043299","leukocyte degranulation","19/1982","51/11930",0.372549019607843,2.24243683346194,3.9687653377369,0.000312937528976113,0.00951446710768988,0.00951446710768988,"STX4/FCGR3A/SNX4/ITGB2/GNAI1/SPHK2/SPI1/LAT2/CD300A/VAMP2/NCKAP1L/CBL/LYN/CEACAM1/HCK/CD84/HLA-F/PTGDS/GAB2",19
"GO:0098739","import across plasma membrane","49/1982","183/11930",0.26775956284153,1.6116910114528,3.72203210871467,0.00031688389793425,0.00957497950856886,0.00957497950856886,"PDZK1IP1/KCNJ2/SLC43A2/SLC7A1/SLC34A1/ITGB1/ACE2/KCNJ10/NFE2L2/KCNJ3/SORBS1/SLC15A2/LRRC8C/SCNN1A/SLC39A4/SLC39A5/ATP1A1/KCNJ1/SLC43A1/SLC6A19/ITLN1/OCLN/SLC7A5/SLC2A1/SLC22A2/KCNJ16/PID1/SLC9A9/PEA15/STK39/SCNN1G/CLTRN/SLC5A3/SLC2A9/CD36/LRP2/SLC38A1/KCNJ15/RGS2/SCNN1B/SLC25A27/SLC15A4/SLC1A3/ATP2B4/SLC1A4/SLC2A2/TRPV1/SLC1A1/TRPV2",49
"GO:0061005","cell differentiation involved in kidney development","15/1982","36/11930",0.416666666666667,2.50798856374033,4.04456004539057,0.000325238795273125,0.00976714050835549,0.00976714050835549,"IQGAP1/LHX1/PTPRO/ACTA2/TCF21/CD24/SALL1/GATA3/WT1/MEF2C/NPHS2/CD34/PAX8/JAG1/KLF15",15
"GO:0002443","leukocyte mediated immunity","60/1982","236/11930",0.254237288135593,1.53029810668901,3.67265800754794,0.000332042840692625,0.0099106689340878,0.0099106689340878,"STX4/CD8A/CLEC7A/CRTAM/FCGR3A/SNX4/B2M/ITGB2/GNAI1/ARID5A/SPHK2/IRAK4/SPI1/LAT2/CD300A/IL2RG/VAMP2/CALHM6/INPP5D/NCKAP1L/CTSH/CBL/C3/HLA-E/LYN/PRF1/CD1D/MR1/BTN3A2/CEACAM1/PCYT1A/CD2/DAO/CD84/FCGR2A/DNASE1L3/C1QC/GATA3/AZGP1/HLA-F/C1QA/SLAMF7/SERPINB9/PTGDS/GAB2/TYROBP/PTPRC/CD27/ARRB2/CFI/RFTN1/JAG1/C7/SLC15A4/C1QB/BTN3A3/TREM2/CYRIB/CD274/TUBB",60
"GO:0006104","succinyl-CoA metabolic process","8/1982","13/11930",0.615384615384615,3.70410618644726,4.35409503815852,0.00033423771788431,0.00991571896390118,0.00991571896390118,"DLD/DLST/MCEE/MMUT/SUCLA2/PCCA/SUCLG2/SUCLG1",8
"GO:0072010","glomerular epithelium development","10/1982","19/11930",0.526315789473684,3.16798555419831,4.22128843850587,0.000338082557117526,0.00996936215114631,0.00996936215114631,"IQGAP1/PTPRO/CD24/WT1/NPHS2/CD34/FOXC1/JAG1/KLF15/PECAM1",10
"GO:0002768","immune response-regulating cell surface receptor signaling pathway","64/1982","256/11930",0.25,1.5047931382442,3.64426153459455,0.000352300607162748,0.0103264160003692,0.0103264160003692,"CD8A/CD200R1/CD247/COLEC11/CLEC7A/S100A14/OAS1/TLR4/PTPN22/FCGR3A/LCP2/BTN2A2/RAB29/PIGR/IRAK4/LAT2/CD300A/INPP5D/NCKAP1L/CBL/PLPP4/C3/LYN/CD86/BTN3A2/NR1D1/LAPTM5/CEACAM1/HCK/RAB7B/CD24/MASP1/MFHAS1/LGALS3/FCGR2A/CLEC2B/VTCN1/LPXN/GATA3/MAPK9/CD276/PRKCH/TNFAIP3/BTN3A1/TYROBP/MEF2C/CD36/TLR2/PTPRC/RFTN1/CD3E/MNDA/MAPK10/NMI/LY96/BAX/NCK1/FYB1/BTN3A3/BTN2A1/LAIR1/TREM2/CSK/CD274",64
"GO:1905952","regulation of lipid localization","32/1982","106/11930",0.30188679245283,1.81710869523828,3.77169451526571,0.000358898147150028,0.0104571811327344,0.0104571811327344,"PPARA/PRAP1/SCARB1/PLIN2/EHD1/ANXA2/ABCA1/ECRG4/C3/HILPDA/PRKN/MSR1/ATP8A1/PLIN3/AGTR1/BMP6/CYP4F2/ABCA8/CD36/SCP2/LPL/CAV1/ABCG1/EGF/ABCA3/PLA2R1/CYP4A11/FASLG/NMB/TREM2/APOC1/PLIN5",32
"GO:0002250","adaptive immune response","73/1982","301/11930",0.242524916943522,1.45979932347942,3.6063373231091,0.000374278862716562,0.01084079901182,0.01084079901182,"FCAMR/CD8A/CD247/CLEC7A/CRTAM/PRR7/TLR4/FCGR3A/B2M/ARID5A/LAT2/PRDM1/IL17RA/IL2RG/EIF2AK4/NCKAP1L/CTSH/C3/PTK2B/HLA-E/LYN/PRF1/CD1D/CTSS/MR1/LOXL3/CD86/IL18BP/BTN3A2/ANXA1/CEACAM1/PCYT1A/PSMB8/LAMP3/PSMB9/IL17RB/CD84/FCGR2A/VTCN1/PAG1/C1QC/GATA3/AZGP1/HLA-F/C1QA/SLAMF7/TAP1/RAPGEF3/PSMA2/SAMSN1/TNFAIP3/BTN3A1/MEF2C/CLEC4A/PTPRC/CD27/CFI/RFTN1/CD3E/PHB1/CD6/JAG1/C7/SLC15A4/C1QB/BTN3A3/LAIR1/TREM2/CYRIB/PSMB10/DBNL/CSK/CD274",73
"GO:0007611","learning or memory","33/1982","111/11930",0.297297297297297,1.78948373196607,3.72992641950223,0.000398814528851944,0.0113664947069298,0.0113664947069298,"CRHBP/SYT11/B2M/PTN/ACSS2/EIF2AK4/RGS14/AMFR/GPI/PSEN1/TUBA1A/GPRASP3/ATP8A1/MME/VLDLR/EGFR/CALB1/RAPGEF3/PRKCA/NRGN/MEF2C/TLR2/RELN/ATXN1L/ADCY3/NRXN3/CLSTN2/GATM/STRA6/PPP1R9B/TREM2/SCN2A/SLC1A1",33
"GO:0003206","cardiac chamber morphogenesis","23/1982","68/11930",0.338235294117647,2.03589659880097,3.8236476024129,0.000399394706760352,0.0113664947069298,0.0113664947069298,"ROBO2/SLIT2/SMAD6/FKBP1A/TNNC1/HEYL/NRG1/FOXF1/MYL3/GATA3/MESP1/HEY2/TPM1/DLL4/MEF2C/RBP4/LRP2/JAG1/TNNT2/CPE/BMP5/HEY1/RBPJ",23
"GO:0050764","regulation of phagocytosis","23/1982","68/11930",0.338235294117647,2.03589659880097,3.8236476024129,0.000399394706760352,0.0113664947069298,0.0113664947069298,"RAB31/COLEC11/SCARB1/CLEC7A/SYT11/CD300A/IL2RG/NCKAP1L/C3/HCK/DYSF/MASP1/FCGR2A/DOCK2/IL15RA/SIRPA/TLR2/PTPRC/CAMK1D/LMAN2/RAB27A/TREM2/CSK",23
"GO:0031663","lipopolysaccharide-mediated signaling pathway","18/1982","48/11930",0.375,2.2571897073663,3.89549469740713,0.000407322467459592,0.0115251068104896,0.0115251068104896,"SCARB1/TLR4/PTPN22/IRAK4/SPI1/LYN/HCK/PTAFR/BPI/BMP6/TNFAIP3/PRKCA/SIRPA/CD36/TLR2/CD6/LY96/SIGIRR",18
"GO:0007423","sensory organ development","59/1982","233/11930",0.253218884120172,1.52416815719155,3.60659441633738,0.00041431378394959,0.0115385873800805,0.0115385873800805,"ECE1/TBC1D32/ATP6V1B1/CYP26B1/LHX1/ACVR2B/GPM6A/DMD/SOBP/CLDN19/FGF9/HSF4/ESRP1/MYO3A/SLC30A4/PTPRM/RDH13/TTC39C/VEGFA/PSEN1/MAFB/PBX1/ESRRB/COL4A1/SLC39A5/SPRY1/TBX3/CCNA2/BMP6/GATA3/CALB1/JAG2/WT1/SPRED1/DLL4/RBP4/SIX1/SSPN/EPHA4/FREM2/PAX8/FOXC1/JAG1/STRA6/ZHX2/IFT88/CPAMD8/TFAP2A/KDM2B/SLC25A27/MEIS2/MCM2/TFAP2B/SALL2/MYO7B/ATP2B4/MEGF11/ABI2/SLC1A1",59
"GO:0007606","sensory perception of chemical stimulus","12/1982","26/11930",0.461538461538462,2.77807963983544,4.05114119510348,0.000416407862411913,0.0115385873800805,0.0115385873800805,"CNGA1/RTP4/B2M/PIGR/SCNN1A/CFAP69/AZGP1/OR51E1/SCNN1G/CD36/ADCY3/SCNN1B",12
"GO:0001657","ureteric bud development","19/1982","52/11930",0.365384615384615,2.19931304820306,3.86855277701038,0.000417227776562667,0.0115385873800805,0.0115385873800805,"FGF1/ROBO2/LHX1/EPCAM/CAT/SLIT2/SMAD6/SFRP1/VEGFA/TCF21/SALL1/GATA3/CALB1/WT1/SIX1/PAX8/FOXC1/HS3ST3B1/GPC3",19
"GO:0140962","multicellular organismal-level chemical homeostasis","19/1982","52/11930",0.365384615384615,2.19931304820306,3.86855277701038,0.000417227776562667,0.0115385873800805,0.0115385873800805,"TF/HMOX1/OAS1/NAPSA/CTSH/VEGFA/SCNN1A/BMP6/CYP4F2/CYP4F12/TMEM63A/SCNN1G/AQP2/PRKAR2B/ADCY3/AQP1/SCNN1B/ABCA3/CYP4A11",19
"GO:0015807","L-amino acid transport","20/1982","56/11930",0.357142857142857,2.149704483206,3.84917513926629,0.000420246170342744,0.0115567696844255,0.0115567696844255,"SLC43A2/SLC3A1/SLC7A1/ITGB1/ACE2/SLC43A1/SLC25A29/SLC7A5/SLC25A12/SLC22A2/CTNS/CLTRN/SLC38A1/LLGL2/SLC15A4/SLC1A3/SLC1A4/SLC36A2/SLC7A9/SLC1A1",20
"GO:0007186","G protein-coupled receptor signaling pathway","98/1982","430/11930",0.227906976744186,1.37181141905052,3.50504814159018,0.00046116450718538,0.0125884874676463,0.0125884874676463,"ADGRL4/PALM/MRGPRF/CXCR4/ECE1/P2RY1/RGS5/ADRB1/HPGD/ANO1/GNAI1/CASR/GPRC5C/SH2B3/CAMKMT/SPHK2/GNB4/SLIT2/HOMER1/GNG11/GCGR/ADM/RASD1/WASF2/ABCA1/MGRN1/ECRG4/RGS14/GPRASP1/C3/PTK2B/CCRL2/LYN/HIF1A/GPR4/PRKD1/ANXA1/CRTC3/VEGFA/TULP3/PDE4A/GRK5/MRAP2/GIT2/PTAFR/APLN/RGS12/LPAR5/NPR1/AGTR1/DGKB/CXCL10/CAV2/GPR27/IQGAP2/RAPGEF3/RGS1/GPR34/PRKCA/CCL5/GNA14/STK39/GNG7/OR51E1/BICD1/P2RY13/SIX1/ADGRF1/PRKAR2B/ARRB2/ADCY3/CD3E/CCL4/PREX1/PHB1/PAX8/FOXC1/CPE/HRH2/DEFB1/RGS2/CAV1/CXCL9/GRIK3/PTH1R/GNAI2/SSTR2/PCSK1N/CXCL12/SSTR1/PTGER1/SLC26A6/ATP2B4/GRM8/NMB/PPP1R9B/TREM2/SLC1A1",98
"GO:0043648","dicarboxylic acid metabolic process","25/1982","77/11930",0.324675324675325,1.95427680291454,3.7496570077449,0.000462906587165747,0.0125884874676463,0.0125884874676463,"PHYH/DLD/OGDHL/SHMT1/PCK1/ACMSD/DLST/FH/L2HGDH/HOGA1/MDH1/PCK2/ASS1/SUCLA2/GGT1/ALDH5A1/MTHFD1L/IDH1/MDH1B/SDHB/SUCLG2/ACLY/GPT2/SUCLG1/GRHPR",25
"GO:0072593","reactive oxygen species metabolic process","42/1982","153/11930",0.274509803921569,1.65232187728775,3.62473513832519,0.000471323707362678,0.0127465720858581,0.0127465720858581,"PPARA/GCH1/HVCN1/CLEC7A/TLR4/NCF2/CAT/ITGB2/ACE2/SPHK2/NDUFS3/FBLN5/ALOX5/NFE2L2/FAS/PON3/HK2/HIF1A/PRKN/AGTR1/VDAC1/MYCN/PID1/NCF1/TYROBP/CDKN1A/SLC5A3/SIRPA/CD36/PREX1/PRDX3/CBR1/GPX3/TFAP2A/SH3PXD2A/GNAI2/DCXR/RAB27A/ACOX1/PLA2R1/SLC1A1/PLIN5",42
"GO:0036294","cellular response to decreased oxygen levels","35/1982","121/11930",0.289256198347107,1.74108296986932,3.65711749264701,0.000478185318917343,0.0128610831653868,0.0128610831653868,"ENO1/PTGS2/CASR/CCNB1/CPEB2/AK4/NFE2L2/CBL/HILPDA/P4HB/HIF1A/SFRP1/DDAH1/TIGAR/BBC3/VEGFA/ERO1A/AIFM1/PGK1/FABP1/EGLN3/CCNA2/NOL3/CPEB4/EPHA4/AQP1/COXFA4L2/CCND1/NDNF/STC2/USP19/DRAM1/PDK1/TREM2/SCN2A",35
"GO:0051046","regulation of secretion","85/1982","364/11930",0.233516483516484,1.40557600825007,3.50765854741386,0.000483292826018587,0.0129274228598961,0.0129274228598961,"PARD6A/STX4/P2RY1/CADPS2/POFUT4/CLDN2/CD200/GJA1/ALDOA/CRHBP/RAB15/TLR4/MYH10/SYT11/SNX4/VEGFC/ITGB2/RHBDF2/CASR/NLGN1/SPHK2/SPI1/ANXA2/CD300A/ALOX5/VAMP2/ECRG4/NCKAP1L/LYN/SCAMP5/PRKD1/NR1D1/PRKN/TGFB3/ANXA1/CEACAM1/MCTP2/NRG1/PNKD/DYSF/INHBB/ABAT/CD84/RALA/NPR1/AGTR1/DOC2A/BMP6/CYP4F2/MYOF/HLA-F/S100A10/RAPGEF3/HNF4A/GAB2/PRKCA/CCL5/STK39/CYP51A1/MEF2C/RBP4/C2CD2L/TLR2/OAS2/CCN3/PAX8/AQP1/ABCG1/GNAI2/CXCL12/TFAP2B/PDE8B/ADTRP/PTGER1/WLS/EGF/RAB27A/WDR41/PLA2R1/CYP4A11/SLC2A2/NMB/TREM2/CORIN/SYT13",85
"GO:0001913","T cell mediated cytotoxicity","11/1982","23/11930",0.478260869565217,2.87873469924977,4.02544737919055,0.000496423671951522,0.0132064884467538,0.0132064884467538,"NCKAP1L/CTSH/HLA-E/PRF1/CD1D/MR1/CEACAM1/AZGP1/HLA-F/PTPRC/CYRIB",11
"GO:0009617","response to bacterium","79/1982","334/11930",0.236526946107784,1.4236965020514,3.50558066361598,0.000501297724858436,0.0132640668280111,0.0132640668280111,"GCH1/LYZ/TF/SCARB1/S100A14/OAS1/CD200/HPGD/TLR4/NOD1/PTPN22/SLAMF8/SYT11/B2M/ARID5A/RNASE6/RAB29/IRAK4/SPI1/SMAD6/ADM/ABCA1/HLA-E/LYN/CD1D/MR1/PALM3/CD86/IL18BP/FMO1/PRKD1/NR1D1/TRIM6/HCK/SLC15A2/UPF1/DAO/CD24/PTAFR/ASS1/GBP5/BPI/GBP2/CXCL10/BMP6/SLC7A5/TNFAIP3/SLC9A9/PRKCA/ALAD/CASP1/ISG15/SIRPA/MEF2C/OAS3/CD36/TLR2/EMILIN2/OAS2/EFNB2/UMOD/PRDX3/CD6/ALPL/AQP1/LY96/DEFB1/SIGIRR/CAV1/CXCL9/MARCHF2/RNF213/CYP27B1/PLSCR4/FASLG/TREM2/CYRIB/CD274/TLR3",79
"GO:0071453","cellular response to oxygen levels","38/1982","135/11930",0.281481481481481,1.69428560750458,3.62111260469828,0.000506324463995138,0.0133250443615925,0.0133250443615925,"ENO1/PTGS2/CASR/CCNB1/CPEB2/AK4/NFE2L2/FAS/CBL/HILPDA/P4HB/HIF1A/SFRP1/DDAH1/TIGAR/BBC3/VEGFA/ERO1A/AIFM1/PGK1/FABP1/EGLN3/CCNA2/NOL3/CPEB4/ATP6V1A/EPHA4/AQP1/COXFA4L2/CCND1/NDNF/CAV1/STC2/USP19/DRAM1/PDK1/TREM2/SCN2A",38
"GO:0070098","chemokine-mediated signaling pathway","17/1982","45/11930",0.377777777777778,2.27390963112457,3.82147691959449,0.000529967298220337,0.0138726733945912,0.0138726733945912,"CXCR4/GNAI1/SH2B3/SLIT2/PTK2B/CCRL2/LYN/HIF1A/CXCL10/CCL5/STK39/ARRB2/CCL4/FOXC1/CXCL9/CXCL12/TREM2",17
"GO:0050866","negative regulation of cell activation","39/1982","140/11930",0.278571428571429,1.67676949690068,3.59528934333046,0.000539140505177105,0.0140377275151166,0.0140377275151166,"CRTAM/CD200/PTPN22/SYT11/SH2B3/BTN2A2/CD300A/CBL/HLA-E/LYN/SFRP1/LOXL3/CD86/NR1D1/LAPTM5/ANXA1/CEACAM1/PSMB8/PDGFA/PSMB9/CD84/BPI/LGALS3/VTCN1/PAG1/RUNX3/PSMA2/SAMSN1/TNFAIP3/TYROBP/PTPRC/GPNMB/CBFB/MNDA/CDKN2A/TREM2/PSMB10/CSK/CD274",39
"GO:0045744","negative regulation of G protein-coupled receptor signaling pathway","18/1982","49/11930",0.36734693877551,2.2111246112976,3.79180790532117,0.000545054471105371,0.0141050456924277,0.0141050456924277,"PALM/RGS5/SH2B3/SLIT2/ADM/MGRN1/RGS14/GPRASP1/CRTC3/MRAP2/APLN/RGS1/CCL5/BICD1/ARRB2/RGS2/GNAI2/ATP2B4",18
"GO:0072163","mesonephric epithelium development","19/1982","53/11930",0.358490566037736,2.15781657559545,3.77059836937235,0.000550370526507392,0.0141050456924277,0.0141050456924277,"FGF1/ROBO2/LHX1/EPCAM/CAT/SLIT2/SMAD6/SFRP1/VEGFA/TCF21/SALL1/GATA3/CALB1/WT1/SIX1/PAX8/FOXC1/HS3ST3B1/GPC3",19
"GO:0072164","mesonephric tubule development","19/1982","53/11930",0.358490566037736,2.15781657559545,3.77059836937235,0.000550370526507392,0.0141050456924277,0.0141050456924277,"FGF1/ROBO2/LHX1/EPCAM/CAT/SLIT2/SMAD6/SFRP1/VEGFA/TCF21/SALL1/GATA3/CALB1/WT1/SIX1/PAX8/FOXC1/HS3ST3B1/GPC3",19
"GO:0008277","regulation of G protein-coupled receptor signaling pathway","31/1982","104/11930",0.298076923076923,1.79417643406039,3.63078626855286,0.000561087919836694,0.0143048196229199,0.0143048196229199,"PALM/RGS5/SH2B3/CAMKMT/SLIT2/ADM/MGRN1/RGS14/GPRASP1/C3/HIF1A/CRTC3/TULP3/GRK5/MRAP2/GIT2/APLN/RGS12/CAV2/RGS1/PRKCA/CCL5/GNG7/BICD1/ARRB2/PHB1/RGS2/GNAI2/ATP2B4/PPP1R9B/TREM2",31
"GO:0002695","negative regulation of leukocyte activation","35/1982","122/11930",0.286885245901639,1.72681179798514,3.60163474692586,0.000565357588762654,0.0143389916942652,0.0143389916942652,"CRTAM/CD200/PTPN22/SYT11/BTN2A2/CD300A/CBL/HLA-E/LYN/SFRP1/LOXL3/CD86/NR1D1/LAPTM5/ANXA1/PSMB8/PSMB9/CD84/BPI/LGALS3/VTCN1/PAG1/RUNX3/PSMA2/SAMSN1/TNFAIP3/TYROBP/PTPRC/GPNMB/CBFB/MNDA/CDKN2A/PSMB10/CSK/CD274",35
"GO:0030100","regulation of endocytosis","57/1982","226/11930",0.252212389380531,1.51810989167999,3.50990129074815,0.00057202796774194,0.0143826632351087,0.0143826632351087,"RAB31/LRPAP1/TF/COLEC11/SCARB1/CLEC7A/BMP2K/SYT11/B2M/NLGN1/ANXA2/CD300A/BIN1/IL2RG/CD63/NCKAP1L/CBL/C3/PROM2/SCAMP5/PRKD1/PRKN/HCK/CD151/VEGFA/NRG1/SNX33/DYSF/APLN/USP46/MASP1/RALA/LGALS3/FCGR2A/CDH13/DOCK2/IL15RA/BICD1/SIRPA/TLR2/PTPRC/ARRB2/EFNB2/AHI1/ACTB/CAMK1D/CAV1/LMAN2/SMPD1/PACSIN3/EGF/RAB27A/ARPC3/GPC3/TREM2/APOC1/CSK",57
"GO:0015740","C4-dicarboxylate transport","10/1982","20/11930",0.5,3.0095862764884,4.01468734854405,0.000575894176523248,0.0143826632351087,0.0143826632351087,"SLC3A1/LRRC8C/SLC13A3/ABAT/SLC25A12/SLC13A2/SLC1A3/SLC1A4/SLC25A10/SLC1A1",10
"GO:0110096","cellular response to aldehyde","10/1982","20/11930",0.5,3.0095862764884,4.01468734854405,0.000575894176523248,0.0143826632351087,0.0143826632351087,"ALDH2/AKR1A1/HAGH/PNKD/AIFM1/SCNN1A/SCNN1G/ACTG2/SCNN1B/RDH12",10
"GO:0050678","regulation of epithelial cell proliferation","52/1982","202/11930",0.257425742574257,1.54948996413264,3.51568071774283,0.000587742298030081,0.0145088756219214,0.0145088756219214,"COL4A3/HMOX1/ERBB2/CDKN1C/B2M/PTN/VEGFC/MYDGF/IL17RA/ALOX5/SP1/VEGFB/JCAD/PPP1R16B/HIF1A/BRCA2/SFRP1/ERBB4/PTPRM/PRKD1/NR1D1/PTPRK/TGFA/CEACAM1/VEGFA/NUPR1/IL17RB/APLN/VDR/ZNF304/LAMC1/AGTR1/CDH13/BMP6/SYNJ2BP/EGFR/GATA3/SEMA5A/CAV2/RUNX3/TNFAIP3/PRKCA/DLL4/MEF2C/SIX1/APOH/BMP5/VASH1/CAV1/CXCL12/CDKN2B/EGF",52
"GO:0072337","modified amino acid transport","14/1982","34/11930",0.411764705882353,2.47848281593162,3.85337449059182,0.000591636780391707,0.0145088756219214,0.0145088756219214,"GJA1/SLC3A1/SLC16A12/SLC13A3/FOLR1/SLC25A20/CTNS/SLC16A9/SLC6A8/LRP2/PDZK1/SLC25A39/SLC1A4/SLC7A9",14
"GO:0089718","amino acid import across plasma membrane","14/1982","34/11930",0.411764705882353,2.47848281593162,3.85337449059182,0.000591636780391707,0.0145088756219214,0.0145088756219214,"SLC43A2/SLC7A1/ITGB1/ACE2/SLC43A1/SLC6A19/SLC7A5/SLC22A2/CLTRN/SLC38A1/RGS2/SLC1A3/SLC1A4/SLC1A1",14
"GO:0002831","regulation of response to biotic stimulus","98/1982","433/11930",0.226327944572748,1.36230695194394,3.42779077707157,0.000592803906922222,0.0145088756219214,0.0145088756219214,"EIF4E2/DDX41/NT5C2/COLEC11/NLRC5/CLEC7A/LACC1/TKFC/HEXIM1/S100A14/CRTAM/OAS1/OGT/TLR4/IFI16/NOD1/PTPN22/SLAMF8/SYT11/APOBEC3F/DTX3L/B2M/CASR/IRAK4/SPI1/PML/CD300A/EIF2AK4/CALHM6/NFE2L2/INPP5D/SAMHD1/C3/HLA-E/LYN/CD1D/CTSS/MR1/DDX39A/PRKD1/NR1D1/GRAMD4/MSR1/TRIM6/CEACAM1/HCK/TIGAR/SLC15A2/TRIM22/RBM47/TRIM21/RAB7B/GBP5/MASP1/MFHAS1/GBP2/LYPLAL1/BMP6/EGFR/HLA-F/SERPINB9/TYRO3/TNFAIP3/NCF1/PRKCA/GDI1/CCL5/BRCC3/CASP1/ISG15/LRRC19/CSNK1A1/TYROBP/SIRPA/TRAF3IP3/OAS3/CD36/TLR2/EMILIN2/PARP9/ARRB2/CFI/RFTN1/ATG12/PHB1/P2RX7/MNDA/NMI/HRG/LY96/SIGIRR/BIRC3/SLC15A4/TLR7/TREM2/IFNLR1/CD274/TLR3",98
"GO:0001909","leukocyte mediated cytotoxicity","24/1982","74/11930",0.324324324324324,1.95216407123572,3.66728371966598,0.000607103133268928,0.0147849245639373,0.0147849245639373,"CRTAM/FCGR3A/SPI1/INPP5D/NCKAP1L/CTSH/HLA-E/PRF1/CD1D/MR1/CEACAM1/CD2/DAO/FCGR2A/DNASE1L3/AZGP1/HLA-F/SLAMF7/SERPINB9/TYROBP/PTPRC/ARRB2/CYRIB/TUBB",24
"GO:0000101","sulfur amino acid transport","7/1982","11/11930",0.636363636363636,3.8303825337125,4.19186728424825,0.000612460927037799,0.014841565533911,0.014841565533911,"SLC43A2/SLC3A1/SLC7A5/CTNS/SLC1A4/SLC7A9/SLC1A1",7
"GO:1904044","response to aldosterone","8/1982","14/11930",0.571428571428571,3.4395271731296,4.07652759562299,0.000666369813205838,0.0160683755450373,0.0160683755450373,"SH3RF1/AIFM1/SCNN1A/STK39/SCNN1G/PTPRC/SCNN1B/SLC12A3",8
"GO:0071456","cellular response to hypoxia","33/1982","114/11930",0.289473684210526,1.74239205480907,3.55497422228407,0.000674210632243893,0.0161777502197738,0.0161777502197738,"ENO1/PTGS2/CASR/CCNB1/CPEB2/AK4/NFE2L2/CBL/HILPDA/P4HB/HIF1A/SFRP1/DDAH1/TIGAR/BBC3/VEGFA/ERO1A/AIFM1/PGK1/FABP1/EGLN3/CCNA2/NOL3/EPHA4/AQP1/COXFA4L2/CCND1/NDNF/STC2/USP19/PDK1/TREM2/SCN2A",33
"GO:0010817","regulation of hormone levels","69/1982","287/11930",0.240418118466899,1.44711813991428,3.42228950604545,0.000690634649065135,0.0164910078398724,0.0164910078398724,"FAM3B/IYD/STX4/CRYM/ECE1/P2RY1/ADH6/DIO1/GJA1/ALDOA/CRHBP/CYP26B1/DHRS11/SNX4/RDH10/FDX1/WNK4/CASR/ACE2/EXOC3L1/ALOX5/ADM/ECRG4/P4HB/LYN/HIF1A/PRKD1/NR1D1/PRKN/ANXA1/PNPLA4/RDH13/INHBB/ABAT/ALDH1A2/AGTR1/MME/TBX3/BMP6/CEL/GATA3/SLC7A5/ADH1B/RAPGEF3/HNF4A/UGT1A9/PRKCA/CCL5/CLTRN/GHR/PCSK6/RBP4/C2CD2L/CPA3/SCP2/NR5A2/CCN3/PAX8/SULT1B1/BMP5/STC2/DGAT2/TFAP2B/PDE8B/SLC26A7/RDH12/SLC2A2/NMB/CORIN",69
"GO:0006805","xenobiotic metabolic process","25/1982","79/11930",0.316455696202532,1.90480144081544,3.60143255587395,0.000711103608330143,0.0168393286585251,0.0168393286585251,"ALDH2/GSTM3/GLYAT/CYP26B1/GSTA2/FMO4/ABHD10/SMOX/SULT1C4/ACSM2B/CYP4F2/NAT1/TPMT/CYP4F12/HNF4A/UGT1A9/BPHL/ABCB1/CRYZ/CBR1/SULT1B1/EPHX1/AOX1/ARNT2/SLCO2B1",25
"GO:0170041","non-proteinogenic amino acid metabolic process","17/1982","46/11930",0.369565217391304,2.22447681305664,3.71393343840705,0.000712102355937629,0.0168393286585251,0.0168393286585251,"ALDH4A1/DPEP1/HOGA1/P4HB/CTH/MMUT/DAO/ABAT/ASS1/HNF4A/UPB1/ALDH5A1/BPHL/SARDH/SLC38A1/AGXT2/ATP2B4",17
"GO:0002274","myeloid leukocyte activation","42/1982","156/11930",0.269230769230769,1.62054645657067,3.48225475084703,0.000727427328241315,0.0170733797658393,0.0170733797658393,"STX4/IL4R/CD200/TLR4/FCGR3A/SYT11/SNX4/WNK4/ITGB2/GNAI1/PTPRE/LCP2/SPHK2/SPI1/LAT2/CD300A/VAMP2/MT1G/CBL/LYN/NR1D1/ANXA1/CRTC3/CD2/DYSF/CD84/BPI/MFHAS1/DNASE1L3/DOCK2/C1QA/CEBPA/PTGDS/GAB2/CCL5/STK39/TYROBP/PTPRC/PREX1/IL16/NMI/TREM2",42
"GO:1990748","cellular detoxification","30/1982","101/11930",0.297029702970297,1.78787303553766,3.54918685475649,0.000728975765283025,0.0170733797658393,0.0170733797658393,"ALDH2/GCH1/GSTM3/AKR1A1/AUH/PTGS2/CAT/APOM/RAB29/FBLN5/SLC29A4/NFE2L2/TP53INP1/HAGH/PNKD/CP/SUCLA2/FABP1/ALOX5AP/GPX7/AMBP/SLC22A2/CD36/PRDX3/PTGS1/GPX3/ADK/ALB/RDH12/SUCLG1",30
"GO:1904018","positive regulation of vasculature development","37/1982","133/11930",0.278195488721804,1.67450665007625,3.49150141718388,0.000759402924811315,0.0177013205569114,0.0177013205569114,"ITGAX/FGF1/JUP/CXCR4/HMOX1/HPSE/CCBE1/VEGFC/ITGB2/ITGB1/MYDGF/ADM/SP1/VEGFB/JCAD/NFE2L2/HK2/C3/PTK2B/HIF1A/DDAH1/HYAL1/PRKD1/VEGFA/PKM/ZNF304/SEMA5A/RAPGEF3/PRKCA/ETS1/CD34/EMILIN2/AQP1/ANGPTL4/CXCL12/CDH5/TLR3",37
"GO:0051051","negative regulation of transport","66/1982","273/11930",0.241758241758242,1.45518457324714,3.3959510079894,0.000763589105211185,0.0177145434597571,0.0177145434597571,"SP100/LRPAP1/P2RY1/KCNE1/SLC43A2/MDFIC/CD200/GJA1/CRHBP/SYT11/B2M/WNK4/RHBDF2/SPI1/TCAF2/ANXA2/CD300A/BIN1/NCKAP1L/PTK2B/PROM2/DDX39A/SCAMP5/PRKD1/PRKN/ANXA1/CEACAM1/NRG1/PNKD/SNX33/DYSF/INHBB/ABAT/CD84/LGALS3/LYPLAL1/SLC43A1/CYP4F2/VDAC1/HLA-F/PID1/ALDH7A1/PEA15/STK39/CYP51A1/SIRPA/CD36/TLR2/CCN3/PXK/ARHGAP1/RGS2/CAV1/GNAI2/PDE8B/ADTRP/PACSIN3/PTGER1/EGF/ARHGAP8/YOD1/WDR41/PLA2R1/NMB/APOC1/CSK",66
"GO:0062013","positive regulation of small molecule metabolic process","33/1982","115/11930",0.28695652173913,1.72724081954986,3.49781036876263,0.000797528464053314,0.0184146312808536,0.0184146312808536,"FGF1/PPARA/ENO1/P2RY1/PTGS2/RDH10/GNAI1/MBTPS2/LPGAT1/ADM/SCAP/SORBS1/HIF1A/NR1D1/PRKN/TIGAR/TMSB4X/PSEN1/EPM2AIP1/DYRK2/PHKA1/SLC4A4/AGTR1/BMP6/PID1/PPP1R3B/P2RX7/ABCG1/DGAT2/PTH1R/NNMT/TREM2/PLIN5",33
"GO:0003205","cardiac chamber development","26/1982","84/11930",0.30952380952381,1.86307721877853,3.54314877365941,0.000816716636518813,0.0187691452383079,0.0187691452383079,"ROBO2/SLIT2/SMAD6/FKBP1A/TNNC1/HEYL/NRG1/FOXF1/SALL1/MYL3/GATA3/MESP1/HEY2/TPM1/DLL4/MEF2C/RBP4/LRP2/PAX8/JAG1/TNNT2/CPE/STRA6/BMP5/HEY1/RBPJ",26
"GO:0042445","hormone metabolic process","36/1982","129/11930",0.27906976744186,1.67976908455166,3.46483705467307,0.00083456396909236,0.0190896758350799,0.0190896758350799,"IYD/CRYM/ECE1/ADH6/DIO1/CYP26B1/DHRS11/RDH10/FDX1/ACE2/ADM/P4HB/HIF1A/PNPLA4/RDH13/ALDH1A2/MME/BMP6/CEL/GATA3/ADH1B/UGT1A9/GHR/PCSK6/RBP4/CPA3/SCP2/NR5A2/PAX8/SULT1B1/BMP5/STC2/DGAT2/SLC26A7/RDH12/CORIN",36
"GO:1901293","nucleoside phosphate biosynthetic process","67/1982","279/11930",0.240143369175627,1.44546437652131,3.36062022005065,0.000846322183503326,0.0191833421233208,0.0191833421233208,"NDUFA10/PPARA/DLD/NME4/NADSYN1/SHMT1/ENO1/MT-ATP6/MT-ND4L/CBR4/ATP5PB/PDHA1/ALDOA/MT-ND4/ATP5MC2/ACMSD/DCK/NDUFV1/SPHK2/NDUFS3/DLST/TECR/ACSS2/RRM2/AK4/SLC27A2/PRKN/MCEE/ATP5MC3/MT-ND6/TMSB4X/MMUT/HK1/PGK1/GUCY1A1/PCCA/GUCY1B1/AFMID/NPR1/ACSBG1/CMPK2/SDHD/MT-ND1/ASPDH/TYMS/GCDH/UPP1/PID1/MT-ND5/NAMPT/NANS/ADCY3/PDHB/AK3/PNP/SDHB/ADK/PDK2/DMAC2L/MT-ND2/MT-ND3/ACAT1/PANK1/ACLY/PDK1/TREM2/BCKDK",67
"GO:0071396","cellular response to lipid","96/1982","427/11930",0.224824355971897,1.35325659270673,3.31806285989404,0.000846496812796178,0.0191833421233208,0.0191833421233208,"PRMT2/PPARA/CDON/PCK1/UBA5/SCARB1/ESRRG/CD200/CRHBP/TLR4/CYP26B1/PTPN22/B2M/GNAI1/ARID5A/CASR/SPHK2/IRAK4/SPI1/CCNB1/CNOT2/ABCA1/PTK2B/LYN/SFRP1/PCK2/CD86/PRKD1/NR1D1/HEYL/ANXA1/HCK/UPF1/CBX3/BTG2/AIFM1/CYP24A1/TCF21/SCNN1A/LMO3/INHBB/ESRRB/PTAFR/ASS1/GBP5/BPI/VDR/ATP1A1/UFSP2/GBP2/ALDH1A2/CXCL10/CCNA2/BMP6/EGFR/SLC7A5/ZFP36L2/PID1/TNFAIP3/NCF1/UGT1A9/PRKCA/CASP1/OR51E1/KDM3A/SCNN1G/FBP1/SIRPA/MEF2C/YWHAH/CD36/TLR2/LPL/EFNB2/ADCY3/LTK/PHB1/CD6/AQP1/RAN/LY96/SIGIRR/CXCL9/SCNN1B/DGAT2/GPR155/SSTR2/ADTRP/SSTR1/MT-ND3/CYP27B1/PLSCR4/PKN1/PPP1R9B/TREM2/CD274",96
"GO:0050801","monoatomic ion homeostasis","80/1982","345/11930",0.231884057971014,1.39575015721201,3.32941997365882,0.000870667930496633,0.0194798800580144,0.0194798800580144,"TMEM178A/TF/HVCN1/ANXA6/KCNJ2/P2RY1/LACC1/ABCC6/HMOX1/TBXAS1/ATP6V1H/S100A14/ATP6V1B1/SLAMF8/ACVR2B/B2M/WNK4/SLC35G1/CASR/PML/ATP6V0E2/ANKRD9/SLC30A7/MT1G/SLC4A9/RHCG/ATP6V1B2/RGN/PSEN1/ATP2A2/SLC41A1/SCNN1A/CP/TMEM163/SLC39A4/SLC39A5/ATP1A1/NPR1/GLRX5/SLC4A4/AGTR1/SLC4A1/BMP6/CYP4F2/CAV2/CYP4F12/CALB1/KCNMA1/CLCC1/SLC9A9/CCL5/STK39/SCNN1G/MCUR1/ATP6V1A/LETM1/UMOD/CLDN16/ALPL/ATP2A3/PDK2/BAX/ATP6V0A4/CAV1/SCNN1B/SLC25A27/STC2/PTH1R/CXCL12/RAB38/CDH5/CYP27B1/SLC26A6/ATP2B4/CYP4A11/FASLG/ATP6V0D2/ACO1/SLC1A1/CORIN",80
"GO:0008217","regulation of blood pressure","30/1982","102/11930",0.294117647058824,1.77034486852259,3.48751093482114,0.000871520680838641,0.0194798800580144,0.0194798800580144,"PPARA/GCH1/ECE1/KL/ADRB1/PTGS2/WNK4/VEGFC/ACE2/GCGR/ADAMTS16/ADM/DDAH1/SCNN1A/ACSM3/ABAT/APLN/NPR1/HSD11B2/AGTR1/MME/CYP4F2/TPM1/SCNN1G/CPA3/EMILIN2/KLK1/PTGS1/SCNN1B/CORIN",30
"GO:0044272","sulfur compound biosynthetic process","30/1982","102/11930",0.294117647058824,1.77034486852259,3.48751093482114,0.000871520680838641,0.0194798800580144,0.0194798800580144,"DLD/CBR4/PDHA1/AKR1A1/DLST/TECR/ACSS2/SP1/NFE2L2/HAGH/SLC27A2/CTH/FMO1/MCEE/MMUT/PGK1/PCCA/ACSBG1/BHMT/GGT1/GCDH/PDHB/BHMT2/PDK2/ACAT1/PANK1/ACLY/PDK1/SLC1A1/BCKDK",30
"GO:0043408","regulation of MAPK cascade","98/1982","438/11930",0.223744292237443,1.34675550272083,3.30026310561412,0.000889030024090856,0.0197456484139121,0.0197456484139121,"HIPK3/SPRY4/FGF1/CCN2/MAPK8IP3/P2RY1/CLEC7A/ERBB2/MDFIC/ADRB1/TLR4/FERMT2/IQGAP1/TPD52L1/PTPN22/MAP4K4/ITGA1/MAPK8IP1/GRIK2/CASR/SH2B3/ACE2/PEBP1/SPI1/SH3GL2/SH3RF1/MYDGF/CD300A/IL2RG/MID1/VEGFB/JCAD/FGF9/DUSP9/ZNF622/RGS14/MTURN/EIF3A/FAS/GRAP/PTK2B/LYN/ERBB4/LAPTM5/PRKN/TGFA/CEACAM1/MECOM/VEGFA/PDGFA/ACTA2/NRG1/DUSP15/PDGFD/LMO3/CD24/SEMA6A/SPRY1/MFHAS1/SH3RF2/SYNJ2BP/EGFR/CAV2/AMBP/TRIB3/NAMPT/PRKCA/STK39/IL15RA/SPRED1/SIRPA/MEF2C/GHR/CD36/AXIN1/EPHA4/PTPRC/CD27/ARRB2/IL13RA2/PHB1/P2RX7/GPNMB/EDA2R/PECAM1/RGS2/FGFR3/PELI2/CAV1/NRK/GNAI2/SMPD1/PDE8B/EGF/ARHGAP8/TREM2/CSK/TLR3",98
"GO:0007589","body fluid secretion","15/1982","39/11930",0.384615384615385,2.31506636652954,3.67161166214913,0.000895512553194788,0.0197456484139121,0.0197456484139121,"PPARA/PRLR/ANO1/HK2/SLC4A9/ERBB4/VEGFA/APLN/NPR1/CEL/STK39/OAS2/AQP1/MT-CO2/PTGER1",15
"GO:0170038","proteinogenic amino acid biosynthetic process","15/1982","39/11930",0.384615384615385,2.31506636652954,3.67161166214913,0.000895512553194788,0.0197456484139121,0.0197456484139121,"PHGDH/SHMT1/ASL/CTH/PSAT1/ASNS/ASS1/AGXT/BHMT/GGT1/SHMT2/OAT/BHMT2/PAH/AGXT2",15
"GO:0006869","lipid transport","71/1982","300/11930",0.236666666666667,1.42453750420451,3.3240901121915,0.000925496429297719,0.0201985979371828,0.0201985979371828,"PPARA/NME4/PRAP1/SCARB1/SLC22A8/WNK4/APOM/GLTPD2/ANXA2/ESYT1/ABCD3/CDC50B/ABCA1/ECRG4/ESYT2/SLC27A2/HILPDA/LYN/SLC22A6/PRKN/MSR1/CEACAM1/GRAMD1A/SOAT1/SGPP1/ABCA6/SLC13A3/ATP8A1/FABP1/PCTP/SERAC1/AGTR1/VLDLR/BMP6/CYP4F2/SLC25A20/VDAC1/SLC2A1/SLC22A2/ABCA8/CD36/RBP4/SLC10A2/C2CD2L/SCP2/APOH/FABP5/ABCB1/SLC22A11/P2RX7/SERPINA5/STRA6/CAV1/ABCG1/GM2A/APOL2/GRAMD1B/PLSCR4/EGF/ABCA3/PLA2R1/CYP4A11/APOL6/FASLG/NMB/TREM2/SLC25A10/STOML1/SLCO2B1/APOC1/APOO",71
"GO:0001823","mesonephros development","19/1982","55/11930",0.345454545454545,2.07935051830107,3.58107153143599,0.000929378231000204,0.0201985979371828,0.0201985979371828,"FGF1/ROBO2/LHX1/EPCAM/CAT/SLIT2/SMAD6/SFRP1/VEGFA/TCF21/SALL1/GATA3/CALB1/WT1/SIX1/PAX8/FOXC1/HS3ST3B1/GPC3",19
"GO:0006085","acetyl-CoA biosynthetic process","10/1982","21/11930",0.476190476190476,2.86627264427466,3.82061297333565,0.000936686768486312,0.0201985979371828,0.0201985979371828,"DLD/PDHA1/ACSS2/PGK1/PDHB/PDK2/ACAT1/ACLY/PDK1/BCKDK",10
"GO:0006691","leukotriene metabolic process","10/1982","21/11930",0.476190476190476,2.86627264427466,3.82061297333565,0.000936686768486312,0.0201985979371828,0.0201985979371828,"ALOX5/DPEP1/CYP4F3/ALOX5AP/PTGR1/CYP4F2/GGT1/DPEP2/CYP4F12/CYP4A11",10
"GO:0034383","low-density lipoprotein particle clearance","10/1982","21/11930",0.476190476190476,2.86627264427466,3.82061297333565,0.000936686768486312,0.0201985979371828,0.0201985979371828,"SCARB1/HMOX1/EHD1/ANXA2/LIPA/SOAT1/CD36/DGAT2/TREM2/CSK",10
"GO:0032103","positive regulation of response to external stimulus","107/1982","486/11930",0.220164609053498,1.32520877195168,3.26721276775316,0.000958917689592659,0.0205872898708599,0.0205872898708599,"GZMK/STX4/DDX41/PLG/COLEC11/NLRC5/CLEC7A/LACC1/TKFC/HEXIM1/S100A14/CRTAM/OAS1/OGT/TLR4/IFI16/NOD1/PTPN22/SNX4/PTGS2/PTN/VEGFC/CASR/OSMR/IRAK4/SPI1/SLIT2/IL17RA/CD300A/VEGFB/NCKAP1L/PTK2B/HLA-E/LYN/CD1D/CTSS/GPR4/PRKD1/NR1D1/GRAMD4/MSR1/TRIM6/HCK/SLC15A2/VEGFA/TMSB4X/RBM47/NUPR1/PDGFD/RAB7B/GBP5/MASP1/MFHAS1/GBP2/AGTR1/LYPLAL1/CDH13/CXCL10/BMP6/EGFR/NAPEPLD/SEMA5A/HLA-F/CEBPA/MET/TYRO3/TNFAIP3/PRKCA/GDI1/CCL5/BRCC3/CASP1/GNA14/STK39/LRRC19/SCARF1/CSNK1A1/TYROBP/TRADD/TRAF3IP3/ETS1/OAS3/CD36/TLR2/APOH/LPL/EMILIN2/PARP9/ARRB2/RFTN1/CCL4/PLAT/PHB1/P2RX7/IL16/MNDA/NMI/HRG/CAMK1D/LY96/BIRC3/SLC15A4/CXCL12/TLR7/TREM2/CD274/TLR3",107
"GO:0050869","negative regulation of B cell activation","9/1982","18/11930",0.5,3.0095862764884,3.8083470874206,0.00109369762333823,0.0233783836953739,0.0233783836953739,"CD300A/LYN/SFRP1/LAPTM5/SAMSN1/TNFAIP3/TYROBP/MNDA/CDKN2A",9
"GO:0003333","amino acid transmembrane transport","21/1982","64/11930",0.328125,1.97504099394551,3.49097425737745,0.00109991728519514,0.0234091091783923,0.0234091091783923,"SLC43A2/SLC3A1/SLC7A1/ITGB1/ACE2/LRRC8C/SLC43A1/SLC6A19/SLC25A29/SLC7A5/SLC25A12/SLC22A2/CLTRN/SLC38A1/RGS2/SLC15A4/SLC1A3/SLC1A4/SLC36A2/SLC7A9/SLC1A1",21
"GO:0006865","amino acid transport","27/1982","90/11930",0.3,1.80575176589304,3.42477958156391,0.00111305587197014,0.023586183953653,0.023586183953653,"SLC43A2/GJA1/SLC3A1/SLC7A1/ITGB1/ACE2/LRRC8C/ABAT/SLC43A1/SLC6A19/SLC25A29/SLC7A5/SLC25A12/SLC22A2/CTNS/CLTRN/SFXN5/SLC6A8/SLC38A1/RGS2/LLGL2/SLC15A4/SLC1A3/SLC1A4/SLC36A2/SLC7A9/SLC1A1",27
"GO:0062012","regulation of small molecule metabolic process","59/1982","242/11930",0.243801652892562,1.46748421746128,3.27937054091933,0.00113976407416703,0.0240480394096879,0.0240480394096879,"FGF1/PPARA/ENO1/P2RY1/EPHX2/LACC1/OGT/ACMSD/PTGS2/RDH10/GNAI1/MBTPS2/SPHK2/LPGAT1/ADM/SCAP/SORBS1/HIF1A/NR1D1/PRKN/CEACAM1/TIGAR/ALDOB/MST1/TMSB4X/PSEN1/EPM2AIP1/PGK1/NUPR1/DYRK2/PHKA1/ARL2/SLC4A4/AGTR1/BMP6/MACROH2A1/HNF4A/PID1/PPP1R3B/UGT1A9/TRIB3/FBP1/FABP5/KIF12/P2RX7/BMP5/PDK2/CAV1/ANGPTL4/ABCG1/DGAT2/PTH1R/NNMT/ATP2B4/PDK1/TREM2/APOC1/PLIN5/BCKDK",59
"GO:0043542","endothelial cell migration","49/1982","193/11930",0.253886010362694,1.52818370515991,3.3019542913238,0.00115332683817982,0.0242297634029624,0.0242297634029624,"FGF1/JUP/SP100/PLG/SCARB1/HMOX1/PTP4A3/PTGS2/PTN/VEGFC/ITGB2/SLIT2/S100A2/SP1/JCAD/NFE2L2/PTK2B/HIF1A/PTPRM/PRKD1/ANXA1/CEACAM1/GPI/FSTL1/VEGFA/TMSB4X/CLEC14A/CDH13/SYNJ2BP/LPXN/GATA3/SEMA5A/MET/LOXL2/PRKCA/SPRED1/DLL4/MEF2C/ETS1/APOH/CCN3/EFNB2/HRG/VASH1/ADTRP/CDH5/EGF/ATP2B4/PATZ1",49
"GO:0010883","regulation of lipid storage","14/1982","36/11930",0.388888888888889,2.34078932615764,3.59611675330791,0.00116242535094415,0.0243165474054343,0.0243165474054343,"PPARA/SCARB1/PLIN2/EHD1/ABCA1/C3/HILPDA/MSR1/PLIN3/CD36/LPL/ABCG1/TREM2/PLIN5",14
"GO:0045940","positive regulation of steroid metabolic process","11/1982","25/11930",0.44,2.64843592330979,3.68267446744472,0.00118516190405256,0.0246866702993077,0.0246866702993077,"FGF1/GNAI1/MBTPS2/ADM/SCAP/NR1D1/AGTR1/BMP6/SCP2/NR5A2/ABCG1",11
"GO:0008285","negative regulation of cell population proliferation","99/1982","447/11930",0.221476510067114,1.33310533052506,3.20400819168833,0.00119425118348284,0.0247705912845275,0.0247705912845275,"FOXO4/NPM1/RGS5/COL4A3/HMOX1/CRTAM/CD200/CDKN1C/ITGA1/B2M/PTN/SH2B3/TOB1/ACE2/NEGR1/BTN2A2/PML/SMAD6/CD300A/ALOX5/CLDN19/SMYD2/ECRG4/TP53INP1/PTK2B/HLA-E/LYN/BRCA2/SFRP1/PLXNB1/ERBB4/DDAH1/PTPRM/ZNF503/CD86/PTPRK/LAPTM5/TGFB3/CEACAM1/ING5/BTG2/TOB2/NUPR1/APLN/VDR/CLMN/NPR1/DLEC1/VTCN1/ALDH1A2/CDH13/TBX3/SYNJ2BP/GATA3/CAV2/AZGP1/RUNX3/CEBPA/HNF4A/WT1/TNFAIP3/TPM1/DLL4/TYROBP/CDKN1A/MEF2C/CDKN3/ETS1/RBP4/APOH/IGFBP3/CCN3/UMOD/CGREF1/PHB1/GPNMB/NELL1/MNDA/NUDT6/NMI/HRG/TFAP2A/BMP5/VASH1/PIM2/KDM2B/CAV1/PTPRU/SSTR2/TFAP2B/SSTR1/CYP27B1/CDKN2B/CDKN2A/TES/TREM2/IFNLR1/CSK/CD274",99
"GO:0061333","renal tubule morphogenesis","15/1982","40/11930",0.375,2.2571897073663,3.55488733509455,0.00121548832111998,0.0250558019443688,0.0250558019443688,"FGF1/LHX1/WNK4/VEGFA/TCF21/COL4A1/SALL1/GATA3/IRX2/WT1/MEF2C/SIX1/PAX8/HS3ST3B1/GPC3",15
"GO:0006525","arginine metabolic process","8/1982","15/11930",0.533333333333333,3.21022536158762,3.82314808522265,0.00122059225222676,0.0250558019443688,0.0250558019443688,"ASL/FH/DDAH1/ODC1/ASS1/AGMAT/OAT/ATP2B4",8
"GO:0050673","epithelial cell proliferation","56/1982","228/11930",0.245614035087719,1.47839325862588,3.25543016795134,0.00124997555493505,0.0250558019443688,0.0250558019443688,"COL4A3/HMOX1/ERBB2/CDKN1C/SERPINB1/B2M/PTN/VEGFC/MYDGF/IL17RA/ALOX5/SP1/VEGFB/JCAD/PPP1R16B/HIF1A/BRCA2/SFRP1/ERBB4/PTPRM/PRKD1/NR1D1/PTPRK/TGFA/CEACAM1/VEGFA/NUPR1/IL17RB/APLN/VDR/ZNF304/LAMC1/AGTR1/CDH13/BMP6/SYNJ2BP/EGFR/GATA3/SEMA5A/CAV2/RUNX3/TNFAIP3/LOXL2/PRKCA/DLL4/MEF2C/SIX1/CD34/APOH/CCN3/BMP5/VASH1/CAV1/CXCL12/CDKN2B/EGF",56
"GO:0009159","deoxyribonucleoside monophosphate catabolic process","7/1982","12/11930",0.583333333333333,3.51118398923646,3.88466365447884,0.0012591884123217,0.0250558019443688,0.0250558019443688,"NT5C2/DPYS/GDA/UPP1/PNP/TYMP/NT5C3A",7
"GO:0009713","catechol-containing compound biosynthetic process","7/1982","12/11930",0.583333333333333,3.51118398923646,3.88466365447884,0.0012591884123217,0.0250558019443688,0.0250558019443688,"ALDH2/GCH1/KL/DAO/GATA3/DDC/PAH",7
"GO:0010958","regulation of amino acid import across plasma membrane","7/1982","12/11930",0.583333333333333,3.51118398923646,3.88466365447884,0.0012591884123217,0.0250558019443688,0.0250558019443688,"SLC43A2/ITGB1/ACE2/SLC43A1/SLC7A5/CLTRN/RGS2",7
"GO:0032352","positive regulation of hormone metabolic process","7/1982","12/11930",0.583333333333333,3.51118398923646,3.88466365447884,0.0012591884123217,0.0250558019443688,0.0250558019443688,"RDH10/ADM/HIF1A/BMP6/GATA3/NR5A2/PAX8",7
"GO:0042423","catecholamine biosynthetic process","7/1982","12/11930",0.583333333333333,3.51118398923646,3.88466365447884,0.0012591884123217,0.0250558019443688,0.0250558019443688,"ALDH2/GCH1/KL/DAO/GATA3/DDC/PAH",7
"GO:0046459","short-chain fatty acid metabolic process","7/1982","12/11930",0.583333333333333,3.51118398923646,3.88466365447884,0.0012591884123217,0.0250558019443688,0.0250558019443688,"PHYH/ACSS2/MCEE/MMUT/PCCA/CRAT/PCCB",7
"GO:1903789","regulation of amino acid transmembrane transport","7/1982","12/11930",0.583333333333333,3.51118398923646,3.88466365447884,0.0012591884123217,0.0250558019443688,0.0250558019443688,"SLC43A2/ITGB1/ACE2/SLC43A1/SLC7A5/CLTRN/RGS2",7
"GO:0071805","potassium ion transmembrane transport","31/1982","109/11930",0.284403669724771,1.71187476277322,3.33254247221671,0.00132819343241222,0.026215753434104,0.026215753434104,"KCNJ2/KCNE1/WNK4/BIN1/CD63/SLC12A1/KCNJ10/KCNJ3/KCNK5/KCNS3/TMEM38A/ATP1A1/KCNJ1/CCDC51/KCNJ16/KCNMA1/SLC9A9/STK39/MCOLN3/LETM1/KCNAB2/P2RX7/AQP1/KCNH6/KCNJ15/KCNE4/GHITM/CAV1/SLC12A3/SLC1A3/KCNC3",31
"GO:2000377","regulation of reactive oxygen species metabolic process","31/1982","109/11930",0.284403669724771,1.71187476277322,3.33254247221671,0.00132819343241222,0.026215753434104,0.026215753434104,"PPARA/GCH1/HVCN1/CLEC7A/TLR4/ITGB2/ACE2/SPHK2/FBLN5/ALOX5/NFE2L2/FAS/PON3/HK2/HIF1A/PRKN/AGTR1/VDAC1/MYCN/PID1/TYROBP/CDKN1A/SLC5A3/SIRPA/CD36/CBR1/TFAP2A/GNAI2/DCXR/RAB27A/PLIN5",31
"GO:0042417","dopamine metabolic process","10/1982","22/11930",0.454545454545455,2.73598752408036,3.63767992378669,0.00146352302477061,0.0287708642821372,0.0287708642821372,"ALDH2/GCH1/MAOA/ITGB2/PRKN/DAO/ABAT/NPR1/DDC/SLC1A1",10
"GO:0051262","protein tetramerization","23/1982","74/11930",0.310810810810811,1.87082390160089,3.35400002322328,0.00149845812887505,0.0293398101633735,0.0293398101633735,"SHMT1/KCNJ2/CBR4/ALDOA/ACOT13/B2M/HOMER1/RRM2/SAMHD1/TRPM3/CTH/CRTC3/ALDH9A1/GBP5/ALDH1A2/SSBP1/UBB/SHMT2/UPB1/AQP2/CRYZ/KCNC3/TRPV1",23
"GO:0150146","cell junction disassembly","13/1982","33/11930",0.393939393939394,2.37118918753631,3.52063964540931,0.00150668600713145,0.0293404982591804,0.0293404982591804,"MAP4K4/ITGB1/MYLK3/C3/TGFB3/C1QC/C1QA/EPHA4/PLXNC1/MAPRE2/RNF7/C1QB/TREM2",13
"GO:0006813","potassium ion transport","33/1982","119/11930",0.277310924369748,1.66918230460701,3.27461728772073,0.00151048121783727,0.0293404982591804,0.0293404982591804,"KCNJ2/KCNE1/WNK4/BIN1/CD63/SLC12A1/KCNJ10/KCNJ3/PTK2B/KCNK5/KCNS3/TMEM38A/ATP1A1/KCNJ1/CCDC51/KCNJ16/KCNMA1/SLC9A9/STK39/MCOLN3/LETM1/KCNAB2/P2RX7/AQP1/KCNH6/KCNJ15/KCNE4/GHITM/CAV1/SLC12A3/SLC1A3/KCNC3/TREM2",33
"GO:0098771","inorganic ion homeostasis","66/1982","280/11930",0.235714285714286,1.41880495891596,3.16529232287694,0.00153223370031526,0.0296453911582735,0.0296453911582735,"TMEM178A/TF/ANXA6/KCNJ2/P2RY1/ABCC6/HMOX1/TBXAS1/S100A14/ATP6V1B1/SLC34A1/ACVR2B/B2M/WNK4/SLC35G1/CASR/PML/ANKRD9/SLC30A7/MT1G/SLC12A1/RHCG/RGN/PSEN1/ATP2A2/SLC41A1/SCNN1A/CP/TMEM163/SLC39A4/ATP1A1/NPR1/GLRX5/AGTR1/BMP6/CYP4F2/CAV2/CYP4F12/CALB1/KCNMA1/CLCC1/CCL5/STK39/SCNN1G/MCUR1/ATP6V1A/XPR1/LETM1/ALPL/ATP2A3/BAX/CAV1/RHBG/SCNN1B/SLC25A27/STC2/PTH1R/CXCL12/CDH5/CYP27B1/ATP2B4/CYP4A11/FASLG/ACO1/SLC1A1/CORIN",66
"GO:0050727","regulation of inflammatory response","65/1982","275/11930",0.236363636363636,1.42271351252179,3.16549983212712,0.00153962084887154,0.0296710395875048,0.0296710395875048,"PRMT2/GZMK/PPARA/CD200R1/LACC1/CD200/TLR4/IFI16/HPSE/SLAMF8/SYT11/SNX4/PTGS2/RHBDF2/ACE2/OSMR/IL17RA/ALOX5/PROC/HLA-E/LYN/GPR4/NR1D1/ANXA1/HCK/ARMH4/TMSB4X/NUPR1/BCL6B/GBP5/MFHAS1/GBP2/DNASE1L3/AGTR1/NAPEPLD/GATA3/CEBPA/GGT1/TYRO3/TNFAIP3/NCF1/CCL5/CASP1/GNA14/AKNA/LRRC19/TRADD/SIRPA/ETS1/TLR2/LPL/NR5A2/PTPRC/PRKAR2B/CCN3/IL13RA2/IL16/NMI/SIGIRR/BIRC3/AREL1/TLR7/CDH5/TREM2/TLR3",65
"GO:0032729","positive regulation of type II interferon production","18/1982","53/11930",0.339622641509434,2.04424728214306,3.40074341848591,0.00156810100099756,0.0301013898034631,0.0301013898034631,"CLEC7A/CRTAM/TLR4/PTPN22/ARID5A/BTN3A2/PSMB8/CD2/PSMB9/SLC7A5/CD276/PSMA2/ISG15/BTN3A1/TLR7/CYRIB/PSMB10/TLR3",18
"GO:0043409","negative regulation of MAPK cascade","34/1982","124/11930",0.274193548387097,1.65041828065493,3.24966167255665,0.00159498696465617,0.0304978952812186,0.0304978952812186,"HIPK3/SPRY4/TLR4/PTPN22/MAPK8IP1/SH2B3/ACE2/PEBP1/SH3GL2/CD300A/DUSP9/RGS14/EIF3A/LYN/PRKN/MECOM/LMO3/SEMA6A/SPRY1/SH3RF2/SYNJ2BP/AMBP/TRIB3/SPRED1/SIRPA/EPHA4/PTPRC/PHB1/P2RX7/RGS2/CAV1/SMPD1/TREM2/CSK",34
"GO:0042632","cholesterol homeostasis","22/1982","70/11930",0.314285714285714,1.89173994522128,3.3398799199543,0.00160207612965503,0.0305142515745579,0.0305142515745579,"SCARB1/EPHX2/EHD1/APOM/NEGR1/HSDL2/ABCA1/NR1D1/SOAT1/ACSM3/CD24/HNF4A/LPL/MALL/RALY/CAV1/ABCG1/DGAT2/LDAH/GRAMD1B/ACOX1/CYP39A1",22
"GO:0001910","regulation of leukocyte mediated cytotoxicity","16/1982","45/11930",0.355555555555556,2.14015024105841,3.42022520642108,0.00163102282262017,0.0308257016089796,0.0308257016089796,"CRTAM/SPI1/INPP5D/NCKAP1L/HLA-E/CD1D/MR1/CEACAM1/DNASE1L3/AZGP1/HLA-F/SERPINB9/TYROBP/PTPRC/ARRB2/CYRIB",16
"GO:1901607","alpha-amino acid biosynthetic process","16/1982","45/11930",0.355555555555556,2.14015024105841,3.42022520642108,0.00163102282262017,0.0308257016089796,0.0308257016089796,"PHGDH/SHMT1/ASL/CTH/PSAT1/ASNS/ASS1/AGXT/BHMT/GGT1/SHMT2/OAT/BHMT2/PAH/AGXT2/ATP2B4",16
"GO:0045807","positive regulation of endocytosis","32/1982","115/11930",0.278260869565217,1.67490018865441,3.24606762202434,0.0016620028464608,0.0312293784474151,0.0312293784474151,"RAB31/TF/COLEC11/CLEC7A/B2M/NLGN1/ANXA2/BIN1/IL2RG/CD63/NCKAP1L/CBL/C3/CD151/VEGFA/APLN/MASP1/FCGR2A/DOCK2/IL15RA/BICD1/SIRPA/PTPRC/ARRB2/AHI1/CAMK1D/LMAN2/SMPD1/EGF/RAB27A/GPC3/TREM2",32
"GO:0055080","monoatomic cation homeostasis","77/1982","337/11930",0.228486646884273,1.37530055364752,3.1194799144387,0.00166514152702254,0.0312293784474151,0.0312293784474151,"TMEM178A/TF/HVCN1/ANXA6/KCNJ2/P2RY1/LACC1/ABCC6/HMOX1/ATP6V1H/S100A14/ATP6V1B1/SLAMF8/ACVR2B/B2M/WNK4/SLC35G1/CASR/PML/ATP6V0E2/ANKRD9/SLC30A7/MT1G/SLC4A9/RHCG/ATP6V1B2/RGN/PSEN1/ATP2A2/SLC41A1/SCNN1A/CP/TMEM163/SLC39A4/SLC39A5/ATP1A1/NPR1/GLRX5/SLC4A4/AGTR1/SLC4A1/BMP6/CYP4F2/CAV2/CYP4F12/CALB1/KCNMA1/CLCC1/SLC9A9/CCL5/SCNN1G/MCUR1/ATP6V1A/LETM1/CLDN16/ALPL/ATP2A3/PDK2/BAX/ATP6V0A4/CAV1/SCNN1B/SLC25A27/STC2/PTH1R/CXCL12/RAB38/CDH5/CYP27B1/SLC26A6/ATP2B4/CYP4A11/FASLG/ATP6V0D2/ACO1/SLC1A1/CORIN",77
"GO:0045766","positive regulation of angiogenesis","35/1982","129/11930",0.271317829457364,1.63310883220301,3.22700603971208,0.00167476928383401,0.0312900597113263,0.0312900597113263,"ITGAX/FGF1/JUP/HMOX1/HPSE/CCBE1/VEGFC/ITGB2/ITGB1/MYDGF/ADM/SP1/VEGFB/JCAD/NFE2L2/HK2/C3/PTK2B/HIF1A/DDAH1/HYAL1/PRKD1/VEGFA/PKM/ZNF304/SEMA5A/RAPGEF3/PRKCA/ETS1/CD34/EMILIN2/AQP1/ANGPTL4/CDH5/TLR3",35
"GO:0070371","ERK1 and ERK2 cascade","52/1982","211/11930",0.246445497630332,1.4833979751412,3.16218106269176,0.00169006756141285,0.0314558202019616,0.0314558202019616,"SPRY4/FGF1/CCN2/P2RY1/ERBB2/TLR4/FERMT2/PTPN22/WNK4/CASR/ACE2/VEGFB/DUSP9/RGS14/MTURN/EIF3A/CTSH/PTK2B/LYN/ERBB4/CEACAM1/VEGFA/PDGFA/ACTA2/NRG1/DUSP15/PDGFD/LMO3/SEMA6A/SPRY1/MFHAS1/SYNJ2BP/EGFR/ZFP36L2/NAMPT/PRKCA/SPRED1/SIRPA/CD36/EPHA4/PTPRC/ARRB2/IL13RA2/PHB1/GPNMB/FGFR3/GNAI2/PDE8B/EGF/ARHGAP8/TREM2/CSK",52
"GO:0070663","regulation of leukocyte proliferation","39/1982","148/11930",0.263513513513513,1.58613330787902,3.20260742405459,0.00170309161870247,0.0315115383341889,0.0315115383341889,"CRTAM/PRLR/SLC7A1/PTPN22/FCGR3A/MAPK8IP1/BTN2A2/IGFBP2/SH3RF1/CD300A/IL2RG/HHEX/NCKAP1L/HLA-E/LYN/CD1D/CD86/LAPTM5/ANXA1/CD24/LGALS3/VTCN1/CD276/TNFAIP3/CCL5/TYROBP/MEF2C/NR5A2/PTPRC/CD3E/CD6/GPNMB/MNDA/PNP/NCK1/CDKN2A/TNFSF13B/NMB/CD274",39
"GO:1901568","fatty acid derivative metabolic process","21/1982","66/11930",0.318181818181818,1.91519126685625,3.32777704822118,0.00170593619173852,0.0315115383341889,0.0315115383341889,"DLD/CBR4/HPGD/TECR/ALOX5/DPEP1/SLC27A2/CYP4F3/PAM/PECR/ACSBG1/PTGR1/CYP4F2/GGT1/DPEP2/CYP4F12/GCDH/BCKDHB/DGAT2/ACAT1/CYP4A11",21
"GO:0048545","response to steroid hormone","58/1982","241/11930",0.240663900414938,1.44859754386993,3.14023890227886,0.00172715805729612,0.0317836040994907,0.0317836040994907,"PRMT2/PPARA/PCK1/UBA5/ESRRG/IGFBP2/SLIT2/SH3RF1/CNOT2/SFRP1/PCK2/NR1D1/HEYL/PRKN/TGFB3/ANXA1/GPI/CBX3/AIFM1/TCF21/SCNN1A/LMO3/ESRRB/ASS1/VDR/ATP1A1/UFSP2/HSD11B2/BMP6/PTGDS/ZFP36L2/UGT1A9/PRKCA/ALAD/STK39/KDM3A/SCNN1G/GHR/YWHAH/PTPRC/IDH1/PHB1/NEFL/ALPL/AQP1/RAN/LOX/CCND1/CAV1/SCNN1B/SLC12A3/PTPRU/SSTR2/ADTRP/MT-ND3/ABCA3/PKN1/PPP1R9B",58
"GO:0001914","regulation of T cell mediated cytotoxicity","9/1982","19/11930",0.473684210526316,2.85118699877848,3.60444942094904,0.00177375118293686,0.0325187716871758,0.0325187716871758,"NCKAP1L/HLA-E/CD1D/MR1/CEACAM1/AZGP1/HLA-F/PTPRC/CYRIB",9
"GO:0002757","immune response-activating signaling pathway","87/1982","390/11930",0.223076923076923,1.34273849258713,3.07169603752701,0.00184686878741608,0.0337329205761257,0.0337329205761257,"DDX41/CD8A/CD247/COLEC11/CLEC7A/LACC1/TKFC/S100A14/OAS1/OGT/TLR4/IFI16/NOD1/PTPN22/CASR/LCP2/BTN2A2/RAB29/IRAK4/LAT2/CD300A/INPP5D/NCKAP1L/CBL/PLPP4/C3/LYN/CTSS/CD86/BTN3A2/PRKD1/NR1D1/GRAMD4/LAPTM5/MSR1/CEACAM1/HCK/SLC15A2/RAB7B/GBP5/MASP1/MFHAS1/LGALS3/GBP2/CLEC2B/VTCN1/LYPLAL1/EGFR/LPXN/GATA3/CD276/PRKCH/TYRO3/TNFAIP3/GDI1/BRCC3/CASP1/LRRC19/CSNK1A1/BTN3A1/TYROBP/MEF2C/TRAF3IP3/OAS3/CD36/TLR2/PTPRC/ARRB2/RFTN1/CD3E/PHB1/P2RX7/MNDA/NMI/LY96/BIRC3/BAX/SLC15A4/NCK1/TLR7/FYB1/BTN3A3/BTN2A1/TREM2/CSK/CD274/TLR3",87
"GO:0045216","cell-cell junction organization","38/1982","144/11930",0.263888888888889,1.58839275703554,3.1706718858086,0.00188481375789649,0.0341186456604251,0.0341186456604251,"PARD6A/JUP/MPP7/GJA1/FERMT2/PTPRO/ACE2/CDH6/MYLK3/CLDN19/TGFB3/KIFC3/VEGFA/PKP4/MICALL2/TJP3/GJC1/ARL2/CDH13/BMP6/OCLN/PRKCH/TLN2/PRKCA/GJB1/GJA4/EPHA4/EFNB2/ACTB/PLEKHA7/CLDN11/PECAM1/CAV1/CDH5/CAMSAP3/ECT2/ABI2/CSK",38
"GO:0051260","protein homooligomerization","38/1982","144/11930",0.263888888888889,1.58839275703554,3.1706718858086,0.00188481375789649,0.0341186456604251,0.0341186456604251,"SHMT1/KCNJ2/CBR4/ALDOA/ACOT13/B2M/EHD1/KCTD21/SAMHD1/TRPM3/PRF1/CTH/SLC22A6/CRTC3/KCNS3/ALDH9A1/GBP5/ALOX5AP/KCTD11/ATL3/ALDH1A2/SSBP1/ITLN1/UBB/SHMT2/ALAD/UPB1/AQP2/LETM1/MLKL/CRYZ/P2RX7/KCTD6/KCTD10/ABCA3/KCNC3/TRPV1/ECT2",38
"GO:0098656","monoatomic anion transmembrane transport","25/1982","84/11930",0.297619047619048,1.79142040267166,3.24897954454605,0.00188889744105724,0.0341186456604251,0.0341186456604251,"CLIC5/ANO1/CASR/BSND/TCAF2/SLC12A1/SLC4A9/PACC1/LRRC8C/GABRA2/SLC4A4/SLC4A1/VDAC1/CLCNKB/CLCC1/SLC13A1/MCOLN3/CLCN5/SLC25A27/SLC12A3/SLC26A6/SLC26A7/SLC1A3/SLC1A4/SLC1A1",25
"GO:0055092","sterol homeostasis","22/1982","71/11930",0.309859154929577,1.8650957206407,3.26328691540928,0.00196368199393882,0.0353390564718034,0.0353390564718034,"SCARB1/EPHX2/EHD1/APOM/NEGR1/HSDL2/ABCA1/NR1D1/SOAT1/ACSM3/CD24/HNF4A/LPL/MALL/RALY/CAV1/ABCG1/DGAT2/LDAH/GRAMD1B/ACOX1/CYP39A1",22
"GO:0072348","sulfur compound transport","18/1982","54/11930",0.333333333333333,2.00639085099226,3.30837264700712,0.00199281945656806,0.0357320558238119,0.0357320558238119,"SLC43A2/GJA1/SLC3A1/LRRC8C/SLC13A3/SLC7A5/SLC22A2/CTNS/SLC13A1/SLC33A1/SLC25A42/SLC25A39/SLC26A6/SLC26A7/SLC1A4/SLC7A9/SLC25A10/SLC1A1",18
"GO:0045806","negative regulation of endocytosis","17/1982","50/11930",0.34,2.04651866801211,3.30986071070575,0.00206707231199519,0.0369281714131987,0.0369281714131987,"LRPAP1/SYT11/B2M/ANXA2/CD300A/PROM2/SCAMP5/PRKD1/SNX33/DYSF/LGALS3/SIRPA/TLR2/CAV1/PACSIN3/APOC1/CSK",17
"GO:0098581","detection of external biotic stimulus","8/1982","16/11930",0.5,3.0095862764884,3.59024268301687,0.00208759685770938,0.0370245891974182,0.0370245891974182,"SCARB1/CLEC7A/TLR4/NOD1/CD1D/TLR2/LY96/TREM2",8
"GO:0098883","synapse pruning","8/1982","16/11930",0.5,3.0095862764884,3.59024268301687,0.00208759685770938,0.0370245891974182,0.0370245891974182,"ITGB1/C3/C1QC/C1QA/EPHA4/PLXNC1/C1QB/TREM2",8
"GO:0010038","response to metal ion","55/1982","228/11930",0.241228070175439,1.45199337900756,3.07578097141663,0.00211799177290311,0.0374280495608691,0.0374280495608691,"TF/HVCN1/ABCC6/CRHBP/IQGAP1/SLC34A1/CPNE2/B2M/ALAS1/CAT/CASR/NLGN1/HOMER1/CCNB1/MT1G/KCNJ10/DPEP1/MT-CYB/SLC30A4/HIF1A/TNNC1/PAM/PRKN/GPI/TIGAR/TUBA1A/SLC41A1/INHBB/ABAT/ASS1/ALOX5AP/BMP6/ITPKB/SLC25A12/MT-CO1/CPOX/KCNMA1/LOXL2/GDI1/ALAD/STK39/FBP1/AQP2/MEF2C/AQP1/GPHN/SLC13A2/TNNT2/TFAP2A/CCND1/CAV1/SMPD1/SLC25A39/ECT2/ACO1",55
"GO:0060627","regulation of vesicle-mediated transport","92/1982","418/11930",0.220095693779904,1.32479395902838,3.01721771912509,0.00213269217876488,0.0375522597663816,0.0375522597663816,"RAB31/STX4/LRPAP1/TF/COLEC11/P2RY1/SCARB1/CLEC7A/CADPS2/BMP2K/RAB15/SYT11/SNX4/B2M/EHD1/ITGB2/GAS1/NLGN1/SPHK2/RAB29/SPI1/ANXA2/CD300A/BIN1/IL2RG/VAMP2/CD63/ZNRF2/NCKAP1L/CBL/C3/LYN/PROM2/SCAMP5/PRKD1/PRKN/ANXA1/CEACAM1/HCK/CD151/VEGFA/NRG1/PSEN1/ZDHHC2/SNX33/DYSF/APLN/USP46/CD84/MASP1/RALA/LGALS3/FCGR2A/LYPLAL1/CDH13/DOC2A/DOCK2/HLA-F/S100A10/SEC24D/ALDH7A1/GAB2/PRKCA/IL15RA/BICD1/SIRPA/TLR2/PTPRC/ARRB2/EFNB2/AHI1/ACTB/ARHGAP1/CAMK1D/CAV1/LMAN2/GNAI2/SMPD1/PACSIN3/EGF/RAB27A/ARHGAP8/ARPC3/WDR41/ABCA3/GPC3/TREM2/SYT13/APOC1/WDR44/CSK/RAB25",92
"GO:0050670","regulation of lymphocyte proliferation","35/1982","131/11930",0.267175572519084,1.60817587293273,3.12412347711727,0.00222551593080922,0.0390462382842693,0.0390462382842693,"CRTAM/PRLR/SLC7A1/PTPN22/FCGR3A/MAPK8IP1/BTN2A2/IGFBP2/SH3RF1/CD300A/NCKAP1L/HLA-E/LYN/CD1D/CD86/LAPTM5/ANXA1/CD24/LGALS3/VTCN1/CD276/CCL5/TYROBP/MEF2C/NR5A2/PTPRC/CD3E/CD6/GPNMB/MNDA/PNP/NCK1/CDKN2A/TNFSF13B/CD274",35
"GO:0006820","monoatomic anion transport","27/1982","94/11930",0.287234042553192,1.72891126521674,3.16681043165573,0.00225466339523999,0.0394163475703562,0.0394163475703562,"CLIC5/ANO1/CASR/BSND/TCAF2/SLC12A1/SLC4A9/PACC1/LRRC8C/GABRA2/SLC4A4/SLC4A1/VDAC1/CLCNKB/CLCC1/SLC13A1/MCOLN3/CLCN5/ABCB1/SLC25A27/SLC12A3/PDZK1/SLC26A6/SLC26A7/SLC1A3/SLC1A4/SLC1A1",27
"GO:0006910","phagocytosis, recognition","7/1982","13/11930",0.538461538461538,3.24109291314135,3.60856078140232,0.00233829755583198,0.0399920760808406,0.0399920760808406,"GZMK/COLEC11/SCARB1/CLEC7A/C3/MASP1/TREM2",7
"GO:0015872","dopamine transport","7/1982","13/11930",0.538461538461538,3.24109291314135,3.60856078140232,0.00233829755583198,0.0399920760808406,0.0399920760808406,"SYT11/SLC29A4/PRKN/ABAT/SLC22A2/SLC22A3/CXCL12",7
"GO:0046185","aldehyde catabolic process","7/1982","13/11930",0.538461538461538,3.24109291314135,3.60856078140232,0.00233829755583198,0.0399920760808406,0.0399920760808406,"ALDH2/AKR1A1/HAGH/HOGA1/PNKD/AGXT/AGXT2",7
"GO:0097254","renal tubular secretion","7/1982","13/11930",0.538461538461538,3.24109291314135,3.60856078140232,0.00233829755583198,0.0399920760808406,0.0399920760808406,"SLC22A12/ATP6V1B1/SLC22A6/NPR1/AGTR1/ATP6V0A4/CORIN",7
"GO:0050890","cognition","37/1982","141/11930",0.26241134751773,1.57949918056838,3.08965405531035,0.00238524484367451,0.0399920760808406,0.0399920760808406,"CRHBP/SYT11/B2M/PTN/ACSS2/SOBP/EIF2AK4/RGS14/AMFR/GPI/PSEN1/TUBA1A/GPRASP3/ATP8A1/MME/VLDLR/EGFR/CALB1/RAPGEF3/CTNS/PRKCA/NRGN/MEF2C/TLR2/RELN/ATXN1L/ADCY3/NRXN3/CLSTN2/GATM/STRA6/GPR155/SLC1A4/PPP1R9B/TREM2/SCN2A/SLC1A1",37
"GO:0001765","membrane raft assembly","6/1982","10/11930",0.6,3.61150353178607,3.68755448482465,0.00238563559052205,0.0399920760808406,0.0399920760808406,"IQGAP1/ANXA2/CAV2/S100A10/RFTN1/CAV1",6
"GO:0006563","L-serine metabolic process","6/1982","10/11930",0.6,3.61150353178607,3.68755448482465,0.00238563559052205,0.0399920760808406,0.0399920760808406,"PHGDH/SHMT1/PSAT1/AGXT/SHMT2/SDSL",6
"GO:0009111","vitamin catabolic process","6/1982","10/11930",0.6,3.61150353178607,3.68755448482465,0.00238563559052205,0.0399920760808406,0.0399920760808406,"CYP26B1/CYP4F3/CYP24A1/CYP4F2/CYP4F12/CYP27B1",6
"GO:0019585","glucuronate metabolic process","6/1982","10/11930",0.6,3.61150353178607,3.68755448482465,0.00238563559052205,0.0399920760808406,0.0399920760808406,"SORD/AKR1A1/XYLB/ABHD10/CRYL1/DCXR",6
"GO:0046415","urate metabolic process","6/1982","10/11930",0.6,3.61150353178607,3.68755448482465,0.00238563559052205,0.0399920760808406,0.0399920760808406,"SLC22A12/SLC16A9/SLC2A9/SLC22A11/PNP/CARMIL1",6
"GO:0099188","postsynaptic cytoskeleton organization","6/1982","10/11930",0.6,3.61150353178607,3.68755448482465,0.00238563559052205,0.0399920760808406,0.0399920760808406,"MYH10/SH3GL2/WASF2/ACTB/NEFL/DBNL",6
"GO:1904627","response to phorbol 13-acetate 12-myristate","6/1982","10/11930",0.6,3.61150353178607,3.68755448482465,0.00238563559052205,0.0399920760808406,0.0399920760808406,"SPHK2/PRKD1/BTG2/INHBB/PRKCA/FBP1",6
"GO:0032944","regulation of mononuclear cell proliferation","35/1982","132/11930",0.265151515151515,1.59599272238021,3.073333446963,0.00255509602169479,0.042686672444355,0.042686672444355,"CRTAM/PRLR/SLC7A1/PTPN22/FCGR3A/MAPK8IP1/BTN2A2/IGFBP2/SH3RF1/CD300A/NCKAP1L/HLA-E/LYN/CD1D/CD86/LAPTM5/ANXA1/CD24/LGALS3/VTCN1/CD276/CCL5/TYROBP/MEF2C/NR5A2/PTPRC/CD3E/CD6/GPNMB/MNDA/PNP/NCK1/CDKN2A/TNFSF13B/CD274",35
"GO:0051250","negative regulation of lymphocyte activation","29/1982","104/11930",0.278846153846154,1.67842311573391,3.10158955520989,0.00258606454934559,0.043022617740191,0.043022617740191,"CRTAM/PTPN22/BTN2A2/CD300A/CBL/HLA-E/LYN/SFRP1/LOXL3/CD86/LAPTM5/ANXA1/PSMB8/PSMB9/LGALS3/VTCN1/PAG1/RUNX3/PSMA2/SAMSN1/TNFAIP3/TYROBP/GPNMB/CBFB/MNDA/CDKN2A/PSMB10/CSK/CD274",29
"GO:0002429","immune response-activating cell surface receptor signaling pathway","56/1982","235/11930",0.238297872340426,1.43435601262426,3.00168843382607,0.00259278288730466,0.043022617740191,0.043022617740191,"CD8A/CD247/COLEC11/CLEC7A/S100A14/OAS1/TLR4/PTPN22/LCP2/BTN2A2/RAB29/IRAK4/LAT2/CD300A/INPP5D/NCKAP1L/CBL/PLPP4/C3/LYN/CD86/BTN3A2/NR1D1/LAPTM5/CEACAM1/HCK/RAB7B/MASP1/MFHAS1/LGALS3/CLEC2B/VTCN1/LPXN/GATA3/CD276/PRKCH/TNFAIP3/BTN3A1/TYROBP/MEF2C/CD36/TLR2/PTPRC/RFTN1/CD3E/MNDA/NMI/LY96/BAX/NCK1/FYB1/BTN3A3/BTN2A1/TREM2/CSK/CD274",56
"GO:0032715","negative regulation of interleukin-6 production","12/1982","31/11930",0.387096774193548,2.33000227857166,3.3095119663675,0.00270528201831966,0.0442888143132934,0.0442888143132934,"CD200R1/CD200/TLR4/PTPN22/SYT11/NCKAP1L/BPI/TNFAIP3/SIRPA/ARRB2/NMB/CSK",12
"GO:0035633","maintenance of blood-brain barrier","12/1982","31/11930",0.387096774193548,2.33000227857166,3.3095119663675,0.00270528201831966,0.0442888143132934,0.0442888143132934,"GJA1/ITGB1/SH3GL2/DMD/VEGFA/TJP3/LAMC1/OCLN/ACTB/PECAM1/CDH5/SLC1A1",12
"GO:0070633","transepithelial transport","12/1982","31/11930",0.387096774193548,2.33000227857166,3.3095119663675,0.00270528201831966,0.0442888143132934,0.0442888143132934,"CLDN19/SLC12A1/RHCG/PRKD1/CLCNKB/ABCB1/ACTB/AQP1/RHBG/SLC26A6/SLC1A3/SLC1A1",12
"GO:0071402","cellular response to lipoprotein particle stimulus","12/1982","31/11930",0.387096774193548,2.33000227857166,3.3095119663675,0.00270528201831966,0.0442888143132934,0.0442888143132934,"SCARB1/TLR4/ITGB2/ITGB1/CASR/ABCA1/CDH13/CD36/LPL/ABCG1/ADTRP/TREM2",12
"GO:0015837","amine transport","16/1982","47/11930",0.340425531914894,2.04908001803465,3.21647700940962,0.00272803765384727,0.0443418728656661,0.0443418728656661,"P2RY1/SLC43A2/SYT11/ITGB1/ACE2/RHCG/PRKN/ABAT/SLC43A1/SLC7A5/SLC22A2/CLTRN/SLC47A2/SLC22A3/RGS2/CXCL12",16
"GO:0022900","electron transport chain","30/1982","109/11930",0.275229357798165,1.65665299623214,3.07402946963176,0.00273723708274637,0.0443418728656661,0.0443418728656661,"NDUFA10/UQCRC2/MT-ND4L/MT-ND4/FDX1/NDUFV1/NDUFS3/CCNB1/ENOX2/UQCRH/MT-CYB/PDIA5/MT-ND6/MT-CO3/HIGD1A/ETFDH/UQCRC1/SDHD/MT-ND1/MT-CO1/ETFA/MT-ND5/COX4I2/COX5B/COXFA4L2/MT-CO2/SDHB/GHITM/MT-ND2/MT-ND3",30
"GO:0045088","regulation of innate immune response","82/1982","369/11930",0.222222222222222,1.33759390066151,2.94032969618412,0.00274535862922722,0.0443418728656661,0.0443418728656661,"EIF4E2/DDX41/COLEC11/NLRC5/CLEC7A/LACC1/TKFC/HEXIM1/S100A14/CRTAM/OAS1/OGT/TLR4/IFI16/NOD1/PTPN22/SLAMF8/B2M/CASR/IRAK4/SPI1/CD300A/CALHM6/NFE2L2/INPP5D/SAMHD1/C3/HLA-E/LYN/CD1D/CTSS/DDX39A/PRKD1/NR1D1/GRAMD4/MSR1/TRIM6/CEACAM1/HCK/SLC15A2/RBM47/TRIM21/RAB7B/GBP5/MASP1/MFHAS1/GBP2/LYPLAL1/EGFR/HLA-F/SERPINB9/TYRO3/TNFAIP3/NCF1/GDI1/CCL5/BRCC3/CASP1/ISG15/LRRC19/CSNK1A1/TYROBP/TRAF3IP3/OAS3/CD36/TLR2/PARP9/ARRB2/CFI/RFTN1/ATG12/PHB1/P2RX7/MNDA/NMI/LY96/BIRC3/SLC15A4/TLR7/TREM2/CD274/TLR3",82
"GO:0010893","positive regulation of steroid biosynthetic process","9/1982","20/11930",0.45,2.70862764883956,3.41344180412865,0.00275381600636619,0.0443418728656661,0.0443418728656661,"FGF1/GNAI1/MBTPS2/ADM/SCAP/NR1D1/BMP6/NR5A2/ABCG1",9
"GO:0051937","catecholamine transport","9/1982","20/11930",0.45,2.70862764883956,3.41344180412865,0.00275381600636619,0.0443418728656661,0.0443418728656661,"P2RY1/SYT11/SLC29A4/PRKN/ABAT/SLC22A2/ACTB/SLC22A3/CXCL12",9
"GO:0006935","chemotaxis","70/1982","307/11930",0.228013029315961,1.37244976777972,2.95096278600395,0.00278574422436385,0.0443863400368238,0.0443863400368238,"STX4/FGF1/ROBO2/CXCR4/S100A14/CORO1C/SLAMF8/PTPRO/ITGA1/PTN/VEGFC/ITGB2/CASR/PLP2/PLXNA4/SPI1/SLIT2/IL17RA/ALOX5/SEMA5B/VEGFB/DPEP1/NCKAP1L/C3/PTK2B/CCRL2/LYN/PRKD1/CKLF/ANXA1/VEGFA/PDGFA/NRG1/TMSB4X/PDGFD/PTAFR/SEMA6A/L1CAM/RALA/LGALS3/PLXNA3/AGTR1/CDH13/CXCL10/SEMA5A/SEMA3B/SEMA6C/RHOG/MET/CCL5/GNA14/STK39/ARRB2/CCN3/EFNB2/CCL4/GPNMB/IL16/HRG/CAMK1D/DOCK4/DEFB1/SEMA6D/CXCL9/SEMA4F/CXCL12/TYMP/TUBB2B/TREM2/CYRIB",70
"GO:0042330","taxis","70/1982","307/11930",0.228013029315961,1.37244976777972,2.95096278600395,0.00278574422436385,0.0443863400368238,0.0443863400368238,"STX4/FGF1/ROBO2/CXCR4/S100A14/CORO1C/SLAMF8/PTPRO/ITGA1/PTN/VEGFC/ITGB2/CASR/PLP2/PLXNA4/SPI1/SLIT2/IL17RA/ALOX5/SEMA5B/VEGFB/DPEP1/NCKAP1L/C3/PTK2B/CCRL2/LYN/PRKD1/CKLF/ANXA1/VEGFA/PDGFA/NRG1/TMSB4X/PDGFD/PTAFR/SEMA6A/L1CAM/RALA/LGALS3/PLXNA3/AGTR1/CDH13/CXCL10/SEMA5A/SEMA3B/SEMA6C/RHOG/MET/CCL5/GNA14/STK39/ARRB2/CCN3/EFNB2/CCL4/GPNMB/IL16/HRG/CAMK1D/DOCK4/DEFB1/SEMA6D/CXCL9/SEMA4F/CXCL12/TYMP/TUBB2B/TREM2/CYRIB",70
"GO:0050777","negative regulation of immune response","38/1982","147/11930",0.258503401360544,1.55597657832053,3.02742352259287,0.00279284836186757,0.0443863400368238,0.0443863400368238,"EIF4E2/NLRC5/OAS1/IFI16/SLAMF8/RHBDF2/SPI1/CD300A/INPP5D/NCKAP1L/SAMHD1/HLA-E/LYN/LOXL3/DDX39A/IL18BP/ANXA1/CEACAM1/HCK/TRIM21/MASP1/LGALS3/HLA-F/SERPINB9/AMBP/TYRO3/SAMSN1/TNFAIP3/ISG15/OAS3/PTPRC/PRKAR2B/ARRB2/ATG12/NMI/WDR41/TREM2/CD274",38
"GO:0071219","cellular response to molecule of bacterial origin","38/1982","147/11930",0.258503401360544,1.55597657832053,3.02742352259287,0.00279284836186757,0.0443863400368238,0.0443863400368238,"SCARB1/CD200/TLR4/PTPN22/B2M/ARID5A/IRAK4/SPI1/ABCA1/LYN/CD86/NR1D1/HCK/UPF1/PTAFR/ASS1/GBP5/BPI/GBP2/CXCL10/BMP6/SLC7A5/TNFAIP3/PRKCA/CASP1/SIRPA/MEF2C/CD36/TLR2/EFNB2/CD6/LY96/SIGIRR/CXCL9/PLSCR4/TREM2/CYRIB/CD274",38
"GO:0043467","regulation of generation of precursor metabolites and energy","28/1982","100/11930",0.28,1.6853683148335,3.07197450101236,0.00284528801857244,0.0449862062207879,0.0449862062207879,"PPARA/OAS1/OGT/CCNB1/AK4/PPP1R3G/SORBS1/HIF1A/TIGAR/ALDOB/PPP1R3C/PSEN1/KHK/EPM2AIP1/NUPR1/DYRK2/PHKA1/ARL2/SLC4A4/MACROH2A1/SHMT2/PPP1R3B/FBP1/P2RX7/COXFA4L2/GHITM/RBPJ/IFNLR1",28
"GO:0070372","regulation of ERK1 and ERK2 cascade","48/1982","196/11930",0.244897959183673,1.4740830741984,2.98707000009275,0.00284897322337983,0.0449862062207879,0.0449862062207879,"SPRY4/FGF1/CCN2/P2RY1/ERBB2/TLR4/FERMT2/PTPN22/CASR/ACE2/VEGFB/DUSP9/RGS14/MTURN/EIF3A/PTK2B/LYN/ERBB4/CEACAM1/VEGFA/PDGFA/ACTA2/NRG1/DUSP15/PDGFD/LMO3/SEMA6A/SPRY1/MFHAS1/SYNJ2BP/EGFR/NAMPT/PRKCA/SPRED1/SIRPA/CD36/EPHA4/PTPRC/ARRB2/IL13RA2/PHB1/GPNMB/FGFR3/GNAI2/PDE8B/ARHGAP8/TREM2/CSK",48
"GO:0002444","myeloid leukocyte mediated immunity","22/1982","73/11930",0.301369863013699,1.81399720774643,3.11374391138785,0.00289738276349183,0.0456035004093007,0.0456035004093007,"STX4/FCGR3A/SNX4/ITGB2/GNAI1/SPHK2/IRAK4/SPI1/LAT2/CD300A/VAMP2/CBL/HLA-E/LYN/DAO/CD84/FCGR2A/DNASE1L3/SERPINB9/PTGDS/GAB2/TYROBP",22
"GO:0007565","female pregnancy","26/1982","91/11930",0.285714285714286,1.7197635865648,3.07637315880842,0.00291863175968669,0.0456444168168253,0.0456444168168253,"GJA1/CLIC5/CRHBP/HPGD/PRLR/ACVR2B/PTN/ACE2/IGFBP2/SPHK2/PAPPA/TPPP3/VEGFA/VDR/HSD11B2/STS/AMBP/SLC2A1/ARHGDIB/SLC38A1/RGS2/STC2/APOL2/CYP27B1/TMED2/CORIN",26
"GO:0034341","response to type II interferon","26/1982","91/11930",0.285714285714286,1.7197635865648,3.07637315880842,0.00291863175968669,0.0456444168168253,0.0456444168168253,"SP100/GCH1/NLRC5/CD200/TLR4/GAPDH/HCK/PSMB8/TRIM21/PSMB9/ASS1/GBP5/GBP2/PSMA2/CCL5/CASP1/ZNF697/SIRPA/TLR2/PARP9/DAPK3/CYP27B1/SLC26A6/IRF8/FASLG/PSMB10",26
"GO:0002253","activation of immune response","94/1982","433/11930",0.217090069284065,1.30670258655847,2.90171715411025,0.00295698680542515,0.046096975836166,0.046096975836166,"GZMK/DDX41/CD8A/CD247/COLEC11/CLEC7A/LACC1/TKFC/HEXIM1/S100A14/OAS1/OGT/TLR4/IFI16/NOD1/PTPN22/CASR/LCP2/BTN2A2/RAB29/IRAK4/LAT2/CD300A/INPP5D/NCKAP1L/CBL/PLPP4/C3/LYN/CTSS/CD86/BTN3A2/PRKD1/NR1D1/GRAMD4/LAPTM5/MSR1/CEACAM1/HCK/SLC15A2/RAB7B/GBP5/MASP1/MFHAS1/LGALS3/GBP2/CLEC2B/VTCN1/LYPLAL1/EGFR/LPXN/C1QC/GATA3/C1QA/CD276/PRKCH/TYRO3/TNFAIP3/GDI1/BRCC3/CASP1/LRRC19/CSNK1A1/BTN3A1/TYROBP/MEF2C/TRAF3IP3/OAS3/CD36/TLR2/PTPRC/ARRB2/CFI/RFTN1/CD3E/PHB1/P2RX7/MNDA/NMI/LY96/BIRC3/BAX/C7/SLC15A4/NCK1/TLR7/FYB1/C1QB/BTN3A3/BTN2A1/TREM2/CSK/CD274/TLR3",94
"GO:0048729","tissue morphogenesis","64/1982","277/11930",0.231046931407942,1.3907113479802,2.93672305432397,0.00297746358842338,0.0462688389375633,0.0462688389375633,"ITGAX/FGF1/ROBO2/GJA1/FERMT2/LHX1/WNK4/RHBDF2/ITGB1/CASR/SLIT2/FKBP1A/CTSH/TNNC1/HEYL/CEACAM1/CD151/VEGFA/PDGFA/ACTA2/NRG1/FOXF1/TCF21/CCM2/CARMIL2/FOLR1/COL4A1/SALL1/RALA/TBX3/CXCL10/MYL3/GATA3/MESP1/IRX2/MET/WT1/SYNE4/PALS1/HEY2/TPM1/MICAL2/DLL4/COBL/MEF2C/SIX1/MTHFD1L/LRP2/ACTB/PAX8/ACTG2/FOXC1/TNNT2/TFAP2A/BMP5/HS3ST3B1/KDM2B/WLS/EGF/HEY1/CAMSAP3/GPC3/RBPJ/ARHGAP24",64
"GO:0035725","sodium ion transmembrane transport","32/1982","119/11930",0.26890756302521,1.61860102264922,3.02709977389268,0.00300919562366371,0.0465583145828265,0.0465583145828265,"TPCN1/CNGA1/SLC34A1/WNK4/DMD/SLC12A1/SLC4A9/SCN1B/SLC41A1/SCN4B/SCNN1A/SLC13A3/ATP1A1/SLC4A4/SLC6A19/SLC5A12/SLC9A9/SLC23A1/SLC13A1/STK39/SCNN1G/SLC5A3/MCOLN3/SLC6A8/SLC38A1/P2RX7/SLC13A2/SCNN1B/SLC12A3/ATP2B4/SCN2A/RANGRF",32
"GO:0022408","negative regulation of cell-cell adhesion","36/1982","138/11930",0.260869565217391,1.57021892686351,3.00727672079422,0.00301511455010337,0.0465583145828265,0.0465583145828265,"PPARA/PLG/CRTAM/PTPN22/EPCAM/SH2B3/BTN2A2/SPI1/CD300A/CBL/HLA-E/LOXL3/CD86/LAPTM5/ANXA1/CEACAM1/PSMB8/VEGFA/PSMB9/ASS1/LGALS3/VTCN1/PAG1/BMP6/RUNX3/PSMA2/AKNA/GPNMB/JAG1/CBFB/CXCL12/ADTRP/CDKN2A/PSMB10/CSK/CD274",36
"GO:0006959","humoral immune response","33/1982","124/11930",0.266129032258065,1.60187656651802,3.0071344364032,0.00312992261502763,0.0481079073243178,0.0481079073243178,"GZMK/LYZ/TF/COLEC11/KNG1/B2M/RNASE6/GAPDH/ALOX5/ADM/C3/HLA-E/GPI/DAO/BPI/MASP1/LGALS3/CXCL10/C1QC/C1QA/CCL5/MEF2C/CFI/CCL4/PHB1/HRG/DEFB1/CXCL9/C7/CXCL12/C1QB/TREM2/PSMB10",33
"GO:0071346","cellular response to type II interferon","18/1982","56/11930",0.321428571428571,1.9347340348854,3.12946071052441,0.0031351220503488,0.0481079073243178,0.0481079073243178,"SP100/NLRC5/CD200/TLR4/GAPDH/HCK/ASS1/GBP5/GBP2/CCL5/CASP1/SIRPA/TLR2/PARP9/DAPK3/SLC26A6/IRF8/FASLG",18
"GO:0002237","response to molecule of bacterial origin","52/1982","217/11930",0.23963133640553,1.44238236292531,2.9354829035904,0.00319145174756254,0.0487565276142517,0.0487565276142517,"GCH1/SCARB1/S100A14/CD200/HPGD/TLR4/PTPN22/B2M/ARID5A/IRAK4/SPI1/SMAD6/ABCA1/LYN/PALM3/CD86/IL18BP/FMO1/NR1D1/TRIM6/HCK/UPF1/CD24/PTAFR/ASS1/GBP5/BPI/GBP2/CXCL10/BMP6/SLC7A5/TNFAIP3/PRKCA/ALAD/CASP1/SIRPA/MEF2C/CD36/TLR2/EFNB2/PRDX3/CD6/ALPL/LY96/SIGIRR/CXCL9/CYP27B1/PLSCR4/FASLG/TREM2/CYRIB/CD274",52
"GO:0034440","lipid oxidation","25/1982","87/11930",0.28735632183908,1.72964728533816,3.04879124580827,0.00319795763032413,0.0487565276142517,0.0487565276142517,"PHYH/PPARA/ECHS1/AUH/ECHDC1/HACL1/ECI2/ABCD3/ALOX5/SLC27A2/CYP4F3/EHHADH/HAO2/ETFDH/CYP4F2/HACL2/CRAT/GCDH/ETFA/SCP2/DGAT2/ACAT1/ACOX1/ACOX2/PLIN5",25
"GO:0009072","aromatic amino acid metabolic process","10/1982","24/11930",0.416666666666667,2.50798856374033,3.30070480774371,0.00322719406476355,0.0487565276142517,0.0487565276142517,"IYD/NADSYN1/ACMSD/HGD/HPD/AFMID/GCDH/AMDHD1/FTCD/PAH",10
"GO:0009309","amine biosynthetic process","10/1982","24/11930",0.416666666666667,2.50798856374033,3.30070480774371,0.00322719406476355,0.0487565276142517,0.0487565276142517,"ALDH2/GCH1/KL/SMOX/ODC1/DAO/GATA3/DDC/AGMAT/PAH",10
"GO:0042401","biogenic amine biosynthetic process","10/1982","24/11930",0.416666666666667,2.50798856374033,3.30070480774371,0.00322719406476355,0.0487565276142517,0.0487565276142517,"ALDH2/GCH1/KL/SMOX/ODC1/DAO/GATA3/DDC/AGMAT/PAH",10
"GO:0030193","regulation of blood coagulation","17/1982","52/11930",0.326923076923077,1.9678064115501,3.12179558674884,0.00331180179782104,0.0489748462603107,0.0489748462603107,"PLG/KNG1/HPSE/SH2B3/NFE2L2/PROC/F11/TSPAN8/CEACAM1/PDGFA/CD36/APOH/EMILIN2/PLAT/HRG/CAV1/ADTRP",17
"GO:0031341","regulation of cell killing","17/1982","52/11930",0.326923076923077,1.9678064115501,3.12179558674884,0.00331180179782104,0.0489748462603107,0.0489748462603107,"CRTAM/SPI1/INPP5D/NCKAP1L/HLA-E/PRF1/CD1D/MR1/CEACAM1/DNASE1L3/AZGP1/HLA-F/SERPINB9/TYROBP/PTPRC/ARRB2/CYRIB",17
"GO:0070373","negative regulation of ERK1 and ERK2 cascade","17/1982","52/11930",0.326923076923077,1.9678064115501,3.12179558674884,0.00331180179782104,0.0489748462603107,0.0489748462603107,"SPRY4/TLR4/ACE2/DUSP9/RGS14/EIF3A/LYN/LMO3/SEMA6A/SPRY1/SYNJ2BP/SPRED1/SIRPA/EPHA4/PTPRC/PHB1/CSK",17
"GO:1900046","regulation of hemostasis","17/1982","52/11930",0.326923076923077,1.9678064115501,3.12179558674884,0.00331180179782104,0.0489748462603107,0.0489748462603107,"PLG/KNG1/HPSE/SH2B3/NFE2L2/PROC/F11/TSPAN8/CEACAM1/PDGFA/CD36/APOH/EMILIN2/PLAT/HRG/CAV1/ADTRP",17
"GO:0007588","excretion","8/1982","17/11930",0.470588235294118,2.83255178963614,3.37486265226331,0.00337355746853099,0.0489748462603107,0.0489748462603107,"SLC22A12/ATP6V1B1/SLC22A6/NPR1/AGTR1/KCNMA1/ATP6V0A4/CORIN",8
"GO:0042430","indole-containing compound metabolic process","8/1982","17/11930",0.470588235294118,2.83255178963614,3.37486265226331,0.00337355746853099,0.0489748462603107,0.0489748462603107,"ALDH2/NADSYN1/MAOA/ACMSD/ALDH9A1/AFMID/DDC/GCDH",8
"GO:0061042","vascular wound healing","8/1982","17/11930",0.470588235294118,2.83255178963614,3.37486265226331,0.00337355746853099,0.0489748462603107,0.0489748462603107,"MCAM/HPSE/ALOX5/VEGFB/VEGFA/TNFAIP3/CD34/NDNF",8
"GO:0072207","metanephric epithelium development","8/1982","17/11930",0.470588235294118,2.83255178963614,3.37486265226331,0.00337355746853099,0.0489748462603107,0.0489748462603107,"SLC22A6/CALB1/WT1/NPHS2/UMOD/PAX8/AQP1/ACAT1",8
"GO:0170044","non-proteinogenic amino acid catabolic process","8/1982","17/11930",0.470588235294118,2.83255178963614,3.37486265226331,0.00337355746853099,0.0489748462603107,0.0489748462603107,"ALDH4A1/HOGA1/DAO/ABAT/ASS1/ALDH5A1/SARDH/AGXT2",8
"GO:2001185","regulation of CD8-positive, alpha-beta T cell activation","8/1982","17/11930",0.470588235294118,2.83255178963614,3.37486265226331,0.00337355746853099,0.0489748462603107,0.0489748462603107,"CRTAM/MAPK8IP1/SH3RF1/NCKAP1L/HLA-E/RUNX3/CBFB/CD274",8
"GO:0002532","production of molecular mediator involved in inflammatory response","20/1982","65/11930",0.307692307692308,1.85205309322363,3.0745065352305,0.00337798439788571,0.0489748462603107,0.0489748462603107,"PPARA/CLEC7A/HMOX1/IL4R/TLR4/SLAMF8/SNX4/IL17RA/ALOX5/LYN/HIF1A/IL17RB/GBP5/MAPK9/NCF1/SIRPA/CD36/CD6/TREM2/TLR3",20
"GO:0006140","regulation of nucleotide metabolic process","20/1982","65/11930",0.307692307692308,1.85205309322363,3.0745065352305,0.00337798439788571,0.0489748462603107,0.0489748462603107,"PPARA/ENO1/LACC1/OGT/ACMSD/SPHK2/HIF1A/PRKN/TIGAR/ALDOB/TMSB4X/PSEN1/NUPR1/ARL2/SLC4A4/MACROH2A1/PID1/FBP1/P2RX7/TREM2",20
"GO:1900542","regulation of purine nucleotide metabolic process","20/1982","65/11930",0.307692307692308,1.85205309322363,3.0745065352305,0.00337798439788571,0.0489748462603107,0.0489748462603107,"PPARA/ENO1/LACC1/OGT/ACMSD/SPHK2/HIF1A/PRKN/TIGAR/ALDOB/TMSB4X/PSEN1/NUPR1/ARL2/SLC4A4/MACROH2A1/PID1/FBP1/P2RX7/TREM2",20
"GO:0044057","regulation of system process","74/1982","330/11930",0.224242424242424,1.34975384521298,2.87591753800039,0.00338171563554342,0.0489748462603107,0.0489748462603107,"ITGAX/JUP/PPARA/GCH1/ENO1/PRAP1/KCNJ2/ECE1/KCNE1/TBXAS1/CLDN2/GJA1/ADRB1/CRHBP/PTPRO/GRIK2/GNAI1/ITGB1/CASR/NLGN1/ACE2/TNNI3K/DMD/BIN1/ADM/FKBP1A/KCNJ3/CELF2/ECRG4/CDK18/PTK2B/CACNA2D2/TNNC1/PRKD1/PRKN/SCN1B/ATP2A2/CYP8B1/SCN4B/INHBB/FBXO32/ABAT/APLN/GJC1/ATP1A1/TBC1D24/NPR1/AGTR1/MYL3/BMP6/NOL3/TPM1/PRKCA/STK39/CACNA2D3/RELN/FABP5/DAPK3/ARRB2/CCN3/ATP2A3/AQP1/KCNH6/TNNT2/DOCK4/HRH2/KCNE4/RGS2/CAV1/MTPN/ATP2B4/SLC1A1/CORIN/RANGRF",74
