GeneID,GSM1543544,GSM1543545,GSM1543546,GSM1543547
7105,3046,1655,1506,1861
64102,9,18,0,18
8813,842,259,492,539
57147,206,129,480,333
55732,93,26,133,55
2268,281,28,851,132
3075,5283,876,494,948
2519,2470,1544,2170,2391
2729,357,471,1967,629
4800,310,69,959,287
90529,276,335,179,201
57185,823,260,1211,595
81887,1828,1361,1298,1085
22875,398,411,614,663
6405,1111,248,1840,324
1080,12,36,394,43
54467,582,340,1128,883
1595,684,517,892,859
889,438,98,1210,623
5893,264,58,383,134
572,3648,4105,1909,1444
51056,3009,2131,2216,3895
4267,13052,1188,5301,1400
9957,289,38,40,146
26,18306,20493,11505,18832
51384,5,2,2,2
23072,979,486,1,1325
8379,1266,1578,308,415
3927,5416,1786,3881,2685
29916,1046,686,760,644
55365,31389,18823,23690,13281
4074,8420,4020,3430,1904
90293,190,262,229,479
56603,13,22,532,92
3382,211,203,211,436
79007,179,309,546,236
57679,313,228,1133,610
843,486,224,504,226
8837,3322,2647,3514,3126
7035,4124,1139,5336,1855
55471,252,194,425,304
10181,2021,1579,3496,2244
9108,66,18,133,49
6542,279,163,10824,408
381,8165,4376,2982,2782
23098,476,89,1936,469
26073,3990,5169,5138,5468
23129,8975,1881,2643,523
204,6268,5989,7905,6035
952,138,6,88,22
2288,6480,7586,4079,4485
23028,1616,898,2199,1077
10180,1748,3403,3482,1610
84254,174,36,2509,68
5965,258,28,1018,226
55610,393,182,516,481
126393,187,83,81,165
115703,205,62,847,187
4706,4207,8950,1624,2844
5166,811,274,27750,12515
85413,45,12,19,26
51364,95,135,27,40
340273,3,4,47,7
170302,1,2,3,0
10165,818,720,1180,1211
7982,943,833,1093,963
93655,943,833,1093,963
996,709,257,2401,516
6521,16,1628,12,1085
799,84,19,827,60
3052,636,307,726,406
1856,513,174,2087,497
64063,2,13,5,35
5976,2296,1093,2883,1712
8935,1339,220,1637,755
292,17851,10480,11005,22273
55013,541,57,194,31
3207,71,13,330,50
5439,8009,4444,1961,2331
56919,247,169,617,217
4222,9,3,0,4
221981,251,205,976,331
3980,588,158,1448,465
79657,383,355,302,220
6296,645,6650,1478,2959
81691,67,33,113,29
57019,1296,1034,930,1043
56928,2256,631,2780,1321
80256,769,449,642,443
51226,2493,1312,1052,535
5577,70,62,21,176
10943,785,194,680,278
1387,1015,1037,2437,680
9256,311,251,2491,477
4353,2,3,5,6
5444,20,9,5,5
6936,349,834,196,205
84058,1751,2114,1077,424
54677,435,176,348,489
5244,561,28,20,32
55904,710,227,2379,513
57414,3671,6228,3288,2789
30812,7,3,515,9
25998,654,528,480,426
7748,555,223,583,268
23077,763,330,1375,527
26224,604,543,1523,781
3683,498,36,702,58
5164,2334,3389,5620,4944
3675,11938,1056,1288,1302
7543,519,235,1278,394
3920,6439,4391,3696,5691
3674,118,49,57,6
51666,274,8,20,52
51573,1662,1491,1120,1500
55049,4299,4012,1026,1159
9244,117,32,17,23
114881,475,92,946,169
26022,3797,469,2451,1920
51087,130,24,21,66
3883,1,0,11,0
9020,1249,131,1018,177
6833,5,0,1,35
10368,0,0,0,0
54972,1023,131,363,54
163,4074,2471,4960,3696
6863,144,29,0,227
10127,860,588,1323,495
6376,2384,808,3927,1065
64847,3532,1345,5510,2151
8913,3,4,10,4
51330,8394,290,1827,426
1750,28,2,5,1
4293,69,38,368,194
5898,1380,610,780,619
55971,778,190,99,242
80853,292,36,666,185
2115,158,47,57,52
55750,308,61,613,360
221,677,964,1377,1435
55001,533,248,2579,406
57157,695,192,383,218
10344,58,31,5,12
9855,221,562,822,512
10083,7137,7195,4192,4401
79017,1298,1087,613,1016
10926,131,10,108,41
6915,209,58,101,72
3475,727,411,802,425
56891,0,0,10,0
1352,269,251,492,451
9569,781,448,717,333
54623,3113,2085,2368,1661
27072,1614,476,2457,878
9912,207,43,907,164
60528,1144,602,2419,1248
85477,270,916,784,1496
414,2224,2792,3593,3538
8228,1891,822,1606,2289
8735,0,1,137,0
79602,1679,460,2216,1148
51265,177,64,80,42
151531,14,496,9,766
10942,3,0,1,0
57787,1074,320,895,401
8842,1051,1196,57,389
115098,3433,1889,2169,1442
90273,49,17,21,14
5048,2633,2030,3068,1768
4843,47,28,28,28
1770,94,77,56,39
9703,3113,1435,6360,5074
9058,10,6064,12,6650
8522,310,16,218,41
79090,3362,5500,1067,1572
4145,99,32,60,31
1087,0,0,0,1
974,182,162,158,58
6329,2,5,111,34
54879,243,385,388,276
8277,1,0,1,3
5080,81,59,86,68
113000,1590,592,583,393
64285,1099,115,1352,214
55692,1137,1085,2013,881
9254,26,32,112,112
8938,102,180,2014,334
115939,2503,2436,928,1084
9091,1804,2230,1639,1362
57585,266,34,1192,267
7005,358,54,659,414
6401,8,6,4,6
55735,500,819,3296,1382
2328,1103,79,133,353
29116,679,243,1176,456
27035,86,38,15,33
1870,20,3,3,1
5689,10058,10386,3593,4107
6853,33,6,48,3
3720,256,89,764,226
6792,298,186,567,403
57172,117,49,59,85
728642,417,247,867,370
65220,1221,610,2375,907
7021,6,103,1,290
83741,0,0,0,0
9940,21,45,34,77
9265,732,156,1228,461
53616,834,82,433,203
6856,3138,1916,3676,3031
1534,1844,1323,1071,1393
9043,1451,918,5819,1901
1951,15,6,130,30
10157,93,87,167,574
55200,191,15,18,34
51188,746,651,168,354
84954,1484,2521,403,832
4257,11855,5040,33,5065
1407,279,119,1020,375
8993,0,2,3,6
4784,703,78,961,339
6482,1023,2312,2461,2140
64386,63,7,84,22
9235,19494,8206,19668,4743
5310,1602,248,8304,1097
23542,66,38,119,63
9862,1123,305,2355,811
23221,238,297,2393,877
54497,391,107,1492,444
7095,5758,20802,1753,2219
6224,145502,65754,18179,18206
7812,4963,4571,13618,8111
9690,948,329,1647,834
5980,424,166,224,315
10178,33,135,1784,175
5081,1,0,0,0
10747,7,7,79,13
389434,103,1230,6,1990
199870,162,189,681,243
80342,468,277,147,80
29954,774,630,1298,310
51534,633,337,424,838
51085,1410,2415,91,1497
9031,1312,359,2453,969
10048,658,325,881,632
51513,319,24,51,29
83932,132,60,182,129
51603,866,698,713,603
8798,1213,606,511,323
7756,2909,929,3092,1902
7384,10398,29330,5282,11253
83930,1936,786,2476,866
928,9623,2419,13410,4308
57467,1,9,6,5
9918,809,118,1182,434
25900,1514,176,1585,397
2696,41,18,71,14
51533,70,66,229,132
56920,156,251,142,1172
11188,1334,1510,2411,1628
23166,12343,2241,1366,806
80199,834,1584,979,930
6540,7865,11116,20602,11247
3423,2298,491,4031,1035
5646,110,174,0,58
7752,125,71,194,100
920,3412,198,1151,410
10233,1645,2623,590,371
695,328,9,237,53
3077,300,53,1068,275
22955,838,562,2855,628
2534,934,414,1464,1224
3097,725,174,561,381
2326,803,4483,607,6461
6924,650,330,1174,590
11313,3138,3671,1748,1901
1185,356,285,1811,638
9902,3625,416,219,514
654364,455,21,67,43
6534,13,0,4,0
10867,9592,3506,14948,3765
55727,145,139,816,314
9546,845,203,697,320
54903,456,259,707,280
51099,161,170,217,256
3730,209,17,41,22
26993,1549,1292,5541,1280
54799,241,73,447,188
51096,971,745,837,665
54476,1118,368,1735,540
54902,1534,1902,1668,1285
5725,3470,1608,8367,2224
8193,14,5,16,0
9066,2,27,16,121
23395,407,225,624,913
5286,429,308,1769,771
5329,1296,53,252,39
54443,85,7,12,25
58525,951,241,1757,496
23637,679,388,1522,1024
1634,12753,4155,118,7280
54814,872,92,487,79
5536,1145,437,2716,1274
23177,437,366,865,327
8491,349,230,557,672
27033,17,1,52,10
7305,15852,814,2816,712
57146,1008,622,1646,724
2556,1,0,22,2
672,180,24,121,41
2067,5063,2506,1531,1071
933,78,19,137,57
7869,2669,3878,309,3409
51360,705,269,574,377
4007,157,12,453,81
4057,896,260,9,687
2137,587,329,2691,464
9971,917,1862,1203,1000
60481,1220,739,423,1048
240,858,8,1331,51
8284,884,211,1,10
57658,3120,972,4721,2706
55148,383,470,872,246
11183,408,122,2029,416
30845,656,497,3290,1243
5704,2639,1271,1295,1157
23324,1490,907,1936,1006
57709,1,23,148,30
5010,138,250,45,155
51629,5578,5147,2241,4638
9961,11093,6744,7805,6512
51667,2400,1250,1942,1055
5238,1015,291,1959,591
112611,335,209,342,226
1195,2795,1375,1868,1303
55703,147,163,240,290
23357,374,187,1506,419
9604,1699,658,4572,1883
1774,1710,157,2441,904
1663,1456,138,1090,221
50865,2210,1076,1284,1153
9052,237,474,45,211
10046,140,33,269,55
923,213,26,151,40
10460,443,101,188,87
23376,289,302,946,393
23649,465,399,199,200
23144,397,201,516,210
823,2999,970,4455,1334
55,13,885,8,454
4190,4871,11599,2857,7915
10463,1286,2562,3045,2684
10903,919,522,1210,705
1355,946,974,1724,955
440193,293,359,629,442
10138,538,150,600,294
10771,859,379,3761,1395
7454,275,23,325,64
1800,216,58277,88,17822
637,2062,300,474,317
9782,3652,998,5380,3323
29881,52,35,196,98
64132,1930,604,1942,411
84220,248,214,1604,311
727851,248,214,1604,311
81551,3,5,2,8
23386,2904,2082,5102,1495
3670,1,0,0,0
55349,426,3203,2123,5225
53832,36,5,1,12
1179,0,0,0,0
22802,0,0,1,0
55830,1462,908,1238,1173
27032,1636,502,1425,1877
3479,151,70,44,58
92745,14994,58,45,50
10928,913,1007,2209,1618
22902,803,531,901,603
1272,34,119,0,314
6556,286,200,774,79
25937,2483,678,2450,1073
8540,623,259,1281,590
63932,507,179,615,335
477,59,35,27,205
55622,395,301,355,329
147948,83,114,58,100
23584,58,180,52,123
23187,3857,323,5088,963
8685,90,15,20,4
1591,7,103,7,50
56981,249,97,450,165
57586,6542,850,7222,898
6591,309,82,1048,333
972,249281,24642,55036,29372
3082,575,31,154,106
54764,117,16,597,369
23154,567,174,1023,388
25960,1119,17,1553,267
55734,297,105,449,175
4331,219,138,354,413
23034,434,1537,437,407
864,175,14,599,41
4361,386,145,399,216
58473,163,1088,20,287
1992,2672,850,1496,806
64816,4,4,11,6
11136,583,3079,32,4172
6683,242,112,270,145
9369,125,23,35,50
114879,608,107,646,300
9716,747,187,867,608
1373,70,49,27,106
732,3,1,0,2
2273,12954,271,10230,745
51507,4952,2383,3037,2821
2554,3,4,1,1
55655,21,35,8,12
57210,657,344,977,757
9921,3501,2311,2622,1862
55778,208,162,403,269
64429,1471,874,859,1523
57476,248,800,252,1600
6050,3939,2355,3526,2168
4719,415,657,3774,3272
9821,516,239,1066,592
23071,2066,952,926,1249
211,954,969,611,1073
330,1857,83,1394,214
11215,555,307,1199,655
51022,310,167,170,197
6617,179,68,586,87
51071,2962,1161,1288,1437
11171,4484,2432,1064,1906
1244,601,238,133,948
50619,602,51,246,104
51177,2003,492,533,282
2730,259,140,847,328
23304,624,302,1329,796
30846,3845,321,4964,464
55635,32,4,5,4
25901,707,918,463,1272
58528,815,1499,3301,1609
3298,102,55,256,108
51230,916,422,836,452
8630,62,8,19,21
10062,2337,3847,323,896
1890,3943,428,1610,327
29781,1632,1203,827,413
10953,1199,789,1121,1114
11231,1735,690,1213,1389
23633,889,429,1914,1150
7431,210942,4295,43773,5731
100533107,350,13,429,113
355,851,97,445,224
8635,36745,1572,3746,759
960,3509,346,3753,308
3755,49,3,16,20
56895,179,147,539,206
57823,411,17,128,42
11119,939,90,1452,490
4285,696,1899,295,732
5583,385,100,798,254
3645,63,65,6,122
3459,3128,469,1567,1051
11285,3923,1019,1082,569
9047,205,17,73,7
7444,186,56,442,126
7133,1428,151,1333,225
55591,681,282,1207,581
5452,133,26,208,30
65980,1227,526,1259,459
6642,1808,663,4318,2517
9519,323,292,124,192
56938,93,6,37,16
9774,1495,631,2343,1518
55334,1373,1187,1628,1226
286,31,2,57,26
3381,852,1,12,0
51106,281,128,222,196
9135,1294,879,1616,958
3149,538,701,329,504
23279,555,210,1015,517
578,1201,435,501,401
4593,0,4,8,0
22807,109,16,229,80
2896,27438,15275,8617,4488
51306,549,135,572,417
57514,712,194,676,344
55166,73,22,34,40
6301,4973,4203,4976,3495
8498,1617,422,2241,840
5926,253,319,735,351
7260,714,639,815,781
10908,2629,2268,1508,892
8100,324,602,220,717
56052,1342,1257,750,699
55596,495,125,621,278
10061,1893,634,1668,799
54480,2224,282,1029,447
57554,24,20,161,46
2530,468,100,1203,377
55236,419,252,4499,256
9846,531,82,1011,314
535,2075,4235,2559,1965
8554,626,603,1601,471
9497,297,32,473,227
321,212,17,80,18
5606,913,689,840,673
79645,21,14,106,6
9168,137267,21471,27293,7869
28990,271,100,140,182
25897,1301,190,6458,844
8504,333,278,185,299
11345,1561,2780,1079,1969
4653,26,2,66,12
26751,994,2457,981,1828
84908,1123,847,1071,834
7414,2070,495,3244,1231
55789,43,69,12,151
23604,204,64,55,81
8439,917,169,2447,270
159,706,337,1018,748
26228,9,123,1,107
7077,5229,1294,2870,1520
5981,600,643,3324,994
55773,767,250,286,358
8452,843,1609,936,1059
9172,18,268,125,174
5009,0,1,0,0
10858,110,145,470,115
26009,392,248,955,510
6570,1,2,5,2
9099,125,1230,1391,3493
846,19,376,437,916
27175,806,514,1863,1082
51121,3586,1266,535,740
2324,730,89,2081,356
54888,911,119,883,540
54455,802,198,2112,382
4238,78,16,443,138
84245,503,78,2305,685
4234,1518,1283,472,906
3224,101,42,332,66
175,386,280,1356,848
55300,173,90,277,232
259282,556,100,1938,612
27430,1929,865,1821,1815
7092,39,27,79,73
23644,916,673,2032,822
7204,1227,132,879,349
1462,8917,42,2859,205
23274,539,173,1524,372
4481,1515,183,730,184
999,1286,688,31,1317
23517,931,352,1699,1022
1767,120,31,14,41
9765,833,411,1542,336
79567,1200,513,3313,1710
729,55,10,327,120
26064,905,679,1192,772
11063,6,0,3,0
11284,1020,839,1209,497
54831,6,2,6,5
23035,202,62,538,199
54908,218,25,309,98
27067,429,412,968,518
54896,419,388,757,301
1497,429,761,904,858
65078,381,6,130,25
79142,859,675,1037,862
1008,8,2,1,3
3631,345,56,1278,332
5874,123,7,6,19
5685,4351,3126,3389,2929
23026,3,4,6,4
55341,1300,408,965,1140
10039,567,389,910,954
3371,1923,81,4155,780
90326,1007,1438,981,472
140876,1842,158,1693,641
55775,238,78,698,215
84883,984,479,540,407
55812,359,537,325,311
9440,392,92,591,335
54884,1435,1027,2060,3712
822,14832,7426,1176,2323
1175,6555,8619,908,1224
7399,13,3,12,17
11055,0,6,0,3
7038,207,106,17,158
10863,453,80,329,352
8538,530,144,3971,163
54165,660,272,707,721
23338,1171,767,2488,952
7546,0,0,1,0
3937,875,20,755,153
54802,414,204,1055,385
153,1,39,3,25
2981,4,12,1,6
9820,1178,636,3293,985
1495,14336,5902,8282,5896
5256,5012,792,7440,786
54875,193,58,132,101
2042,570,8,176,37
3309,17474,6406,9870,8216
1829,341,424,5377,1012
54960,939,431,954,537
8481,937,349,1152,547
2824,71,25,107,61
51438,0,0,0,0
80243,1399,48,142,87
22884,362,152,816,408
64848,590,115,920,429
56474,805,305,592,168
51606,2365,4071,691,1637
5431,1191,346,2183,1359
56204,399,162,643,316
116984,118,43,415,129
7175,2454,257,3023,2336
1356,23039,47,1930,117
23247,471,63,1116,502
84062,921,1149,811,537
7504,66,19,36,59
57101,146,2,62,21
57102,561,117,299,165
6322,321,87,297,168
55841,1145,273,911,245
395,194,82,635,142
27146,12,34,26,15
4134,5642,2325,6291,2852
57120,550,252,558,468
6098,56,0,0,2
57646,280,68,770,263
9734,128,22,338,78
26262,3195,1057,1102,805
51491,2224,842,533,417
57545,493,1145,630,1071
50484,906,263,1922,522
168850,257,111,305,130
608,8,1,13,8
92017,677,1868,2512,1704
55885,13,56,39,105
55173,786,830,680,810
2978,2,0,0,0
51773,470,317,1084,575
55187,732,883,1743,1087
10659,499,30,1588,186
23196,3194,1855,4415,2112
23518,358,208,699,300
1298,47,96,369,316
4254,183,183,1443,506
1161,129,88,231,145
11174,13,5,12,11
9563,1340,290,4591,852
9341,2892,1929,2995,2042
8863,371,176,1607,307
10911,10,0,29,3
3604,97,33,72,11
55040,10,105,22,233
4052,1970,116,1356,462
5954,8978,2262,2292,812
2006,550,230,1415,248
5982,759,252,403,226
57492,596,290,1473,845
81037,7315,2130,3981,2472
23327,633,5181,2185,2306
50943,209,13,12,6
89801,292,166,176,79
3074,9552,2844,3034,2201
79810,185,187,236,270
340533,30,33,88,58
51528,825,498,1904,1047
27122,3824,470,2181,687
7984,1558,446,1199,500
9603,1285,54,146,143
63933,646,1260,601,1273
51474,1663,329,2966,1015
25875,2826,1708,2028,1850
9498,77,41,47,126
10319,657,854,211,304
5733,47,1541,8200,2075
79931,5,0,9,16
5601,1067,279,1486,678
91522,5951,117,19375,111
9564,1694,1062,3642,2024
84067,1174,514,854,633
9709,4854,3497,3261,4576
9454,1683,1482,2246,1062
5888,73,5,19,21
10721,35,77,76,10
5291,1063,665,783,751
1535,22639,23755,4236,5018
84321,1102,238,501,484
23593,3380,3220,644,1177
10198,528,450,222,214
54477,1322,1033,634,1525
5652,1295,4547,2676,3445
80143,582,585,790,450
23223,909,472,725,283
57600,339,707,4330,1234
6307,767,1288,358,1003
55761,1433,462,2464,912
60529,4,0,1,5
23105,20,101,146,124
1112,521,342,2028,643
728464,7,3,22,27
8574,2666,13246,2186,5887
51154,976,590,793,503
4826,2,1,20,8
55850,4377,2116,830,960
23101,30,21,33,30
83714,545,428,794,446
3909,249,26,397,82
55745,441,658,1861,1074
29945,563,355,734,407
3784,509,507,402,822
27095,2171,1650,1942,1566
9967,1557,941,5315,1840
29085,12001,16996,2072,3346
954,148,186,18,129
4065,288,56,177,210
51742,574,295,866,551
23596,137,14,464,118
10806,471,415,357,258
5798,155,1,473,4
55733,101,30,506,119
23095,753,524,2716,1119
2296,175,229,201,360
25771,1489,1116,1004,684
23224,1142,1065,9963,3713
57475,161,55,2500,198
10079,868,388,2824,401
23626,0,0,0,0
140689,266,8,2,10
25884,91,38,7,8
23201,979,271,3112,672
84957,354,18,633,43
2581,917,568,1953,754
51602,1079,615,1206,763
26099,2523,1525,4238,2063
3757,35,25,379,27
8454,1834,576,1760,920
10827,639,169,726,422
26999,8472,14298,1906,7128
23118,721,429,1108,1063
116254,902,1069,855,2190
5610,678,219,1005,745
57602,1065,584,1557,498
58508,735,196,2578,689
55283,114,164,146,240
114800,9,2,693,33
23369,1282,825,3146,1641
84545,5082,2991,2299,2668
3700,801,257,52,137
3697,4,4,2,1
54969,546,305,314,266
51663,1510,733,2404,976
55609,69,6,75,34
10886,0,0,1,1
112885,1,21,65,103
7185,524,111,581,236
54542,657,950,399,740
3833,0,0,0,0
55540,1498,1845,1049,3201
10758,1248,235,250,195
8908,315,225,2,192
131566,1262,292,698,498
6317,0,0,0,9
6646,1357,381,1375,617
5318,188,84,102,340
4438,24,0,4,2
2155,1,31,31,42
2665,10503,5788,3838,5041
639,299,12,810,106
9474,610,432,333,515
57458,229,189,943,358
57095,1555,1431,1515,962
57504,761,732,636,653
8975,288,134,311,260
23200,625,274,596,520
3918,358,55,16,139
5218,601,321,933,1122
29927,15697,6241,5412,4306
4659,652,267,1516,798
5923,18,21,2667,312
816,17,286,2717,171
9696,692,129,1727,670
55718,808,367,1377,594
493,2202,519,2606,681
9877,1534,665,4190,1943
55781,488,272,266,270
54432,1301,1017,947,705
55706,498,303,476,303
1608,432,40,256,81
84256,800,466,1298,495
64718,158,49,503,89
6916,1173,314,568,207
64761,1236,346,765,390
5832,1942,474,7182,730
6894,652,148,967,339
5188,777,1278,884,1182
4084,1016,433,166,98
5128,284,73,655,241
548645,362,319,147,308
6515,2228,343,775,78
5662,187,50,290,73
9150,337,395,633,381
8531,5852,511,4117,1747
55359,4,7,16,4
65125,1433,1225,6404,7286
55749,1299,302,1598,1018
11054,2805,901,1476,1120
2769,302,16,56,17
84699,495,91,3,123
55650,550,522,736,626
10076,942,44,5943,156
9410,669,555,516,369
23504,4,13,26,40
1301,894,4,5,11
79832,470,160,559,238
51660,1437,1685,2291,3719
30,4279,12489,1267,14252
586,555,364,199,54
51564,2445,284,2717,527
11178,524,22,724,57
93166,132,5,86,35
7478,0,0,0,1
6676,6266,103,7456,110
10787,1233,671,4583,2345
60488,2608,1932,1233,1768
2983,1108,174,444,329
6433,789,364,1900,573
10188,1187,212,1133,341
23041,834,216,1886,979
1001,103,76,67,270
416,39,303,10,476
65056,1691,750,2062,1108
84649,81,290,27,284
7771,86,59,198,90
1431,4820,2735,6654,3337
4058,46,51,5,92
64951,9028,5462,1861,2740
63916,906,260,1616,703
23063,1025,401,988,677
81671,13469,720,4254,2367
10513,514,277,1297,619
5424,1005,625,350,185
124925,2,4,14,0
1975,13485,3978,11552,9249
28968,111,89,305,85
29998,233,45,608,93
56848,359,613,573,1461
6141,109845,30418,14989,12951
770,510,1532,983,713
79763,3995,9717,1618,3869
11338,3928,516,7198,2501
29924,3916,1628,3414,2313
55588,4272,2008,2608,1519
57491,39,4,45,8
2928,0,0,0,0
10838,597,148,764,314
105373378,597,148,764,314
8776,382,126,702,246
2817,1573,376,1088,430
57143,267,409,501,257
3029,3086,4954,5678,6595
6047,1020,387,3254,1073
841,369,84,497,272
22998,559,300,2698,1076
55726,743,335,390,309
51768,3527,2310,4736,7968
1747,1,1,0,3
53340,580,437,220,313
10077,95,22,39,20
8839,921,9,8,8
58524,0,0,244,0
10402,457,333,118,468
9914,13,122,17,135
4804,308,70,455,92
50937,148,17,3004,61
6873,334,27,802,278
28996,1321,601,11335,2346
23534,1368,585,1522,1111
8625,4116,5446,962,878
54929,3322,1392,2351,914
9170,708,139,214,114
5476,11116,14111,9266,13022
10147,2688,4340,1916,1453
6558,230,284,823,388
28966,593,444,337,272
2139,356,164,186,322
1265,1768,517,518,793
10347,394,388,998,171
9627,29,3,25,14
11218,256,140,438,248
53339,1462,1063,2096,1238
55711,225,32,104,32
8537,33,9,8,29
5449,0,1,0,1
1117,22,6,20,11
22904,599,5,1789,319
5378,210,92,537,152
10362,3401,3896,2119,1400
10203,415,127,566,278
6882,546,480,654,454
23294,390,309,5123,795
8943,3163,1863,4045,2209
7629,596,479,2511,960
9351,959,1077,1517,2493
4913,840,1429,255,284
54887,449,168,674,243
2773,2171,1256,1418,1245
3843,1965,1680,2310,1773
4942,1546,675,2607,3374
10885,267,77,1436,465
5586,431,191,1161,386
57418,2060,6025,464,1023
9697,731,145,670,337
9423,14,13,20,72
9340,19,0,4,1
55388,58,1,7,3
1606,380,115,277,132
2065,2724,2444,406,2343
54763,1,5,0,2
91526,37,13,117,53
3735,3422,2812,1276,2299
23536,193,134,171,190
10954,8170,283,1835,482
55633,258,196,555,360
4710,9836,3560,2220,4251
23013,943,85,1952,990
4638,4101,811,3203,2797
55854,898,506,1111,1145
6416,607,387,647,575
55248,229,438,260,542
9892,0,0,0,2
9748,624,355,2300,1028
51167,419,165,671,412
123956252,419,165,671,412
1308,609,1,77,3
119391,1409,2644,768,596
55176,155,48,306,78
5588,382,89,454,191
7089,417,249,3752,317
51665,813,1852,511,468
83641,2771,1427,5636,2992
4199,375,39,245,79
23216,2362,4427,1063,3167
8621,958,355,1139,565
10797,602,113,502,421
84679,507,89,1059,162
55810,709,192,774,217
4904,9516,3539,16297,7766
5141,453,76,1897,106
5525,894,637,668,708
1496,1,11,2,21
1994,1493,598,2239,1138
7075,1317,159,1804,425
57609,595,112,1036,403
6602,1315,260,2554,799
9682,759,254,2026,817
4802,1226,774,3351,1229
84217,40,269,82,277
6550,41,31,180,1319
25791,281,383,6,429
259266,84,0,8,8
8832,320,7,453,73
64834,3733,1339,3330,2323
6688,943,25,650,115
30834,297,182,89,55
744,61,89,16,217
51208,16,3,40,7
27107,393,195,358,284
4287,744,498,1428,679
9950,1323,570,1569,599
2263,1251,406,258,713
55631,168,54,376,240
51015,428,268,482,714
2009,418,143,1513,364
60487,168,11,268,255
55623,568,390,2526,862
91283,487,116,455,147
26153,155,19,645,107
55102,391,205,4292,1011
10565,856,408,1082,843
348158,1512,29922,9461,24473
57623,634,226,609,1124
9650,563,421,1248,920
10734,261,45,509,58
2235,241,534,773,1335
4649,520,293,1820,895
8653,1035,371,3,7
5214,27118,1323,41157,1229
3422,738,778,908,1034
6672,1119,651,1508,781
1316,1718,524,4329,2065
8611,2190,983,3611,2515
4756,1185,555,2354,1500
23471,8241,3039,3977,3169
5255,330,58,3180,168
7132,6810,1376,2869,1780
782,112,11,298,29
7813,169,100,478,182
9399,782,360,724,269
5315,54738,9882,120846,10742
54505,788,432,652,825
30836,1440,1838,585,719
79091,494,315,291,164
7158,993,399,1227,672
7216,653,161,276,196
51018,305,297,448,480
387,8161,4324,7589,6006
1659,1959,785,754,673
5590,251,642,625,792
7544,186,53,2,2
55699,1440,1105,5026,2767
6857,47,15,3,65
89795,205,9,25,31
3421,4505,5371,2848,3479
79641,846,1751,2052,1947
57595,220,70,134,136
492,1,2,0,20
6093,549,232,1328,683
865,619,87,1801,262
5165,324,141,352,166
8692,3773,682,2477,1741
9759,224,81,670,177
11186,841,424,683,452
2261,389,1357,116,1389
3430,3114,1539,713,954
63897,246,40,472,158
80347,3718,5625,1463,1789
79990,925,231,606,222
4205,546,74,2426,725
55593,2472,1529,2617,1288
7030,1357,267,1893,698
4943,626,156,864,266
2182,1830,1139,957,1277
3632,508,904,1409,567
27238,1068,566,804,685
56850,1319,296,2906,1194
24140,1753,448,522,297
55771,66,2,206,11
65055,45,209,161,146
23250,737,241,12355,902
25885,578,274,1254,436
9741,16831,7400,12252,12098
57217,795,317,863,567
51447,1790,1184,2457,1984
286749,68,0,156,0
55133,199,136,639,222
3796,193,25,222,102
10235,630,215,268,125
23198,1201,1611,620,677
57560,433,155,356,374
22933,1565,753,1380,734
27248,1259,467,1773,916
5526,528,138,2104,445
5837,102,45,70,50
8712,0,0,0,0
5307,123,2,6,2
57113,41,11,1,65
375449,591,1888,708,932
221395,2100,1375,2669,2722
54549,148,2,24,124
8756,4,24,3,14
55746,738,528,1167,618
64710,4089,5198,4394,4017
55737,1257,852,2657,1563
10294,1035,565,1010,1087
602,1293,55,283,122
8514,826,582,1265,1249
10060,598,160,444,251
51083,12,0,0,1
29121,670,64,320,91
139341,1102,275,521,469
4129,4082,3632,8195,6140
6095,914,877,954,700
1815,6,1,20,8
7049,144,835,5080,1342
8399,1,1,4,1
100652777,1,1,4,1
54626,212,85,86,71
483,2875,2069,1668,1364
4734,277,68,423,348
9488,529,349,231,155
5597,441,251,564,519
10681,602,1374,2215,1600
5873,353,99,731,154
27440,1245,614,2506,916
7353,4615,913,1937,1244
4040,181,115,1135,420
2984,15,4,39,21
6343,15,7,5,2
57661,492,123,859,404
8518,744,846,1261,783
4925,1964,869,939,814
5217,3388,2519,2081,2158
5774,690,936,2430,2302
6710,23,208,56,83
27071,66,7,57,16
2255,10,0,0,5
23446,967,1305,863,1325
54916,407,182,597,344
23293,818,486,1503,578
10640,498,274,1643,479
8218,456,137,316,115
27006,11,24,1,12
10272,3850,758,4850,972
9993,4007,1646,4619,1787
55658,1130,599,1783,710
4335,405,55,1478,243
79364,609,176,985,480
23210,1215,664,861,382
5423,240,301,207,194
55808,3,2,0,2
55062,792,380,1611,1202
22844,22,2,89,43
57704,3365,1918,2577,2537
3340,3259,385,4333,1247
440,914,202,850,175
10947,377,273,1115,479
1258,8,2,10,2
10610,51,294,379,457
1103,0,0,1,0
26986,16162,5711,4681,4070
10420,82,47,86,117
29105,1098,441,960,484
1459,1960,691,528,813
11099,230,183,698,283
8891,750,712,1098,569
815,8,20,3,60
6949,1604,491,1104,460
998,7727,3811,7810,5231
26031,857,103,945,352
2046,0,2,0,1
6559,27,8405,23,13428
56852,172,81,148,108
490,687,296,760,556
29850,0,7,1,5
8440,801,123,4984,508
9448,2460,373,3147,804
11320,784,701,1019,1073
6160,117098,37873,37185,35400
9948,6414,3569,7193,5296
23161,579,238,1893,594
54860,1,0,0,0
79658,557,494,367,397
6196,573,280,1257,670
54556,335,67,250,200
22846,2061,105,932,124
29995,1535,452,305,523
114049,3208,1416,3228,1852
6400,1345,679,5377,1451
9319,81,51,12,28
537,7727,4391,7859,4286
6929,923,167,1892,352
28951,794,353,3541,652
26528,1623,1063,2411,1193
53615,3163,2464,2884,1336
51052,0,0,0,0
6596,605,119,646,574
9130,2954,2569,3374,1795
60343,2966,2021,2093,1266
29894,1943,1266,2545,890
140469,3,93,445,190
79901,1398,262,783,667
28513,0,4,10,13
5134,1286,834,827,920
55117,0,3,0,1
51109,1456,3020,5343,4384
5566,819,238,1479,520
22859,393,143,1406,154
6694,0,0,0,0
87,4553,197,3963,590
23503,628,319,1845,572
27330,82,205,113,301
22905,706,376,1486,555
26469,1860,1551,2636,1023
55679,879,1187,333,602
55515,8,10,2,3
10290,75,224,452,128
84708,114,45,296,348
224,1521,6367,2436,6902
7037,1740,576,987,841
6720,2288,777,6737,1013
7224,3,0,1,2
27125,1937,506,2935,1418
7321,591,181,294,168
64398,576,859,1088,1582
9886,1767,659,3590,2579
8243,1156,468,5338,1736
3028,6192,7209,2051,4058
2011,552,175,1218,349
3161,107,12,8,36
55743,537,122,722,290
29953,12,94,807,373
8974,4571,1499,5424,3767
2213,1809,19,202,122
4775,422,205,1613,486
51095,255,120,342,232
37,21109,22335,13194,11436
6793,1392,272,780,313
23291,1922,553,1710,1212
9744,449,333,448,130
1400,554,220,1679,733
2121,325,116,4221,1442
51009,1789,1471,891,866
54847,60,13,70,40
54820,103,17,171,45
10335,694,282,358,443
79041,168,298,458,264
8907,2181,1649,2351,1785
5817,1922,494,1011,509
7515,1003,214,1489,523
949,5509,143,4157,320
54905,9,2,21,4
4171,827,77,331,165
54456,36,128,11,46
56666,80,124,5,142
83642,1554,2314,1273,1275
8626,5,0,9,1
80216,515,804,549,221
3993,1273,2373,4575,2083
5151,629,420,1635,978
1183,312,98,2915,254
54475,1569,581,321,226
6389,10231,18174,6683,7821
6605,2631,1443,3654,1544
54752,0,2,2,2
55876,333,98,206,113
5927,827,264,1265,608
4185,18,10,185,17
5523,2237,547,1272,859
10979,1055,932,1193,1711
8647,0,0,0,0
10170,130,12,8,18
922,0,0,13,4
5743,17,18,23,38
10644,18,138,8,178
9175,1543,504,809,935
6480,4236,881,6878,1341
30009,30,1,52,23
10129,289,191,692,776
8301,3931,2132,2880,4309
4905,480,300,1198,396
2736,114,11,78,37
23332,575,247,2424,635
65993,6102,6869,2093,2332
4854,4854,266,3799,670
1207,2205,679,1803,1704
5522,16,3,833,10
8463,602,103,574,296
8726,510,169,192,233
54825,4031,1523,60,1359
6620,4,0,25,0
7251,1843,1227,1646,1698
55421,741,326,3401,637
489,457,116,407,236
771,6961,6771,25053,19245
11343,4244,837,7739,2353
59277,884,763,917,2370
617,1376,1736,1035,654
9891,363,44,836,149
54878,371,369,997,513
9187,210,89,643,276
55205,673,108,3078,316
8578,179,15,680,95
3998,1536,659,4497,2295
51495,1807,2503,3290,3348
26034,58,24,115,54
23140,598,235,2471,827
50508,0,0,0,0
2023,122233,41154,245614,38056
6557,14,4479,121,15204
56005,12698,2231,3016,1856
57719,222,31,2326,189
51175,138,119,223,242
55160,953,727,3476,1449
7294,23,13,49,23
9671,8,64,8,50
3785,0,0,0,0
6865,64,9,29,3
64431,358,208,1086,388
54962,80,34,105,39
6717,5473,1311,1770,1561
8672,690,199,1693,675
79023,480,511,253,211
10371,14,1,22,7
51512,90,22,55,13
10512,545,113,60,154
55020,3162,5305,1931,5090
38,2758,23660,4175,14408
23151,1602,94,3453,373
9620,2525,787,1910,1425
7479,0,1,6,12
27332,1795,1481,1529,1429
55972,287,70,879,200
29090,441,480,1071,810
119,26,5,111,34
2249,0,0,0,0
9462,394,62,1101,286
9605,473,439,960,486
7587,549,189,941,345
4140,1071,1139,1242,818
5250,20927,28289,7389,12142
64778,2543,483,1637,631
2355,2720,447,7005,873
27091,2,0,0,1
27092,0,0,0,2
285527,1000,240,818,442
23505,812,443,1616,454
6624,2414,176,845,158
60,106208,45875,18773,22669
55034,200,38,11,58
5337,871,495,1108,784
479,0,26,0,93
284403,87,20,71,35
1739,900,399,1491,959
7879,8105,3651,5905,5688
55973,937,452,1716,554
25956,515,261,798,280
9733,772,265,2379,679
55843,868,222,114,118
113457,239,1,2812,4
5076,1220,719,4682,1379
23016,1015,1368,774,973
22920,861,426,816,911
23609,393,267,424,453
4175,575,130,395,237
25996,2388,2024,1256,1953
10179,531,201,601,275
5939,1336,362,1608,676
11176,1167,776,3842,746
25930,695,410,1379,554
4292,765,378,567,577
7374,866,327,1516,971
2329,189,552,239,1209
27252,182,81,585,312
8786,130,45,19,68
113235,1698,1120,1534,979
5362,733,274,1055,447
10615,409,2763,148,1805
88455,1312,449,3167,717
7163,460,1867,1963,1826
124188259,460,1867,1963,1826
32,486,472,4401,1755
9618,1681,515,487,1450
55824,369,16,1136,200
55094,288,199,398,205
3385,2285,1528,400,574
22978,661,230,3126,950
4162,7767,139,12469,871
2239,3322,460,1066,1174
55796,302,158,63,387
57662,749,603,283,1069
5909,322,965,2510,2007
56949,2243,3428,1716,1353
9138,2405,578,2518,689
6813,2533,1561,2648,1557
5609,854,456,1528,577
27231,1,19,3,34
8527,155,24,1324,108
83992,296,137,5882,302
51412,0,0,2,0
5915,215,145,323,344
7155,1673,1080,1693,1511
56889,4551,2152,3491,3137
4791,1794,178,1637,399
29089,153,36,23,46
4660,436,218,1254,1069
54431,1468,594,2677,1186
2975,1889,1683,1504,1170
3566,1786,129,2685,652
23032,600,485,1327,720
5063,122,5,55,19
827,961,11,316,76
1641,16,2,0,1
6626,2601,907,877,514
9576,8,17,1,9
56915,3030,496,303,307
1781,1822,1894,2846,2183
54518,544,85,1501,247
4034,792,140,1134,385
143684,222,90,554,265
51548,1009,406,763,325
7299,1,1,3,10
10714,366,744,246,976
88,63,18,1375,36
832,3723,1914,4396,3078
7107,913,884,2866,1621
10003,46,38,11,47
79960,1054,1305,2852,2065
203427,668,42,405,318
7319,1775,434,942,707
2260,1658,216,1577,875
8468,4,2,8,5
27127,7,1,1,3
2192,3317,1026,235,1091
8516,221,152,169,388
8530,727,48,298,49
4133,247,31,349,92
9063,397,348,2897,473
273,10,16,16,35
369,6961,5021,1623,1193
56922,1155,1437,586,1814
27074,87,2,85,11
2191,887,14,12,14
10529,821,772,1824,1002
55331,865,326,441,322
3093,1396,1252,1039,1006
5289,529,708,727,681
55728,79,15,162,70
57103,316,43,187,114
7289,1139,188,991,404
8871,236,108,411,84
108,175,30,259,36
5527,1694,1955,1544,1102
54715,5,16,0,12
2782,5227,2345,12973,4769
3205,326,289,1121,707
1906,389,23,406,107
8028,262,142,768,528
55063,241,549,135,128
117,104,1,10,5
26281,4,0,9,0
27334,17,1,6,6
9452,351,192,182,364
4898,3642,2215,2132,1476
7419,1604,1415,4235,2592
5108,1628,1716,1199,1328
57690,230,241,559,202
9139,375,235,1252,348
1620,51,9,14,134
83737,1031,277,1103,683
27039,7,3,3,3
58476,2681,478,3531,883
51150,4098,1984,6102,3343
57644,81,302,240,44
80341,1,0,0,0
7161,24,3,21,5
54472,1456,2763,4382,2770
51619,1067,968,827,664
27098,9,77,149,59
862,56,19,48,54
1015,16,25,2163,28
9984,494,448,814,253
51661,574,71,374,93
114880,41,127,42,215
6507,392,12,523,141
7520,3828,3183,4643,2608
56925,1335,258,335,276
11262,76,30,42,14
8569,542,397,932,359
7145,6832,2576,28969,6919
57455,647,135,1137,857
56681,3585,2242,2340,1941
8556,59,59,82,166
10411,645,3292,764,2264
634,364,651,337,898
29843,299,65,284,169
51207,0,0,2,3
23152,1366,236,4289,610
3991,47,69,81,80
2222,1055,1799,1968,2029
5050,1232,663,601,330
4983,461,453,800,382
173,10,3506,2,895
3835,2525,2477,727,973
10590,20,38,131,47
55604,341,381,106,481
5236,3112,2265,7442,2377
1653,1923,1912,2344,2794
1785,8156,1362,9364,3305
2037,1320,129,2210,898
22999,0,0,1,2
26002,402,87,29,237
8417,1198,497,5517,5551
11158,766,222,1106,569
11159,766,222,1106,569
9817,3227,2353,1879,1179
55510,6,7,12,21
5794,22,0,6,0
1638,12,1,77,10
51006,2790,975,1568,864
131544,105,2,391,179
285220,44,22,2,10
6344,145,255,1129,136
5991,100,32,149,84
55183,856,230,650,428
23011,1252,539,4075,2363
8671,1553,2873,3373,9722
6595,1321,827,3294,1493
50700,1,1,8,14
27244,422,226,2289,649
11043,86,23,542,96
139212,5,1,3,0
50509,754,8,653,49
10847,337,76,3648,399
9933,803,1062,146,547
1361,2,1,1,2
1136,9,2,70,0
3781,72,60,39,10
4850,402,307,507,286
5663,1306,1148,3282,1472
1371,667,80,319,165
56650,2266,490,1072,490
5891,444,434,378,329
3320,13722,29610,15186,22014
5933,165,67,81,60
22839,2844,715,2168,628
22997,40,2,141,3
3080,0,0,0,0
114819,146,30,423,92
10403,176,27,77,37
23431,141,59,335,130
54665,165,128,665,287
260425,42,239,121,254
2920,91,78,25,15
174,14,1096,2,229
1286,200,262,578,752
6932,73,7,44,24
28962,1088,406,1125,684
1005,2,1,10,7
50939,13,1,16,6
57092,2898,1452,2955,1644
55218,493,250,1014,445
384,92,612,18897,1950
4208,839,354,711,279
5788,614,20,863,212
779,0,1,1,4
5317,42,24,2,17
79876,1763,517,4231,927
9262,402,44,1027,258
8555,191,436,327,589
22869,210,73,277,96
4036,4106,6310,9598,21288
440515,300,121,695,240
65094,680,942,489,315
11266,338,194,506,269
65985,566,315,1060,467
9812,3716,1337,2069,1352
6561,37,520,6,2270
93664,390,392,320,743
56131,160,9,114,25
56142,7,4,13,24
56113,41,12,156,21
51668,1069,461,751,447
23239,188,155,436,176
5205,204,119,134,144
3595,14,6,9,9
6604,977,409,2646,407
55100,1003,1040,547,378
2533,682,107,255,95
58538,12,9,11,5
55437,698,781,854,1565
9689,2024,997,7465,3081
5241,61,28,31,73
114899,146,45,240,93
4200,520,96,1067,505
55322,306,168,714,430
905,533,166,1296,484
57579,247,178,323,192
1310,10,46,25,101
23136,1010,897,1685,3024
22837,278,1034,2132,1796
1741,901,476,1099,702
3776,102,0,2,0
56256,157,31,48,16
7188,393,62,2137,156
29093,4058,2535,624,846
25929,615,140,561,229
4986,0,4,1234,1
4779,7213,5257,53608,13650
54437,15617,117,1492,122
2932,656,396,658,491
3693,7993,1628,3690,2478
23085,425,106,972,337
7514,1722,599,2153,914
10141,60,5,16,0
11342,2596,1169,1382,1599
80036,95,943,135,1023
79728,393,238,128,138
23033,224,56,1054,454
57226,811,565,1544,852
594,164,425,386,511
7994,325,190,2073,470
79670,278,148,326,187
9706,340,337,1747,376
79977,1,16,8,103
3842,958,732,2274,1422
5351,9675,5948,11728,3651
5026,34,4,30,16
3682,969,781,547,457
22894,465,318,939,501
10464,236,55,209,107
81550,521,516,552,387
26747,144,68,170,122
23047,316,151,1153,466
5019,341,640,4481,1752
10325,546,148,658,328
1833,7,0,2,0
1540,956,269,625,650
10998,1400,1904,233,381
25799,253,92,419,186
79891,247,220,831,209
55659,108,99,123,67
54807,162,74,238,108
55663,626,299,576,292
9422,363,340,443,570
6193,119639,82790,12377,13369
2195,7801,471,5725,2468
91746,501,284,1689,561
25978,814,317,534,759
64744,857,240,2169,496
10450,1870,1805,1392,1030
10269,933,736,1599,1071
56910,2405,4280,4276,3084
84273,575,260,469,399
5978,476,278,568,392
3034,6,2,46,23
54434,832,296,2305,351
2950,46925,27284,10420,7777
334,19296,7438,41015,23120
57613,331,225,995,243
6579,9,5,35,16
51729,1330,385,2072,852
8668,5257,3459,3542,3334
79570,110,4,17,1
1307,1595,275,422,300
200081,1934,1465,2709,964
338,1508,15,5,11
8648,459,291,1878,820
60509,1073,1136,1567,1237
22979,44,8,491,21
3797,153,23,637,64
10890,1717,783,4266,1565
2646,14,3,6,1
3030,6440,10282,5383,9252
22924,623,284,1063,497
790,729,104,1830,267
966,16994,16050,11302,10504
3732,1061,330,4015,602
63035,233,74,499,143
546,857,629,1997,842
102157402,431,254,424,298
2219,181,69,725,76
55892,447,219,228,284
2122,349,906,473,1069
9522,905,349,1803,586
5550,567,181,572,356
57531,69,79,263,163
81929,687,411,692,502
22911,208,55,515,276
57590,1099,525,1813,558
5016,102,109,777,100
29957,265,81,596,338
4216,368,297,642,379
29992,513,201,284,135
57549,13,22,6,39
5243,1139,759,16,2049
7760,417,122,453,210
231,11059,2501,15985,1606
8895,1355,957,2468,1674
54700,260,85,466,285
2017,4718,2958,8872,3775
7481,11,3,43,22
4528,671,623,802,837
23259,316,225,3234,585
22996,811,158,5263,288
2060,1037,714,1396,835
4998,43,51,17,53
4258,3178,2869,1229,2092
10523,991,347,1803,497
55054,248,86,374,187
55230,607,789,1139,1286
55624,3620,10820,2029,1626
8438,49,5,19,11
23139,1213,629,1855,549
3301,3357,2777,1580,3387
2683,13053,1999,1653,1423
51510,2024,1089,1387,1955
4799,837,594,992,939
363,8,178,7,497
27292,754,185,296,236
51194,634,230,366,255
101180901,634,230,366,255
2346,516,740,295,532
27102,3527,2123,4881,2732
51314,76,1,15,4
54749,2214,185,1560,413
29887,1252,361,784,652
22929,1474,1066,2739,2099
10573,4266,8743,1487,2386
3049,0,2,0,2
80271,1334,255,939,492
4680,0,0,1,0
2196,14,11,490,24
55696,1590,749,1211,494
10959,4369,1325,5724,2694
56605,592,470,876,503
54469,1242,1242,2412,1679
3294,111,60,139,46
55787,400,156,654,307
5475,45,3,32,4
7462,747,53,366,108
10075,4156,1553,5429,2637
9183,334,229,153,291
79796,1591,906,440,362
4606,4,3,3,3
50507,776,11757,549,4568
8310,345,312,357,233
8898,842,334,711,542
23645,1996,318,2138,636
51171,2664,8868,3882,3808
7205,4148,3123,2330,1937
43,52,7,313,20
2512,274162,338545,55604,170233
51593,2977,1709,2405,1081
581,4369,1152,2275,769
51701,528,539,667,561
94005,2297,878,2286,1606
9509,719,39,1698,59
28983,0,0,0,0
56970,682,146,1509,459
9489,995,159,1419,351
5705,6736,8227,3849,5384
51720,1120,142,483,325
1071,282,392,192,224
4313,4776,1036,345,641
4504,4053,1338,4647,228
54947,428,147,199,190
2775,21,16,11,33
55239,565,225,1131,656
6452,3569,743,9750,1437
8602,689,479,731,537
118,5929,5638,2630,2957
79944,175,197,1029,764
57544,166,43,395,145
51637,5143,4331,1443,2276
22795,919,35,897,141
64395,249,125,1114,263
10992,3416,1734,4399,2508
57542,620,138,830,378
2778,20997,6541,35122,11253
10059,1160,544,3352,1052
5744,2490,6,49,6
116154,77,29,5177,158
51290,841,309,1614,550
7022,97,6,0,0
6790,257,40,84,73
57091,152,20,87,30
8544,558,491,187,248
28971,2600,3498,903,964
5990,145,135,519,51
339175,362,210,315,239
6820,88,27,33,10
29929,308,142,372,214
4849,290,30,995,240
51206,8,2,32,3
5775,258,123,878,491
8886,829,498,1571,858
8570,1471,175,5229,1257
2767,1124,807,3034,1323
55616,406,425,370,356
55741,3295,743,875,838
111089941,3295,743,875,838
1789,110,30,223,79
28954,71,19,47,25
22974,444,12,63,16
80307,760,17,2389,57
81572,1417,890,449,468
2036,1808,513,3269,1842
6564,727,365,285,177
23348,624,92,3290,381
55608,2233,665,4728,1324
23483,185,40,432,231
1795,26,32,71,94
51161,262,279,805,540
57017,2923,3888,3149,3523
55287,19,13,4,1
64147,647,926,120,497
79822,135,85,2960,250
54675,4163,1742,1174,1264
140850,0,0,0,0
23368,269,282,1050,409
8455,1672,521,3074,1749
54498,767,74,3121,55
6614,1043,43,241,59
2280,9483,5272,5081,2407
55968,3518,1464,4077,2032
83959,26,92,31,183
25943,467,221,834,609
79175,446,184,600,291
57593,291,164,1162,80
56265,863,112,39,621
57506,2843,1072,3330,1576
9762,377,393,1568,1438
2160,17,1472,3,513
22803,1590,342,1638,1214
55857,2051,1717,307,446
8655,18720,7305,4598,4072
54997,52,237,99,112
27131,4314,4236,2876,4863
6128,116741,43784,18021,21504
55423,67,3,33,13
8550,1033,210,1211,657
5027,207,20,505,61
51575,267,107,403,258
10741,706,470,937,673
51433,4031,3294,2482,1885
9962,823,132,1055,338
80024,1161,526,1101,397
29058,4443,1620,3505,2977
55184,137,66,135,107
84678,508,139,1739,218
26074,23,11,6,38
64211,0,0,0,0
55617,305,63,201,171
4938,2047,275,692,589
10985,1637,896,5389,1457
6175,207750,118640,23666,22000
5829,1790,875,7598,1854
23409,289,129,52,90
22895,17,5,11,19
55614,330,229,662,615
51605,421,129,529,221
1114,35,125,8,85
5037,13584,48579,34670,38795
6910,0,0,86,0
8315,461,464,508,330
10961,8180,12237,4738,7381
4842,9,84,19,258
2521,11572,4212,8110,4055
3476,6099,2271,1414,2239
53827,5654,598,1021,258
55900,647,194,1184,482
57655,1568,167,1814,397
5349,110,318,38,60
9843,769,153,489,231
29965,370,66,2146,1167
113540,6,8,51,6
23415,9,3,3,0
23193,12444,3367,18872,8140
51291,522,54,470,102
55285,99,49,183,167
332,442,9,22,9
3902,152,16,90,8
8079,10385,7863,6668,5647
78990,59,23,21,24
57062,1800,2333,465,659
7597,706,343,725,122
25977,554,185,1273,498
393,1294,476,2960,353
170961,78,147,139,142
55760,1260,282,1508,546
23186,283,86,922,212
55668,374,190,1857,659
8425,2128,1127,1080,873
645,13428,7043,3229,3954
6548,691,246,1838,372
10558,396,94,922,540
10914,1718,1756,2510,1542
8812,529,223,832,346
57060,483,319,657,444
5996,2789,34,3893,663
83719,2455,1990,1370,1072
51650,4730,3250,757,1545
4708,20030,23637,7143,8488
10726,2992,3789,3231,2365
10296,1183,835,2797,1325
3383,3414,160,2294,251
29888,1396,266,3134,915
11213,175,32,295,145
4069,5032,84,1420,217
6476,0,0,0,0
79594,1161,960,1965,1107
7023,198,32,311,72
10081,269,101,524,223
51324,1857,1497,2107,1572
26998,39,6,0,7
51726,3020,946,661,960
55214,5812,620,4109,2356
7066,152,90,3,32
8646,846,137,222,249
2323,686,105,111,91
9727,1225,12523,1189,6789
84572,3355,2345,3969,2617
10795,328,500,563,361
2802,1614,389,1608,675
8761,3743,1148,1411,884
30835,332,39,170,39
79603,2103,4098,1129,1243
57192,1390,1372,912,425
84196,904,525,1389,683
1947,1971,618,755,1054
55066,647,444,3159,783
124907803,647,444,3159,783
128966601,647,444,3159,783
16,2961,1815,8627,4003
2734,6067,4096,10055,6258
24137,161,2,18,11
27327,794,360,8099,914
64857,791,208,600,222
10683,27,3,59,0
57106,969,1119,232,218
57605,310,165,1294,228
55763,1032,558,1055,581
54439,575,158,500,302
5459,1,0,0,0
114882,648,510,1111,1129
113878,340,15,204,40
58484,77,20,40,34
54517,281,16,405,146
22798,13,15,19,36
4897,317,86,2131,170
3912,6331,5504,5468,4903
5172,26,116,41,258
1811,2,1,0,10
1738,1306,1755,7458,4435
23335,242,242,591,333
9352,1798,1924,1231,1445
3568,1,10,93,10
368,958,1517,68,1385
54918,918,158,904,862
3655,1364,797,4826,2177
11069,146,21,276,185
51776,570,126,1650,282
23676,0,0,0,0
2271,2165,3130,1994,3268
23231,6067,649,668,736
7018,239,12,921,26
55573,2928,843,1576,1574
51168,28,24,184,38
54890,2683,1509,5815,1876
350,36,1176,11,656
22861,674,179,1077,439
83394,17,64,141,89
9552,1788,2531,1898,2138
23594,251,128,176,88
79776,69,10,10,25
57084,0,0,0,0
1357,0,13,0,15
51530,1286,402,1216,358
2099,352,53,238,114
26575,55,23,14,17
285,1423,21,4176,51
84336,2250,2878,1265,1570
4345,1033,93,186,180
151887,5098,242,2086,614
1215,1,4,3,5
5720,12454,6708,3589,4865
55012,708,1060,358,308
54930,1185,637,1179,804
84502,26,28,4,84
4625,1,3,0,3
1053,11,1,6,1
23428,337,8783,5471,8545
55644,1347,455,1227,596
51310,632,607,1839,1133
55072,1870,1565,787,560
23256,1244,766,531,723
55632,129,73,264,136
25831,1467,320,2656,1583
3183,15353,6129,14301,8699
57096,35,19,13,5
11198,1595,986,2550,1269
9878,1100,676,3909,1378
8487,174,89,183,119
7051,35,39,59,117
26277,1789,1222,1130,862
1618,0,0,1,1
90665,2,3,0,0
57556,955,192,2491,242
54822,443,407,1362,1361
7301,192,564,138,698
79968,132,39,104,41
825,559,7667,3418,3969
8773,735,535,4874,886
6913,155,0,50,4
26227,1360,6080,245,4375
1299,24,28,64,129
7430,7309,16254,26359,11740
4637,98756,65998,24543,24515
26523,743,778,1888,743
27285,27,80,178,27
63967,25,2,11,6
117584,595,386,1468,563
201294,265,65,242,114
79157,317,224,579,273
1808,2858,888,3239,1039
7042,69,23,87,36
55105,279,93,413,175
10762,901,413,1672,533
8318,195,19,10,7
1312,5254,1307,3411,2192
51816,1562,109,1078,528
55862,1435,2305,882,2543
9209,924,590,619,784
9117,719,429,740,802
9942,236,687,104,426
10013,4241,6304,2499,3099
126370,0,0,0,0
2568,39,26,51,74
3881,0,0,1,2
990,142,2,24,13
139596,261,105,723,350
8697,1132,366,822,681
8086,2517,780,2104,1085
23468,2534,736,2043,1132
2327,139,10,290,185
51430,692,388,655,529
4436,174,64,578,191
4214,578,229,818,262
1725,3898,1430,1626,1295
29911,1144,578,1851,1078
120400,0,0,0,0
372,3521,953,1712,1350
54566,14,112,6,172
55151,398,532,383,740
5711,400,178,293,343
5742,605,59,228,105
23511,446,251,1104,427
1384,1924,2836,1423,2916
10044,1083,89,1182,327
54187,2249,1376,717,924
55357,891,117,167,179
25861,151,64,1027,145
5146,12,3,77,9
55280,363,240,394,209
57715,679,703,367,589
9044,776,68,1627,517
64376,275,151,638,283
29760,330,211,1295,336
7093,63,11,12,23
1592,310,6,142,0
56165,1,2,2,9
10580,1050,113,850,420
55118,808,29,7222,170
25805,906,485,1757,493
3589,11,4,4,3
53904,66,7,14,30
51322,1676,808,5639,2283
1390,862,256,924,426
10101,1726,1380,1090,936
23430,19,0,0,6
284422,16337,92521,738,47824
3096,276,15,457,203
54209,3778,33,309,35
83795,2,0,0,0
10321,0,0,1,1
2289,1500,421,9945,4819
6732,407,330,927,544
27154,446,430,981,1057
55168,2261,3766,1363,1551
5225,25,1,1,7
28978,1433,521,560,906
114327,968,568,451,316
6222,43135,11385,6371,8462
7917,1138,917,152,26
7407,91,25,118,31
9436,4,0,0,0
3326,24334,8023,17372,14524
4295,0,0,8,0
988,628,296,2678,609
3710,2501,21,334,317
7738,141,114,226,205
1832,667,984,2493,1851
23411,290,67,528,229
3189,2910,1398,6181,2720
80173,292,159,196,388
3717,153,35,259,245
3594,397,14,136,33
25,881,288,2273,736
11332,3893,3660,679,4349
51100,1884,598,2794,1753
8317,102,11,240,38
84144,26,33,163,69
5125,262,200,270,188
6319,7373,816,11784,986
11018,4183,2598,1954,1588
3983,1941,1311,3136,2619
79956,387,468,1162,1221
22931,1480,850,3581,1761
8829,4746,1433,7327,1752
56952,167,58,49,60
54873,256,48,1029,156
23555,3008,286,1659,335
55506,611,196,75,343
253725,1383,1027,3114,1514
387680,1383,1027,3114,1514
23031,688,250,732,352
7593,1245,321,1101,496
79629,1332,2091,754,770
4650,2574,433,2014,365
9424,394,239,215,196
57828,67,96,96,41
5714,9703,4200,4866,3611
54620,318,83,627,235
112755,48,24,24,40
80270,5547,763,1264,622
9739,635,212,1091,305
9274,2431,4037,1092,935
4113,0,0,0,0
1943,6,0,2,4
1153,12382,9512,33314,12927
513,9907,23693,1544,2620
255057,15,9,55,13
27328,3,1,3,4
83259,3,1,3,4
266,0,5,0,0
3483,2,42,43,25
4670,4453,1791,6833,3563
51257,1389,632,960,610
4713,13185,16350,3204,4279
9524,6448,18186,7237,3244
26517,10380,20648,1402,3318
997,2013,1415,1397,682
4507,540,252,696,522
126353,1233,1150,2,478
283638,652,176,2432,747
5434,7158,4651,5376,4404
5442,3317,5338,1748,1012
610,10,5,14,10
53841,731,2414,75,1733
113177,224,664,149,112
8045,3912,2271,1055,1189
4616,3468,1060,2912,3115
5064,474,3153,138,2194
8174,14,4,23,8
51214,5,1,0,0
2872,1054,1162,3613,1264
421,514,237,866,559
27037,1965,825,1201,428
5902,2548,1127,1044,801
29801,1295,82,1329,415
84861,923,700,2436,671
51586,2452,643,5000,895
3053,5,3,6,7
9342,1484,473,2398,779
1399,1165,539,1957,591
8216,2099,656,5860,971
4320,952,70,376,36
27443,8,29,6,77
6598,1156,274,1400,678
9127,27,23,5,33
91319,426,36,56,23
6545,32,4,0,6
23786,1108,635,2733,1872
100037417,75,57,143,103
1652,3387,5303,1238,1850
100037417,3387,5303,1238,1850
2953,0,0,13,5
5008,87,7,50,2
23523,1728,490,3322,879
83874,809,655,1970,1271
56241,1108,9726,144,4676
10291,1002,438,6096,1314
2687,4862,3659,1236,1108
200312,1161,187,1377,303
23541,1327,366,1676,300
266629,2,6,4,2
23384,851,412,2157,896
23759,1298,729,2310,960
51733,1858,2989,525,3353
29799,112,124,179,74
6634,4860,1544,4170,3343
23481,4892,4045,2424,1448
5594,1336,279,9787,1458
2678,4893,24234,558,7822
5625,66,39,4582,445
9647,1651,847,2414,579
339665,147,31,257,37
8940,635,214,1180,325
1417,23,661,46,86
27128,619,248,541,379
8220,870,335,590,339
4242,1066,104,318,125
29775,4173,719,424,960
6576,6012,6491,1970,4196
157,348,96,783,128
50487,0,8,1,14
3957,10816,21942,245,7863
26088,1202,590,2630,753
7290,599,272,1012,998
23616,219,16,301,24
23544,1,1,16,0
3956,79370,8417,15141,3218
89781,1308,615,1917,527
113791,882,627,5744,733
402055,912,370,562,400
23598,966,731,738,721
11078,2144,445,4903,1301
24144,1581,1853,1164,767
23464,306,2873,718,1280
91227,3,36,0,25
1414,87,13,16,7
129138,608,623,892,591
51386,22658,25695,3861,7310
4809,7814,4898,3552,3171
85377,444,187,637,240
5435,3608,2487,1080,1348
6663,0,0,0,0
79879,168,216,134,75
9681,316,261,454,234
9463,919,570,1601,776
23331,831,289,1690,334
23539,32,26,100,8
79019,386,44,67,15
55964,93,6,891,28
6523,35,90,975,565
6527,85,0,40,13
11015,1677,121,62,81
1565,25,17,93,18
10521,10294,4741,16851,8257
11144,18,43,9,19
6942,65,15,267,66
150274,733,960,550,412
25776,1505,785,1321,961
56993,4570,2993,1372,1834
27156,189,382,55,252
7494,4045,1596,3783,1722
51493,4622,3918,2379,3243
9929,1263,491,1575,605
25793,3706,4027,3646,3751
9567,900,443,2193,983
84271,2354,1124,2522,1501
9609,668,394,513,387
7078,7872,4147,8749,7613
9701,1917,1203,2970,1499
6305,1194,283,3227,1176
25777,3258,1119,6364,2705
1727,13471,1994,6826,4325
10126,1155,554,1069,662
25770,4,28,0,3
55586,882,124056,479,53525
91289,4026,921,2750,1222
25807,1090,312,843,267
11252,2263,2165,6871,4023
25809,327,209,348,182
10633,98,25,23,17
162,3039,1165,3191,1599
10042,247,63,644,144
10043,2406,2122,4294,1678
4744,23,31,8,36
1120,1425,1651,1231,682
638,13,160,11,51
3162,15823,2180,2588,1778
27349,1211,3562,445,924
8563,1102,1967,542,558
4174,1882,356,871,383
164668,108,3,14,6
410,2631,2267,1316,1044
706,11925,6041,1687,1358
23551,634,17,297,19
23170,896,461,1299,560
23492,1674,779,4242,1959
5155,778,86,967,249
49,7,1,17,3
164633,15,12,8,5
6122,194669,121349,64596,54469
55954,1533,1323,581,520
23543,1073,319,2392,811
9145,553,647,1089,471
10454,844,388,1463,487
84164,2340,1196,1757,1137
8897,718,340,2184,901
54471,845,662,2273,1096
80832,265,20,141,93
150379,1,3,3,2
8542,41419,854,1014,646
80339,70,112,1,216
4627,15335,2086,31135,8209
8911,35,1,28,2
25813,2975,3380,1268,1515
25828,4675,7349,2784,3092
80020,256,348,872,453
9402,174,7,34,34
8664,11135,7040,3977,3253
23112,359,105,1618,697
27352,2030,1367,1760,773
11020,1647,1733,584,582
5816,7,1301,17,652
23313,2371,711,1625,657
4689,811,68,156,77
1439,245,14,154,27
10478,658,490,660,432
7380,3,2,4,3
55007,1045,177,413,131
79734,709,43,162,90
6767,10118,6302,13448,15203
3560,137,26,94,25
9978,7787,3761,2774,2016
2033,620,190,2746,517
83746,1068,621,1303,632
150356,64,56,37,58
5905,2012,1949,1526,1339
23264,1579,485,4424,2561
84844,933,205,577,561
50,5667,9771,14288,12261
171568,3107,1175,1096,989
55687,1480,1842,3060,1023
5372,3828,4340,1743,3022
27351,1877,557,1243,603
64781,1402,2117,2728,2004
23774,379,80,1216,264
9889,229,102,718,170
23209,97,0,8,0
83933,828,137,1420,450
54207,18,200,20,374
63874,1059,1321,732,649
23351,995,254,3173,859
2287,2049,1187,1425,1382
56948,1588,1568,2298,1348
1511,8,10,1,25
2999,453,52,119,66
3002,92,36,129,36
55147,1131,847,2293,1531
10419,2728,6082,1233,1277
1690,22,278,5,157
11154,176,190,122,208
5427,58,8,48,24
79609,139,128,154,100
6655,363,269,1314,647
8814,78,395,1016,194
51199,595,313,1146,518
5836,2091,147,4143,312
114088,394,13,383,35
5706,1544,1871,1359,969
64841,310,255,252,214
80821,364,39,888,234
1033,253,21,52,19
10175,1946,1072,2085,1705
10668,408,600,230,312
51382,1865,3349,2653,2889
55195,1502,1230,2249,2206
26499,660,151,29,86
5283,695,918,735,864
145497,0,1,2,0
5684,2856,2507,938,1315
10490,5870,6597,2131,4177
26520,1037,750,770,513
2954,835,3400,554,874
9786,180,84,237,169
283578,537,649,1284,644
161394,45,12,25,11
10598,2682,3087,1739,1859
23002,155,94,1505,463
145501,37,31,534,27
9517,973,544,1740,1269
79890,767,165,717,282
5641,12442,23522,14654,8629
8846,230,140,332,189
22938,1344,565,1755,1133
1113,1,2,1,2
3705,730,676,3138,832
51635,1760,1535,2954,2143
5494,853,1140,1215,1605
51804,8,12,7,31
57452,143,103,197,195
51676,63,9,24,9
145508,39,6,82,70
2079,4772,2498,4008,2538
3091,1097,167,2674,1062
9766,1182,188,3288,975
6430,5115,2462,12301,5704
6554,0,2,5,1
1983,2093,2990,2731,4774
5267,21,524,13,332
6547,6,1,409,3
23405,366,280,1523,708
79038,1345,933,1568,1338
4522,2225,3569,1754,2090
8115,7,0,54,9
79882,757,829,834,736
9894,988,472,835,393
22990,649,447,1786,682
623,75,13,46,30
51527,408,240,535,273
7443,162,115,118,114
5700,3503,2022,4261,2833
89932,1315,1594,7005,1872
9252,132,27,153,221
55671,878,221,2636,1025
60686,260,209,405,255
5693,6128,5137,2593,3076
7528,1921,1442,2638,1530
22985,2625,852,6040,1677
57820,905,1289,1133,1164
9321,412,208,901,708
328,4809,1791,6001,2179
8106,3630,2953,5461,2917
10278,350,41,2150,93
394,699,446,1302,798
51550,1301,2299,836,908
10202,25,71,12,64
6729,973,420,1221,1003
9362,0,205,1,371
57680,1438,680,1153,723
5106,1231,15258,1008,14690
9692,817,840,848,820
80344,1358,2035,2856,4111
5687,6261,5107,3831,2113
4792,1623,554,8817,3038
51016,800,819,893,269
5721,5823,4122,1087,1496
84312,144,107,388,179
9985,192,204,221,281
10548,2839,1375,3037,2121
10484,987,516,932,586
51292,2248,3741,2038,2064
5411,2125,840,3818,1840
5875,1520,1277,693,483
4776,1304,769,591,193
5360,10928,476,2572,701
63935,988,736,1174,669
2937,4404,3747,1740,3161
4318,10611,12,29,27
30813,10,0,17,2
26133,3037,961,2635,1429
5834,3229,1280,3834,1959
26090,5200,2300,6477,1607
10544,2536,166,206,246
9837,126,30,51,27
22981,618,364,1921,921
958,3834,315,879,454
55245,2133,703,1696,975
23613,1254,505,1058,628
10110,473,1006,2926,1437
51098,1560,850,349,324
4605,493,6,19,3
140902,3,0,1,9
3172,2220,3214,254,4379
57446,1028,412,1381,719
84174,95,5,44,16
55969,6514,2319,1181,1489
4773,307,14,194,40
140730,1,0,0,2
80336,918,311,1821,441
6789,630,159,612,283
57167,29,4,34,4
23394,1996,814,1504,820
5203,1732,392,386,320
55816,143,43,718,82
1477,1039,697,1009,640
655,0,227,2,273
8480,901,488,829,463
7165,4010,2194,2960,1848
80331,2373,1165,3278,1589
51497,1925,1408,2344,1420
1522,32226,3525,7859,3673
24148,4715,2388,3304,2244
81027,2,0,7,4
51012,1165,418,1263,698
11255,2,0,0,0
26164,1644,1059,1152,777
5688,12141,6983,3824,3862
28231,365,142,185,213
4923,60,9,5,9
55257,1170,492,710,363
10732,343,90,215,151
11083,1685,421,1703,1161
54994,1476,546,1566,920
63910,393,11,304,73
79444,10884,29,22280,32
128414,1465,231,10125,401
55738,3035,1158,3258,1132
551,15,91,0,27
57642,13,24,9,1
1137,0,316,459,523
1917,37,8,6,21
5753,36,5,47,2
26205,440,159,437,196
54976,1367,533,488,254
25876,201,162,47,83
994,2317,277,1459,395
140862,26,42,10,69
11237,853,134,1903,203
10139,2344,2200,1248,899
79133,651,672,463,414
80343,1,1,0,0
57761,4391,97,673,26
9770,934,33,545,63
1457,2438,783,2862,1650
113278,17,157,26,158
51378,11,3,18,4
343637,53,6,8,5
8760,2920,1238,6954,1687
128674,1,0,2,0
81502,10666,7343,2716,1732
9751,87,59,247,98
85366,28,1,1,7
10326,151,3,31,8
10483,1985,525,2522,2128
55612,136,101,3,97
54363,0,29,0,16
5173,0,0,1,0
140706,261,97,212,130
5332,848,95,46,148
10398,24761,13039,5664,3133
3055,1104,35,458,99
9777,3530,1599,2592,1202
140711,213,108,24,72
51340,937,945,356,383
23509,1448,403,2106,1058
25939,1899,308,1029,491
57144,0,3,0,8
9371,1966,1432,1718,2389
140699,98,179,56,73
10528,4341,3144,1980,1022
63905,3740,2606,1931,1786
3420,5193,5410,3926,3874
22919,3322,1234,1927,1890
182,2188,438,3667,942
51654,1436,730,424,558
6640,1268,2393,6902,1365
5020,924,706,2,207
9675,683,202,612,338
1869,327,14,55,21
58490,559,270,876,516
11264,1143,554,245,345
128866,6590,2186,3468,2562
671,96,171,24,299
128821,0,1,0,0
140679,0,0,1,0
1471,38132,19843,10644,11752
434,165,13,119,9
1472,1,0,0,0
79913,548,232,274,204
10406,9072,3933,883,1699
191,10125,11620,3456,10434
26051,380,561,518,1885
10816,0,0,0,0
81610,169,74,39,188
57119,8,3,16,9
60625,398,91,709,371
116092,1235,483,556,520
84557,964,754,218,691
79953,869,121,8,207
128869,2251,1473,1150,526
7125,24,91,14,20
10005,1782,3197,506,974
57136,6841,2019,4413,2493
56853,13,23,150,20
9658,242,350,978,228
28316,10,1,7,2
22850,144,82,498,540
79863,539,797,591,506
9097,782,372,1065,687
9218,3174,690,7247,4522
64863,196,114,126,125
9663,730,522,2471,1493
23347,348,227,1140,311
8736,86,47,65,162
10627,14476,4421,4382,4713
79959,90,31,63,41
29906,51,25,117,24
55125,607,379,366,184
8731,868,437,883,416
4092,481,85,1135,474
9388,46,54,54,403
284217,93,212,2543,211
54941,103,12,142,50
23253,369,620,1525,527
8715,1,14,26,45
11201,201,197,1057,340
57534,258,177,923,488
5932,415,548,278,687
8780,750,925,1701,1108
1478,263,73,405,207
286436,39,4,24,4
25878,1818,100,179,333
340547,114,0,406,6
5716,1357,339,1805,719
115201,538,375,524,368
412,1408,129,586,305
6907,1230,264,1373,777
4935,842,157,302,117
10857,7147,6043,9700,8567
5422,299,94,347,183
4281,379,60,2107,175
79576,861,467,367,324
158800,35,30,42,11
104797536,35,30,42,11
55916,281,154,316,161
2986,0,0,0,0
23439,5,0,1,0
79868,875,345,890,500
5634,720,285,462,561
51311,106,1,70,10
56180,313,286,724,226
9949,174,181,152,149
91851,1720,136,0,870
64743,10284,9250,3118,3397
6839,385,206,221,215
9506,6,2,0,0
8406,185,25,18,35
2742,2,4,10,0
331,636,256,1270,717
10735,920,661,1850,836
286410,771,224,437,429
4168,14,15,2,35
2158,0,0,0,0
215,680,201,996,203
28952,1106,506,881,408
778,93,16,86,5
6855,101,125,67,133
5355,4637,537,641,488
660,47,4,16,21
51213,1,0,0,0
5358,3284,2032,1890,2908
8260,3394,2997,1620,1297
5973,517,3371,3371,3053
2000,530,29,382,87
6594,679,432,971,870
55613,29,26,13,18
140462,91,373,195,731
340554,38,46,93,66
5931,5341,2163,1584,1892
80316,0,0,0,0
3750,59,13,39,10
5956,0,0,0,0
9016,388,126,274,172
2332,960,760,1255,950
11040,998,175,485,202
10389,42,11,7,23
7355,1150,361,843,556
10084,5068,3155,2493,2066
6247,9,33,8,12
27344,1982,8149,1251,11314
2010,2629,518,1242,949
6901,1132,369,1350,348
282808,0,0,0,0
5230,55720,9320,54613,12339
2623,0,1,1,1
84061,2627,1327,2967,1760
6611,3639,2967,8411,3600
5251,71,5,13,15
8266,2030,1102,1835,1009
83692,2340,1046,5087,1629
8411,857,162,685,361
9248,0,0,0,0
6102,154,8,393,110
9767,137,57,261,132
5127,2220,2181,3466,2002
8237,1480,457,2785,1045
9468,10,9,6,23
680,17,0,2,0
27336,1582,466,2555,1565
51442,0,15,0,18
959,50,4,2,8
7076,60730,4126,5051,1566
56062,21,6,314,68
2564,3189,34,594,66
27328,6,1,9,2
2245,287,83,516,153
5303,3523,1561,1238,1073
64840,817,121,385,147
347365,0,0,0,0
10916,12008,5746,4865,5806
5935,8447,1640,4234,2553
11279,486,61,389,200
27286,1186,51,39,47
94121,698,235,302,198
158866,68,24,59,56
2491,34,12,14,2
1821,5,0,2,3
54457,28,10,1,13
51260,856,922,465,753
2717,2088,1020,572,406
51566,1143,389,2245,1182
56271,1018,699,1351,1487
80183,319,21,46,22
259232,40,6,21,15
2259,71,45,0,65
3356,49,13,2,4
54602,1032,585,1642,1225
10673,353,68,140,30
22862,677,376,1663,1060
2862,3,1,0,7
81602,477,321,781,380
81617,113,216,368,298
688,131,87,24,110
8428,1747,871,1614,1433
54,6239,11978,3425,6206
5611,1543,799,1937,1125
55757,568,219,713,308
8874,1096,512,4898,943
2254,4,223,213,284
6445,4,2,7,1
143,1825,721,2145,1541
55578,779,412,748,424
10240,368,619,469,482
10166,45,48,142,77
3839,382,177,490,358
2321,2508,442,9629,1295
28984,1066,250,1358,802
23078,196,311,516,819
160851,287,194,319,241
84056,292,132,665,191
26512,390,126,601,328
730249,1,5,1,0
79758,631,1112,1105,985
84935,252,14,109,8
8848,6491,3554,16905,5010
1203,1380,2050,1267,1528
10562,1,54,1,85
10232,415,122,7,62
23295,1363,144,3390,787
23361,1118,624,1653,499
8717,1555,810,2311,830
3299,1700,293,20377,270
11151,3362,276,1549,281
5595,1836,988,2979,1287
79153,218,1695,160,867
79767,843,993,772,800
84560,0,0,0,0
5257,1053,871,1404,1581
57149,1985,2069,1132,1283
10204,3043,1236,2049,1232
9688,1347,729,295,374
80152,1250,517,2442,712
55815,165,149,98,125
10725,172,102,1145,333
83752,1787,749,1823,1581
9683,966,301,672,306
869,12,6,12,5
23568,2459,645,976,949
51090,957,2747,413,1462
23090,60,40,68,38
6367,118,12,10,15
1723,421,324,1077,426
6361,21,13,4,16
10664,739,349,1239,556
65057,736,365,576,349
5432,2245,936,1596,2593
50855,133,441,249,203
55565,309,250,510,254
4324,646,494,247,516
79650,700,291,560,301
80777,979,579,3237,1801
29070,147,27,101,52
221191,0,0,0,0
4832,5299,6206,1147,1579
65009,99,17,70,54
5713,3558,1347,2267,1643
79918,1504,1226,561,703
55238,469,213,604,414
55697,1323,2253,1153,881
3038,21,13,89,60
79613,406,305,492,554
25839,1178,1419,2781,985
55512,79,74,77,49
84138,415,246,846,377
9057,372,73,1345,290
23659,1481,2630,1020,1583
80004,263,241,361,547
79152,5,43,415,49
79726,795,1016,1817,1013
22879,391,343,1697,767
56942,870,1007,611,1132
8312,741,182,1161,373
54985,10257,4033,2945,1275
8131,1667,736,1960,583
23417,565,543,1813,782
4350,4334,2236,2134,662
54550,8,1621,1186,1101
83693,230,319,675,345
9013,832,354,1509,728
51172,939,473,1278,374
58189,407,352,128,209
9717,21,22,81,55
23406,2687,8591,4502,4489
9100,689,657,1439,1235
83716,253,204,864,385
7249,1700,743,3109,1058
26048,210,101,462,259
4833,4064,1671,3579,1167
4363,180,6,2894,99
408050,87,3,231,27
64788,713,642,1775,523
2294,45,4,70,7
64428,1338,1384,1336,769
64779,189,141,441,298
1186,1501,317,7508,1887
84264,498,263,1268,225
65990,1413,1864,425,658
8140,1245,102,2982,268
79006,669,1879,525,656
79791,440,436,1320,586
10273,3615,5393,2306,2005
9028,72,218,124,226
4682,1387,1090,1187,658
7329,2787,996,2760,1205
7783,0,24,1,48
4210,17,9,62,7
1428,766,2101,350,2250
29904,498,104,2863,318
6650,1145,287,2174,501
9780,4148,2399,1925,904
2935,2769,966,2360,1639
7727,316,161,443,177
23059,460,479,689,466
56061,1096,468,1146,461
260429,0,1,1,0
124454,696,1370,631,439
6923,29693,40091,6363,8457
23062,1925,3277,5964,3086
343,3,1,0,2
55313,1235,1015,1916,1217
57478,239,406,425,234
3163,2011,1748,914,1195
9093,655,768,888,556
100529144,5,0,0,0
51283,836,364,692,665
6299,539,416,5487,1390
27324,49,157,39,213
440352,71,7,36,18
653390,71,7,36,18
5934,749,110,3037,1204
23475,692,12691,7251,11578
64131,145,29,89,59
29108,3311,470,340,157
23322,589,132,138,132
4150,3180,318,3441,903
6810,3296,1567,2437,1119
10423,4728,2232,3302,2408
10295,6331,1879,4873,1390
84148,1025,614,1841,620
23420,6,29,0,1
50615,479,21,52,19
51760,151,58,2191,126
79838,102,5,11,11
9738,131,39,282,131
57020,1168,1386,1145,1033
6530,1,4,0,25
9810,3419,2278,2153,1371
400506,776,182,882,321
366,359,8,47,17
79719,684,588,687,898
64799,13,31,37,66
114294,888,339,450,534
10391,118,52,216,123
1445,860,259,1667,401
8925,949,292,3667,1731
9325,756,1107,531,499
123263,377,214,376,325
51285,486,82,337,108
8120,72,74,76,59
23205,23,13,39,19
57722,166,3,714,10
8766,3405,1482,3541,3006
1512,6094,17235,7295,23945
64927,415,327,1036,542
80381,3972,420,1932,383
2184,3527,13849,2255,2759
57214,81,3,223,88
26015,503,292,852,297
9455,123,190,488,202
30844,1194,491,2174,891
25963,1004,341,1717,719
64397,639,440,4686,1211
22995,97,52,214,69
79895,306,131,50,150
4948,71,6,195,14
56986,534,182,759,269
9333,13,0,260,1
23359,23,5,78,38
2553,682,225,976,423
7082,511,262,1285,449
90427,347,90,469,120
23312,600,461,1314,572
29106,5,3,5,3
55192,935,960,764,564
8669,1130,657,1122,885
80208,839,280,1809,861
171177,19,64,5,33
57617,1057,1597,1742,996
11339,41,2,6,3
7782,155,127,248,257
26258,749,458,2153,824
50804,163,352,2061,477
23678,343,135,674,310
5157,271,406,61,13
79848,251,358,470,407
51201,269,519,1439,640
55290,901,329,760,346
23087,252,185,558,311
79752,804,307,1210,600
6101,384,6,7,17
760,723,688,1491,5949
7976,78,139,1102,303
55756,284,174,594,289
8767,459,90,325,148
2138,23,7,22,8
4683,864,154,1149,661
8989,114,1,432,38
10404,2611,1122,2369,3005
1666,2885,4508,2430,3872
793,70,11336,47,5969
54928,2415,755,3312,1222
6422,68,1504,8,2802
55353,4222,1776,1915,1785
55284,588,476,661,499
10940,175,93,213,160
79815,564,118,1065,186
3551,778,439,1067,557
5327,1807,859,512,2459
56704,27,9,19,53
27121,1,0,0,0
6788,324,254,644,326
54332,70,151,160,180
5862,2603,1617,3302,2377
3646,10948,7176,2332,3405
9694,1038,264,1329,992
54845,25,254,1,133
8840,231,42,103,71
10397,37556,14880,136372,24388
51101,151,32,594,123
3574,80,4,33,23
11075,183,0,0,4
55156,478,265,1288,436
7227,412,144,971,262
6674,119,42,223,67
54108,656,356,821,466
83988,483,569,428,812
64089,71,24,254,51
2765,0,0,0,0
51366,1009,345,2333,912
79792,3514,2703,1083,827
7264,655,292,482,544
65263,298,266,120,128
1936,38042,30264,5633,5040
312,233,110,77,456
6713,462,169,134,226
63898,117,233,722,346
55174,1010,2000,1244,857
90459,173,142,191,123
23516,1936,514,9928,1739
66036,160,102,383,182
23484,1257,982,4051,1266
10671,732,485,1454,912
203069,1234,1517,1389,1197
2936,425,912,1337,1405
8797,99,31,320,127
7993,180,154,331,244
5516,1426,2638,2818,1681
157697,267,169,1058,417
4741,86,11,712,31
7991,1141,550,246,685
9639,208,52,642,130
54758,511,1290,932,545
4173,428,82,1026,687
2515,0,0,0,0
54793,345,130,1712,332
2267,3,1,0,1
427,5933,6201,25231,10243
665,2607,1231,6444,2340
4125,7445,3322,1535,1175
3783,124,22,30,12
7288,3,9,23,0
4924,15989,12994,12166,9755
27294,77,1347,19,434
2997,3568,705,3426,813
11184,143,12,74,25
114336,0,0,0,0
1891,5266,6276,4741,5829
3191,1458,635,3055,1158
4793,670,447,378,417
3972,6,5,13,6
1082,0,0,0,1
10382,33,31,2515,142
54938,469,467,255,197
3743,10,3,21,4
6625,5831,3814,18758,5068
1209,3651,4404,2685,2548
5971,869,133,494,133
11129,1310,380,1357,355
64130,252,221,328,186
284352,1695,553,5553,563
2217,17399,17359,6975,7757
55011,3326,3724,1697,1187
1158,19,23,8,28
23370,908,373,1637,817
10848,2967,294,1166,134
92960,371,1255,99,337
2068,1703,1225,1092,620
84444,452,202,1680,489
55111,2595,5561,1109,2116
57030,10,10,27,18
10535,1754,262,356,207
147700,102,61,38,47
951,882,244,426,98
8175,937,153,934,313
268,5,0,7,11
27120,14,3,6,3
4066,481,132,120,79
4946,21679,17673,7512,9756
55621,2397,634,1860,646
8677,3494,1330,1586,887
56729,113,25,2,1
2208,4,2,21,5
1760,1177,854,1243,1163
10332,2,4,2,4
81492,3,2,1,0
79735,753,565,1540,838
259307,286,32,51,36
79816,74,65,253,12
81576,1484,412,1407,606
53635,5338,8905,2509,2033
166,11149,5761,19284,7166
4858,88,18,192,69
6449,3342,1690,1962,1435
10859,31,1,252,20
81857,563,989,855,451
11024,0,0,1,1
6618,828,262,465,334
28974,17311,10606,1955,2796
10469,1830,1227,1414,928
729440,510,344,348,221
9466,708,44,256,84
55723,354,12,33,11
7138,5,1,26,1
51231,1831,1731,1643,1234
26017,4615,2695,1515,1765
22870,2120,1122,2186,883
84167,566,354,300,177
9441,169,54,362,139
93145,95,5,47,42
64926,661,42,254,70
10270,1209,385,2808,678
79852,425,52,10,36
10994,5588,9250,3519,4191
79744,193,136,421,158
85360,1333,311,1173,418
23581,2,1,10,4
6511,19,13,31,17
6795,170,65,29,25
10775,2345,707,1026,788
898,210,16,49,19
8725,1084,499,1289,796
9141,6454,2667,1286,1299
84079,441,151,657,449
6217,109106,37057,14156,17754
92609,3759,3517,1856,1215
29124,0,0,0,0
2091,8044,2098,1313,824
9149,280,104,423,180
1178,1,6,5,7
79935,7,23,12,8
2821,18309,7588,48765,5779
208,2954,815,9003,3155
23646,11276,2300,9899,3409
57716,170,852,483,536
51588,477,187,1343,464
9253,259,33,531,94
10148,375,26,100,30
55702,1419,868,561,468
56961,3,6,0,0
1155,5156,2802,2169,1412
79187,25,21,5,16
5438,6297,6580,1636,1846
728361,1,1,0,0
25999,438,107,405,147
23217,3,9,3,16
6510,6128,2170,1630,2154
25865,2298,796,793,356
27134,44,345,34,241
333,178,60,417,58
58509,632,323,680,273
26093,435,139,1124,411
11100,3517,1298,6145,2076
51343,1242,1949,1391,570
27113,317,16,268,44
7040,3512,108,3094,311
22898,756,136,1780,348
55101,1812,1287,1415,1427
1089,13,3,18,3
10226,3283,441,1207,794
79784,1009,781,1304,926
51073,2505,1836,1643,1291
27181,331,4,121,7
973,53,14,103,18
3982,1,4,0,0
3386,0,0,10,12
6223,192739,75839,13456,12947
29997,21455,14507,10290,7249
4818,672,142,314,44
7087,12,4,81,16
2109,9813,30829,3218,7285
945,560,43,61,49
1048,4,1,4,0
1406,6,4,20,2
29086,3531,4513,1810,1232
7297,4045,1883,2859,1123
6822,7,0,4,1
11140,5913,1851,5600,3090
8775,4718,5695,3876,2999
10567,9091,10346,3415,4499
478,3,2,8,4
56917,300,50,89,28
5802,759,497,2468,464
84518,479,119,12,42
148066,0,0,0,0
1954,2037,743,6778,1360
10945,4746,2130,3778,1861
9266,3663,992,2780,1643
83743,758,720,2167,695
2906,53,4,113,0
23546,5,2,61,2
6320,2721,816,487,438
93233,10,12,163,25
22900,836,246,948,303
3978,1686,453,288,182
946,3,1,3,3
7728,185,120,554,153
8605,1299,641,895,169
56344,1,0,0,1
3036,2,3,0,1
9545,848,136,714,178
1628,1161,740,923,306
374882,16875,14615,4223,4334
828,718,1087,265,558
64748,1385,145,974,169
54854,6,2,1,10
54922,682,183,326,132
51298,3,0,0,0
26291,0,0,0,0
587,1672,1875,1061,1890
54531,382,73,360,153
57664,1912,584,310,193
5518,11825,13512,6567,4168
30000,1511,498,5081,1158
51398,12172,10103,2707,3294
59284,8,0,2,0
2639,768,1107,1581,2705
10990,74,11,104,25
10661,5,0,0,0
1777,5455,829,4224,1054
22983,11,5,23,7
79165,16,0,2,2
26121,569,654,936,340
29844,477,354,111,62
3718,1999,61,252,64
6142,138506,51223,12873,14995
6528,10,1,3,1
3780,22,4,729,9
27106,2165,158,19867,1346
5296,1816,807,1596,723
5864,73,62,299,77
5143,63,112,20509,94
51477,2133,1427,919,846
8178,427,146,647,513
23373,446,194,1577,339
1311,449,26,14,43
11045,4,8,1,15
11316,10089,5390,2939,2685
54555,2816,1321,785,661
2116,100,145,52,44
495,2,1,5,0
93436,1451,669,830,535
10430,9359,7348,3921,3870
26330,1,0,0,2
4099,0,12,8,48
25789,53,6,2,16
57817,444,15,17,6
7392,4368,1213,6706,2051
51599,2296,476,2103,585
79036,3655,915,2752,907
23770,7839,5002,6061,4053
57794,1210,813,1005,592
3249,10408,10498,4704,7191
7561,118,82,212,105
6324,1133,160,3414,139
80714,60,20,69,20
2077,734,254,2130,1118
2931,1490,526,1754,918
57130,1818,717,2196,636
64763,374,114,621,222
2901,35,162,8,152
23094,707,575,738,370
7639,60,22,26,31
23474,1956,1088,595,930
199731,375,974,2284,1521
56006,1618,398,902,351
23080,1015,533,721,468
154661,65,57,22,108
79846,191,151,237,217
85865,370,214,380,294
101927446,370,214,380,294
10156,422,267,1169,1012
1021,706,147,603,426
9512,2423,879,2433,2665
27000,1224,484,433,389
7980,1400,61,68,129
10282,1182,265,642,373
10135,1666,235,2333,738
221830,382,147,287,184
5294,49,3,74,17
5446,18,54,22,69
5445,7918,431,3051,1312
3696,2565,551,693,913
26959,1569,776,1981,1511
11062,206,81,269,174
6671,95,28,113,69
29062,2691,478,1890,2129
8701,15,1,46,18
79872,371,150,923,325
1749,233,3,33,1
136319,3086,1139,3522,1732
256227,44,1,37,1
401312,44,1,37,1
5764,501,219,80,579
51678,305,286,723,284
1687,1153,258,398,401
50617,12,1512,6,2195
56829,957,581,732,574
79989,204,90,164,103
4967,3679,3229,17362,7253
64111,0,0,0,0
11033,344,521,108,478
22797,744,565,100,496
94239,4307,2368,2916,2168
858,3041,319,3251,458
857,4731,135,1915,341
4233,6038,926,5562,1341
140545,149,55,29,58
64327,586,289,1086,622
7472,170,2,0,11
3198,97,7,13,14
10049,1778,690,5942,2217
3199,63,13,10,38
3200,368,116,187,156
3955,942,125,145,100
3202,564,262,245,449
3203,20,2,53,37
221927,1781,929,1546,697
23288,1034,344,1165,466
56311,39,19,6,9
7434,10,53,38,27
23554,1346,2188,2457,1985
6742,4156,1679,1218,1392
3209,62,1,781,3
79974,344,71,137,109
2128,0,2,2,2
11112,2004,1514,2909,3965
8887,2193,1068,5363,2421
54504,10149,5390,498,2023
1124,281,233,128,236
2887,1553,1415,4234,1409
83451,1056,446,835,609
23242,540,371,232,671
55033,319,51,568,115
84725,410,349,539,369
6804,95,18,84,46
10392,379,89,822,110
2617,5682,2454,866,1547
1395,8,0,9,0
2051,270,236,79,65
84182,375,310,204,189
2692,0,16,5,28
835,646,104,612,222
51142,18974,10986,6633,7557
6369,11,0,0,0
3315,40236,41770,13405,11299
4885,18588,19,8613,27
11333,6014,2523,6774,4178
8896,4728,6534,748,1243
26024,571,255,637,258
1577,1739,796,1377,3497
7586,1094,651,1766,1140
8662,8154,4089,3455,2048
29886,2072,1838,778,853
4521,2363,539,309,170
5803,55,134,0,20
6878,945,275,1963,724
8976,1531,979,1107,1158
23553,0,1,1,19
6677,0,0,0,1
7965,1287,458,541,656
7036,162,2,412,2
29999,13,0,1,1
64598,816,335,588,315
5078,0,0,4,1
5118,4737,438,1981,398
26261,26,22,61,30
10842,0,0,0,0
55131,627,279,927,363
84132,206,97,305,198
3614,1079,110,794,186
3268,369,158,1142,465
23658,2787,2013,496,666
5054,9719,35,2075,186
1174,2354,1960,993,3337
346606,419,61,6,44
56913,448,519,1056,1200
8985,4379,997,2185,690
6119,2386,2359,384,1070
10467,8748,11668,1682,3414
24146,397,205,367,200
135935,0,0,4,0
113263,248,75,861,108
93408,9,0,3,1
9678,1489,850,394,383
4899,473,269,682,276
54664,2047,647,2220,1356
2146,367,16,115,39
95681,276,131,182,79
643641,491,97,2464,546
6424,2448,154,31,33
4232,1228,242,49,448
4223,3,6,16,1
57037,640,325,1062,459
653857,258,319,282,263
11281,18,2,2,3
27075,1083,58,181,131
5919,77014,17592,29852,7263
10551,6,237,0,194
196,1213,115,276,204
54927,1928,829,2094,1695
26157,295,54,277,110
28959,40414,27041,40520,19973
2737,125,68,481,128
5683,8794,5817,1456,2358
64983,2287,1427,961,1509
55744,1837,625,1227,1196
644,3757,1269,1305,1153
55665,2648,1802,1789,1480
55069,4240,1327,3633,1746
6009,2984,391,1304,1430
51422,451,389,553,500
165,32584,2781,57015,1807
5425,5711,9194,2919,1610
58498,1,2,0,0
2645,32,8,33,5
9275,1776,779,1582,917
10652,3436,1345,2580,1995
26608,1583,351,1558,519
168391,1,0,1,0
7461,1053,281,2402,276
7458,11406,2272,13990,6834
3984,692,44,867,175
55064,71,62,88,48
6505,1015,1619,385,2931
9355,4,0,1,0
2218,296,154,296,164
83856,61,49,121,110
79937,19,30,105,75
728577,19,30,105,75
10927,962,270,1764,1503
54981,745,1984,482,1059
23731,786,1291,1965,2197
158471,1715,317,3356,1281
1955,220,131,702,472
9830,732,351,1025,614
7464,229,42,39,70
7046,1581,366,1004,853
10952,7931,3953,1544,3003
727,107,208,82,365
4969,178,29,9,59
54829,1785,148,504,144
1842,877,213,1166,671
7091,120,134,180,240
26468,77,9,147,21
22949,3136,1832,406,5854
64420,415,133,424,293
259,11,527,55,323
80709,799,76,890,189
944,67,2,58,21
1759,240,147,4936,608
2022,6283,3169,3321,1991
203,1056,2297,577,952
55664,318,360,317,517
6019,28,29,20,19
6013,9,6,5,5
55848,413,301,263,417
54662,882,3668,761,2162
57589,235,73,658,280
23081,428,77,991,369
81704,710,272,846,536
23189,1543,836,1036,1471
1993,6,5,6,10
23413,669,503,246,1055
7016,794,218,997,595
57582,9,1,16,1
768,16805,35,2890,30
8939,446,204,1349,676
7306,1,156,0,367
10488,2747,2041,883,1201
9827,525,369,1214,1106
8777,483,476,656,1166
8022,0,0,0,0
23586,530,232,215,261
8721,33173,46561,5027,12177
8395,6,60,143,239
169792,455,120,269,222
573,1302,5269,2403,3089
2889,1029,352,4322,1105
56654,1146,402,469,332
320,10,2,94,36
23064,1414,713,1081,973
6456,5,346,0,703
5730,268,4489,5031,2979
20,1404,183,2614,1007
6461,567,554,285,514
54926,1737,1169,902,987
51104,126,110,351,279
51010,360,213,220,218
7763,2386,959,13704,6484
1855,1100,673,2562,833
9124,8499,612,4828,1066
54619,117,15,316,99
1791,0,1,4,1
2625,72,626,21,436
26033,61,67,1280,112
3257,2602,1013,2891,1470
5264,944,4188,3002,3783
83937,10605,4497,12773,4699
23268,489,300,1211,384
22841,425,185,548,399
6387,2282,1416,427,4070
10613,681,317,2190,1012
8661,2945,1218,8821,4093
9033,184,7,9,4
8029,3925,17497,980,26906
1787,126,38,204,91
79009,1188,447,1037,725
5599,383,435,1297,953
11196,786,330,1205,485
11101,1220,444,1077,518
54780,824,800,733,560
59338,1134,454,5483,1190
27143,699,56,737,199
219699,4360,155,4059,244
64072,155,131,368,16
64115,2228,1090,6608,859
9806,632,1356,859,2265
10367,1694,2364,3851,2752
5532,599,395,1079,583
54462,551,215,1249,553
657,385,150,1274,479
9562,838,171,517,425
59,30499,3700,16118,5499
3988,6954,654,2983,1170
3195,10,0,0,0
56652,449,87,533,128
84445,1507,499,5339,1005
81855,1756,652,3547,1076
81621,76,71,65,88
6468,2749,2299,3046,1672
2253,3,14,2,9
10360,829,536,521,390
80351,927,209,1424,738
5309,1,4,0,1
8729,1460,346,2188,1125
57584,1194,293,2660,771
22849,78,120,275,137
79176,2049,2222,1679,1369
79004,4465,1848,1917,1618
51684,572,249,1287,374
22852,90,90,197,95
91452,551,454,1965,978
64077,591,2365,1926,1557
23185,1093,743,1640,925
23560,975,241,1120,789
26098,401,153,262,177
56647,1753,1016,976,1261
55149,387,205,449,295
9148,16,19,69,29
9644,1763,163,2491,538
10531,1976,1175,1531,974
79991,836,550,545,477
1326,305,68,266,85
22943,20,4,8,13
253738,21,5,37,6
10539,2299,1331,764,774
114815,1,104,544,263
54906,731,320,454,324
7511,2241,520,3362,1086
9126,583,82,993,615
8036,793,472,852,588
7019,428,276,989,708
8030,2214,995,1421,1490
8453,430,123,691,348
219771,1203,844,3167,1236
27338,878,221,552,259
6158,148951,43699,11942,13507
57178,1317,308,4702,759
56521,373,419,134,571
10105,1629,1370,3090,1750
64081,963,6329,4647,11195
81619,1762,525,4946,1780
9211,16,3,10,0
23232,1059,211,156,177
1562,4,3,0,8
25984,2,3,3,17
1411,3,1,4,3
57532,1296,440,2500,740
28964,1319,612,1707,516
6143,125296,53527,21188,29029
84961,394,117,691,307
10900,19,65,50,46
7343,1799,1015,4698,1706
1440,0,1,0,0
5709,3577,963,4530,2026
22794,1978,1193,2964,1121
51195,190,10,860,33
8787,173,191,420,156
54894,60,218,419,230
7473,13,8,115,40
101929777,13,8,115,40
443,395,465,2851,2066
5889,665,412,370,269
5414,1626,511,837,822
9110,495,660,1671,1194
4591,499,394,447,345
5023,22,14,60,25
79665,1598,630,1958,1247
8688,2,0,0,1
51174,131,59,233,68
3837,3028,724,5596,2876
9570,1051,1243,954,1308
55163,532,344,1626,928
6198,422,201,841,330
80279,7192,6151,3431,2677
10951,1815,466,3446,1177
9400,948,834,778,618
9487,317,124,565,214
2584,2520,5478,511,1752
57508,153,29,473,106
23125,871,208,1768,761
9969,765,337,1204,648
3216,239,265,677,523
2027,192,546,751,205
5216,30298,9629,17471,9943
26001,4186,3610,3266,2701
8402,2995,5924,3676,2987
51655,213,869,811,809
1145,73,67,33,21
10743,350,75,2575,271
4927,886,917,300,426
708,1691,1760,1748,1965
6532,17,21,4,40
642,1481,1005,1165,1180
1362,1502,565,2154,1240
9527,576,357,1798,545
57003,1932,539,6200,2508
51003,499,365,152,176
1819,1194,951,900,761
117246,1601,1487,1640,1872
11216,288,122,720,363
218,73,67,54,30
6603,1180,697,1152,688
3384,1702,1539,792,547
9144,7095,2723,3503,2258
27077,1493,1207,465,585
55813,1101,552,484,533
1655,13092,4179,19982,8869
64149,582,888,425,334
9267,856,390,895,651
5717,1711,1202,1826,1154
3959,33793,4571,5584,4005
40,108,7,0,25
6354,3,0,1,0
6347,1153,240,94,96
6355,101,17,8,5
6346,2,0,0,0
5193,241,143,368,204
3882,22,0,2,0
79132,1098,636,458,402
2648,2123,974,3179,1060
5878,3671,2417,6509,6071
4669,2496,6144,2440,2830
3292,409,565,133,214
6945,1482,829,1532,1087
8506,235,13,654,75
51225,1005,208,588,307
2145,876,667,3208,1302
1748,73,0,12,3
84687,1194,337,3298,635
1277,30395,162,9548,389
6442,116,129,53,37
100885850,0,0,18,9
51264,4800,8372,2109,2151
10493,14848,8282,7638,2803
55379,3281,591,1850,1333
8153,211,114,196,74
239,33,12,317,45
10014,1198,1123,1437,1227
8714,10634,358,181,392
51747,3302,3228,4491,2016
5539,2,0,0,0
4355,37,42,933,67
64750,465,81,976,350
1845,4409,5013,3058,2552
786,0,0,2,2
9343,2746,1029,3870,835
3131,104,370,1131,665
9120,138,30,133,46
5573,3295,2508,12564,5916
1949,125,11,38,36
54757,1217,354,224,227
7531,4402,4061,8456,3851
23531,317,60,74,106
29098,1468,2974,944,892
1801,672,429,2153,655
5608,141,277,46,103
25979,1143,1602,894,972
26118,1415,401,14799,2224
5957,4,1,1,0
4619,0,0,4,1
9368,7122,8720,5200,7850
4621,82,147,69,80
26151,2084,577,1489,740
54868,528,244,333,210
7448,19,863,27,308
7126,1473,711,2000,907
90410,1147,1159,423,623
27346,843,315,592,308
30850,298,44,434,169
5376,3595,723,1552,547
8456,0,3,7,1
9094,1136,625,1761,631
230,4553,269,9398,290
6830,2436,1437,5030,2195
83871,5413,1839,1932,873
57649,723,99,1798,463
8929,0,0,0,0
55161,729,605,1447,1325
2557,5,13,1,4
2798,2,2,3,1
57606,382,229,1827,768
54940,2460,2135,3035,2719
7365,0,0,0,1
80157,15,120,6,348
23142,524,326,2507,673
64854,278,104,336,438
6783,1,6,3,10
54959,0,6,0,16
26952,0,0,0,0
26511,265,57,286,130
10874,198,4,2,2
57482,12,1,6,12
8649,947,694,1066,1163
5197,108,5,94,12
4790,682,94,1243,523
374,95,0,112,7
4126,950,387,2628,935
7323,4641,4720,10263,5174
5602,329,528,977,822
1998,554,197,833,460
4717,6056,4722,4491,4108
7350,0,0,0,0
23158,478,265,598,484
27309,557,500,1572,690
8821,313,52,367,204
2549,378,189,634,318
11275,258,164,864,419
3558,4,0,0,0
1363,4476,248,2604,804
6164,67956,54534,11373,17742
7466,998,728,5901,577
11199,3,0,0,0
80273,1432,2358,2055,1899
54433,926,620,518,581
2483,350,378,126,167
1182,630,427,2162,895
51166,94,79,369,113
51809,339,73,412,136
1665,1927,1636,2314,1418
6649,604,1524,1344,3043
51091,210,331,590,478
8532,1322,16,15,36
23321,403,1098,1984,1059
56606,891,2087,127,1431
55294,239,113,544,230
55247,14,0,4,0
55296,107,128,129,313
116449,23,52,14,96
7468,509,120,2114,522
152503,594,546,742,767
57620,404,551,329,261
579,7,0,2,0
10227,2007,842,953,531
2743,272,30,52,90
683,205,481,67,550
9693,678,306,2997,797
3083,5,17,8,11
83891,186,55,672,222
55805,103,48,295,68
55325,967,967,1707,1255
51274,520,223,974,380
51088,444,195,687,479
25854,387,845,2531,1031
64151,130,1,11,10
7358,379,507,1011,611
10891,147,1032,3327,1859
29118,6,95,55,70
1410,27903,25418,14290,9188
120237,0,0,0,0
10553,2580,547,1482,708
1075,9762,4086,1533,5291
91057,354,448,209,130
7704,84,64,865,845
26610,280,161,244,297
8882,1661,1002,1161,629
23788,2888,6466,2281,3254
23360,849,237,2898,642
7007,28,58,35,29
116804918,28,58,35,29
6309,417,319,1029,850
56253,50,4,35,11
79864,77,100,68,190
27087,80,61,129,77
3312,19916,19305,22698,40394
5024,1,0,8,2
4013,743,274,1109,668
3338,2320,2143,1589,1130
54414,2051,1379,6989,3408
29907,319,251,674,520
9404,1069,208,402,253
23220,1413,689,248,597
23130,658,501,657,395
10938,1536,2420,4845,1985
5007,1173,798,1944,1692
81622,1144,601,1067,362
83480,345,228,200,200
28960,445,986,471,450
51111,504,400,1329,570
55572,884,921,1039,833
55291,1109,613,2624,1254
9379,383,212,983,616
64231,4947,218,2018,568
51338,1623,51,709,210
6484,793,648,566,1014
1374,1122,671,3118,1619
595,8442,1992,19365,2482
79080,810,84,618,313
27339,5731,4159,3083,1608
79073,5496,3556,2624,2000
887,5,0,0,0
3263,91,6,9,10
10612,386,114,703,230
26973,308,99,244,239
2348,5516,28451,1018,10609
25906,1786,3990,433,1057
2352,7,875,5,602
24145,368,113,322,183
9828,2821,393,6032,1582
116519,0,1,0,0
337,19,0,0,0
345,202,4635,7,606
22897,594,239,1445,411
50862,825,549,1566,691
57562,393,53,168,97
1982,7223,2959,16657,12689
3587,871,98,884,114
374378,1558,691,2629,1522
329,1443,1538,1146,917
9354,1493,1398,1658,1022
1656,2237,907,2358,1644
7379,20,1,5,1
867,285,51,547,191
5818,225,194,372,235
10114,961,1109,2732,1488
25758,42,18,2,24
26273,736,399,1925,1540
8050,335,313,575,481
6506,12,4,2,6
29099,1737,3603,809,1170
51296,6910,315,297,169
921,117,6,110,14
84680,989,761,2524,810
4250,0,0,0,0
4192,2326,402,2488,271
55626,659,246,1791,533
8567,1354,461,3360,1208
114971,2536,1721,2198,1840
79829,248,93,894,364
833,19,38,671,580
5002,1683,3307,333,646
975,24005,8545,9131,6055
54733,322,316,1880,433
29125,56,6,82,19
55531,12,31,31,167
796,1,25,1,111
55553,175,272,2258,563
10944,2382,763,5640,2286
9600,806,258,2008,671
6207,36690,20658,6728,8793
9049,4909,4073,2181,2165
4928,1395,239,2415,1147
4728,5692,16776,2660,3388
10312,3284,320,1082,327
1119,291,197,895,418
23086,114,181,1198,197
11234,265,107,500,296
2965,638,437,624,513
5450,42,66,65,44
84867,33,4,10,7
7450,21204,153,27572,530
5715,2575,1412,1599,1810
10536,813,200,1291,134
8496,985,257,2715,1227
25766,427,191,1377,423
969,102,5,55,85
11108,688,397,977,1047
9976,1426,265,212,77
84274,1055,1219,970,1082
6404,1764,171,663,184
23603,2267,446,3602,1079
41,115,16,23,108
1610,267,7110,13,5114
65981,623,354,1520,460
441631,215,30,331,45
83892,2270,647,2336,1120
4891,1533,408,4015,1033
9761,9997,2720,13038,7329
4598,5886,732,327,704
81566,844,113,1126,318
10645,1088,466,2356,758
51411,353,23,215,64
51561,41,8,11,20
506,39462,91444,17245,23694
10728,5026,4161,3593,2793
341359,0,2,5,13
605,119,140,1081,264
65117,1114,219,3304,1445
1594,32,428,29,1934
4618,0,0,0,1
4617,0,0,0,1
8825,126,675,80,826
3875,47616,9287,5109,4714
79611,597,621,1584,1924
23371,2092,714,9924,1825
2735,144,32,43,23
57460,252,258,2330,599
10988,1420,797,1954,1289
4048,3088,2179,1602,1666
2004,821,365,519,233
6539,2003,1439,12607,1558
81029,1406,38,955,68
55110,620,190,286,165
59341,1669,1246,162,1650
55846,1503,436,1352,674
2305,267,16,62,34
5554,11,13,25,7
11272,11,13,25,7
56341,2,8,21,8
57097,153,54,380,107
10094,13092,5095,2527,3392
51184,599,257,616,558
51699,4380,1261,2502,2155
2251,0,0,0,0
4633,0,0,0,0
10635,62,1,21,31
23316,3,0,1,5
10019,1205,67,948,183
10566,15,67,30,77
54682,87,58,175,129
3736,1,15,5779,1
80824,384,141,416,265
1389,1994,1036,2875,1808
80724,730,1708,3852,2045
217,7957,5857,11341,30056
1027,896,437,3017,796
55507,8,2,0,6
80018,361,106,581,218
83445,49,17,19,9
6337,1113,2695,113,3519
4055,5680,1015,2958,1871
79676,1051,1096,780,582
8099,2405,424,1457,599
4940,585,52,563,194
4939,704,102,463,164
420,158,9,41,207
4256,40058,13652,5987,8785
8437,1436,346,417,257
397,14595,1668,4545,1971
2967,102,43,626,240
1967,1492,749,1663,830
57696,352,92,628,253
81539,3823,217,2092,770
79785,2,219,2,366
8909,4,2,2,7
79794,609,1580,5647,892
7421,316,915,169,990
11211,9,2,1,0
5985,305,102,270,187
2054,547,116,350,252
283383,45,5,149,52
22818,8428,3793,3762,4228
23329,63,93,106,91
55832,1984,944,3168,1246
55801,3,0,0,0
3458,11,1,2,1
5869,3338,1978,5352,2931
56890,290,40,313,196
57122,1021,122,680,325
4848,1308,529,3289,806
8914,503,78,339,225
11052,1245,591,1440,764
11103,746,191,1932,877
51258,10948,7401,1896,2744
2597,710019,99400,152300,43854
4839,1393,227,818,411
1108,5831,3926,5043,2196
84519,211,96,141,44
23074,226,46,346,296
50813,3615,1250,2898,2158
51147,2074,710,1606,995
2784,62,16,91,17
83461,452,46,51,30
56994,895,1115,1288,1481
8078,3562,2000,2956,1506
7167,120383,40206,74912,20320
79158,928,653,1173,608
84727,604,608,1034,823
105369632,604,608,1034,823
2026,10999,186,30158,142
1822,2416,361,5388,1356
113246,15709,12343,4271,2655
5777,3355,1015,1116,534
10162,4673,263,2428,1521
51559,1606,59,333,72
28234,0,0,1,0
339,2,0,0,0
79923,11,5,12,5
64426,620,390,1392,796
51026,975,336,763,303
2998,6,3,22,19
3945,29125,82502,14390,54081
5564,1014,2652,2287,2125
55907,1055,342,693,801
29915,247,75,649,237
6489,59,14,39,29
50856,277,25,52,33
9847,610,244,1166,695
57379,3,3,15,0
11021,896,317,1728,708
1911,589,169,4334,515
1337,20079,15310,12670,13986
5992,1,0,1,0
55188,286,136,585,354
8683,2863,832,3416,2099
26127,883,617,921,689
3820,377,65,22,36
1303,4291,510,634,673
10384,921,150,862,489
51567,918,2007,1690,2396
2444,608,515,625,1096
29940,784,93,422,320
51389,2227,2235,831,1065
345895,11,8,4,12
4117,15,4,25,7
51522,4540,3673,3698,2913
55003,278,62,282,162
2651,306,422,541,481
57150,159,188,269,175
63914,159,188,269,175
4739,738,571,4912,2094
387119,83,22,269,63
84830,64,13,21,140
25842,232,148,221,211
254394,156,76,265,197
79632,38,222,13,122
8732,240,137,482,187
4121,1596,815,603,1710
2570,2,1,43,13
57515,3223,2357,4076,5667
51020,2244,2563,1622,2020
7164,753,560,1474,936
135114,585,505,844,989
135112,480,1438,470,1751
9750,159,52,833,144
23328,345,154,948,410
10090,87,101,57,75
80741,9,10,0,0
80329,65,20,102,28
26271,71,19,56,51
54516,771,987,431,775
5467,743,145,1413,538
4988,9,2,15,3
2178,70,25,355,36
7287,5,4,2,0
116369,4,9,7,11
1432,950,467,1309,854
6005,0,0,0,0
222658,849,609,1192,746
11329,1027,593,443,581
6428,4317,1951,9616,4263
29074,2003,824,551,1210
3605,0,0,0,0
112744,1,3,0,0
4172,1276,331,1539,760
9025,347,305,624,341
221692,286,18,127,52
266727,297,26,231,43
22858,239,89,400,156
26268,687,540,3204,2028
9308,409,578,197,953
23195,1252,1421,611,716
2740,7,0,0,5
55776,596,340,552,370
653,22,32,4,101
60468,35,9,71,24
221662,38,4,8,23
10486,179,37,612,215
79865,11,3,10,6
26036,411,290,1013,675
9532,335,203,181,215
51715,211,88,190,101
222642,4,22,27,17
9457,96,5,183,46
81491,17,5,21,21
202559,0,9,3,21
26235,321,222,658,516
892,857,1079,1243,986
59336,0,0,0,0
1871,235,97,177,184
7803,1851,686,4647,1267
6492,2,116,356,275
10973,518,60,357,291
154150,0,0,1,0
11149,45,5,32,24
1297,0,8,29,33
9439,268,129,503,312
8936,249,54,195,150
2822,22,25,129,21
7915,403,722,4166,1076
202,2158,646,321,970
8876,303,514,46,1252
8875,182,7,99,52
55856,1933,6389,745,3029
60682,853,491,982,419
6206,105584,58396,10286,21882
81688,2187,988,3296,1626
135152,14,3,45,6
51053,370,290,238,242
2070,13,29,8,105
55084,170,338,307,211
7101,1,2,55,8
8724,4641,2596,2012,4062
10246,21,4,45,20
10767,370,284,552,728
10475,1254,354,935,851
5191,347,158,188,381
9841,211,178,182,181
9896,501,255,429,452
64065,1874,496,1861,648
57221,260,23,495,97
117247,113,365,204,360
51696,836,168,412,294
57211,228,102,137,307
9749,323,350,1269,285
7957,165,285,308,371
442191,0,0,0,0
81696,0,0,0,0
81797,0,0,0,0
7922,1023,565,891,553
7923,93,397,125,253
1235,44,11,63,11
6892,2053,559,234,81
54346,277,56,1,77
6582,2926,1807,1603,3963
5252,351,195,102,80
51596,7938,11988,5420,4872
135138,48,165,111,91
9444,1131,407,2329,944
168090,7,0,0,3
10846,218,150,104,229
90632,218,150,104,229
4188,406,15,45,16
7942,781,723,1135,564
64094,1476,141,329,125
896,1690,923,2058,976
705,565,188,319,174
84498,449,521,398,241
6908,224,176,446,120
2979,17,6,58,11
5961,16,22,30,26
23506,184,86,453,225
5528,955,341,1487,589
51069,1540,3012,1278,1205
5754,1293,177,951,461
6722,946,311,1151,474
23113,1188,2385,943,597
10591,6190,10561,4947,7411
56940,987,921,1010,490
124907782,987,921,1010,490
55770,389,179,891,426
1347,11318,12395,4964,6331
55754,3095,1288,4208,2088
2762,525,1406,231,607
26054,597,320,1371,812
3617,2,1,16,12
7422,21049,790,152647,2869
8899,1281,2349,997,889
7272,56,1,4,9
2030,3050,591,4132,1183
8838,30,135,8,78
11120,623,152,965,492
3910,8131,433,1465,203
55603,609,244,318,295
53405,55,1129,25,2132
57666,438,190,3216,808
59084,467,325,751,908
9450,1186,55,148,94
10279,246,17,629,112
4224,12,0,1,0
9096,63,1,28,7
55914,885,197,1973,1424
56133,211,4,467,23
23438,1596,600,2059,1094
83594,361,436,532,612
55722,91,20,112,24
4124,1138,398,1053,842
9037,632,493,320,1280
730,690,3558,180,10753
11044,681,166,1513,267
2690,296,295,427,422
3157,598,308,870,844
1611,2656,1303,1681,2662
8382,597,289,111,402
10902,1351,786,2682,730
10112,252,1,22,12
23530,1261,1702,4931,3530
10884,552,673,548,642
3313,11875,11576,7361,7025
23107,1456,1062,1373,1128
5201,4049,883,3648,1908
1839,598,188,167,103
83697,24,716,1,781
4015,2982,79,564,226
3003,547,8,222,43
1007,0,12,323,120
10307,1451,164,1896,565
55374,323,74,547,200
6678,88437,2544,119980,11911
3550,4415,1522,3931,2304
3156,669,317,834,528
10087,770,327,1281,694
23197,2523,319,1377,609
9421,0,0,0,0
56132,93,35,207,28
26167,412,32,27,75
56130,84,6,36,12
56129,376,16,35,19
8622,79,48,873,126
57396,1228,303,1765,532
56121,246,27,76,51
26762,126,16,1564,66
2916,32,12,121,16
3702,104,32,65,54
55819,5605,1946,2854,1794
54974,1801,173,304,223
411,947,362,1475,969
9685,1520,329,1842,1640
7060,252,34,99,57
57472,741,238,1033,428
3593,18,11,4,7
79908,1,1,12,4
7265,3756,2533,1565,1203
4437,196,210,287,602
5924,322,269,293,328
2566,1,0,0,0
900,6981,2863,2383,3183
10622,52,9,34,74
29102,1421,903,891,341
1004,7562,726,966,969
4001,225,6,176,40
57561,7912,1061,1699,1078
64083,955,380,1292,1015
10923,4750,3911,2121,3013
4883,356,3697,10641,5757
83989,546,204,1021,333
28965,1,0,0,1
6897,1742,1168,978,802
50805,0,1,2,1
4012,1306,372,1013,601
5144,679,411,394,520
5810,441,239,526,317
55299,436,187,276,251
64902,898,11641,39,8052
5618,123,1233,1207,1411
10723,5216,2085,3610,1582
3565,5,2,1,2
10111,1435,352,1438,1198
3567,0,2,0,0
7903,539,24,2179,29
10007,2926,2776,4152,4135
51294,1634,356,842,309
6500,16999,8003,9693,10491
9631,425,318,297,177
5515,2710,1049,6901,2589
2246,314,1125,109,2568
2908,2755,1299,813,822
56951,3776,936,1879,1382
23398,790,179,955,475
3977,544,312,2637,1305
373,266,180,807,243
80006,360,327,636,378
735,24,7,3,19
10802,704,114,616,266
79770,3731,763,2152,671
23548,184,51,383,134
5917,3342,1218,745,984
23286,4855,1190,1082,2522
9555,4337,1464,4266,1796
10915,1094,143,1214,332
1809,2131,182,1327,333
4090,1123,1706,1010,539
1452,6774,1321,3826,1954
22993,2561,334,2777,800
57222,14297,1228,6302,3249
5159,5057,584,3124,861
1044,41,3,1,0
8992,27952,13899,5959,8253
662,877,464,181,292
8614,4995,178,8663,238
80315,539,318,1160,973
3274,955,76,1328,83
1627,2381,504,1669,850
23567,373,90,472,251
90249,315,0,14,3
1962,2164,3228,709,6800
5067,27,23,0,179
10051,359,99,411,152
58515,1671,1278,1047,1487
93973,503,1212,241,498
55171,235,70,181,163
51300,3043,1864,958,1446
51185,645,500,646,751
3827,77,21248,28,21982
3273,14,1127,17,1029
604,1382,138,2614,535
3081,4216,7601,403,7236
10686,12,492,3,1253
84100,214,167,144,192
27031,290,49,449,175
942,710,28,261,53
51421,3683,225,859,1285
56954,12908,7665,1306,7384
26355,12564,3682,2765,2431
4968,1229,1397,513,1855
3836,905,322,1578,783
5096,1556,3873,876,2997
7337,647,431,1802,949
25852,768,346,623,647
80321,720,258,144,385
5948,2,64,3,40
5947,1186,952,254,329
55186,1616,935,1952,1563
131890,3,0,11,3
9616,4090,1735,800,1278
7029,1032,2053,746,1520
54464,522,133,658,426
8850,492,124,758,391
590,35,25,0,106
5276,1,5,0,2
11235,854,444,374,725
79782,6,0,0,1
7474,155,14,105,58
5210,1645,35,2657,64
1294,313,255,73,140
2257,40,29,51,40
5576,334,420,1193,587
3280,822,725,337,674
7375,900,417,1086,1073
23527,697,110,592,473
1894,345,27,86,69
2779,0,5,0,0
2771,5889,1812,4957,2438
10342,3560,925,953,1216
8287,497,132,1,1
64595,497,132,1,1
3373,922,4698,1332,3378
11334,1174,2393,955,1743
10641,770,1725,398,727
6152,136109,67873,6450,19907
11068,1137,1108,334,679
57415,231,154,12,139
8087,2735,1393,1216,2096
868,581,95,590,275
56987,921,482,1277,887
55081,1694,642,1514,1473
59345,1806,207,499,200
11148,2609,327,22,757
84223,458,153,293,200
2632,1056,361,3756,1169
27136,0,1,0,1
7372,1274,517,416,590
22916,2344,943,1206,1590
8723,650,363,998,1267
79669,176,56,4,112
23150,464,254,703,499
54946,1364,845,1332,933
152015,1,4,1,6
5361,1757,68,854,389
523,2173,3167,1878,3804
80325,1556,1168,982,896
50512,1186,369,277,297
7348,916,258,3,334
10675,28,7,11,8
23276,476,1050,181,399
22937,1917,1210,1624,1833
79825,105,106,136,54
57501,129,34,44,11
79858,429,96,275,183
11222,2141,711,642,1514
57088,212,39,218,334
51409,1041,2658,358,844
1154,385,554,515,2192
7867,1066,1400,1582,2083
93,212,145,223,207
57599,790,726,750,904
51122,627,161,398,387
64689,1154,569,1848,1105
51555,7,1,8,43
9136,535,427,271,363
10057,1615,473,745,657
13,2,0,0,0
84836,3921,19093,2487,5312
10289,1443,1006,1314,1512
100526760,61,247,68,245
26084,15,36,14,64
54800,607,778,946,557
23007,114,24,114,69
7433,6,13,42,55
25981,356,218,226,369
6747,9673,4696,1174,2299
92999,335,54,333,204
7134,10,2636,10,390
4820,1082,205,2001,947
1181,333,111,225,202
27086,553,541,469,299
1981,8242,2339,3024,3642
28972,2410,2539,1180,3466
6787,117,74,321,204
6508,155,90,1015,89
54891,167,34,242,102
1933,12762,9640,2848,5083
8745,131,5,31,17
1716,1826,1105,1095,691
55233,1570,989,3052,1960
55683,1047,797,2950,1060
81562,1527,1183,1340,1182
6242,1757,2581,2800,3778
150465,797,382,1077,444
3552,4,1,1,0
6364,55,12,6,21
200576,226,97,960,491
30818,367,167,2634,494
51011,1003,1002,936,1501
4691,8771,3198,14534,10312
10120,1327,781,3806,1557
80255,703,277,887,862
7535,276,18,198,61
10096,2138,621,4857,2555
55240,1718,114,7273,172
57669,354,977,928,1189
29842,187,2577,48,5361
51639,2808,2033,1246,1509
9540,1701,1841,707,1065
51277,108,114,378,145
5443,43,30,10,12
10254,308,205,1227,515
9381,8,1,20,0
2820,413,228,800,313
1058,58,2,2,3
9595,191,37,162,165
90,427,214,901,615
85461,607,247,1100,536
7781,32,6,12,9
4358,2209,914,2882,1490
2976,1234,871,840,616
8890,1711,2624,891,927
29959,3253,1359,2351,1674
3694,269,121,531,161
64838,330,41,34,33
3676,137,30,375,57
10213,1239,848,1729,1130
9784,3201,3028,2647,2439
51130,272,92,285,213
100302652,272,92,285,213
5496,3290,1161,2781,1679
5136,591,875,61,897
92840,942,4431,28,2032
54760,214,75,557,103
2641,0,0,0,0
10297,25,10,110,29
64135,364,125,341,269
6209,104432,36192,12555,14782
25801,357,182,662,368
83444,825,713,737,608
7841,2201,542,2445,908
64427,603,248,1648,416
374291,7691,9328,3841,3857
84759,796,315,659,611
2888,468,1520,678,630
79745,312,176,1030,352
3196,0,0,0,0
6711,7734,11487,6512,8353
550,3592,3301,2955,2569
57142,6237,8854,12338,13160
27429,981,739,1115,744
84695,419,38,230,68
1796,628,158,490,159
2591,36,6,12,78
56655,1448,3450,687,909
6869,0,20,39,53
55704,477,55,682,234
33,239,190,988,609
84141,1172,297,2230,838
9801,356,301,824,1104
10314,969,604,1913,1166
84128,505,286,1388,393
2202,5898,1266,5357,2430
5967,496,31,0,34
55120,386,173,364,202
2335,73360,355,12345,1448
6772,2507,716,2153,1574
2744,2107,6891,5165,12423
64895,169,62,395,160
1768,108,27,71,191
55825,723,775,709,1066
25972,1475,1125,787,740
3485,798,1824,373,925
84173,635,387,882,437
3488,10394,4638,72262,9723
9736,1068,619,1759,871
80303,523,2684,523,3716
3769,3,44,17,36
10575,5089,8163,1080,2294
2677,1271,1082,1203,1081
4759,0,0,0,0
23301,711,147,1332,657
5013,3,0,0,0
10190,612,407,296,433
80219,476,306,587,585
10578,760,146,321,39
23451,6354,831,14292,7080
8869,366,79,258,124
9486,317,101,515,181
79031,627,354,688,447
25843,672,240,903,525
3336,7083,5713,5370,7279
55818,1012,208,1873,548
84812,91,733,1444,454
51652,2674,2776,2664,2578
7701,219,100,883,211
7850,3428,256,80,120
53632,3,3,0,2
150572,0,1,0,0
3554,1150,211,1103,659
7475,5,18,14,7
8808,95,106,213,80
9173,24,286,32,1289
8809,160,10,23,83
8807,66,5,10,13
6549,8,113,2,161
2274,4957,338,174,364
79083,128,68,1563,82
27013,3760,3716,12490,4277
80146,978,789,4531,1471
10058,1922,1240,2233,590
8576,1055,1237,1311,1196
60482,0,5,2,5
3069,15987,6793,11972,6848
5510,2478,3193,1878,1585
23178,193,71,480,191
10494,2680,1602,4715,1948
7173,1,0,7,1
5624,70,2182,16,1407
3398,2906,939,6663,4227
9014,117,76,224,199
3241,5694,1758,6742,2052
4953,2371,2126,1652,3131
57448,1079,428,1696,979
79954,428,390,584,525
55041,2399,3801,9892,6488
26003,2175,636,2509,1242
6801,200,109,600,279
10153,831,655,513,747
23683,503,209,1501,427
80067,155,87,546,224
25797,1111,34,10745,129
22930,730,626,1678,927
8604,435,447,881,561
151393,113,76,230,184
1746,11,0,1,1
3938,0,0,2,0
1615,1551,388,9178,1103
6432,2189,1516,1685,1072
6382,10828,12853,5097,10848
5334,97,405,364,1072
6509,781,116,827,69
6654,697,297,1493,549
8942,583,234,88,1477
7456,1257,414,1224,527
4999,272,108,534,212
9167,3950,2791,2954,3331
56902,369,155,402,232
5000,683,667,2433,1338
5341,896,39,814,88
390,668,89,165,354
1386,685,297,1486,595
63892,877,382,877,573
22848,582,978,984,757
66008,1285,1142,1802,1318
54980,211,144,279,178
7072,840,300,4203,1095
51449,1346,2430,4132,4799
84634,632,3,3118,3
2034,7245,3438,12998,5372
1820,207,71,658,133
7341,2525,2056,2342,2179
50489,15,6,4,7
116444,22,17,240,31
25806,17,6,23,4
525,36,3034,180,3994
4780,813,941,1336,1412
2956,920,462,1278,594
65977,259,230,1218,453
6697,1599,3238,1816,1940
2043,185,147,295,221
117583,209,138,2251,377
10056,1185,843,916,628
7840,586,91,564,302
607,159,154,549,385
5396,762,15,161,22
1718,1424,1463,3596,1809
23341,298,1225,838,2489
4139,65,20,655,59
7143,39,19,25,2
79906,204,491,281,300
2882,648,107,387,158
27101,1424,792,1391,2285
6342,2500,735,2741,3316
25823,21,3,35,6
60676,0,148,63,276
55103,184,113,468,222
9068,28,87,13,219
9731,256,197,1525,413
9917,649,511,1077,711
127428,253,105,397,216
9528,8374,12695,8887,8362
115353,606,348,601,370
49856,532,231,665,343
7827,19,2736,2,2837
51253,2777,5958,2064,2094
23463,1742,1561,2030,2242
6146,44714,23430,14066,13832
26038,7,16,33,21
5768,13652,1709,2085,1135
6814,474,242,1745,775
148479,308,108,1239,284
54206,2412,730,6585,9317
11315,11489,10770,10050,7552
57535,49,13,62,10
4985,51,16,41,16
271,1738,448,2204,715
6429,1499,239,3543,1200
51102,737,1331,538,592
3749,409,458,268,440
80267,747,307,598,379
79084,655,448,737,534
515,3857,4784,4565,6627
5906,1393,420,2285,1377
3065,2211,760,4348,1531
829,2117,256,1494,880
64766,467,170,666,317
127544,610,163,565,430
10067,1534,1955,729,624
55223,121,38,333,57
55870,486,229,2068,785
58512,28,31,59,31
6421,3825,2265,5869,2594
58480,318,74,1251,215
54856,1214,825,1533,826
9181,1230,364,914,297
28956,4632,5045,1409,1954
4209,1020,257,2252,561
85440,575,1045,416,443
6723,1872,514,421,325
26232,207,368,562,448
26270,838,319,838,359
81563,1711,322,1440,566
54823,93,66,239,153
10459,1432,1234,931,680
9829,122,110,700,266
3953,139,56,514,194
10625,5399,4550,20869,6685
90231,2379,2164,3134,1811
9927,1310,741,5193,2641
10216,15,5,10,5
60672,921,1009,283,266
9887,1409,1084,2028,1214
4688,520,28,426,164
5132,0,1,2,1
23169,324,203,618,561
5321,64,18,40,86
1647,1218,914,6109,7583
65121,0,0,0,0
390999,0,0,0,0
79971,1229,2022,1987,3601
7799,471,280,715,241
5997,901,331,1050,1065
6121,2,0,0,1
6738,254,260,586,339
270,2,0,10,7
51377,420,163,693,672
10286,689,468,873,878
9295,1738,1717,7531,1566
1491,55,136,66,319
79814,373,5795,444,7142
56944,2992,1375,296,867
51086,32,64,40,77
10878,29,0,0,1
23207,1509,551,2983,887
1429,2223,3167,4759,6315
10745,315,167,645,213
7709,926,756,930,300
965,591,360,315,386
339488,21,5,18,4
914,636,52,110,45
8458,199,42,733,199
2494,41,16,136,15
23046,119,14,124,27
252839,5674,6011,5389,4130
54936,1875,688,2144,697
55700,1571,340,2462,715
10352,335,322,579,369
51179,84,12959,24,8406
127700,386,1011,242,445
64960,3451,7481,990,2167
149371,185,160,526,258
8443,1064,836,1257,844
7257,489,796,2049,625
54955,106,34,710,233
64121,547,366,1050,744
4811,2811,209,4381,586
3964,1237,404,4098,1058
84618,1,0,0,3
51440,4,100,3,127
4548,875,484,3716,1305
656,93,30,616,63
4610,64,13,81,51
57568,685,44,1317,228
57829,0,0,0,0
6018,258,43,950,233
8564,1181,1100,539,1450
127396,62,70,222,130
9132,13,6,1800,14
9783,36,32,33,73
10000,635,301,531,526
2117,223,54,651,248
34,632,1426,2759,5702
81849,17,7,2,13
6504,75,8,11,33
962,816,37,283,86
23266,410,292,3171,669
11240,568,241,2882,364
6390,4233,8324,1778,4195
4237,259,70,19,59
80135,526,488,543,496
10765,679,146,1305,347
6675,745,374,659,405
81569,50,0,5,0
1486,695,311,652,537
5999,274,13,89,35
59349,843,975,1322,903
84966,63,7,134,14
117178,319,301,576,700
54680,436,182,443,207
26279,114,5,19,6
5929,196,355,511,365
2635,871,261,588,408
2633,999,102,484,355
100861548,170,73,346,127
57576,133,99,82,132
51463,467,717,611,997
653519,467,717,611,997
5129,3562,692,14435,1294
8934,383,1266,2316,3083
11126,20,2,23,15
1889,2599,622,4282,1200
3155,1852,8869,3135,5582
2582,2194,1699,1158,1173
3399,1949,524,855,328
1380,19,66,17,133
4179,2003,1174,5706,3792
9129,831,589,812,581
51107,5479,2603,5600,3595
64175,2407,432,1415,298
6513,5486,284,68208,682
10969,2117,2249,1148,1906
991,364,37,20,80
4352,0,0,40,3
9048,177,20,33,26
9670,1487,2603,2172,1415
533,6685,16594,3635,4952
8704,1194,722,1157,478
79033,3235,4630,1209,1918
8643,194,21,87,16
10327,13792,41292,2049,17936
5052,11437,24904,4506,11240
8503,535,328,909,383
10103,16735,15709,974,16429
8548,275,148,361,253
57821,13,47,6,121
10560,126,100,533,464
2166,1695,4942,4156,2095
387338,621,497,1079,577
50999,2140,1161,3629,2257
80133,1,0,4,0
1810,749,462,1309,901
1266,5037,1874,8964,4766
23215,1227,1665,6078,1127
2152,294,75,292,185
5825,865,981,1224,1672
8674,301,134,659,325
51611,860,751,373,412
356,46,5,18,4
58155,273,149,469,298
7292,84,13,73,22
9588,10797,17329,3363,6511
55157,277,379,328,529
3290,121,20,6,51
3664,235,761,764,1021
27042,393,127,620,275
163404,136,9,0,2
9890,46,3,28,21
462,17,141,10,91
11123,278,47,121,108
25949,2183,1594,1689,1547
57035,1690,537,1779,885
23443,327,214,654,588
55758,363,443,1461,492
3925,2632,1275,593,1431
56181,1333,3113,3437,2660
57134,287,396,2717,1192
4751,49,6,6,7
6195,600,668,704,749
79947,744,1208,2692,906
29937,7006,15415,1626,2694
25936,475,181,951,435
5629,4,53,43,52
8289,487,340,4395,615
1063,199,19,50,16
6118,1123,601,1168,762
5511,664,319,1478,669
23673,890,571,2392,1035
54996,912,2520,2882,4696
200010,687,914,305,873
114883,1614,715,2930,2040
51060,4413,3558,956,813
57488,2615,587,2871,1240
10849,185,31,155,31
23184,2388,1147,1367,1247
5955,968,374,1400,883
1143,32,10,542,17
727897,58,13,160,20
1509,102379,46500,85038,19869
78989,324,852,196,1632
10274,377,66,496,434
51146,6,0,48,16
6794,1415,747,2238,834
4297,795,359,1567,581
11181,223,5178,22,2420
56912,786,1011,746,956
4317,0,0,0,0
335,43,470,5,54
84215,502,150,7,157
6543,71,1,1,1
11133,524,532,87,165
6230,30772,13191,4610,6317
9928,45,7,19,5
7139,26,2680,7,1125
83479,371,100,272,315
23271,793,297,950,316
22926,1145,753,1669,1295
1421,0,1,0,0
55686,87,26,174,85
7141,0,1,0,0
22868,427,336,650,523
8828,3108,76,3123,195
1385,411,153,2017,693
8609,197,80,2116,576
7276,0,252,86,333
9331,30,14,372,96
79630,3110,1105,495,533
23632,13,23,124,28
55259,50,67,36,47
4033,265,179,506,360
23120,21,6,16,5
9789,3818,2131,3735,2173
57558,172,77,235,174
6785,45,46,50,40
27145,190,29,284,101
9994,132,51,200,80
9324,8658,3654,3461,3800
90025,128,110,107,70
1268,62,1,12,5
81833,0,3,0,11
81573,243,155,451,283
84251,263,95,1910,200
23469,984,319,1901,880
153918,0,1,1,0
79747,147,17,23,11
5325,422,22,2302,219
84085,156,69,195,216
7128,410,12,765,196
9465,155,89,96,150
10981,1988,853,346,479
4602,13,0,2,6
64577,695,1875,723,4083
6446,1869,723,5803,5171
81847,824,478,1368,1152
383,7,2,3,2
1490,4506,1747,2873,5487
6943,108,673,91,743
83449,59,63,147,8
26234,2692,3088,5962,5613
80306,1606,413,2190,1164
9194,299,220,184,633
10329,870,194,557,386
80264,63,31,179,45
8673,9850,13599,5203,5512
64858,100,21,199,73
103910,18782,14831,6707,11855
2309,824,611,1773,1207
84071,55,18,90,44
2691,0,0,0,0
6185,13225,3678,8435,5306
60436,595,390,541,337
845,36,6,88,60
118427,0,4,0,6
5311,618,179,5734,798
9429,187,109,267,146
6696,34561,15273,37800,65418
8987,345,172,1184,331
10983,6025,4605,5591,3791
5918,426,28,13,69
64747,2169,616,1596,1156
25782,428,196,1317,578
196483,478,382,250,167
5493,299,195,876,382
29855,628,270,1806,608
11278,337,244,430,420
7347,516,472,417,418
27253,520,40,182,48
64342,1780,1282,2741,1346
60526,306,309,486,494
57539,402,274,685,426
894,791,108,369,126
8074,23,127,6,8
22936,1588,351,952,1159
56171,104,137,88,81
57404,180,131,345,268
4709,2737,3157,1127,2095
9330,405,196,1366,464
23314,137,31,900,226
7320,1925,727,1159,812
140803,14,197,10,239
9615,1048,4837,415,3257
687,795,883,3393,2965
9414,775,836,496,1461
84417,60,1444,654,1090
9270,4625,3452,1256,1371
51692,566,992,741,410
80235,108,150,234,60
205564,549,199,517,396
80212,148,25,505,311
84886,811,274,1098,482
440730,3,1,6,1
55127,263,46,355,251
9991,889,524,875,766
5887,2317,900,2238,2442
23307,1501,266,1333,859
8727,554,982,126,518
54942,253,186,264,226
89891,2896,3176,1055,1464
6418,4656,2353,2613,3118
5524,10248,3842,3933,3187
2733,580,583,731,692
51552,1435,1290,1246,1736
11064,249,66,229,132
22954,285,82,329,224
26190,774,273,1807,1365
26147,647,64,259,118
10783,4810,659,2403,692
54836,46,509,1348,456
5537,1034,838,751,1192
4702,2868,2846,1310,1937
81932,1852,5223,1266,2431
92400,412,621,353,320
57864,6,1,6,4
84263,1325,2185,1016,2482
79109,1508,4643,716,2711
8013,43,45,27,18
27130,232,153,294,381
79695,234,86,721,192
57706,891,1382,718,722
85365,845,399,679,746
1441,464,34,351,121
2531,529,401,2431,885
9525,591,737,1419,775
9480,3,6,19,1
148223,2011,1922,823,691
84878,304,212,659,224
56252,1092,376,1722,713
26094,360,170,900,352
283571,19,0,26,2
338917,0,0,1,0
51077,348,115,1765,789
5228,2482,104,1624,101
83982,2632,1373,1026,322
80127,99,250,217,212
91754,1263,678,4725,1703
97,536,165,766,196
112752,1604,1327,614,813
10577,12812,14800,7824,7251
83544,388,387,556,297
64207,239,132,705,432
10965,1110,2184,2641,3376
4053,2424,310,445,464
9870,433,233,1472,762
27030,652,311,1486,465
23093,367,379,392,306
55640,512,547,587,373
5826,1076,981,2838,1314
1743,2405,2041,6470,5306
57718,3,3,6,3
7043,641,49,385,131
79696,94,508,397,196
81892,3711,5344,1289,1937
58517,1280,1001,3237,1041
4329,355,5627,1210,14182
8111,566,17,15,54
2103,12,145,10,332
8892,1402,686,1971,1252
55051,719,859,390,318
51004,1056,1661,1596,1390
57862,705,78,1012,710
23433,1294,782,2922,1134
10936,4,3,57,6
9913,1234,565,1751,902
114818,163,35,368,82
1788,545,218,1741,569
54867,3147,1101,3597,1169
54454,192,70,253,143
2281,186,138,61,112
64225,304,189,2205,854
51646,2392,1728,2897,2424
25940,740,601,2154,1127
105374454,740,601,2154,1127
84272,1020,1078,755,1148
54812,1020,1683,781,1522
29094,247,198,1028,294
25927,531,148,393,127
53335,22,23,6,9
9419,684,523,324,442
4072,1168,3585,546,4667
26503,464,466,1652,1298
79627,1779,166,4901,650
55719,513,244,1074,447
3416,1046,387,1054,396
6975,0,0,1,1
83401,22,8,1,6
3437,1204,454,1088,625
159296,0,0,1,0
3433,799,127,400,317
57678,196,216,269,207
51076,595,272,696,402
5507,2793,215,4180,310
84795,597,263,581,351
26507,176,15,620,11
4601,1001,346,4423,910
10285,370,119,889,357
80007,176,95,212,146
3070,114,23,61,56
2834,7,1,5,0
26123,2878,1283,1579,1114
404636,1118,1460,924,893
60370,431,339,384,342
55717,951,459,2396,1051
79591,1029,721,966,479
30819,102,8,292,17
159686,13,6,36,6
2805,2589,3789,7365,5363
1369,12,6,141,15
79946,9,0,44,8
6425,0,1,0,1
10672,1225,536,2293,848
3218,71,258,553,251
284058,731,174,825,217
3215,162,250,280,181
1394,2,2,479,1
104909134,2,2,479,1
3213,295,332,1561,444
3211,0,5,0,4
1843,29210,1808,16604,4277
79646,847,228,1236,848
4488,72,2,2,0
7010,128,170,264,1123
10171,311,145,119,330
79886,293,237,522,326
54586,3,4,1,0
79817,182,116,186,331
11172,3,1,2,2
3641,4,1,3,3
2315,7,11,24,12
29126,106,67,106,56
3443,0,0,0,0
3445,0,0,0,0
2891,1,5,0,26
348995,359,218,391,305
25902,551,98,463,99
84918,545,211,1086,711
80129,58,44,29,99
5110,2151,1777,983,1236
57480,408,21,587,186
80177,418,158,254,191
80231,66,7,30,15
4115,0,0,0,0
84418,9681,5500,6695,7921
54853,1985,347,1386,614
64411,614,122,555,221
56128,55,0,259,15
56126,177,5,69,13
56122,363,20,455,57
56124,63,9,264,20
83884,1,1,3,1
63923,33,25,19,64
63931,918,936,758,640
91687,63,18,107,26
8995,12,1,2,2
89866,278,128,792,146
111240474,278,128,792,146
92344,124,17,127,72
2853,0,0,0,0
39,474,684,199,706
6950,3441,1926,1773,3102
83887,14,0,3,9
399979,1067,782,1874,1100
3762,569,44,955,86
79684,165,30,367,126
63970,4,37,41,38
56159,769,9,0,4
407,14,2,17,12
51248,2401,685,1175,865
84068,104,18,412,72
84955,289,114,234,262
56943,5740,2048,2071,2110
84930,99,10,177,93
56243,903,498,2321,624
84569,6,0,4,1
84898,3332,600,3825,1253
80314,740,427,1075,540
440073,98,366,54,227
84318,166,93,263,93
6883,660,236,646,354
55068,77,107,56,91
8600,132,0,9,0
9617,102,83,331,228
100507135,17,29,12,17
54937,8,15,44,24
29103,2129,692,2042,2231
80209,517,250,844,379
51569,1570,561,1754,1015
11193,283,171,528,326
1997,348,57,1703,456
4093,231,58,1437,82
10808,1505,1601,406,1129
84078,150,163,347,226
29880,1291,1297,987,895
11340,540,406,666,307
2107,3182,1350,1630,1604
7045,347051,632,1163,808
51307,958,307,1069,358
100128966,958,307,1069,358
64374,10749,6887,1551,1318
51247,3452,1241,3168,1899
9499,57,14,584,47
51780,1506,184,2315,1162
1958,3773,1039,417,480
27230,6238,2039,2700,3137
5357,303,110,273,447
22835,59,20,400,127
7181,539,300,460,211
27340,259,87,512,250
7112,762,237,727,455
400,2302,948,3808,1934
83468,477,42,33,74
80298,417,547,668,539
8835,195,418,2142,1163
4801,580,182,1157,683
51019,1292,958,887,833
317,199,35,324,85
1846,258,6,119,20
1191,27293,10515,173812,12112
8795,893,216,3058,599
10174,1886,667,5093,1479
2185,614,792,1251,1171
1135,3,2,2,0
148,9,2,11,8
5533,286,153,663,307
64236,2223,1245,1064,1585
2053,2106,3598,1911,5619
81790,433,454,1174,684
4879,0,1,0,0
29914,422,187,571,282
23435,2637,2440,5290,3279
943,34,7,15,21
65122,0,0,0,0
51123,2239,1024,770,955
10434,834,659,1972,1031
83690,88,13,49,55
10987,2033,2164,1051,1297
157506,541,427,1075,931
8288,3,1,48,7
8165,524,649,3300,1395
8161,382,285,370,263
7706,731,360,2289,515
59342,2204,1243,3020,2272
8405,918,282,2476,938
6909,871,4107,1089,1122
10237,3299,2399,1108,1131
9496,4,0,4,0
56155,42,14,9,8
81558,144,144,380,292
23397,50,1,15,7
9227,118,15,560,12
23240,393,80,421,206
84057,67,3,9,6
117854,648,1246,297,1898
85320,6,1,5,4
64282,206,198,176,172
113,212,55,307,100
84902,1108,739,618,405
57616,155,31,74,37
55268,2479,6808,3615,4039
50836,0,0,0,0
79887,1851,456,1001,842
50839,1,0,5,0
653247,0,0,2,0
79912,954,492,399,498
3375,1,0,1,1
3764,792,214,417,161
50837,0,0,0,0
79370,28,1,5,3
50835,0,0,1,0
55269,693,586,789,653
256051,67,64,240,119
1,1037,431,46,102
65982,476,866,4304,1239
10520,173,71,1162,278
23024,130,335,424,349
353299,1,2,20,1
89884,32,48,135,49
6045,401,198,471,204
81627,231,246,669,397
26984,620,124,449,311
1475,582,18,90,22
55211,41,181,26,27
64091,549,68,261,72
8702,1632,1293,338,543
80218,1614,962,2370,1384
941,44,0,13,5
81930,31,6,18,15
2703,0,0,0,1
51029,786,264,793,477
9479,348,656,146,536
1408,827,1384,3151,1594
9409,1541,1513,819,719
91614,490,311,53,504
847,1805,5254,4389,5718
29990,1763,287,1692,644
7750,737,407,1674,736
10804,687,2,3,2
2700,7,12,1,51
64786,819,491,1365,773
576,105,41,351,41
3061,3,0,3,3
51538,1120,1047,1033,823
2170,2005,9540,3154,6372
10657,3727,1859,3040,1640
55116,454,210,448,166
9034,224,30,52,23
729230,166,13,42,27
84265,992,533,1588,581
2693,0,0,1,0
8743,3779,1120,1059,1770
51193,429,176,414,345
22865,0,0,0,1
5290,342,144,441,505
23244,1092,620,1708,1247
80008,12,1,26,31
11019,199,306,278,401
119587,1795,642,2231,877
113452,3868,1253,996,323
7579,41,12,96,39
114784,27,1,40,36
3208,75,2,92,4
55791,295,105,204,82
57413,303,3,22,11
23155,1290,309,679,440
29899,213,56,150,76
79712,329,127,670,263
7852,7140,252,8076,663
84083,109,54,70,84
92,192,158,363,244
51426,286,83,713,315
22987,18,1,4,1
2322,11,4,6,24
6144,61080,82306,13408,19941
219402,2111,2201,1517,1413
2971,5054,4580,1798,1251
387496,436,488,568,659
5412,730,729,4014,1039
84248,970,351,1541,929
130916,634,451,1687,866
7512,85,18644,23,8612
54440,861,40,396,69
4952,816,242,1203,577
5047,13,1,3,3
29991,19,0,2,0
51116,2220,3570,1179,1667
50945,0,0,0,0
2331,4720,254,431,283
4656,0,3,7,6
54900,18,5,33,18
5340,758,27689,48,18355
57179,7069,5631,6164,11056
1314,2300,769,5561,2913
51744,88,4,36,8
4063,101,4,38,5
9956,705,1,14,1
5930,750,507,1499,650
29066,689,245,1911,532
5620,0,0,0,0
84947,125,120,203,232
311,15086,7858,1875,3783
11155,21,29,37,89
94233,10,0,2,1
54537,608,713,962,991
84293,3106,3798,6551,3752
7755,703,603,770,357
79903,1685,1151,2090,1279
6125,52018,33617,14197,19702
57489,435,210,325,241
5737,80,144,7,179
54482,203,84,443,162
127495,39,4,39,19
25950,308,237,283,180
84146,558,337,394,318
343099,73,35,46,29
79871,458,226,547,421
80148,1078,1878,1946,2483
27241,271,104,474,259
5395,290,113,392,276
83637,2311,484,5726,1174
654231,6,5,6,2
989,3402,766,3172,1558
80820,482,133,291,77
9808,4,1,16,5
55975,658,202,1035,390
64224,522,210,1035,348
11335,4084,1205,1926,1424
3181,14189,5442,17445,12042
644150,243,44,207,103
30010,0,0,0,0
4852,3,2,4,0
84668,381,67,509,163
3204,226,319,328,466
3624,998,18,222,28
11328,4563,1077,5348,1491
51251,835,224,603,337
10124,493,222,314,135
51622,2115,865,629,550
27434,781,219,1232,386
10268,737,2080,245,1341
29960,1047,474,824,654
7291,53,3,14,8
55234,1098,873,1088,1089
152007,900,98,295,95
92014,70,112,155,175
1211,5211,8489,1982,4203
8434,270,85,198,155
27290,0,8,0,1
138474,0,0,3,1
48,1502,5051,3483,7158
23349,13,7,12,4
27019,53,34,9,10
79269,392,549,414,618
1271,7,13,2,48
57670,387,204,637,888
8805,383,244,534,280
78996,3562,283,3113,897
800,8339,2431,15733,4523
6718,1,2,13,4
170685,63,48,2,133
653509,0,0,0,0
50674,2,0,4,0
5328,4024,726,207,829
5552,2869,335,2779,935
9469,2051,712,577,1072
80114,2871,929,733,1400
55847,2873,3580,1327,1488
1959,142,6,31,11
11319,567,326,536,467
5033,2708,893,5420,1110
8034,573,326,896,567
11130,459,124,121,104
9559,1205,981,1237,993
9904,670,362,1324,561
11113,147,136,5384,658
28981,199,47,420,235
35,1452,3560,2665,1917
84329,343,39,420,77
79039,2523,1622,2065,1471
23389,575,136,5863,632
1031,682,415,2918,366
26994,1239,1180,4318,1786
11228,608,369,338,499
79365,2926,36,11086,71
8082,1981,109,2660,162
3709,578,439,1420,1540
55297,1228,222,495,362
64168,266,247,358,150
11059,617,296,2597,947
23597,1487,626,571,436
10549,11922,2227,4731,1025
10212,2946,826,2052,737
5585,3726,2071,4167,1252
79002,7088,7139,3258,3266
976,1697,246,1338,280
84292,840,806,385,365
10755,2928,1605,1947,1270
139741,1,0,0,0
83446,1,1,0,0
57213,386,302,485,330
84650,1119,504,250,260
540,130,51,2041,232
23091,723,393,1801,793
57486,347,224,944,305
64105,41,8,20,7
10133,4053,6497,2768,2364
80760,2903,836,2603,1336
466,372,144,946,260
10102,1117,774,862,1238
58158,0,0,0,0
64333,609,78,191,43
3071,1089,48,994,201
4327,466,55,118,140
5204,58397,31025,8756,9904
65244,708,92,1094,265
29095,3538,2994,831,1066
3164,750,421,884,589
5153,256,39,213,56
3229,10,0,6,0
1017,571,34,1334,182
4035,12135,481,5409,854
3227,67,7,365,22
60673,3194,1810,1201,1068
4778,9,8,19,5
3228,1,0,2,0
64375,154,55,309,142
23583,2799,1769,899,572
10376,47799,1886,23641,6193
25895,371,222,2583,551
55709,244,34,847,460
1757,521,2479,352,1589
1621,11,9,22,64
64756,1029,2802,1706,2732
6491,42,4,45,40
55355,152,3,14,6
3598,45,82,12,162
1300,671,7,38,7
262,1478,787,1719,939
29078,649,1072,363,376
85015,123,83,290,138
5354,4,5,23,9
6906,2,10,0,7
9643,5267,1128,5733,3316
158983,0,0,1,0
51209,69,5,117,12
203447,41,169,8,330
139231,921,422,1293,861
80712,0,0,0,0
4108,0,0,0,0
728269,0,0,0,0
92552,0,0,0,0
9367,891,262,804,568
79828,227,118,304,246
79809,366,179,304,331
9111,721,117,191,184
7130,412,0,11,4
130399,23,12,3,44
29994,226,188,1309,446
206358,511,107,6894,393
9926,1088,324,1534,475
55509,400,31,33,26
50486,5774,3661,349,3789
3759,210,28,129,16
57826,591,214,878,472
5393,743,272,596,364
81579,784,454,788,1232
80776,1637,466,521,239
79934,1109,464,2037,599
5208,301,729,6935,2531
722,4,0,4,4
725,19,37,20,15
23682,324,45,172,80
10888,23,9,53,15
27161,280,237,1131,280
10608,2559,2254,4465,2328
1164,1461,382,123,178
164781,12,23,3,2
2181,836,325,1891,1085
79586,2663,1130,2333,905
23549,3014,2875,1583,1474
3623,19,6,673,28
116255,0,5,3,10
23363,1876,1627,27859,2282
79843,59,2,16,18
6560,1636,292,3794,480
84080,851,887,490,535
4159,0,0,0,0
140687,5,0,5,0
140690,16,8,41,8
116151,1771,953,982,1123
5266,18,2,2,4
200232,9,1,5,2
90203,699,664,1356,721
6590,2115,747,3,298
140686,31,16,12,14
79183,439,145,480,187
57580,1396,130,1157,261
3787,175,3,18,9
57468,132,6,4,13
343578,6,2,5,27
6385,10405,10380,3209,9159
8202,598,249,1059,531
51604,6731,3472,3554,2405
6407,0,5,0,4
8785,25,8,0,10
57727,1253,310,1560,482
9217,2307,1095,1663,1198
84612,572,621,529,485
514,54489,55835,9383,16470
84181,431,639,1388,546
5335,1788,326,5936,1599
84969,62,20,125,30
6431,4239,2545,4076,2971
78997,16,13,25,0
149699,1,0,0,0
10564,382,111,1912,802
57169,1826,515,1081,719
128611,30,3,21,6
1908,16,1,0,2
1434,2385,1393,762,825
387522,95,0,403,33
57403,1106,343,1111,694
5740,942,43,30,69
6780,3356,3246,2650,3477
60437,37,6,39,10
6615,388,18,56,13
27304,292,145,359,170
8675,1648,309,5166,1051
56937,6241,290,1467,348
55905,2431,1241,3216,1982
140731,0,0,0,0
55661,1657,507,1199,920
11317,1,0,0,0
6406,0,2,0,0
128602,0,1,0,0
55653,402,472,195,193
60598,173,11,0,9
27296,23,6,33,6
5105,891,5416,2932,51111
81030,59,11,42,19
140825,209,361,231,105
4109,2,3,4,0
4552,717,436,3422,668
79072,309,79,359,307
5184,6492,34902,2184,17330
64377,6,1,2,3
23096,575,1880,495,807
6845,901,514,651,983
3581,14,0,57,13
7499,3,1,0,3
10617,1043,474,1624,1041
55577,4330,1863,1988,1101
84693,278,225,189,468
400961,102,716,1096,1126
11017,540,180,755,344
10199,535,315,427,465
27189,1,0,0,0
10396,493,110,1780,271
23326,2141,1201,7860,2220
79983,42,14,34,48
64344,24,28,234,178
79177,1060,905,432,360
56269,0,0,0,1
7596,225,92,439,174
27076,83,21,118,41
440533,0,0,0,0
1088,4,0,32,2
4693,63,2,3,3
8239,2088,695,5592,1875
7180,1,59,0,34
2162,2368,165,968,749
2914,2,0,76,1
55809,103,33,247,121
29993,18,23,31,42
10385,391,73,948,233
23408,444,455,1002,629
57380,536,516,1295,731
56897,917,316,1961,878
88745,1028,973,692,755
696,2,0,5,2
6631,4479,2433,1566,1717
10786,11942,5236,32,6283
6568,409,2901,45,6228
5269,7869,8476,12148,3369
57510,756,503,979,345
89845,480,249,576,181
3007,1,2,1,3
5190,784,567,1164,627
4835,3088,11822,1015,7125
221443,726,960,1035,919
222643,1576,481,1701,1040
57505,303,121,595,329
3024,0,1,0,1
346157,41,83,233,97
6204,83304,63187,14453,17510
4337,663,1483,1241,1550
8970,11,2,10,4
9477,282,234,632,414
26212,1,0,0,0
6903,430,258,395,317
25803,1,1,1,1
6954,2,10,15,4
9587,519,511,670,462
10930,1,8,11,4
116138,2603,3409,2254,2488
27232,35,99,14,82
107080644,35,99,14,82
1769,8,5,0,5
54210,68,5,44,12
4201,5524,2185,3115,1942
401265,24,6,94,14
81578,143,11,268,49
1026,6910,568,8019,2596
6659,1204,467,7231,249
2739,1594,1855,2428,1622
57699,258,68,124,97
89822,341,2,19,5
6239,551,313,1474,822
6745,2818,1626,5266,1702
83732,329,116,423,186
51299,122,31,327,130
51000,718,307,434,548
10799,111,64,45,75
6310,753,220,1005,275
9972,438,161,1023,403
7913,1111,429,1424,943
9521,794,414,617,506
167,0,0,0,1
860,1226,72,26,66
221391,3,0,0,0
9247,1,0,3,1
9208,1304,509,3844,1255
93463,0,0,3,0
64284,1525,4785,2841,3787
6372,41,3,3,27
2069,28,10,5,3
84767,0,0,0,0
26070,12,7,5,2
745,596,130,383,445
10647,21,289,32,74
4246,4,28,49,10
79026,34513,5508,25238,11554
55831,2404,1966,2715,3149
51066,21,21,37,53
7471,4,0,7,0
54436,891,1415,2659,1414
23019,2362,932,1868,1871
583,1237,996,879,1230
4495,467,306183,3248,74111
4502,14076,80555,3498,17899
80262,445,362,1767,542
2806,2374,3201,1616,2890
55715,2253,1300,778,1621
9271,3,0,3,0
2841,33,4,5,4
171425,477,1669,628,1341
84899,291,292,688,485
5911,639,292,1204,647
6555,101,357,29,508
10257,552,328,2490,1199
1948,725,160,1115,243
11166,0,0,0,1
9375,5019,2646,4606,3944
78995,91,9,24,9
3834,5,3,92,6
3659,1674,139,739,337
65109,283,178,466,263
7737,1097,413,670,319
23157,713,434,850,561
55026,228,49,10,27
4694,33055,17320,10506,10532
265,1,0,1,0
27109,551,593,1925,744
652,333,101,830,279
5732,138,15,527,73
8603,403,84,991,303
2868,100,83,194,63
6662,188,57,15,83
64518,36,9,16,16
4620,0,0,1,0
9953,50,47,57,71
399512,117,210,310,295
51081,3004,2964,1641,2131
23163,848,188,1557,466
79637,656,418,453,365
79902,1380,944,503,377
60386,537,317,274,202
57409,1179,635,1221,519
30833,2080,2845,1533,1003
55154,1096,466,1349,574
10485,13,6,13,3
7270,235,170,122,197
9329,370,230,283,390
64794,349,199,290,266
56751,0,0,0,0
3802,0,0,0,0
54776,2759,1064,1987,1467
79143,1392,356,838,247
6725,5,1,12,2
4987,14,4,347,7
56731,2095,3705,1929,2074
2832,0,0,0,0
79025,16,3,1,1
128408,0,0,0,0
79144,3990,956,2015,2577
3553,85,7,35,7
5342,25,0,28,36
27178,0,0,0,2
84269,2158,6162,628,959
7849,2184,1550,7440,4800
51141,1331,216,4111,573
84172,501,211,502,375
54520,699,315,2719,947
23550,775,197,1911,423
79085,1705,1490,4444,1700
5623,174,222,109,92
2962,3111,1577,2153,2079
84266,10199,13649,925,2227
8192,4854,4734,1412,1666
8744,1430,7,50,14
2892,70,130,46,153
57187,1104,637,771,689
5469,556,223,777,364
9349,105659,38167,14107,20812
84938,256,152,270,228
970,10184,11,267,14
718,167971,2254,1728,968
10045,473,315,69,346
9322,2842,555,2699,1235
56927,4032,3118,1920,1628
8740,166,2,19,14
2354,271,159,182,28
80207,765,592,1420,613
6633,25222,21113,2916,4571
6253,239,116,114,64
24139,909,211,1887,769
7408,1293,188,1345,407
8189,2019,1701,2889,768
56261,1203,138,766,345
27111,143,94,122,70
80025,771,419,630,450
7053,12,0,3,2
2797,2,10,1,3
81623,0,0,0,0
3170,1,0,48,1
284800,52,18,93,13
22918,3610,226,3285,592
64412,316,152,743,295
5075,0,0,0,1
63908,340,241,355,252
10047,0,0,0,0
644524,0,0,0,0
1059,2759,1678,2884,1226
9491,5149,1116,7485,2963
4821,0,0,4,0
92675,3023,595,1175,947
128817,0,0,4,1
10616,12196,1439,2215,1049
56255,1942,715,3210,1416
140880,0,29,0,6
140901,1207,157,8775,331
6628,11078,2097,4994,2276
80023,1941,758,1920,461
55317,579,283,289,310
6238,8667,2515,7002,2810
650,1078,102,549,112
7692,1053,432,645,415
23767,801,477,316,433
58495,24,58,0,65
5126,2,1,1,3
64096,0,0,0,0
8195,4639,2375,1068,1334
631,55,27,11,26
11034,12890,8228,3424,7807
24141,296,39,8,55
6629,2453,891,1096,1320
92667,846,216,502,431
164312,574,29,6,40
128637,1585,688,2151,785
3704,2186,1764,1071,724
6939,36,19,2,2
56914,0,0,0,0
84515,137,33,274,116
140836,0,9,0,0
55321,561,33,1605,32
83541,469,127,207,62
128646,9,0,2,0
64949,3617,2374,1907,2137
140881,0,0,0,0
8698,100,36,60,17
56926,3002,2066,755,769
4435,17,22,6,6
10236,987,326,1294,700
80818,298,61,190,105
4149,1858,1223,1885,1081
100529261,20,19,115,25
64860,210,97,483,225
8200,12,1,2,4
10893,722,150,412,799
63941,1113,818,784,464
3397,846,1307,306,1151
22913,10711,3522,4482,3042
83658,9926,8358,5117,4873
140873,1,0,0,0
8894,3754,1563,1401,1639
51614,22926,13641,4204,5409
140823,23838,18445,3275,3288
128876,0,2,1,8
92747,1,1,2,5
11190,1927,164,7784,807
5326,254,122,905,197
2925,1,0,12,0
8242,1258,382,6432,1417
154796,946,524,815,773
11070,1418,2653,1206,1631
5690,3588,3469,1659,1381
192669,322,89,636,389
7389,6512,7602,3609,3562
6487,1498,479,580,320
79639,782,1111,401,749
79654,1513,1060,1581,1201
3831,1274,698,2824,769
7517,329,16,854,150
10426,124,21,715,557
23263,279,374,2499,782
2159,279,133,448,197
55795,526,280,789,440
8858,10,492,88,1198
57152,0,1,0,0
79414,145,67,294,176
79713,735,238,210,207
826,13047,19018,6643,6814
84306,289,201,49,150
79171,2411,1774,2059,1192
84063,4,16,4,22
10054,1884,758,2054,1009
2867,9,9,12,11
10870,830,269,285,164
2864,1,0,1,0
1340,27296,30804,6701,8360
8689,13,0,5,0
7067,1025,741,2931,1600
1236,42,5,28,13
9572,418,74,536,134
83786,735,218,1034,294
25824,19677,26374,12082,11205
83596,630,179,170,109
3661,4800,2577,1520,857
3276,5819,2765,3286,1973
6237,4102,1227,843,1018
5639,40,519,44,221
58506,851,370,3112,587
57479,296,136,1117,149
60385,18,4,2,5
23769,18,49,16,41
435,4993,13332,1522,3689
51119,2624,828,2149,2160
1446,0,0,0,0
6779,0,0,0,0
3346,6,3,6,6
6776,1053,1126,670,1000
65266,345,988,127,1291
8678,1586,826,2442,1520
5582,0,0,0,0
10131,4759,9833,3635,2685
84662,556,263,165,282
84081,572,333,780,602
22826,2454,1770,4074,1974
27245,370,89,1768,332
2537,2452,1268,2376,2337
117154,0,47,2,35
171017,788,51,2413,718
10436,3300,2948,672,995
6756,0,0,0,0
8409,12255,5992,1870,2723
5199,71,46,150,21
2002,783,121,738,428
10245,3567,3051,1252,1360
64430,978,321,1183,853
22863,323,239,552,285
3895,3019,3093,3446,3576
6495,52,0,24,7
57381,439,53,802,151
9787,51,2,5,5
112849,526,231,429,542
3306,297,318,3803,1676
22890,330,33,1377,350
57570,299,170,307,220
81537,491,540,689,916
26030,735,1636,2113,1197
5858,7,2,12,26
11105,27,39,32,40
55288,627,381,685,466
2123,472,25,172,57
4974,9,1,27,5
101927057,9,1,27,5
55112,1344,257,2556,557
83543,321,9903,230,13840
286336,356,16,191,27
8021,2208,2386,620,731
30848,0,0,0,0
554,7,372,35,174
8273,1519,308,548,406
5605,5549,3760,1930,1417
3188,2209,1119,2928,2239
51309,527,184,587,421
59353,20,5,1,11
1678,368,333,204,178
55906,168,125,413,291
821,22050,5538,36410,11476
54973,2031,2404,2844,1096
6003,2,0,3,1
64768,152,35,178,171
83744,52,30,66,62
4958,679,12,3,27
89846,427,321,229,256
59269,132,48,137,105
79717,1951,1699,1365,1683
1907,89,7,63,44
64919,74,5,115,14
1350,84919,54922,20080,31093
7186,965,477,435,255
79575,589,343,560,335
5648,1165,236,1369,363
84239,56,2,11,7
57110,275,13,113,9
92797,126,28,235,85
5908,5090,1540,3119,2224
50616,0,0,0,0
7103,67,406,2,626
144453,199,92,28,22
117177,1112,1078,819,1236
5787,396,336,1158,1752
8445,1123,118,1192,281
8089,372,92,180,158
50831,0,0,3,1
50832,30,9,21,13
54429,5,0,19,1
155051,48,1,1,19
65999,945,248,597,227
56302,0,6,0,10
3425,457,145,1191,239
53834,1111,305,5960,989
84286,1225,501,1275,535
79000,20,19,7,8
5300,3437,2465,2350,1820
54850,490,115,550,286
23065,1173,602,2989,668
5322,101,3,9,18
23352,9122,6116,2142,3991
50809,1363,807,7373,2129
30817,187,15,403,27
23309,941,140,3366,680
390892,0,0,0,0
79939,2030,477,2000,568
58513,853,478,1140,488
10365,194,135,765,869
26658,0,0,0,0
26664,1,0,0,0
9002,146,14,605,80
10975,28152,34813,6005,7687
2671,2545,3837,356,490
9143,21,73,8,33
9088,109,17,10,5
117166,158,92,50,59
84219,474,352,833,295
146330,204,15,1432,60
63922,557,186,201,92
51764,0,0,0,0
23499,4616,2653,4430,2822
6597,2840,1769,2249,1534
23030,1474,503,6341,496
148022,930,166,561,163
84190,227,249,69,96
27190,19,37,12,34
83460,1377,1391,557,760
8388,0,0,0,0
79066,632,962,608,299
7277,4125,3780,4212,2432
7429,218,1325,64,5672
14,3160,1582,4395,3094
25953,4147,6345,2770,3298
55504,414,232,511,456
6049,431,221,918,484
1892,7727,54454,3861,21451
90485,33,35,273,28
10142,1160,475,980,1255
2791,6849,1937,4442,1371
7979,17071,5711,5499,3809
2792,41,12,24,1
3092,816,575,1740,602
5782,1241,206,2748,797
5447,4474,3745,1532,3729
10875,1529,622,3191,1479
51657,1742,1368,374,479
79689,80,39,336,159
2770,577,167,585,744
5189,499,95,739,582
7978,322,244,113,122
8910,745,523,814,595
84060,260,92,460,191
64921,439,68,442,279
163131,193,125,153,86
57622,146,10,60,12
7538,3596,122,5518,1827
79644,1289,706,489,247
6691,8,10,0,2
65997,70,183,23,406
10606,1437,540,3673,1126
3791,1138,300,1494,1090
5471,153,85,337,152
85378,1670,574,2661,834
79924,325,578,493,730
85359,4366,5097,1817,2001
54487,811,333,1201,579
57168,113,50,63,39
29802,6,13,9,5
23753,2925,1446,775,900
9514,8946,631,754,840
7533,3186,644,5463,878
5988,0,1,0,1
10739,5,0,1,5
25775,3,1,9,1
2781,480,76,175,58
4248,404,117,534,379
135,296,91,1210,173
468,12356,6596,5400,4927
53947,1412,445,549,927
10738,1,0,0,0
11135,1851,304,789,325
80833,3497,575,941,1008
2847,66,7,8140,0
8459,1014,1111,1263,944
80115,937,1071,405,810
4357,3871,4699,719,2515
8484,0,0,0,0
7263,5131,18269,1175,5523
80831,10,0,1,0
3543,0,6,0,1
23780,4849,612,1666,830
5880,1754,73,448,120
3976,2099,26,391,48
84645,101,52,158,104
200315,3,3,39,5
100913187,3,3,39,5
200316,395,150,119,60
26150,17,1,8,6
3872,152,52,50,30
51234,4354,2907,2384,1780
7732,53,6,482,21
92521,657,250,382,325
51200,126,2,6,12
9732,438,90,960,238
25913,668,164,649,363
50833,0,0,0,0
9296,17006,8321,6644,6697
51691,1622,618,524,534
222256,197,138,127,255
79706,1749,722,2229,733
7425,0,2,0,4
5420,1718,2051,3817,6732
93986,61,59,14,53
57464,211,83,516,316
64792,3588,2270,782,1230
4289,823,1217,554,693
4189,3142,753,1892,1962
2318,163,50,243,156
64101,114,22,60,240
813,4751,337,2804,817
64753,40,8,364,23
6608,1355,578,2527,1226
3663,642,113,1359,342
10234,408,19,111,59
23008,2277,764,1719,839
4698,2984,2616,3952,3360
389549,0,1,1,1
611,62,3,42,20
6183,2510,1951,408,547
4430,1324,263,1685,796
3231,70,69,62,66
3232,109,244,197,179
10651,1080,420,1242,1112
50940,83,94,7,65
1123,295,42,80,59
2571,809,184,578,134
64172,176,103,224,208
94101,1033,561,828,580
8520,559,289,708,688
3235,410,720,920,484
3236,212,375,152,333
3237,208,79,79,64
3239,11,0,3,0
8924,627,204,949,503
6638,4037,6553,4357,6746
56984,978,599,1212,719
57045,525,278,1310,473
58504,253,17,430,28
440275,1152,559,783,500
55930,169,75,655,255
84952,2162,8899,1320,10579
29767,301,48,440,147
146057,241,51,564,198
80237,21,6,76,55
90416,502,196,837,411
54617,429,89,1192,488
79664,269,395,602,465
54567,1074,38,2456,100
8854,118,645,22,379
54629,285,133,770,377
3712,1750,3226,5509,4281
90417,191,58,152,149
1854,1898,583,2837,1517
79094,66,83,30,257
54982,1580,1201,2394,1095
10776,1616,1191,3501,1829
54832,868,879,1190,719
91860,1166,1196,119,1180
3671,3849,1338,47,509
56906,67,38,95,56
4016,852,333,642,234
51554,104,12,78,18
25847,2186,1710,879,1927
8930,1031,407,612,538
1315,2007,412,2553,1916
5682,5076,4228,1993,1759
25870,3250,3660,4884,3597
23022,2583,684,1151,1404
60559,1586,1378,1641,1080
8424,2228,9169,138,15761
4654,0,0,1,0
26297,2185,1701,1588,530
3746,0,5,2,3
7166,40,32,21,11
8048,0,0,8,0
79733,46,1,12,15
1635,1498,411,2976,1510
6665,17,16,25,22
54478,125,1,12,8
84268,1301,636,1592,636
9098,67,26,151,54
6462,32,607,53,241
5338,742,107,717,370
23746,3,4,1,1
968,11714,601,8699,2864
84817,6822,6406,1354,2960
482,125,120,121,213
9513,747,475,1194,706
10749,1515,1511,7271,4717
9526,3298,8080,3814,2444
51105,596,276,998,490
23639,272,114,55,254
904,582,263,629,359
83448,401,102,753,221
65095,1172,504,1391,438
3609,4300,1667,8687,2777
57153,6111,2618,2638,2831
10053,2087,8842,161,2341
1032,280,110,289,124
57509,641,279,2098,816
43847,6,0,10,7
27180,219,3,97,13
5655,20,3,5,1
11202,3,11,0,7
25983,1139,871,979,658
11035,220,49,66,39
196883,614,154,372,243
84932,334,135,1295,227
599,640,245,3842,1510
84962,1041,323,596,610
112487,191,105,293,171
10038,438,187,877,388
25938,608,507,635,217
3169,1,0,0,1
58533,1753,876,2130,1731
55837,1220,713,762,895
112399,15852,133,16422,173
55320,158,15,311,76
4901,55,69,65,91
6035,15958,9201,2420,4739
4738,7604,7415,4793,4938
1603,7651,8175,3886,4377
7011,449,178,646,440
64097,502,308,379,216
1036,92,22,38,27
7905,7648,5052,5484,5224
81533,1497,815,986,1710
84074,120,50,140,78
2302,1,50,185,66
6397,2774,1358,3237,2119
79651,539,24,1554,171
15,9,1,20,6
9459,519,52,961,226
79649,897,159,604,133
2258,194,157,341,238
9070,634,1197,1377,696
80185,231,147,246,174
417,0,0,0,9
57053,47,16,17,14
1028,176,1031,323,1035
151648,21,5,3,13
100101116,0,0,0,0
6192,37889,21062,45,62
50858,0,0,0,0
353513,0,0,0,0
9084,0,0,0,0
203611,0,0,0,0
1013,43,4,5,57
83855,837,176,256,205
58986,1583,2092,1436,999
83475,602,302,601,412
23383,976,153,3569,846
25759,476,230,1526,228
79948,0,1,1,0
723961,0,0,0,0
81926,3237,2125,2175,1195
3929,813,52,2,90
6861,14,3,12,4
7137,41,6,0,2
863,34,18,82,28
2593,4981,9021,1461,2073
8226,733,364,686,628
55780,551,424,397,251
55274,1045,620,2329,889
79057,91,181,74,50
26290,2558,43,6,25
3741,4,20,41,89
84766,173,10,138,11
158046,208,100,56,106
9754,397,205,2134,1292
27112,34,19,25,35
54857,16,28,8,9
6303,18734,12294,9776,9818
54552,110,31,241,94
23677,521,475,3983,1195
158747,193,91,422,141
57572,2305,649,1955,526
51295,2909,3466,1297,1446
3949,142,73,132,196
84337,3825,1350,1554,1199
26526,2,1,4,0
55908,1120,117,20,20
5589,12198,4146,9663,3068
1264,784,107,601,226
8881,1278,970,2070,971
84891,15,0,4,0
51337,1405,944,1278,1178
5819,5573,2677,1650,998
348,107603,193058,9072,111680
10452,2558,816,1241,782
341,45815,620,1225,222
10912,242,458,3091,643
57631,40,19,21,35
1804,6,74,1018,115
23039,661,955,3017,1777
59272,1010,3703,129,4168
147965,1103,323,720,310
9667,1984,1735,5265,2235
25873,148114,85880,9584,12876
148229,157,12,184,24
2657,1,0,62,0
1463,2,0,1,0
547,8,20,39,12
84705,473,102,1049,196
83483,7057,1836,15759,1823
684,36874,5800,3261,2542
376497,1204,688,4039,587
55695,1672,766,761,404
83878,153,101,410,145
79709,4810,450,4746,552
79016,3315,201,2935,1566
64981,2263,2334,1849,2683
25796,7742,2546,1161,972
51690,5621,3490,1263,1086
56995,338,322,589,469
51429,1124,466,1045,1548
84816,1753,209,296,146
55278,299,352,541,594
51250,460,840,188,450
83861,384,175,634,425
4142,11,26,9,9
81616,13,111,5,79
4298,1064,555,1824,964
2527,0,1,3,2
9210,0,0,1,1
4301,609,555,12000,1723
81,6703,2353,8846,5635
65975,110,134,446,321
4705,1695,4705,2296,2582
2056,401,60,13,29
10095,8681,983,2577,1078
59285,0,0,0,0
57688,281,61,329,173
23149,242,14,46,23
23025,27,5,5,8
55201,1754,531,570,230
113730,33,7,15,15
7837,3517,89,2185,241
170463,1501,502,1189,280
9518,5092,610,408,1099
54858,5941,21417,869,1782
80726,117,93,130,45
25804,4537,5457,1214,2556
3727,1858,1317,1909,946
3270,110,317,103,183
54795,2516,774,679,441
81061,0,0,0,0
25830,125,4,443,5
79230,227,85,156,73
92359,1167,799,1078,564
10439,125,22,202,44
157922,330,184,963,226
10422,979,495,1012,830
6295,31,9,12,6
140685,313,413,451,373
85441,227,20,755,145
140700,165,81,704,144
4046,1509,53,569,240
7140,31,16,10,3
7136,106,6,15,8
283120,20641,2342,2362,710
1289,4576,61,1313,117
25814,3038,580,3930,2039
10844,4762,10875,1208,1845
50632,8,0,5,0
1571,46,132,232,26
375775,185,262,1223,293
3050,0,0,0,0
10298,926,212,1978,862
3110,6,1,37,0
26152,984,224,1558,373
64793,177,46,497,189
6874,38,13,264,54
140628,0,31,1,49
140893,1,27,0,17
3911,1764,854,6732,1304
9885,1211,819,2047,1108
105369209,1211,819,2047,1108
11047,4298,2566,3338,1862
445,12229,125143,4245,92188
59335,3,0,1,1
23404,430,349,549,344
10585,894,2183,1128,793
83549,1333,2711,1229,1353
84929,9,0,6,0
27243,12788,11413,3965,5476
9040,2828,1731,2432,1400
10155,7199,2451,4327,1747
84326,8110,5069,1711,1207
78992,2622,1017,1167,1100
84971,657,1096,508,621
1968,3117,1161,4542,2296
54958,1284,2013,339,661
23211,482,134,1200,258
4861,123,31,22,25
9535,4624,2049,1128,581
4294,326,68,743,202
27237,968,854,911,712
57470,846,860,2277,900
83667,553,1623,643,699
27293,206,234,235,376
93974,5118,10151,10181,7030
54797,206,193,340,180
9473,1059,41,982,142
6249,946,478,1837,1264
84660,3,10,8,0
9026,1612,1665,4368,2980
57693,1678,1516,424,308
56342,802,521,917,280
8666,8641,12846,3605,3612
83854,15,3,14,1
55337,2339,469,802,744
1786,1578,220,596,239
79088,173,156,310,168
6535,16968,2174,13677,2532
139728,7674,12,368,33
1736,1218,307,1263,692
55558,944,49,2140,214
1852,83,1004,587,1807
4354,2651,1342,1521,1894
55422,324,132,609,184
7776,61,29,460,85
56301,4,8,2,8
4037,1184,82,2640,208
91574,600,334,871,444
25926,984,1165,567,333
10277,589,291,1489,726
54897,39,75,255,202
10343,4,6,57,8
3293,100,78,5,40
54754,6,7,3,7
22927,477,1642,1000,1803
8789,6,6,0,7
11046,946,769,273,752
5638,250,143,332,192
7317,6460,5710,10649,6387
9104,1078,1280,746,1814
353497,151,116,78,43
425057,0,14,0,0
85313,265,139,266,414
80328,74,3,83,12
9590,1049,539,588,1441
23345,1312,950,1701,2612
79465,10,0,11,9
9113,217,70,348,200
54869,1162,270,21,227
10288,235,1,524,36
25980,1863,1123,1043,840
164395,23,4,17,18
140683,1,4,39,1
9584,5158,1806,8291,3171
84701,368,162,127,42
128861,0,0,0,0
84905,139,50,182,57
2686,1390,358,2041,773
117285,0,0,0,0
55902,3396,4614,1541,3828
60401,472,17,586,21
23229,629,802,767,716
10882,7954,53,15,84
2670,322,33,190,46
5697,4,29,34,10
51751,922,41,228,33
529,5161,6872,4171,5530
7770,303,59,561,233
126299,2496,1830,1281,1150
83639,4,1,4,1
7700,134,63,227,65
6370,5,0,0,0
1327,14559,49523,11262,14068
10328,415,459,523,360
23199,263,228,1040,410
51659,152,32,37,30
5119,2480,1923,3339,1515
6451,4088,1293,2846,2207
1349,18754,17701,7036,9421
6569,36,17785,30,20784
2161,81,37,426,191
80758,460,37,478,32
4772,249,99,409,78
3620,103,16,701,50
81025,7,0,5,2
10487,5689,2202,7301,3947
5538,5336,2738,7844,2577
84440,213,512,1232,1126
51132,740,316,772,602
1046,0,0,0,0
22,696,325,646,481
7187,569,172,643,383
93323,250,122,96,57
84658,5,0,5,7
64432,1439,3415,1605,2183
9467,799,277,1262,1429
26061,513,992,157,806
9779,551,221,1442,769
23473,336,164,767,472
23180,1901,234,1059,530
84077,3,5,8,4
64145,415,293,485,480
117248,47,39,278,113
6533,1379,245,1404,656
3748,169,79,929,363
9476,219,26959,86,5401
7376,2897,1189,2671,1670
94030,7,9,132,26
8572,414,139,4183,187
11127,200,92,607,177
4245,6465,1764,4265,1846
9945,605,26,53,62
7283,1117,578,957,1162
10197,1641,640,2391,1545
6155,133902,54074,22071,24230
29893,164,12,87,62
8639,820,326,775,559
47,7986,1220,12930,3034
84313,3456,2000,1121,1445
10266,1572,774,633,524
314,22,8,51,14
2538,18,2414,23,10213
4695,21439,12941,2812,5036
54882,3200,2037,3372,1755
1729,4941,1657,3488,1233
80762,4831,2717,5584,3189
7322,5678,1443,2059,1450
60412,2229,1367,1925,1207
116983,686,305,6303,809
54991,331,195,564,185
55107,851,38,767,147
8500,953,375,2159,712
79652,1895,512,1659,1171
79412,10,3,5,0
79228,2160,428,1326,325
84231,1711,422,2269,940
56033,3,0,3,0
4814,5006,4642,2506,3237
765,5,2,8,2
261734,209,63,940,177
4131,1768,188,956,247
84528,5,7,3,0
3597,3650,647,1912,1223
54521,223,34,288,126
1160,17,433,7584,548
84240,546,122,436,371
3885,8,0,0,0
3884,5,0,172,0
84951,16,41,11,34
7153,1101,36,40,9
10948,1629,830,2419,672
5914,1321,186,1762,599
84152,8,186,2,150
10656,521,221,258,210
9557,791,522,1495,474
8799,1255,2000,928,1121
2330,133,1010,286,1159
10401,483,15,1046,259
5565,231,176,1290,388
2488,0,0,0,0
5160,2145,1522,4194,3410
10742,370,107,91,232
64087,958,995,2361,2151
57343,248,83,457,195
79149,304,151,144,123
7691,88,122,130,86
57663,2,3,1,1
55829,1948,936,1314,1174
22856,608,145,1069,210
6627,861,856,938,547
3996,366,74,1509,328
8431,0,391,8,188
79727,7,5,10,1
55145,194,136,215,137
85415,599,205,2638,525
83636,674,507,785,1263
91442,58,21,36,29
341883,0,1,0,2
55860,1373,1224,740,938
145447,39,8,89,7
2643,267,586,90,702
3958,16675,4309,8004,2225
79883,583,8,29,17
3337,3434,2809,3196,2189
65249,615,29,204,80
84261,951,742,202,284
5989,251,68,413,128
7568,120,123,139,71
79173,58,14,45,8
90379,630,101,471,261
54862,1353,477,1512,505
83546,1,0,2,1
4148,122,5,8,21
6737,836,409,415,293
54558,136,84,551,126
10489,3903,613,8771,1070
10693,168,188,90,114
22907,1874,2192,1817,1584
5894,1844,743,2270,2267
6538,0,3,1,2
5468,527,147,290,349
23225,672,337,674,582
84824,9,6,21,5
51478,213,78,406,176
55556,1378,1198,3782,4219
84034,914,58,287,130
79008,2430,1168,1347,712
548593,2430,1168,1347,712
130134321,2430,1168,1347,712
23647,2049,1261,1879,1230
85363,561,192,800,253
1262,8,0,20,7
10346,2170,305,1652,290
23378,1120,1203,463,395
26515,874,975,1392,772
23167,1493,366,1039,761
10086,19,12,24,6
55037,975,679,2744,1537
10989,2078,4559,2703,3290
51318,1072,914,1499,1366
79781,309,85,365,164
80895,656,1003,635,492
8864,313,82,1517,197
10267,2825,301,15,109
51540,546,547,1307,589
5791,804,28,340,92
5901,8877,2909,5759,3846
5562,628,366,2326,700
84674,243,46,656,89
23108,83,94,241,354
23277,2027,3230,7226,3332
51763,1348,955,1387,930
10514,861,424,1172,397
6117,1278,622,2703,989
5176,5867,310,371,483
7326,817,631,2102,1080
60678,1732,2020,871,974
57533,1025,757,2674,2309
85013,570,311,586,495
51805,391,629,87,203
25957,1713,1337,4362,1500
64208,2,1,0,0
23480,29674,4388,5650,2703
55915,792,458,332,796
63979,217,41,243,67
1644,3210,24956,587,11265
53940,0,0,0,0
2926,1694,1422,3020,1289
10117,22,77,164,89
3512,566,93,2565,595
26057,789,596,2394,1124
57050,724,433,838,677
3691,1900,290,342,207
23558,4273,2785,5171,3212
3021,15040,4966,18405,8111
85451,670,117,1569,321
91107,1078,850,661,640
9406,1205,637,2480,874
1984,6068,2184,5282,3912
23135,585,112,2354,310
10462,166,30,36,75
55065,165,30,58,11
3000,105,12,13,51
2874,2220,2970,1709,1322
54739,865,82,1413,493
1742,249,29,258,95
10247,2089,5971,3027,8235
157680,378,181,940,354
26166,3,3,0,13
4147,533,402,5146,1063
51308,94,59,24,33
84105,853,294,326,276
6388,1940,1839,950,1266
2319,3074,6071,3967,2570
26284,1989,2864,1288,931
54496,964,627,1204,629
51388,342,169,351,249
7014,356,259,945,380
27183,3440,4951,2542,2230
92154,290,45,3986,443
116835,290,148,166,245
63926,195,58,185,104
140856,0,0,0,0
64773,4910,2383,1878,943
6616,109,5,4,34
22903,604,314,1277,487
5111,3861,616,1270,977
29107,1108,336,387,202
10621,257,143,331,164
54453,1653,504,2238,956
5786,2109,598,3128,1497
6754,0,0,0,0
7818,2312,2304,1598,1404
57127,5,786,13,606
22889,559,286,1889,535
480,11,8,3,2
10763,3003,1712,2025,2277
63827,77,39,4,2
1401,3,1,3,0
9826,560,81,1833,617
57111,4,1153,2,544
60484,15,21,123,38
325,275,0,27,1
79368,8,10,30,8
50717,2314,2066,8599,3588
23208,451,97,1936,179
3508,400,206,448,216
91703,4957,5261,49,3923
222,0,9,0,8
9633,145,224,9,147
25974,245,188,572,202
1802,649,207,535,407
114034,316,205,231,232
4678,1558,994,1621,1056
4595,364,364,362,287
56259,3153,2177,1185,1049
64900,3528,431,3902,1350
140831,193,119,74,58
55544,417,530,736,450
128434,879,5,8,6
51526,2132,813,882,660
10955,4016,1777,3717,1966
5509,149,26,253,134
29958,883,1486,635,6060
23743,3720,2508,5079,11619
8546,1227,765,638,862
84327,367,180,3166,540
10207,1194,2174,3217,2052
163782,19,3,11,39
27329,62,1538,2,1495
6860,0,5,2,1
8170,19,24,13,22
93611,1458,979,2490,1230
79363,58,110,408,144
842,417,271,469,472
56923,2,0,2,0
51164,2313,1388,2294,935
5145,18,4,15,1
51761,303,54,41,53
23281,3,2,32,5
9205,187,44,248,154
10208,317,137,494,221
64328,259,177,468,335
93492,3,1,3,2
51371,5123,3605,2352,2417
1024,150,80,249,184
241,1038,199,214,194
10810,80,34,290,136
56163,2,0,2,2
2835,2,1,2,0
1131,40,31,48,104
4626,0,153,1527,491
4628,871,704,2725,2697
10400,3332,3886,902,851
6341,603,857,1143,1040
23164,3552,2245,3423,1748
1116,246,487,164,829
4608,1,56,5,12
5287,227,72,946,245
25778,326,271,1107,553
1118,1973,3,33,10
254428,700,751,2006,1621
59352,69,10,3,19
9911,54,33,389,40
9201,311,27,1837,48
8900,14,2,10,7
57511,254,45,866,384
23111,970,828,3885,2372
122042,2,2,0,2
94240,527,79,2102,535
7223,167,10,22,20
10631,11876,229,602,737
5994,98,82,65,51
7178,187843,105420,73151,94298
55425,336,190,602,263
161003,2,1,50,0
9365,378,1975,1983,4590
5983,151,66,84,100
90627,779,199,710,545
8471,0,0,3,0
79710,953,182,630,404
84707,1303,944,436,1289
79589,1960,687,1494,1088
54885,321,99,286,146
79921,5946,1906,4506,3095
55859,264,353,4,225
84923,923,255,443,356
201266,1216,726,739,701
2048,433,26,145,84
10250,975,371,2821,929
55643,2744,1065,2422,1491
84106,92,11,103,19
84787,356,54,792,162
84330,393,79,382,193
5158,440,180,1663,443
23640,2227,1435,995,892
1455,1149,559,2296,1020
84250,95,32,71,108
55748,11238,15746,55124,15515
28992,1068,8932,741,1799
54663,1974,1812,1205,745
85329,152,9,7,3
10313,3245,1952,3197,1991
5920,10252,4149,910,1675
54979,136,652,8,296
4629,2024,294,1603,2313
123811,9,70,70,5
84246,896,279,330,342
23037,849,428,965,542
22880,1859,738,847,362
9215,398,184,410,207
653689,187,32,149,52
84700,2,2,0,4
66035,684,536,698,479
114904,718,159,338,100
113828,1175,318,1068,342
284904,31,2,43,8
474344,696,217,1038,664
55303,1149,283,1267,529
90956,1300,350,1022,224
23608,2787,1873,2616,1833
116988,1616,637,2796,756
84626,513,66,4609,182
57180,158,84,503,281
4922,12,5,2,5
694,4205,1076,5071,1589
84125,37,48,8,47
91298,325,198,529,241
79572,3501,463,1180,1123
6441,55,54,323,46
84332,36,2,6,6
80195,1144,583,648,582
83857,262,176,506,596
3845,603,230,491,352
10526,677,484,1454,883
51520,3425,811,3590,1640
11005,175,13,58,11
3612,240,141,803,313
85444,115,50,285,178
1875,126,50,309,155
759,0,0,3,7
29080,640,215,459,322
23075,646,237,1339,713
406,307,183,476,284
10894,161,150,345,161
272,793,83,5384,344
81846,362,180,1253,714
9645,1273,66,978,238
22800,417,553,577,613
3295,2738,1244,2549,2662
196441,1067,67,985,498
56154,9,0,35,1
51669,7408,7684,22988,8631
79845,144,33,247,80
78986,2,219,833,147
5977,1246,396,1504,601
4221,795,334,1832,589
11161,1093,1487,678,874
145258,34,1,3,1
80017,1417,960,4402,2080
57578,25,8,70,9
8650,1526,762,2881,1396
101928143,1526,762,2881,1396
79820,3,13,10,7
55237,1,1,5,1
51241,1721,2002,916,1033
23508,48,37,174,86
10001,350,117,432,212
1965,961,397,3287,1253
8748,0,1,2,3
4017,2851,76,1616,105
55140,758,1392,766,705
157310,10,196,125,60
27299,327,3,15,3
9811,442,1148,471,289
83876,107,2048,123,637
8932,753,262,2668,1223
51124,1265,2077,1829,2386
92259,1723,1313,982,1966
891,991,192,143,103
1022,536,194,331,259
4064,305,13,70,15
3656,62,23,213,53
8536,5252,1547,556,569
25917,958,758,466,404
7428,226,40,599,273
8553,4767,657,3253,1039
55207,1433,1383,1520,1438
9695,798,197,997,538
27255,61,5,9,4
10752,30,207,143,486
4212,151,88,149,379
89978,107,87,358,242
79768,235,204,515,292
56851,3598,1768,1877,1714
4308,3,6,0,12
2780,1,0,3,0
2944,1100,1815,971,796
55119,885,491,1291,675
83998,1,2,1,0
10100,182,72,420,228
7252,0,0,2,1
2949,167,116,65,169
2947,2116,6814,2115,5610
148281,25,65,163,168
10451,358,860,5041,3172
27159,0,3,1,2
84722,213,47,116,42
3158,30,866,3097,1008
26191,61,1,33,15
6272,2484,1911,4413,2608
7482,722,53,180,71
5738,5069,355,1144,190
10542,10387,19022,4847,9030
11085,0,0,0,0
4853,1298,276,2405,815
80263,138,121,117,70
10390,617,131,1219,623
9398,88,118,66,82
79679,49,399,4,603
4803,251,17,161,18
10717,558,338,476,258
8774,489,326,970,592
56907,409,114,9801,448
51535,1128,396,1199,661
51303,4774,579,209,346
377,6193,3335,10951,5376
79022,2977,1367,3443,1862
54407,2324,525,4536,2424
10971,6479,2216,6162,3552
57498,611,438,3464,1228
29841,68,32,33,99
9475,507,283,870,602
91543,124,25,130,73
4613,19,71,3,112
23175,290,246,1078,526
129607,84,13,90,39
285148,2197,1285,1121,977
3939,74058,3713,53576,5407
6289,2329,17,2,5
63982,33,60,20,99
3572,3421,1212,3633,5282
10468,416,24,2,36
10877,0,0,0,0
89796,763,59,542,111
79577,334,216,754,429
10440,1146,1035,1342,1086
23418,1,30,4,42
81494,0,0,0,0
10595,1,1,43,1
6210,94512,39633,11652,16143
30062,0,0,0,0
4677,1262,1354,6803,2952
2922,86,0,0,0
57614,267,136,965,491
84893,2307,1425,1203,930
84991,1961,578,2714,1065
3559,290,7,95,18
54522,289,115,362,140
79746,1177,3041,940,3134
3601,753,38,449,129
902,1650,1191,360,657
59340,5,2,12,0
85019,51,38,227,55
284252,102,206,332,410
91768,372,686,3863,614
1794,1113,28,450,80
2012,3433,271,986,492
6660,87,14,33,14
85004,1237,351,1994,843
10599,0,0,0,0
3824,275,19,153,97
3821,15,2,11,4
80763,165,636,718,650
5555,1,0,1,1
4038,370,28,1844,65
4607,8,5,9,2
1643,2459,535,912,236
53,1900,1777,1117,1059
83844,2,1,3,0
8933,4071,3014,4123,1581
9363,99,8,237,9
6658,1,0,1,1
51634,960,475,555,353
51765,143,22,42,69
143689,117,7,50,26
4544,0,0,0,0
9698,1229,869,4515,1293
90853,223,14,24,5
8565,1517,840,1609,700
1912,2219,1447,5543,1926
55143,118,5,28,10
29889,1453,1362,772,485
192670,290,121,738,327
51361,382,244,3260,697
1573,1236,164,8234,116
91408,1264,885,879,663
23318,375,43,1041,361
84950,761,543,889,515
1824,191,132,1619,257
1830,3,1,1,2
51444,130,72,661,205
55250,1982,2035,1145,976
1828,0,0,11,1
1825,1,1,0,1
1823,0,1,5,0
1837,96,40,793,76
80206,609,393,1122,916
25941,1091,732,1365,832
747,102,10,219,104
29015,1198,105,659,112
26519,3797,3014,1622,1867
2694,3,0,3,0
9704,665,240,674,246
187,906,504,166,238
9415,272,130,1526,211
746,14638,4134,3005,2924
6947,1,0,2,2
27202,199,47,117,114
55858,1931,609,2694,1036
9575,393,181,726,325
5156,705,406,5,1013
87769,133,1815,430,4898
1284,20738,970,17212,2430
9071,1271,3461,207,3942
22873,1684,642,337,885
337867,3085,2445,2137,1477
55082,1812,314,4591,1259
54841,683,279,1195,719
2073,1529,996,1054,882
7174,805,223,644,519
79070,731,164,157,105
79587,2815,2124,1245,1033
9743,257,135,1873,457
3703,4679,1317,5659,2126
11095,19,11,37,28
56,5,3,0,2
2113,1186,213,2879,901
219855,865,27,249,65
152831,11,25,6503,39
51014,2179,535,1716,1191
324,299,163,1017,473
9315,4758,1000,6321,1223
134430,583,202,628,301
26578,1357,379,803,781
55312,519,374,516,609
29979,1560,1128,1811,2124
60560,236,146,275,306
55071,103,58,94,87
301,4725,211,984,720
1514,9562,8391,4911,5898
23670,1724,77,867,633
23287,167,70,314,225
51280,3931,2029,10397,4216
9413,38,41,24,59
29968,427,3085,35,5087
81689,1065,1482,1233,1172
8728,666,15,163,31
84868,844,777,6858,1530
79616,360,54,642,60
51347,514,273,1839,660
84749,458,334,703,416
10993,1165,8,113,13
4440,11,7,29,16
6927,653,1222,243,1120
23014,677,860,5266,3737
6926,77,64,257,164
8638,454,30,54,22
8739,8,2,10,2
84900,173,73,67,60
5025,2034,1615,902,868
92558,575,1124,101,2700
1840,292,104,58,128
10906,1848,325,1617,595
9988,920,258,1511,500
4951,0,0,0,0
79161,1781,307,504,439
57639,745,130,288,229
85025,831,704,452,530
948,546,23,2494,136
79799,349,74,117,922
1447,0,0,0,0
54490,0,1,174,2
50640,504,178,943,827
29923,4599,112,52651,129
84691,9,4,1,1
60561,478,130,412,199
6733,406,122,944,354
375616,270,167,17578,293
26136,1661,166,1799,415
29969,648,150,642,301
25821,427,315,948,674
577,3,1,7,15
22881,366,139,613,234
3351,3,0,2,5
80759,91,34,168,26
22832,114,45,194,137
10492,1676,892,2007,1764
57231,1110,1717,847,1346
4907,814,916,120,791
112609,7,107,2,82
2045,463,220,1106,300
55122,536,222,691,369
23595,437,348,271,403
167691,111,11,112,62
6885,650,310,1081,467
1081,2,11,7,8
84694,0,0,0,0
79899,242,42,668,62
4005,502,431,492,776
51317,420,117,1827,435
55226,1222,786,1772,592
26298,6,33,4,120
2001,0,95,0,139
79056,369,156,163,525
4076,3132,1286,2462,2021
517,43597,17616,8788,12213
85406,347,44,1028,581
967,107396,44244,17049,13861
5630,5,21,92,17
10677,152,36,129,67
269,2,2,0,2
90070,0,0,0,0
10220,398,97,454,133
27165,20,3,105,59
3679,960,795,581,612
9840,116,11,170,18
84070,20,47,51,29
5959,1041,1074,81,737
116986,245,7,109,15
2647,14414,21917,3729,5460
3891,1,14,4,14
1019,5111,2577,3328,2583
5502,2127,2913,1842,2232
10024,250,8,19,2
6302,1130,317,1807,946
2583,166,8,1771,16
7024,908,326,985,492
93058,404,503,547,512
23017,54,11,37,65
9924,1560,412,2963,871
9700,123,112,153,653
3855,167,3072,172,1209
84872,307,217,710,249
3178,28379,8429,27637,18577
91,1721,509,2088,1763
10956,16215,7625,27138,7681
4284,1,0,5,2
23416,19,43,58,92
84946,486,133,289,382
9053,214,624,658,1587
8763,5333,6281,3599,8456
246269,131,161,181,153
57224,259,231,205,290
54806,281,193,181,262
23493,355,73,352,64
5570,97,51,29,39
9038,0,0,0,0
4829,0,0,6,1
6610,710,541,117,257
64780,1281,904,968,940
85021,616,447,367,430
8676,46,6,81,19
7006,66,27,168,83
84279,1178,2183,685,883
10505,187,59,692,136
10574,6836,5368,6150,4575
1961,0,0,0,0
26056,1498,2478,5448,2466
10322,1031,733,1259,486
8291,2426,565,2702,517
84865,100,32,256,109
2016,231,1602,652,1273
27345,316,301,46,350
9958,863,802,640,446
2799,6806,8889,9445,7371
1368,1434,1258,2006,2796
4193,9928,1504,1038,654
79786,510,415,1752,1132
53630,161,54,35,195
10200,156,165,245,219
23563,11,10,40,5
9764,191,88,500,258
1783,458,270,3424,1380
55336,229,135,979,120
29109,1655,588,998,225
92922,214,58,191,142
6553,60,18,114,27
183,6041,3807,3162,1750
100533111,33,8,44,14
80003,520,184,412,89
3775,475,91,416,325
9816,73,16,143,83
54583,1142,547,5578,1208
10753,13,8,1,1
22796,555,544,704,622
23456,232,135,564,239
84284,2103,913,1229,947
27097,297,89,549,310
2752,5447,1032,54431,7610
10228,870,388,1244,523
85397,0,1,0,4
6041,318,183,468,299
1660,2963,1173,3238,2259
57710,209,110,394,153
9857,416,339,1169,514
80896,906,1088,1992,2481
116496,355,62,779,160
5279,1078,305,811,420
3915,3427,541,8459,1485
149041,370,195,442,307
9290,32,5,13,2
3431,469,114,285,170
65080,471,683,735,703
1144,0,0,2,0
5077,0,1,1,1
55619,410,13,299,156
9654,509,43,735,219
57695,61,39,372,109
3357,267,49,2,33
81618,3236,2259,2522,4067
80704,42,148,364,131
5270,5234,567,3337,993
3300,4203,4890,6011,3831
80326,25,10,3,5
64114,5398,2259,5664,3845
1593,1992,3410,1524,3078
9470,2202,2657,2408,2079
80210,318,181,388,151
51719,975,665,1431,1292
1329,16673,36046,9146,12945
51455,345,108,882,357
80705,104,274,79,75
84804,157,261,183,171
55654,1747,1091,7461,1772
10913,1,8,26,33
9392,554,320,1170,417
9648,347,288,1075,512
64965,664,1013,781,935
11250,1,0,2,1
79074,274,107,405,144
375248,115,35,173,78
26122,303,158,559,334
50649,16,49,86,65
23479,3619,4583,3443,7325
160428,103,25,255,20
55576,45,1,12,27
84101,13,8,13,17
55681,540,439,884,749
10970,1509,441,1265,419
10154,404,92,338,209
55198,552,138,3018,593
11137,1293,900,1187,958
55332,2101,944,1427,839
23325,743,294,1234,674
84102,391,100,434,218
50853,360,125,352,146
2317,6567,3308,5828,3135
4752,271,164,219,138
5100,0,0,0,0
51028,560,299,1604,923
79621,824,428,473,309
26586,211,63,288,133
11061,1,0,0,1
9882,367,310,309,570
55901,219,28,80,30
79866,82,4,94,28
23143,466,223,859,616
8803,571,793,1394,1752
55213,337,235,1557,807
29079,844,559,951,666
51131,1235,506,867,390
83548,378,622,414,486
4008,869,388,2324,1335
8796,2,0,0,1
9445,21436,23383,48953,46034
10253,156,77,327,247
55270,444,321,662,443
1910,234,160,3418,594
1102,1339,609,7405,724
3936,2805,233,1610,525
83852,276,213,460,316
9805,1480,405,2698,1078
79020,495,321,443,378
64759,6252,1152,4610,2911
285955,7,0,17,2
55501,1224,157,928,448
10643,69,0,9,2
10457,10977,514,157991,1473
9771,496,74,1843,522
5879,9222,5489,6298,3745
11014,9275,3263,3292,3413
11097,718,184,799,331
3569,31,4,114,1
55146,2070,2576,1335,1379
313,951,93,213,72
28969,986,256,338,365
1607,18,39,16,38
9238,3021,1755,3269,1088
54606,4831,5024,1305,1412
3364,256,125,298,236
23148,59,43,238,48
28988,5917,1739,4530,1357
83605,2505,1224,1105,674
64005,422,17,359,38
80727,4487,742,4330,2284
221938,0,0,0,0
27141,663,1377,525,1974
91875,311,52,486,294
26257,0,1,0,0
7080,0,0,0,0
85446,36,151,92,66
10588,1100,1946,4825,3217
11173,468,6,622,46
58489,101,244,183,248
3658,466,264,1586,751
57538,1045,111,17481,343
53346,158,8,79,36
10518,135,89,245,97
10241,1830,554,5424,2075
55316,1332,920,3302,1162
4836,3445,3145,2501,1410
84073,29,8,29,22
6426,2253,554,7900,2411
7716,927,370,1845,791
1101,34,21,147,151
51204,1075,3016,680,1262
55852,1298,333,877,1064
10238,1636,634,3308,1463
2689,0,0,0,0
1442,0,0,0,1
1444,0,0,0,1
80774,1374,177,422,155
83990,32,20,61,15
11143,803,401,1623,888
64108,1374,117,208,82
86,880,136,952,526
4711,6530,4302,1182,2671
57129,1418,1399,334,741
6434,2245,1336,2005,1272
6326,54,219,153,188
10716,1,8,2,1
64844,1147,794,1841,906
57471,18,1,31,7
11227,257,3,78,10
6332,0,45,24,82
10010,355,129,767,290
640,14,18,42,15
2626,1,0,2,0
6498,931,277,259,370
2058,2849,811,1723,1097
3142,816,73,309,42
11311,1175,980,1119,569
3586,45,2,4,0
51133,1011,270,3257,1080
26750,398,170,331,292
150472,396,379,910,761
56300,0,0,0,2
3557,56,7,16,1
27179,0,0,0,0
26525,0,0,0,0
27177,0,0,0,0
84639,0,1,0,0
55997,0,4,0,0
653275,0,4,0,0
55627,1040,410,1921,534
55339,1253,954,1997,1318
84317,1074,746,2657,1019
79595,407,198,1011,360
274,3123,5997,3420,6846
92856,3239,4585,1432,1503
9394,809,531,4181,1066
56886,1528,1039,1478,529
2995,5141,1202,1154,810
8027,396,114,621,273
2572,0,0,2,0
10006,1100,391,1642,940
10730,1881,742,2795,1854
64215,1863,930,1388,876
25934,592,305,342,548
56262,1147,376,2487,1324
1025,1217,827,1894,991
7295,8390,9668,1330,7574
4957,628,195,885,516
23392,1482,1622,1615,2391
27348,636,268,630,402
51759,736,964,1311,1855
10592,258,107,223,295
9314,394,37,241,214
1861,1125,536,698,774
9649,140,205,349,178
64855,3198,312,8869,841
347168,0,0,0,0
286362,0,0,1,1
27090,1319,462,350,334
7111,217,205,69,117
153090,1527,452,3687,1137
6812,214,193,643,236
29988,883,537,1662,443
23452,1434,115,3683,288
55755,1150,844,534,480
7539,68,21,163,72
1318,1146,531,951,1520
1317,755,757,711,1631
7099,512,64,636,213
7743,322,132,1575,615
229,2248,173764,1136,360872
55014,166,179,213,171
9128,516,437,468,629
2356,962,784,890,730
10868,765,709,665,645
570,112,7,4,5
113220,1944,3999,2532,5013
9550,3500,2170,2958,3289
54881,518,267,321,345
84253,157,57,184,147
54534,539,357,459,551
8818,2363,2433,1344,1002
401551,7,4,1,1
158427,253,31,334,276
9568,92,2,18,1
55363,2,0,3,3
5695,7465,11200,2313,4550
2516,0,0,0,0
51531,342,256,203,300
10244,1006,559,446,444
2800,405,158,606,389
7507,409,825,282,578
4686,401,375,433,299
10541,2607,2082,1032,1421
254973,0,0,0,0
5082,481,178,307,241
11224,87449,49152,6712,12986
1515,74,979,13,2026
4010,5,33,23,139
81873,1086,1192,490,725
5168,1868,1163,20020,2696
79075,96,22,19,18
79139,3711,755,6361,947
4609,1511,29,260,101
4856,296,25,156,64
90865,210,40,72,117
90871,2947,4262,795,1775
26953,414,172,541,547
64425,405,269,184,241
9373,733,300,434,381
3590,295,325,555,320
55833,522,185,487,411
54840,685,721,537,606
152006,365,226,762,568
7094,7824,459,6924,4668
6366,50,291,10,1056
27240,152,10,35,16
3452,0,0,0,0
1761,2,0,0,0
25822,283,100,394,308
26206,106,77,43,75
11258,3999,3682,1120,1862
971,593,100,301,68
51754,529,376,566,367
9380,7379,12364,1808,11981
219,489,3477,287,3697
84681,1763,6811,541,2305
84904,241,47,185,103
347252,0,2,1,1
55667,225,81,721,353
6194,121444,133522,12057,27346
10695,3459,1281,2111,888
116113,260,214,1002,519
51645,622,434,415,307
89953,1846,3563,2229,1487
63971,820,352,1043,658
7746,261,60,431,145
5292,787,266,369,587
1041,10,0,0,0
2766,227,557,222,470
23070,1040,651,2485,957
7020,76,109,72,145
10864,2156,3631,6,4210
25844,4532,2772,4215,2714
81853,2313,2462,1739,1628
55362,1007,516,1854,544
10817,161,71,365,123
93643,571,284,1326,357
11131,202,2,10,2
27283,510,2406,17,3469
3062,0,7,0,8
9856,18,1,8,2
3662,41,0,26,2
63027,309,458,759,709
7280,665,785,394,1143
55227,191,126,265,354
8521,11,36,4,37
2295,50,1,14,2
670,943,8583,831,3045
8737,832,470,1002,597
347733,66,398,146,985
84300,2575,4159,2034,1670
3159,294,266,325,238
6941,9,0,0,6
10211,318,17,682,304
7726,301,133,245,244
8870,0,0,0,7
780,166,1,2904,455
9656,93,29,71,63
84547,163,105,169,107
79969,34,11,77,15
4340,0,0,0,0
7172,1096,1251,489,2634
89870,42,22,0,91
1208,0,0,1,0
255488,400,116,670,238
10107,5,0,0,117
11074,1,0,4,0
3134,634,144,189,78
11270,94,26,33,14
23787,6036,3427,6371,4787
57176,231,282,684,488
129685,470,480,818,437
51439,723,312,1092,721
347744,24,139,9,23
9982,0,9,0,15
83888,75,38,59,9
132864,230,65,618,104
85462,64,21,29,41
7097,618,71,490,210
84709,26,23,1761,55
83894,1,2,1,2
4647,456,836,8697,618
9873,440,131,689,361
408,508,251,762,420
11309,2813,622,3056,916
5612,650,354,967,614
338699,525,488,179,417
10068,1833,138,377,256
4926,5482,3353,17042,3973
60492,1257,549,538,626
54843,2220,89,4524,528
27314,128,54,225,128
58487,980,214,2070,855
2615,5845,1244,1425,488
5547,4516,4383,1881,5198
79731,398,309,465,382
55298,1235,989,1500,1114
29088,1391,972,1192,1009
51050,20,0,5,11
7274,3,2,4,41
8836,1141,4744,68,3339
81796,22,1,1,5
23213,5293,179,718,482
96764,272,103,334,248
6386,3161,1005,8783,1814
4750,153,70,400,215
55601,409,78,374,411
54827,2,0,0,1
6653,1062,792,6595,1266
56649,20,988,14,1365
84811,641,507,445,298
7225,108,40,77,42
4316,8394,846,1464,1141
9313,12,0,0,2
64066,3,2,0,0
85016,309,21,6,23
84259,525,280,284,205
10413,1331,320,4775,1171
23650,313,13,376,31
2542,4944,8580,8424,6471
54766,1,0,0,0
25833,4,11,12,10
5962,1010,712,1770,1625
5519,473,303,1280,733
2230,948,1891,579,1374
64776,1572,2485,195,1399
53826,1818,1891,1101,1884
57569,18,4,29,4
486,85220,252407,86620,79732
4322,682,1,7,1
84000,22,17,14,12
834,837,168,365,137
838,25,0,8,1
91801,106,39,197,147
5607,423,559,481,271
440279,15,14,2068,48
58472,2363,2037,1728,1120
51496,262,135,1136,274
79811,1511,1257,3291,1497
7057,3488,1338,3946,1553
23005,359,154,640,275
51203,313,37,157,102
51103,477,498,740,807
9493,121,57,39,82
22801,1082,46,658,139
57082,96,142,11,160
55142,209,106,323,161
23168,712,993,1576,1112
56965,1786,1946,1089,895
6176,129818,92213,33269,30915
54852,274,904,1652,1785
54839,147,169,102,106
27229,323,383,705,288
55177,1051,513,1964,1210
3706,45,2,252,2
55075,7840,2966,1356,1282
4091,135,88,304,211
5330,830,61,478,168
80021,587,283,633,314
56924,24,94,43,152
106821730,24,94,43,152
102,1778,592,6873,1402
53905,89,75,345,10
9153,10,35,12,30
64220,36,1633,5,810
1588,15,0,2,0
54816,606,306,976,493
80031,79,213,702,566
10017,24,41,32,81
51187,2450,1563,1426,1385
51332,290,34,325,85
145781,1,1,19,19
2644,3554,10592,754,2339
8412,291,297,654,626
79739,53,28,141,55
54874,712,607,2182,1298
56267,555,558,519,667
2959,565,317,629,493
676,2,1,3,2
5876,2283,910,2087,2079
10964,440,120,457,358
54810,773,2714,372,2046
9411,816,254,1005,715
105378858,816,254,1005,715
10561,1180,232,447,375
204962,6,4,698,39
9635,2,0,1,0
58511,28,0,2,0
1629,192,720,1354,1227
8634,682,648,607,1061
26160,1179,613,1501,663
85465,497,344,798,536
10669,1298,191,205,159
3032,2868,5025,5051,6778
3795,9683,52519,6247,19483
109,697,67,1165,122
5495,512,361,1194,825
87178,341,157,723,439
51626,605,433,634,768
3973,3,4,317,5
80745,247,103,333,141
1545,1663,269,4648,912
391365,1,9,3,0
5861,4506,2483,4059,5304
10097,2364,572,4858,2099
10113,2220,1526,2132,1583
8884,665,259,1057,322
64240,14,14,7,18
9581,1231,1294,2442,3258
6519,7815,20321,7141,20895
11117,2289,662,423,512
80204,859,222,952,511
6496,1,5,2,1
51374,6466,9248,3007,3273
79172,278,93,181,160
10128,3287,6029,1286,3173
57159,2321,118,19,74
1838,556,1134,381,251
10121,4667,2372,3608,2437
1559,33,25,3,43
79847,167,65,140,86
1558,38,48,82,48
26509,2235,61,2825,437
84171,311,168,170,100
57559,308,36,443,51
9023,73,6,11,4
10660,1,0,0,0
84896,318,273,1535,385
118663,444,3,31,3
3832,116,23,37,36
50624,53,21,40,15
10579,986,728,1164,951
1847,361,60,96,95
51063,524,39,273,100
403,2027,2238,1913,1930
55165,138,2,12,4
9585,134,17,80,48
953,1873,269,1981,495
54536,251,128,430,176
51196,771,372,198,508
5950,2254,5952,15,5551
51163,300,73,261,166
23317,1049,471,864,1008
53836,223,1,0,0
310,2622,2554,3857,3057
317662,552,1083,563,411
51008,681,245,1413,379
84647,501,428,2,300
22891,136,3,51,19
170392,30,4,3,64
140766,209,1,53,4
6229,128018,42736,20650,24885
80312,30,13,109,13
1763,32,15,108,38
84665,9,1,8,1
316,1051,2034,1000,4546
471,2355,3791,982,1125
50485,630,298,534,313
580,79,14,79,19
6775,168,15,59,42
2660,29,2,31,18
79800,45,42,427,144
54529,718,530,739,624
29081,1164,701,807,586
6741,1498,801,2469,1474
4664,724,407,919,399
65061,12,4,4,5
9360,754,858,1742,1266
79675,464,500,289,276
130752,48,127,37,147
57520,307,33,941,148
3417,1404,2293,1409,4068
29789,1656,1038,1582,1238
9541,866,655,848,653
6744,728,377,1455,1746
1134,111,1,11,4
150864,156,157,335,171
55759,507,671,453,609
10152,763,521,1650,877
3685,3016,1494,5866,2098
30061,2831,933,4074,2186
55032,1040,437,822,491
84925,560,233,257,336
57337,243,73,524,328
9626,9,11,1,2
84692,0,0,1,1
10063,5705,2450,1191,1564
83666,1974,120,691,546
55329,69,43,2798,100
9101,787,654,1874,1107
9728,381,251,1341,887
29766,683,353,887,851
84888,1016,997,1843,1503
26035,432,702,484,768
90525,193,72,126,49
83464,597,432,449,265
81556,642,355,1324,648
8483,12,6,16,39
54956,280,128,460,106
60490,553,689,623,342
10021,3,4,1,2
8482,331,19,120,41
84993,2485,5468,606,863
83478,549,1352,1784,3553
10144,861,399,5950,1080
8916,255,738,878,425
55008,381,168,137,167
51191,174,211,122,181
57575,77,23,5635,85
64579,0,1,0,1
55345,36,5,76,20
55435,131,138,827,430
51138,702,629,1340,931
3184,2242,968,5863,2256
5593,37,9,2,6
153020,173,539,73,257
22872,3491,1761,3732,2910
2250,46,111,2,21
84803,73,1422,505,1691
59067,0,0,0,0
2247,260,52,244,58
55212,237,214,259,146
84162,593,237,1819,1237
658,27,159,2,181
5910,599,467,931,591
55132,233,104,390,328
22915,110,2,147,24
8654,173,168,505,218
11107,74,31,92,71
7222,7,0,0,6
27163,456,336,1608,843
53371,405,198,658,325
4283,313,12,310,123
55589,759,219,389,236
9908,1727,1393,3434,2354
55752,2803,1138,1588,1594
80144,124,766,2052,816
950,3291,1213,7858,2853
901,615,364,3149,1324
246175,626,379,1287,493
8615,1066,298,1768,1154
8999,14,35,179,135
57619,287,275,79,516
306,39,224,15,343
27068,2193,3842,1128,1960
1062,46,1,15,14
79807,100,46,172,119
57117,369,220,450,399
2028,4302,2426,25797,10320
839,311,175,305,249
51176,1615,21,19,40
3033,7534,6518,2554,5794
1950,49,891,68,4021
9061,824,322,1135,791
10427,492,188,1163,543
84103,6,1,16,1
5530,533,374,761,341
64116,533,304,1653,508
4547,324,296,25,393
2201,49,2,17,8
23162,1974,141,7235,894
5998,3360,1910,846,2555
83606,4838,2903,5331,4328
164714,0,0,0,0
91445,1592,1584,2355,1536
85352,174,6,30,21
64098,1252,67,529,141
283358,106,253,169,568
5149,3,0,1,0
121506,83,615,97,699
2120,1090,131,709,232
23710,2494,4209,3692,11179
55605,589,448,896,879
144402,351,45,348,279
51067,595,220,326,164
121512,330,122,652,520
84920,56,21,92,44
5288,0,83,5,64
58516,343,45,366,179
89869,4,3,1,2
121536,370,230,517,537
53919,40,2,36,11
254013,179,139,268,259
55500,961,400,1555,965
85437,1843,742,1557,901
84216,70,65,131,53
144165,289,86,41,191
51279,2536,178,867,306
4704,5186,8863,2147,2845
9746,5000,1601,2686,1636
10219,58,24,31,50
6843,367,113,653,107
55080,4834,1859,765,719
939,313,18,209,34
83758,20168,30096,794,17411
5830,2122,747,2289,1673
196500,67,6,6,2
55089,11,34,282,45
347902,494,126,67,223
9169,1578,640,1662,885
1280,1,5,1,0
8499,15,11,14,13
23519,1,0,0,0
84298,1500,748,719,656
121227,332,17,2724,270
92979,808,762,1125,691
83729,86,16,2,12
11010,1261,49,5041,271
121278,112,69,55,35
22822,4707,403,1979,1301
55266,1086,874,984,1472
8549,6,0,3,1
374462,1,40,16,278
1848,755,308,1500,829
282809,223,137,439,331
133039968,223,137,439,331
160418,768,336,372,404
4060,19440,1257,38,3940
11081,1,0,2,0
6636,3429,963,1612,969
144193,76,301,47,362
121441,203,52,460,120
50511,42,38,10,20
429,0,1,1,0
283431,140,74,871,78
114795,16,2,40,20
121260,1187,115,3216,251
6996,472,141,522,225
84934,1780,930,568,498
113675,2169,5637,324,1332
326625,4852,5163,804,1355
51228,1634,971,1255,1027
9815,1091,169,2084,394
84260,587,142,1141,397
84915,64,136,21,193
121643,2,4,30,8
9818,419,224,1979,542
9107,510,370,834,542
283537,864,517,1804,920
6541,669,68,2038,128
3651,0,0,0,0
222484,220,143,300,218
6821,1075,1548,1556,2914
85478,158,38,54,59
283375,1327,14070,42,6135
6895,1736,683,467,500
8608,42,17,42,19
50846,4,0,1,11
94,3362,665,890,520
53831,76,5,4,2
8620,2,42,2,0
79035,1524,511,822,757
90634,438,115,828,190
1990,6,0,0,0
6601,671,139,3935,858
675,22,12,21,14
54934,549,238,603,525
91012,2201,865,701,771
7786,618,81,545,145
3695,380,448,1181,326
11226,234,71,119,82
51380,857,50,2001,555
55716,1759,491,1782,456
60314,4470,3336,797,1160
23344,3135,644,5179,918
7009,32277,47819,34155,38883
283373,1068,365,1816,708
112802,0,0,1,0
283337,1200,222,1991,889
115825,340,261,999,594
144983,150,69,210,135
10161,2060,408,770,300
2098,4150,3549,2287,3056
5925,777,143,1467,418
55206,455,299,1062,625
283385,58,45,22,36
23067,467,157,1094,242
65082,533,352,757,453
79720,431,562,591,544
54509,570,93,164,126
8562,1405,650,1127,819
81624,53,19,11,35
122060,56,70,187,126
64062,715,724,1107,498
84530,10,21,8,36
196541,0,0,0,1
10150,1913,1249,1529,1284
140432,2,1,2,1
85416,0,0,0,0
84945,326,204,353,266
55647,1437,540,1119,986
79774,63,196,215,541
8451,681,505,2017,1100
319089,7,0,0,1
6751,45,42,6,132
64403,136,41,145,60
161253,19,33,32,19
643866,141,30,317,49
283629,26,1,174,37
4857,140,99,155,116
161247,27,43,14,18
161357,6,1,26,6
81542,1124,385,1487,503
122786,615,34,768,88
57161,186,195,191,229
6252,162,26,98,93
145407,78,109,523,606
83851,50,9,9,12
145389,702,273,344,327
122830,331,345,462,411
8747,6,3,1,4
145226,26,184,14,532
8816,1259,411,3305,1069
376267,286,249,569,595
112840,298,387,326,252
2100,7,32,558,28
27133,5,0,5,3
85439,514,313,1801,488
90141,238,163,155,251
8477,292,17,60,26
145482,270,427,866,673
122953,243,149,568,356
122481,25,53,137,109
90050,0,0,0,0
123041,22,5,106,14
10516,1370,2814,217,2876
51156,12,13,24,17
122616,660,489,447,312
7453,2397,1879,2567,2317
283600,16,79,0,41
91833,344,203,1048,442
81614,685,346,1472,1120
9990,192,367,1039,1361
90527,1,4,11,5
4236,839,677,1134,807
6938,712,202,2337,647
6652,813,7252,1402,8678
10169,47070,60583,16675,20534
146050,196,55,1088,328
405753,1,11,1,3
50506,3,16,2,25
256586,363,103,126,103
11001,1060,4049,133,4771
2252,895,97,222,219
3067,13,1,5,12
9245,122,111,2102,60
663,1085,393,2409,807
2958,1632,847,917,767
6727,17413,14227,11009,11013
22893,417,122,1192,634
85455,98,22,24,6
146059,258,315,594,236
7090,1474,819,1858,524
8125,2008,2111,5660,3030
54939,4022,6286,1553,1931
92912,857,486,951,467
9051,365,62,75,29
2108,2600,7979,2641,5015
597,169,8,638,25
10363,598,277,1253,431
49855,296,220,605,322
10099,7293,4082,8524,6851
80349,1652,1739,1444,1400
10499,509,293,1136,612
79661,310,543,1275,457
4123,2326,3218,4294,1443
55466,180,120,3455,424
59274,499,115,571,284
7168,17276,2343,33242,3552
3480,987,435,5463,1454
91947,797,259,861,374
80119,51,8,47,16
9960,1001,571,974,530
1583,258,21,147,22
585,420,239,1022,519
5371,2827,554,1692,419
1543,0,4,0,4
170691,44,34,27,99
55180,299,101,618,167
25989,936,405,5033,1434
653643,0,0,5,0
5046,4157,51,3862,103
80125,1,1,2,5
60677,94,124,638,209
10066,2792,2133,4382,2739
1544,15,16,10,6
79748,0,0,6,0
145864,298,16,138,46
51458,38,9248,42,3743
5428,1961,691,1643,732
6017,0,1,0,2
55215,245,32,222,83
11057,978,509,2537,1444
56964,59,59,26,27
90381,68,1,45,3
4916,113,52,63,179
55070,165,107,282,134
4240,2265,522,2472,916
374655,1036,47,656,121
55898,2185,2440,2334,1847
8128,26,0,2,2
55784,282,63,1961,132
5045,2070,686,4235,1485
8826,3586,1006,2686,1467
64784,625,199,2286,393
79631,355,151,655,387
6457,22,7,3,7
23478,4793,3178,2504,2610
124404,0,7,0,2
84656,1317,875,5255,2292
5373,1075,304,395,434
100130283,1075,304,395,434
6524,48,7336,105,6896
3687,781,26,659,101
7041,705,148,993,343
64755,2734,2193,4094,2080
79798,665,653,416,218
5073,448,193,534,331
79068,1498,408,3215,1110
7385,5206,5811,6411,5231
1039,1316,382,359,693
10261,1197,39,210,42
55114,780,255,1032,334
91807,100,410,121,76
94160,0,0,0,0
85407,66,28,10,355
9785,1021,647,2728,826
54957,266,276,265,160
91862,181,285,42,862
10164,1,0,1,1
463,541,146,670,202
497190,1052,4556,6986,2796
124907806,1052,4556,6986,2796
128966624,1052,4556,6986,2796
221184,1155,269,738,403
84166,849,102,544,194
10300,726,135,488,307
3801,2059,1828,1544,2420
170692,48,1,7,15
283927,75,268,95,338
2653,658,4363,1005,2701
123920,1715,161,332,145
146225,15,15,9,18
1009,2005,70,771,279
8996,4760,610,10747,564
81631,1208,978,1179,1422
8720,1728,1015,2194,1663
1012,870,117,5549,273
23174,209,162,985,337
57707,240,187,471,363
161931,1,0,0,7
29948,203,875,334,258
3394,482,43,370,255
89941,2907,1323,5381,1861
6123,15,28,15,6
54925,345,123,452,212
6187,115383,29821,14407,10142
4716,9124,20564,3715,5479
5170,597,664,1458,787
91151,154,52,354,146
54849,1660,1145,2567,1154
22980,3674,6766,2830,1582
2588,428,215,1783,387
2622,602,1156,1048,737
55090,359,397,893,399
9611,1413,1312,2056,1335
8533,1516,1873,724,587
79018,277,102,381,198
57336,151,83,202,75
93649,13,21,46,57
8844,860,50,4474,627
84916,121,73,936,396
57610,456,233,1396,476
1506,52,10,51,14
64180,0,0,1,2
81577,530,272,930,524
28987,1311,533,767,818
5636,401,746,947,672
146862,6,7,18,19
58488,1160,740,984,1350
26689,0,0,0,0
10040,504,334,2147,1552
84643,0,0,0,0
55028,556,192,856,450
10140,347,274,730,1161
55275,494,265,3414,669
84690,1,1,4,0
9905,1362,712,2987,1287
9520,2079,489,6509,1296
8631,801,600,275,301
90506,87,61,35,45
90507,3123,8425,1594,5576
85464,529,505,479,540
162494,12,17,2,15
124912,11,2,0,1
22901,651,136,1106,263
10351,145,221,131,444
92579,4180,3114,2306,2208
1213,9263,8955,5779,5380
124773,12,0,0,0
54828,1061,1391,1210,861
51651,1365,570,391,336
6760,840,922,3257,1476
6875,36,17,48,91
10939,1166,2040,4507,2761
10650,50,2,146,37
3613,3157,4439,7379,4994
2774,222,184,175,240
25800,669,412,2341,754
55197,499,545,1205,643
83608,419,317,197,195
2589,1044,437,1773,431
80816,20,44,0,114
116,7,19,2,14
4225,4,0,38,16
147407,0,0,1,0
64762,172,397,1631,488
114799,203,69,313,173
114876,498,808,2416,1137
2627,70,21,76,79
80000,10,0,9,20
29919,520,511,456,457
27043,967,592,1624,387
4864,654,201,3657,447
6563,886,244,17,234
409,2104,514,1850,706
284111,3,27,15,1
84225,215,21,232,39
55135,469,576,150,90
50488,1512,288,3476,1117
112483,3966,24897,2299,7941
432,101,39,33,13
23533,262,15,401,41
7157,1136,137,615,223
55036,476,70,1265,167
396,4704,4631,3666,2310
11322,1036,278,403,143
9123,11360,137,22636,289
79092,337,7,56,20
94015,204,5,690,66
10966,143,1220,2942,664
9775,3080,1255,2464,959
1453,4273,1335,6152,2636
51529,9402,9039,2012,2526
6904,637,116,1580,1011
79672,779,557,2425,1260
26502,2618,1561,1245,544
57521,370,100,1306,330
3607,652,529,1135,620
201292,403,281,838,426
57332,182,43,416,66
6398,305,100,403,159
114804,393,409,537,487
22994,584,260,561,174
79755,6,6,17,21
56270,2358,784,4545,1997
8535,298,84,492,172
494470,32,6,689,24
54808,842,1513,642,687
5596,0,51,27,223
55520,152,214,255,262
4152,678,400,3211,1031
4089,639,643,5205,1129
8792,91,12,41,49
54877,149,156,935,219
201456,136,366,115,163
147381,4,1,7,12
5366,56,2,33,6
10609,1294,628,1148,268
115024,2059,1685,1484,1159
162427,3491,2491,2703,1014
2064,2987,2801,5807,4233
2886,663,682,475,702
84299,3831,2601,1499,1567
5409,0,23,13,35
390790,5,0,3,1
342667,58,91,766,128
3487,33375,25438,33719,17671
60681,7505,300,18006,313
10907,2145,5551,1948,1447
773,64,35,133,42
113230,339,1114,612,714
90378,457,136,1051,149
23476,1083,432,2301,672
29985,1324,646,445,476
4782,1146,476,4351,919
91978,962,996,497,489
8612,1593,121,25,142
114026,0,2,0,1
63977,157,113,450,69
5211,10848,11348,20855,7496
55527,167,53,422,116
7409,516,39,171,55
93343,2246,1936,1045,659
117286,0,2,0,0
6455,3316,985,2052,1112
56931,1276,341,1285,357
91039,2119,172,2067,479
63946,2,0,0,1
90324,906,279,1030,379
641649,6495,445,4333,112
57677,214,102,354,235
23410,703,498,1640,861
10410,39855,7406,11946,6205
80162,1110,277,785,203
30811,134,77,63,114
1291,8176,2728,5615,3453
3454,978,1025,2615,1171
6647,19547,20562,8943,13881
1292,10716,622,5684,1538
150094,198,71,131,3
29947,9,653,1,640
7226,1702,49,227,50
57410,3585,3156,2148,1480
757,764,623,699,658
351,14380,5744,55534,22161
9980,351,153,1021,100
9875,630,407,2472,639
207,2293,779,6747,1845
29949,2,9,1,3
2014,3084,865,2027,384
10055,2104,576,1623,976
126147,29,1,55,9
114783,78,15,400,44
79760,1056,299,1095,269
23624,393,452,1,163
126374,412,154,724,597
81794,1160,31,206,133
6531,1306,2,65,2
11132,496,346,782,336
4542,776,69,1278,123
105372481,1941,991,1256,822
91662,14,2,24,7
59283,94,8,34,17
126208,766,257,634,312
90580,259,206,399,202
84467,1,11,36,168
10498,393,31,1146,387
115704,367,210,891,464
9032,430,2621,0,938
55244,1271,6193,19431,6611
5694,6966,9021,3174,4568
2854,0,0,1,0
89790,477,22,492,57
93650,5,3,0,0
354,6,18,3,9
25888,269,118,291,155
112703,101,336,30,83
6205,306011,100327,56545,53238
113091,0,0,0,1
23521,270886,176458,43405,47451
90353,143,63,109,65
51070,3991,6619,1289,1153
402665,70,0,794,0
57333,2374,524,616,337
80110,95,79,361,104
6518,3929,2404,4516,2207
473,1487,690,5797,1871
79258,18,6,2,7
85452,61,15,49,10
63976,20,67,51,265
63036,4,0,2,2
51702,11,0,1,1
114827,115,38,109,8
29943,43,0,117,0
1969,692,49,544,167
128272,170,26,535,73
79180,1580,394,1338,505
5195,598,297,897,552
5226,1468,2140,2462,2222
127294,345,1742,865,3273
83442,8953,2296,2245,1612
10256,4,51,40,111
6135,84953,41189,24686,29615
58985,441,64,7,210
51042,1729,3376,445,680
127703,524,67,427,80
79932,1336,808,4357,1862
55194,2225,1447,1089,606
84970,0,0,0,0
63950,0,0,4,0
10733,30,5,44,30
9064,1174,427,1105,408
8547,203,739,64,628
54707,1206,1611,788,513
84958,161,168,154,92
23038,634,310,2336,1054
10136,0,0,0,0
84224,121,13,513,138
3339,7462,456,7742,1185
23421,462,217,341,294
26135,4817,2738,8217,5238
8915,188,84,244,106
3491,5339,684,2713,2998
5567,646,600,794,644
10026,617,344,964,918
64129,3365,1609,2078,3480
113451,522,140,378,262
6202,87583,48310,14711,16217
11004,155,11,36,26
5792,3868,957,23550,2167
266675,117,14,21,6
148932,728,421,889,383
1580,8,22,8,42
199964,6,109,0,229
63948,0,0,0,0
8543,1851,334,1317,1084
284612,185,443,469,512
343472,0,0,0,0
22823,288,126,660,210
126969,1240,2364,1127,1256
3321,754,307,4044,941
90874,186,331,460,420
55917,754,158,829,450
85369,414,199,1333,492
3744,0,0,0,0
5686,4194,3058,1808,2354
163479,1,0,0,0
128346,1189,151,563,196
963,2630,69,1399,363
84432,1,5,1,1
1952,588,163,4637,406
8515,128,17,174,48
23432,180,22,367,106
223,1710,2276,3891,4699
481,13598,22079,16653,28917
261726,702,351,717,569
29922,851,7217,208,435
57645,696,531,1216,763
25874,9348,8132,1989,5381
8804,3782,2482,2489,2955
55827,1038,623,1079,1080
10223,8,0,4,0
6258,6,7,664,12
9095,268,61,149,74
7371,704,277,607,247
54499,2071,1386,5786,2417
6375,88,1,11,8
6846,47,1,6,4
5451,592,319,553,226
84944,37,35,11,36
387597,111,165,38,290
1805,135,112,20,526
4259,6934,7522,3737,5246
55811,21,3,4,7
64326,779,924,376,456
81607,45,48,18,49
51506,6265,3516,2641,2055
5498,776,1065,633,492
2212,2817,152,1541,477
83540,53,2,16,8
8490,8405,522,28781,2284
6391,4260,6313,5486,8432
5202,2397,970,1237,1182
9970,11,1099,38,229
27005,424,120,972,376
2165,0,0,0,0
5546,1514,1126,1161,551
83416,38,7,80,44
51093,732,877,735,569
79590,4200,7106,2330,2523
93183,218,238,334,221
844,9,3,2,2
81875,399,182,1057,350
1382,49,97,29,75
3068,4452,4429,5400,5169
27,738,404,635,218
9213,661,426,1613,1099
6004,349,96,174,88
26092,813,316,2653,938
148753,32,1,48,3
83872,237,10,1352,127
23179,974,521,1338,1589
127018,1298,2921,2017,1802
56956,0,0,0,2
58497,668,509,989,652
6097,414,2170,5021,2022
7286,367,248,749,359
10262,1140,422,1061,621
1893,1156,260,340,220
57592,507,80,837,344
80222,719,542,1372,741
57530,163,326,216,1275
81609,750,435,1627,1100
9869,1124,416,1256,688
54507,467,37,149,69
4170,6774,2158,7996,5003
574406,6774,2158,7996,5003
1513,5120,71,249,205
5993,677,172,1317,796
5298,1533,1086,4099,1607
8394,594,86,1334,577
81611,714,643,2186,608
55793,697,584,1584,847
8416,383,879,706,1342
8991,996,6081,1607,6553
29956,4996,1167,6455,6846
2029,5650,4506,6372,4516
10500,176,514,149,473
65005,1938,1404,782,986
405,531,341,2099,611
23126,836,322,3711,1089
54964,407,464,513,325
51686,81,100,35,41
84072,3,0,2,0
55204,668,413,786,563
126626,246,173,503,225
255928,6,18,18,12
3756,4,3,7,13
51514,95,4,2,5
8444,134,69,168,96
1939,1969,1299,1684,1303
25896,289,83,206,149
79805,25,37,7,23
9015,42,4,101,30
56950,1296,567,1428,443
55061,217,339,46,423
11221,183,18,70,30
79802,3,1,1,2
7159,474,164,1358,455
57198,377,29,897,162
388698,7,2,7,7
49860,3,3,0,0
8751,3550,879,1458,573
10899,6804,6889,3148,3175
5872,5872,4156,5058,3811
6279,319,240,659,337
7170,4936,2432,9828,3397
91181,4,2,3,0
23557,1620,829,1464,976
11000,748,253,1021,175
6278,0,2,0,0
9898,1586,425,4084,1421
27173,3724,1202,6982,2382
10456,4527,3763,1752,2102
148327,369,232,645,252
1944,348,18,711,24
89872,0,0,0,0
3782,164,97,375,101
25912,4700,4898,5754,5824
57459,57,16,273,60
3608,3869,3037,2896,4753
6016,657,437,2435,718
65123,757,407,1096,482
5313,42,428,19,946
57657,90,410,188,287
2312,23,5,124,67
58,3,0,3,2
128061,191,44,280,153
2590,2769,588,3354,1313
79573,317,56,387,125
51097,1419,1555,1294,1347
1130,283,135,634,168
84451,330,180,567,309
9859,321,80,541,94
52,1900,2378,2039,2044
116841,829,484,1140,633
6726,5442,4091,5948,4920
4931,433,489,378,162
163859,198,96,581,279
8560,1568,193,1541,748
23219,577,491,618,482
375,10307,3586,12972,6871
7044,7,9,1171,12
29097,3826,1570,1829,1164
3707,508,699,1022,936
2987,13324,19032,9251,6301
8476,998,779,1817,1086
149111,331,736,91,190
79169,617,314,1194,397
129642,323,311,1035,742
142,1702,606,6859,1538
5664,387,269,1791,544
29920,986,480,2058,992
3930,566,361,2049,532
7483,45,6,86,16
2052,1153,2650,13902,4459
5972,12,1344,661,409
9580,461,270,3186,932
55224,932,4216,127,7478
8497,821,50,12130,152
22874,583,632,2217,2447
5778,162,46,168,76
127833,8,5,29,17
127829,860,715,1792,1029
130497,47,27,44,31
151449,158,106,68,429
10130,8127,1960,10331,5115
388,3796,1028,37722,6441
245973,69,1340,57,1069
92906,364,227,730,455
130589,904,4009,1038,5261
79823,70,80,142,118
64241,0,0,0,7
27436,1659,733,1251,1122
805,10113,6164,7527,7166
494143,26,15,20,23
6233,55574,39377,16210,22698
51057,91,72,174,104
51542,571,248,1009,626
130120,74,4,0,6
55252,285,113,1537,371
54465,213,115,364,294
6637,5227,2195,1896,1919
84696,29,61,120,47
4211,308,153,598,245
129868,0,0,0,0
653192,0,0,0,0
9391,1579,1820,2696,1643
84874,379,823,489,337
23020,4515,1692,5581,3462
64969,1724,4083,1890,1689
79998,24,3,100,22
51002,1137,624,393,629
9027,21137,59140,939,39551
23233,218,101,1388,318
94097,529,2120,2442,869
113419,1884,1498,3597,2258
165545,3,0,1,0
8446,344,172,298,336
84620,81,11,67,23
4867,291,460,136,279
7851,1654,239,113,242
128966597,1654,239,113,242
55258,1381,2277,1039,1427
5899,1853,781,2645,1739
165257,1,0,2,0
80775,479,632,412,620
284958,6,3,53,1
11158,338,206,784,285
11159,338,206,784,285
6574,910,322,635,429
129804,157,7,842,22
84524,163,144,325,273
51601,199,150,141,146
1261,0,0,0,0
151313,281,396,450,295
129530,183,380,58,550
3899,54,37,488,98
23190,1465,585,3418,1384
11249,0,0,0,16
339745,192,70,726,348
80731,41,19,163,35
2840,3,3,39,17
5433,476,188,1052,426
83607,433,258,678,374
114805,28,0,73,10
8502,1511,3164,4387,3623
6323,2,35,5,10
57282,6,8,28,6
79634,238,173,552,348
80856,587,138,3809,308
151126,69,118,228,244
23671,3,2,0,4
83879,86,2,6,6
1745,26,3,11,4
130507,492,459,1117,626
493911,49,112,60,56
51454,128,197,638,358
165215,134,31,184,55
3329,8007,8343,7301,15097
284992,85,313,1040,337
151194,710,498,855,596
285175,77,14,85,36
5746,147,171,549,605
130749,31,41,21,40
65065,88,310,95,248
151050,295,107,1114,398
79582,344,439,385,537
26154,156,5,9,5
285362,1611,2182,1128,1879
100130207,1611,2182,1128,1879
57624,1,1,3,1
84236,513,335,1682,476
57007,1714,32,2982,125
79054,15,5,20,9
55502,109,68,112,49
339768,35,6,41,40
51281,308,138,695,257
64708,776,290,995,482
129563,317,492,782,337
151835,7,2,0,5
2177,85,93,65,40
132001,195,144,124,100
9686,756,228,2118,974
5868,825,404,745,768
79137,2874,4034,6882,2974
58190,3257,3058,4897,2579
9125,682,245,1226,329
57574,22,0,6,2
114790,710,169,1362,308
29926,2524,2148,1996,978
80852,14,17,65,170
85403,265,254,450,402
152330,41,42,46,167
51143,570,448,609,613
27303,491,660,151,197
339896,16,8,43,27
114884,858,241,364,750
84892,893,630,731,530
1238,131,20,22,31
729085,67,43,996,71
64651,538,189,680,637
54977,1167,1545,671,1288
3680,516,96,403,178
9389,18,30,2,41
2803,1321,1639,1059,1770
10217,1353,2773,1555,1755
6769,185,51,3,84
9922,908,555,1867,795
23066,26,26,36,62
6161,99405,69787,9334,20237
5793,912,285,1104,760
54756,66,244,311,520
55164,194,95,133,265
115286,332,854,230,385
9039,585,420,736,618
10550,3334,3329,2083,1441
7110,503,105,544,406
26018,328,88,2792,181
57408,9,7,4,0
8994,287,79,1597,226
285349,234,72,35,8
64332,1089,26,130,131
1295,3672,88,2636,154
91775,125,62,300,219
84873,15,0,0,0
22989,37,3,228,6
90102,1832,786,704,1012
55347,1413,3096,613,1539
29114,2,183,0,46
51365,1396,158,3108,362
285282,418,383,450,472
141,632,70,605,153
152404,11,132,308,376
64422,1905,545,932,1060
8856,15,2,2,6
91653,328,28,926,191
58477,4137,2407,879,1537
66000,67,2,266,16
185,48,98,53,291
116931,43,4,32,17
83939,2936,1105,702,1460
10840,312,19353,7592,12441
114885,442,224,373,395
7220,215,32,145,67
57552,2513,208,260,409
83893,2,4,0,7
653333,10,2,6,0
128966622,10,2,6,0
4026,1799,398,1838,1363
93109,1695,49,119,85
9711,422,167,547,473
275,704,1758,770,1729
6988,1673,2075,1701,2516
84276,72,40,705,177
90226,3,1,0,1
9730,333,216,522,485
7873,2437,1354,1027,1145
285150,1,11,2,5
9515,9,0,2,2
55840,231,856,62,858
286676,242,69,113,231
116211,72,0,8,0
4585,2,4,35,6
9353,287,507,151,769
8893,2076,1904,808,1149
197,21,5,0,5
9718,1068,260,52,143
90113,13,16,27,10
1609,316,93,703,350
81608,586,269,941,519
10861,163,760,1034,341
55646,327,88,144,105
1060,338,104,506,364
2044,0,0,0,0
10699,59,18,27,49
57205,399,107,1472,577
132299,8541,6539,1992,7411
201780,0,0,2,1
345274,3,1,4,6
79966,376,632,127,1621
51316,777,41,44,17
58478,809,439,1206,679
85438,0,0,0,0
2638,0,67,0,106
93587,88,58,181,142
57563,163,135,956,343
6622,199,43,90,179
100996939,2411,2062,1492,1575
93627,476,235,817,575
817,442,372,731,501
493856,2250,1881,2154,1333
115265,118,54,5143,97
287,389,6249,6025,5847
92610,188,43,351,73
166378,112,34,177,57
2169,10,3,17,3
890,166,27,35,20
57721,301,121,1030,604
54532,192,163,655,538
80854,999,161,2292,515
105377622,999,161,2292,515
92345,55,28,195,70
55016,437,31,296,57
6423,1901,23,2,15
6189,111834,113444,18440,24322
285533,179,8,26,14
56034,739,518,976,813
84869,397,610,614,748
8001,4,0,4,0
285440,1147,2549,2075,2565
83853,184,12,9,7
4726,11308,12440,1948,4638
10299,2337,1335,2676,1837
85409,169,48,13,58
1016,3,3,10,9
170690,55,114,13,193
6715,329,240,381,626
4651,988,530,1244,976
54491,311,51,116,131
6167,516901,121055,54339,57922
6502,127,56,226,74
9180,2716,114,1622,260
133688,89,623,14,2596
10769,5487,72,1356,142
100132916,0,2,0,0
3001,686,56,149,52
5295,508,498,1622,1701
1404,641,1,570,1
10184,1340,39,1025,108
23635,580,120,1771,342
635,5644,10781,1621,30773
256006,5,5,5,4
10788,379,483,260,1532
1393,90,514,13,1217
5921,649,66,1226,462
167410,55,11,6,34
54826,217,136,124,145
23262,973,237,737,581
5066,10134,2181,8324,2693
55814,108,28,72,51
2966,7,5,10,11
728340,7,5,10,11
64924,850,366,851,550
689,18554,6059,5771,6622
64839,348,206,1332,476
83890,15,2,23,10
85480,15,8,32,8
25816,1035,117,2320,213
56929,856,155,744,275
51397,832,324,718,564
9140,1262,721,509,322
84466,116,2,5,27
171019,0,13,0,31
81555,1206,219,1333,686
23092,745,94,433,204
9547,33363,27206,5243,18230
3950,30,23,55,17
153328,74,1132,398,737
9879,1128,672,1939,851
3578,0,0,0,2
91937,85,48,182,38
153830,4229,226,2255,536
114898,92,22,28,34
2559,0,1,0,0
2561,11,43,5,153
81545,743,178,1211,686
84651,5,1,8,2
78991,262,116,519,136
2741,2,0,0,0
10318,12626,4042,12454,3235
10146,3085,987,4865,1667
91975,113,47,250,88
23138,277,45,357,94
55651,9103,3847,2361,1783
64777,1860,624,1884,808
91272,2722,733,1837,776
10814,2,0,0,0
57451,355,52,3,34
3779,705,24,291,58
26240,341,292,710,587
340156,48,70,107,162
222826,20,25,67,45
51256,711,483,216,329
107080638,711,483,216,329
10667,687,1118,493,655
54438,123,59,239,97
54901,224,124,328,203
84249,7,1,22,4
26045,3,2,20,3
153527,4613,2063,3203,2274
2676,33,17,0,27
26249,158,510,544,922
51473,190,649,452,709
10050,268,869,4544,533
255626,0,0,1,2
353219,6,41,11,25
81786,62,49,61,53
90933,1368,1209,1311,1044
192286,16791,4559,2861,2715
54540,2115,939,1725,474
7941,424,5,56,11
27242,709,623,326,2266
22838,1159,82,2066,405
4594,628,958,1238,2055
255426,11,3,1,2
79930,567,27,297,59
29777,837,437,848,406
170954,719,2,274,55
107987457,719,2,274,55
23500,451,115,923,358
5558,145,45,188,103
90523,42,8,5,30
100874282,42,8,5,30
101927189,42,8,5,30
54511,1,15,0,23
51557,10,16,10,64
221472,259,10,690,157
222663,305,82,99,127
50636,303,33,442,48
401262,85,70,45,81
84630,16,37,40,33
202500,12,6,33,8
285855,1369,846,2671,1392
4794,2065,637,252,135
51302,6,82,119,120
7162,256,20,179,52
134728,95,205,120,216
55023,618,318,563,491
167681,77,25,105,75
253714,81,44,170,48
84553,26,24,27,57
2569,5,0,2,1
10957,1392,588,1564,1274
135293,348,112,552,309
57038,801,390,715,621
256380,58,10,14,27
221322,59,62,102,44
134829,0,0,1,0
2830,0,0,1,0
154214,162,162,948,135
84870,44,23,340,14
93663,862,530,811,927
9287,0,0,0,0
319100,0,0,0,1
83551,0,0,0,1
58527,1056,346,273,966
134864,0,0,1,0
116843,565,272,472,457
113115,38,3,6,8
154091,9,182,24,206
257218,153,27,217,180
51390,3091,4729,935,3795
6993,4044,2484,2095,2640
26230,73,21,130,61
57583,561,191,631,330
154197,6,8,20,5
9589,2535,1157,1401,1225
9202,684,251,1370,508
7432,22,4,11,7
79624,303,263,547,721
6581,366,3579,8,1190
221806,11,30,1,5
2768,1074,272,1802,648
84310,6345,4778,1612,2191
221935,663,147,2875,152
221960,687,189,312,191
79034,723,296,1654,452
57786,426,106,596,237
9586,1184,65,663,210
222894,1,0,0,0
1956,2697,344,5765,600
84847,22,0,1,1
113130,329,35,23,19
3486,79386,1801,35325,1651
5814,929,428,2059,561
3484,800,18,123,22
136853,126,159,43,96
4191,7989,6768,8308,5721
22932,302,404,84,50
2631,1604,1403,3099,1119
908,3982,2520,2282,2664
5723,1716,644,1486,1088
135892,10,118,47,359
168374,106,31,133,55
222255,542,958,118,429
64418,436,129,1323,438
142685,1,88,1,170
55262,570,87,570,209
56996,1566,873,1425,920
64599,1580,628,3530,925
89122,885,287,870,519
56257,2152,1681,1582,1013
7455,2,0,1,0
84928,410,126,473,221
340351,275,35,244,71
346673,27,5,6,6
92092,233,25,382,38
55281,9447,2006,2726,1128
11011,519,235,939,404
2041,302,111,57,170
64434,346,218,479,211
285888,0,0,10,0
54892,252,27,216,144
136371,0,4,0,7
57502,20,0,8,11
357,214,108,409,113
401409,26,0,10,33
51631,1699,522,2720,1353
27147,612,357,248,305
57393,4454,6138,1416,13162
30011,674,357,487,612
83604,899,296,1354,734
347404,43,5,392,17
94122,12,5,62,23
8573,1099,229,1086,518
7403,318,54,953,349
54466,45,8,49,14
4478,14196,4032,11354,6707
8852,0,5,0,2
85417,16,0,8,13
55869,496,357,386,487
6567,831,465,1235,840
79742,1067,63,1112,144
7712,5,0,20,5
7569,252,57,282,148
56548,153,25,226,85
55634,340,113,724,281
54539,10552,14258,2892,3994
7592,103,20,377,146
347517,24,9,15,16
9203,896,450,1971,639
6872,409,90,1719,477
84636,6,0,6,0
4841,9662,4048,9231,5639
90060,249,118,396,264
2846,4,6,2,2
10682,5328,5024,678,2498
158835,0,0,0,0
8473,4674,1428,3998,2308
29934,1129,1874,1699,1383
26548,52,33,22,18
3561,994,67,388,119
93953,58,27,37,28
7552,43,71,1353,114
53336,0,0,0,0
1730,510,145,655,222
56000,24,14,8,19
92129,7,76,4,74
5631,1541,720,1445,1116
55086,103,33,166,112
84443,5,2,12,1
3358,0,0,0,0
139818,1010,143,158,134
3547,62,7,8,48
158763,0,0,0,0
2719,260,1780,265,2309
139760,0,0,0,0
27316,4291,2294,5017,1944
79648,164,99,487,262
9258,192,234,1292,569
26260,756,897,493,764
89885,39,9,142,12
4103,0,0,0,0
50814,1709,1410,703,694
7739,550,173,138,320
1069,3712,2089,1183,2064
6134,223595,48989,35771,28210
55790,242,46,678,164
526,2653,3958,4911,6489
55246,476,816,1661,1345
79618,273,115,465,265
1142,0,0,0,0
8973,2,0,9,2
2796,80,31,96,42
55909,552,1003,814,444
9046,383,21,260,42
51312,397,662,1505,642
91782,710,968,1751,851
80005,359,120,564,248
6770,2,1,7,5
11212,531,768,2123,1609
11160,686,947,4973,1928
54212,1,30,1,10
137902,114,37,178,32
9705,4,24,7,18
8601,10,0,3,0
6867,878,540,3210,3031
51125,744,810,2195,1016
84513,710,807,478,548
84296,12,14,38,29
54904,756,392,2425,659
85479,33,7,11,3
1392,0,7,0,0
84675,755,151,249,106
137872,172,202,579,672
28957,1490,1106,1569,1106
5375,2,3,5,8
51110,1443,407,658,1658
63978,5,0,6,1
7013,507,257,811,630
6129,102274,47247,43518,36703
115111,27,344,11,631
85481,0,0,0,3
245972,68,563,29,1179
55638,397,25,696,124
1807,2016,4576,29,5316
92140,2276,666,3073,1189
29967,151,53,385,142
9166,656,374,921,679
340419,0,0,0,0
5440,2078,797,1643,1281
114569,1102,1359,9,1490
8667,7767,4258,2783,3720
84294,200,49,752,148
4715,10002,20707,5138,7946
83940,548,278,300,356
84985,2,4,15,3
56169,4,1,1,1
51059,27,1,34,20
246122,0,0,0,0
100101120,0,0,0,0
7553,646,219,913,418
80728,121,45,629,153
55630,262,2802,649,1966
93100,737,7271,195,708
7436,1295,260,2222,630
50808,936,894,1348,1985
115426,525,190,670,404
4781,1961,1826,1658,1420
9350,0,0,0,1
123,23750,3905,14837,5730
3442,0,0,0,0
54801,272,69,231,154
1030,189,5,172,22
3449,0,0,0,0
1029,1046,3,305,10
203228,210,63,293,163
56832,0,0,0,0
84186,408,138,225,191
26267,182,124,209,161
10280,1566,524,956,872
220869,1428,1891,462,933
84131,227,123,197,183
4915,89,224,286,788
414328,227,1120,258,1177
53358,92,83,18,77
549,339,581,395,1646
84641,612,185,544,516
84909,1298,642,872,1221
54886,1,229,311,421
138804,0,0,0,0
58499,346,136,564,325
58493,247,173,722,404
7357,2686,494,888,677
10880,0,2,0,0
401548,602,383,655,1761
2040,5393,4196,4803,4245
2934,11637,4043,12454,5007
92399,885,488,638,959
2649,80,92,81,110
286204,3,35,7,160
392391,0,0,0,0
210,1362,1529,2523,5688
23245,218,295,126,217
114987,80,99,150,139
54107,1030,382,796,635
6836,2326,1690,1594,1814
26301,516,68,319,158
6834,1362,3190,338,1017
6835,271,787,197,296
6838,378,382,809,480
6837,326,466,636,217
57109,597,511,250,325
6130,56956,30292,6406,13873
9328,1411,1314,1080,919
140459,804,589,620,618
80142,2479,2954,865,1371
28989,1038,1501,417,753
25792,1611,1031,1471,774
114789,205,207,816,1214
56904,1424,1321,1978,1678
84895,451,474,687,679
9536,910,85,117,54
3934,24,33,5,42
90678,470,496,644,296
256158,40,131,57,196
57720,1737,852,1913,1584
91734,2,0,2,0
56623,392,65,613,260
392399,0,0,0,0
9919,1941,1392,739,848
92715,854,416,507,324
4851,1011,228,1161,464
774,1,2,30,1
138151,382,340,810,593
254427,378,69,18,92
9712,318,110,495,192
23412,1519,1011,783,455
22921,2715,4895,1291,1657
23590,262,135,64,146
221061,358,515,1341,1106
80013,476,191,560,371
221074,2,0,0,0
653567,22,3,269,22
6251,2123,265,2839,1301
338596,42,1,302,6
56288,1458,1114,692,879
91074,0,0,0,1
6935,683,190,1295,295
220965,38,26,178,81
29982,515,204,294,253
29974,300,495,368,907
92211,2186,68,144,13
26103,0,0,0,0
5995,8,3,13,8
11128,530,355,1016,479
26091,669,270,1577,614
83938,677,550,659,517
818,482,566,1127,1574
10974,8635,29464,845,6066
2746,4107,6943,4709,8879
27063,18,4,47,4
3363,15,2,15,4
10556,811,871,442,386
118924,1033,1410,465,400
120,1715,923,6001,3954
3026,3944,237,21461,1803
11023,0,0,0,0
54788,4017,1299,1388,1406
1979,3466,4345,3764,4346
64106,27,19,33,23
79949,96,1,12,7
6934,478,241,1674,227
4288,735,2,51,41
1586,82,7456,882,4428
9118,0,0,6,2
282969,3115,7231,72,1407
80313,543,576,467,250
92170,1463,1697,1153,1269
84504,2,179,0,0
196743,534,934,165,253
9446,10873,10379,8145,3829
6877,46,28,63,39
23082,845,166,452,233
85450,678,76,1784,357
54805,387,673,1836,1126
22984,1295,624,1058,464
8038,810,6,61,24
6001,1255,209,238,209
84280,559,125,529,279
133,6172,565,13506,791
2620,70,86,32,231
159963,338,9883,850,24434
55327,660,421,780,535
57689,79,1,0,9
196294,481,411,326,286
6291,48,2,0,0
27315,794,301,981,447
64852,586,620,1086,758
7356,2,0,0,0
90019,570,5,8,3
7761,54,47,74,53
7762,94,27,41,37
51144,958,685,2174,1847
51074,525,310,564,410
25891,299,62,156,86
8525,2031,765,1771,933
10480,4424,2209,2101,2458
85456,3513,790,3193,800
10249,1949,16479,452,15938
710,32919,5739,9466,3908
338674,0,0,0,0
6749,3201,695,3803,1762
8501,235,342,121,447
5795,1281,657,2372,1392
79096,1535,870,1214,696
84364,2412,2299,3203,2202
10658,1202,633,2941,1530
51501,1485,716,245,315
60494,54,5,28,13
143686,516,364,3634,700
23052,1848,1247,1667,1435
79780,370,112,740,365
283212,213,7,43,5
26011,620,38,123,84
871,11879,1261,5329,1361
726,971,794,723,990
92105,724,288,560,369
5058,1339,638,1674,1051
6188,121486,47491,25079,21240
85463,195,149,244,186
54970,505,1026,385,406
4684,156,42,3345,57
1813,8,4,15,13
91894,1002,2045,182,1405
9177,6,6,8,4
4863,169,70,249,159
472,483,236,2037,654
60496,601,315,989,666
89944,1860,2832,886,1830
128710,283,143,199,131
55004,4243,7323,2212,2780
283208,2902,13,235,21
2900,83,12,525,5
6768,2888,1192,322,1325
10525,1639,157,2599,772
92086,1,4,1,6
80332,6,10,5,28
9376,26,24523,34,17808
57325,728,463,459,485
26007,1164,6510,1415,6031
9219,1358,321,2046,774
51524,967,779,432,486
3992,457,81,1317,183
117532,20,11,35,16
6094,291,168,179,91
256364,1253,523,1701,384
3619,129,16,620,147
22917,726,1,8,0
219990,0,0,0,0
932,1,0,5,3
9651,68,237,76,557
79869,929,321,7811,1104
2206,26,4,6,14
26229,2889,1189,2099,716
9538,2360,1661,3411,1949
80071,48,8,30,15
1111,313,240,155,139
9638,234,115,199,117
105369550,234,115,199,117
90952,3154,490,4447,779
84623,26,21,11,10
10205,833,83,1364,257
6327,51,46,253,46
51092,1955,935,1278,480
84866,508,634,1850,987
6876,34159,6206,11391,6372
57158,831,26,184,96
128853,412,2070,175,937
149951,5036,3508,1162,1794
128864,11,1,26,6
85449,209,96,16,268
128497,26,11,136,34
128506,2,3,0,2
79980,382,134,204,147
140710,986,133,1489,235
140894,143,142,148,135
391253,0,0,0,0
64405,0,4,1535,11
149986,1145,247,1917,991
54915,1342,579,1783,668
81928,177,49,175,55
220064,415,308,554,283
170589,2,12,2,7
114571,3,19,2,3
83707,3292,3105,1231,936
84304,2689,3511,1939,1018
83706,2083,161,401,100
5331,610,179,1320,344
740,1611,1190,3067,2688
10435,231,354,136,178
2197,50689,35080,8347,11057
7108,523,4522,805,1738
738,4982,3139,2681,2166
6911,51,23,198,33
5531,3789,2183,2399,1822
226,96813,22944,61258,12424
83723,9,2,211,13
8448,135,17,3325,37
8479,796,1097,984,756
9344,1533,414,3128,1118
124446,7736,10506,3362,3084
8091,7,2,3,6
4314,0,0,0,0
22866,33,2,5,2
53942,2,1,0,17
51348,17,8,7,17
51267,104,30,104,78
283078,6,4,1,2
143098,74,102,827,288
3688,17137,2911,14776,5810
53828,8,6114,17,1065
79097,0,0,0,0
390157,0,0,0,0
390162,0,0,0,0
65217,0,259,1,695
1489,129,113,341,130
51503,3515,3105,653,1229
2209,1849,103,186,45
84159,1239,484,1159,1097
57626,0,3,0,6
1006,67,1,34,23
55208,172,161,600,269
55002,1039,303,2431,916
219854,593,149,413,407
114609,177,53,327,87
221143,386,262,210,152
26524,347,131,621,422
10284,5136,7027,3602,5185
23284,98,15,96,55
57536,113,74,309,135
220108,57,327,47,350
4253,1342,1627,595,1560
3176,1342,3303,1497,1859
116372,282,88,14,77
130576,0,107,0,148
27250,1484,558,3421,934
150,175,46,15,21
2823,43,125,58,153
116966,31,31,111,35
132851,38,39,37,48
7424,268,33,40,61
79839,201,61,195,113
10666,135,41,52,73
84735,37,202,30,148
161835,26,8,35,23
1740,32,59,50,173
220047,14,15,1,3
64407,67,2,49,18
11098,13505,1303,5320,1682
54545,303,330,1168,518
151242,61,17,6,36
341032,1,1,0,1
22948,3968,1224,2345,3082
134145,265,148,201,209
1793,948,553,847,826
85458,427,184,869,662
1737,653,588,762,894
120379,114,92,20,48
55216,906,754,473,697
26521,8780,5411,1141,2426
3606,1107,1260,192,434
56158,3,1,1,1
5805,827,723,218,455
5305,1049,432,2011,480
130813,7,13,6,19
341640,83,576,1400,1010
2308,219,276,993,514
51232,2713,810,2698,2389
9871,741,31,636,165
23457,360,114,470,168
196383,828,1164,672,1192
57647,477,174,770,198
7316,101549,53603,86788,34724
3708,993,266,625,881
84076,0,0,0,0
339105,635,3,375,51
23657,49,1,18,6
25819,59,49,185,101
219670,43,4,4,9
57512,12,0,0,2
119180,0,0,0,0
93589,3182,38,71,29
196513,457,240,414,229
775,442,19,1084,164
100874369,442,19,1084,164
3742,0,0,0,0
7068,151,186,380,361
55768,758,539,461,395
54995,460,382,509,460
55293,326,198,788,413
144110,565,1268,252,1308
121053,1939,957,208,463
90488,1547,684,1338,731
121551,613,403,56,373
89910,1055,668,1791,838
288,587,1528,2872,4388
253430,422,107,300,87
144715,26,1,46,15
196463,2940,399,2408,656
9231,343,28,1053,179
4143,126,16,14,24
114134,236,155,975,228
283464,501,146,597,328
5756,2095,400,2027,964
22982,614,631,1985,1655
1977,1179,310,7729,2713
9223,94,191,576,283
93081,416,354,170,444
1456,679,165,264,281
153443,128,20,178,94
9472,104,117,282,186
64067,57,15,212,10
283635,1158,1084,858,1396
101927178,1158,1084,858,1396
51562,196,155,672,353
145282,98,42,255,182
2132,3002,691,4115,1238
129787,1246,648,1389,757
55821,3,70,1,39
65987,731,114,613,225
7069,4,28,142,38
4718,7098,8589,5443,5389
10873,1836,715,714,927
343930,0,0,0,0
81792,431,94,45,31
80224,271,234,333,380
140609,492,181,1265,648
127124,2,910,0,379
2241,245,141,301,245
63894,568,362,809,390
57182,353,100,423,194
26019,573,1717,551,387
8872,1280,606,1144,753
132320,106,22,127,107
83643,810,108,373,122
132321,213,131,101,174
55691,2172,149,1467,676
83447,0,0,0,0
5800,215,807,67,1019
2059,1750,502,1817,1567
27034,610,957,1211,1533
29087,1323,1511,697,749
112936,1581,675,1501,676
23310,192,47,1118,164
143187,324,201,441,393
5860,1390,6637,4511,6210
57700,632,319,739,343
121601,24,1,912,5
374618,108,59,199,106
79691,314,64,375,191
1814,0,0,0,0
166785,438,392,346,306
105377467,438,392,346,306
152485,180,64,1548,311
5458,0,0,0,0
1909,607,101,131,163
4306,58,220,389,430
1646,209,73,43,107
10570,198,3,506,0
27287,101,12,76,37
101,206,36,232,95
3698,4,1,6,30
22944,493,199,249,201
5281,515,286,481,338
150709,57,18,84,36
3628,778,164,892,417
54842,328,122,462,402
9781,276,93,384,240
8853,78,49,419,538
6868,190,24,779,199
2313,562,86,590,185
3758,15,5265,264,4631
120224,167,407,16,504
80014,376,210,1758,862
79682,93,12,22,13
2180,1930,3514,8761,8128
291,1809,2207,7674,4477
196394,255,136,512,237
636,895,39,950,135
60485,490,346,677,554
160857,109,62,118,89
387923,184,108,251,99
51594,1655,3893,831,789
79750,74,102,326,142
6999,12,1,0,5
60558,331,602,815,640
341880,3,2,33,7
2555,7,130,7,99
26278,483,68,151,82
729665,0,0,0,2
5042,0,0,0,1
55835,197,37,237,126
26272,395,118,127,145
64417,199,67,432,147
56477,44,35,3204,52
79668,373,467,439,217
2674,3949,281,17,587
143384,587,330,1403,586
667,2547,853,4355,2001
221336,55,6,11,35
7073,1835,650,1894,714
9531,1631,719,3023,1664
144423,23,12,80,35
121256,43,1,1,2
166863,5,2,77,0
29970,854,162,233,210
84539,0,1,0,0
23704,296,30,3230,168
130340,88,9,23,55
9910,974,718,503,535
91409,203,34,625,91
148534,106,243,115,248
80097,13913,16275,3298,3226
112714,11,0,11,1
460,6,1,2,6
653275,0,0,0,0
130074,1015,738,6772,2163
5784,997,399,1038,883
4249,917,553,4936,1123
81615,83,11,223,45
253635,141,63,274,155
26353,3703,552,6146,1252
79833,769,977,284,448
130733,88,992,112,391
5457,4,0,17,0
79596,248,70,400,131
57105,68,2,59,21
2895,0,1,2,6
115761,88,5,141,8
6014,0,0,0,0
26040,255,93,1094,328
120534,506,191,1050,421
57724,448,291,1155,408
9050,71,19,276,69
498,8158,27595,17077,31985
115106,424,214,266,149
147339,238,132,1947,303
57405,41,0,31,26
57818,0,0,1,2
5163,510,116,3085,103
5741,0,0,0,0
5140,53,79,1180,169
83439,224,140,530,159
10618,5980,2721,11381,8325
284948,15,124,25,84
56659,44,19,6,76
127933,1073,1150,1911,1397
83734,265,136,185,115
134359,239,64,129,85
6695,2112,356,81,481
167555,40,18,31,33
117143,239,213,431,314
2977,415,109,176,74
143884,244,497,346,358
133746,201,260,256,418
9456,55,44,483,85
7518,374,102,145,139
66037,0,0,1,1
284306,148,28,104,60
374928,53,51,400,103
284309,233,55,1197,273
10172,64,49,191,89
79723,124,66,182,75
64421,108,33,184,92
55301,1,3,4,5
10557,440,277,352,242
9397,637,230,433,325
284312,33,53,59,44
116412,113,143,170,113
219333,843,521,771,694
152137,2957,917,1035,1195
814,42,19,15,52
55521,937,2,53,11
678,1532,956,2650,1275
255967,468,190,962,385
130271,93,85,266,327
5213,1094,701,9226,3095
114908,4833,1215,19447,1994
2893,0,49,6,10
285313,6,0,16,33
79925,451,205,708,433
8404,2121,644,11047,2294
1834,1,0,0,1
1758,1,0,1,0
56955,2,1,4,3
4154,2393,680,2440,1052
133690,3,21,0,10
133686,646,484,1068,632
23171,272,738,450,1349
2697,4424,300,2264,358
10309,52,7,5,29
54514,0,2,0,2
165530,10,4,6,10
55676,378,259,462,408
53918,1398,499,2209,855
25780,574,285,611,420
51128,2533,788,2038,2667
347732,69,37,28,31
160897,256,93,447,191
200132,31,2,15,2
79819,112,216,200,137
118932,36,25,91,82
10160,2517,6476,2623,3723
24138,421,145,624,294
387700,1220,1477,2528,1967
53354,244,1366,877,1312
56978,39,10,33,11
651,12,6,3,0
9987,4568,2782,8101,4883
3087,178,32,138,23
7402,998,138,3309,1560
2911,19,16,4,47
5796,914,461,403,439
9453,596,498,770,476
85445,0,0,0,0
51351,465,160,283,160
109504726,465,160,283,160
25859,2,262,7,86
115827,42,10,4,8
160492,11,0,6,2
153562,14,3,174,112
5884,0,1,477,522
9412,508,498,495,717
5352,9391,149,7594,350
55351,560,474,1774,452
140767,6,1,0,0
152789,28,1,20,2
7545,18,0,0,1
166647,594,675,1236,526
1360,5,4,34,10
285672,1590,1081,686,340
55203,135,49,61,123
10283,631,443,363,417
3140,1325,246,1229,375
6728,928,343,419,514
64946,121,20,39,36
9425,145,99,425,193
23589,8782,2781,3106,1248
146279,3,2,2,0
55024,49,12,131,51
51061,2170,1801,1172,1153
1601,7885,6201,6128,8880
130013,1004,3359,362,4935
55289,15,10,23,12
10018,395,189,912,653
64682,822,475,783,459
60592,1301,1445,1498,1486
1047,11,6,48,10
1070,510,140,494,315
8467,934,297,1878,1403
221711,8,4,48,11
654,19,7,209,75
653489,1,90,4,14
283349,515,51,629,134
3192,5567,2798,8878,5083
5903,1231,1019,1730,1824
25909,411,122,1559,642
10461,290,34,1171,584
84910,446,120,570,218
5801,7,8,6,14
4929,76,101,74,29
130940,59,96,82,96
22925,366,1503,148,1450
5937,621,310,690,735
6328,30,24,19,34
55079,0,0,0,0
10225,261,15,33,29
9481,96,70,678,291
266977,25,1254,86,445
221393,12,0,222,2
79981,48,562,11,607
51571,1041,207,781,397
50807,496,90,1226,182
22878,362,49,908,655
153643,0,9,62,15
125476,699,721,340,457
79888,4384,175,1817,90
153478,63,15,15,33
57407,1791,1946,510,594
124402,390,701,666,956
146556,49,3792,37,669
26175,324,296,481,276
3621,285,228,595,312
121793,11,12,16,6
122258,2,2,2,1
113622,16,59,57,66
112616,901,240,460,279
25827,283,117,429,212
7342,532,255,760,610
64795,482,493,1087,1071
925,301,11,461,52
22934,363,147,588,220
100132565,5,0,0,0
5789,66,349,11,1159
286343,148,53,578,91
154043,1383,152,1292,1449
2960,230,82,184,145
10428,2193,4767,924,2708
90316,0,0,0,0
55625,668,476,1360,1058
339145,6,3,2,0
136895,197,47,113,58
9407,0,1,3,0
221895,592,82,2048,85
80790,724,241,1201,549
80309,0,1,0,3
3773,3954,4526,2477,7941
55022,82,89,825,167
9320,1757,926,5783,2273
130888,100,80,159,157
1054,1164,430,675,560
79047,610,155,1379,240
148103,215,224,354,198
255231,73,12,20,50
163175,205,65,31236,151
23576,1821,5441,3313,4118
140890,999,850,3320,856
1105,602,430,688,352
162282,85,0,3,2
8526,101,61,522,140
9653,814,505,1050,740
124540,902,2631,1931,1828
781,165,123,150,243
221302,161,98,81,81
9955,10,5,2,38
284161,82,61,76,38
116150,1517,693,805,1121
223117,6,39,7,74
5529,476,372,704,413
127247,3,4,1,1
10750,363,5,245,34
400581,363,5,245,34
125206,485,9844,405,5420
26289,54,24,30,40
26256,16,14,48,18
55364,707,712,476,500
147463,131,52,1436,93
135154,262,243,279,198
83539,80,47,287,85
7070,19609,8040,12338,27120
123872,285,825,21,31
404550,479,34,147,52
219899,201,71,409,256
57338,14,0,21,0
56172,1877,662,836,872
90268,723,385,341,271
84959,83,11,98,38
54538,1198,259,1528,531
64221,1079,58,116,120
116337,1,1,0,0
84897,612,235,1014,540
4900,120,187,141,211
54463,1637,2762,895,2178
1010,1,11,1,13
2838,13,0,1,0
9868,3154,1372,596,1534
25890,4320,187,1627,403
284,112,50,113,254
26207,334,419,919,427
200014,731,464,1705,748
204219,2,9,4,1
5578,731,816,396,758
79705,1220,149,1744,245
201134,433,159,326,144
64090,0,0,0,0
10350,113,66,41,116
23460,109,55,42,201
10349,108,139,44,148
23461,271,205,875,550
5169,995,283,9000,453
55286,223,108,71,186
7345,2053,2978,126,1527
375056,1402,368,2282,1027
84976,442,398,519,422
23043,411,185,375,241
157739,0,0,1,1
83648,27,111,66,246
252969,412,662,833,417
5239,239,501,211,708
89780,6,1,67,2
84033,951,664,672,681
91694,135,58,510,319
81559,512,203,519,269
55740,644,137,2227,502
5506,0,0,0,0
126731,157,13,304,47
136991,3,0,5,1
57630,340,308,837,624
115362,307,11,193,71
9184,1514,703,2511,1200
2849,2,1,5,3
129881,17,17,27,34
118856,3,1,0,0
118611,3,0,1,2
388650,266,206,287,184
518,10055,14703,9181,13984
728577,277,647,259,428
728239,442,8,5,21
135295,37,12,62,29
27295,1377,49,1572,133
8470,366,301,4521,870
6921,3352,1902,1316,1315
23643,955,63,418,62
143471,0,0,0,0
9087,71,86,0,0
1525,356,326,6,288
10950,613,179,55,240
54149,138,102,44,139
140578,22,43,1,29
5651,0,1,0,1
4685,67,9,1,8
91133,175,166,84,388
5137,121,106,144,133
27342,749,572,1107,789
54148,465,252,563,516
58494,341,95,173,150
522,8692,11172,5910,6424
2551,443,144,551,350
9510,1001,118,1053,426
11096,484,47,322,96
80746,218,226,119,180
146857,561,33,553,89
7476,2,1,3,10
7508,1270,650,1488,1721
51244,587,304,654,507
152273,889,308,858,863
201163,876,432,2635,581
285381,775,492,240,368
92106,283,255,215,357
23228,156,342,168,643
30827,985,821,3180,915
220134,24,4,8,5
9989,1327,354,2450,781
147495,524,40,1189,82
63895,405,87,569,94
65258,898,577,1700,609
124739,110,16,173,87
51560,876,60,2182,147
146956,94,2,15,10
2047,70,30,655,50
84532,1253,3567,2947,3037
91369,694,254,1356,601
7566,270,137,307,163
56934,4,221,0,259
81552,4282,1608,2021,988
346288,24,4,33,9
139322,349,265,504,616
27123,17,1,3,11
113612,279,87,374,226
222967,11,2,7,3
728194,11,2,7,3
80028,46,14,105,45
129684,2,25,23,10
150696,173,571,125,1366
221264,72,71,142,160
4956,0,0,7,0
7071,1873,358,1313,709
5799,1015,220,764,319
51582,1473,427,2252,994
528,1069,1281,4422,2659
55529,250,101,789,203
51633,160,94,236,122
23097,359,205,707,256
112495,1973,2372,803,1372
158219,332,436,392,524
55326,232,564,1489,447
64210,2360,1635,1842,1045
79544,0,0,0,0
55361,889,586,1061,713
83742,1057,133,841,153
118813,1516,547,1378,842
401647,106,0,114,6
27201,25,0,0,0
152992,256,157,345,139
81894,2154,1204,1164,997
6782,830,219,901,438
64092,242,21,75,34
29761,619,211,676,519
65983,693,268,1816,626
54819,1278,796,175,394
388272,230,87,133,310
4343,3124,3277,712,945
389,20970,15779,6134,7826
333926,65,54,17,55
1622,10527,7493,4868,7280
6566,560,185,6533,280
55027,341,92,366,200
378108,43,22,65,14
84365,1119,348,267,276
5018,5299,3468,4656,4167
9056,1522,8466,1724,13236
9947,4,0,0,0
23367,5067,802,7243,2483
9337,1185,226,1862,611
2890,12,9,9,6
136332,34,7,30,20
133383,170,34,194,166
166968,203,97,819,251
23165,1537,664,602,382
342357,126,182,222,119
138241,174,104,93,201
9502,1,3,0,3
118788,1583,225,333,326
129831,425,195,148,171
7273,163,99,220,141
11326,1889,97,859,282
9601,8853,1181,4421,2156
79831,122,94,185,106
255762,5,7,7,7
146183,286,6,13,4
130535,188,39,571,207
285172,307,252,469,321
130540,14,7,16,4
151254,3,94,92,3
65062,293,97,757,238
8324,181,41,88,157
200162,238,67,162,40
64798,410,398,671,789
56776,0,12,7,41
56254,620,505,1639,932
1539,1,2,1,0
133522,153,29,179,152
9844,392,44,469,121
1836,465,78,522,179
134353,302,69,162,94
9443,749,515,357,310
158297,4,9,5,6
10670,3040,1059,2106,1813
25769,8,8,14,6
287015,0,0,1,0
92370,1069,394,181,158
114,374,11,3315,8
5922,229,18,212,103
55005,404,1080,321,933
154064,0,0,1,2
6503,503,52,1331,358
51643,3685,1017,3801,3392
7411,1053,648,719,646
116442,21,13,150,32
1193,316,88,273,121
2334,24,3,5,28
286097,40,19,190,73
23426,33,9,57,25
137492,366,195,1301,452
3798,35,5,5,31
10,5,5,0,23
4107,0,0,2,0
23362,119,24,307,82
138199,264,269,254,298
90550,365,119,497,256
91748,566,63,1858,267
118491,74,245,85,244
9630,103,146,65,177
145483,850,1116,159,234
2776,1031,499,912,805
11197,37,5,0,6
7363,1,6,2,25
83873,4,9,11,8
4325,178,5,51,4
132,532,538,425,686
3778,1839,100,2036,98
10538,336,21,35,18
1633,151,48,281,57
9508,36,9,14,22
257,0,0,0,2
286148,456,133,737,363
137682,419,196,298,292
128338,1685,508,1625,1065
157657,39,23,112,68
5470,3,0,183,6
161502,1,0,11,1
57188,310,35,258,210
419,2,2,5,15
9154,2686,2418,1838,3713
123720,202,123,473,208
10563,173,1,5,4
29104,435,308,395,374
10069,499,411,328,339
10600,872,402,548,597
10694,6465,5162,2285,2873
56911,1483,74,652,108
84779,6,0,56,1
571,554,407,432,328
100379661,554,407,432,328
26285,0,0,0,0
9073,0,1138,1,1611
7102,332,1088,810,1680
7074,249,142,171,80
57466,414,88,861,295
6103,109,36,249,67
23552,316,186,537,394
84108,177,46,164,119
122416,363,610,1668,533
119392,225,58,155,53
22986,460,19,1619,10
118980,199,3418,1371,4564
9556,8809,13763,2015,4280
2528,692,1569,23,3060
122402,244,21,108,184
8817,7,2,8,4
5097,1505,428,418,898
153769,331,47,25,65
392255,19,2,563,11
7381,26246,24403,11488,15647
51001,425,128,460,225
9791,2444,1356,2307,2201
5521,110,146,251,154
6156,125875,39944,20201,22892
3788,1,0,1,0
159091,69,6,104,38
6832,1101,1733,383,577
159090,743,135,562,256
1915,430238,430579,207684,285404
286151,10,1,6,7
80201,2307,401,910,881
3098,3662,627,10888,1042
219743,1485,898,1452,625
84295,343,129,610,303
135228,1238,222,1664,676
57497,2,1,2,1
4838,2,1,6,6
10394,0,0,0,0
9246,5729,806,2807,1277
25921,2140,850,2801,1239
219541,773,483,441,270
60685,1003,419,1769,1256
27020,3518,1694,6185,2462
23522,155,56,737,184
142891,463,155,668,408
80223,448,313,4325,895
137970,0,27,46,128
219970,45,2,42,73
10813,878,302,276,307
9131,3282,6001,4962,7631
5603,732,149,1173,370
9530,277,236,415,286
931,6,10,46,28
93594,154,38,94,66
55093,335,171,290,141
29028,202,10,116,36
114907,501,84,282,126
286053,692,510,486,419
115509,274,151,291,200
78994,1302,694,822,383
64319,1524,445,2560,636
391059,20,2,216,39
5261,1439,1691,958,917
64645,694,227,1311,739
163786,62,31,55,30
1339,90,176,153,175
3681,138,10,21,5
139378,3,1,1,1
7547,5,3,11,0
115416,2665,1730,678,809
23355,790,170,768,420
2585,443,259,1187,1015
375323,2,0,1,3
93010,144,71,534,83
255027,1627,215,371,316
701,43,8,29,20
5147,583,157,448,282
1974,8008,2111,8017,8170
7862,336,75,395,348
285367,835,1067,489,785
6750,1,47,22,30
9797,1168,672,980,912
51738,39,20,14,48
6396,3829,2469,1418,2796
9941,172,74,198,129
123803,584,215,580,254
81626,0,0,0,0
23057,9,14,26,22
9372,242,115,1137,673
491,14,8,946,3
131375,0,0,0,0
6529,125,6,228,26
23049,1880,500,2780,1063
115548,708,148,1335,404
11030,2406,1701,3040,2266
134285,210,140,2053,420
131377,0,0,0,1
731,3,1,1,0
7079,108,19,91,47
6854,9,134,9,96
3084,139,361,409,191
54953,520,398,800,523
1376,462,649,1111,1277
55707,2107,1055,2179,978
7804,68,27,145,23
200008,0,0,2,0
22976,268,84,330,191
261729,336,73,429,277
23648,812,604,1226,827
3361,0,0,4,0
9069,971,896,684,730
4323,6452,311,20667,993
8321,2325,325,2101,658
57798,869,308,1598,721
203328,615,1018,28,849
146456,21,370,491,677
348174,914,2399,11893,4765
10901,1363,5044,2421,9426
93190,6,4,39,6
283971,793,2881,5662,2970
348174,793,2881,5662,2970
497190,793,2881,5662,2970
124907806,793,2881,5662,2970
221481,22,6,22,11
11269,1142,866,1201,836
6483,637,190,1475,371
197258,680,825,991,564
146433,406,101,1780,105
115817,1344,1878,1090,1651
776,95,124,1056,191
415,3495,1617,5008,2742
3815,187,76,2085,375
54768,85,29,80,49
132949,210,172,362,259
7567,100,81,221,142
124903710,100,81,221,142
55799,68,141,131,133
54778,348,174,907,283
9133,257,5,56,18
145773,48,91,113,195
4643,1917,615,3919,872
26060,360,249,811,626
139221,4,61,437,125
134265,955,73,1715,151
1831,3848,2246,43787,13610
10311,1226,657,1526,1149
1859,928,362,3523,979
3763,137,159,33,20
3772,2016,6335,4454,10679
2078,515,105,972,371
2114,1791,471,6999,1634
90139,1739,383,3919,780
150082,43,47,87,51
347734,3311,1718,2146,1475
84187,383,296,704,587
4599,1225,486,930,774
90993,208,11,537,57
25966,773,348,1301,234
257397,438,222,728,658
124565,6529,4025,3431,2380
257169,24,33,42,26
445815,20,0,659,33
114991,363,175,719,515
9162,141,50,59,61
203197,392,132,1199,238
136306,13,55,0,67
79856,112,99,109,56
254048,425,142,689,338
673,563,236,603,410
10568,547,56,29,137
176,1252,34,478,55
84262,2105,1567,710,503
9478,194,103,65,171
57728,562,340,1051,498
84255,1113,245,1055,461
10239,755,967,2571,1837
114793,533,122,2596,338
150946,275,34,664,58
121665,1076,512,2054,768
56896,7,9,7,3
92749,9,5,0,6
9364,223,198,408,279
127281,450,312,1449,381
8764,2080,1285,9111,1390
55229,134,25,452,91
130106,4,0,166,1
84465,113,7,65,9
64897,521,692,847,373
5192,588,158,873,558
11079,6022,4167,3283,3371
55698,34,1,156,8
6497,406,117,1902,230
26100,2111,1936,2568,1893
26119,378,411,893,411
116987,561,578,2488,1099
200634,593,187,203,143
100310846,6,1,12,9
5051,289,411,822,788
2134,9,10,33,9
7780,29,3391,357,1911
9577,1298,1891,1339,1107
84676,15,163,11435,233
144406,115,312,840,156
63875,6793,2930,1806,1558
1844,87,20,151,42
57822,4,1,41,3
91544,1773,1734,1269,929
338323,1,1,8,8
138639,172,52,195,120
79623,14628,3037,4057,2543
4690,509,50,495,405
3242,421,36325,40,20911
114822,747,609,2504,539
127262,1127,5666,1469,3247
254050,45,631,345,247
195827,371,123,196,183
7498,8,2,23,6
55113,343,199,333,217
26504,164,45,640,140
2140,426,372,702,504
199221,191,32,268,95
11013,56,31,5,24
2176,290,363,409,446
105376156,290,363,409,446
22808,1034,206,2136,840
10163,2374,931,4003,1368
171586,126,110,227,255
83850,78,42,5,54
55179,525,103,140,264
115572,74,60,11,188
64084,168,445,66,651
81035,453,80,496,60
388591,208,51,1821,365
8450,1337,638,1375,708
387509,162,61,49,104
64849,213,20237,157,21331
114928,207,205,866,528
100528062,207,205,866,528
54933,58,13,93,27
26053,889,164,1162,499
57477,402,505,590,477
3017,994,863,315,704
995,72,2,3,2
8365,65,27,169,45
129531,468,219,541,272
9669,3798,5632,1909,1562
158787,154,121,110,166
286527,252,28,76,22
375307,32,561,37,150
55571,705,363,1273,453
3745,78,53,123,25
340348,2073,15167,2651,10481
9542,97,100,25,42
23382,1774,515,738,662
9334,2647,489,1723,779
912,115,6,216,15
909,7,1,3,2
9825,353,159,336,198
911,62,20,14,65
55199,223,185,168,155
910,3,0,1,0
55567,21,4,14,11
913,44,5,5,37
57824,34,1,5,0
1358,13,2,0,2
653361,318,31,199,52
93979,4,1,0,0
90121,2280,1799,2092,2184
55607,248,179,1096,320
124245,374,81,1275,408
130617,1738,7188,705,1108
94026,0,0,0,0
81544,679,63,244,67
1780,282,26,218,103
5207,12,36,2,9
212,10,7,10,2
222068,3770,3551,6669,4345
84919,471,183,1173,911
26958,626,124,763,413
56946,242,97,826,231
90737,9,8,1,2
137964,1270,1218,4975,4121
168507,171,11,1,7
9753,78,20,285,78
8407,20172,4581,12848,4791
2005,492,112,836,490
56833,920,28,334,116
85414,183,61,38,161
54935,8537,4125,1507,1985
115992,710,310,666,238
4681,6728,1543,281,803
100532736,6728,1543,281,803
3362,0,0,2,0
142683,0,2,2,5
50848,1575,1139,1591,1567
7391,2143,1579,2829,946
64600,0,0,0,0
124044,267,712,195,303
4817,1180,1027,1301,1807
9191,742,415,1535,667
92822,783,159,1275,450
10361,69,247,94,81
1896,179,133,415,176
8822,6,5,60,7
127731,5,11,6,53
978,947,227,169,255
65018,3724,4604,4725,4423
8703,1087,549,1053,649
2039,701,754,5381,1923
9507,497,30,304,40
64760,901,590,2824,646
4720,3047,3566,5238,5406
115584,21,490,2,478
2207,4665,197,1275,362
336,0,259,0,4
84134,608,895,783,609
4359,77,22,152,31
90199,0,2,0,2
57805,1104,851,4023,1186
7484,2,10,3,24
57685,272,170,47,436
56990,1705,633,1380,825
51735,346,52,469,204
2035,373,46,2461,558
54069,198,93,119,119
79053,1139,971,440,439
54461,3729,6494,1683,2571
56683,1501,518,1102,1126
8867,176,134,393,178
94104,426,160,759,324
3455,760,244,314,115
124995,1793,702,1647,1015
3460,295,7,368,122
2618,364,89,878,410
6651,4425,1976,6695,1965
29980,280,47,243,99
9900,167,32,127,30
3898,819,2149,39,1622
6781,1460,470,8184,216
7135,46,1330,1,969
1465,4865,2283,4503,2616
84366,0,1,0,0
10481,39,6,63,6
714,16130,194,4659,855
9992,23,27,16,18
516,7173,14542,3811,4480
1827,1985,1092,578,1335
65264,3672,1308,3297,1637
148523,313,69,1301,324
11267,3839,3161,1630,1824
54102,6927,13,22,61
149473,405,558,534,367
861,3443,30,238,93
100506403,3443,30,238,93
10642,126,75,86,84
2695,4,0,0,0
873,4089,2759,6147,3828
874,341,102,41,28
57369,0,13,0,23
70,16,14,42,51
23515,327,54,720,223
8208,161,43,112,37
23562,76,112,9,114
6493,37,83,435,257
3141,492,178,1413,340
342096,3,0,13,0
124907523,3,0,13,0
80274,17,63,112,210
201176,377,62,565,212
83440,1745,589,1547,613
5763,8926,4958,11491,5910
283748,32,3,10,2
23569,2,1,3,10
51094,1860,952,3681,2194
51706,2589,3784,4194,3099
5710,7784,10441,2542,2840
23400,857,339,1142,446
130951,36,3,130,20
5692,15967,10751,6148,6308
79190,112,9,562,12
7832,1188,1430,3197,1754
221223,1,4,0,3
3099,893,15,10310,40
715,34545,1338,938,2488
11189,4,5,2,15
8659,2659,18058,577,15348
57519,236,81,1288,140
117145,426,543,718,602
7062,29,2,14,4
26239,0,0,0,0
197131,153,615,497,460
267,1919,1773,2614,3002
112950,1203,900,687,783
116179,1,8,12,0
266747,133,30,242,27
6706,0,0,0,0
114771,0,0,0,0
64843,2,0,1,0
89970,824,205,428,462
149483,62,53,62,80
60313,1416,907,2587,1481
8883,823,523,563,389
51249,420,217,605,423
221188,244,1503,139,1135
84229,7,17,5,14
1636,789,266,1639,1964
374739,13,24,3,8
131669,8,3,8,0
9813,2613,814,3941,1933
10417,3318,217,16547,452
84303,2500,1143,395,407
1487,2272,1341,7966,1935
55282,148,33,10,40
51673,2692,1591,1432,734
29800,286,120,743,317
9114,2405,6042,4961,4091
181,6,136,4,45
57732,165,77,951,166
146206,43,5,51,25
388284,146,295,214,185
5304,1,0,0,1
9715,41,4,24,10
6002,2066,1192,1832,724
5681,919,942,1105,1171
7791,4535,392,2245,722
29,260,55,550,997
284348,216,13,16,16
150275,542,172,525,247
7773,120,37,148,95
203260,2849,2249,585,692
7673,50,18,136,59
4882,908,152,273,208
7638,7,3,67,10
353355,19,42,51,41
9310,53,10,244,68
10020,374,121,762,367
115650,11,14,158,4
8392,0,0,0,0
2909,1352,952,3160,1770
5739,313,83,181,58
808,9013,8986,4885,5152
1676,935,1060,1103,1124
79140,407,726,160,354
55721,99,85,142,78
56063,1001,602,546,392
55108,1244,516,2892,1585
653121,79,47,193,80
83858,336,209,765,246
29101,4382,4086,2471,2628
118424,944,1191,1555,820
149076,853,375,1339,475
252995,24,41,20,64
27151,129,105,425,162
2063,1906,1406,1337,1135
126549,41,7,39,9
131076,972,386,340,500
203547,1699,645,1019,764
8997,361,64,613,330
148113,64,0,7,3
9619,1307,129,1038,228
7033,136,559,29,84
7032,128,1,5,2
7031,6,2,0,0
64699,227,166,7,83
53347,71,6,29,7
89765,235,119,3,117
54020,344,54,485,122
5152,482,631,2832,536
10785,174,113,199,127
4731,2488,3398,2046,1776
5316,360,235,298,168
875,22,66,522,181
102724560,22,66,522,181
7307,4464,697,2213,1830
102724594,4464,697,2213,1830
1409,31,906,23,1450
102724652,31,906,23,1450
11077,68,8,30,5
23076,511,168,571,211
8566,4595,6625,2169,2976
2539,981,263,1123,462
1476,6361,2339,2385,1492
8568,962,794,1021,385
56894,1428,2804,5561,7201
7109,186,121,753,830
139716,204,24,136,67
8209,164,441,1861,4907
23308,918,769,380,279
102723996,918,769,380,279
326,15,2,5,10
755,1827,1706,1417,937
81543,463,32,16,29
3689,3571,108,2755,786
85395,1663,1490,406,403
5900,1225,132,1468,442
10841,242,20109,92,6900
84221,154,63,92,63
4047,304,91,2248,705
7410,687,507,1332,1007
8888,1786,890,2340,924
54058,63,25,176,21
5116,556,255,786,391
23181,478,170,1228,346
6285,66,38,2,25
3275,3456,1893,4611,2243
125875,45,105,41,49
7757,18,10,576,206
11093,57,66,20,40
11094,471,858,286,555
11182,58,16,54,23
388561,344,133,412,138
110116772,344,133,412,138
2220,1,11,2,17
138162,880,478,62,188
3933,23,0,2,0
148206,35,13,69,23
26086,336,123,371,259
126526,273,236,426,189
147746,3,4,7,3
286207,28,26,76,50
27433,648,118,192,163
30815,1968,1351,1020,1220
92799,1896,1043,844,502
112724,333,46,1233,63
10444,843,1790,1090,1424
84885,1062,496,161,344
29941,169,37,225,85
57731,72,69,1211,97
84446,51,16,51,21
125965,61,2,4,3
147744,1,1,0,1
147945,8,0,0,1
84814,349,138,294,65
57551,829,375,999,666
9442,550,419,307,281
162989,1634,839,1395,863
23387,508,570,1133,580
196264,200,51,79,77
120425,1013,154,317,131
284086,198,174,285,238
116238,236,652,79,227
9159,2640,691,2730,1050
6294,2267,725,4838,1676
917,108,13,72,9
6271,18225,1694,5965,1199
26097,2560,1668,1855,1396
643,188,99,0,47
51043,600,235,3015,1082
80308,1786,2334,655,612
6464,2294,506,5731,1287
55823,1207,1043,1079,966
79671,731,310,838,441
103,3340,1940,8333,3377
3570,353,206,3682,2108
55585,1637,471,2644,1431
1141,6,0,9,9
200186,1010,431,1859,603
55129,903,1457,835,1272
2224,4291,4160,2542,3081
23623,825,399,1381,516
10712,259,74,403,121
79957,117,80,570,62
11243,1643,1701,1689,1350
9673,635,1727,2115,2045
4000,6711,6626,6290,2167
1234,412,19,186,51
23218,1871,153,1378,538
151903,2233,2228,1572,1260
5745,697,101459,462,13785
56893,1065,1116,1877,833
4634,48,2695,30,1017
221908,1251,315,483,296
54865,569,572,899,621
149499,9,4,9,0
115352,20,11,27,22
563,6342,54490,60,14735
2264,1799,1348,418,1834
1576,14,85,16,235
1551,11,61,26,375
112939,738,245,2092,475
1584,0,0,0,0
3101,221,8,114,32
54742,15,99,33,11
9592,4485,2969,1098,1426
84124,557,493,414,357
10898,883,795,1100,525
4061,26020,2018,5036,1465
51160,11730,11052,7239,5470
4796,181,64,298,137
5731,28,492,4,151
84939,1401,756,1232,698
9401,505,164,447,249
9684,1299,474,1526,540
84449,353,110,906,185
136227,22,24,1,53
84988,2752,9488,1752,4095
8928,21,663,13,5
80228,1248,369,2358,580
54784,406,303,461,262
126402,0,0,0,0
10603,205,34,120,61
51149,1119,164,1116,584
8878,16099,6822,15776,6081
11282,3942,945,3388,1468
6132,173569,106783,38051,36703
9794,526,85,1559,264
114770,10,7,7,0
222229,761,201,473,286
222235,18,11,27,18
222236,190,194,409,417
92304,91,40,5,6
5701,2872,697,2938,1963
60680,146,3,5,7
126321,4495,2298,1796,2359
373856,0,0,4,1
150223,2191,505,657,523
164592,5,5,12,0
1857,1810,818,2004,1292
1173,16558,9247,11075,7161
55324,2372,1479,1236,1380
5130,1465,573,1393,1096
126433,154,32,705,75
93099,2448,2025,222,580
199746,1140,621,767,379
622,242,437,334,760
4868,8,509,2,1331
199745,397,279,503,187
1346,3971,9388,750,2175
84911,134,23,752,100
115399,22,16,19,10
57125,2538,84,1554,201
93210,1317,1190,1976,1097
22806,216,33,103,59
2905,18,13,43,19
2232,963,457,586,274
29115,2918,1982,2047,832
51,954,2143,1149,1889
5635,972,432,1774,707
114757,1709,340,899,227
6427,4614,1317,3715,2225
84765,143,128,96,218
55260,479,296,527,400
317719,5,4,4,5
147872,5,3,8,1
3060,3,1,0,0
126133,2266,1540,770,799
117159,2,4,0,1
3678,6124,181,2664,301
114132,8,14,14,33
25946,495,63,824,70
400709,14,10,34,13
4356,124,30,124,109
146894,2,18,5,64
126123,0,1,6,3
162417,323,533,862,467
124801,943,471,794,625
92591,34,17,167,13
284361,4153,3982,4499,4444
126119,1861,1619,519,443
50944,12,5,12,3
284069,25,3,11,12
80174,108,44,310,97
113026,409,103,4066,93
91010,1849,198,1469,402
362,2,20,0,11
29127,266,1656,143,416
125962,0,0,0,0
113251,883,566,1261,1055
160622,436,108,607,497
125950,288,17,1354,239
3890,0,0,27,0
3888,0,0,2,0
256126,11,5,18,26
147841,271,18,36,19
117283,15,76,2391,726
221496,1232,438,1810,728
246,3,0,0,0
340205,80,2,10,2
115950,169,93,315,72
400569,1119,843,861,883
58191,1812,208,1750,377
388325,113,26,148,80
100529209,50,30,52,6
255877,955,60,898,101
433,172,85,18,77
8741,1171,1637,2463,1832
26168,942,941,801,557
2256,2446,96,13614,84
1973,18677,13689,8052,5760
6154,119612,57932,14550,24675
146849,0,1,2,0
51728,960,393,466,466
79622,2254,2029,899,1036
146325,1,244,1,189
197335,1061,386,791,297
339123,3864,4564,3575,2698
124093,71,28,323,21
6755,0,1,66,10
90864,1484,1250,1567,1063
254528,285,52,48,31
64711,0,1,0,1
80178,78,19,13,19
899,181,15,117,42
57465,406,1303,893,436
51005,1282,1512,2283,1099
4917,1,2,16,4
146439,345,24,953,57
124222,404,31,295,41
114984,1342,488,740,327
124220,8,7,3,2
7627,246,251,485,232
115,465,466,1979,839
22941,344,106,733,474
81570,510,923,624,484
10825,387,195,377,226
220002,2120,396,869,623
220004,142,570,94,142
80150,1535,1114,937,1403
2785,6,5,20,2
51035,6344,6355,2385,2953
79081,108,44,54,53
283237,771,285,544,363
10629,348,284,1148,516
10482,2684,1094,2819,1554
6811,1759,1663,938,793
283130,174,350,285,126
6159,69576,50731,9753,21345
3699,84,78,37,51
84447,912,281,2611,638
7542,1786,1034,1498,649
8986,752,170,1195,353
4041,1378,690,1662,1156
219931,737,1166,1304,1188
9965,0,0,0,0
284541,6,952,4,2945
10158,23027,135711,7547,73305
6886,76,41,175,70
51727,1919,1232,2709,1821
79656,844,993,428,339
1996,2,2,6,1
65260,431,509,826,764
79699,406,415,1086,656
6512,99,15,13,27
54987,2768,1710,1965,1229
4116,1482,565,1182,721
26027,254,6262,3248,1965
338094,123,38813,148,22675
25973,117,174,232,169
163747,5,6,23,3
7809,5,823,4,846
23358,662,407,2412,1206
8613,1072,656,4865,2373
79707,330,206,685,279
5563,341,694,1413,645
9903,522,449,3392,838
57643,68,107,1815,262
10691,263,122,469,208
50651,45,70,98,129
57190,2481,835,2186,918
205,2910,9170,11364,12860
3716,2605,1069,7675,1921
55225,133,175,449,248
11330,26,8,4,6
84328,384,619,383,301
116362,550,386,390,235
148930,0,0,0,0
54751,1433,133,735,435
388595,141,2191,1,987
284723,73,168,127,359
22977,701,6591,797,5638
374946,17,26,32,32
10630,132,22,51,72
126755,1,4,10,1
9249,5088,5817,3015,4646
4146,8,2,195,2
7805,15651,1036,4257,811
9672,1491,87,1756,258
553115,2574,2503,2069,1665
81493,8,89,16,16
5928,1648,620,7032,2682
57648,667,524,373,1037
81629,38,27,109,26
255104,498,356,1518,451
127733,280,191,513,165
55450,2396,2533,286,1902
249,290,5778,7385,4178
54361,387,11,5,16
254173,7,0,1,12
6339,138,155,711,97
54587,5010,877,1299,713
199990,2306,4086,1444,1131
1953,483,84,324,186
148870,2,6,79,0
149233,3,0,7,3
9077,149,125,35,257
127795,0,0,0,0
4774,1030,650,1570,612
115209,402,244,658,501
114803,225,96,645,186
83941,592,479,1071,577
7398,496,208,514,362
8880,1928,1670,999,731
91624,150,48,240,292
11080,228,148,739,294
64123,1039,200,1405,335
127255,9,38,7,21
105378803,0,0,0,0
127253,530,983,491,306
431707,0,0,0,0
51375,814,506,328,441
8707,10,14,3,26
22854,4,147,5,332
284611,292,44,129,69
113802,286,54,46,41
254268,5,0,3,2
148423,335,123,484,271
126820,11,5,11,13
2634,3279,566,2490,465
127002,274,133,381,113
115361,1467,444,608,591
284695,555,237,862,453
164045,8,6,47,15
339479,0,26,0,33
2672,31,2,43,21
343450,44,3,10,25
178,296,463,1064,558
7412,4853,984,1569,1354
2135,296,220,434,290
148867,606,188,733,343
23528,183,190,306,225
10092,4232,1088,3409,1464
57863,2504,13,14,30
114548,120,7,79,49
84838,719,323,1506,456
25893,4,1,8,5
89886,3,0,0,1
127059,0,0,0,0
3765,2,0,3,10
93185,1464,551,1868,1197
4921,666,115,428,373
8682,5678,1261,5643,1928
5824,925,1212,4216,2031
23385,2331,483,5626,2345
57216,122,32,113,140
114836,75,4,57,20
25903,4022,32,1447,70
127943,30,81,66,194
2215,13,17,202,42
124905743,13,17,202,42
284525,5,1,0,5
126823,362,769,384,376
148304,182,154,139,210
4009,0,0,0,0
440699,0,16,194,10
28982,215,129,423,116
149647,0,0,0,1
467,415,148,246,147
64783,270,171,334,133
79961,1661,773,675,455
126859,12,18,1,51
163589,60,13,1,28
51278,616,53,543,139
25992,252,47,1608,289
10380,248,135,1295,704
128153,78,313,51,230
79762,1241,2193,1902,3578
148362,770,524,647,395
100288142,131,23,757,270
51205,514,990,466,927
128025,0,1,0,1
55083,133,27,247,39
64216,341,298,274,516
163882,302,190,790,319
129285,582,1339,575,1223
55220,171,4,48,6
148811,32,554,13,658
91461,539,143,469,296
165140,229,495,201,210
23498,1813,7165,895,2584
148789,33,16,164,32
9261,2676,2241,3751,2017
50604,0,1,0,2
11009,53,8,31,9
9214,193,11,238,22
5284,80,5779,48,9911
83953,24,1146,10,2581
824,2386,2426,8520,3292
128308,3494,5031,1090,986
574407,48,19,10,32
80232,1053,436,2435,932
5966,76,34,302,98
150962,116,96,143,148
5194,309,321,522,512
84542,138,24,192,35
51127,8,4,10,12
130132,132,14,70,86
27185,206,16,178,54
92291,104,73,9,57
347730,0,10,0,68
51072,365,151,654,376
84661,1885,1363,1331,1189
129450,136,91,199,136
79568,292,305,395,747
3754,66,30,0,6
130814,858,261,498,555
26225,581,412,1393,981
151354,535,25,1323,90
3760,150,279,1207,311
4760,2,4,1,1
130162,65,20,106,52
2487,1543,301,17854,750
142679,55,53,133,45
112942,2705,2861,1101,1284
129401,140,331,171,194
165055,32,14,27,59
151112,0,0,0,0
150726,274,8,604,14
72,414,9,2067,25
80304,202,120,267,121
79677,370,122,714,394
7447,9,17,5,46
90557,640,101,630,100
91409,640,101,630,100
3020,8070,3853,6659,6052
554226,3,0,4,2
56997,1148,3156,1840,1484
151473,125,34,107,20
150483,29,16,28,7
2019,3,0,0,0
6443,1049,692,1178,1487
132671,278,77,731,185
115677,66,7,238,179
200373,198,157,100,268
151278,0,0,0,0
130367,400,87,414,266
3625,1501,9,2658,8
129446,0,0,0,1
129880,109,36,176,121
56916,322,89,635,363
27306,140,22,44,36
10611,1899,1372,2035,927
5161,0,0,0,0
285555,10,4,16,6
93082,26,91,182,107
23248,505,265,1453,666
200539,68,28,84,41
1520,3574,97,3718,609
4487,98,32,128,30
133015,152,87,318,160
149428,47,24,34,47
114905,71,215,21,451
79626,593,55,65,21
388695,226,156,559,278
79005,1557,1060,713,529
100534012,1557,1060,713,529
29765,7,7,23,8
6944,1148,989,1373,745
2071,760,185,1646,714
284996,1553,577,1603,473
55677,1151,737,870,693
388962,927,676,872,505
10602,489,287,1007,480
6282,19126,3254,3620,2952
84648,0,0,0,0
4184,0,0,0,0
3713,2,0,0,0
6707,0,0,0,0
90957,495,214,399,320
6703,0,1,0,0
27302,0,0,0,0
57115,0,0,1,1
9938,586,68,658,125
6280,1271,618,825,469
6283,8,9,25,15
7039,3388,135,3420,506
126668,116,4,74,19
151195,289,131,542,330
7855,497,148,1271,408
1420,0,0,0,0
54876,257,164,1186,331
388701,2,1,2,2
4880,2,3,1,1
132789,273,170,623,254
250,1,0,0,0
2565,0,1,1,1
251,0,0,0,0
2560,4,2,0,3
152559,79,48,240,110
152519,32,32,29,55
248,80,33,0,163
118429,739,278,649,526
113510,247,158,479,207
51023,1663,1344,1356,1041
8545,1452,857,1205,1084
84142,169,264,264,218
151556,255,861,1147,1724
92196,5,40,5,36
10654,3593,9970,2620,3319
57326,3799,4864,10720,4105
9076,1215,108,74,185
90780,960,859,1326,806
204851,759,244,2086,682
55891,0,0,3,0
127579,30,23,123,6
149095,1,2,13,8
1293,11070,670,1290,440
55765,1200,1114,44,540
55249,1301,772,1875,945
84541,26,8,18,14
151647,5,2,1,2
285203,373,40,258,97
56203,11,10,14,7
128240,3860,6059,2483,1964
56983,564,129,569,268
55356,55,17,358,154
886,0,0,0,1
91156,11,46,2,12
476,16447,26104,8744,71861
6565,106,277,25,603
317649,297,253,541,408
60675,1,0,0,0
152405,1,0,0,3
116064,757,238,834,699
11167,9554,801,29210,1257
25802,770,180,535,438
1999,4032,383,815,1091
132954,5,0,0,0
92703,1149,1014,1524,1227
92691,69,56,14,56
3490,72473,23507,64595,24474
80128,101,5,30,7
200185,8961,5116,3188,2871
3577,10,9,22,14
10109,7120,3895,3636,3143
128229,5,38,2,14
7203,6090,9334,2798,4898
84283,158,91,266,57
6746,14793,7979,3532,4350
64320,986,744,729,438
27148,939,271,1566,414
134,125,226,207,252
152110,23,3,29,20
285025,6,1,11,4
54738,0,1,2,0
1412,4,0,18,0
3549,149,82,500,114
57650,56,7,113,31
8320,69,4,69,8
57703,318,176,519,370
64343,661,648,329,403
7048,1784,709,2576,2654
84666,0,0,0,0
55139,2565,1541,4501,828
79885,939,1081,1500,1086
83417,0,0,0,0
50852,15,0,12,1
2199,1840,46,65,127
79411,577,560,1536,1254
201595,2041,1364,1613,1861
131474,548,431,425,564
151871,24,6,1,3
23114,871,724,537,1019
115350,16,33,65,8
151246,51,10,28,34
5274,635,901,293,741
23122,312,256,1013,648
8802,3716,51183,5955,31588
81788,278,356,187,295
6708,10,0,10,1
5584,713,257,332,368
4332,397,59,182,60
149628,38,0,20,11
3428,3920,250,973,470
9447,29,4,30,10
151651,51,67,11,47
56648,147,158,162,183
6514,331,584,699,1294
200916,3808,645,149,242
2168,91,17138,15,13377
151742,277,223,570,332
130026,68,37,286,49
100507246,4046,3742,923,1802
1493,50,4,31,5
29851,44,1,3,0
23429,47,40,63,34
151987,413,353,670,502
131450,78,6,37,14
29083,227,93,303,180
25871,1333,325,713,532
152185,304,63,407,214
57577,366,102,262,219
8618,3,0,2,3
4825,2,3,0,1
1040,165,275,1327,425
23001,511,597,2567,1899
285521,194,115,1775,469
5783,299,166,1621,1077
132204,3,3,6,0
213,42,2143,17,6067
132200,1,1,5,1
132989,142,122,163,144
80145,776,1061,412,773
6314,120,97,546,235
9861,1026,1606,872,1599
166336,230,225,1105,282
56999,650,353,695,438
152926,337,556,935,1028
131831,6,23,3,14
7401,2,0,2,1
8833,1816,496,445,582
25976,643,119,5192,2024
57018,1800,399,1047,1101
5806,22,1,6,13
8820,9,7,13,11
85443,23,0,21,0
7871,406,274,834,600
6133,64153,70959,8879,10494
201895,589,412,1121,910
11102,296,219,654,678
57406,391,744,1197,1382
1776,185,1122,43,928
200844,70,12,35,19
54502,2294,12684,5077,2414
323,925,399,2251,763
132014,110,189,114,167
84818,812,951,1294,1010
78987,2497,1105,1607,947
285368,69,64,109,66
115795,0,0,0,0
26577,474,550,4738,834
23350,1057,347,1499,922
64419,1450,1752,640,1055
151613,609,534,336,415
2921,25,2,1,2
6374,7,0,3,1
5473,6,8,3,7
5196,5,3,4,4
441024,202,232,252,259
2919,146,43,5,42
25898,272,186,1264,526
57047,16,5,26,13
339965,19,10,28,10
1359,135,24,1,53
2992,1275,379,667,484
84343,1447,395,560,475
116441,4577,187,911,531
11073,381,94,344,284
6259,934,199,828,523
54861,700,434,969,569
150921,9,9,8,5
285126,0,0,2,0
7349,52,46,64,18
130557,620,146,1056,542
22950,593,315,788,654
151056,248,4,140,42
245711,30,3,22,27
57456,443,134,289,217
56992,34,1,6,2
7047,1,1,0,0
23160,528,254,746,365
51304,578,546,623,605
64866,1501,137,1129,109
7123,815,4857,3070,2059
54716,400,64,50,95
54585,327,167,352,536
79443,641,279,784,539
1230,456,136,206,248
83597,39,31,0,49
79442,5,44,47,239
54859,1138,1312,629,866
51725,8,31,6,8
151636,1450,221,454,339
7707,799,366,1122,571
349565,372,223,489,289
113444,1749,1371,3129,1939
9204,230,124,777,337
131601,1552,791,842,711
55689,1346,110,2341,395
2899,123,0,295,11
80149,209,14,178,75
64769,792,408,1673,845
79753,239,145,548,265
7802,1298,2053,759,666
5437,6423,2289,1108,917
28999,253,300,2429,2227
348807,4,33,20,22
94032,17,3,1,2
200879,101,136,6,115
90407,1085,806,412,687
6184,13913,4191,3812,5064
59343,586,265,652,611
26508,1240,136,1661,118
55764,1094,699,1336,721
6010,3,1,2,1
646600,4,22,2,11
5984,696,264,110,125
116832,1064,179,135,61
8314,1345,1919,1351,1605
7086,3543,1879,3157,2392
5580,446,186,691,1030
91869,639,377,282,341
51460,114,127,326,174
26354,656,231,715,520
55193,277,234,586,404
57654,144,47,969,191
23272,625,303,810,600
50650,255,390,471,1009
7884,947,720,802,736
4043,9492,5250,8404,10121
131540,21,5,3,1
200931,281,625,27,199
26043,862,175,514,555
165918,575,372,300,224
54965,708,364,313,341
4241,297,75,54,56
133060,0,0,0,0
6286,4,11,3,6
84448,190,81,56,144
64789,163,52,234,110
149461,8,313,2,441
79078,718,913,295,378
114625,362,189,780,289
51058,463,445,473,308
9255,1326,906,1292,965
166929,438,193,851,395
23173,515,287,924,702
79982,273,182,3100,465
3015,5530,2482,3668,2479
51705,611,1504,552,2158
150159,15,12,48,12
133308,223,10,279,19
56898,1697,9103,3110,10707
10424,3127,2809,2265,2431
993,44,27,27,40
820,17,4,4,8
51385,399,326,557,262
285231,109,144,314,165
5364,2509,2456,2924,2728
79714,692,768,322,700
84126,9,21,97,36
111822955,9,21,97,36
51246,7406,4318,1932,1698
10252,484,70,1834,224
8927,22,72,25,49
327,2250,10380,2039,4191
27152,313,85,407,543
63891,742,1223,513,858
22824,153,272,785,937
256471,226,134,871,281
80167,148,69,480,191
79012,0,0,0,0
84315,375,834,187,394
4486,28,9,4,13
23132,309,301,613,398
51368,2171,6346,1638,3134
2912,23,11,2,3
1849,254,34,432,253
25886,155,96,33,73
132160,757,351,372,317
64850,12,64,0,208
80335,1143,334,1709,1271
5308,161,3,7,12
401152,8043,4093,18579,4160
8492,36,68,2,94
9348,8,11,0,11
3148,1680,412,1245,1167
8819,657,62,1012,102
11341,43,8,67,8
9464,0,0,1,3
4085,277,61,88,88
308,9940,1672,5939,3192
132332,59,0,13,0
132612,0,0,0,0
79884,194,508,334,273
2982,1014,153,1897,304
26269,408,288,519,437
80817,190,74,341,168
3248,231,629,3073,1309
140458,0,4,1,12
152940,1,0,1,1
55314,248,50,613,136
51313,1255,146,374,356
4886,61,277,181,539
4889,3,1,1,26
80155,421,144,988,273
3600,212,135,398,109
729830,11,23,289,98
27236,1206,1118,370,671
23379,624,144,429,590
64399,37,64,74,43
10393,260,89,299,204
6059,585,196,827,549
54726,412,139,959,402
11157,657,145,456,392
55751,352,244,2840,604
90826,176,114,284,301
3673,284,85,499,339
4338,1233,1061,1372,1937
51151,16,9,1,9
10085,1929,136,6329,373
153396,253,36,717,172
79993,275,68,359,317
91942,1264,876,495,446
133923,2,1,11,7
92255,542,134,638,264
202151,13,28,92,155
25836,1118,240,1002,593
285671,131,225,1084,316
84059,125,362,42,568
91137,956,558,1693,1229
134429,192,34,334,60
5229,442,182,1273,505
2151,29,7,63,28
153733,133,28,115,47
651746,2128,343,1614,769
134147,1995,5122,12194,9627
401207,163,117,140,90
133619,1468,448,1291,709
2150,1158,278,129,852
55109,572,353,921,663
55255,726,200,1619,561
56979,0,2,2,0
4724,3312,2601,1587,2083
117156,38,18,56,14
6690,442,2664,8,722
3360,0,0,1,2
11082,2111,236,15382,658
134266,878,208,577,233
166979,14,17,16,49
153642,190,93,327,192
22836,463,151,4596,594
493869,2508,137,246,144
81789,311,183,276,185
84654,0,0,0,0
256987,360,93,1529,326
133121,20,1779,15,2313
285782,0,0,0,2
836,454,137,446,246
201973,280,158,141,113
51752,2307,209,1813,761
64167,1717,284,285,71
202333,268,272,1977,344
133584,328,58,565,490
57587,443,149,708,459
134288,25,10738,273,7693
9607,0,0,0,0
253260,315,161,532,335
167153,861,233,1124,531
1879,289,196,217,104
57763,359,36,766,200
134510,1078,357,292,323
340069,1,1,2,0
84135,189,112,398,147
7098,994,89,2903,179
3818,74,534,94,259
10412,8083,1847,2708,3009
84340,688,535,475,510
7015,6,0,179,0
348932,262,3678,5,1048
133957,1133,766,1166,589
94234,30,44,28,69
154386,11,0,16,1
23305,130,50,21,137
3562,4,0,1,0
1437,4,0,0,0
23176,2080,260,2189,791
134549,749,130,245,104
2661,22,16,30,14
27089,42456,43232,5058,8272
116842,61,439,74,240
375519,1,0,4,0
10559,654,224,781,546
2898,10,18,21,31
115004,101,6,59,16
2173,24,1,7,2
30012,0,0,0,0
167838,11,0,18,48
10370,1163,401,8087,1328
221301,2,2,0,1
6862,1,0,0,0
153222,635,252,750,484
285761,289,87,296,122
94081,1147,1215,2993,1570
154075,74,11,71,23
114801,749,84,70,274
116379,6,0,0,0
168002,127,108,62,107
57107,282,641,347,750
100130988,0,0,0,0
134957,174,46,241,98
221613,0,0,2,2
133396,13,0,1,2
79722,23,25,5,47
135250,8,15,28,54
221476,2,237,0,82
57057,0,0,0,0
221955,736,274,989,249
23366,123,73,164,203
9263,950,131,255,161
29896,1496,358,2164,775
340286,19,1,12,4
55568,1975,794,1550,760
79685,3317,1191,755,764
6208,209309,58391,10919,17338
348980,9,2,12,4
91977,65,6,19,15
10466,504,218,1287,342
63974,0,0,0,0
154743,343,141,287,143
54329,128,17,65,16
10569,1491,880,1401,713
6100,652,718,407,257
9232,803,26,63,16
819,3627,1050,716,704
168667,55,2,33,11
285613,70,132,100,167
9597,44,66,8,15
8645,532,1841,185,6143
221458,47,13,79,40
7559,565,245,951,270
222962,1168,97,7155,79
219557,0,0,0,0
26872,406,316,66,151
55536,840,65,761,52
221833,1,0,0,0
54468,634,291,509,377
222223,143,36,416,156
25862,112,47,234,54
94120,275,58,234,109
154865,34,16,40,88
23462,321,34,1611,89
619279,534,490,2820,1052
2171,2196,109,1768,113
6469,68,121,102,134
117289,155,8,99,35
1278,69497,846,8103,2250
84624,1014,20,63,17
92421,374,213,455,303
26266,64,5,179,62
5224,87,745,13,272
25798,5858,5640,2062,2469
22853,635,160,1457,512
146861,0,0,0,1
1508,30024,48472,45491,47815
64321,111,32,194,59
10395,930,200,799,455
107,101,56,28,129
157773,51,18,6,11
256979,1,7,1,2
136288,3,1,3,1
3174,111,86,25,120
5828,727,354,1958,1164
5885,1245,450,2332,1544
169026,11,48,0,225
90390,225,77,188,110
4982,147,32,10,254
157869,2430,337,637,284
5260,177,178,206,34
2020,3,0,38,1
27012,86,9,157,17
114788,13,12,16,18
23514,1316,199,2108,537
5001,477,238,289,258
1670,0,0,0,0
54919,734,96,1305,351
1669,0,0,0,2
1671,0,0,0,0
734,499,315,645,509
1672,30370,209212,2574,142549
23353,1505,1170,5090,1166
55074,891,168,1219,442
157753,1,1,1,2
115330,102,8,857,181
2852,1372,405,1937,644
340260,0,4,0,4
202915,775,219,247,410
4846,425,32,345,101
10407,0,0,0,0
653423,0,0,0,0
124906741,0,0,0,0
79778,1582,359,970,169
761,157,34,48,26
26173,3445,1954,3001,1377
1020,1652,1000,509,471
6522,5549,5380,3004,1860
157724,2,400,1,812
10922,3735,3751,2383,1210
83590,2152,1215,1074,793
154791,2283,3357,1191,1635
2636,1,0,0,0
51808,666,523,599,526
501,4655,8714,1999,7981
221937,718,178,880,374
1345,13575,16425,6920,6318
116039,8,2,86,2
7534,11198,3404,6452,4883
79870,135,55,153,20
8323,382,79,999,263
115908,2015,18,129,19
81034,403,168,411,303
25879,798,519,664,761
81501,37,1,1,3
94241,1054,426,1480,568
55656,414,114,744,329
25962,2423,947,447,544
158326,10,308,147,707
2669,613,15,1896,174
54704,370,211,671,385
91147,143,101,180,192
9897,968,566,713,690
138716,1063,1815,490,724
203259,863,83,1408,302
84688,67,326,15,185
6619,337,240,1031,607
57462,591,872,270,1985
318,1122,1319,255,614
157378,594,175,951,330
11168,946,623,719,905
203238,107,17,59,52
51271,1314,666,1074,1237
54769,155,7,3203,17
6850,887,320,2411,530
55335,49,13,49,56
19,2459,440,1420,481
4783,468,282,808,603
137994,114,25,39,34
55798,588,286,455,288
5568,1,0,1,0
2395,169,131,79,162
79698,24,3,198,11
157848,0,3,1,1
137835,32,22,31,16
256691,37,8,88,48
136242,4,0,2,1
57094,21,0,13,1
116328,73,11,120,6
117531,9,9,10,6
216,6767,4625,5356,6859
221656,169,118,289,216
138050,980,375,5079,1045
158158,96,30,1713,127
80318,89,102,151,145
55582,57,62,56,52
84267,219,138,411,318
3190,8304,3542,14117,9785
136263,1,1,0,0
79987,303,101,109,298
55503,11,160,1,190
135927,0,1,0,0
203286,663,706,822,500
2203,1135,17515,385,16448
84302,585,146,700,257
11244,356,220,1160,444
286464,44,1,0,5
1536,1666,92,842,220
6990,1108,677,2316,883
155368,372,550,340,221
58526,1149,358,609,610
158401,11,34,11,89
254158,4,2,0,3
158405,157,228,785,366
139411,10,5,23,5
138065,435,394,726,384
140456,0,2,2,3
57526,149,4,11,8
5277,358,74,284,97
2277,45,12,9,33
158131,0,0,0,0
392392,0,0,1,1
55342,119,855,268,447
1365,848,995,1011,683
26130,477,316,948,677
84270,1556,668,702,662
65268,10,12,9,18
538,277,124,467,180
195828,41,25,30,74
22829,789,98,1,1
139324,52,36,71,34
4712,2088,2274,724,1846
364,67,2549,262,3081
65083,1061,283,453,321
360,3145,1140,2214,3580
158234,187,94,355,170
7415,6327,2649,6725,6727
84720,1311,573,667,861
30968,4880,5618,1640,3028
254065,333,53,730,196
26050,13,14,12,8
9833,70,2,11,3
219681,89,9,80,11
220213,490,436,1633,479
94134,637,373,735,643
120114,19,9,17,12
159989,22,2,8,4
143279,228,43,292,104
84889,1,0,0,0
254170,192,217,239,150
203522,359,73,474,77
83550,0,0,0,0
9075,10119,6150,79,12671
145581,0,7,1,14
474354,8,0,2,0
171546,1192,524,1800,808
7486,61,18,214,71
220972,236,98,2297,876
7253,10,1,18,10
1073,567,634,1351,872
10910,1385,1491,1055,1041
2957,445,146,882,408
219654,721,206,779,193
283209,358,62,293,70
84457,188,221,8,644
220963,1262,5501,1380,9811
2350,4878,440,558,392
3636,2036,494,5752,1715
401,0,0,1,0
4153,3,0,0,0
2706,5888,435,14,608
51084,4329,12974,4324,14355
221035,650,336,725,397
220296,44,207,10,11
221150,42,5,6,14
221154,647,643,1501,1210
220042,14,5,7,8
51585,1317,343,1198,961
63876,29,26,59,41
140801,1,1,0,0
122769,166,52,113,61
6166,11826,12121,3827,5373
55172,139,75,365,309
11067,9660,588,41470,1939
139081,139,1,3,3
7570,791,241,1268,516
23588,1710,1245,3158,3161
161436,179,263,197,213
9147,397,513,1701,652
84881,728,340,864,584
382,2353,855,2012,1425
123016,311,138,490,259
57156,10,44,1805,48
58157,0,0,0,0
122945,22,8,22,13
1045,0,0,0,1
219287,170,8,25,10
83592,31,4,21,27
89890,191,260,366,228
6758,2,0,1,0
10214,0,0,0,0
5015,0,0,0,0
158584,236,317,57,192
644168,0,0,0,0
11164,2152,1460,1235,1219
51339,214,39,304,71
27199,1,45,5,42
221044,0,0,1,0
222389,296,181,989,556
509,11652,19552,5208,8907
8559,328,208,371,417
83860,200,241,326,131
196740,876,671,3465,1089
7417,6905,3380,4281,3361
402381,0,2,0,0
118881,1044,1884,839,566
6571,13,3,119,13
118987,647,526,1994,1039
84858,266,529,1612,770
23172,361,233,471,310
169714,438,92,597,220
63877,1029,774,861,707
64324,1170,289,1659,931
10935,4106,2824,6525,7418
10495,210,62,185,131
27069,7113,8659,8503,12186
51266,3,0,1,0
6621,302,246,346,244
120939,30,4837,65,6698
23203,1372,2693,2387,1818
10807,872,436,2016,411
90167,0,15,0,53
158067,225,218,25,99
11092,261,650,123,350
7248,527,538,913,880
8328,6,6,5,7
3251,901,319,657,493
118426,201,37,189,90
138311,589,457,257,313
116225,404,196,257,249
219736,11,57,492,92
5979,55,9,106,15
9188,839,131,1047,650
9790,971,431,1332,851
282974,597,285,218,191
57608,2355,463,569,448
390431,0,0,0,0
65991,10721,4055,2737,3022
90809,870,909,860,782
64745,1405,1066,1560,869
29986,1,0,0,0
57447,1428,3481,6373,4577
84659,0,1,1,1
55701,1275,122,1603,629
26012,586,1347,1416,1596
51222,588,158,1883,275
160419,29,529,19,151
840,771,136,755,556
145376,6,21,41,29
153579,240,35,1496,380
55088,180,121,442,471
340706,5,3,2,9
56339,1064,240,1862,810
6297,157,147,509,124
118471,3502,54235,42,15865
142940,260,238,567,310
220081,6,1,4,1
1557,0,0,0,0
53349,781,504,1031,862
143379,12,27,2,18
259217,1952,1686,1194,1653
414241,52,6,12,35
10023,70,48,120,82
80019,845,451,682,377
26287,18,369,2,274
144455,13,6,15,1
143872,261,73,635,209
122961,861,886,589,857
283310,27,33,249,121
120071,97,519,298,481
29763,348,950,557,625
145567,481,408,1280,405
91252,1823,703,4385,1256
5702,5936,5175,4827,3234
5913,21,22,9,8
79841,88,24,64,26
123036,10,20,21,19
53981,556,338,1584,788
341346,9,2,1,0
64112,427,335,2297,662
122509,371,307,137,129
3429,8996,1805,1815,1533
145264,6,0,137,0
79789,1605,4871,335,1313
29951,9,5,0,17
9152,1,0,0,0
120935,4,5,13,11
4745,0,208,5,451
9317,1614,381,264,1106
389941,115,25,31,113
783,86,112,248,139
9200,144,69,104,33
221079,367,101,251,177
56935,1610,252,2123,476
85459,317,62,194,190
3747,0,0,0,0
79101,1898,943,872,674
25841,167,67,1831,312
27291,560,296,419,257
154810,724,291,898,401
5654,14877,4538,7786,3634
3990,926,682,487,220
9702,677,393,677,500
255394,42,16,268,65
139135,0,0,0,0
161742,839,217,616,329
145942,1,0,0,0
11245,337,62,697,105
83700,1291,309,886,406
64806,2,0,1,0
116173,3,10,1,8
112937,74,49,60,77
170689,117,247,95,195
55530,3,37,6,23
219938,0,0,0,0
84706,694,2221,892,2388
81693,1279,6982,92,5076
51762,675,174,1098,351
121457,1393,96,497,188
27079,268,345,320,199
55662,1044,668,3279,1733
4714,11177,12882,8515,7735
84936,1091,922,1693,852
54866,6445,253,5,59
6692,2422,1633,1846,1318
2200,3673,124,1430,272
552,34,61,29,144
123970,0,0,0,0
120863,15,38,10,33
654429,1,0,1,0
728458,0,0,0,0
29117,1670,829,771,1173
1152,1358,6380,41027,4381
115708,985,790,724,362
8945,494,298,760,587
27343,1708,1179,948,580
9529,610,450,1999,717
25911,5500,1425,2889,782
55323,522,986,755,987
8539,1407,1145,2480,1581
374569,1763,804,1720,761
57567,181,40,314,155
79803,678,234,797,353
123228,103,167,102,119
9221,1553,490,2182,817
221120,874,809,462,350
9318,775,629,979,1044
2562,42,268,248,323
121599,0,0,0,0
219793,1,13,0,38
8879,1698,370,2220,1140
10818,371,125,1815,456
10576,5444,3022,1375,2044
5092,6266,6925,8397,5236
25820,718,324,2370,732
146562,79,93,24,67
79827,129,239,177,165
55800,139,29,113,53
1353,1354,1388,2544,1654
7753,303,142,373,200
196951,92,107,160,146
252983,271,94,860,294
116159,414,177,389,285
8065,512,1029,898,1036
196446,54,78,67,79
54838,2856,1731,3391,1404
102724307,2856,1731,3391,1404
119032,961,1131,1402,1386
717,821,8,1700,68
79156,546,77,171,48
55273,111,6,1330,119
119504,4597,2997,5085,3251
6609,2264,7533,1593,2359
322,1742,1984,1672,1155
79933,6,6,18,7
25961,41,94,103,170
160140,16,39,16,26
54765,2027,1171,4300,2794
101927581,0,1,1,0
3611,5969,3295,4914,2820
6881,5370,3908,1158,1438
1200,6835,3547,19264,6626
8642,793,82,1228,170
81832,1,0,7,1
118490,41,18,78,31
1528,8248,6583,11829,19520
159195,235,62,644,298
5896,93,93,23,43
317754,0,0,0,0
119710,668,430,326,374
126248,13,5,24,7
144124,1,0,0,0
120776,0,0,0,0
374868,323,244,933,403
8495,454,1278,1261,880
80168,2,124,0,69
51700,308,150,416,69
8710,2,9,0,10
9710,124,27,667,192
5271,231,46,219,42
7275,271,234,3595,687
79608,16,102,772,322
4004,16,38,382,32
3419,934,719,3411,1082
256764,496,6200,4058,6421
1381,16,473,0,258
122618,422,68,162,53
84460,509,137,604,396
143570,863,620,887,338
9866,256,154,366,342
254225,137,280,365,129
6157,158362,114104,16938,22217
6764,976,98,1803,282
124359,186,148,218,180
222865,3054,142,50,124
283659,11,64,11,94
55839,200,55,50,50
56672,793,199,1321,335
23300,541,831,799,954
123775,20,20,41,30
440026,658,1003,723,548
114780,31,14,337,37
123169,389,197,457,466
7702,287,58,465,310
54495,399,198,1465,646
4239,1407,333,257,1120
7465,280,347,533,378
5598,308,35,1014,188
5579,235,54,218,44
50810,425,222,488,392
8509,407,457,778,302
4176,3777,1143,1939,1054
10143,4,1,13,2
80323,49,21,25,92
26253,63,17,180,97
7551,704,392,1433,515
338339,2,1,14,1
7589,275,210,307,372
57494,1040,742,2235,525
144568,21,1,30,7
146227,93,10,52,9
7084,1603,2645,962,795
23423,5928,3274,1547,1312
146167,0,7,44,1
90701,1762,3340,1311,1610
339302,1,1,0,0
2587,10,4,30,5
65084,580,283,393,317
115811,79,198,45,183
81565,709,159,1066,451
201161,315,579,331,201
1014,1704,24375,12919,17403
6236,2332,179,727,185
51647,6489,6785,2834,3460
146845,11,4,8,9
7184,29649,8766,15442,12205
4160,0,0,0,0
10904,3440,4461,2864,3125
89777,0,0,0,0
89832,53,17,36,10
80063,363,311,412,284
4319,7,0,16,0
780776,31,49,150,24
27018,8908,5350,3083,4765
80975,29,9,23,37
9382,1440,824,928,650
144100,437,294,2323,1185
80095,104,93,841,209
644353,26,18,13,5
567,138844,33740,69641,40949
9640,622,421,2020,568
113201,1004,482,2697,1151
3359,10,1,0,2
4837,118032,580,6895,507
116285,70,32,33,208
164,825,861,3192,2585
162394,533,84,625,187
117155,118,54,222,70
100128252,275,822,1031,482
89927,371,290,269,558
127898555,371,290,269,558
9665,660,803,1167,453
113174,459,248,174,137
219539,47,1,67,5
5479,36327,20604,12215,10199
3948,14,34,1,37
84191,1830,1242,1050,1117
160287,17,6,43,1
63901,1233,626,1206,681
9768,420,53,65,23
374654,205,13,316,37
197257,53,4160,791,2690
5346,26,7,55,18
8800,234,183,1314,446
124491,165,146,329,295
55897,343,129,146,54
290,13713,17409,259,19677
6340,5,932,196,1643
348093,213,323,489,280
89797,133,149,873,524
348094,115,27,154,44
92292,564,4672,118,10723
162681,51,10,125,20
84516,2004,2230,2127,1900
54386,983,450,1159,1234
105371348,983,450,1159,1234
5347,206,12,71,38
10845,599,501,2160,987
11318,2,90,7,34
9880,105,19,249,87
10369,1,0,1,4
6866,8,0,0,0
4640,30,5,10,0
63928,121,270,15,113
23306,504,69,519,158
219983,0,0,0,0
4665,1202,182,390,313
23339,1619,954,3929,1385
6778,5533,2054,8352,3518
219988,646,145,1365,467
91419,71,45,112,66
114794,184,6,6978,74
6809,774,2347,3356,1804
54948,1598,1017,782,1056
79837,1166,487,1890,1612
54893,747,1607,1629,1084
7529,5571,2629,4388,3878
101927671,1,3,8,3
84419,181,71,222,123
6447,1429,7,140,2
26585,8,13,6,4
222950,4,4,29,10
81628,1183,587,1386,548
245802,4,0,5,2
58475,2791,119,1686,145
84689,94,5,80,16
64232,0,3,0,1
115752,296,163,1771,517
23582,1833,1332,1548,987
2038,3,4,5,6
343641,0,0,0,0
4088,780,290,2643,812
83661,6,1,0,3
374864,29,63,1,97
219995,5,0,0,0
4130,450,74,274,73
91433,607,217,1923,409
64400,1137,883,2123,1214
10982,993,244,4609,606
59271,1716,303,436,196
4141,4221,1649,1436,1034
114785,702,331,1481,602
245812,960,135,986,320
2923,16900,7089,12937,4930
11051,1289,552,1183,1449
375607,2,3,22,1
145645,1,0,1,0
4824,38,19,54,26
129049,84,197,124,234
150290,150,46,106,73
7008,467,802,1086,731
150365,85,47,23,42
124872,176,57,132,213
5090,200,40,168,136
2793,186,49,43,39
5245,7357,17140,6242,12893
6632,1907,1972,740,528
158248,26,24,18,21
140732,0,0,0,0
201191,226,40,1208,30
138429,26,13,14,22
128859,0,1,0,0
162461,1618,7,4,7
399665,691,666,8936,1292
80221,5175,33182,757,8634
2801,1047,493,1535,1085
26995,1320,862,878,2049
51117,2198,4028,1223,2123
10999,859,1280,504,766
55018,57,14,24,0
81605,3317,1620,1551,1266
51148,1958,149,1039,259
57171,312,177,134,292
388389,84,102,108,147
2021,858,1429,832,686
161514,0,0,0,0
51450,449,55,11,13
54578,250,168,32676,4814
56905,901,239,750,148
57611,8,0,18,7
6668,273,77,2407,339
79170,77,407,42,1150
10229,642,318,1028,393
51704,972,1664,1541,1314
1398,764,737,1896,1085
146378,0,0,9,0
653641,0,0,0,2
124907523,0,0,0,2
124907524,0,0,0,2
26263,590,349,908,690
23102,1577,253,1367,427
64127,81,28,36,1
124460,346,34,91,18
125336,51,3,20,6
83473,61,233,484,186
84064,576,906,1363,1127
7644,268,233,483,270
3481,1246,177,103,162
257160,795,395,637,324
51755,420,253,1546,593
64174,468,41,159,57
54920,389,383,460,270
51367,1319,1938,524,887
64772,905,184,3628,496
146713,12,6,19,3
10632,18067,19458,4940,8343
915,960,133,124,59
125058,3635,756,9966,925
146705,651,149,985,346
4645,722,743,358,1365
116969,131,41,10,34
10449,2717,9703,8230,14074
6786,1171,233,2003,629
6240,655,205,1340,404
81285,36,15,21,3
55128,258,119,574,333
56547,0,0,1,0
390063,0,0,0,0
390061,0,0,2,0
64122,660,596,1791,1567
112476,128,26,405,90
7571,244,64,439,187
126298,1312,1594,888,725
7769,449,412,434,476
7733,131,47,274,171
28227,209,93,266,70
79759,399,103,305,126
9726,516,119,1490,264
79001,27232,9083,13682,3447
94235,12,14,2,7
4025,6,5,6,4
762,44,3210,27,1086
55181,223,28,410,193
148231,0,0,0,0
105372292,0,0,0,0
7171,11096,855,4209,2293
4218,1356,456,2256,1204
2879,25546,26628,12609,12487
90007,1431,331,1765,693
126306,25,14,37,17
199786,12,30,84,55
55295,184,112,614,205
54815,1611,484,1736,811
4597,511,1448,562,302
81620,145,25,31,22
51693,2668,5566,2104,1934
29123,1239,1165,3295,1330
124045,362,483,155,241
124923,39,18,195,231
147011,83,68,308,77
6137,159645,102866,22303,29187
121274,545,202,773,562
3906,1,0,0,0
784,377,125,260,106
147015,306,16,1533,207
90313,2831,1282,2223,805
8085,784,132,3490,794
84940,169,10,27,31
121268,58,0,24,11
7846,10569,1925,6114,1126
84790,8923,614,3710,2468
162963,36,16,91,65
84436,126,121,363,136
55762,151,31,217,84
29946,1043,1008,436,308
57701,515,69,716,253
53916,2082,540,994,530
359,20,11748,9,10579
2819,3449,11514,1138,13731
148137,112,28,246,50
29785,101,30,69,17
558,4246,207,1736,275
84807,173,71,153,56
147798,38,1,27,336
341405,10,0,0,0
3903,552,35,82,47
57348,8,5,6,5
114823,3650,467,8673,2377
148170,0,17,5,0
3904,3,1,3,1
284339,15,13,182,6
116115,305,199,359,171
83696,739,1071,748,600
3811,0,0,0,0
199713,1,0,0,0
7705,816,222,2029,656
284349,97,29,225,57
94274,1488,688,443,442
10653,17358,7179,12619,6736
64073,20751,1454,23,347
90522,2196,779,637,521
352909,46,32,65,62
8000,2,11,8,47
85300,68,1,7,13
8581,1,0,0,0
1613,1298,576,1814,751
1938,116289,59798,18318,33404
126259,30,3,11,3
10036,350,77,218,141
80700,9750,5827,5595,3773
84717,2014,1698,1414,813
729359,155,89,1232,163
10501,605,19,934,31
55311,748,735,986,576
64359,1030,116,877,179
79850,1082,60,4138,80
51031,869,682,4316,2404
113655,1215,2638,590,1227
2875,402,2326,157,1651
90990,731,152,2684,896
124935,311,1495,1511,1461
83547,243,374,731,217
5345,12694,13186,212,2551
124997,1341,912,564,323
63826,267,164,691,271
55720,801,276,2230,617
162514,34,28,37,5
374875,448,691,413,451
124936,1708,2778,1793,1951
124975,14,3279,9,3109
3816,96,31947,26,4813
9622,252,0,428,11
3817,6,0,11,0
25818,20,66,0,48
5653,107,484,1,255
11012,1,5,1,1
26085,38,1,0,2
55769,1763,516,2201,734
144501,471,18,90,28
3848,0,0,1,0
125981,2,0,3,2
55611,4955,2976,2934,2256
283248,2,3,84,5
51129,58406,108,16955,188
51293,4561,3152,1616,1094
84926,2867,1052,1944,1309
3489,2134,2041,101,364
8435,27,39,1,54
148156,459,36,1539,183
51475,0,1,0,1
4723,6733,23500,7254,7537
10263,6021,1168,3376,1170
254552,782,1371,255,509
347853,4,2,5,4
7001,18330,11291,14476,7843
81168,0,0,0,0
10798,0,0,0,0
7775,315,117,217,118
79003,252,108,482,302
10871,182,3,56,17
11314,480,24,308,47
83659,5,2,5,0
283987,278,138,630,189
3396,1261,1560,360,679
10476,16652,16528,7167,8999
92162,113,291,327,311
2125,565,316,709,457
6730,2353,1182,2543,1383
146664,18,2,12,11
147138,399,26,248,62
7083,1701,211,692,434
137695,371,144,642,399
1581,0,0,3,1
100505501,25,10,3,17
284110,44,3,17,12
192666,0,1,1,1
147184,1669,972,437,310
84514,3913,1504,2293,1653
83986,3238,1764,3265,1526
50964,2,82,0,366
90850,672,146,768,417
25837,52,89,51,20
64223,1813,1885,2039,1217
1877,922,543,1168,482
1775,63,34,45,14
1632,2988,9769,3172,2798
57524,2,1,2268,28
21,1181,245,2816,255
54442,327,64,485,255
23524,10682,8303,18444,5054
146434,122,64,68,60
197358,126,76,148,76
54949,1270,1177,744,691
1642,5386,3133,5879,4813
55048,515,266,821,329
220001,419,32,568,32
5866,487,772,1260,604
7439,873,512,774,251
2495,53340,68227,66495,55426
26580,6648,15210,1765,2718
5436,3339,2500,1953,1388
6520,4471,16024,8759,13401
117245,15,118,19,91
144097,264,73,537,154
89849,804,217,1576,400
26005,413,94,658,318
9881,377,43,345,153
199223,226,279,168,149
3921,83729,63959,6225,14690
956,16,33,13,45
1499,4915,2944,5104,4772
54986,335,539,93,167
8772,996,378,983,909
4054,1965,912,8857,1649
10004,246,128,157,96
29901,405,253,171,136
116071,206,149,104,83
55867,1369,8195,1898,4340
7536,2098,1088,7826,2264
5871,294,222,697,303
283129,3,54,0,21
283234,1139,201,951,74
51435,390,54,243,134
55872,41,4,10,7
286133,194,5,4,34
5368,821,3,15,5
10980,6221,3887,2875,2427
5049,1459,986,1525,927
124401,1033,741,1235,612
84309,2202,1974,658,1317
57691,75,66,153,123
5867,588,486,1363,862
4992,0,0,0,0
81697,0,0,0,0
3761,13,3,0,11
55209,809,290,3121,841
114990,1239,288,815,374
222584,0,7,0,18
8290,1,1,2,0
79725,48,39,167,112
4993,0,1,5,2
149603,2615,3406,9954,1845
84376,338,126,1483,412
93487,1272,878,3554,1281
54541,16469,286,49375,4674
3516,2159,2697,2602,685
55788,1234,1051,1505,2309
29063,115,45,161,108
5729,57,0,23,4
125488,212,81,212,37
132158,582,2776,134,1887
2786,39,14,5,11
92181,668,145,553,357
123258399,1003,217,3715,1490
28511,1101,302,1325,540
7266,2830,5002,1281,1705
169522,1,0,0,3
359948,2427,548,9933,1820
256297,0,0,2,0
64943,1375,586,979,356
2299,0,717,2,368
440957,1483,2115,460,1140
388753,1046,907,506,482
3800,61,57,26,38
4247,728,83,777,422
648,576,189,1899,401
57215,857,657,1875,645
27249,1514,914,1132,1843
5162,1236,1742,1215,2555
54899,148,173,285,346
3008,12,15,3,8
115294,1236,854,1837,1493
200845,122,205,145,249
136647,1241,812,713,827
8309,376,3182,522,2452
11170,64,682,550,1007
3660,498,74,1067,366
4336,11,2,30,5
1524,678,46,124,51
492307,726,0,533,0
165904,3,0,4,5
84684,1,0,0,0
123099,101,157,39,91
11280,20,14,6,16
732275,0,0,0,0
378,3880,1523,1318,2057
3116,0,0,2,1
3113,751,2,1182,623
4735,5592,1907,14138,6402
11259,955,73,806,426
84879,195,6,143,109
1841,1020,689,705,284
6890,411,7,453,105
84289,725,511,1203,795
23192,1451,1148,2664,1309
624,2001,244,498,229
197259,663,64,401,114
55159,343,128,514,360
4543,0,1,0,77
93107,23,4,25,6
399,106,14,79,19
377007,8,8,36,16
91949,717,273,823,528
51362,319,401,331,469
10963,3279,1581,3643,2185
6338,16,846,454,594
9374,63,44,100,32
55806,25,1,33,15
84203,0,0,3,0
11031,3051,171,1173,569
1388,476,91,362,50
80346,627,84,462,100
7148,30,1,388,44
203190,4,7,14,20
6440,0,1,0,2
649,1503,134,1172,272
11273,2892,600,2458,522
9796,39,361,35,211
256309,26,6,148,30
661,447,392,414,370
2237,718,303,275,234
8436,196,578,1251,1131
23255,1172,85,332,136
2637,2,0,15,0
148738,5,12,0,2
10648,0,0,0,0
124790,391,1370,355,392
2339,986,724,1441,1055
347735,5944,2076,2278,2609
4632,0,0,0,0
60684,494,236,853,404
1128,0,26,5,16
1281,48377,647,8832,1224
2675,94,14,164,26
3622,217,170,1474,383
55602,202,155,552,405
154007,185,107,471,206
79064,1175,977,762,571
6575,656,494,1031,749
1418,0,0,0,0
83657,104,375,16,120
79089,2019,1247,1549,959
11086,8,6,14,1
6774,1928,541,5058,1676
90204,230,120,435,148
8754,415,20,5096,1320
8749,1,0,0,1
2668,21,11,41,29
135656,0,0,2,0
164237,1,0,1,0
8313,67,19,59,65
4725,17751,16312,10874,8320
200403,7,2,4,2
90075,94,43,86,85
167127,41,112,0,135
157638,782,600,864,1058
753,563,60,1903,244
146212,13,2,13,5
9122,1792,1713,873,3426
3575,838,21,144,170
29100,3632,5067,1037,1625
53353,6,12,0,55
128488,17,3,6,0
10768,1835,1721,10224,3900
134218,702,259,927,671
11142,2748,2266,2302,1814
255743,326,1513,159,1660
140834,10,1,1,0
101927242,10,1,1,0
766,1,0,0,0
51252,11,2,7,1
64591,1,0,0,0
54910,771,62,1231,266
26505,477,355,1023,418
2948,1535,2732,2033,1630
54790,318,137,655,240
80319,19,23,185,24
79867,724,315,908,514
6474,7,0,3,9
9677,325,74,881,393
10098,231,207,285,189
116236,451,229,1240,524
9925,346,298,348,434
54921,2008,3703,1601,2415
161823,123,198,377,357
9836,155,107,833,283
6645,361,143,806,610
3592,11,0,9,3
22847,259,145,400,187
53407,1078,1005,1077,1121
27065,281,221,5,129
166793,89,31,199,82
85476,883,552,799,1314
392309,0,1,1,0
3354,0,0,1,0
56884,6,5,0,0
55308,612,498,1562,910
84913,81,276,471,274
8403,0,0,0,0
54851,296,125,220,224
6439,28,20,12,43
10713,809,435,1265,825
79155,1170,455,798,1220
388969,572,1088,784,736
129303,1036,1280,1450,1423
51255,7877,9635,2038,2909
10791,5072,3990,2132,1164
10917,4,11,5,3
123355,451,1389,632,867
4144,4656,7053,6303,10131
255189,5,991,173,842
375704,27,14,3,7
57507,794,129,467,176
80723,538,21,116,65
3635,720,51,573,99
3954,712,894,1341,1063
1504,260,0,0,1
440387,7,5,4,2
57093,0,0,0,0
92305,1914,1243,3874,1553
5480,1954,598,1121,725
10251,68,19,106,50
153241,333,196,447,238
29091,188,165,99,65
79853,2,1,6,0
56947,1878,1717,2215,1506
2915,1,1,3,0
3965,2964,88,1672,370
654346,2964,88,1672,370
8681,189,53,1196,152
10815,59,33,98,40
221749,1916,325,1178,638
27036,277,16,104,18
23620,1,0,0,0
1876,378,276,390,234
10116,863,374,1686,786
54951,572,925,280,884
521,37415,36150,13744,14969
7386,7228,9999,2704,4967
84179,629,160,1223,150
1285,106,657,614,591
5604,1045,305,2885,910
5650,1,151,1,162
5370,0,1,1,0
3187,8035,1314,13721,4660
3667,530,620,2897,243
4204,1084,677,1680,762
51481,1,1,5,3
65110,690,1093,4074,777
79740,5,4,0,5
345651,21,0,0,0
4920,228,38,789,15
367,742,281,187,323
207063,3726,1261,1877,1183
254778,233,67,85,56
79663,658,86,138,154
8623,1269,1214,777,1133
293,68588,17499,20267,20277
113189,1026,87,1432,170
25849,601,2125,782,3380
53944,375,456,226,216
90362,280,127,56,253
55130,26,8,10,6
84632,269,105,239,440
6940,410,103,895,231
22809,1204,777,1006,561
7336,945,410,1497,933
137362,0,0,1,0
23099,150,64,484,200
139629,0,0,0,0
126129,287,34,61,33
255738,7,1,0,5
23214,2597,1328,1708,668
146395,12,50,20,14
4330,68,5,706,18
27301,1426,470,715,597
197370,5132,6907,1534,1773
90693,135,38,191,125
3596,1,0,2,3
26533,0,0,0,0
5865,20,35,25,63
343169,0,0,0,0
10421,4390,3241,2101,1684
284654,4,4,42,1
10636,2193,415,2924,1049
26000,1532,587,1190,560
10960,17945,7941,10334,3798
148823,10,3,9,3
53917,4502,1881,2086,1389
27166,13747,3950,2611,3628
7059,1466,1095,1282,447
11238,290,104,685,227
55974,1300,1250,1207,911
1942,4348,1304,1090,3217
3627,230,18,150,53
79628,14,2,52,4
6373,31,0,27,6
8233,483,226,732,360
51068,915,463,707,650
154,81,21,78,43
8706,722,309,381,713
114787,176,6,24,10
282890,0,1,0,0
8988,1,6,3,3
7881,170,39,155,81
65008,791,1815,240,468
126669,249,98,193,95
190,1,0,0,0
55276,380,80,741,394
202374,59,261,1,178
11141,1,0,1,3
64805,21,2,57,14
150248,5,2,6,3
390445,0,0,0,0
23251,41,3,32,11
204474,4,2,18,1
7369,365,173597,251,224231
2813,0,150,12,541
9197,1199,472,947,952
10073,585,557,786,560
8738,899,322,1090,609
25942,718,257,2228,697
200894,111,19,125,78
6036,58,0,11,2
64100,0,2,630,0
6037,2,0,9,0
5747,1789,802,3381,1455
222967,2,1,3,1
728194,2,1,3,1
5724,770,65,294,76
5780,846,300,1261,743
6039,1327,125,371,255
4881,674,523,645,625
51305,276,1,3,2
3576,22,2,27,17
6335,86,79,40,160
166824,543,67,143,202
169044,130,10,16,13
6383,3970,1072,7885,2035
1043,2366,237,321,157
93380,1038,646,745,669
6699,0,0,0,0
6698,0,0,0,0
122740,0,0,0,0
81127,0,0,0,0
83877,1378,1148,2614,1816
203100,187,1,37,9
59339,783,544,3412,639
25932,5512,3331,4084,6413
151258,58,21,853,130
1880,209,16,168,90
54544,0,0,0,0
83987,138,288,1589,377
196074,372,251,534,332
129025,1,0,0,0
143662,1,211,1,310
54967,10,1,17,4
9839,1503,577,1599,360
2705,1411,4324,345,3328
5093,4593,265,10235,4981
3094,62802,18855,6738,9910
285605,100,60,267,198
7441,0,0,0,0
9022,204,23,22,29
283899,2131,689,2846,1259
646,12,1,1,5
1677,125,123,160,110
27247,1123,1336,461,744
84168,3581,170,1057,330
56287,0,0,1,0
150468,30,1,15,5
123207,546,1191,539,668
83640,726,553,768,447
10887,2,0,8,0
200558,90,35,158,51
552900,6451,3472,1025,1055
654483,6451,3472,1025,1055
727851,25,4,114,30
23119,119,26,310,98
7798,651,400,1581,649
284004,1155,872,1393,485
1816,1,0,1,1
699,73,1,183,12
83985,2276,1421,1284,631
201255,410,420,549,269
1138,27,3,14,12
4490,0,1,0,0
201254,2405,1918,985,856
10555,2718,2915,1022,1311
79058,1157,4366,653,881
2815,6,3,4,0
2194,777,262,1701,392
7555,8559,5059,4611,6177
4493,1856,48754,1500,15932
140625,0,0,0,0
64118,3299,4108,1713,1983
2873,6243,22767,1684,3773
5986,1721,1539,1246,949
51181,3879,95984,1411,13453
7580,1843,1471,1310,722
9079,496,157,2439,331
5881,56,485,71,181
145957,33,68,79,26
3987,967,192,3408,763
123591,28,78,221,81
22871,402,64,263,80
202018,348,450,1637,882
7360,2588,2139,1978,2841
50834,0,0,1,0
84894,365,43,238,48
159163,0,3,0,0
378951,0,3,0,0
3185,3211,881,5567,2505
686,1522,2455,271,1225
55454,363,35,552,240
6870,0,1,0,15
219409,0,0,0,0
5099,187,30,112,46
6091,337,52,809,151
3175,16,2,4,0
57099,409,211,137,170
5028,131,28,156,25
1501,17,4,147,11
81844,1668,561,2890,1012
140453,1,7,0,1
51327,4,0,1,0
7480,19,3,14,0
163688,4,5,6,2
9185,874,366,149,286
4584,2195,34,322,42
94056,2142,1242,1691,1418
3684,841,39,405,149
260434,0,4,19,3
8460,539,142,1020,309
7104,35,14,14,20
163590,1196,1312,1013,970
795,0,0,2,0
4071,1982,1705,954,951
23252,175,211,965,415
161725,19,46,426,107
2990,4564,1568,3409,1802
8019,193,106,434,369
51621,1269,2217,1846,1887
9758,4,0,0,3
23414,93,6,57,46
92595,232,101,297,133
159119,16,11,0,0
65988,417,299,662,325
79724,1087,714,2024,730
83756,15,8,40,8
131616,530,362,351,270
10746,595,263,2638,607
126789,494,454,273,175
83443,5294,9990,1139,3160
7584,57,34,69,23
201798,14,4,16,10
126917,856,170,657,267
57555,820,65,2285,269
4648,228,1417,37,876
1107,2270,939,2166,1644
201799,50,15,76,17
25924,10,9,463,57
214,1356,1250,578,863
7532,6462,1410,6858,2312
10477,1569,816,2078,1279
116840,760,303,1465,468
58485,4184,2001,1851,1604
131368,9,1,0,4
9196,52,9,116,23
327657,2,0,95,0
285596,310,19,1486,15
9283,14,8,17,4
375484,321,65,299,85
201931,435,611,1812,1905
51617,4,4,3,4
442590,20,5,28,10
866,349,1360,656,1627
197320,349,503,247,330
123606,336,220,1552,657
2298,28,13,11,17
2848,7,0,0,0
7324,1915,665,910,1011
220988,5510,4546,6675,3654
23235,755,592,5375,1453
57484,123,291,64,385
9720,58,18,63,37
728673,245,49,8,98
245806,0,0,0,0
3233,160,113,441,241
1140,473,80,1035,361
3238,1,0,0,0
2993,0,26,8,50
84640,330,331,550,563
9121,237,244,244,354
140838,193,108,216,120
255239,37,4,24,9
147,223,8,168,59
56985,319,156,240,146
2172,4981,25,911,7
114825,871,157,673,194
373509,1,0,2,3
55031,1357,608,2284,1231
10015,1764,698,3486,2404
259249,0,0,0,0
124906949,0,0,0,0
7988,415,284,421,267
56246,1,0,0,0
84140,67,46,119,80
8427,727,303,964,387
2720,2478,1484,1872,2337
84520,324,235,176,147
10826,595,670,3050,1060
10491,9437,3767,7971,5525
3316,931,278,168,204
202865,0,0,0,0
54714,5,0,10,0
6588,346,1,6,2
23587,1267,740,1309,847
152189,140,53,69,147
11337,22438,34831,11019,10863
284194,1,1,7,5
9482,1509,2427,1022,1118
983,258,24,32,42
7314,43945,101550,22300,41549
4798,481,527,1316,432
2167,11,130,78,121
143162,36,12,174,54
56980,84,26,288,58
10678,440,283,685,534
2353,4701,1701,2366,855
10972,4679,3386,12302,5992
401428,21,0,132,10
6419,405,372,207,274
4086,121,9,562,138
1473,4,20,1,11
1470,108,1,4,1
2018,650,851,2709,1448
1469,145,2,1,1
121340,52,0,6,1
285966,505,41,475,67
9723,3,3,51,19
10446,74,148,1344,202
7779,793,631,809,810
166614,126,48,1139,111
91752,6,1,5,10
55890,5210,8346,2137,3795
130827,83,19,309,108
222008,0,1,1,1
3856,28911,6707,10611,5638
196374,0,0,0,0
136,101,3,158,27
121214,3,0,3,0
4255,2586,4545,660,1604
196410,4848,3133,42,1831
3892,21,20,56,7
3035,3663,1078,2043,1455
152518,125,56,150,96
9119,0,0,1,0
160518,469,202,563,437
929,10916,1616,1996,703
202052,1115,409,244,152
286887,0,0,0,0
79697,255,128,374,185
202051,554,514,130,303
57148,1023,298,1614,874
84305,1460,730,625,593
51237,181,50,115,74
3851,4,2,0,0
9963,667,1131,69,3108
121391,1,0,0,0
4862,435,100,464,392
140807,3,2,28,0
3814,2,20,2,2
164832,43,30,737,119
53343,902,707,1408,1845
345275,5,11,5,8
5036,3648,1230,3487,1817
170712,0,1,0,1
79071,286,316,452,217
3889,0,0,0,1
5209,2852,127,52994,831
79905,28,5,32,7
23204,2754,1143,5899,2745
5272,253,47,1042,134
57228,1348,323,70,213
79192,5,52,3,163
1000,542,591,3652,718
153572,28,75,33,182
133418,494,40,160,89
10736,90,9,52,10
9229,36,27,9,16
6773,3328,990,3510,1245
134492,1531,268,1435,807
26145,529,193,1128,444
441639,0,0,0,0
3308,6107,5554,895,2361
3171,6,26,50,9
153745,0,0,0,0
375611,1,0,10,2
28991,1378,863,652,551
6444,138,44,920,47
121355,36,2,6,6
7564,362,158,293,268
83787,267,140,527,320
80196,670,197,635,325
98,560,645,543,377
80305,1871,838,1299,698
11016,897,392,1057,515
100271927,461,1248,359,783
9306,395,185,631,413
347273,15,0,12,1
26496,0,0,0,0
162979,43,42,140,29
3219,52,231,394,278
284076,350,102,212,128
5429,221,54,466,137
143425,413,70,786,77
3790,696,90,223,193
27288,2,0,2,0
3799,1637,1058,1950,1626
2861,6,3,3,8
11214,2587,771,2598,1490
89882,0,0,0,0
55038,248,49,202,57
283297,1,0,0,0
195814,0,0,1,2
143241,1,1,0,0
341276,1,0,0,0
79145,1783,813,1138,958
94031,646,60,752,54
3344,157,41,257,126
442721,1,0,0,0
8419,10,18,11,10
2492,2,0,2,0
1057,4,31,4,9
84669,930,520,739,477
1056,22,109,9,198
8493,313,82,605,156
2850,31,28,29,63
93622,371,430,364,349
5675,0,0,1,0
25948,1240,245,792,491
84864,737,356,161,507
51499,1811,654,546,476
79166,0,0,0,0
27258,2996,5322,700,2712
9778,614,562,2086,1197
9788,953,957,2260,989
79188,2097,417,1999,842
11236,825,304,580,568
6203,2004,2704,1153,581
5319,240,29,0,33
54360,178,8,16,9
79042,863,628,309,169
7200,0,0,0,0
2941,659,320,965,590
84437,341,167,639,335
4696,376,802,296,384
126014,49,0,44,4
85315,372,100,171,163
11162,192,832,270,393
390883,1,0,0,0
26115,736,106,2745,232
390882,0,0,0,0
56156,0,0,7,0
5314,178,756,175,2248
125963,0,0,0,0
392517,0,1,2,0
120526,108,45,173,90
85509,0,0,0,0
90338,416,104,1448,341
5232,0,0,0,0
219858,0,0,0,0
55786,339,93,514,141
112464,6877,436,3248,372
1084,4,4,10,2
341019,35,16,4,44
3037,39,6,2,3
80310,489,71,1590,219
10761,1,0,4,0
414301,1,0,3,0
83655,0,0,0,0
1901,483,64,1793,333
90161,9,224,5,483
219875,0,0,0,0
26108,70,24,300,33
80131,275,27,282,18
5569,22,53,1673,59
286046,27,17,82,29
203062,393,66,2345,291
2358,17,0,43,12
2357,631,65,425,78
160065,0,1,0,0
347468,0,0,0,0
9637,862,532,1214,667
83595,162,17,179,43
203076,0,2,1,0
53838,1427,655,684,401
238,5,1,10,0
883,440,462,547,440
4534,167,88,385,337
29989,2,0,1,0
55006,364,266,238,390
3643,4718,3171,6644,2882
55669,625,175,998,530
155038,460,152,529,365
100506164,16,0,68,21
4902,67,54,168,96
27094,159,75,20,48
2525,23,424,20,486
170850,1,5,0,8
155066,2442,3823,1619,3596
5581,144,164,464,367
26248,0,0,0,0
84522,1418,1358,488,1076
117579,0,0,1,0
10474,3081,3145,1339,1465
9655,381,160,555,311
29071,1471,408,622,618
79095,1947,1700,607,657
118812,1088,1259,525,389
79894,1009,774,1781,762
55657,1056,420,1457,343
203245,284,243,203,163
64080,1555,1272,381,955
26245,0,0,0,0
2897,2,13,4,6
4589,0,0,0,0
58503,0,0,0,0
10879,0,0,0,0
84233,1190,866,224,491
55863,1014,657,1069,692
81603,1354,720,5554,1947
81831,1752,41,489,31
1448,0,0,0,0
49861,0,5,5,9
55561,139,50,597,191
51282,3993,8540,1598,2084
3726,4967,1044,3891,1373
219738,621,132,593,189
140738,8088,8954,13928,5388
7364,2494,25573,6049,32873
116844,300,41,12,49
79801,96,65,24,64
25928,3,81,1,402
4884,8,2,7,24
283742,650,383,908,631
90594,172,64,300,124
126070,129,52,347,141
2548,6592,1958,8519,1335
124583,1289,606,1493,508
3777,511,59,4671,69
84287,1337,851,898,872
50515,1342,67,713,122
51013,1537,743,378,509
5223,25896,7060,33927,7556
55636,225,83,903,379
157570,17,9,18,6
3880,49988,2106,5886,1742
3866,342,23,3,9
541468,74,108,116,101
8687,1,0,0,0
1184,528,2666,2732,4731
11076,38,350,5109,376
3752,88,38,11,56
8862,2871,78,7855,200
84616,0,0,0,0
3860,1,179,0,0
170626,23,15,3,8
3857,0,1,2,0
170627,2,2,1,0
27115,81,127,126,266
64979,2995,840,461,701
51545,1832,951,350,244
9,82,42,57,211
54474,1,0,10,0
392465,190,673,5,212
283455,4,20,185,101
147807,986,735,494,276
4163,388,81,1000,174
342574,2,2,0,0
57684,136,66,186,141
8941,0,0,2,0
92126,227,167,24,127
9533,888,634,1024,828
171023,1299,819,1970,957
392390,0,0,0,0
65989,48,2,78,7
54811,396,320,1103,359
24149,305,199,997,269
93134,631,234,2382,843
147179,1032,361,2927,707
84525,584,69,75,89
729201,0,0,0,0
26735,0,0,0,0
126206,0,0,0,0
84230,380,56,288,102
389852,2,7,7,2
26156,3166,1062,4121,2711
55144,595,286,399,690
133558,1,0,47,2
138881,1,0,0,1
5481,510,540,469,755
138882,0,0,0,0
255631,27,4,50,20
2110,651,543,1065,1327
138883,1,0,0,0
59350,119,20,18,52
23566,2,3,4,5
5734,246,196,842,243
6902,7903,3471,2394,2999
4761,12,35,3,5
4135,177,166,563,254
23440,0,0,2,0
9427,8,173,6,69
598,9480,3107,4726,4079
2266,44760,39,90,130
2243,19003,58,83,158
341152,0,0,0,0
2244,53429,1854,104,6909
5356,920,1270,1094,731
201514,302,128,464,207
1826,0,1,13,1
64446,3,0,3,1
10316,124,23,70,30
22883,5000,2548,7311,2651
51523,4818,2645,3632,1771
10782,295,154,1036,482
5293,314,246,1084,214
171558,22,1,5,3
84275,158,382,445,924
8507,1136,115,511,126
80176,635,54,6561,532
5031,522,89,30,179
2186,810,229,1751,556
170591,7,0,10,5
284307,51,27,391,119
27197,64,8,73,18
2857,479,21,356,191
220070,10,51,14,11
57449,461,52,2924,173
55729,983,321,1450,458
198437,4,0,9,1
10287,660,34,287,56
6919,993,1990,1211,1160
1673,0,0,0,0
100289462,0,0,0,0
203859,72,170,372,195
102723370,72,170,372,195
8841,2855,1114,2479,1093
284680,0,1,6,2
10243,234,1842,465,747
57687,22,14,6,76
55092,1060,532,1248,631
23261,1584,1737,1246,1521
3960,35,25,9,77
151827,106,39,19,48
5053,50,2212,4792,24754
79029,200,112,310,109
2628,1904,26701,9809,51993
93426,45,19,6,3
115861,1,3,15,3
115727,101,3,74,22
4807,13,0,4,1
200172,28,8,67,21
596,386,406,1249,521
83695,853,113,616,231
1503,493,224,1241,1152
8433,1,0,0,0
85442,798,29,1068,90
83889,1,0,9,0
92342,200,123,113,98
54777,144,116,125,92
1296,301,5,35,18
170394,309,171,481,181
29930,17,29,24,13
163255,66,101,225,159
10218,1,3,7,8
144699,200,66,459,118
5394,1030,686,1291,887
148268,56,59,346,87
4815,231,7,34,5
4300,287,162,465,336
55138,68,3,41,11
6241,494,13,43,53
51112,1484,1898,1338,739
3456,2,0,0,0
6227,202625,65750,22843,22086
719,1027,44,545,160
55178,517,795,544,548
5728,115,69,181,58
6201,35481,28649,7491,12903
23627,782,3,11,2
246243,214,114,317,199
5621,3287,3852,4183,6364
128209,1,1,4,1
146,31,3,15,5
84978,10,2,0,7
361,15,25,73,78
57834,580,1107,11,26
83660,994,2079,3329,3999
654346,3,0,5,2
124907928,3,0,5,2
51030,530,244,595,483
10517,17,11,1,6
26532,0,0,0,0
7764,317,27,748,452
26538,0,0,0,0
653464,205,90,251,352
390054,0,0,0,0
7857,117,2,36,3
91647,634,1336,522,306
126410,5,1,5,0
27023,8,10,1,0
10465,1139,500,404,358
83450,429,480,255,344
126295,160,95,104,166
149840,331,155,119,102
143501,0,0,0,0
221037,800,216,810,430
92483,3,0,10,2
11346,22762,1302,6721,1577
80032,24,6,94,7
4118,66,14483,20,3303
115196,127,64,195,90
83452,165,97,346,137
7064,977,514,1151,415
5068,4,0,0,0
2596,91,0,0,3
5968,90,0,0,0
253152,47,5,272,7
3913,14301,24945,5336,4538
10869,815,549,1810,1524
5859,5692,9470,2277,3501
94103,2378,5111,1317,2057
8293,23,19,16,13
8462,325,165,1318,450
131578,1430,0,3,7
6606,36,0,23,34
6607,36,0,23,34
9451,309,42,996,270
200523,0,0,0,0
126308,1192,375,2429,355
51315,517,186,610,616
10201,418,308,288,215
54205,4343,2583,6418,4241
926,144,38,131,57
55106,182,20,80,46
794,2,0,0,0
285335,13,3,31,11
8383,0,0,0,0
26189,0,0,0,0
120586,0,0,0,0
353134,0,0,0,0
6356,13,27,1,29
257019,168,633,1423,603
6641,477,122,407,349
27085,40,7,30,25
79736,234,181,287,200
28998,1754,1899,461,810
10892,592,265,1735,432
5617,0,0,1,0
3669,1233,84,626,118
219429,0,0,0,0
154141,27,1,201,38
219417,0,0,0,0
3400,348,194,146,396
119764,0,0,0,0
2845,0,0,0,1
10663,270,8,59,29
1051,849,129,870,407
566,2,1,2,2
7177,199,24,0,54
474,0,0,0,0
10605,2112,1373,1132,1199
64581,262,29,182,51
375444,46,9,12,22
114900,56,65,68,17
257194,395,372,105,409
7690,325,120,513,191
140733,457,44,425,138
1798,1389,431,1511,792
682,45425,51215,34573,16849
25988,549,284,845,419
9085,0,0,0,0
390201,0,0,1,0
253782,522,343,322,466
55304,639,292,231,950
55352,2514,2484,1120,968
112858,865,421,357,307
8708,9,7,17,4
219982,0,0,0,0
160364,162,8,80,11
219981,0,0,0,0
669,958,546,634,955
10248,1781,799,688,620
199857,515,274,520,570
8801,826,5040,1461,4302
80765,254,46,137,53
27254,32,1815,9623,1787
10231,269,565,2466,742
3603,613,97,282,100
64137,17,2,7,8
253175,0,0,0,0
2783,5252,1645,3582,2259
220136,33,74,56,104
390191,1,0,0,0
390190,0,0,0,0
84331,3309,11965,1509,2159
79849,206,673,22,1896
9854,310,247,508,434
219954,0,0,0,2
9915,234,432,1113,663
55970,3117,2134,1655,2864
83886,55,31,158,20
51778,2,10,2,15
171024,719,192,496,386
150353,3,5,2,2
10978,298,186,255,242
10022,4,1,0,1
146779,15,4,22,10
143941,158,4810,56,516
221421,242,117,165,38
150678,5420,8626,1129,1944
54676,1578,260,1339,539
55277,3331,2558,314,706
283189,0,0,0,0
53342,47,25,12,14
219493,0,0,0,0
10690,4,2,42,9
338675,0,0,0,0
9338,609,198,581,387
7572,700,559,1837,947
86614,4,7,0,2
159119,4,7,0,2
79694,132,48,424,190
142684,64,24,40,21
79919,99,3569,38,111
189,63,2236,23,1385
219477,0,0,0,0
390154,0,0,0,0
4299,1275,1226,4231,2097
134526,0,66,1,115
9158,3123,2661,1845,1303
57571,56,10,524,34
284433,0,0,0,0
135644,0,0,0,1
54971,226,355,627,247
5499,8114,8577,3244,3732
3054,1479,519,1355,561
170370,6,1,16,1
1521,566,48,213,42
348938,6,0,7,4
118430,0,3,0,3
54221,38,3,0,0
408263,1,1,5,10
5139,524,159,442,321
10125,192,95,413,171
89857,244,31,373,59
118487,1922,2132,769,1118
122704,4435,7756,1368,1844
10924,2048,724,968,1396
27289,103,36,32,41
5883,560,534,1642,416
30008,5176,1942,3598,896
121275,2,0,9,1
729092,116,30,193,73
253725,1411,887,3025,1436
387680,1411,887,3025,1436
80194,2353,1842,2052,907
64393,1207,187,1179,322
93550,123,62,192,76
387357,21,1,9,2
4342,0,0,0,0
341116,5,24,4,15
91607,860,32,873,138
161142,11,4,4,1
6363,65,86,5,344
57175,2668,1070,4001,2066
84750,85,101,199,113
55222,380,156,370,114
80198,1239,382,1044,554
29942,5,6,1,4
221468,24,25,18,15
390199,0,0,0,0
169270,41,43,413,119
256076,4,0,2,1
1072,28388,6693,14195,7322
23023,4668,69,1785,525
79612,143,59,336,139
441608,0,0,0,0
90288,79,95,37,97
81341,0,0,0,0
80011,2428,869,986,1068
339122,360,377,734,487
283985,143,68,11,86
55871,1716,4519,571,1240
3222,15,7,95,3
326624,293,182,141,198
167227,1068,470,412,487
254122,18,6,2413,26
6169,191472,66768,21107,25333
9420,68,17,289,53
5017,65,109,6,178
5916,516,47,341,93
283848,1321,133,3472,143
23491,660,769,12920,1083
54961,796,407,774,360
8824,7124,7905,6707,8549
57546,136,306,321,439
6670,595,164,1923,648
57819,233,177,90,64
3849,3,4,92,2
1657,889,643,750,908
254042,132,118,334,141
285268,348,108,370,305
51162,3389,2736,1532,959
55191,4050,1774,8321,1330
1717,636,320,3114,663
206338,7,1,6,1
26960,239,158,432,185
84153,8534,11398,1607,2385
26579,3129,10,9,4
338692,803,301,593,197
116535,100,227,16,260
4615,1224,185,824,557
116512,0,0,0,0
9943,934,465,1113,1032
9390,9,559,6,834
23133,323,113,1371,373
253558,435,435,509,579
130,237,2579,5,2893
541471,3518,261,431,92
150165,8,0,2,0
100288801,0,2,0,7
10524,949,1949,1831,786
344558,395,159,2345,95
727936,131,9,14,12
60495,2,10,26,14
79877,1051,310,1447,644
10777,2,7,200,27
93624,397,322,777,607
257236,57,44,28,64
156,1544,426,2686,771
5970,1619,1035,2552,690
132884,75,30,455,160
340252,139,43,396,108
283450,1436,952,994,669
55731,386,188,878,251
54796,585,575,73,497
50514,20,2,36,6
339403,1,2,2,1
10855,290,33,37,54
27235,255,165,169,153
160762,0,0,0,1
3310,470,37,213,67
51504,18284,8311,4321,5020
54674,33,7,13,10
22992,1278,373,4163,949
142827,2,5,10,4
203054,484,347,528,175
78988,3245,4283,1604,2239
64318,243,68,642,198
2101,2476,1073,2555,2630
29984,1082,793,30,89
80070,11,0,18,0
150684,1486,2593,956,948
65059,272,70,346,205
4580,3270,4255,1613,1396
111,1213,160,7925,472
54625,2561,345,1095,752
10800,72,13,55,42
165631,135,24,251,41
1163,1665,1141,1293,662
225,18,6,5,23
22885,5591,693,2733,859
126868,6,7,161,26
91749,159,87,163,233
81839,421,143,940,312
2745,8026,2423,6433,12834
9657,458,107,295,252
91683,731,8,17,18
2804,4434,2110,2785,3251
254439,2583,59,1,8
340654,4,1,6,11
134391,1,0,0,0
10655,2,411,1,364
158399,17,20,22,52
153770,53,12,3,7
144195,12,4,9,16
56834,1215,664,1867,601
6623,468,963,323,333
79812,1390,391,1350,526
653784,10279,4558,2935,1223
8658,452,207,849,501
203523,239,82,356,99
49854,271,80,306,182
79660,789,288,7678,339
391109,0,0,0,0
286042,167,74,210,68
344561,0,0,0,0
56977,113,16,628,99
4296,2513,1904,2234,1241
10221,575,394,389,297
128822,0,8,0,3
10089,4,4,13,16
84826,0,0,0,0
713,38189,1166,6099,1181
712,23240,2101,3808,1166
79625,37,71,10,283
132141,41,55,6,22
4973,300,309,85,449
256710,13,12,25,8
1605,1339,1057,2261,1648
3642,0,0,0,1
1600,2,3,35,12
64801,565,286,446,453
51126,3096,1081,1435,1591
339834,46,1,15,2
122665,0,0,0,0
6288,13603,91,19,26
440574,5538,9135,2228,3609
254102,998,126,1114,505
83591,262,107,162,132
256130,2,2,0,0
79102,1385,859,1458,830
26472,4135,1382,1573,600
122651,2,0,0,0
10534,2216,3492,483,608
155465,0,18,0,8
6599,1046,1063,1260,1359
147687,153,102,179,118
5797,4244,648,4074,1894
2286,10346,15419,4613,4404
4049,0,0,1,0
7423,3914,3120,4402,1966
79834,769,161,1326,437
8793,293,141,977,390
4485,1161,5506,909,2136
8794,107,95,92,55
29925,818,318,639,703
92597,370,647,2166,825
90441,1666,1135,885,828
1464,2873,162,3103,266
257364,1575,653,1860,616
339778,15,15,250,13
64859,1524,258,339,428
165082,55,20,27,10
126204,0,1,0,0
1106,1222,1107,4018,1394
2829,90,3,20,60
29903,410,957,807,713
10803,1,0,0,4
51134,134,27,205,161
27284,25,23,65,46
11163,2106,3145,1563,3279
5091,1540,4397,79,3739
10941,0,2,0,172
286205,165,103,170,106
222545,0,41,0,23
64802,216,560,374,276
78999,497,42,102,99
100128327,38,15,51,26
403314,0,0,1,0
6573,528,555,1045,444
27129,84,112,489,145
9986,658,179,380,232
7388,4598,8214,5671,6050
80835,3,2,9,3
390992,0,0,0,0
1964,1919,1062,2819,2182
124905557,1919,1062,2819,2182
100310812,7,2,18,6
26737,0,0,0,0
256643,266,91,352,188
5707,2507,4011,1657,1830
10149,234,8,31,16
130560,0,0,0,0
56667,369,216,6,2882
26032,7,12,22,60
57493,1339,220,1009,851
124857,2,4,7,6
79703,352,644,293,298
9804,7485,4276,6512,4629
200159,7,0,1,6
3267,1242,279,1428,831
6777,1254,399,3010,1307
924,225,5,99,18
375337,0,1,0,1
1267,1783,1748,2193,1877
3728,2737,2998,2671,4262
9001,13,5,511,43
91646,2,14,10,8
100874114,7,14,8,23
10209,34609,17688,11761,10836
284131,747,525,956,387
57674,5370,1145,6938,1952
220359,18,26,12,61
81033,92,1284,44,661
162333,25,217,38,73
1263,403,43,194,45
10276,964,953,1937,2738
23333,920,75,859,150
162466,38,6,39,12
163049,922,240,539,251
80012,568,227,1376,676
26996,880,788,521,1081
84733,69,34,27,51
6712,57,452,127,1134
27333,1166,311,1531,1066
162605,0,0,0,0
83759,624,225,796,336
84833,11855,9758,3607,5044
3212,968,231,1224,596
114897,1022,138,341,313
115123,108,16,343,41
126074,313,182,189,120
353189,1399,639,1187,1641
5936,2889,5095,2584,2447
128344,372,409,756,251
152002,505,77,742,137
165324,179,88,382,216
84839,4,4,2,0
220416,2,0,1,1
8557,20,40,27,53
9973,3481,5677,2380,1650
375387,149,6,130,40
84984,75,32,47,55
80311,96,47,131,186
200933,398,91,167,117
220082,0,7,0,5
169966,0,0,0,0
2787,2924,2406,1098,1848
253512,309,755,1214,961
138724,25,1,12,7
947,3383,954,3539,1629
8722,4547,4350,2888,2883
253827,655,128,307,280
23592,447,183,757,349
283951,612,291,386,290
81793,22,3,24,3
7096,169,32,178,46
10333,66,7,52,15
345757,1179,481,1187,513
285704,178,47,352,98
152877,43,14,38,37
57495,0,0,0,0
284613,422,269,694,292
2940,0,1,0,0
254359,1727,628,994,547
54931,590,596,152,382
6403,194,185,23,221
348180,319,405,211,184
23269,326,202,888,461
144577,221,98,297,171
392509,3,0,19,0
169166,1,0,20,8
54872,1195,855,1006,611
10594,5022,4053,1775,1782
112,1418,364,2615,1024
387849,25,6,18,7
5306,1276,805,3638,1181
9416,3578,774,7354,1779
7634,0,0,6,3
741,750,886,262,346
344191,0,0,0,0
57659,1660,1308,3790,1299
8711,259,143,1009,263
23051,937,1477,2512,1472
23612,3292,262,1203,298
162515,50,54,30,66
201232,219,61,123,333
148979,211,107,1119,168
134083,0,0,0,0
55584,2,0,0,0
127435,978,38,125,46
340024,36,16022,254,15285
128439,996,944,257,242
219833,256,8,419,59
9156,25,3,20,3
253959,282,153,692,334
3981,130,56,302,206
128826,2,1,0,0
7201,0,0,1,1
389524,946,466,1362,524
137735,0,1,4,4
488,2900,541,5148,1841
55055,114,40,71,70
6124,75318,110147,23033,31368
10302,908,603,871,632
147323,2,1,1,1
283685,83,0,0,0
402117,0,0,5,0
400073,799,355,612,335
170261,8,0,3,1
26047,4,2,8,7
442117,2,2,1,3
158038,1,19,0,24
582,900,598,1988,1161
10260,543,83,659,328
9543,16,13,8,10
257144,28,2,5,23
400986,24,14,79,33
115019,49,837,4,686
148808,95,785,1305,1367
246330,518,325,636,212
148014,8,7,3,6
283446,22,3,14,22
388730,93,86,63,96
65003,3020,2233,879,841
55554,1,8,0,8
53833,5176,14,25,21
127845,168,487,71,311
79647,347,309,728,757
266743,4,0,3,0
55167,548,141,608,321
162968,102,47,197,62
133022,65,77,121,86
1240,962,186,244,262
90806,382,183,980,457
7368,249,246,165,652
339855,5,23,88,14
124152,380,142,381,267
6578,954,452,239,1120
10781,336,254,1426,264
125958,0,0,0,0
3177,59,255,498,221
9024,8,19,28,45
11041,2097,2113,3176,1622
153339,3671,1284,2139,1350
3952,1,1,4,2
285590,523,184,2678,113
55196,695,233,384,342
51574,869,616,774,832
143282,81,54,187,37
9975,630,356,586,449
140886,21,4,103,5
25855,3035,3599,1038,1099
6138,63083,20998,11352,19632
132720,234,49,305,168
3265,981,906,425,310
151790,0,3,0,7
6731,1640,1035,2100,1099
126006,64,177,74,122
9610,578,34,109,25
152816,70,0,32,19
152815,152,62,361,115
9662,77,40,309,166
8322,2518,1389,2526,2277
57124,2539,326,997,137
685,90,55,293,104
5174,6313,14538,8194,23513
2015,94,3,68,6
201627,270,240,482,268
201626,233,370,1020,403
106144532,233,370,1020,403
11146,110,72,152,56
201625,3,2,6,10
10897,4326,4406,1170,1433
254263,7,3,61,4
277,3,0,2,2
124905666,3,0,2,2
124905668,3,0,2,2
128966568,3,0,2,2
128966570,3,0,2,2
171389,21,17,32,143
126328,17762,23260,2936,5254
51319,422,167,417,419
257062,0,0,0,0
81876,5772,2695,6008,4001
390174,0,0,0,0
81490,267,84,549,268
125988,12397,10833,3054,3076
285315,164,184,52,236
219482,0,0,0,0
26470,1150,266,328,107
253982,578,101,25,30
253980,423,39,995,179
9934,38,15,13,43
155185,67,11,364,4
29909,19,1,11,4
344758,0,0,0,0
388611,9,7,0,8
2523,68,35,82,61
170506,181,10,386,334
282775,0,0,0,0
84107,2,0,0,0
282770,0,0,0,0
219431,0,0,0,0
26259,206,73,340,176
763,12,7,205,7
653808,2,4,1,22
64837,386,121,1560,395
6580,50,196,10,62
387718,0,0,0,0
1488,2000,684,13457,1691
9435,389,83,964,189
79683,262,318,217,241
545,1142,298,190,355
125144,28789,20814,13185,12549
11065,411,8,15,11
147409,0,0,0,0
256356,268,120,350,196
80124,588,246,485,386
132112,0,0,1,0
1674,6,24,6,82
149420,155,108,337,193
92369,19,32,62,25
5897,0,2,0,0
7189,145,72,474,212
55279,346,108,254,160
201158,82,20,159,57
56945,1086,581,469,934
55690,1438,603,2578,690
149708,9,0,0,0
65108,2529,223,1572,257
80851,804,356,897,598
26696,0,0,0,0
200197,129,55,276,127
388403,889,373,1420,753
253559,0,15,4,1
28,275,738,3311,838
5708,6648,3321,5220,4628
22843,17,9,3,20
131408,260,64,302,293
1466,1511,707,9204,1626
3626,5,1,1,2
55486,3808,2945,480,900
1649,1734,987,1138,750
5095,670,4549,1143,4451
123346,1,1,1,1
10540,4461,2263,4160,2568
4878,3,0,5,1
79797,321,270,430,142
10106,2550,1936,6513,2438
9793,890,169,2776,1017
392,2475,587,5889,821
10025,2610,4880,1033,678
9776,2035,1314,2084,1364
89792,1,36,0,41
148345,19,1,5,17
8534,1010,28,301,26
23015,245,76,11714,652
146177,17,10,105,6
9537,2928,156,2850,430
378708,331,648,594,1119
22845,684,619,463,703
254295,252,2192,564,1224
117144,27,7,11,1
9134,20,7,31,10
85007,3074,550,3355,1101
257629,268,1421,20,1553
1474,21,77,2,17
196996,31,33,177,166
162655,115,16,97,26
27257,683,228,883,607
5626,0,0,0,1
91464,0,7,3,3
8815,8380,5365,3251,2579
319,5,4,7,1
1139,46,12,113,22
56674,1710,1223,1445,1301
56675,38,25,24,71
5771,619,300,455,350
57758,82,18,25,29
84285,707,455,497,298
4087,972,481,3178,1391
8665,5439,3122,1147,1654
219749,308,88,993,195
121130,0,0,0,0
285598,653,207,1158,144
1212,6420,5289,2669,2547
5122,4,3,3,19
4023,373,860,671,1057
317671,61,26,80,18
64770,1183,220,705,480
374403,504,42,253,72
9092,3503,2397,1198,876
55844,742,861,1474,851
79772,131,9,691,51
57804,8567,5730,1781,1724
120787,0,0,0,0
126364,354,14,305,69
57628,4,4,6,5
23529,403,72,83,130
254187,1,0,2,2
390212,0,0,1,0
143630,185,25,14,12
50613,1,0,2,0
5406,0,0,0,0
387787,174,157,147,133
10008,1675,593,5849,893
57010,8,30,19,25
144245,316,94,440,217
10589,3542,1633,2772,1448
79836,35,29,226,44
7352,22,10,42,10
7351,3662,196,666,242
83638,1530,1010,1748,713
80227,788,731,935,956
51642,919,799,452,623
5870,2061,962,2919,1395
5029,49,20,29,36
8061,108,7,19,3
2072,108,54,362,90
79783,1404,2031,219,1139
11007,2295,983,882,268
54968,1820,377,3619,609
100128782,100,141,221,103
119765,0,0,0,0
6199,1050,615,1125,603
116028,60,47,29,51
5619,0,0,0,0
146691,616,550,3705,1391
122046,0,0,0,0
100132979,0,0,17,0
58492,80,12,78,41
165829,14,3,8,4
256369,2,1,15,1
126695,61,285,47,240
146712,142,75,124,94
128966610,142,75,124,94
139804,0,0,0,0
22877,765,259,2792,404
7025,440,301,2971,740
54998,6241,13372,2258,3419
158135,49,72,56,67
253314,0,3,1,2
401505,2985,2323,741,2213
400359,6,1,0,0
105370775,6,1,0,0
124900600,6,1,0,0
55508,832,393,563,345
145270,721,10,2679,5
169841,58,11,89,47
8607,1971,1172,518,1008
2810,128,20,10,12
4482,563,6799,338,3922
158506,0,0,0,0
643677,1,0,3,7
23399,3024,1439,2688,1248
2118,41,42,36,36
375757,1288,1722,289,698
202309,185,7,32,50
10458,737,2070,3787,2868
797,1,0,16,0
200407,250,7,305,2
135886,4,1,0,1
3234,334,1023,613,1111
340481,428,124,255,400
54084,4,4,2,4
79666,485,689,369,664
2,50134,55505,11420,10656
379,189,508,591,734
285489,40,31,57,30
57633,3,6,20,31
63893,473,139,1930,337
93129,2072,1087,1395,642
340359,1,0,4,2
285759,1,0,1,0
84747,1124,705,2749,1517
163259,43,17,91,41
400224,13,28,22,152
56676,0,0,0,1
84617,2827,1265,1390,488
116068,375,123,796,243
386724,0,7,27,3
126792,992,652,513,282
79898,69,81,314,118
56673,5,2,2,11
344805,1,1,0,0
26471,15307,2846,73757,5082
9832,49,12,7,57
153364,100,45,240,100
286262,866,1373,875,859
23630,11,3,1,5
257101,169,5,11,15
113829,3591,1633,6462,2168
55057,357,14,5,25
9807,458,655,1427,823
8636,2834,2838,1182,1665
1479,770,247,691,385
7525,622,340,1064,942
79643,1191,879,1025,547
10301,405,215,577,272
100874074,405,215,577,272
402682,167,127,64,45
4161,0,0,2,0
55254,693,110,605,289
55346,273,124,317,116
2877,18,49,14,35
284001,1043,2046,571,559
124535,1,0,0,1
2290,1,5,1,0
8877,594,27,504,29
664,12383,2501,24839,3585
150350,2,0,0,0
339344,171,151,193,143
1149,0,0,0,0
390442,0,0,0,0
219986,0,0,0,0
80059,4,0,31,1
79915,63,20,65,36
114926,710,1598,814,1384
122748,0,0,0,0
342908,33,37,137,55
100505715,33,37,137,55
25914,130,323,305,215
390436,0,0,0,0
126541,0,0,0,0
390058,0,0,0,0
414149,5,7,9,9
122742,0,0,0,0
29882,646,273,1251,794
390433,0,0,0,0
127540,0,0,0,0
339487,1247,962,629,628
441308,0,2,0,0
159371,96,23,36,35
79317,0,0,0,0
7694,83,207,602,130
390429,0,0,0,0
441670,0,0,0,0
283150,0,0,1,0
1351,21175,28934,10991,16529
255061,6,2,28,18
54993,201,467,464,294
285800,13,2,78,4
79369,418,403,1881,180
246184,1579,1885,641,987
3291,728,6586,2032,7589
51379,171,70,269,178
6051,2272,1912,3171,1291
163126,403,288,465,352
63951,104,198,17,225
126272,100,68,232,82
349149,13,84,2,70
9699,17,17,23,9
56888,905,319,3113,1522
84277,671,1153,575,700
283377,603,1390,1250,1321
155382,373,572,538,295
161198,1258,160,1082,226
161176,158,87,187,187
1196,397,111,1210,326
254531,457,117,743,176
28232,705,88,1656,224
284346,51,48,57,38
79446,429,674,188,234
112869,1024,848,600,337
11145,11771,8089,6050,4501
148252,25,63,125,172
390195,0,0,0,0
653583,305,120,515,132
222171,188,216,1,323
2788,550,455,343,642
205717,428,214,126,393
256144,0,0,0,0
256148,0,0,0,0
124817,98,317,56,74
138009,0,0,0,0
390113,0,0,0,0
168975,3,0,2,0
100128398,91,66,282,126
9920,241,251,2844,643
84002,250,105,406,96
80122,1,0,2,1
283598,0,0,0,0
84823,864,167,1699,464
51115,817,1389,800,1153
51320,241,67,486,268
150280,6,0,3,1
220441,1031,3291,784,9871
4642,1247,224,2017,758
2300,265,14,129,14
90655,0,0,0,0
9884,57,29,32,25
2303,208,22,87,58
81099,0,0,0,0
627,60,5,8,7
79635,24,32,166,91
197322,858,1999,700,788
666,1837,2198,852,1284
283933,44,11,69,19
401466,3113,2222,793,881
375189,25,11,14,10
283111,0,0,0,0
158809,0,0,0,0
283110,0,0,0,0
8851,120,2,44,28
284573,2,0,2,2
256536,16,1,144,3
344148,72,48,36,182
286514,0,0,0,0
140596,0,0,0,0
503618,0,0,0,0
124906746,0,0,0,0
80230,2145,645,2428,1111
119678,0,0,0,0
10409,788,121,126,90
55894,1,0,0,1
414325,1,0,0,1
124906744,1,0,0,1
119682,0,0,0,0
374819,481,710,235,367
54621,265,465,389,329
284424,3,0,12,2
10265,294,16,49,54
284207,712,1060,420,364
157769,666,303,1389,605
55884,1571,741,1934,1058
2902,1,0,4,0
6664,188,125,17,12
7298,803,172,751,298
81282,0,0,0,0
5827,700,4422,252,1723
119687,0,0,0,0
170082,95,66,114,80
401665,0,0,0,0
9240,1200,383,1936,1006
56892,566,275,1288,822
284358,34,17,50,12
23141,1838,422,1939,810
733,37,50,12,17
2524,36,14,124,11
119692,0,0,0,0
119694,0,0,0,0
374786,19,31,32,22
51301,97,84,183,116
200958,65,79,64,173
51078,1618,4875,1295,2200
84901,527,147,1736,541
4062,215,1,4,1
387758,541,234,4493,343
23625,2098,470,918,306
6470,2584,7397,13900,13937
29952,7357,11922,4100,2423
166655,0,0,0,0
9632,2256,1251,4938,1908
158521,1,1,0,0
140775,459,301,2458,554
4524,369,950,2493,1272
140596,0,0,0,0
503618,0,0,0,0
124906746,0,0,0,0
147685,29,37,17,18
10522,750,578,1070,585
345778,343,203,728,453
283232,436,528,484,370
147912,277,16,494,225
3467,3,5,10,8
23403,254,109,475,170
54503,331,47,375,148
153129,221,113,232,204
340485,5,0,68,13
84942,787,490,1035,685
5426,523,203,506,224
150368,565,73,267,95
6330,427,64,4441,157
57453,51,47,1666,84
391,2679,712,1062,523
64787,6600,8451,4958,3709
283576,0,0,1,0
100129827,4,10,0,6
196527,2259,513,2873,1470
403341,174,111,168,187
440556,15,1905,7,693
124903827,15,1905,7,693
171483,2,1,1,1
1068,0,0,0,0
125228,320,214,1386,322
403244,0,1,0,0
6888,4283,7725,1810,3314
8408,1095,376,4542,744
127066,0,0,0,0
284716,542,52,2605,62
157807,382,267,8,5
391196,0,0,0,0
6197,859,248,1395,834
374907,118,128,20,52
80324,867,401,717,314
80205,851,415,1291,747
127064,0,0,0,0
171169,0,0,0,0
391195,0,0,0,0
347862,1728,1208,2675,743
404216,2,41,36,18
493829,23,51,40,32
11253,3890,3320,2080,1396
55894,1,0,0,1
414325,1,0,0,1
1673,0,0,0,0
100289462,0,0,0,0
124906748,0,0,0,0
3738,10,4,12,2
8325,286,117,664,285
219770,4,1,8,4
162517,8,1,9,3
53842,74,97,0,17
3737,9,1,1299,10
7156,453,234,684,228
57513,652,428,1034,809
253461,1356,307,1769,1028
139105,2,2,2,5
286122,163,6,17,8
79857,1,1,1,2
64925,398,279,318,326
118461,0,0,13,4
144203,7,1,1,0
221091,61,12,903,24
124871,3,2,10,2
29928,335,349,234,197
3090,415,96,797,102
8541,334,287,519,117
64110,967,727,844,980
89766,0,3,0,7
100049716,360,105,507,145
219285,609,95,323,180
441951,16958,2482,1749,863
148581,0,1,4,9
5074,620,675,542,463
7050,774,288,1022,476
125170,386,367,1556,498
266812,160,115,122,149
167359,28,13,409,13
930,28,6,13,7
203111,102,145,194,214
343172,0,0,0,0
7182,289,62,776,395
2828,525,59,612,65
122970,696,641,209,559
167826,0,0,0,0
284119,7039,1366,5314,1668
81469,0,0,0,0
10425,1050,533,2120,1820
375316,10,0,27,6
10009,455,144,377,216
81470,0,0,0,0
79413,37,5,4,15
51480,0,0,0,0
79191,1297,162,2607,181
51046,0,0,0,1
56475,14,14,0,26
127623,1,0,2,0
79751,409,100,375,229
79874,829,372,1945,585
4808,0,0,0,0
102724659,7,3,11,0
475,16415,17629,2316,5656
148109,2,0,1,0
79718,3552,1132,1895,1154
401474,298,86,171,296
9332,2857,201,2385,846
497661,1355,2056,1941,1860
55367,683,233,784,254
126069,23,5,109,36
6181,101430,112657,12193,18213
83903,6,0,5,0
3725,5431,451,28120,1874
23283,679,219,1029,479
79605,199,43,6720,72
121273,2,4,2,8
2629,4031,7683,3012,1909
255082,61,60,126,94
28976,1871,1278,745,900
23765,659,213,1305,338
57104,2220,1008,2068,1501
619373,8,0,36,4
165100,0,0,0,0
57085,3611,4786,812,1590
283316,3232,60,84,63
222183,233,24,15,17
168451,506,401,618,364
245928,0,0,0,0
283229,1046,181,1631,161
387082,2,0,1,2
139422,3,0,6,3
54943,10,26,21,35
26682,0,0,1,0
254827,166,47,104,104
977,27720,9049,19517,8114
5441,29031,27625,6054,8408
56975,5931,9125,1482,2898
25945,207,123,192,219
83650,6,1,4,1
389289,245,39,382,17
9772,1485,571,4267,998
2314,3927,1947,3947,1858
6666,433,206,1577,301
10949,3098,950,5349,2008
643977,89,31,335,45
648987,89,31,335,45
285525,3,2,7,2
400728,3,1,14,1
58529,30,115,36,99
3766,8,2889,8,1735
66005,4857,3503,4753,2516
56127,190,3,62,3
253639,34,25,69,56
9849,285,92,581,254
8269,430,315,382,256
374969,656,333,377,265
285267,71,41,119,94
387856,46,7,21,7
1176,3764,401,1075,787
2885,1935,1244,3658,1586
360023,214,95,395,243
7334,1817,549,3105,1503
151188,218,13,440,105
30832,72,27,299,65
93661,4,28,0,8
158056,447,118,267,182
113746,0,0,5,0
51272,3091,1211,2255,1618
6232,320743,142538,40231,63685
60626,4086,1718,3985,1993
55272,1998,3251,2806,1840
140461,790,497,1871,1000
389812,18,2,8,3
440836,929,122,781,118
283417,303,131,764,265
286234,1,1,1,5
100874123,11,4,13,3
129852,10,3,11,14
285601,7,0,199,0
388951,0,1,1,0
388886,893,1407,623,868
55929,1643,2479,1407,1174
92949,146,71,10,94
254228,291,126,122,166
3615,5285,5091,1849,2027
259173,624,816,312,1627
4291,381,348,180,256
25915,2822,4987,922,3118
205327,280,248,335,238
54762,158,414,139,670
55620,2615,2924,755,852
170572,0,0,0,1
83983,32,13,70,31
51027,984,1169,772,537
9659,3318,864,21317,2703
124904395,3318,864,21317,2703
1662,759,1171,297,1639
727909,2,0,104,9
728047,2,0,104,9
286187,19,17,2,11
4729,3136,5218,2152,3478
55152,1005,2864,438,898
163071,21,30,8,15
85460,132,96,642,165
205147,4,3,6,3
404203,1,1,0,0
167465,16,2,122,38
254251,96,68,310,128
84552,219,291,193,141
285676,21,3,57,5
25970,1504,329,2989,1186
340152,92,86,97,35
57191,8,6,66,3
143888,934,127,1623,384
5339,5488,935,11527,2053
387694,3,0,2,2
285498,45,193,2046,103
146547,125,66,105,19
125919,49,17,174,61
441151,1,0,6,2
63917,4921,1286,2707,11479
114798,0,3,0,0
388882,0,0,4,0
11180,3485,2013,4230,3783
58531,0,0,0,0
7142,0,0,1,0
10407,0,0,0,0
653423,0,0,0,0
124906741,0,0,0,0
348654,187,75,97,110
360200,19,6,69,5
282679,112,654,58,241
8834,945,846,1184,592
117608,222,59,514,127
26251,4,50,4,17
152573,67,156,3798,592
120775,0,0,1,0
810,3,2228,2,2019
51806,0,0,0,1
90637,1017,1027,420,415
389072,219,89,378,180
7766,65,25,190,106
3350,0,0,1,0
164127,0,0,0,1
84792,399,120,651,233
79962,1286,798,1613,562
63973,0,0,0,0
100653515,9,6,1,3
57673,191,56,84,42
284241,0,0,0,0
221294,808,642,1557,2245
2731,1087,3079,10,3070
84987,7267,10353,1530,3136
157777,25,17,45,28
79861,40,239,0,265
54681,1237,2110,903,1141
114131,9,212,0,50
196403,1054,425,1794,634
55175,4,3,70,27
258,0,0,0,0
404217,77,71,37,52
788,371,395,343,829
767,673,68,2,110
940,65,12,44,7
9852,675,475,996,741
2066,8,255,3,599
4094,2174,2569,7610,2727
56998,596,380,787,522
150681,0,0,0,0
245938,0,0,0,0
768239,0,0,2,0
150677,4,0,0,0
8225,2440,3208,2040,1729
2081,369,162,793,187
2859,107,65,41,44
282966,0,1,5,1
80034,40,131,26,61
349075,36,9,103,26
84875,2202,1953,4892,1893
284254,13,1,13,5
23512,437,191,666,392
63899,127,43,125,105
115207,2217,461,2839,813
200895,226,88,133,274
54913,377,380,903,221
2907,5204,3573,8631,4608
285668,5,10,26,17
7056,662,68,435,134
2814,11,5,5,6
729420,0,0,1,2
104326189,0,0,1,2
9377,2503,4486,3189,3692
415117,7,1,0,1
151176,20,0,13,7
57184,1085,1281,3257,1253
22882,968,241,6655,370
1370,2087,662,7,554
27132,144,31,12,23
389336,13445,10,22,10
124599,34,2,22,1
220032,2,1,223,3
284485,3,55,2,9
4351,1860,1654,5115,1560
646023,501,251,336,324
132243,0,0,0,0
375593,127,76,204,103
378108,127,76,204,103
26873,266,420,2324,912
339456,44,74,12,103
135932,3616,2439,649,2394
54546,149,967,363,2886
124989,48,22,106,50
9242,1118,31,382,35
81575,459,53,1455,224
144347,854,4,582,9
100533183,854,4,582,9
54512,1845,3316,674,811
147991,405,104,810,288
6879,3929,917,4087,1786
285346,9,5,33,14
2304,0,1,1,0
5198,357,93,1281,255
81888,2584,4853,2313,1975
79415,4926,1128,2701,668
284355,0,0,4,1
3963,7,36,0,5
653499,7,36,0,5
79818,119,243,180,295
399668,1059,264,2430,586
2580,1551,2350,1892,1585
51341,405,213,1465,334
7284,12491,11828,6854,7452
127254,6,8,1,8
80010,100,31,104,81
80169,557,196,1527,403
55030,289,262,794,697
284029,126,64,101,95
6415,11071,13754,6433,4004
27335,9905,9613,3306,3589
114932,1477,1094,2122,1591
112574,646,325,721,357
161829,0,0,0,0
9212,156,5,31,6
80834,0,0,0,0
317761,0,0,0,0
93621,7712,5169,8489,7742
285237,298,111,151,183
127707,1669,715,479,1571
84314,566,198,864,311
23212,503,94,375,338
283849,426,201,735,137
205860,7,3,6,1
55920,781,111,660,304
286365,0,0,0,0
283284,122,349,65,169
375759,127,28,33,7
132625,6,6,38,4
220388,72,19,84,31
9288,2,1,0,0
286499,10,3,3,2
54344,3836,6434,2506,2019
374470,1,1,6,5
1537,8342,7659,6288,7115
5187,766,365,10217,3029
3355,12,2,11,3
160335,152,86,589,234
84667,0,0,4,1
2193,3489,1206,3936,1462
144108,336,142,507,336
256815,143,468,132,181
55095,1676,680,1559,634
284034,54,18,91,35
1585,0,0,0,0
168537,342,80,357,271
59344,4,0,4,0
80153,710,469,915,514
285343,441,808,374,690
2517,2810,1317,2382,1993
222659,3,0,5,1
199720,77,17,22,8
343069,0,0,0,0
128218,83,933,247,701
144348,1435,884,4443,2087
284369,0,0,0,0
811,54967,29769,30066,17441
197196,5,7,0,2
9500,9743,2516,2830,2319
100506127,82,91,456,82
143458,221,22,1397,42
1002,22,4,0,4
440087,51,120,5,128
5886,1894,259,2408,984
388939,0,44,0,40
90480,12691,14743,2441,2374
199699,11,0,7,3
256472,4,4,1,1
5781,1147,408,3169,1341
79730,92,86,295,128
203430,3,0,0,0
29057,2138,161,358,434
727866,2138,161,358,434
23302,435,249,1520,324
54734,8,0,8,5
1198,1124,588,3169,954
3119,9,0,3792,151
2624,88,79,185,293
10620,164,44,214,112
203562,11,2,4,2
23241,1396,1181,3227,790
255520,518,603,732,481
1960,55,6,9,12
257044,15,30,15,27
2262,5,246,7,91
64856,3170,823,2627,782
285908,263,74,321,153
165721,0,0,0,0
50628,317,195,1095,247
101060301,0,0,0,0
541472,2,0,25,0
24147,589,48,108,52
100130264,1,1,0,0
100287948,0,0,0,0
54813,96,81,319,120
7681,2,16,3,14
10472,325,336,353,383
135924,0,0,0,0
122525,113,83,214,137
242,68,9,263,16
246213,0,0,2,1
81858,2854,1415,1994,1078
85474,45,23,66,30
144132,405,141,442,202
139065,210,100,12,137
3352,6,1,5,2
79571,575,257,665,421
132228,1,15,2,21
146310,1,0,0,1
4261,745,107,1097,281
161882,106,85,374,111
247,76,1,73,20
201164,107,66,332,149
122876,0,0,0,0
2918,97,10,172,22
23580,481,475,927,707
121129,0,0,0,0
341418,0,0,0,0
100128927,282,198,746,244
144811,316,60,284,139
84232,4053,2480,3386,2723
122664,1,56,3,31
2205,198,29,5,69
388394,0,0,3,1
80117,9,2,0,0
221241,0,0,1,0
341416,0,0,0,0
340390,79,58,72,43
126205,0,3,0,1
91523,412,30,75,62
729614,80,62,287,115
9582,38,2,8,10
342898,0,0,0,0
51268,835,6207,73,7115
2307,498,109,185,32
220202,29,9,11,6
1003,1663,101,2631,416
116135,1,1,0,4
144809,0,0,3,0
117196,0,0,0,0
91663,1421,75,2164,248
117195,1,0,0,0
727957,1020,556,2164,533
9792,491,338,717,283
644997,3,1,0,0
9495,37,38,56,41
284353,1,2,47,1
126326,189,34,241,44
284023,152,36,627,93
163732,330,295,609,264
154664,0,6,3,9
204801,56,7,10,7
84948,194,109,432,92
23042,1065,438,2183,1671
127003,1,9,7,1
7710,188,29,327,116
22864,1166,348,3706,933
10331,1543,48,6,121
55600,12,167,12,110
9378,5,6,0,10
22928,3709,10165,10059,6977
121364,0,0,0,0
151306,37,23,23,29
147808,530,520,345,265
127665,0,1,0,1
55017,2085,1027,1718,1263
1237,3,0,1,1
653073,9,1,37,7
79738,218,80,419,217
84922,373,175,554,227
22827,401,311,1423,822
284297,212,23,68,53
79077,2359,1784,896,565
51333,426,543,201,211
10194,178,206,2235,493
118672,200,144,124,71
122809,267,146,433,233
284273,246,516,1988,980
8387,1,0,0,1
197407,355,213,270,189
284418,0,0,0,0
401097,29,0,2,4
137814,0,0,0,0
284417,71,39,16,139
253650,11,3,57,55
100289137,11,3,57,55
259239,1,0,7,1
255043,176,114,150,46
4994,0,0,0,0
1731,406,175,460,140
54952,808,525,747,475
11336,1651,1353,2636,1841
221400,152,12,202,56
283461,6,0,0,2
122011,0,1,0,1
100132116,145,25,178,65
66004,255,234,1627,626
7054,0,2,0,1
9282,841,196,1798,464
81889,998,2967,4148,3602
157695,268,295,1273,452
1104,1364,93,842,179
259240,0,0,0,0
29895,94,33,11,10
2147,826,16,98,5
196472,3,0,1,1
8575,895,556,1370,630
223082,325,190,643,528
10692,0,3,3,8
389015,7,228,5,438
125893,216,46,288,91
149830,0,0,0,0
55785,357,16,230,183
347088,20,1,12,9
124274,0,0,0,0
200150,4,23,5,74
4947,3061,1179,4980,2248
140832,0,0,0,0
285848,42,178,4,195
8092,4,4,0,6
124808,372,172,536,295
386618,71,5,93,1
284071,17,8,21,32
2535,146,49,20,35
166815,155,150,98,203
223075,29,3,4,11
3059,2810,228,2063,629
222166,458,1397,809,2297
23060,352,97,1181,399
5062,1204,459,1305,517
285331,219,100,226,222
245937,1,0,3,1
100505724,0,0,0,0
90411,2207,1125,3844,2157
283860,0,7,5,1
283254,90,52,108,86
245936,0,0,0,0
54494,424,979,756,639
1582,607,666,4,843
128371,0,0,0,0
400120,4,5,177,1
2619,65,75,39,175
23526,1024,300,535,377
219960,0,0,0,0
51276,67,27,344,81
144321,26,19,98,47
245932,0,0,0,0
374986,291,435,863,530
3753,10,9,24,53
414235,215,227,49,107
8204,688,502,1004,773
201516,2,1,73,5
168620,6,0,4,1
221687,34,9,9,41
85453,381,192,1127,297
2529,32,3,6,6
8334,396,880,227,786
387640,46,99,14,91
8347,12,20,19,33
151963,274,236,74,142
170825,0,0,1,0
6752,246,577,130,715
84622,65,82,156,68
84333,1307,570,1192,878
146802,47,3656,123,4064
5551,325,48,376,39
79541,2,5,149,0
4081,4,2,0,0
55432,159,123,329,298
169200,590,178,2062,490
152065,13,0,0,0
391107,0,0,0,0
728175,7,2,9,5
1132,1,0,6,1
387914,40,30,25,54
53637,298,11,56,9
119467,2805,1637,22,1135
100271836,79,34,213,70
80045,126,66,1400,161
166012,1042,374,200,262
404201,62,291,424,436
186,0,1,0,5
120103,133,78,1413,252
253832,592,162,624,248
374860,1,1,2,2
143503,87,26,142,26
124961,180,67,444,216
79642,144,21,101,106
3225,664,274,199,204
389840,33,6,8,57
5464,4958,1746,1080,2303
3226,2303,482,1626,945
389362,1315,917,326,505
27319,7,0,11,3
79929,121,15,100,12
255193,0,1,9,2
10224,83,60,80,41
283422,459,1,75,1
439927,0,1,1,5
3579,11,1,36,24
245915,0,0,0,0
64388,53,4,0,11
160298,2,1,20,9
6748,33010,17454,5241,4771
84698,206,107,373,151
126375,117,37,174,51
404093,577,369,1116,669
23513,861,325,544,306
23510,1027,842,1295,759
728294,901,2118,2034,1719
5021,54,13,26,11
55783,283,268,475,272
196335,1,0,2,0
286077,440,362,240,219
118442,10,25,10,16
120796,0,0,0,0
137209,54,36,30,39
400410,243,295,305,140
23760,1267,394,1380,657
90843,2392,1249,939,859
390081,1,0,0,0
255252,253,148,475,275
390077,3,0,0,0
64928,3737,3708,1105,1097
283554,51,14,76,12
92346,8,3,1,2
79473,0,0,0,0
166379,287,240,232,363
284406,277,124,266,82
390075,0,0,0,0
286006,61,18,121,69
1728,594,1484,548,1175
387748,0,0,0,0
64782,987,190,850,147
79147,358,387,626,301
126003,11916,7952,1235,1980
9501,179,134,887,203
284439,1224,1929,1168,2315
343413,39,2,50,12
124512,1578,876,969,868
284129,520,99,1012,503
25994,2650,2102,1676,3374
1129,3,0,1,3
390072,56,1,11,3
225689,262,28,6,64
79813,530,147,1126,455
9370,9,14,9,3
2149,1112,187,1190,446
107985579,4,0,8,0
286075,88,23,157,76
101928160,88,23,157,76
94025,20,0,5,4
4869,33620,3918,11034,7741
439941,1,1,1,0
64219,875,631,701,426
55526,846,1147,986,2825
5179,0,0,0,0
100127950,0,0,0,0
389197,5,1,1,0
92815,148,62,564,64
155061,399,87,1229,242
5430,1259,552,8573,1681
92293,1,12,0,23
284427,6,11,11,4
219902,408,148,596,106
390181,0,0,0,0
23401,149,91,163,122
284114,286,186,329,170
124842,3022,1026,121,559
79692,481,188,1121,349
347736,42,3,43,19
374768,0,0,1,0
341208,27,2,2,1
388341,89,51,800,40
220429,0,0,1,0
219484,0,0,0,0
6357,11,1,2,8
255101,38,14,94,18
91351,255,51,321,144
163183,141,433,7,236
79701,1217,1140,847,778
100287171,527,483,207,245
124908102,527,483,207,245
2837,0,0,0,0
9625,64,45,115,50
23109,4,168,64,528
55511,0,0,1,0
168544,125,188,390,161
6657,0,0,2,3
339500,105,45,196,73
55076,2931,42,3250,86
5912,1482,118,429,184
57621,167,58,297,165
84282,1107,750,1459,756
219874,0,0,0,0
79777,996,950,733,938
338662,0,0,0,0
6448,939,375,1382,528
10586,0,0,1,1
2187,32,2,18,5
64184,0,1,0,0
29072,895,286,1360,1204
10876,0,32,0,49
221416,164,55,622,27
259236,37,81,18,55
399664,160,10,577,97
390066,0,0,0,1
51649,3806,560,3586,3936
390067,1,0,1,0
260436,0,0,0,1
64582,29,16,193,37
79008,61,22,17,28
130134321,61,22,17,28
342850,3,0,1,1
53829,195,19,95,56
9966,81,137,32,74
286128,265,136,841,212
7262,88,3,20,11
285973,40,4,928,18
54112,6,6,1,10
284459,779,513,2104,993
5324,10,24,17,75
219469,0,0,0,0
390155,0,0,0,0
286451,1308,789,1912,1308
219464,0,0,0,0
26137,517,225,305,436
284383,0,0,0,0
205428,409,39,709,165
90355,42,75,234,111
219453,0,0,0,0
57463,493,349,2571,344
390152,0,0,0,0
390151,0,0,0,0
2827,52,9,120,6
169693,27,41,1,279
284451,10,1,6,2
219447,0,0,0,0
284382,0,0,0,0
6478,805,238,420,326
22820,8842,1028,2466,2561
575,148,4,25,4
151477,8,6,31,5
414196,0,0,20,1
341799,0,0,0,0
285195,717,49,288,107
84967,1929,1983,986,941
768211,38,9,192,34
64864,275,146,387,149
55343,884,97,335,208
201633,170,4,35,18
10193,1217,337,1856,1001
6517,26,54,75,62
94033,0,0,0,0
200205,225,410,536,276
1366,1257,770,423,1109
79673,152,141,734,265
94039,360,139,134,120
219432,0,0,0,0
134553,1467,413,1128,1114
100996455,22,0,14,7
84890,681,367,599,326
51287,3648,2497,2040,1885
81300,0,0,0,0
5571,2514,1326,1603,1399
64785,196,53,27,93
81309,0,0,0,0
81328,0,0,0,0
81327,0,0,0,0
119774,0,0,0,0
4762,0,0,0,0
91050,451,284,1447,294
729786,1,1,50,0
64963,2370,3469,703,1210
6635,5167,4163,2071,1990
219790,57,14,25,19
55228,435,163,1395,338
51363,1393,104,3484,207
149685,0,4,1,4
124590,2,5,19,31
25834,8,2,4,3
283116,0,0,0,0
3418,2837,3605,9453,7719
23538,0,1,0,0
374308,1,0,0,0
389090,1,0,0,0
91304,6104,1715,7622,2530
7485,830,569,1658,764
84629,890,226,2810,986
220382,12,18,13,33
161291,68,99,40,278
28955,1073,813,1210,875
441234,3,2,6,3
55505,5179,4071,1891,1960
375061,251,122,157,231
30820,38,25,4,32
11022,119,39,101,104
7562,79,10,123,65
9798,3195,1362,7723,3226
375748,135,55,310,182
64975,6019,10636,1256,2861
339221,544,916,2,429
64764,1672,458,1350,527
286530,253,63,247,100
11257,3018,1965,776,715
8633,191,35,52,88
386746,0,0,0,0
283989,1059,833,724,429
56963,47,15,80,51
401036,17,2,87,13
7318,2429,839,1049,918
51021,3351,4230,1386,1571
348378,32,13,69,23
5890,107,36,195,58
1419,0,0,0,0
23641,1034,988,850,748
51329,11967,20048,6120,5035
2131,1435,123,1570,829
6472,7109,1388,10243,2692
81532,1470,1334,1603,982
84439,123,20,86,13
10159,4830,3537,4437,3639
326340,0,0,0,0
124637,666,661,1886,928
25825,2740,869,14381,1139
7325,532,631,455,730
23336,441,158,4599,210
3739,1,2,1,13
2567,8,14,3,8
338322,0,0,0,0
55137,164,53,411,87
284359,28,3,5,7
388364,4,19,0,73
338707,418,10,2,22
8905,712,178,991,241
65265,1101,1139,882,885
285429,16,7,11,8
147650,318,404,282,217
653657,1,0,0,0
342945,149,51,126,65
3770,113,24,52,19
26233,774,234,528,205
716,21608,588,1133,1860
388323,194,2460,87,1030
100652824,19,13,32,9
391002,0,0,0,0
8513,0,3,16,0
120066,0,0,0,0
267012,1,0,2,0
219578,0,1,0,10
143879,211,181,246,179
54059,1475,1845,384,433
157693,2,0,9,2
2055,20,7,68,19
339059,2,1,7,0
55344,283,38,185,59
11247,590,3,1825,15
785,42,84,219,115
282618,1,0,0,0
122553,517,389,1095,426
161779,56,82,144,61
9426,0,0,0,0
55666,3021,2591,3751,2533
131149,0,0,0,0
50801,5,0,5,2
400629,44,0,0,0
128553,198,28,14,47
147968,3713,3407,307,295
23265,3177,4272,5174,2557
3838,1310,412,530,454
402415,11,3,16,7
633,30546,2870,7917,2023
79598,127,27,151,86
340596,3,0,2,3
2242,717,127,1062,200
51218,1039,2247,1234,1986
90736,1051,561,756,620
387332,1,1,0,1
859,0,6,0,2
439921,10676,1670,11781,1777
3985,2232,352,1696,877
84975,3345,1741,1281,995
338879,8,0,16,5
55256,2234,1621,7072,13572
201965,420,395,2542,653
201305,285,1005,87,417
339390,15,9,2,3
6304,182,103,608,345
11248,62,12,1631,40
1436,5713,335,3314,825
2049,157,137,10,311
26609,7,5,2,3
255324,0,0,1,0
114042,5,2,6,2
337880,0,0,0,0
389084,490,337,30,41
9951,1,0,3,0
22906,807,512,1923,826
83882,172,69,51,53
285659,0,0,0,0
23236,858,129,391,240
105372522,858,129,391,240
348235,1098,367,543,402
51289,0,0,0,0
390265,0,0,0,0
4692,1303,401,150,263
374355,5,8,4,4
100506380,369,263,96,161
441669,0,0,0,0
50863,326,8,1,11
7267,3349,1593,6317,2517
9312,1,1,20,3
116729,6,6,1,0
283870,212,73,331,92
8811,2,1,1,1
389075,0,0,0,0
492311,704,404,862,415
25987,1480,1296,993,2184
100272147,999,88,336,233
302,32786,5129,6009,6049
9628,0,14,33,47
3214,106,49,170,119
340146,0,0,0,0
164091,1279,4038,1008,2976
5069,50,107,50,392
389692,0,3,4,9
51335,3780,3996,4475,3504
2894,118,23,34,21
6218,37435,22052,9002,10082
338442,14,1,0,15
343563,0,0,0,1
401993,0,0,0,1
55231,14,9,27,8
221357,0,2,0,2
79098,188,239,12,212
645864,0,0,14,0
1397,6080,4785,5888,1855
55794,316,515,330,351
337959,0,0,0,0
642643,0,2,5,1
64746,686,241,1213,537
29035,1339,765,1899,1130
345557,22,337,18,407
284013,166,157,161,69
390649,0,0,0,0
79087,862,70,1395,545
3932,486,24,147,39
50614,261,72,27,180
80781,21469,7367,16413,6085
8241,1604,1248,2005,950
222487,13,3,44,15
2747,53,29,37,98
339168,1,1,0,0
126637,0,0,0,0
6165,120475,44197,7331,16889
6000,1,29,0,35
83733,102,76,1363,80
170960,300,174,568,315
56849,164,65,357,60
28970,1634,4880,2038,15434
80254,1179,307,936,509
280664,17,2,1,0
6734,3382,1088,4596,2629
347741,0,0,0,0
2130,4263,2013,6641,3098
161753,15,6,4,3
10473,424,118,865,368
221178,444,166,3439,537
10052,323,20,432,51
6656,1,0,2,0
25904,582,404,358,401
9112,706,108,2353,580
389114,401,102,163,116
23705,880,659,4006,596
162967,898,98,1098,227
144608,166,67,101,74
5831,673,22,225,51
84316,8260,11317,2298,2712
124976,3503,2383,506,2579
199675,17,1,6,0
161,1240,1437,7240,2339
6546,264,380,574,1602
8390,0,0,0,0
89874,20,5,42,22
92736,0,0,0,1
1538,0,0,0,0
5121,378,1262,0,471
18,316,1692,339,5821
1468,771,6827,1401,2950
57118,411,64,7190,128
729540,127,1111,172,138
145748,597,444,352,190
164684,26,19,73,11
150084,27,20,7,29
1482,0,0,4,0
125061,727,1383,2538,4035
2621,4034,1305,6603,2335
166752,2,1,33,4
4703,99,42,34,73
57596,13,4,1,13
10082,619,503,6074,452
389337,837,485,3494,588
163933,9,10,465,27
64478,10,29,122,110
119395,0,0,0,0
11251,8,28,2,23
285753,116,120,82,101
53820,1,2,6,5
2842,9,3,1,1
125111,1,0,21,2
102723701,4,4,34,29
5877,526,446,410,239
338773,711,142,223,64
2188,417,152,385,259
83698,3,2,16,3
91689,951,1211,339,621
200959,2,1,4,0
126567,309,3,18,5
4166,21,4,30,3
388468,46,2,58,7
10856,5283,3291,2003,1778
390637,119,126,180,169
100507436,263,173,410,178
29119,19,2,27,79
51352,10,135,1,72
150221,34,4,38,0
80164,21,24,48,18
84536,178,109,20,36
79339,0,2,2,2
754,23612,6243,10627,4541
51428,7102,2322,6349,1535
140701,0,0,0,0
390079,0,0,0,0
160777,4,1,5,0
5343,131,161,104,78
9802,8767,5168,12644,8336
147372,33,47,7,221
9403,3944,2046,3914,2943
120065,0,0,0,0
171482,3,3,1,1
4101,0,0,0,0
266740,0,0,0,0
27439,20,1,4,3
9831,163,29,446,182
127068,0,0,0,0
203068,174,41,35,27
338751,0,0,0,0
284656,105,21,15,2
388333,1,0,0,0
202243,345,229,356,234
283677,0,0,1,0
552900,3257,1138,521,441
124907841,3257,1138,521,441
54880,329,84,644,271
8690,273,35,495,106
219621,177,27,10,68
163351,2,1,8,2
158358,245,139,651,259
341277,1,123,2,195
646658,20,7,8,8
84673,0,0,0,0
2275,526,108,247,93
120793,1,0,0,0
5367,20,0,1,0
440955,1,6,3,6
100128569,66,7,152,104
126075,1140,900,1170,712
54101,816,363,702,696
345193,8,9,16,13
9284,159,28,443,65
105376752,159,28,443,65
10946,1537,1044,2305,1178
51270,0,0,0,0
391712,3,12,12,23
2903,30,23,2603,27
646625,0,2,0,2
286023,0,0,0,0
728340,41,14,118,69
140460,270,238,240,220
646892,0,0,8,0
11219,1660,47,24,14
29933,169,29,167,46
4600,321,78,406,157
57634,745,233,1172,338
84206,60,3,107,4
54855,107,362,672,564
493753,1021,1824,1086,1197
51118,832,454,747,430
8624,912,856,436,551
253143,890,343,595,378
378832,20,135,60,179
8302,0,0,9,0
54988,677,601,1616,888
399814,0,0,0,0
390243,6,3,4,2
253190,75,46,224,75
54039,81,17,20,15
145814,0,10,7,7
6048,502,459,424,514
84193,1273,2197,3008,3074
388121,29,25,18,29
84133,259,199,851,401
23194,286,64,413,79
128989,876,618,3765,641
653604,5,1,6,2
119559,1593,3285,612,895
200504,1,0,0,0
84734,388,726,397,209
116541,6672,10129,978,1941
220929,221,124,166,132
56941,1325,830,780,1047
1232,2,1,5,0
8214,307,280,912,127
283768,2,0,0,0
100132565,2,0,0,0
100130613,0,0,0,0
24150,0,0,0,0
729264,0,0,0,0
729355,0,0,0,0
102723655,0,0,0,0
102723713,0,0,0,0
94137,7,0,30,3
337879,0,0,0,0
399949,7,3,4,5
348327,143,89,120,44
4707,10638,12963,5135,7399
441061,0,3,0,2
64410,159,190,321,157
407738,0,13,10,40
55039,255,235,479,259
5678,0,2,2,3
2825,27,0,7,8
353500,41,2,29,7
10189,942,459,737,426
359845,638,76,671,137
80258,224,14,84,19
9241,21,15,371,25
117194,0,0,0,0
7378,2496,1332,831,367
283694,0,0,0,0
282616,0,0,0,0
4978,17,37,542,73
84851,580,117,1352,412
10186,2172,177,1489,574
146223,723,1434,3736,1969
23585,3733,1502,3671,2349
344018,0,0,0,0
430,44,24,11,8
29110,480,87,576,329
23466,1290,1108,1544,762
346389,1002,262,110,234
123876,2280,30383,19963,38810
10607,1687,1527,1036,712
9083,2,1,0,0
390928,7,10,14,10
83999,762,226,364,807
10293,92,69,26,46
11200,344,69,102,65
668,0,0,2,0
150209,123,127,36,60
57528,20,17,767,49
10317,410,1,14,10
80139,205,45,519,60
148641,158,23,9,15
386617,0,19,0,31
157983,44,731,87,878
51807,562,99,1132,61
100288332,22,3,32,14
442867,2,1,0,0
90187,57,206,14,35
283298,396,120,305,240
221303,144,58,28,92
389677,149,70,1116,187
1233,21,5,19,4
286826,45,12,63,34
107985578,0,0,0,0
114781,659,2039,1218,583
256281,1420,1871,1953,690
339416,33,7,12,12
89876,221,110,137,153
29944,498,78,53,187
2863,842,201,181,176
54097,114,960,8,511
100129543,1,0,2,0
55243,1406,90,969,422
128239,308,6,53,16
1260,0,0,0,0
10766,612,369,2893,1056
6331,10,2,14,4
340075,213,94,4,64
7404,322,126,1,1
149563,2,113,5,53
131675794,1173,220,1212,371
130502,120,44,380,159
219527,10,1,3,15
146754,22,10,30,11
4068,47,5,15,10
5613,467,110,366,321
387893,312,107,784,325
131096,3,0,3,2
6525,1671,1573,2425,1048
283869,8,14,4,4
151649,4,1,4,2
28958,6683,11044,3645,5328
256933,0,5,52,4
256435,64,212,211,349
8073,3160,1229,4520,2005
71,64119,18925,30608,15615
7113,14,799,290,2096
124905021,14,799,290,2096
23258,1437,173,2547,711
127069,27,205,0,110
10281,0,0,0,0
337976,0,0,0,0
1485,0,0,0,0
56616,1902,1340,1217,1484
26276,596,666,406,254
6899,0,1,4,6
55803,599,191,361,172
29796,9780,9580,2701,3341
54954,270,163,350,187
339976,0,0,0,0
8663,34246,60827,2983,5776
728689,34246,60827,2983,5776
7122,1941,581,613,426
8508,3187,5487,1687,5471
390648,0,0,0,0
6900,3,1,9,4
163778,0,0,0,0
120356739,589,480,419,383
127385,0,0,0,0
3786,350,16,114,18
152,602,209,2262,181
126382,1395,215,426,181
388581,662,706,48,202
79174,1496,325,758,449
4991,0,0,0,0
152579,295,170,583,305
140739,1471,1196,713,579
3768,40,56,81,108
54328,119,7,17,79
5504,1288,548,1016,784
64061,1130,236,1779,985
643707,60,15,376,80
283871,928,917,826,446
11066,1042,1116,611,452
347516,1,0,4,0
3654,3539,1227,2400,1013
84319,2023,344,178,286
105374010,2023,344,178,286
116448,10,209,178,103
100505621,191,79,266,298
5101,60,260,38,297
641371,163,125,515,824
220323,2338,1357,1782,2524
220,1919,45,1741,92
8338,54,54,11,20
56660,14,2,1,2
317772,2,0,0,1
5463,491,143,861,199
245911,0,1,0,1
80213,1109,439,4481,758
10078,1767,2968,524,478
4070,1172,1239,184,1318
4990,0,0,0,0
5587,182,157,853,462
401145,4,20,157,128
254887,311,88,163,268
374977,130,358,640,245
79470,4,0,1,0
338324,0,0,0,0
26576,18,18,85,33
9573,15,3,3,4
389123,0,0,0,0
6586,988,217,4648,585
1946,1330,153,23,276
116534,7,0,0,0
337882,0,0,0,0
3009,3,4,0,0
124783,3,1,6,0
11187,600,15,251,20
256714,3245,424,3282,196
1435,909,89,504,229
10584,4,3,11,4
84517,100,59,21,56
8398,596,165,3907,705
84441,631,297,1125,498
150147,0,0,1,0
645974,0,1,0,0
127550,3,0,3,1
390437,0,0,0,0
26039,310,254,1033,436
3751,2,1,0,3
116447,1030,466,1073,504
9276,2741,695,3444,1756
64922,244,983,5,1084
80764,2125,2257,980,718
9735,252,97,132,103
2826,79,86,59,18
400746,215,17,9,23
254240,0,0,0,0
253769,540,124,909,236
10587,1355,3806,716,758
390664,0,1,3,2
390083,0,0,0,0
4303,400,354,1028,742
5454,0,0,4,1
11156,1221,234,801,134
200350,3,0,5,0
4758,642,490,772,447
348013,505,68,873,130
5627,4548,999,541,1815
2520,0,0,0,0
256646,2,0,0,0
374659,994,913,692,605
340542,356,619,189,328
162239,196,93,432,117
51286,16,9,15,16
352999,0,0,0,1
201140,0,0,0,0
1850,39,12,32,27
9021,1781,58,253,93
201243,0,0,2,0
84189,1,1,0,3
440822,0,0,1,0
57121,185,4,98,30
11260,1181,171,1661,621
340061,3548,307,946,790
5142,280,50,170,71
284467,11,0,0,1
400258,12,11,0,14
8303,899,281,1398,622
83656,0,4,1,7
90134,0,0,4,3
4753,30,10,21,21
124751,9,6,206,74
9968,713,147,2101,597
81931,74,21,228,64
10801,4523,542,7606,1806
203074,2,9,0,7
146852,0,0,1,0
349334,0,0,4,0
157313,230,6,959,3
10819,224,247,196,179
138046,4,827,193,670
139285,171,97,257,176
9923,702,262,1956,633
8349,145,138,112,198
9074,3,0,4,1
390059,0,0,1,0
5413,869,115,2104,182
56478,663,259,1218,551
389816,0,2,0,3
619189,0,1,5,1
55328,604,305,843,618
337966,0,0,0,0
55911,352,19,147,42
642273,190,140,545,282
168400,1,1,0,0
25923,1511,350,1348,709
55967,4212,2177,2306,2127
644538,299,45,635,70
6991,42,23,45,22
7327,1225,788,5298,1492
340562,0,0,1,1
23762,100,30,1002,91
114041,8,3,4,5
286753,0,0,0,0
389151,0,0,0,0
201501,350,10,587,53
79135,834,1683,925,983
51334,97,3,79,19
54732,27935,3726,7775,4102
1812,32,4,3,5
54143,0,0,0,0
25880,686,568,680,386
93517,73,124,304,185
155435,1279,380,3007,868
9823,1164,240,834,603
90135,1223,1020,1397,938
6736,1,0,0,0
8971,612,617,1069,580
375287,179,187,247,125
6612,5248,2301,2472,2238
83943,785,465,1470,538
140597,224,425,5,391
1188,60,11185,118,6521
728656,48,12,43,33
3714,724,53,1404,141
752,616,31,444,62
728118,18,21,108,38
391356,1160,1555,393,650
286256,46,885,46,281
8590,1,0,0,0
7490,83,106,1,240
146198,722,335,565,403
375318,0,0,0,0
646851,109,66,63,70
390327,0,0,0,0
4588,0,0,1,2
79050,577,619,453,220
11274,284,93,262,230
4700,1707,1312,1345,1176
1133,5,3,10,10
57537,280,23,4597,132
80757,91,68,230,23
113277,236,473,507,859
10572,4898,3816,1032,1604
83868,0,0,0,0
140707,398,213,902,329
338376,11,0,0,1
387775,1,0,0,5
8694,2201,1231,2346,954
222546,0,1,0,2
6092,58,26,31,130
26985,1030,359,1273,703
2157,609,166,1049,337
93034,10,8,19,15
377677,203,338,127,202
22888,411,452,482,273
23764,384,53,764,76
2972,640,476,1463,570
389257,0,0,124,1
10509,1708,240,4345,505
339766,2,9,26,7
102723555,11,22,21,28
10519,12801,11442,4363,6311
56899,182,63,172,126
7469,441,371,1056,326
57419,153,29,40,56
137868,0,0,0,2
100130771,27,2,9,2
133491,2,1,0,2
51350,0,0,0,0
23768,604,294,25,181
80789,706,437,750,390
51065,15668,8646,3897,5880
149175,589,86,366,74
122622,1783,1031,3788,628
338440,829,425,135,524
11124,759,687,1078,780
255275,1,0,0,1
131583,446,39,767,160
56160,13,0,11,4
3297,1473,1062,1954,1152
387263,404,189,394,360
5813,594,256,1752,669
8340,4,0,16,0
27124,23,624,95,716
4887,1,0,0,1
83881,0,2,0,1
162387,12,62,6,40
114659,144,47,280,84
317781,657,286,1066,390
283820,6894,1867,2343,1832
375318,0,0,0,0
653437,0,0,0,0
90827,0,0,0,0
59307,1820,6499,257,1569
340371,1073,268,1665,763
400668,12,2,0,0
10581,16914,4303,1847,2091
7127,2199,317,1326,464
353274,193,77,480,234
267002,151,42,230,136
51186,3709,848,1981,1110
4158,4,2,6,3
9230,2587,902,3762,1814
10196,218,56,381,206
2811,6,16,148,34
55015,484,231,1253,373
4110,0,0,0,0
285755,94,93,289,140
7625,224,80,494,114
285600,46,20,65,26
283991,1259,1497,479,633
339669,0,0,1,0
441549,42,96,64,76
147111,0,5,0,4
123103,17,22,9,34
54033,38,19,46,27
64409,85,101,6,96
84614,239,85,674,320
389493,2,510,2,164
3563,689,298,698,130
162540,0,0,0,0
339230,778,401,707,300
729238,0,0,6,2
729857,54,0,21,21
54622,485,427,881,721
115749,1,67,14,109
6336,9,0,0,0
8558,1691,2729,3124,2167
284186,40,51,18,49
8651,287,44,190,95
6948,10447,22718,4741,9531
10634,672,162,831,339
23545,372,145,590,197
5071,114,181,1267,354
283643,337,139,108,72
266722,1,10,849,27
9146,3071,167,3921,1147
126282,1225,501,949,678
26693,0,0,0,0
5892,410,287,673,342
26333,5,0,0,0
5600,1099,572,224,297
93349,290,72,329,117
51263,574,527,584,458
123283,189,219,742,305
64754,557,613,492,330
25840,4813,7532,1935,6026
54072,6,0,0,1
163702,107,39,217,117
6450,169,286,129,192
400451,487,327,826,129
158724,0,0,0,0
374920,271,227,706,257
402569,5,0,2,1
374395,2390,1137,1106,1088
285513,472,186,1116,302
3854,0,0,0,0
55010,49,16,27,19
246329,240,53,90,43
4919,48,27,210,75
4582,2916,8725,208,1720
80233,1149,435,844,383
3665,156,8,196,72
26013,419,36,628,173
79184,346,231,362,515
9899,81,8,499,20
348487,132,82,1697,113
256329,36,6,107,34
149643,1,6,0,0
5148,87,17,16,37
5592,224,95,210,136
7026,1161,481,5345,1056
8788,0,7,0,10
727910,189,34,85,39
4045,83,8,23,50
113146,4374,72,5696,36
169611,2711,106,1513,212
6667,2803,554,2146,1204
145946,3,0,0,0
64976,3471,3101,945,1580
440097,0,28,0,3
389119,511,244,166,80
64714,9,9,7,6
10336,817,321,2441,547
89782,485,75,257,216
5034,49181,10749,21124,7624
5719,5913,4020,2288,1940
5087,466,778,2282,1006
56901,146344,441,29738,305
399694,29,4,38,11
338785,2,1,0,0
677,2245,628,13129,1181
7332,5663,3625,3728,2533
4908,149,23,35,57
54014,1132,626,990,726
6490,120,69,112,101
8224,6,1,19,15
5453,0,0,4,0
333929,55,14,41,20
79842,127,94,128,54
254773,14,2,1,2
254956,14,51,1,17
23532,384,24,3,41
4603,343,23,125,55
100101118,0,0,0,0
730094,214,112,257,181
4733,1819,1957,1791,1044
51479,564,209,2558,720
253943,1088,752,2144,794
79943,103,78,185,136
105,69,70,1,187
10718,41,3,68,13
6345,16,35,122,68
399947,6,0,0,2
3434,1378,877,835,1424
159013,445,137,1022,344
100132463,0,0,0,9
56479,12,0,49,1
339366,47,520,49,254
80333,166,66,2565,83
389730,0,0,0,0
10933,6470,3398,15213,6792
338321,1,1,1,1
348793,338,135,87,99
1762,511,596,557,322
79581,2667,737,586,391
51227,923,692,565,562
10320,302,20,151,54
5833,601,4495,1244,2767
339983,12,349,16,584
390326,0,0,0,0
23742,11,16,24,12
10134,21435,18001,9888,8039
51326,517,200,444,145
100506084,517,200,444,145
100130717,30,115,78,60
54584,209,58,144,68
127602,146,70,72,69
100131138,0,0,2,0
339512,1,0,1,2
2124,461,20,297,90
100505993,0,0,6,1
440345,638,144,3700,302
374899,35,41,105,64
132724,3,10,2,0
79896,217,264,260,296
140691,353,261,1366,198
527,4250,3259,7697,6118
8519,9376,695,2428,1806
339501,0,0,0,0
442868,2,1,0,0
3916,5256,7963,10866,9408
2865,7,0,2,0
338398,0,0,0,0
84197,13,4,43,14
84856,816,433,442,377
283897,64,8,42,13
200942,1365,769,864,576
257240,0,0,21,2
54093,506,250,633,348
5727,186,125,314,191
146760,90,28,1728,38
119749,0,0,0,0
255022,6,1,5,1
439915,1,0,0,0
286183,0,4,1,10
55599,191,68,1038,337
10308,340,62,165,138
8660,872,298,1054,201
402573,25,5,19,4
121006,21,21,15,15
6473,7,23,14,4
353142,0,0,0,0
23299,910,453,1009,554
353145,0,0,0,0
881,10,0,1,1
55217,415,317,741,405
6011,2,0,44,0
245939,0,0,0,0
84631,154,7,3,27
126520,3,5,0,1
22821,314,24,421,75
84859,844,102,883,260
93273,1,21,4,2
496,0,5,60,17
51079,52135,50221,15280,15232
84924,120,49,180,77
100379224,0,43,55,50
57711,448,110,574,176
342909,81,40,103,61
285242,0,0,0,0
220107,18,24,13,19
103689915,18,24,13,19
319101,2,0,16,0
6887,1,13,2,5
100129196,26,3,380,22
64853,1712,847,1781,1008
84529,142,53,172,83
146722,340,9,144,15
124626,9,3,2,4
3852,4,1,1,2
653149,8,0,0,0
54103,592,88,1209,386
200909,0,1,0,0
79501,0,0,0,0
128966576,0,0,0,0
84871,13,203,17,254
503582,1,0,1,0
120227,319,237,315,105
100130733,64,23,45,67
157567,314,573,1501,654
23396,639,171,2345,448
219436,0,0,0,0
8529,547,4039,5,2290
374973,3,1,7,3
219438,0,0,0,0
10773,150,111,80,133
130355,463,123,332,219
353164,0,0,0,0
10623,802,693,708,444
339779,0,0,0,0
644414,0,0,0,0
164153,5,1,0,2
51741,381,335,490,278
199974,3,6,0,11
152302,293,219,161,179
207147,0,0,0,0
338657,310,49,395,128
283149,262,65,2839,445
51082,3436,4293,1711,1612
146909,71,9,32,2
84937,475,625,702,289
338557,75,3,23,5
359710,0,0,0,0
149954,0,0,0,0
89958,58,80,16,37
128178,50,82,14,57
123264,75,937,21,577
66002,152,340,5,212
64757,150,125,267,254
254910,9,0,3,0
345079,42,12,26,167
55330,253,183,303,180
353135,1,0,0,0
388567,24,119,136,188
114792,23,39,177,70
151174,19,73,19,60
57496,563,197,1112,298
151888,50,3,3,22
7565,117,29,209,75
55693,30,13,28,31
150763,72,18,26,18
128966744,72,18,26,18
64222,1152,361,2078,934
340529,1,0,3,3
2558,0,1,14,2
5501,3566,1363,2524,1352
148254,124,98,218,129
128360,0,0,0,0
4675,71,30,151,57
153768,321,11,503,33
23621,912,389,2329,640
388531,3,23,7,26
389177,30,7,52,12
285641,2,0,6,2
153201,52,2499,2798,4938
7058,9573,139,866,140
6256,1368,1032,2826,1932
353322,790,163,566,220
200035,266,61,242,72
100127206,1,9,0,1
7626,608,123,395,320
260293,44,41,50,145
353288,14,91,1,0
3858,1668,1197,577,550
101059918,10,7,261,15
342510,46,8,143,16
728621,179,179,242,244
55922,223,112,206,135
342035,49,15,33,15
2204,0,0,0,0
3840,1605,763,826,925
10345,0,130,15,4
128366,0,0,0,0
3850,1,0,0,0
115560,34,16,37,18
10168,154,83,184,125
110354863,154,83,184,125
353324,8,0,1,0
283471,1,3,10,4
653140,20,1,10,0
400830,0,0,0,0
4674,122,106,8,248
6228,151220,35714,28697,28777
54331,581,70,317,111
11118,1889,307,2164,799
158798,1,1,4,1
27445,218,94,525,544
43849,0,0,0,0
401190,8,3,53,12
3638,422,275,783,389
23040,1,4,1,5
252884,52,66,78,115
84065,1927,1584,1418,979
219956,2,1,0,0
1187,19,1935,1880,1532
219957,0,0,0,0
257106,1027,84,658,126
151011,455,184,1313,600
85002,111,100,207,96
11283,7,4,10,7
4051,245,1128,111,1903
114826,300,69,1100,169
245908,0,0,0,0
504180,0,0,0,0
2306,71,69,149,60
23131,639,121,2244,481
56971,139,45,191,115
245910,0,0,0,0
503614,0,0,0,0
124906743,0,0,0,0
4771,1474,678,1829,739
221491,1108,680,797,375
245909,0,0,0,0
503841,0,0,0,0
124906749,0,0,0,0
375686,10,7,50,19
7328,2661,645,2594,1598
84981,305,181,190,414
245908,0,0,0,0
504180,0,0,0,0
124906747,0,0,0,0
84842,6,4,15,13
100129075,52,29,72,37
11104,419,441,180,315
123722,29,2,40,5
116985,5861,737,15021,2197
347240,52,24,28,35
5138,167,107,490,386
90668,16,17,402,29
5553,75,6,14,5
55615,1147,1898,734,1102
80829,824,454,1830,847
284018,309,80,394,131
144233,302,201,321,159
139599,0,0,0,2
339761,4,5,5,6
90624,496,319,619,417
387885,17,16,23,24
493860,26,19,9,19
613,618,1150,2967,1935
26539,0,0,0,0
758,6,0,0,0
25794,8,3,23,6
399823,4,40,6,97
139886,68,16,92,36
654254,1,2,11,2
474343,264,391,202,176
389762,0,0,0,0
2301,1,2,1,1
8372,94,65,69,39
338567,0,0,0,0
3446,0,0,0,0
147645,105,49,246,45
2833,168,4,25,18
84307,257,381,1185,472
100101467,181,172,721,273
53373,1993,1920,2408,3927
11006,171,2,105,9
7293,1264,32,424,23
3868,12,9,0,0
10614,1217,1038,1903,1770
348303,1,0,208,1
353131,0,0,0,0
3861,1,4,0,8
129293,124,22,87,62
105374836,124,22,87,62
83902,0,1,281,1
79955,101,82,162,110
23275,891,149,1414,565
84109,162,30,33,18
4137,128,253,5088,1447
54821,22,4,8,4
138805,0,0,0,0
200728,93,61,183,77
8784,170,4,23,4
2248,0,0,0,0
338761,24,1,901,6
349667,73,24,224,91
23390,397,83,1614,443
256394,11,0,1,0
5030,0,0,4,2
55893,2051,382,30167,800
353174,289,99,44,66
337979,0,0,0,0
337973,0,0,0,0
337967,0,0,0,0
138802,0,0,0,0
5465,915,733,1258,2080
642987,81,51,32,79
387978,4,13,9,4
337969,0,0,0,0
337971,0,0,0,0
254950,0,0,0,0
284827,0,0,0,0
440585,60,34,86,21
64800,209,122,62,78
337972,0,0,0,0
337963,0,0,0,0
256949,198,143,391,253
129080,385,565,222,298
10881,0,0,0,0
337977,0,0,0,0
6007,89,17,53,10
388910,0,0,0,0
83715,417,2478,863,2160
5407,4,1,1,0
138428,819,860,219,624
337978,0,0,0,0
344658,1,0,0,0
353345,36,0,19,1
164656,480,8,19,2
1579,88,9458,19,12872
51259,494,222,345,261
91582,5775,8979,1681,2202
339967,0,0,0,0
100130348,143,44,104,29
285382,135,12,83,42
7003,532,138,2147,772
391191,0,0,0,0
245909,0,0,0,0
503841,0,0,0,0
124906749,0,0,0,0
5333,683,868,200,318
885,0,0,1,0
957,627,1729,933,3444
4286,910,536,862,647
399671,9,13,30,28
4673,19944,5999,4069,3255
353514,0,1,39,0
152100,1206,921,307,711
6585,17,2,6,3
130574,6,14,14,70
1645,949,1260,156,1493
342865,2,0,0,1
27022,0,0,2,0
374955,10,2,9,1
55182,1348,1310,2370,1532
253935,0,1,1,2
57698,829,320,806,611
341567,1,0,3,0
199834,0,0,0,0
353139,0,0,0,0
353332,0,0,0,0
353140,0,1,0,0
388282,54,14,39,12
730098,469,1098,39,257
339327,65,25,113,67
23270,450,293,710,695
57054,0,0,0,0
4501,2138,61805,3618,22371
2650,146,28,150,76
353141,0,11,0,8
91404,255,95,686,678
353143,0,0,0,0
23048,574,214,658,477
79659,381,190,235,311
3859,6,0,4,1
81557,1473,70,14,53
4059,2465,2260,2565,5660
222194,455,138,838,279
387129,0,0,0,0
349136,65,17,26,51
2057,416,165,1206,456
171484,5,10,21,2
83901,0,0,0,0
63924,29,2,0,0
1630,0,1,25,18
51616,603,451,633,464
56123,97,14,337,26
9863,159,82,1039,332
338645,6,19,9,19
375612,10,5,2,17
11261,2486,2617,1504,3147
2359,958,6,279,46
3010,0,0,0,0
387763,1993,437,778,337
3767,15,37,161,54
389118,6,2,1,0
1282,20795,437,14866,1334
440107,13,3,9,10
2701,2707,529,1335,378
5757,21827,8343,26137,9424
25763,0,0,0,0
51182,629,181,443,326
344905,7,8,3,6
51547,742,325,811,456
401137,0,1,2,0
9742,710,243,1943,538
404785,0,0,0,0
343071,0,0,0,0
392636,269,172,74,355
646643,0,0,2,1
340665,20,2,20,1
7100,178,62,131,131
7874,1511,614,3407,1278
342977,54,12,31,1
286380,3,0,0,0
378884,52,12,59,25
359787,0,0,6,0
341947,0,0,1,0
84069,52,3,197,8
201181,91,35,60,48
101805491,0,0,0,0
28986,1762,1108,948,916
200424,215,27,342,112
57335,180,85,400,112
9636,4061,1097,594,391
54932,489,591,650,340
390148,0,0,0,0
389827,3,0,1,2
124903372,26,2161,61,1364
400566,72,156,120,116
387032,134,43,174,90
400966,50,11,0,5
317749,1040,16193,718,2472
148398,119,95,788,105
84808,131,42,2375,47
400673,213,103,161,81
100190949,0,0,0,0
404037,26,9,0,0
26059,5,8,15,15
145173,411,205,473,312
81848,1792,66,1701,322
3266,8,6,5,6
51393,1421,176,228,102
401138,0,0,0,0
340602,4,0,1,0
84281,112,437,81,265
403239,0,0,0,0
94107,1268,2321,683,975
6572,0,0,31,0
166348,4,10,3,43
79875,292,156,1823,346
374407,527,4,13,14
2563,351,12,379,4
278,0,0,0,0
124905666,0,0,0,0
124905668,0,0,0,0
128966568,0,0,0,0
128966570,0,0,0,0
6917,1475,538,2289,1283
133039973,1475,538,2289,1283
79840,620,433,5415,708
2175,381,29,66,32
79048,983,498,1229,1320
340980,3,1,2,1
389766,11,1,18,1
280658,2,1,12,5
124,0,0,2,0
10507,1073,626,2520,556
386681,0,0,0,0
389421,3,0,1,1
125704,116,9,8,2
8632,96,1,193,44
10445,3071,1559,1695,1341
643236,30,3466,701,3200
57697,75,8,74,86
100129969,0,23,1,18
7621,171,46,285,45
64170,288,51,100,42
375033,443,146,971,308
65243,13,7,34,5
338949,0,0,0,0
347454,215,6,43,16
339559,90,57,88,62
391723,0,41,0,22
340595,7,13,0,28
388335,1065,536,391,473
388960,0,1,0,0
3006,553,2451,171,695
57048,1128,216,1118,302
1978,2740,2454,3094,476
22953,4,0,4,0
121549,3,9,0,9
390323,0,0,0,0
550631,272,211,148,121
164118,7,0,3,0
116224,359,312,484,541
342979,385,1730,371,1178
389400,0,2,1,1
199920,12,23,43,87
729956,2,0,2,2
400891,10,7,13,8
1755,21,0,1,0
388512,8,5,4,1
390064,1,0,0,0
414332,5,47,56,40
401944,1271,536,32,14
401027,1,0,0,0
341350,1,0,0,3
100288637,63,7,65,37
441194,661,1091,781,349
50626,3104,3659,1885,1327
7373,1110,160,494,655
92737,26,375,3259,350
642843,0,0,0,0
339451,330,89,517,174
389874,0,0,0,0
391013,17,5,5,16
222696,7,6,18,9
126432,252,32,177,70
100141515,2,2,16,1
162998,7,6,19,12
285386,52,15,82,19
284677,53,42,233,152
729967,1678,2934,546,1850
285093,1,0,3,0
6274,212,34,55,24
29978,839,519,920,470
353116,726,264,1385,229
646457,178,5,130,4
57474,53,12,57,29
1180,3,5,2,2
123904,23,10,27,12
284434,10,12,299,26
10123,3181,177,730,80
168433,2,0,0,0
100130519,38,25,16,14
285852,0,0,0,0
115273,936,11,192,15
7477,13,2,1,6
65998,205,768,548,560
147199,49,6,1,2
123745,1,0,2,0
51463,383,858,490,1416
653519,383,858,490,1416
145873,28,1,2,4
643161,0,1,0,0
346007,30,16,43,7
647024,165,26,23,66
1617,25,2,0,0
338755,1,0,0,1
6300,339,1042,110,351
401498,0,0,0,0
441457,40,6,17,9
1287,97,92,520,298
386674,0,0,0,0
375790,8513,1181,8310,2066
4810,567,327,130,267
340990,141,1,66,3
401565,6,11,17,11
643853,9,10,47,45
199777,130,95,242,202
253012,5,102,0,204
342527,47,1511,1309,822
376940,354,536,274,181
389541,14333,17570,2817,3510
5575,1203,788,652,675
729262,16,10,36,23
374383,6,8,222,77
123879,709,278,461,302
445582,0,0,0,0
390927,71,48,387,121
10383,7030,8266,4815,7457
119016,305,54,730,257
25845,616,1752,1196,3409
170622,6998,9688,1435,2135
5320,0,0,0,0
400935,1,0,3,0
123688,120,942,36,460
26659,1,1,2,2
643338,36,25,120,36
285180,33,3,18,2
163087,199,111,363,136
57801,308,57,340,51
374918,13,1,0,8
79862,72,45,76,43
374872,23,7,28,13
344657,10,0,0,1
401541,372,162,96,68
5359,1485,175,986,522
375341,260,270,257,180
387712,9,12,12,23
84527,217,267,292,148
388228,10,20,76,31
283365,0,0,0,0
100131137,0,0,41,0
10991,32,237,2793,251
81442,0,0,0,0
2963,473,241,1058,316
137392,442,528,515,499
54914,424,312,272,479
284338,17,14,23,13
7784,1006,447,27,29
387695,1246,5,5,3
440093,1,0,1,0
3440,0,0,0,0
282973,9,2,27,7
5535,0,0,1,0
5133,28,2,19,8
387836,2,0,0,0
2844,3,2,7,4
343521,3,9,19,2
6402,192,31,228,71
347541,0,0,0,0
1121,457,287,336,381
339345,1,0,0,0
63915,270,287,830,478
375298,358,127,138,289
283652,2,2,0,0
389792,2056,529,538,368
3014,1130,292,745,282
387755,15,4,22,33
5104,64,5665,3466,8371
284325,426,345,411,265
197021,4,1,8,3
342897,12,42,13,25
388533,3,3,4,1
348645,163,16,51,20
84570,4,2,51,12
644815,510,382,19,238
389799,0,2,1,1
10772,1357,610,2254,1212
3040,72,2984,686,673
285193,330,335,101,205
388115,230,122,1079,304
4077,2498,1990,3196,3773
391211,1,0,0,4
57186,733,374,1719,850
27158,217,97,304,141
154215,4,1,0,53
81851,0,0,7,0
344838,19,0,1,0
400797,0,0,0,1
144535,32,5,24,16
1201,2724,2629,2833,1084
653820,10,2,8,23
56624,42,20,114,91
6613,8756,2963,7476,4086
340719,27,22,41,16
340784,0,0,1,0
388555,2,1,9,1
653720,23,0,455,8
7730,88,34,214,37
100529215,88,34,214,37
84247,530,218,1272,571
1806,402,89,563,363
140576,5115,2439,1720,1474
375743,667,593,966,880
387707,32,13,48,6
390443,0,0,0,0
283726,27,77,16,34
284836,7,0,11,1
102724398,7,0,11,1
124900467,7,0,11,1
6006,81,14,10,2
389073,2,1,2,1
169355,7,20,7,32
29780,1637,577,983,540
57835,52,30,78,20
7390,2479,7232,785,1369
390084,0,0,0,0
613126,3,10,8,12
643803,0,0,0,0
51114,2154,1150,1434,1587
347148,7,1,2,6
338599,0,0,0,0
643155,836,255,2018,830
344901,6,2,0,21
375567,9,5,7,10
340277,88,38,158,152
144404,952,449,516,570
401024,51,10,77,82
23029,957,990,750,666
10811,381,497,503,321
130612,79,61,168,69
440603,134,16,8,8
8326,4,3,24,2
399473,102,3,143,1
26254,2,0,0,1
349633,2,0,3,0
155,2,0,2,1
390598,11,3,37,10
378807,1,1,0,0
5549,2101,455,338,554
30814,0,0,0,0
147694,201,83,924,260
4520,165,89,642,202
127391,0,1,1,0
388336,61,12,2,62
199953,265,116,1525,217
387921,809,553,1122,670
3167,0,99,0,55
132203,18,1,1,10
79844,76,50,1276,165
441168,1446,38,208,58
1269,13,3,9,3
100130581,237,130,328,148
84464,176,34,405,75
377841,27,326,73,172
9045,28444,17596,4356,11777
389206,0,1,0,0
149297,214,62,29,37
147837,201,119,193,139
342125,33,12,42,23
85302,246,79,393,179
346689,1,6,1,14
431705,2,0,0,1
339287,1447,219,1726,686
400499,26,55,69,54
120892,912,232,1726,684
390259,0,0,0,0
2707,31,1,1,1
642938,10,0,3,4
79979,156,90,721,334
401494,416,75,133,274
257177,4,1,0,2
60506,20,13,12,17
158293,1263,561,1979,786
257313,64,68,32,81
401546,0,1,24,5
26155,1601,1410,3106,1076
345222,4,11,14,15
126767,0,0,0,0
25920,1159,983,1392,1064
729025,3,0,2,1
149998,0,0,0,0
339977,47,14,71,25
23036,329,241,2045,457
135458,4,2,2,3
283219,223,133,257,263
374897,4,0,2,0
134637,82,75,98,92
3805,0,0,0,0
139604,0,0,0,0
391104,1,0,0,0
63904,0,0,0,0
163081,72,84,94,40
4697,17086,21253,4370,12868
728780,89,54,15,84
121642,926,350,352,380
51136,174,31,449,110
643904,4,1,5,1
93659,0,0,2,0
5649,38,13,3,23
374393,130,15,26,19
347,831,584,49,380
3005,1838,1037,6613,2379
26749,0,0,0,0
645037,0,0,0,0
729408,0,0,0,0
729447,0,0,0,0
100101629,0,0,0,0
9516,4817,1846,3575,2432
284415,0,0,1,0
83862,4912,8894,1004,2684
196528,592,188,620,195
100133093,0,2,0,0
23450,2995,1044,3165,1519
345062,1,0,0,0
26280,0,5,0,3
388552,648,161,546,228
80320,49,15,24,19
340120,0,16,4,12
219348,2067,932,499,254
170062,0,0,0,0
222698,21,34,4,23
84075,0,0,0,0
1364,3152,1268,6901,1072
126231,61,9,187,17
400581,79,3,184,43
100129583,95,643,260,259
51155,2875,893,581,438
84503,44,64,297,86
646799,2,0,0,0
386685,0,0,0,0
6284,12490,8999,5069,2106
7581,1105,678,2268,981
401994,0,1,0,4
374454,0,0,0,0
54510,314,75,165,119
347442,1,0,0,0
162966,241,59,197,83
284697,32,21,112,46
100287879,0,0,3,0
4128,5509,2608,1974,6410
654433,110,41,449,311
145853,393,572,449,365
389643,24,55,19,173
7259,2035,2926,2880,3415
139067,10,0,0,0
642446,3,4,4,1
55629,1423,1457,3970,1973
51233,13,35,56,44
399827,0,1,0,1
2709,3,0,1,0
2272,249,750,290,603
285016,95,57,2,576
80317,97,80,275,96
139628,0,0,0,0
27341,2458,2385,1325,924
132660,152,65,504,191
9679,978,605,1850,661
389558,21,29,1,82
389384,1,13,7,5
441525,0,0,0,0
57402,59,278,16,280
23254,627,382,2109,587
728661,1412,489,3403,1079
165186,28,35,288,60
389761,0,0,0,0
100131211,101,43,315,161
9729,79,0,5,16
23708,301,164,240,172
254272,0,0,0,0
84933,490,158,348,192
284340,0,3,0,0
10821,3,4,3,0
139562,2,4,5,0
3146,8744,2540,14745,7030
8510,273,133,45,59
400745,29,2,72,6
388182,40,42,20,15
139735,145,5,107,30
9437,1,0,0,0
644943,60,114,1,92
127534,0,1,0,1
574452,0,0,0,0
284521,0,0,1,0
282991,1516,633,1081,624
10388,100,30,124,22
3556,149,19,166,74
11122,1,5,0,3
4604,0,0,0,0
5079,3,9,12,2
403278,0,0,0,0
390261,0,0,0,0
3125,10986,969,3389,1352
50859,1,1,0,5
163223,0,1,22,14
374879,9,5,88,16
255926,0,0,0,0
23424,317,69,273,308
90835,384,291,136,134
390275,0,0,0,0
653319,1043,262,2820,345
3123,17,6,3873,2309
317701,7,3,10,23
4661,5,3,18,0
12,521,92,6,132
8644,7862,7968,1894,3636
26010,1817,1072,2460,2135
58500,215,186,592,229
151525,257,226,431,444
7633,134,57,117,66
6275,5596,2627,2277,1054
25894,609,13,233,97
85290,0,0,0,0
79633,125,18,1285,154
389649,0,1,0,2
124602,11,2,86,2
81448,0,0,0,0
148213,28,14,41,18
36,606,2536,2095,6076
83931,931,1263,1836,961
26476,0,0,0,0
9725,1599,1866,3240,1982
1510,14,2,3,2
64218,221,372,810,311
646962,483,145,66,216
54737,824,780,1565,767
441191,481,252,329,226
9687,25,36,18,115
284759,105,2,126,9
90321,323,233,426,230
6261,184,15,179,44
9901,238,93,112,171
387266,0,0,1,0
63939,329,197,317,271
442038,0,0,0,0
203068,1265,334,562,292
26707,0,0,0,0
84458,526,212,557,368
6829,4266,3640,3835,1404
63929,785,260,1640,686
401992,0,0,0,0
81472,1,0,1,0
148824,1,0,1,0
439916,2,1,7,2
51427,133,25,100,55
219873,0,0,0,0
389376,13,23,3,24
5478,89512,30360,30506,22540
57573,60,72,1587,252
162962,142,64,181,53
284443,159,81,360,201
283601,1,0,0,3
84163,931,729,761,251
2917,4,1,17,3
8464,482,141,189,168
441925,0,1,1,0
60491,404,250,424,502
487,72,5,213,37
3376,2204,471,1585,1785
9883,725,75,3612,547
29068,1031,770,1483,1109
55340,1309,604,1187,622
56164,7,6,30,21
94027,5,0,22,0
54413,37,5,36,18
283159,0,0,0,0
131,0,1,0,0
55888,48,39,51,24
100287226,0,0,1,0
1604,835,180,434,396
131034,2,22,5,48
147929,146,35,167,41
84628,66,10,44,11
1995,0,0,4,1
11091,793,478,763,659
9361,4100,3012,7666,2704
8295,978,112,1796,533
55190,45,10,3,4
647135,140,54,1853,503
2526,227,60,313,118
79754,3811,7276,731,2656
222553,18,7,20,25
80778,129,85,292,146
7699,323,188,529,299
388324,51,37,206,63
342132,52,17,139,71
5770,1955,229,3694,1157
51466,2819,582,1458,467
64648,0,0,0,0
284486,34,25,314,40
124056,8,20,4,4
2050,618,654,1261,858
5657,15,0,53,0
91661,240,69,632,163
7678,92,75,194,55
2547,9640,7381,5783,5633
6276,15,57,2,16
284739,110,42,23,6
9858,371,324,761,947
148545,4,0,0,0
9819,753,257,413,544
1413,3,2,0,0
438,10,0,2,1
440348,193,205,217,282
124907807,193,205,217,282
124907808,193,205,217,282
148266,49,76,226,111
100131755,353,328,461,293
79693,281,72,188,202
27153,254,77,553,159
30849,931,171,244,695
285971,405,146,760,165
100289635,366,108,1161,327
6399,413,169,539,253
731220,88,7,26,7
140465,2820,4795,1726,1397
90576,188,68,103,104
8823,0,0,0,0
6477,608,135,524,308
2712,0,0,0,0
140680,374,197,834,247
2104,101,271,357,778
79711,1508,507,1145,839
9612,5130,460,8704,1219
6817,2347,2488,627,1081
132946,39,4,9,7
55660,611,419,2449,1230
54834,114,128,234,331
85012,1728,547,1126,1035
51434,1920,1078,979,791
27010,184,110,184,86
6536,74,19,102,64
60312,528,64,1455,180
4666,40214,9760,12949,17019
399687,2182,1176,2892,1132
343173,0,0,0,1
165679,3,2,1,3
54785,483,516,514,296
4122,747,105,5610,1076
4311,2076,5825,312,18661
729533,46,15,33,13
440184,0,16,0,8
8912,349,210,961,551
55959,19284,3382,4463,1828
3048,21,41,8,19
3908,289,29,220,209
345456,1,6,0,37
23654,10800,6287,9998,4181
81050,0,0,0,0
55966,322,122,403,219
7516,72,14,79,45
4646,912,2903,2782,2442
57591,1181,272,1394,350
729458,0,0,0,0
3066,983,268,1453,1202
158431,54,50,53,98
387601,14,2,14,3
728378,0,0,0,0
162993,220,124,150,110
100505555,220,124,150,110
3120,0,0,1,0
4312,538,14,129,7
125,95,587,72,854
7366,0,1,1,0
6925,1088,252,1204,317
65267,41,36,142,135
106182249,0,3,2,0
57001,707,179,520,418
3269,606,43,183,51
55684,1997,3470,1340,1661
7695,124,71,404,132
23660,532,238,433,264
91392,25,29,46,50
51399,1303,926,1021,1012
150737,132,214,294,188
55532,4,1,14,1
9895,300,158,1560,396
51284,427,15,81,21
399888,1,6,32,2
100287569,105,46,216,45
643836,1100,493,479,322
112479,182,156,323,180
54543,34126,15410,8412,11628
107986346,34126,15410,8412,11628
84941,120,5,79,23
7442,198,159,384,341
7582,1043,588,2208,1322
283970,639,88,1300,529
57473,656,199,1289,722
51321,3257,2880,1723,1147
170959,240,72,163,147
389658,0,0,0,1
4763,1359,812,1203,542
154807,1208,335,667,490
147686,52,82,215,80
1612,1085,178,1632,769
353132,0,0,0,1
3117,22,6,3377,1106
85301,1232,576,16830,1403
2760,6035,1005,1582,562
8329,2,2,22,1
389383,3,0,0,0
6273,487,8036,91,1101
388796,929,261,302,165
90592,417,101,288,250
5456,0,5,0,14
284532,0,0,0,0
961,4046,939,871,959
390036,0,0,0,0
7088,872,79,1048,375
55534,130,91,1340,125
8969,19,0,14,2
29966,321,169,665,295
8187,189,30,177,66
408187,0,0,0,0
6701,0,0,0,0
1146,2,1,17,2
80345,177,117,240,139
89853,246,62,346,105
64771,2906,1845,5426,2835
390439,0,0,0,0
653269,9,0,26,8
100,945,26,303,45
10865,863,175,581,205
399967,2,0,4,5
160760,1169,252,1453,974
390792,30,0,5,0
387990,7,2,5,5
285190,0,0,0,0
374354,462,253,686,444
3013,0,3,0,1
140612,40,78,203,177
343990,93,52,195,137
150472,332,662,711,677
445571,332,662,711,677
644019,332,662,711,677
6334,117,137,254,138
3914,3611,193,118,223
128312,6,14,14,1
389320,0,1,0,0
3841,165,159,261,237
57730,106,116,235,53
23365,1921,1047,6177,3059
27198,37,21,45,55
9260,3407,286,1922,443
2316,32051,6620,5081,3341
219623,199,139,9,53
57522,311,148,674,172
10447,2401,605,2119,1419
161424,1002,674,1638,1020
127074,0,0,0,0
440077,0,0,0,0
57181,570,160,621,308
100129858,170,116,39,67
124900785,170,116,39,67
837,3516,415,570,469
160,1950,327,2647,1620
199704,412,467,272,295
170384,906,115,2794,147
644596,36,75,102,150
307,10632,1114,11932,4428
8270,2907,1139,688,416
401554,5,1,3,4
54554,289,108,163,148
642968,0,0,1,2
100507607,12,0,9,0
11152,3983,3714,1332,1664
51108,3013,3367,9079,5080
7697,184,64,108,97
353088,40,106,276,156
388566,104,248,331,161
29950,1922,673,561,265
163227,3,5,84,36
541578,1184,568,768,593
57541,394,169,419,191
221785,267,94,679,277
309,13010,4523,4586,3797
126068,156,80,738,232
2764,555,458,1060,992
284266,71,5,34,10
147923,95,73,278,104
284390,137,105,148,94
79830,91,57,128,78
401124,2,2,10,1
8364,4,7,0,4
7741,314,192,785,319
4097,533,119,931,502
92714,981,566,783,723
85379,821,340,1492,592
3886,1,0,1,0
3482,2573,1922,2509,2290
353133,3,12,0,19
404744,20,19,3,61
79690,1206,24,170,26
1778,7219,5352,5236,3483
388662,53,55,290,131
282617,0,0,0,0
5094,19609,5407,16879,11628
84619,1139,9012,1092,1292
123096,542,419,2372,1358
80055,75,73,456,137
6714,1066,306,1949,896
168417,0,0,0,0
91120,45,76,94,52
26493,1,0,0,0
400720,36,62,482,191
113835,18,1,40,94
399909,971,271,1674,750
203102,94,16,125,66
51703,2539,97,261,226
23507,246,75,229,131
11194,1418,1189,1416,724
8356,0,0,0,0
27044,11091,2267,3423,1844
146540,253,75,513,136
6799,43,184,20,143
341676,71,47,39,70
5718,896,430,1205,732
4102,1,0,0,0
4105,1,0,0,0
100129345,0,0,0,0
84435,108,14,0,23
158960,384,1023,126,240
55124,7,7,10,13
150381,857,63,186,114
400931,857,63,186,114
124905135,857,63,186,114
140688,725,405,350,369
375791,27,145,98,129
6583,367,198,117,325
342933,2,1,4,0
9583,469,137,1718,501
10438,430,651,725,682
23061,5864,1356,10254,2350
26740,0,0,0,0
8363,905,195,122,53
155184,1,0,3,0
79927,78,59,48,61
5265,232717,18673,2066,13138
401253,31,5,9,4
64499,190,34,2,60
25959,2405,350,9355,1112
135398,80,9,6,2
2961,660,470,480,496
246778,5,1,3,0
2980,0,0,0,0
25788,81,21,158,13
7718,47,95,34,45
8831,1442,12,2439,432
100190938,27,35,112,25
128486,486,346,672,411
641,122,5,6,9
100129940,10,25,1,42
124411,317,64,411,228
399717,4,801,1,177
84301,446,370,797,696
6840,598,416,6898,1626
51592,270,446,981,431
26020,4725,2370,8088,3788
57162,328,63,1741,250
79027,1134,522,1908,1089
219927,2543,3060,1168,1504
137797,2,5,11,0
91373,356,359,1744,598
148198,0,10,2,20
283807,15,21,39,22
136051,112,19,179,84
340385,241,189,573,233
171392,82,16,98,57
6584,1744,645,2077,5077
147906,378,74,283,87
104,849,172,648,413
344787,32,5,7,17
3064,752,702,3636,1116
128372,0,0,0,0
728,445,36,605,122
1735,50,3,0,9
1555,10,214,8,355
8351,0,0,3,0
54798,10,8,13,19
79674,1068,1352,267,930
646486,0,0,0,0
23729,219,733,436,880
2679,199,128,349,45
390038,0,0,0,0
3652,127,115,204,125
93377,0,0,0,0
441933,0,0,0,0
4217,421,157,906,476
55753,1109,12980,6753,14236
1572,1,0,14,0
373156,19499,10257,3426,9089
3182,7777,1150,3496,1796
81466,0,0,0,0
50861,4343,202,1260,330
5154,1132,163,2609,311
2996,17,5,14,10
1305,127,13,13,16
6693,259,17,209,29
57116,35,26,3,13
56125,134,8,20,20
89887,233,72,313,87
85569,0,0,0,0
81031,492,92,294,64
79788,121,15,100,30
84154,1233,744,338,431
144360,1,1,2,0
64078,4,0,6,1
400823,8,0,11,10
142678,1450,1417,2125,812
391112,0,0,0,0
4644,511,87,1052,526
3004,211,19,31,23
10533,1649,902,1394,657
26037,1451,486,914,1123
92104,129,159,492,194
23145,34,110,148,56
1991,9,2,3,2
57799,1087,318,1032,472
23556,176,209,589,277
1288,2,89,8,71
57547,23,68,109,47
11147,261,265,191,171
3201,503,62,616,121
10210,190,112,315,380
83875,55,82,54,60
10242,23,41,10,49
955,4268,2060,2175,1568
127343,0,2,5,2
391189,0,0,0,0
5167,789,321,35,442
645811,82,45,35,12
84188,660,251,1286,409
65250,169,80,1151,349
284371,91,83,381,96
8076,22,40,12,9
4624,0,0,0,0
284370,96,63,700,145
91966,1537,1012,772,610
56882,1627,230,2095,897
219972,2432,235,1012,314
5055,0,0,0,0
1803,996,2567,6460,8617
5275,0,0,0,0
80380,123,19,62,35
163059,162,133,290,190
196477,0,0,0,0
196385,12,24,33,14
283238,4,20,10,140
388818,0,0,0,0
6709,6099,7503,2744,3120
4828,3415,886,438,215
55742,2036,642,1571,1064
57565,1,28,19,98
254783,0,0,0,0
92689,972,372,757,361
6120,621,649,1303,704
10794,10,7,111,30
1379,11,12,83,10
5253,485,106,746,292
6231,26554,15772,3674,6288
283579,1,2,6,0
404552,0,0,0,0
5660,87988,52858,165175,38360
6281,16330,2734,6079,1730
80217,71,78,54,107
222662,22,11,42,20
6168,204397,130384,39205,38613
3223,432,64,663,167
114112,459,273,196,153
1675,2909,90,153,131
441476,10,34,247,99
440738,6,1,37,4
79892,1077,300,1433,690
197342,454,200,968,333
122773,53,21,326,62
347344,113,169,312,58
6884,454,470,401,393
284323,524,301,138,89
55210,433,295,697,326
219965,0,0,0,0
119772,0,0,0,0
79607,469,196,341,273
92283,66,27,246,56
100499483,170,251,172,185
23315,509,197,823,404
100506658,227,302,23,661
255119,74,33,3,10
121504,26,10,114,18
1553,0,0,0,0
339318,267,62,601,302
26494,0,0,0,0
55924,412,772,233,352
51710,266,362,350,466
8733,5126,7329,4957,2630
9719,488,405,173,751
54557,114,28,491,66
388536,48,225,369,131
5544,0,0,1,2
81553,314,22,634,36
4641,4012,1918,6423,2373
259283,18,0,14,0
28512,180,282,212,295
219958,0,0,0,0
7367,1,3,0,0
644890,34,14,12,8
116085,88,11677,91,14255
23303,407,399,2169,1701
4892,38,4,411,42
128,2385,3651,7668,7806
9356,57,28971,31,17769
85236,104,3,106,36
7004,1205,194,291,196
6687,1942,1712,4539,1665
101930112,1942,1712,4539,1665
388697,4,1,22,3
3439,1,0,0,0
388585,4,0,0,0
342926,158,82,397,133
30001,1906,387,4035,392
55552,147,84,114,125
100996571,5,15,23,11
282890,8,1,18,6
84671,208,154,220,105
79310,0,0,0,0
5336,496,812,553,1812
105369213,496,812,553,1812
89848,716,87,300,162
58491,176,125,338,160
344752,0,0,0,0
6277,66673,64995,11076,16764
6136,79398,33570,14625,17025
26052,180,39,237,121
7675,612,242,578,261
9019,3454,373,2483,809
23230,1260,611,329,910
4155,423,665,2140,544
8227,1530,232,2351,814
54898,21,0,40,7
440295,26,16,537,23
389170,70,9,69,26
127687,3223,8210,2581,2101
85028,2054,184,450,157
64881,0,0,0,0
283420,46,8,47,41
3792,20,1,2,1
55035,500,172,373,318
51135,617,161,749,281
115948,149,170,276,103
9228,0,0,56,36
28977,1285,715,1116,855
57089,64,14,89,67
30014,0,0,0,1
63925,1058,256,1011,350
147741,1,0,1,1
7278,0,2,0,0
6191,92890,30899,57733,37933
10793,90,21,81,28
7637,489,553,1133,426
84549,264,190,281,168
63934,47,74,737,110
553,8,2,13,12
140885,5230,833,9922,1170
84677,1,3,8,1
2870,1082,171,658,311
5557,154,36,82,54
54708,481,223,1593,866
23784,1,0,1,1
613037,26,9,62,16
57016,20,42,1,78
27233,15,12,3751,159
1549,0,0,6,0
7541,258,118,965,261
81870,0,0,0,0
23607,742,538,941,923
54830,94,38,5,130
9814,801,389,1239,312
81871,0,0,0,0
389208,0,0,0,1
65251,100,111,477,149
127,19,41,18,26
254879,0,0,0,0
57209,330,132,1566,274
337876,86,2,46,8
54863,538,46,616,99
1902,174,84,249,120
4151,26,11,19,3
391192,0,0,0,0
245910,0,0,0,0
503614,0,0,0,0
124906743,0,0,0,0
26275,508,1871,1071,3242
27300,454,480,864,318
161145,167,50,255,44
65124,185,248,525,492
54989,601,467,3258,1092
728741,8,12,10,6
79366,223,923,346,491
57708,504,205,667,380
10905,680,375,1487,488
258010,1009,853,735,767
90987,51,0,99,8
65992,4693,5139,3108,2225
442444,0,0,6,0
7027,444,1152,702,510
170482,2,3,46,1
84775,235,65,320,155
51297,0,0,0,0
55713,240,101,458,117
51170,1362,2481,577,1915
23334,955,573,2151,784
6819,1044,1746,3843,3609
7789,63,42,258,64
83694,76,90,422,84
777,45,33,37,46
54870,723,214,1872,962
26238,122,97,64,55
1438,363,108,176,83
11325,2215,953,3982,1640
6147,59310,30441,9410,12562
55315,734,310,204,116
6815,317,230,340,264
59286,35705,21751,7222,7970
9931,420,534,1373,580
89894,347,635,971,967
85289,0,0,0,0
54963,1518,618,2320,771
219968,0,0,0,0
84433,1461,4,232,56
220992,88,25,75,37
5178,50,76,5390,185
55153,251,30,999,453
7745,417,175,1412,366
144717,438,258,370,244
100288797,1,1,1,1
219844,176,125,104,109
4635,57,8,26,1
79973,60,81,71,129
126017,164,62,193,80
3221,202,362,1033,224
340578,26,3,1,4
415116,2091,452,2275,1344
439,6051,3685,3214,3243
101928372,26,5,73,16
444,2522,525,7279,1644
200734,228,113,531,253
11060,931,780,5057,1033
2673,892,433,1499,861
7405,301,130,893,388
140258,0,0,0,0
7574,312,130,1388,441
131920,2,682,0,487
50618,600,318,1205,577
4914,93,53,1,51
10724,3510,1967,5930,3284
4494,670,66399,1002,17197
9747,751,297,1624,617
7620,202,140,94,142
7296,1297,719,1658,1096
441478,155,2,143,11
147949,47,19,125,103
85285,0,0,0,0
150160,0,1,0,0
374900,82,62,552,132
158586,191,59,420,135
1589,2,1,43,15
147657,1380,325,629,416
84914,400,246,507,265
7169,11557,2967,3002,2275
642946,142,186,17,44
344892,3,1,669,0
83699,282,276,253,712
388558,179,87,423,179
148741,221,36,24,32
192134,0,0,2,1
101929106,1,0,0,1
51441,1383,1387,2037,1088
10230,170,143,108,88
55319,306,172,269,199
3127,7,1,21,13
51062,89,13,173,122
1259,27,88,9,75
7975,1340,284,2193,584
339541,40,62,25,21
7594,88,12,84,55
11321,1044,679,1109,802
5350,570,231,277,657
145741,4,5,8,2
7576,288,119,89,127
9358,1676,21,30,73
118472,1472,946,509,578
199692,237,105,293,259
283518,18,10,38,19
11169,74,20,72,43
285989,298,101,365,212
1500,4180,1443,6093,5044
7919,37,151,70,32
142680,20,4177,136,1743
343035,2,6,4,2
64663,0,0,0,0
117157,11,3,38,5
23237,9,6,60,8
131870,3117,2345,1543,4793
9874,547,466,1220,663
987,928,934,1525,1314
339883,30,10,39,22
9745,0,6,1,5
4326,51,16,1511,12
391194,0,0,0,0
11177,534,226,483,139
1109,24,3,2,2
10920,1479,714,2862,1618
26112,394,199,482,359
4194,411,110,1455,475
6262,152,4,280,54
147658,0,3,8,0
55958,598,229,706,616
131177,13,28,0,22
23054,1685,765,650,412
27347,1032,160,495,138
6898,6,13,3,7
221477,2203,1383,3861,2140
801,9638,7525,11014,14153
4018,4,7,5,22
338811,50,20,10,43
9652,1311,524,2665,1349
286319,484,211,1069,343
4100,0,0,0,0
9060,832,275,311,645
23434,2,0,0,2
10479,426,176,576,285
22909,192,98,892,249
24,22,26,40,49
9086,1815,1922,6,2
4541,34769,27830,64393,80000
55705,1226,1607,1493,673
257202,0,0,2,0
80184,306,68,786,252
619518,9,0,31,15
4513,445193,1021830,276708,692120
112770,4031,7213,1875,1953
23116,209,104,536,288
28514,60,11,206,68
124930,169,17,200,28
10455,2717,9883,3523,6832
10497,799,950,1618,1967
374877,19,10,4,8
4519,245768,288226,157543,991087
8861,870,96,4023,925
81706,298,99,15,215
9646,828,550,1619,1129
64093,584,13,43,12
2153,686,255,7705,124
51734,3776,5441,1538,2902
347731,0,0,0,1
22834,760,414,349,448
57154,695,96,694,384
6526,927,938,8092,1330
63906,523,1376,452,281
9578,1133,583,6727,1461
5365,77,6,6,38
64064,57,23,72,5
4736,63082,32217,14271,15311
23127,30,35,29,44
79574,1234,2,1,2
25975,29,2,6,22
4536,228229,217241,312916,615216
6847,6,2,9,2
164284,114,22,45,26
92241,556,79,530,206
9182,41,14,4,47
26049,8,5,7,79
91603,432,134,545,321
116443,23,8,2,9
4540,65085,42452,110111,138050
29883,592,669,2603,1681
25829,1426,186,2405,583
2475,820,612,1346,1087
192683,1472,1807,1282,1121
25925,287,98,1658,137
115701,1295,524,3995,879
57795,2,1,0,1
4114,0,0,0,0
9860,256,390,950,378
4512,741159,1225761,1316805,2543622
4860,2883,4223,1790,5297
5083,5,12,10,9
376132,7,1,3,1
2710,301,1705,431,3324
22887,649,307,12743,674
140467,3897,3358,2554,1532
113402,1967,721,1303,953
919,429,51,136,34
2913,5,2,8,2
283489,139,161,310,163
22876,710,300,408,325
9824,58,0,48,0
56670,26,538,37,770
3151,9196,5431,4352,3848
140606,13581,8066,1779,1820
51465,1467,656,1329,791
57165,64,19,14,16
4976,881,496,1163,1033
9909,712,211,3399,482
6263,78,22,21,67
11179,843,606,258,300
4537,404330,483793,185030,905442
112970,232,144,278,189
92235,6,3,2,3
51714,2629,1075,3078,2613
22899,469,161,594,263
9760,58,26,51,49
1066,76,177,1,34
916,607,17,193,78
9853,1177,244,1060,729
100129271,0,0,0,0
11153,270,33,264,125
58505,3163,868,1264,1183
91300,1926,816,1517,712
116461,491,1257,470,530
26046,169,35,903,232
146923,360,219,943,424
100129792,5906,24092,185,1357
169436,29,30,15,18
2869,414,43,879,144
55253,504,172,699,366
25853,556,140,583,512
57713,247,14,790,69
142689,10,13,7,6
114824,18,10,2,5
150771,55,9,41,16
4538,502378,545686,580572,1405414
23137,299,150,678,270
4535,163700,241446,144330,515211
139170,183,7,0,109
55170,222,201,499,326
149345,560,205,536,326
85457,245,279,1781,460
830,2014,1058,10481,3657
4508,315673,444564,240810,794079
7150,1039,271,2413,1274
9055,351,27,133,48
80823,83,94,229,135
4215,547,133,1799,543
3897,26,79,78,363
6721,990,966,3282,1479
339448,458,204,526,378
5455,716,339,3220,710
221002,127,26,218,64
51490,1450,2802,500,885
6170,199182,54859,14529,20340
9666,627,251,442,493
9851,320,101,507,216
9937,195,66,248,207
79065,1488,1675,3506,1114
9722,3,2,81,41
158511,1,1,2,0
353,4677,7898,1915,1947
9737,231,167,1176,655
9755,311,311,1250,338
57692,112,29,428,85
154467,2204,1194,589,418
4514,609584,1352404,341488,1645831
80108,75,43,245,49
134548,84,75,2,134
84456,231,54,236,163
1756,320,162,220,189
9848,741,1058,4967,911
101928198,741,1058,4967,911
4668,2558,684,2099,1064
23381,2396,2074,6712,1886
26128,605,156,730,478
7052,9373,327,1942,750
54470,1415,148,1289,654
9867,2053,1023,3624,2064
6096,90,34,3,18
259230,525,231,785,564
343406,0,0,0,0
128368,0,0,0,0
406887,0,0,0,0
494324,0,0,0,0
407034,0,0,0,0
406882,0,0,0,0
554210,0,0,0,8
494329,0,0,0,0
554213,0,0,0,0
442910,0,0,0,0
406951,0,0,0,0
442908,0,0,0,0
406901,0,0,1,0
554212,0,0,0,0
442915,0,0,0,0
574433,0,0,0,0
494326,0,0,0,0
406904,0,0,0,0
494330,0,0,0,0
442907,0,1,2,3
406896,6,1,2,2
442914,0,0,0,0
406885,0,0,0,2
442916,0,0,0,0
494337,0,0,0,0
406895,0,0,0,0
407002,0,3,1,1
406992,37,0,35,3
442904,0,0,0,0
494327,4,1,2,3
494323,0,0,0,0
442898,1,0,1,2
442891,0,0,0,0
406894,0,0,0,0
442897,0,0,0,0
406888,0,1,1,0
407015,0,0,0,1
406918,0,0,0,0
442890,0,0,0,0
442909,0,1,0,0
406940,0,0,0,0
494328,0,0,0,0
442900,0,0,0,0
574434,0,0,0,0
407032,1,0,5,1
442917,0,0,0,0
442895,0,0,0,0
442911,0,0,0,0
574413,0,0,0,0
693121,0,0,0,0
407017,0,0,0,0
442892,0,0,0,0
494332,0,0,0,0
100126355,0,0,0,0
554214,0,0,0,0
406886,4,3,5,1
406893,0,0,0,0
442918,0,0,0,0
442896,0,0,0,0
406890,0,0,0,1
442905,0,0,0,0
407033,0,0,0,0
494334,0,0,0,0
406990,0,0,0,0
407053,0,0,0,0
406913,2,0,3,0
406881,0,0,0,1
442919,0,0,0,0
442912,0,0,0,0
442903,0,0,1,0
407035,0,0,0,0
406891,0,0,4,0
26766,0,0,0,0
677837,13,0,5,6
100169763,4,5,0,0
124905422,4,5,0,0
124905424,4,5,0,0
124905425,4,5,0,0
124905426,4,5,0,0
124905427,4,5,0,0
124905428,4,5,0,0
124905429,4,5,0,0
124905430,4,5,0,0
124905431,4,5,0,0
124905432,4,5,0,0
124905433,4,5,0,0
124905434,4,5,0,0
124905435,4,5,0,0
124905436,4,5,0,0
124905437,4,5,0,0
124905438,4,5,0,0
124905754,4,5,0,0
124905755,4,5,0,0
124905756,4,5,0,0
124905757,4,5,0,0
124905758,4,5,0,0
124905759,4,5,0,0
124905760,4,5,0,0
124905761,4,5,0,0
124905762,4,5,0,0
124905763,4,5,0,0
124905764,4,5,0,0
124905765,4,5,0,0
124905768,4,5,0,0
124905769,4,5,0,0
124905770,4,5,0,0
124905771,4,5,0,0
124905772,4,5,0,0
124905773,4,5,0,0
124905774,4,5,0,0
124905775,4,5,0,0
124905776,4,5,0,0
124905777,4,5,0,0
124905778,4,5,0,0
124905779,4,5,0,0
124905780,4,5,0,0
124905781,4,5,0,0
124905782,4,5,0,0
124905783,4,5,0,0
124905784,4,5,0,0
124905785,4,5,0,0
124905786,4,5,0,0
124905787,4,5,0,0
124905788,4,5,0,0
124905791,4,5,0,0
124905792,4,5,0,0
124905793,4,5,0,0
124905794,4,5,0,0
124905795,4,5,0,0
124905796,4,5,0,0
124905797,4,5,0,0
124905798,4,5,0,0
124905800,4,5,0,0
124905801,4,5,0,0
124905802,4,5,0,0
124905803,4,5,0,0
124905804,4,5,0,0
124905805,4,5,0,0
124905807,4,5,0,0
124905819,4,5,0,0
124905822,4,5,0,0
124905823,4,5,0,0
124905824,4,5,0,0
124905825,4,5,0,0
124905826,4,5,0,0
124905827,4,5,0,0
124905828,4,5,0,0
124905829,4,5,0,0
124905830,4,5,0,0
124905831,4,5,0,0
124905832,4,5,0,0
124905833,4,5,0,0
124905834,4,5,0,0
124905835,4,5,0,0
124905836,4,5,0,0
124905837,4,5,0,0
124905838,4,5,0,0
124905839,4,5,0,0
124905840,4,5,0,0
124905841,4,5,0,0
124905842,4,5,0,0
124905843,4,5,0,0
124905844,4,5,0,0
124905845,4,5,0,0
124905846,4,5,0,0
619505,0,0,0,0
100033808,0,0,0,0
100169762,4,5,0,0
124905422,4,5,0,0
124905424,4,5,0,0
124905425,4,5,0,0
124905426,4,5,0,0
124905427,4,5,0,0
124905428,4,5,0,0
124905429,4,5,0,0
124905430,4,5,0,0
124905431,4,5,0,0
124905432,4,5,0,0
124905433,4,5,0,0
124905434,4,5,0,0
124905435,4,5,0,0
124905436,4,5,0,0
124905437,4,5,0,0
124905438,4,5,0,0
124905754,4,5,0,0
124905755,4,5,0,0
124905756,4,5,0,0
124905757,4,5,0,0
124905758,4,5,0,0
124905759,4,5,0,0
124905760,4,5,0,0
124905761,4,5,0,0
124905762,4,5,0,0
124905763,4,5,0,0
124905764,4,5,0,0
124905765,4,5,0,0
124905768,4,5,0,0
124905769,4,5,0,0
124905770,4,5,0,0
124905771,4,5,0,0
124905772,4,5,0,0
124905773,4,5,0,0
124905774,4,5,0,0
124905775,4,5,0,0
124905776,4,5,0,0
124905777,4,5,0,0
124905778,4,5,0,0
124905779,4,5,0,0
124905780,4,5,0,0
124905781,4,5,0,0
124905782,4,5,0,0
124905783,4,5,0,0
124905784,4,5,0,0
124905785,4,5,0,0
124905786,4,5,0,0
124905787,4,5,0,0
124905788,4,5,0,0
124905791,4,5,0,0
124905792,4,5,0,0
124905793,4,5,0,0
124905794,4,5,0,0
124905795,4,5,0,0
124905796,4,5,0,0
124905797,4,5,0,0
124905798,4,5,0,0
124905800,4,5,0,0
124905801,4,5,0,0
124905802,4,5,0,0
124905803,4,5,0,0
124905804,4,5,0,0
124905805,4,5,0,0
124905807,4,5,0,0
124905819,4,5,0,0
124905822,4,5,0,0
124905823,4,5,0,0
124905824,4,5,0,0
124905825,4,5,0,0
124905826,4,5,0,0
124905827,4,5,0,0
124905828,4,5,0,0
124905829,4,5,0,0
124905830,4,5,0,0
124905831,4,5,0,0
124905832,4,5,0,0
124905833,4,5,0,0
124905834,4,5,0,0
124905835,4,5,0,0
124905836,4,5,0,0
124905837,4,5,0,0
124905838,4,5,0,0
124905839,4,5,0,0
124905840,4,5,0,0
124905841,4,5,0,0
124905842,4,5,0,0
124905843,4,5,0,0
124905844,4,5,0,0
124905845,4,5,0,0
124905846,4,5,0,0
100169754,4,5,0,0
100169763,4,5,0,0
124905422,4,5,0,0
124905424,4,5,0,0
124905425,4,5,0,0
124905426,4,5,0,0
124905427,4,5,0,0
124905428,4,5,0,0
124905429,4,5,0,0
124905430,4,5,0,0
124905431,4,5,0,0
124905432,4,5,0,0
124905433,4,5,0,0
124905434,4,5,0,0
124905435,4,5,0,0
124905436,4,5,0,0
124905437,4,5,0,0
124905438,4,5,0,0
124905754,4,5,0,0
124905755,4,5,0,0
124905756,4,5,0,0
124905757,4,5,0,0
124905758,4,5,0,0
124905759,4,5,0,0
124905760,4,5,0,0
124905761,4,5,0,0
124905762,4,5,0,0
124905763,4,5,0,0
124905764,4,5,0,0
124905765,4,5,0,0
124905768,4,5,0,0
124905769,4,5,0,0
124905770,4,5,0,0
124905771,4,5,0,0
124905772,4,5,0,0
124905773,4,5,0,0
124905774,4,5,0,0
124905775,4,5,0,0
124905776,4,5,0,0
124905777,4,5,0,0
124905778,4,5,0,0
124905779,4,5,0,0
124905780,4,5,0,0
124905781,4,5,0,0
124905782,4,5,0,0
124905783,4,5,0,0
124905784,4,5,0,0
124905785,4,5,0,0
124905786,4,5,0,0
124905787,4,5,0,0
124905788,4,5,0,0
124905791,4,5,0,0
124905792,4,5,0,0
124905793,4,5,0,0
124905794,4,5,0,0
124905795,4,5,0,0
124905796,4,5,0,0
124905797,4,5,0,0
124905798,4,5,0,0
124905800,4,5,0,0
124905801,4,5,0,0
124905802,4,5,0,0
124905803,4,5,0,0
124905804,4,5,0,0
124905805,4,5,0,0
124905807,4,5,0,0
124905819,4,5,0,0
124905822,4,5,0,0
124905823,4,5,0,0
124905824,4,5,0,0
124905825,4,5,0,0
124905826,4,5,0,0
124905827,4,5,0,0
124905828,4,5,0,0
124905829,4,5,0,0
124905830,4,5,0,0
124905831,4,5,0,0
124905832,4,5,0,0
124905833,4,5,0,0
124905834,4,5,0,0
124905835,4,5,0,0
124905836,4,5,0,0
124905837,4,5,0,0
124905838,4,5,0,0
124905839,4,5,0,0
124905840,4,5,0,0
124905841,4,5,0,0
124905842,4,5,0,0
124905843,4,5,0,0
124905844,4,5,0,0
124905845,4,5,0,0
124905846,4,5,0,0
26829,0,1,0,0
100169751,4,5,0,0
124905422,4,5,0,0
124905424,4,5,0,0
124905425,4,5,0,0
124905426,4,5,0,0
124905427,4,5,0,0
124905428,4,5,0,0
124905429,4,5,0,0
124905430,4,5,0,0
124905431,4,5,0,0
124905432,4,5,0,0
124905433,4,5,0,0
124905434,4,5,0,0
124905435,4,5,0,0
124905436,4,5,0,0
124905437,4,5,0,0
124905438,4,5,0,0
124905754,4,5,0,0
124905755,4,5,0,0
124905756,4,5,0,0
124905757,4,5,0,0
124905758,4,5,0,0
124905759,4,5,0,0
124905760,4,5,0,0
124905761,4,5,0,0
124905762,4,5,0,0
124905763,4,5,0,0
124905764,4,5,0,0
124905765,4,5,0,0
124905768,4,5,0,0
124905769,4,5,0,0
124905770,4,5,0,0
124905771,4,5,0,0
124905772,4,5,0,0
124905773,4,5,0,0
124905774,4,5,0,0
124905775,4,5,0,0
124905776,4,5,0,0
124905777,4,5,0,0
124905778,4,5,0,0
124905779,4,5,0,0
124905780,4,5,0,0
124905781,4,5,0,0
124905782,4,5,0,0
124905783,4,5,0,0
124905784,4,5,0,0
124905785,4,5,0,0
124905786,4,5,0,0
124905787,4,5,0,0
124905788,4,5,0,0
124905791,4,5,0,0
124905792,4,5,0,0
124905793,4,5,0,0
124905794,4,5,0,0
124905795,4,5,0,0
124905796,4,5,0,0
124905797,4,5,0,0
124905798,4,5,0,0
124905800,4,5,0,0
124905801,4,5,0,0
124905802,4,5,0,0
124905803,4,5,0,0
124905804,4,5,0,0
124905805,4,5,0,0
124905807,4,5,0,0
124905819,4,5,0,0
124905822,4,5,0,0
124905823,4,5,0,0
124905824,4,5,0,0
124905825,4,5,0,0
124905826,4,5,0,0
124905827,4,5,0,0
124905828,4,5,0,0
124905829,4,5,0,0
124905830,4,5,0,0
124905831,4,5,0,0
124905832,4,5,0,0
124905833,4,5,0,0
124905834,4,5,0,0
124905835,4,5,0,0
124905836,4,5,0,0
124905837,4,5,0,0
124905838,4,5,0,0
124905839,4,5,0,0
124905840,4,5,0,0
124905841,4,5,0,0
124905842,4,5,0,0
124905843,4,5,0,0
124905844,4,5,0,0
124905845,4,5,0,0
124905846,4,5,0,0
26828,0,0,0,0
767583,0,0,0,1
100169756,4,5,0,0
124905422,4,5,0,0
124905424,4,5,0,0
124905425,4,5,0,0
124905426,4,5,0,0
124905427,4,5,0,0
124905428,4,5,0,0
124905429,4,5,0,0
124905430,4,5,0,0
124905431,4,5,0,0
124905432,4,5,0,0
124905433,4,5,0,0
124905434,4,5,0,0
124905435,4,5,0,0
124905436,4,5,0,0
124905437,4,5,0,0
124905438,4,5,0,0
124905754,4,5,0,0
124905755,4,5,0,0
124905756,4,5,0,0
124905757,4,5,0,0
124905758,4,5,0,0
124905759,4,5,0,0
124905760,4,5,0,0
124905761,4,5,0,0
124905762,4,5,0,0
124905763,4,5,0,0
124905764,4,5,0,0
124905765,4,5,0,0
124905768,4,5,0,0
124905769,4,5,0,0
124905770,4,5,0,0
124905771,4,5,0,0
124905772,4,5,0,0
124905773,4,5,0,0
124905774,4,5,0,0
124905775,4,5,0,0
124905776,4,5,0,0
124905777,4,5,0,0
124905778,4,5,0,0
124905779,4,5,0,0
124905780,4,5,0,0
124905781,4,5,0,0
124905782,4,5,0,0
124905783,4,5,0,0
124905784,4,5,0,0
124905785,4,5,0,0
124905786,4,5,0,0
124905787,4,5,0,0
124905788,4,5,0,0
124905791,4,5,0,0
124905792,4,5,0,0
124905793,4,5,0,0
124905794,4,5,0,0
124905795,4,5,0,0
124905796,4,5,0,0
124905797,4,5,0,0
124905798,4,5,0,0
124905800,4,5,0,0
124905801,4,5,0,0
124905802,4,5,0,0
124905803,4,5,0,0
124905804,4,5,0,0
124905805,4,5,0,0
124905807,4,5,0,0
124905819,4,5,0,0
124905822,4,5,0,0
124905823,4,5,0,0
124905824,4,5,0,0
124905825,4,5,0,0
124905826,4,5,0,0
124905827,4,5,0,0
124905828,4,5,0,0
124905829,4,5,0,0
124905830,4,5,0,0
124905831,4,5,0,0
124905832,4,5,0,0
124905833,4,5,0,0
124905834,4,5,0,0
124905835,4,5,0,0
124905836,4,5,0,0
124905837,4,5,0,0
124905838,4,5,0,0
124905839,4,5,0,0
124905840,4,5,0,0
124905841,4,5,0,0
124905842,4,5,0,0
124905843,4,5,0,0
124905844,4,5,0,0
124905845,4,5,0,0
124905846,4,5,0,0
692053,1,0,1,0
100033449,0,0,0,0
677814,14,0,4,3
100033801,0,0,0,0
26831,1,1,1,0
595100,0,0,0,0
767577,0,0,0,0
767592,0,1,0,0
26818,1,0,0,0
595097,0,0,0,0
100033803,0,0,0,0
100033437,0,0,0,0
26815,0,0,0,0
692227,154,59,21,30
100033446,0,0,0,0
619565,0,0,1,3
767581,0,0,0,0
100033603,0,0,0,0
100169761,4,5,0,0
124905422,4,5,0,0
124905424,4,5,0,0
124905425,4,5,0,0
124905426,4,5,0,0
124905427,4,5,0,0
124905428,4,5,0,0
124905429,4,5,0,0
124905430,4,5,0,0
124905431,4,5,0,0
124905432,4,5,0,0
124905433,4,5,0,0
124905434,4,5,0,0
124905435,4,5,0,0
124905436,4,5,0,0
124905437,4,5,0,0
124905438,4,5,0,0
124905754,4,5,0,0
124905755,4,5,0,0
124905756,4,5,0,0
124905757,4,5,0,0
124905758,4,5,0,0
124905759,4,5,0,0
124905760,4,5,0,0
124905761,4,5,0,0
124905762,4,5,0,0
124905763,4,5,0,0
124905764,4,5,0,0
124905765,4,5,0,0
124905768,4,5,0,0
124905769,4,5,0,0
124905770,4,5,0,0
124905771,4,5,0,0
124905772,4,5,0,0
124905773,4,5,0,0
124905774,4,5,0,0
124905775,4,5,0,0
124905776,4,5,0,0
124905777,4,5,0,0
124905778,4,5,0,0
124905779,4,5,0,0
124905780,4,5,0,0
124905781,4,5,0,0
124905782,4,5,0,0
124905783,4,5,0,0
124905784,4,5,0,0
124905785,4,5,0,0
124905786,4,5,0,0
124905787,4,5,0,0
124905788,4,5,0,0
124905791,4,5,0,0
124905792,4,5,0,0
124905793,4,5,0,0
124905794,4,5,0,0
124905795,4,5,0,0
124905796,4,5,0,0
124905797,4,5,0,0
124905798,4,5,0,0
124905800,4,5,0,0
124905801,4,5,0,0
124905802,4,5,0,0
124905803,4,5,0,0
124905804,4,5,0,0
124905805,4,5,0,0
124905807,4,5,0,0
124905819,4,5,0,0
124905822,4,5,0,0
124905823,4,5,0,0
124905824,4,5,0,0
124905825,4,5,0,0
124905826,4,5,0,0
124905827,4,5,0,0
124905828,4,5,0,0
124905829,4,5,0,0
124905830,4,5,0,0
124905831,4,5,0,0
124905832,4,5,0,0
124905833,4,5,0,0
124905834,4,5,0,0
124905835,4,5,0,0
124905836,4,5,0,0
124905837,4,5,0,0
124905838,4,5,0,0
124905839,4,5,0,0
124905840,4,5,0,0
124905841,4,5,0,0
124905842,4,5,0,0
124905843,4,5,0,0
124905844,4,5,0,0
124905845,4,5,0,0
124905846,4,5,0,0
767594,0,0,0,0
767597,0,0,0,0
100033451,0,0,0,0
677849,1,0,2,0
100033458,0,0,0,0
100033440,0,0,0,0
56664,1,0,0,0
767612,0,0,0,0
26832,2,0,0,0
100033456,0,0,0,0
26830,0,1,0,0
767566,0,0,0,0
26816,0,0,0,0
767588,0,1,0,0
6043,2,0,0,0
100169759,4,5,0,0
124905422,4,5,0,0
124905424,4,5,0,0
124905425,4,5,0,0
124905426,4,5,0,0
124905427,4,5,0,0
124905428,4,5,0,0
124905429,4,5,0,0
124905430,4,5,0,0
124905431,4,5,0,0
124905432,4,5,0,0
124905433,4,5,0,0
124905434,4,5,0,0
124905435,4,5,0,0
124905436,4,5,0,0
124905437,4,5,0,0
124905438,4,5,0,0
124905754,4,5,0,0
124905755,4,5,0,0
124905756,4,5,0,0
124905757,4,5,0,0
124905758,4,5,0,0
124905759,4,5,0,0
124905760,4,5,0,0
124905761,4,5,0,0
124905762,4,5,0,0
124905763,4,5,0,0
124905764,4,5,0,0
124905765,4,5,0,0
124905768,4,5,0,0
124905769,4,5,0,0
124905770,4,5,0,0
124905771,4,5,0,0
124905772,4,5,0,0
124905773,4,5,0,0
124905774,4,5,0,0
124905775,4,5,0,0
124905776,4,5,0,0
124905777,4,5,0,0
124905778,4,5,0,0
124905779,4,5,0,0
124905780,4,5,0,0
124905781,4,5,0,0
124905782,4,5,0,0
124905783,4,5,0,0
124905784,4,5,0,0
124905785,4,5,0,0
124905786,4,5,0,0
124905787,4,5,0,0
124905788,4,5,0,0
124905791,4,5,0,0
124905792,4,5,0,0
124905793,4,5,0,0
124905794,4,5,0,0
124905795,4,5,0,0
124905796,4,5,0,0
124905797,4,5,0,0
124905798,4,5,0,0
124905800,4,5,0,0
124905801,4,5,0,0
124905802,4,5,0,0
124905803,4,5,0,0
124905804,4,5,0,0
124905805,4,5,0,0
124905807,4,5,0,0
124905819,4,5,0,0
124905822,4,5,0,0
124905823,4,5,0,0
124905824,4,5,0,0
124905825,4,5,0,0
124905826,4,5,0,0
124905827,4,5,0,0
124905828,4,5,0,0
124905829,4,5,0,0
124905830,4,5,0,0
124905831,4,5,0,0
124905832,4,5,0,0
124905833,4,5,0,0
124905834,4,5,0,0
124905835,4,5,0,0
124905836,4,5,0,0
124905837,4,5,0,0
124905838,4,5,0,0
124905839,4,5,0,0
124905840,4,5,0,0
124905841,4,5,0,0
124905842,4,5,0,0
124905843,4,5,0,0
124905844,4,5,0,0
124905845,4,5,0,0
124905846,4,5,0,0
677840,0,0,0,0
767568,0,0,0,0
100169768,4,5,0,0
124905422,4,5,0,0
124905424,4,5,0,0
124905425,4,5,0,0
124905426,4,5,0,0
124905427,4,5,0,0
124905428,4,5,0,0
124905429,4,5,0,0
124905430,4,5,0,0
124905431,4,5,0,0
124905432,4,5,0,0
124905433,4,5,0,0
124905434,4,5,0,0
124905435,4,5,0,0
124905436,4,5,0,0
124905437,4,5,0,0
124905438,4,5,0,0
124905754,4,5,0,0
124905755,4,5,0,0
124905756,4,5,0,0
124905757,4,5,0,0
124905758,4,5,0,0
124905759,4,5,0,0
124905760,4,5,0,0
124905761,4,5,0,0
124905762,4,5,0,0
124905763,4,5,0,0
124905764,4,5,0,0
124905765,4,5,0,0
124905768,4,5,0,0
124905769,4,5,0,0
124905770,4,5,0,0
124905771,4,5,0,0
124905772,4,5,0,0
124905773,4,5,0,0
124905774,4,5,0,0
124905775,4,5,0,0
124905776,4,5,0,0
124905777,4,5,0,0
124905778,4,5,0,0
124905779,4,5,0,0
124905780,4,5,0,0
124905781,4,5,0,0
124905782,4,5,0,0
124905783,4,5,0,0
124905784,4,5,0,0
124905785,4,5,0,0
124905786,4,5,0,0
124905787,4,5,0,0
124905788,4,5,0,0
124905791,4,5,0,0
124905792,4,5,0,0
124905793,4,5,0,0
124905794,4,5,0,0
124905795,4,5,0,0
124905796,4,5,0,0
124905797,4,5,0,0
124905798,4,5,0,0
124905800,4,5,0,0
124905801,4,5,0,0
124905802,4,5,0,0
124905803,4,5,0,0
124905804,4,5,0,0
124905805,4,5,0,0
124905807,4,5,0,0
124905819,4,5,0,0
124905822,4,5,0,0
124905823,4,5,0,0
124905824,4,5,0,0
124905825,4,5,0,0
124905826,4,5,0,0
124905827,4,5,0,0
124905828,4,5,0,0
124905829,4,5,0,0
124905830,4,5,0,0
124905831,4,5,0,0
124905832,4,5,0,0
124905833,4,5,0,0
124905834,4,5,0,0
124905835,4,5,0,0
124905836,4,5,0,0
124905837,4,5,0,0
124905838,4,5,0,0
124905839,4,5,0,0
124905840,4,5,0,0
124905841,4,5,0,0
124905842,4,5,0,0
124905843,4,5,0,0
124905844,4,5,0,0
124905845,4,5,0,0
124905846,4,5,0,0
100169755,4,5,0,0
124905422,4,5,0,0
124905424,4,5,0,0
124905425,4,5,0,0
124905426,4,5,0,0
124905427,4,5,0,0
124905428,4,5,0,0
124905429,4,5,0,0
124905430,4,5,0,0
124905431,4,5,0,0
124905432,4,5,0,0
124905433,4,5,0,0
124905434,4,5,0,0
124905435,4,5,0,0
124905436,4,5,0,0
124905437,4,5,0,0
124905438,4,5,0,0
124905754,4,5,0,0
124905755,4,5,0,0
124905756,4,5,0,0
124905757,4,5,0,0
124905758,4,5,0,0
124905759,4,5,0,0
124905760,4,5,0,0
124905761,4,5,0,0
124905762,4,5,0,0
124905763,4,5,0,0
124905764,4,5,0,0
124905765,4,5,0,0
124905768,4,5,0,0
124905769,4,5,0,0
124905770,4,5,0,0
124905771,4,5,0,0
124905772,4,5,0,0
124905773,4,5,0,0
124905774,4,5,0,0
124905775,4,5,0,0
124905776,4,5,0,0
124905777,4,5,0,0
124905778,4,5,0,0
124905779,4,5,0,0
124905780,4,5,0,0
124905781,4,5,0,0
124905782,4,5,0,0
124905783,4,5,0,0
124905784,4,5,0,0
124905785,4,5,0,0
124905786,4,5,0,0
124905787,4,5,0,0
124905788,4,5,0,0
124905791,4,5,0,0
124905792,4,5,0,0
124905793,4,5,0,0
124905794,4,5,0,0
124905795,4,5,0,0
124905796,4,5,0,0
124905797,4,5,0,0
124905798,4,5,0,0
124905800,4,5,0,0
124905801,4,5,0,0
124905802,4,5,0,0
124905803,4,5,0,0
124905804,4,5,0,0
124905805,4,5,0,0
124905807,4,5,0,0
124905819,4,5,0,0
124905822,4,5,0,0
124905823,4,5,0,0
124905824,4,5,0,0
124905825,4,5,0,0
124905826,4,5,0,0
124905827,4,5,0,0
124905828,4,5,0,0
124905829,4,5,0,0
124905830,4,5,0,0
124905831,4,5,0,0
124905832,4,5,0,0
124905833,4,5,0,0
124905834,4,5,0,0
124905835,4,5,0,0
124905836,4,5,0,0
124905837,4,5,0,0
124905838,4,5,0,0
124905839,4,5,0,0
124905840,4,5,0,0
124905841,4,5,0,0
124905842,4,5,0,0
124905843,4,5,0,0
124905844,4,5,0,0
124905845,4,5,0,0
124905846,4,5,0,0
100124536,0,0,0,0
100036563,0,0,0,0
767603,0,0,0,0
767606,0,0,0,0
727676,0,0,0,0
100033815,0,0,0,0
767609,0,0,0,0
100033448,0,0,0,0
100033442,0,0,0,0
84546,0,0,0,0
594839,68,26,10,35
100033813,0,0,0,0
100033807,0,0,0,0
767589,0,0,0,0
767605,0,0,0,0
595098,0,0,0,0
100169757,4,5,0,0
124905422,4,5,0,0
124905424,4,5,0,0
124905425,4,5,0,0
124905426,4,5,0,0
124905427,4,5,0,0
124905428,4,5,0,0
124905429,4,5,0,0
124905430,4,5,0,0
124905431,4,5,0,0
124905432,4,5,0,0
124905433,4,5,0,0
124905434,4,5,0,0
124905435,4,5,0,0
124905436,4,5,0,0
124905437,4,5,0,0
124905438,4,5,0,0
124905754,4,5,0,0
124905755,4,5,0,0
124905756,4,5,0,0
124905757,4,5,0,0
124905758,4,5,0,0
124905759,4,5,0,0
124905760,4,5,0,0
124905761,4,5,0,0
124905762,4,5,0,0
124905763,4,5,0,0
124905764,4,5,0,0
124905765,4,5,0,0
124905768,4,5,0,0
124905769,4,5,0,0
124905770,4,5,0,0
124905771,4,5,0,0
124905772,4,5,0,0
124905773,4,5,0,0
124905774,4,5,0,0
124905775,4,5,0,0
124905776,4,5,0,0
124905777,4,5,0,0
124905778,4,5,0,0
124905779,4,5,0,0
124905780,4,5,0,0
124905781,4,5,0,0
124905782,4,5,0,0
124905783,4,5,0,0
124905784,4,5,0,0
124905785,4,5,0,0
124905786,4,5,0,0
124905787,4,5,0,0
124905788,4,5,0,0
124905791,4,5,0,0
124905792,4,5,0,0
124905793,4,5,0,0
124905794,4,5,0,0
124905795,4,5,0,0
124905796,4,5,0,0
124905797,4,5,0,0
124905798,4,5,0,0
124905800,4,5,0,0
124905801,4,5,0,0
124905802,4,5,0,0
124905803,4,5,0,0
124905804,4,5,0,0
124905805,4,5,0,0
124905807,4,5,0,0
124905819,4,5,0,0
124905822,4,5,0,0
124905823,4,5,0,0
124905824,4,5,0,0
124905825,4,5,0,0
124905826,4,5,0,0
124905827,4,5,0,0
124905828,4,5,0,0
124905829,4,5,0,0
124905830,4,5,0,0
124905831,4,5,0,0
124905832,4,5,0,0
124905833,4,5,0,0
124905834,4,5,0,0
124905835,4,5,0,0
124905836,4,5,0,0
124905837,4,5,0,0
124905838,4,5,0,0
124905839,4,5,0,0
124905840,4,5,0,0
124905841,4,5,0,0
124905842,4,5,0,0
124905843,4,5,0,0
124905844,4,5,0,0
124905845,4,5,0,0
124905846,4,5,0,0
767567,0,0,0,0
767608,0,0,0,0
100033811,0,0,0,0
677795,0,0,0,0
100033422,0,0,0,0
100033441,0,0,0,0
100033445,0,0,0,0
100033454,0,0,0,0
319103,0,0,1,0
677846,0,0,0,1
26835,1,3,0,0
100036565,0,0,0,0
100033443,0,0,0,0
677820,0,0,0,0
767578,0,0,0,0
26814,0,0,0,0
85391,74,2,4,8
94161,9,0,3,3
100033806,0,0,0,0
26821,0,0,0,0
619562,0,0,0,0
100033804,0,0,0,0
6084,0,9,0,2
100033816,0,0,0,0
101954272,2,0,0,2
767585,0,0,0,0
767591,0,0,0,0
767582,0,0,0,0
100036564,0,0,0,0
26783,7,0,2,1
767611,0,0,0,0
100169760,0,0,0,0
100033799,0,0,0,0
692092,0,0,0,0
100033800,0,0,0,0
26767,1,0,1,0
100169765,4,5,0,0
124905422,4,5,0,0
124905424,4,5,0,0
124905425,4,5,0,0
124905426,4,5,0,0
124905427,4,5,0,0
124905428,4,5,0,0
124905429,4,5,0,0
124905430,4,5,0,0
124905431,4,5,0,0
124905432,4,5,0,0
124905433,4,5,0,0
124905434,4,5,0,0
124905435,4,5,0,0
124905436,4,5,0,0
124905437,4,5,0,0
124905438,4,5,0,0
124905754,4,5,0,0
124905755,4,5,0,0
124905756,4,5,0,0
124905757,4,5,0,0
124905758,4,5,0,0
124905759,4,5,0,0
124905760,4,5,0,0
124905761,4,5,0,0
124905762,4,5,0,0
124905763,4,5,0,0
124905764,4,5,0,0
124905765,4,5,0,0
124905768,4,5,0,0
124905769,4,5,0,0
124905770,4,5,0,0
124905771,4,5,0,0
124905772,4,5,0,0
124905773,4,5,0,0
124905774,4,5,0,0
124905775,4,5,0,0
124905776,4,5,0,0
124905777,4,5,0,0
124905778,4,5,0,0
124905779,4,5,0,0
124905780,4,5,0,0
124905781,4,5,0,0
124905782,4,5,0,0
124905783,4,5,0,0
124905784,4,5,0,0
124905785,4,5,0,0
124905786,4,5,0,0
124905787,4,5,0,0
124905788,4,5,0,0
124905791,4,5,0,0
124905792,4,5,0,0
124905793,4,5,0,0
124905794,4,5,0,0
124905795,4,5,0,0
124905796,4,5,0,0
124905797,4,5,0,0
124905798,4,5,0,0
124905800,4,5,0,0
124905801,4,5,0,0
124905802,4,5,0,0
124905803,4,5,0,0
124905804,4,5,0,0
124905805,4,5,0,0
124905807,4,5,0,0
124905819,4,5,0,0
124905822,4,5,0,0
124905823,4,5,0,0
124905824,4,5,0,0
124905825,4,5,0,0
124905826,4,5,0,0
124905827,4,5,0,0
124905828,4,5,0,0
124905829,4,5,0,0
124905830,4,5,0,0
124905831,4,5,0,0
124905832,4,5,0,0
124905833,4,5,0,0
124905834,4,5,0,0
124905835,4,5,0,0
124905836,4,5,0,0
124905837,4,5,0,0
124905838,4,5,0,0
124905839,4,5,0,0
124905840,4,5,0,0
124905841,4,5,0,0
124905842,4,5,0,0
124905843,4,5,0,0
124905844,4,5,0,0
124905845,4,5,0,0
124905846,4,5,0,0
85388,0,0,0,0
677834,0,1,4,1
100033455,0,0,0,0
26804,0,0,0,0
677839,3,0,6,2
692157,0,0,0,0
767593,0,0,0,0
101954276,2,1,1,0
767595,0,0,0,0
100169753,4,5,0,0
124905422,4,5,0,0
124905424,4,5,0,0
124905425,4,5,0,0
124905426,4,5,0,0
124905427,4,5,0,0
124905428,4,5,0,0
124905429,4,5,0,0
124905430,4,5,0,0
124905431,4,5,0,0
124905432,4,5,0,0
124905433,4,5,0,0
124905434,4,5,0,0
124905435,4,5,0,0
124905436,4,5,0,0
124905437,4,5,0,0
124905438,4,5,0,0
124905754,4,5,0,0
124905755,4,5,0,0
124905756,4,5,0,0
124905757,4,5,0,0
124905758,4,5,0,0
124905759,4,5,0,0
124905760,4,5,0,0
124905761,4,5,0,0
124905762,4,5,0,0
124905763,4,5,0,0
124905764,4,5,0,0
124905765,4,5,0,0
124905768,4,5,0,0
124905769,4,5,0,0
124905770,4,5,0,0
124905771,4,5,0,0
124905772,4,5,0,0
124905773,4,5,0,0
124905774,4,5,0,0
124905775,4,5,0,0
124905776,4,5,0,0
124905777,4,5,0,0
124905778,4,5,0,0
124905779,4,5,0,0
124905780,4,5,0,0
124905781,4,5,0,0
124905782,4,5,0,0
124905783,4,5,0,0
124905784,4,5,0,0
124905785,4,5,0,0
124905786,4,5,0,0
124905787,4,5,0,0
124905788,4,5,0,0
124905791,4,5,0,0
124905792,4,5,0,0
124905793,4,5,0,0
124905794,4,5,0,0
124905795,4,5,0,0
124905796,4,5,0,0
124905797,4,5,0,0
124905798,4,5,0,0
124905800,4,5,0,0
124905801,4,5,0,0
124905802,4,5,0,0
124905803,4,5,0,0
124905804,4,5,0,0
124905805,4,5,0,0
124905807,4,5,0,0
124905819,4,5,0,0
124905822,4,5,0,0
124905823,4,5,0,0
124905824,4,5,0,0
124905825,4,5,0,0
124905826,4,5,0,0
124905827,4,5,0,0
124905828,4,5,0,0
124905829,4,5,0,0
124905830,4,5,0,0
124905831,4,5,0,0
124905832,4,5,0,0
124905833,4,5,0,0
124905834,4,5,0,0
124905835,4,5,0,0
124905836,4,5,0,0
124905837,4,5,0,0
124905838,4,5,0,0
124905839,4,5,0,0
124905840,4,5,0,0
124905841,4,5,0,0
124905842,4,5,0,0
124905843,4,5,0,0
124905844,4,5,0,0
124905845,4,5,0,0
124905846,4,5,0,0
100033822,0,0,0,0
677801,0,0,0,0
101954275,19,20,5,4
767564,0,1,0,0
26819,0,0,0,0
100033453,0,0,0,0
767610,0,0,0,0
767563,1,0,0,0
26797,0,0,0,0
677796,9,1,6,3
692233,0,0,1,0
26801,0,0,0,0
338433,0,0,0,0
767579,0,0,0,1
767604,0,0,0,0
100033812,0,0,0,0
100169766,4,5,0,0
124905422,4,5,0,0
124905424,4,5,0,0
124905425,4,5,0,0
124905426,4,5,0,0
124905427,4,5,0,0
124905428,4,5,0,0
124905429,4,5,0,0
124905430,4,5,0,0
124905431,4,5,0,0
124905432,4,5,0,0
124905433,4,5,0,0
124905434,4,5,0,0
124905435,4,5,0,0
124905436,4,5,0,0
124905437,4,5,0,0
124905438,4,5,0,0
124905754,4,5,0,0
124905755,4,5,0,0
124905756,4,5,0,0
124905757,4,5,0,0
124905758,4,5,0,0
124905759,4,5,0,0
124905760,4,5,0,0
124905761,4,5,0,0
124905762,4,5,0,0
124905763,4,5,0,0
124905764,4,5,0,0
124905765,4,5,0,0
124905768,4,5,0,0
124905769,4,5,0,0
124905770,4,5,0,0
124905771,4,5,0,0
124905772,4,5,0,0
124905773,4,5,0,0
124905774,4,5,0,0
124905775,4,5,0,0
124905776,4,5,0,0
124905777,4,5,0,0
124905778,4,5,0,0
124905779,4,5,0,0
124905780,4,5,0,0
124905781,4,5,0,0
124905782,4,5,0,0
124905783,4,5,0,0
124905784,4,5,0,0
124905785,4,5,0,0
124905786,4,5,0,0
124905787,4,5,0,0
124905788,4,5,0,0
124905791,4,5,0,0
124905792,4,5,0,0
124905793,4,5,0,0
124905794,4,5,0,0
124905795,4,5,0,0
124905796,4,5,0,0
124905797,4,5,0,0
124905798,4,5,0,0
124905800,4,5,0,0
124905801,4,5,0,0
124905802,4,5,0,0
124905803,4,5,0,0
124905804,4,5,0,0
124905805,4,5,0,0
124905807,4,5,0,0
124905819,4,5,0,0
124905822,4,5,0,0
124905823,4,5,0,0
124905824,4,5,0,0
124905825,4,5,0,0
124905826,4,5,0,0
124905827,4,5,0,0
124905828,4,5,0,0
124905829,4,5,0,0
124905830,4,5,0,0
124905831,4,5,0,0
124905832,4,5,0,0
124905833,4,5,0,0
124905834,4,5,0,0
124905835,4,5,0,0
124905836,4,5,0,0
124905837,4,5,0,0
124905838,4,5,0,0
124905839,4,5,0,0
124905840,4,5,0,0
124905841,4,5,0,0
124905842,4,5,0,0
124905843,4,5,0,0
124905844,4,5,0,0
124905845,4,5,0,0
124905846,4,5,0,0
100033447,0,0,0,0
767569,0,0,0,0
100033460,0,0,1,0
100033809,0,0,0,0
677808,0,1,1,0
94162,0,0,0,0
767598,0,0,0,0
56663,1,0,0,0
767596,0,0,0,0
100033805,0,0,0,0
767561,0,0,0,0
125050,57,27,0,0
85389,0,0,0,0
100169767,4,5,0,0
124905422,4,5,0,0
124905424,4,5,0,0
124905425,4,5,0,0
124905426,4,5,0,0
124905427,4,5,0,0
124905428,4,5,0,0
124905429,4,5,0,0
124905430,4,5,0,0
124905431,4,5,0,0
124905432,4,5,0,0
124905433,4,5,0,0
124905434,4,5,0,0
124905435,4,5,0,0
124905436,4,5,0,0
124905437,4,5,0,0
124905438,4,5,0,0
124905754,4,5,0,0
124905755,4,5,0,0
124905756,4,5,0,0
124905757,4,5,0,0
124905758,4,5,0,0
124905759,4,5,0,0
124905760,4,5,0,0
124905761,4,5,0,0
124905762,4,5,0,0
124905763,4,5,0,0
124905764,4,5,0,0
124905765,4,5,0,0
124905768,4,5,0,0
124905769,4,5,0,0
124905770,4,5,0,0
124905771,4,5,0,0
124905772,4,5,0,0
124905773,4,5,0,0
124905774,4,5,0,0
124905775,4,5,0,0
124905776,4,5,0,0
124905777,4,5,0,0
124905778,4,5,0,0
124905779,4,5,0,0
124905780,4,5,0,0
124905781,4,5,0,0
124905782,4,5,0,0
124905783,4,5,0,0
124905784,4,5,0,0
124905785,4,5,0,0
124905786,4,5,0,0
124905787,4,5,0,0
124905788,4,5,0,0
124905791,4,5,0,0
124905792,4,5,0,0
124905793,4,5,0,0
124905794,4,5,0,0
124905795,4,5,0,0
124905796,4,5,0,0
124905797,4,5,0,0
124905798,4,5,0,0
124905800,4,5,0,0
124905801,4,5,0,0
124905802,4,5,0,0
124905803,4,5,0,0
124905804,4,5,0,0
124905805,4,5,0,0
124905807,4,5,0,0
124905819,4,5,0,0
124905822,4,5,0,0
124905823,4,5,0,0
124905824,4,5,0,0
124905825,4,5,0,0
124905826,4,5,0,0
124905827,4,5,0,0
124905828,4,5,0,0
124905829,4,5,0,0
124905830,4,5,0,0
124905831,4,5,0,0
124905832,4,5,0,0
124905833,4,5,0,0
124905834,4,5,0,0
124905835,4,5,0,0
124905836,4,5,0,0
124905837,4,5,0,0
124905838,4,5,0,0
124905839,4,5,0,0
124905840,4,5,0,0
124905841,4,5,0,0
124905842,4,5,0,0
124905843,4,5,0,0
124905844,4,5,0,0
124905845,4,5,0,0
124905846,4,5,0,0
100033818,0,0,0,0
767590,0,0,0,0
767600,0,0,0,0
692075,5,0,4,5
101954278,19,20,5,4
6085,1,0,0,0
6044,0,0,0,0
100033817,0,0,0,0
25826,0,0,0,0
100033810,0,0,0,0
26817,0,0,0,0
56662,0,0,0,0
100169758,4,5,0,0
124905422,4,5,0,0
124905424,4,5,0,0
124905425,4,5,0,0
124905426,4,5,0,0
124905427,4,5,0,0
124905428,4,5,0,0
124905429,4,5,0,0
124905430,4,5,0,0
124905431,4,5,0,0
124905432,4,5,0,0
124905433,4,5,0,0
124905434,4,5,0,0
124905435,4,5,0,0
124905436,4,5,0,0
124905437,4,5,0,0
124905438,4,5,0,0
124905754,4,5,0,0
124905755,4,5,0,0
124905756,4,5,0,0
124905757,4,5,0,0
124905758,4,5,0,0
124905759,4,5,0,0
124905760,4,5,0,0
124905761,4,5,0,0
124905762,4,5,0,0
124905763,4,5,0,0
124905764,4,5,0,0
124905765,4,5,0,0
124905768,4,5,0,0
124905769,4,5,0,0
124905770,4,5,0,0
124905771,4,5,0,0
124905772,4,5,0,0
124905773,4,5,0,0
124905774,4,5,0,0
124905775,4,5,0,0
124905776,4,5,0,0
124905777,4,5,0,0
124905778,4,5,0,0
124905779,4,5,0,0
124905780,4,5,0,0
124905781,4,5,0,0
124905782,4,5,0,0
124905783,4,5,0,0
124905784,4,5,0,0
124905785,4,5,0,0
124905786,4,5,0,0
124905787,4,5,0,0
124905788,4,5,0,0
124905791,4,5,0,0
124905792,4,5,0,0
124905793,4,5,0,0
124905794,4,5,0,0
124905795,4,5,0,0
124905796,4,5,0,0
124905797,4,5,0,0
124905798,4,5,0,0
124905800,4,5,0,0
124905801,4,5,0,0
124905802,4,5,0,0
124905803,4,5,0,0
124905804,4,5,0,0
124905805,4,5,0,0
124905807,4,5,0,0
124905819,4,5,0,0
124905822,4,5,0,0
124905823,4,5,0,0
124905824,4,5,0,0
124905825,4,5,0,0
124905826,4,5,0,0
124905827,4,5,0,0
124905828,4,5,0,0
124905829,4,5,0,0
124905830,4,5,0,0
124905831,4,5,0,0
124905832,4,5,0,0
124905833,4,5,0,0
124905834,4,5,0,0
124905835,4,5,0,0
124905836,4,5,0,0
124905837,4,5,0,0
124905838,4,5,0,0
124905839,4,5,0,0
124905840,4,5,0,0
124905841,4,5,0,0
124905842,4,5,0,0
124905843,4,5,0,0
124905844,4,5,0,0
124905845,4,5,0,0
124905846,4,5,0,0
100169764,4,5,0,0
124905422,4,5,0,0
124905424,4,5,0,0
124905425,4,5,0,0
124905426,4,5,0,0
124905427,4,5,0,0
124905428,4,5,0,0
124905429,4,5,0,0
124905430,4,5,0,0
124905431,4,5,0,0
124905432,4,5,0,0
124905433,4,5,0,0
124905434,4,5,0,0
124905435,4,5,0,0
124905436,4,5,0,0
124905437,4,5,0,0
124905438,4,5,0,0
124905754,4,5,0,0
124905755,4,5,0,0
124905756,4,5,0,0
124905757,4,5,0,0
124905758,4,5,0,0
124905759,4,5,0,0
124905760,4,5,0,0
124905761,4,5,0,0
124905762,4,5,0,0
124905763,4,5,0,0
124905764,4,5,0,0
124905765,4,5,0,0
124905768,4,5,0,0
124905769,4,5,0,0
124905770,4,5,0,0
124905771,4,5,0,0
124905772,4,5,0,0
124905773,4,5,0,0
124905774,4,5,0,0
124905775,4,5,0,0
124905776,4,5,0,0
124905777,4,5,0,0
124905778,4,5,0,0
124905779,4,5,0,0
124905780,4,5,0,0
124905781,4,5,0,0
124905782,4,5,0,0
124905783,4,5,0,0
124905784,4,5,0,0
124905785,4,5,0,0
124905786,4,5,0,0
124905787,4,5,0,0
124905788,4,5,0,0
124905791,4,5,0,0
124905792,4,5,0,0
124905793,4,5,0,0
124905794,4,5,0,0
124905795,4,5,0,0
124905796,4,5,0,0
124905797,4,5,0,0
124905798,4,5,0,0
124905800,4,5,0,0
124905801,4,5,0,0
124905802,4,5,0,0
124905803,4,5,0,0
124905804,4,5,0,0
124905805,4,5,0,0
124905807,4,5,0,0
124905819,4,5,0,0
124905822,4,5,0,0
124905823,4,5,0,0
124905824,4,5,0,0
124905825,4,5,0,0
124905826,4,5,0,0
124905827,4,5,0,0
124905828,4,5,0,0
124905829,4,5,0,0
124905830,4,5,0,0
124905831,4,5,0,0
124905832,4,5,0,0
124905833,4,5,0,0
124905834,4,5,0,0
124905835,4,5,0,0
124905836,4,5,0,0
124905837,4,5,0,0
124905838,4,5,0,0
124905839,4,5,0,0
124905840,4,5,0,0
124905841,4,5,0,0
124905842,4,5,0,0
124905843,4,5,0,0
124905844,4,5,0,0
124905845,4,5,0,0
124905846,4,5,0,0
595099,0,0,0,0
26834,6,10,0,2
664612,0,0,0,0
693122,0,0,2,0
574447,0,0,0,0
693167,0,0,0,0
574441,0,0,0,0
100128531,2,4,15,6
170958,192,51,249,113
80736,24,119,1,13
64423,5572,2591,2013,824
642574,15,12,27,17
101927447,2,10,5,1
26184,0,0,0,0
100507175,2,2,10,0
2812,321,111,63,18
57827,0,46,143,88
28973,183,395,446,300
100820709,33,27,7,11
101928287,22,10,16,3
343563,0,0,0,1
401993,0,0,0,1
26246,0,0,1,1
84288,273,115,697,271
116228,2162,2262,2333,1690
1122,228,91,300,113
23596,228,91,300,113
574432,5,6,6,4
375057,8,44,8674,137
441178,16,1,7,12
388743,17,12,373,8
128387,306,209,524,367
1378,96,53,67,112
554279,4,4,3,3
353091,16,10,29,6
388722,84,120,28,42
389432,154,524,220,373
388719,1,0,0,0
127670,2,1,5,2
345930,8,5,8,5
9293,0,0,0,0
101928673,17,9,21,10
149281,5,0,0,0
2214,5676,89,4331,341
253582,2,0,6,0
391114,0,0,0,0
387103,283,24,27,28
503542,254,435,229,181
619208,1775,1822,224,553
92565,238,96,236,135
4014,0,0,0,0
574414,1,2,0,0
149018,0,0,0,0
6704,0,0,0,0
448834,0,0,0,0
399818,358,157,341,346
118670,0,0,0,1
8528,235,437,274,562
221262,17,103,12,175
387111,7,1,7,1
196051,44,458,412,233
154442,1,1,0,2
100113403,0,0,2,0
126961,1,2,3,1
440689,53,16,105,30
119548,0,0,0,0
333932,1,2,3,1
3283,1,0,14,5
3284,10,50,33,44
84852,30,101,89,122
282996,72,72,840,117
100132963,2,0,2,0
206412,26,14,13,29
387066,33838,14122,2006,1958
134701,0,1,0,1
2664,3463,1315,6179,1949
55251,959,520,2551,1038
54345,498,116,260,92
54923,2886,10022,156,1956
642864,1,0,0,0
100130587,1,11,37,55
441161,0,3,2,6
154288,0,0,0,0
340168,0,0,0,0
388649,1,1,2,2
494118,1,0,0,0
728712,0,0,0,1
286411,15,3,4,3
347487,0,0,0,0
414157,11,43,4,17
148418,12,10,11,23
26071,3412,1006,2044,911
347475,15,57,33,88
400757,6,1,4,3
84455,163,72,128,123
245913,0,0,0,0
389396,0,0,0,0
388633,2,2,6,0
100133077,5,7,10,2
727940,3,7,3,1
85026,312,378,312,316
440590,16,111,4,149
284751,35,4,25,9
138307,0,1,204,8
284546,0,0,0,0
360203,0,0,0,0
439996,2,0,2,0
203413,0,0,0,0
643418,0,0,8,1
643414,0,0,0,0
142910,6,1,21,2
100329135,4,6,4,7
340745,20,0,0,0
109729184,19,0,0,0
221424,69,150,71,61
100132074,0,2,17,0
340543,1,7,1,6
90196,1961,1030,2640,1148
158931,0,22,0,29
3633,368,71,878,332
29935,3,0,2,0
732253,2,0,0,0
129807,3,28,14,59
9935,1047,117,2443,316
26146,205,84,956,395
53344,311,180,466,307
100287792,11,4,7,3
26058,857,791,3070,1646
257407,187,70,885,159
55680,271,102,472,195
340527,289,58,386,101
2681,1310,114,532,191
65979,665,302,1045,550
340204,0,0,0,0
653308,150,98,192,114
414189,551,83,687,290
100652748,119,62,451,133
84243,535,136,897,323
170371,1119,43,5952,217
158830,32,5,10,0
642517,293,19,474,238
5540,6,0,0,0
9721,355,40,1,61
83849,114,155,166,145
55219,1011,739,756,631
26095,18,10,317,128
57683,15,15,20,51
255220,0,2,0,0
158833,1,0,0,0
3833,3,0,0,6
1616,26,6,406,144
113523636,26,6,406,144
659,1113,349,1881,747
6920,1957,2128,3232,1454
10471,560,341,318,263
9277,390,453,91,93
6015,193,191,498,219
7923,93,398,124,253
6257,21,2,54,13
339229,1475,1703,500,463
100128239,6,6,10,6
138803,0,0,0,0
1302,7,3,11,1
414319,0,0,0,0
3111,656,26,243,80
6046,807,478,1456,321
3108,6017,1532,9,10
100507463,66,15,46,22
1290,5157,86,1364,205
5696,530,231,209,168
6891,431,61,46,65
169981,192,76,208,114
100996291,5,3,7,1
283999,0,0,0,0
139793,0,0,2,0
400624,6,3,3,1
3122,19,0,2,2
56244,0,0,0,0
1306,1821,103,565,116
10665,0,0,0,0
338661,0,0,0,0
4855,236,19,221,28
5089,104,22,664,217
177,11,12,7,2
6048,502,459,424,514
10554,13,0,1205,1080
494513,98,61,143,88
80863,5,2,12,25
100507547,5,2,12,25
63943,174,194,81,62
64978,1866,3444,1069,896
643008,56,1365,63,642
285141,50,31,24,24
389058,24,5,1182,51
8859,105,47,183,133
100131439,2,0,1,0
388419,0,0,1,0
1797,104,232,119,57
6499,459,353,160,70
7936,1382,2130,557,560
629,22,5,2,5
120406,0,0,1,0
400743,129,4,160,1
494197,1,0,0,0
717,56,4,92,9
221527,13,1,40,6
6392,2053,1341,4184,5671
10919,105,77,68,44
653220,0,0,0,0
124908558,0,0,0,0
100129029,6,4,5043,23
143903,259,35,477,53
653067,0,0,0,0
124908558,0,0,0,0
80736,260,186,6,74
4758,347,31,811,470
50854,1709,849,1266,717
3304,0,0,0,0
3303,1015,755,2,110
3305,15,10,0,0
57819,236,184,82,67
149950,0,0,0,0
7407,91,25,118,31
80737,6,35,5,34
114769,1398,211,361,220
100506742,4,1,54,8
55777,301,158,649,243
4439,16,29,136,54
1444,0,0,0,0
80739,3,3,3,4
80740,0,0,0,0
259215,0,0,0,0
7920,38,39,42,32
80741,0,1,8,0
1460,563,522,17,6
7918,18,0,195,185
57827,0,1,0,0
728215,53,4,8,16
55937,33,779,9,46
642612,0,0,0,0
120146,0,0,0,0
151121,0,0,0,1
7917,753,504,864,594
7916,90,29,55,13
199,810,244,126,157
259197,6,1,0,0
645425,0,0,0,0
391004,0,0,0,1
645414,0,0,0,0
729528,0,0,0,0
7940,319,49,43,10
4050,63,27,6,14
7124,1,0,0,0
4795,0,0,0,1
653619,0,0,0,0
343070,0,0,0,0
441871,0,0,0,0
401250,0,1,0,0
730051,457,986,333,597
4277,14,0,11,5
343066,0,5,0,12
90233,65,31,179,82
100507436,0,5,0,0
390980,20,6,46,21
3107,76,3,139,47
5460,131,16,1966,82
54535,49,6,234,53
170680,5,1,0,0
1041,0,0,0,0
170679,26,1,121,8
29113,0,0,0,0
394263,1,0,1,0
245934,0,0,0,0
8449,171,89,200,125
221545,140,383,255,108
28973,186,89,457,308
5514,120,133,508,117
440051,4,0,59,0
387273,24,6,93,3
23,452,163,692,416
80742,107,70,69,37
11025,45,1,90,6
102725035,45,1,90,6
107987425,45,1,90,6
107987462,45,1,90,6
780,118,42,2967,350
400997,2,1,4,3
100507055,44,19,7,6
440894,190,234,518,198
2794,321,102,517,264
3133,10372,4463,4765,2774
503834,0,0,2,0
56658,32,22,89,49
116437,0,0,0,1
90333,288,46,479,205
89870,0,0,0,0
90317,194,114,396,161
442425,1,1,0,0
10107,6,0,0,0
135644,0,0,0,1
11074,0,0,1,0
80352,1,0,7,2
6992,0,0,0,0
80862,0,0,3,3
57540,17,1,2,2
10255,1,0,4,0
10399,179115,49294,21530,23069
3135,0,3,1534,1
11138,220,38,1030,392
129521,0,0,0,0
3134,136,32,20,8
346171,0,1,0,1
147081,99,50,261,69
554235,259,5760,20,1583
4340,1,0,1,0
7932,0,0,0,0
646019,6,4,21,14
285679,0,6,4,2
400710,6,3,8,10
138240,4,0,0,0
386653,0,0,0,0
84335,2790,1306,1319,869
653316,451,2,774,10
2550,209,21,2469,173
399726,41,432,44,260
284788,2,0,1,1
116511,0,1,0,0
26716,0,0,0,0
442194,0,0,0,0
26529,0,0,0,0
81797,0,0,0,0
26531,1,2,1,1
442191,0,0,0,0
26707,0,0,0,0
442186,0,0,0,0
442185,0,0,0,0
442184,0,0,0,0
26692,0,0,0,0
100507244,11,7,21,9
387778,0,2,2,2
138255,51,34,0,21
5987,86,2,216,48
340895,9,91,8,23
441116,10,7,11,0
100268168,36,8,30,5
64901,282,18,41,34
100131897,13,0,45,3
653427,6,8,7,3
102724515,85,40,87,43
83538,130,123,76,102
116540,3175,5710,1256,1793
100128098,3,1,23,16
642475,87,67,55,31
6311,559,226,936,340
1639,5081,9145,2415,2497
647060,0,0,0,0
57469,72,63,74,49
79600,3658,2126,449,958
29902,307,70,425,89
3104,1157,2110,513,605
147920,866,11,8,1
444882,36,7,40,17
83900,0,0,0,0
389602,48,69,5,98
728224,0,0,0,0
2843,1,0,20,5
728255,0,0,0,0
125115,1,0,440,0
147183,0,0,1,1
440145,370,160,364,216
643394,5,0,6,1
100505591,0,0,1,0
729233,0,0,0,0
122183,0,0,0,0
7711,99,33,246,108
790955,4148,6306,1398,1282
554251,146,187,223,93
643226,0,0,1,0
105369167,8,5,4,2
392307,0,10,10,2
401431,25,67,151,85
57126,50,7,4,7
5673,2,2,10,2
100289678,557,135,650,203
155054,52,48,120,59
100131726,0,0,1,0
390205,60,7,54,5
494188,0,0,1,2
728568,412,174,283,177
56114,37,3,90,10
338436,1,2,0,0
9752,7,5,7,2
56140,23,0,0,9
56141,86,23,9,7
56143,114,1,9,7
56144,199,50,197,25
56146,29,7,6,0
56147,11,0,13,29
10206,647,701,1138,944
100170765,48,535,5,749
503497,0,0,0,0
5644,0,0,1,1
84501,141,97,303,105
441376,36,48,8,74
400558,0,0,0,0
390748,0,0,0,0
390144,0,0,0,0
26338,0,0,0,0
93035,42,2,170,4
100506736,48,12,32,33
400952,96,1,2,1
574016,1,2,1,0
84912,551,1268,630,816
3963,4,95,0,9
653499,4,95,0,9
100130958,253,672,74,122
79583,269,91,411,240
346653,20,4,0,11
400950,62,40,24,3
645121,229,68,6,22
339453,34,20,109,21
448831,1,0,5,0
374387,40,20,26,18
259308,0,0,1,1
344387,16,2,8,1
643965,3,1,0,4
390110,0,1,3,0
441054,233,13,663,31
286144,664,196,828,353
644096,1036,968,617,452
138715,10,1,1,2
55851,7156,2884,1417,1504
100131378,1,1,26,11
149837,102,15,214,22
646480,0,0,0,0
65986,453,282,1023,431
201725,124,26,204,55
284402,31,10,34,24
55366,399,359,9443,1407
5699,7738,3550,965,729
5212,1,2,0,4
100506376,3,1,2,3
441273,30,3,144,52
1874,1510,394,2969,899
5150,459,255,1886,1150
100113407,144,150,391,219
10071,69,5,173,6
613212,3,751,231,1986
100505477,2,3,4,2
152586,0,0,0,0
6643,2073,1174,2268,2131
100316904,101,11,58,18
56953,72,143,330,78
84324,2829,2120,1241,1152
403284,0,0,0,0
403282,0,0,0,0
254786,0,0,0,0
390321,0,0,0,0
100129995,4,0,5,5
9289,12053,4163,24171,5499
10527,2236,737,2555,1963
54458,14894,10261,2188,6225
25851,800,276,1280,500
4496,106,89134,698,15844
133482,2,0,0,0
4489,80,90,27,90
388135,76,162,38,224
4499,63,2733,61,650
126536,0,0,0,0
3426,3564,3265,650,9135
390078,0,0,0,0
54809,253,71,114,123
3853,1,0,0,0
255919,232,56,194,170
3887,30,1,7,0
91828,767,621,50,318
386683,0,0,0,0
100129669,0,0,0,0
386679,0,0,0,0
24150,0,0,0,0
729264,0,0,0,0
729355,0,0,0,0
102723655,0,0,0,0
102723713,0,0,0,0
24150,0,0,0,0
653550,0,0,0,0
729264,0,0,0,0
729355,0,0,0,0
102723655,0,0,0,0
102723713,0,0,0,0
317762,244,116,1352,432
119679,0,0,0,0
401667,0,0,0,0
401666,0,0,0,0
388125,55,1,8,2
57139,393,564,1699,838
4676,39,4,1417,691
7114,100186,19122,27200,16883
254863,5343,6989,1700,3160
100129385,81,38,0,17
100144603,154,47,27,26
1375,731,355,375,345
6606,26,45,29,11
6607,26,45,29,11
8293,38,1,45,20
728492,38,1,45,20
3150,5817,3669,3397,3074
414918,846,541,783,394
728689,2206,4668,119,3330
401337,2,1,4,1
51451,1548,2608,493,691
100128946,0,0,0,0
400932,1,1,0,0
100113404,0,0,0,0
388931,3,0,10,4
425054,0,1,1,1
150383,556,410,426,186
3347,2,0,4,1
91750,115,187,272,617
347527,0,0,0,0
641372,6,44,14,63
54065,752,637,478,618
102723553,752,637,478,618
253017,12,4,7,15
8110,97,89,440,237
100287284,3,1,0,0
642394,2,0,1,0
105377203,5,1,5,9
339674,1,3,31,0
144363,699,387,276,567
100130311,104,105,70,121
653656,0,0,0,0
6453,723,172,3126,856
162073,411,20,1963,156
79958,602,168,2495,980
64109,10,1,1,0
9946,522,545,723,487
285636,380,123,553,363
2543,4,6,1,2
645432,22,0,11,3
100128682,11,1,27,9
503693,16,42,20,27
192668,1377,3101,1829,4364
403313,219,120,215,175
3822,22,2,3,3
3823,5,0,0,0
342346,10,3,12,5
647309,17,109,0,52
400941,16,2,6,10
153657,15,10,12,12
93978,0,0,0,0
10737,9,0,17,8
150297,14,0,1,0
360030,1,0,0,0
100506049,0,0,0,0
387911,3,0,2,5
440023,0,0,1,0
100132464,0,0,0,0
387742,0,0,0,0
440021,0,0,0,0
387264,1,0,1,1
613211,0,0,0,0
613209,0,0,0,0
613210,0,0,0,0
283314,829,204,448,318
100128770,5,0,10,4
727857,0,0,0,0
100131017,751,316,3560,676
100128788,45,59,30,45
57135,1,0,0,0
390874,8,7,18,9
752014,393,1679,0,142
10215,8,2,2066,2
56245,1,14,49,41
10921,2195,896,2857,1191
57055,1,0,0,0
391622,0,0,0,0
57523,270,54,228,220
131118,2844,1745,534,1572
100286963,0,0,0,0
387733,0,0,4,0
284274,0,0,1,1
641517,0,0,0,0
644041,1,0,0,0
1667,3,4,39,30
220164,68,101,101,194
90861,2731,872,6698,1022
255349,0,6,4,4
89778,0,2,0,2
6318,0,2,0,4
5268,0,0,0,0
653082,48,183,882,78
728299,0,0,0,0
337985,0,1,0,0
100151643,0,0,0,0
100288287,0,0,0,0
643812,0,0,0,0
402160,34,44,5,24
728047,0,0,3,0
645426,108,205,62,64
100996335,0,0,1,1
440163,1,1,6,3
3039,37,857,269,204
3042,0,5,0,1
51224,0,0,4,0
100128714,0,2,2,1
57194,167,52,185,181
503637,657,15,196,10
389161,5,2,19,1
23617,0,0,0,0
1616,321,103,40,5
113523636,321,103,40,5
6892,0,5,669,355
100507463,72,14,47,29
6891,99,29,43,0
3119,2473,174,4,0
3123,27526,3195,2647,1636
10665,0,0,0,0
9374,1,32,15,5
7148,5,0,151,56
729627,0,0,0,0
401089,7,6,13,3
7936,388,323,285,202
1616,88,89,542,241
113523636,88,89,542,241
9278,2,0,412,132
6892,1695,139,1501,548
5863,232,138,455,148
10471,668,388,340,272
9277,274,505,343,205
8705,0,0,114,63
6293,13,2,7,5
6015,0,0,0,0
7922,1023,571,891,555
6257,36,6,88,38
1302,3,1,0,1
3113,1567,17,3980,1801
3111,2,0,1,0
100507463,66,15,46,22
6890,418,7,488,108
5696,530,231,209,168
6891,475,37,56,50
3117,0,0,2,0
3118,0,0,2,0
3119,2473,174,4,0
3117,10333,261,2946,923
3123,27521,3195,2647,1636
3122,30043,2378,8669,4145
10665,0,0,0,0
4855,145,13,23,19
63940,206,12,63,21
5089,294,23,102,35
177,34,29,43,15
10554,888,925,4,13
9374,119,56,288,108
80863,16,78,12,10
100507547,16,78,12,10
10866,210,19,746,101
1589,13,36,25,6
720,14375,15312,1998,1990
110384692,14375,15312,1998,1990
8859,627,497,18,8
253018,8,0,16,9
1797,180,102,67,41
6499,270,275,299,152
54535,2,2,210,79
7936,389,323,285,202
221527,26,0,102,38
717,1508,28,777,102
10919,187,134,712,183
80736,261,197,7,63
10211,318,17,682,304
50854,1825,270,1379,704
3305,8,9,7,25
131873,6,2,1,12
1192,2496,1474,753,745
23564,487,489,194,324
80739,0,0,1,0
80740,0,0,0,0
58530,0,0,0,0
110599563,0,0,0,0
7920,379,259,15,7
80741,9,10,0,0
1460,1181,1091,644,787
7918,249,424,106,164
55937,101,2701,9,1248
2794,326,437,219,101
201475,460,196,736,547
339291,0,0,0,0
7916,141,68,24,9
199,768,700,118,156
259197,6,1,0,0
645369,6,23,4,47
7940,343,37,39,0
3107,51,0,1275,298
4050,63,27,6,14
7124,1,0,0,0
4795,183,156,66,41
534,1,4,15,14
401250,7,797,1,184
100192204,0,0,0,0
4277,0,0,7,0
3106,376,47,37936,10339
3107,79,28,25629,10121
5460,283,30,149,57
6941,562,19,17,14
54535,229,412,5,3
170679,112,0,63,0
170680,0,0,10,0
1041,0,0,21,0
29113,0,0,0,0
389376,0,0,0,0
2550,140,63,140,46
7932,0,0,0,0
10537,676,242,455,525
116511,0,0,0,0
26716,0,0,0,0
26531,1,2,1,1
442194,0,0,0,0
57176,3,1,20,3
8870,0,5,0,0
10211,318,17,682,304
9656,40,16,60,22
11270,94,26,33,14
170954,6,1,6,2
107987457,6,1,6,2
8449,0,37,12,1
221545,45,87,86,48
79969,41,11,65,32
5514,110,120,520,151
23,9,12,218,134
80742,3,7,32,10
2794,55,20,104,43
3133,16,51,3754,1997
56658,0,0,0,1
80352,0,0,79,13
6992,4,0,895,370
30834,1,0,295,144
3105,20,15,269,43
10255,0,0,0,0
3105,42,10,3647,863
3135,6,0,670,0
3134,597,150,183,76
346171,0,1,0,1
2550,8,2,78,7
7932,0,0,0,0
10537,0,0,0,0
116511,0,0,0,0
26716,0,0,0,0
26531,1,2,1,1
442186,0,0,0,0
442184,0,0,0,0
26692,0,0,0,0
201562,651,356,529,483
55779,284,76,216,179
344807,1,0,0,0
348801,50,56,55,125
403277,0,0,0,0
389136,98,9,87,32
100506275,1,1,2,0
131405,7,171,260,103
152098,7,19,15,20
23243,665,355,684,633
8292,120,31,108,58
131965,256,140,114,140
440944,351,292,212,334
114786,8,15,8,11
26864,0,9,0,0
692158,0,0,0,0
26791,0,0,0,0
100033423,0,0,0,0
26820,0,0,0,0
677793,1,0,0,0
692085,0,0,0,0
100033426,0,0,0,0
26779,0,0,1,0
26827,2,2,3,3
26788,14,2,5,3
100302743,0,0,0,0
677807,0,1,1,0
100379132,1,0,1,0
26871,6,10,1,2
124904613,6,10,1,2
124905321,6,10,1,2
124905573,6,10,1,2
124905809,6,10,1,2
100033429,0,0,0,0
6083,0,0,0,0
100033430,1,0,0,0
677835,0,0,0,0
100033421,0,0,0,0
26863,6,10,1,2
124904613,6,10,1,2
124905321,6,10,1,2
124905573,6,10,1,2
124905809,6,10,1,2
594837,1,0,1,1
677813,0,0,0,0
574040,0,0,0,0
26812,0,0,1,0
692063,0,0,0,0
574042,0,1,0,0
677792,0,0,0,0
654319,1,1,5,0
100337591,0,0,2,1
654321,9,0,3,2
677812,0,0,0,0
100124537,1,0,0,0
6079,0,0,1,0
677817,0,0,0,0
26787,0,0,0,0
26785,4,1,7,2
100033414,0,0,8,2
26870,6,10,1,2
124904613,6,10,1,2
124905321,6,10,1,2
124905573,6,10,1,2
124905574,6,10,1,2
124905809,6,10,1,2
677833,1,1,0,0
100033415,0,0,0,0
100124535,0,0,0,0
26789,0,0,10,2
26798,1,0,0,0
619499,0,0,0,0
100033413,0,0,4,0
26775,0,0,0,0
677797,0,0,0,0
100033420,0,1,3,0
684959,0,0,0,0
85390,0,0,0,0
100033419,0,1,1,0
100033425,0,0,2,0
677805,0,0,0,0
26778,0,0,0,0
26780,0,0,0,0
677803,0,0,0,0
100033427,0,0,1,0
677802,1,0,2,1
100033417,0,1,1,0
100033424,0,0,0,0
101954267,0,0,0,0
100379250,0,0,0,0
677819,0,0,0,0
26805,0,0,0,0
100033821,0,0,1,0
100033428,0,0,0,0
100124538,0,0,0,0
100033435,0,0,4,1
6082,5,0,3,1
692076,2,0,1,0
654320,0,0,0,0
677794,0,0,0,0
101954273,0,1,1,1
101954269,0,0,0,0
103625684,2,2,3,3
100033434,0,0,0,0
6060,6,10,1,2
26863,6,10,1,2
124904613,6,10,1,2
124905321,6,10,1,2
124905573,6,10,1,2
124905809,6,10,1,2
677806,0,1,0,2
26784,0,0,0,0
619569,0,0,0,0
100033418,0,0,0,0
319139,0,0,1,0
114599,6,3,3,0
727708,0,0,0,0
641451,0,0,0,0
677823,0,0,1,0
677827,2,0,1,0
619563,0,0,0,0
26771,0,0,0,0
101954266,0,0,0,0
101954271,2,2,3,3
26869,6,10,1,2
124904613,6,10,1,2
124905321,6,10,1,2
124905573,6,10,1,2
124905809,6,10,1,2
26782,3,1,6,3
693129,10,12,2,5
407014,43,7,8,5
406999,0,0,0,0
574481,0,0,0,0
407056,0,0,0,0
693193,0,0,0,0
693218,0,0,0,0
693232,9,4,33,5
693163,0,0,0,0
693220,4,23,22,22
407042,0,0,0,0
407011,0,0,0,0
406986,0,0,0,0
574034,0,0,0,0
693200,0,0,3,0
693134,0,0,0,1
724031,0,0,2,0
693234,0,0,0,0
693172,0,1,1,0
693168,0,0,0,0
724032,0,0,0,0
574468,0,0,0,0
406978,0,0,2,0
407030,0,0,0,0
693191,1,0,0,0
574457,0,0,0,0
406926,0,0,0,0
664613,0,0,0,0
693178,0,0,4,0
574513,0,0,2,0
406997,0,0,1,0
574467,0,0,0,0
406954,0,0,0,0
574443,0,0,0,0
406909,0,0,0,0
574461,0,0,0,0
693183,0,0,0,0
406989,0,0,0,0
406966,0,0,0,0
693139,0,0,0,0
406983,0,1,1,4
406914,0,0,0,0
574444,0,0,0,0
406941,0,0,0,0
693189,1,0,0,0
406957,0,0,0,0
406968,1,1,0,0
574465,0,0,0,0
574462,0,0,0,0
100422842,0,0,0,0
693170,0,0,0,0
574499,0,0,0,0
693204,0,0,0,0
406969,0,0,0,0
406916,0,0,0,0
693147,0,0,0,0
693166,1,0,1,0
723779,0,0,0,0
574475,0,0,0,0
407045,0,0,0,0
693226,0,0,2,2
693173,0,0,0,0
574508,0,0,0,0
574494,0,0,0,0
574501,2,0,3,1
693180,0,0,0,0
407055,0,0,0,0
574455,0,0,0,0
574515,0,0,0,0
693156,1,3,0,1
574459,0,0,0,0
574458,0,0,0,0
724025,0,0,0,0
406944,0,0,0,0
406930,0,0,0,0
693155,16,7,15,11
407020,0,0,0,0
693206,8,0,26,11
693143,0,0,0,0
406915,0,0,0,0
574442,0,0,0,0
100500895,3,1,2,2
693126,0,0,0,0
406959,0,0,0,0
693177,0,0,0,0
693187,0,0,0,0
406960,0,0,0,0
724029,0,5,0,2
693158,2,0,9,0
407036,1,0,0,1
574491,0,0,0,0
693182,0,0,0,0
406993,0,0,0,0
407044,0,0,0,0
100500863,4,1,3,0
406917,0,0,0,0
574472,0,0,0,0
406933,0,0,0,0
574470,0,0,0,0
693212,0,0,0,0
406985,0,0,0,0
693169,0,0,0,0
693157,0,0,0,0
693136,0,0,0,0
693208,0,0,0,0
406962,1,0,4,2
574473,0,0,0,0
407007,1,0,0,0
619556,0,0,0,0
693123,0,0,0,0
693141,0,0,0,0
406984,0,0,0,1
574511,1,0,0,0
407000,0,0,0,0
574479,0,0,0,0
574482,0,0,0,0
724027,0,0,0,1
406956,0,0,0,0
574476,0,0,0,0
407001,0,0,0,0
693175,0,1,9,0
619555,0,0,0,0
574453,0,0,0,0
406903,0,0,0,0
693160,0,0,0,0
407023,0,0,0,0
693138,0,0,1,1
107985532,19,10,33,13
406976,0,0,0,0
664616,0,0,0,0
574505,0,0,0,0
693165,0,0,0,0
407050,0,0,0,0
693124,0,0,0,0
406995,0,0,0,0
574408,0,0,0,0
574409,0,0,0,0
693202,0,0,0,0
693211,0,0,0,0
574498,0,0,0,0
406964,0,0,0,0
693171,0,0,0,0
693133,0,0,0,0
693227,0,0,0,0
693125,0,0,1,0
693135,0,0,0,0
100616357,0,0,0,0
406949,0,0,0,0
693233,5,1,2,0
693210,0,0,0,0
406942,0,0,0,0
664617,0,0,0,0
574502,0,0,0,0
574466,0,0,0,0
407016,0,0,1,0
406963,0,0,0,0
406998,0,0,0,0
574484,0,0,0,0
574507,0,0,0,0
693231,0,0,2,1
574488,0,0,0,0
693184,0,0,0,0
619552,0,0,0,0
407052,0,0,0,0
407018,0,0,0,0
574463,0,0,0,0
407041,0,0,0,0
693190,0,0,0,0
406939,0,1,0,0
693148,0,0,0,0
406908,0,0,0,0
406898,0,0,0,0
664614,0,0,1,0
693225,0,0,0,0
574469,0,0,0,0
693181,0,0,0,0
407029,0,0,0,0
574483,0,0,0,0
574492,0,0,0,0
693120,1,0,0,0
574493,0,0,0,0
574474,0,0,0,0
406912,0,0,0,0
407019,0,3,2,1
574517,0,0,0,0
574518,0,0,0,0
574516,0,0,0,0
574460,0,0,0,0
407006,4,0,1,0
100313822,0,0,0,0
574509,0,0,0,0
693195,0,0,0,0
693144,0,0,0,0
406973,0,0,0,0
574485,0,0,0,0
406925,5,8,2,8
407028,0,0,0,0
693188,1,0,0,0
693162,0,0,0,0
407039,0,0,0,0
407046,0,0,0,0
724024,0,0,0,0
406987,0,0,0,0
574445,0,0,0,0
693152,0,0,0,0
693137,0,0,0,0
406927,0,0,0,0
693219,0,0,0,0
693159,0,0,0,0
574490,0,0,0,0
406943,0,0,1,0
442901,0,0,0,0
693146,0,0,0,0
693209,0,0,0,0
406929,0,2,0,0
123464509,0,0,3,0
693164,1,1,0,0
406897,0,0,0,0
724026,0,0,0,0
406945,0,0,0,0
574454,0,0,0,0
407031,0,0,0,0
693154,0,0,0,0
693214,0,0,0,0
693205,0,0,0,0
574512,0,0,0,0
724030,0,0,0,0
406911,0,0,0,0
693223,0,0,0,0
693174,1,0,0,0
693142,0,0,0,0
406955,0,0,0,0
693192,0,0,0,0
406946,0,0,0,0
574497,0,0,0,0
407010,0,0,1,0
574480,0,0,0,0
693128,0,0,0,0
693198,0,0,0,0
574510,0,0,0,0
574487,0,0,0,0
693161,0,0,1,0
574450,0,0,0,0
406958,0,0,0,0
693186,0,0,1,0
574496,0,0,0,0
406924,0,0,0,0
406892,0,0,0,0
442899,0,0,0,0
407027,0,0,0,0
693229,0,0,0,0
574514,0,0,0,0
574038,0,0,0,0
693228,1,0,1,0
693132,0,0,0,1
574410,0,0,0,0
574506,0,0,1,1
406950,0,0,0,0
406910,0,0,0,0
406919,0,0,0,0
406889,0,0,0,0
724022,0,0,0,0
724023,0,0,0,0
574030,0,0,0,0
406932,0,0,72,3
693230,3,0,3,0
693203,0,0,0,0
406961,0,0,0,0
406977,0,0,0,2
693176,0,0,0,0
574436,0,0,0,0
693201,2,0,11,7
693127,0,0,0,0
693194,1,0,0,0
406900,0,1,1,0
407037,1,0,2,2
692225,13,0,13,10
8944,0,0,0,0
677816,0,0,0,0
692226,0,0,0,0
677829,0,0,2,0
26765,0,0,1,0
116938,0,0,0,0
116937,2,0,12,1
652965,0,0,0,0
692229,0,0,0,0
26810,0,0,0,0
406972,0,1,12,0
677822,0,0,0,0
406965,0,0,0,1
2878,143159,1356399,51941,610577
1734,4073,294,29,255
280636,4702,5740,1857,2077
1733,32,4282,532,5245
246181,91,647,360,347
23012,315,144,724,276
22908,584,621,1084,942
7247,1211,962,1476,1160
768216,0,0,1,1
100126319,0,0,0,0
574486,0,0,0,0
574503,0,0,0,0
100302117,0,0,0,0
100422915,1,0,1,0
100313777,0,0,0,0
768222,0,0,0,1
100126348,0,1,0,1
768218,0,0,1,0
100313778,0,0,0,0
768217,0,0,1,0
768220,1,0,2,0
768212,1,0,0,0
768215,0,0,0,0
55652,1161,1659,1331,1218
768219,0,0,0,0
100313837,0,0,0,0
6966,24,47,47,46
445347,24,47,47,46
100500887,0,0,0,0
100126333,1,0,0,0
100126301,0,0,1,1
100126337,0,0,0,0
100422884,0,0,1,0
100616354,0,0,0,0
100126317,0,0,0,0
102465854,0,0,0,0
100126335,0,0,0,0
100313838,0,0,0,0
100126318,0,0,0,0
83942,2,0,10,1
163154,145,83,203,42
259294,0,0,0,1
259296,0,0,1,0
50840,0,0,5,3
106707243,0,0,5,3
50838,0,0,1,0
692108,0,0,1,1
692107,0,0,0,0
692086,8,6,22,8
692205,1,1,3,0
619564,2,0,0,0
692057,2,0,0,0
767562,0,0,0,1
677841,0,2,0,2
677832,1,2,2,0
692206,0,0,0,0
692109,1,0,1,0
677800,2,1,0,0
692089,0,0,1,1
692201,0,0,0,0
692110,0,0,1,0
677810,9,1,2,6
677826,8,1,2,2
100505753,0,0,9,0
100533177,1,0,3,0
100507608,0,0,0,0
338799,712,593,992,481
64693,0,0,0,0
339263,151,73,411,185
653240,0,0,0,0
100132386,0,0,0,0
730755,12,0,2,0
81872,0,0,0,0
441518,470,168,780,222
283673,4,24,125,12
402317,0,0,10,2
727800,240,183,362,110
3304,1668,657,296,415
85293,0,0,0,0
83897,0,0,0,0
83896,0,0,2,0
4539,23573,6840,63789,75073
54627,28,8,280,14
386684,0,0,0,0
386682,0,0,0,0
337968,0,0,0,0
5462,30,9,15,33
26255,1,0,1,2
51157,2050,1217,724,484
81856,228,121,386,123
284366,0,0,1,0
84258,10,2,10,13
23636,1229,275,2072,663
94115,6,0,0,0
163486,199,158,381,243
400798,29,6,48,23
375035,1619,1209,1601,1068
11116,415,242,2270,389
22828,562,192,520,453
25790,14,505,15,172
2532,893,60,12,78
9534,202,71,347,207
255758,588,457,138,180
1427,288,128,51,54
1396,5360,3531,765,917
151230,111,113,200,133
100526832,111,113,200,133
339398,3,19,7,10
196792,145,129,120,138
286827,336,33,95,21
10962,152,29,295,50
9311,80,51,266,32
170575,518,146,388,252
84960,61,103,112,110
445328,396,152,367,257
26211,0,0,0,0
1443,0,0,0,0
728489,456,814,108,216
9623,0,47,1,6
6827,2544,2033,3091,2231
114960,0,0,0,0
4893,686,432,980,615
4056,863,376,72,193
51239,652,480,380,287
81890,4550,4345,1650,1432
1147,375,211,680,545
83463,599,110,238,134
2946,1804,1681,2708,1728
388387,242,1740,147,3060
84342,223,384,492,369
84986,246,140,223,262
55559,7330,2175,544,365
3931,470,195,802,127
4111,0,0,0,0
5790,1279,212,207,83
728643,1,0,0,0
79037,56,7,48,3
83755,0,0,0,0
85294,0,0,0,0
221914,45,141,86,10
125113,3,17,517,29
81431,0,0,0,0
6494,2472,1080,977,440
2086,312,153,176,87
55333,1652,1272,1128,1081
402,3931,8713,1954,3675
286467,103,3,3,7
440307,13,21,6,17
388646,4,0,0,5
494115,226,125,186,178
10011,4541,2179,969,1055
375346,171,1127,391,491
283102,0,2,4,4
23234,574,136,417,304
414919,954,766,1087,830
594855,0,0,66,0
7416,16294,4319,13626,6203
221504,0,52,8,0
51075,2701,2966,2112,2113
100526830,462,51,1039,176
3073,6276,9380,4453,4693
4722,3913,9687,1801,2868
54741,2989,1369,3272,2573
81606,3366,959,3657,1836
113179,129,73,130,88
5500,2927,1156,7377,2355
445329,119,48,117,255
63940,206,12,63,21
27040,461,143,416,130
51517,727,397,2277,733
1388,506,78,1517,509
11277,1222,836,408,341
729799,7,0,61,2
1903,852,124,1056,368
54978,1843,1121,4289,1046
388799,19,12,1,4
1192,2496,1474,754,746
23564,93,170,11,41
6235,77512,49798,14147,22642
102724826,176,85,204,97
100271626,898,1874,403,829
10720,4,36,31,77
534,2,3,50,0
7693,261,133,907,292
2968,105,135,188,103
51202,1721,622,1626,1004
91664,106,56,154,79
22914,182,23,70,43
100528032,182,23,70,43
729767,0,0,0,0
2013,1096,108,797,289
147040,963,144,1204,294
10537,15,10,43,87
147699,46,11,21,7
388551,1,1,0,0
151295,1402,3070,111,3808
1241,453,73,476,75
100996307,353,240,139,42
101930071,353,240,139,42
56413,81,11,222,34
1773,227,7501,282,2454
145553,1353,1407,554,549
342900,0,0,0,0
1454,2104,408,3555,613
10850,0,3,0,0
10379,1459,637,1905,1041
2592,1067,2012,641,941
3046,46,27,5,28
3047,0,3,0,0
9080,15,3,74,2
3672,4066,1556,4083,1463
100130691,95,2045,110,1236
390916,410,199,304,214
730087,11,6,48,30
7652,12,6,6,9
30851,4625,1124,1524,1271
8906,2053,1438,3821,678
7643,18,12,350,35
55739,1245,1386,1730,1890
53345,405,271,8,165
4207,66,80,59,16
100271849,66,80,59,16
2595,288,172,876,438
26140,1704,1390,1436,701
29803,2442,694,4613,1719
6150,9844,15504,913,1487
101060200,75,58,311,86
100190940,2,2,6,2
3444,0,0,0,0
100128554,0,0,0,0
79086,4983,2949,2187,1781
652995,67,3,16,10
124900418,67,3,16,10
157574,56,106,41,42
7106,5235,1564,4070,1213
8904,4787,1737,3080,1554
339231,1154,2100,1385,970
255798,3,0,0,0
494551,0,9,1,6
4112,0,0,0,0
57128,1376,1205,713,564
26292,793,510,213,526
155006,10,1429,34,3266
768206,59,13,32,17
100131551,1195,6,526,10
100505920,1195,6,526,10
647323,2,2,4,3
10195,2902,1238,338,758
644903,4,3,23,4
338069,9,0,22,7
79729,564,130,1664,267
401397,1484,458,745,866
253724,30,8,18,17
255809,150,57,108,32
654502,0,0,0,3
339210,75,15,37,15
647288,0,0,0,0
51024,10746,23673,2712,4996
283,1569,833,598,1007
619207,79,6,558,38
594857,0,0,0,0
120376,83,36,99,84
100505854,535,125,285,207
441272,53,13,73,55
255374,191,113,243,102
344167,0,0,0,0
387104,5,0,1,7
100130894,14,9,20,3
54492,823,122,593,208
285588,1,0,0,0
79441,155,76,319,202
387804,22,13,5,35
677779,1,3,5,4
644246,54,54,40,37
401562,3,33,19,15
152225,12,0,0,0
92482,1030,443,597,540
390231,0,0,0,0
346562,0,0,0,0
101926911,18,10,38,17
57412,783,870,2358,1117
100528020,241,195,68,93
440503,305,380,33,1062
730005,1176,75,1694,284
153218,1072,6,166,5
613227,2,1,2,1
344022,4,2,3,1
51400,2185,596,2217,576
728279,0,0,0,0
10809,1258,5474,3003,2146
55384,846,892,90,478
441155,0,0,0,0
728130,98,101,216,132
64506,26,39,230,42
400954,14,95,230,105
245927,0,0,0,0
403339,0,0,0,0
442319,1,2,47,11
23053,2244,1513,2802,1811
389124,0,0,0,0
440956,1,0,0,0
414152,8,3,17,7
388942,0,0,0,0
100271715,27,26,14,8
728858,0,0,0,1
7866,1067,2162,416,680
105371730,33,88,15,25
440854,4,1,49,3
9189,1932,667,3301,835
100188893,7269,7938,2468,4224
221092,2684,1001,6616,2824
751071,420,165,141,66
728588,0,0,0,0
643680,37,1,52,10
101927588,4,1,3,3
654463,1,13,1,205
256223,0,1,0,0
4515,1753,485,443,175
729475,1,0,0,0
253128,8,4,18,5
645027,27,51,3,82
728597,0,0,0,1
219537,9,6,5,3
646754,0,0,0,0
401247,0,0,3,0
196913,356,43,27,48
283551,356,43,27,48
285830,17,5,3,1
389763,0,0,0,0
101059953,84,84,886,2
125150,1112,1947,1129,955
2856,0,0,0,0
64283,2363,2234,970,1532
353149,1,0,33,1
100130742,31,34,16,25
729920,90,54,97,100
101059938,89,0,87,27
644070,1,0,0,0
341392,4,0,1,3
79680,647,368,356,237
340267,48,17,208,85
11331,14260,8277,4569,4103
100130357,34,8,34,23
100996648,0,0,0,4
678655,1270,336,1845,621
84461,603,276,1513,753
392862,21,5,8,10
3115,13,0,2,0
153684,105,7,168,21
6046,167,24,2276,925
100132994,0,4,0,1
137886,478,528,650,789
100130361,0,4,0,1
26138,0,0,0,1
644019,233,314,99,204
646174,0,0,2,0
100996279,1,0,8,4
286430,1,1,4,1
4586,0,0,2,1
692094,71,0,2,0
55889,0,0,0,2
730112,37,42,7,81
55670,982,563,1826,1246
285696,5,1,32,6
389207,1,0,0,0
134121,296,455,520,291
134111,71,127,120,111
340094,1,71,5,227
101927905,54,3,68,20
399715,42,1,123,4
100506688,25,51,13,16
60493,358,257,420,720
23015,937,473,4179,1116
440270,937,473,4179,1116
55449,282,654,1955,1670
157855,0,0,7,0
2576,0,0,0,0
2578,0,0,0,0
2579,0,0,0,0
26748,0,0,0,0
645073,0,0,0,0
124908552,0,0,0,0
124908553,0,0,0,0
124908554,0,0,0,0
124908555,0,0,0,0
124908556,0,0,0,0
102724473,2,3,1,0
100507650,5,187,135,463
1654,3058,1214,13447,5038
64601,3099,2694,1265,798
3303,1428,565,355,481
728957,0,0,1,0
100131980,0,0,0,0
100132396,0,0,0,0
100131980,0,0,0,0
100132396,0,0,0,0
100128890,3,1,9,12
100132103,3,1,9,12
4636,557,1436,408,245
85508,0,0,0,0
100506241,6,4,2,2
407975,20,26,4,15
55628,135,137,446,162
114044,89,108,95,42
7919,359,383,870,538
79716,3374,1181,5458,1243
124904942,3374,1181,5458,1243
386672,0,0,0,0
386677,0,0,0,0
284837,16,3,19,3
100526842,68,19,31,41
652991,2,2,0,0
283514,1,11,12,12
400123,30,6,70,65
646982,30,6,70,65
642633,0,0,0,2
780,328,117,1696,600
388795,1,0,12,9
193629,11,2,4,17
245930,0,0,0,0
245929,0,0,0,0
83863,0,0,0,0
128954,0,0,0,0
400831,14,8,33,7
3166,3,0,0,1
5987,88,2,218,48
2642,3,636,1760,734
6248,0,0,0,5
51032,1,1,2,1
729515,492,386,433,531
56900,906,514,2461,1124
109286553,342,62,387,176
728833,17,2,11,2
8718,512,175,1202,226
339535,344,66,3354,298
643136,11,0,10,12
100131187,1679,4702,1249,2676
126638,10,0,0,0
100996702,19,5,7,7
102724489,3,1,2,0
105370369,3,1,2,0
606495,160,212,326,147
646262,0,0,0,0
284498,19,34,44,17
100287898,25,42,77,22
219293,40,342,1208,322
100126331,0,0,1,0
100126346,0,0,0,0
100126316,0,0,0,0
100126342,0,0,0,0
100126349,0,0,0,0
100126297,0,0,0,0
100126354,0,0,0,0
100126310,0,0,0,0
100126350,0,0,1,0
100126336,0,0,0,0
100126302,0,0,0,0
100126306,0,0,0,0
100126343,0,0,0,0
100126296,0,0,0,0
100126327,0,0,0,0
100126341,0,0,0,0
100126340,0,0,0,0
100126324,0,0,0,0
100126304,0,0,0,0
100126309,0,0,1,0
100126303,0,0,0,0
100126347,0,0,1,0
100126307,0,0,0,0
100126345,0,0,0,0
100126314,0,0,0,0
100126334,0,0,0,0
100126339,0,0,0,0
100302114,0,0,0,0
100126308,0,0,0,0
103504737,0,0,0,1
100126320,0,0,0,0
100126330,0,0,0,0
10437,14484,4634,3600,3793
147710,18,10,13,10
729431,0,0,0,0
109729116,0,0,0,0
285780,9,8,24,6
100506302,496,389,394,362
285095,0,1,145,0
79741,60,8,61,34
96459,823,390,1002,362
100131390,0,0,0,0
644186,16,26,13,14
51192,1929,316,531,256
51025,1043,321,314,204
283165,0,0,0,0
55714,70,16,6,107
101927722,0,2,0,0
100130449,1,3,3,4
29092,362,223,499,316
100505876,823,545,552,576
100129278,0,0,0,0
56903,0,0,1,0
654835,0,3,0,0
163033,354,100,574,180
23436,4,2,12,5
440400,9741,10651,5400,5492
25817,150,65,15,88
101928254,21,4,34,11
222901,2,0,1,0
55672,309,192,924,359
729852,571,295,463,375
648791,189,33,876,27
375190,473,536,220,187
101928464,230,124,120,80
645191,6,2,39,8
400579,59,7,14,7
100125288,71,97,15,45
6844,1551,1147,2997,1693
442194,0,0,0,0
100128264,9,2,13,16
100131205,4,2,0,5
253018,57,7,0,0
648691,6,4,3,3
692204,0,0,0,0
100302255,0,0,0,0
100302229,0,0,1,0
100302158,0,0,0,0
100302184,0,0,0,0
100422837,0,0,0,0
100302118,0,0,0,0
100302202,0,0,0,0
100302128,0,0,0,0
100302150,0,0,0,0
100422845,0,0,0,0
692214,0,0,0,0
100302146,0,0,0,0
100124539,0,0,1,0
692213,0,0,0,0
100187716,0,0,0,0
100302175,0,0,0,0
100313772,0,0,0,0
100422985,0,0,0,0
100302208,0,0,0,0
100302279,0,0,0,1
100313921,0,0,0,0
100302270,0,0,0,0
100302275,0,0,1,0
100302268,0,0,0,0
100302172,0,0,0,0
692202,0,0,2,0
100302148,0,0,0,0
100302281,0,0,0,0
100302288,0,0,0,0
100302112,0,0,0,0
100302193,0,0,0,0
100302223,0,0,2,1
100302280,0,0,0,0
100302277,0,0,0,0
100302134,0,0,0,0
100313824,5,1,0,1
100422849,0,0,0,0
677845,0,0,0,0
100302186,0,0,0,0
100302113,0,0,0,0
100313841,0,0,1,0
100313770,1,0,2,0
100302239,0,0,0,0
100302124,0,0,0,0
100302201,0,0,0,0
100313938,0,0,0,0
100302116,0,0,0,0
692203,0,0,0,0
100302178,0,0,0,0
100302140,0,0,0,0
100302156,0,0,0,0
100302226,0,0,0,0
100302283,0,0,0,0
677847,0,0,0,0
100302265,0,0,0,0
100302181,0,0,0,0
100302159,0,0,0,0
100313895,1,0,1,0
100302246,0,0,5,1
100302259,0,0,0,0
100124540,0,0,0,0
100302214,0,0,0,0
100302203,0,0,2,0
100616252,6,2,4,1
100124541,0,0,0,0
100302217,0,0,0,1
100302289,0,0,2,0
677815,4,3,1,3
100302135,0,0,0,0
100302191,0,0,0,0
594838,5,0,4,2
100302219,0,0,0,0
100313829,0,0,0,0
100302218,0,1,1,0
100302157,0,0,0,0
100302111,0,0,0,0
100313830,0,0,0,0
692212,51,2,10,6
100302256,2,0,2,0
100313835,0,0,2,1
100302205,0,0,0,0
100302284,0,0,0,0
100302177,0,0,0,0
100302232,0,0,0,0
100302228,0,0,0,0
100302192,0,0,0,0
100302149,1,0,1,0
100422977,0,0,0,0
100302220,0,0,0,0
100302209,0,0,0,0
100313884,0,0,1,0
100302130,0,0,0,0
100302235,0,0,0,0
100302121,0,0,0,0
100302233,0,0,0,0
677843,0,0,0,0
100302160,0,0,0,0
100302286,3,6,0,2
100188847,0,0,0,0
100302276,0,0,0,1
100302152,0,0,0,1
100151684,0,1,0,0
100302163,0,0,0,0
100302123,0,0,0,0
100302287,1,0,0,0
100313774,0,0,0,0
101340250,0,0,0,0
100302153,0,0,0,0
677799,14,7,4,8
100302204,6,4,4,0
100302211,0,0,0,0
692210,0,0,0,0
100302250,0,0,0,0
100302236,0,0,0,0
100313914,0,0,1,0
100302125,0,0,1,0
100302147,0,0,0,0
100302161,0,0,1,0
100313771,4,4,0,1
100302122,1,0,0,0
100302136,0,0,0,0
100302254,0,0,0,0
100313773,2,0,2,1
692091,0,1,0,0
100302155,0,0,1,0
135946,0,0,0,0
101929145,81,150,139,134
64641,93,0,77,9
441150,241,345,232,239
5534,574,188,712,456
5671,2,1,7,0
2189,653,257,229,132
393046,0,0,2,0
386676,0,0,0,0
9179,941,555,752,267
81318,0,0,0,0
84226,16,17,18,10
83895,0,0,0,1
259287,0,0,0,0
346525,0,0,0,0
353333,0,0,0,2
353323,0,0,0,0
91584,20,26,12,14
4102,0,0,0,0
4105,0,0,0,0
1052,2553,655,8241,1937
100529240,2,0,0,3
5676,0,0,1,0
81850,0,0,0,0
4995,1,0,0,0
646450,59,126,77,68
63920,276,76,193,84
284293,4,2,1,1
26188,0,0,0,0
23467,59,14,276,42
285877,0,0,0,0
221786,293,100,321,167
135948,0,0,0,0
5520,530,438,752,717
55150,20,36,20,25
400713,117,108,96,78
10626,252,75,974,215
390260,0,0,0,0
641654,0,0,0,3
392138,0,0,1,0
259286,0,0,0,0
135941,0,0,2,0
200765,177,101,392,120
53822,5,0,21,0
389668,16,4,10,3
283416,11,3,33,6
283093,0,0,0,0
84561,572,56,82,72
3809,0,0,0,0
80830,2468,379,823,587
3995,2527,403,952,442
346528,4,0,20,2
2968,105,135,188,103
26686,0,0,0,0
81669,3069,887,5233,2100
7311,117732,78724,14809,18438
343263,3,0,1,0
9374,0,34,31,1
442361,0,0,1,0
57232,120,48,122,52
143496,0,0,0,0
101928881,11,7,0,7
388948,4,5,1,6
100134259,4,5,1,6
124906004,4,5,1,6
149478,355,116,620,103
222234,150,110,170,160
105375614,0,0,0,0
84084,0,2,0,2
101928147,10,0,29,7
102723451,10,0,29,7
101928111,52,107,74,37
122706,0,0,0,0
440925,6,22,89,8
641455,0,0,0,0
653781,0,1,0,0
112597,3681,194,342,87
149069,10,2,38,8
414236,52,11,13,22
100302129,0,2,0,2
100302126,0,0,0,0
100302144,0,0,0,0
100113393,0,0,3,0
677818,1,0,0,0
100302115,0,0,0,0
100302222,0,0,0,0
100302139,0,0,0,0
100302141,0,0,0,0
100302119,0,0,0,0
692111,0,0,2,0
100874221,0,0,0,0
4855,135,12,68,14
339926,1,0,1,0
6222,43261,11464,6409,8482
3116,12,0,7,0
100874194,12,1,0,16
378881,29,18,1,1
100507257,29,18,1,1
101930749,0,0,0,0
399939,0,0,1,0
101927761,1,0,12,8
377630,1,0,1,0
4050,63,27,6,14
7940,1,2,0,0
6891,44,0,127,84
728190,580,189,184,164
101929484,241,2,6,0
101929504,241,2,6,0
6499,113,126,66,43
57176,142,273,650,319
118460,493,626,765,515
6293,85,8,14,10
102724719,1,5,25,5
146822,4,0,6,5
100505716,5,2,43,4
11074,4,3,1,0
3106,5114,4153,2282,1390
54535,169,227,200,81
106480429,0,0,13,2
284391,289,244,726,365
646588,6,2,4,9
100288520,0,0,0,0
1159,11,158,9,208
548596,11,158,9,208
257000,15,31,6,27
253018,20,0,36,4
389857,23,0,0,0
105374644,0,1,1,2
340900,1,0,0,0
3045,0,6,0,9
730291,0,0,0,0
6293,499,216,356,333
104266956,0,0,1,1
449491,0,0,0,0
342931,10,1,0,6
1192,2496,1474,754,746
100996249,0,0,1,0
101928012,0,0,1,0
10211,1245,2513,0,200
728819,46,16,27,30
102060414,0,0,0,0
100874190,0,0,0,0
63943,0,0,0,0
780,2,1,119,18
100874188,5,53,11,30
282890,0,1,0,2
100862692,0,0,0,0
1302,3,1,0,1
100652739,15,7,0,2
155400,1881,1091,2654,563
105376310,0,0,0,0
102060414,0,0,0,0
79969,20,8,39,15
80737,6,35,5,34
100130417,132,171,423,80
80742,146,98,97,43
6048,502,459,424,514
101927356,21,6,55,28
28973,183,395,446,300
100287902,5,4,5,4
100507127,260,6,244,5
101928516,1,0,0,0
3117,52,2,6,0
3118,52,2,6,0
10715,24,1,609,8
400866,10,5,8,4
102723377,0,0,0,0
254099,1,4,5,5
259197,7,1,0,1
103752554,0,0,0,1
346171,0,1,0,1
441307,88,50,251,60
346171,0,1,0,1
3115,135,1,7,0
101928278,0,0,0,0
101928327,0,0,0,0
100873982,1,0,0,0
105378785,0,0,0,0
80742,3,7,32,10
100505783,389,441,272,186
26531,1,2,1,1
4049,0,0,1,0
105373878,14,15,67,27
7918,18,0,195,185
100874330,44,69,0,14
101927034,13,4,24,19
7124,1,0,0,0
114902,3906,717,1527,585
4758,641,489,772,449
101927027,142,32,179,67
105371564,1,1,11,0
3105,16,13,4026,932
101927796,2,0,2,0
101928773,7,7,4,6
100379345,51,17,9,5
399821,120,257,97,82
101927420,80,81,28,36
101929282,0,0,0,0
80772,715,518,1066,577
100507500,692,8,39,18
152024,0,1,2,2
252954,0,0,0,0
728036,0,0,0,0
100507170,0,0,0,0
100129175,0,0,2,0
105373519,0,0,0,0
414765,51,148,2,41
100861514,1,0,1,0
3113,29637,2522,5755,1681
29113,0,0,0,0
100129515,1,0,4,0
285954,36,5,12,6
221545,51,100,93,57
100861520,354,13,0,6
105375013,0,0,0,0
102724714,102,1,4,0
10919,103,79,64,57
89870,59,55,0,12
203068,1266,334,562,292
414760,0,8,0,4
729723,26,268,88,138
11074,0,0,1,0
102724373,0,0,0,0
100874055,7,1,24,1
54535,169,227,200,81
100506457,7,9,128,5
401022,246,255,649,363
63943,0,0,0,0
199899,4,0,2,1
6890,32,49,17,9
285878,0,0,0,0
26247,0,0,0,0
442194,0,0,0,0
56244,0,0,0,0
100505996,0,0,0,0
389376,0,0,0,0
100885780,0,0,0,0
100505633,43,144,11,7
7407,68,22,133,34
284930,0,0,0,0
107985210,0,2,1,2
109729124,0,0,0,0
100303728,43,56,166,97
284688,0,0,0,0
55937,101,2701,9,1249
101927635,10,7,4,12
101927501,2,0,0,3
3120,0,0,9,2
101927988,6,7,0,5
400511,1,4,76,10
1797,147,85,68,40
7932,0,0,0,0
3105,27,4,30,4
106478956,0,0,0,0
100874059,0,0,0,0
109729120,0,0,0,0
104355296,0,0,0,0
4277,0,0,0,0
6941,0,0,0,0
100507059,2,1,3,0
92340,90,13,46,37
721,3046,348,5499,3615
80739,0,0,1,0
26716,0,0,0,0
1460,17,9,1200,1225
7922,1023,571,891,555
100861573,0,0,0,0
253573,0,0,0,1
199800,37,18,28,11
100506637,30,53,101,56
100129239,0,0,0,0
101928270,0,0,0,0
100507362,0,0,0,0
6293,14,4,412,235
342371,682,366,1594,1457
6941,88,17,25,49
81797,0,0,0,0
135644,0,0,0,1
3304,135,20,183,183
101929662,0,0,0,0
643623,1,0,5,0
414764,3,0,0,0
106478956,0,0,0,0
102724691,0,9,4,11
100874146,0,2,0,2
285375,3,0,4,0
100874082,0,2,0,0
124904576,0,13,0,29
221710,184,112,172,114
100507404,17,47,90,61
101927830,17,47,90,61
11074,0,0,1,0
170680,4,0,0,0
7920,37,39,32,30
3116,42,1,4,2
101927994,22,0,21,5
105373537,37,17,21,14
100874236,3,0,13,5
102724224,44,19,25,22
642659,63,35,26,15
100507362,0,0,0,0
2880,0,0,0,0
9656,123,39,295,84
283050,83,23,169,32
100874273,0,0,0,0
3106,367,11,468,205
729467,4,2,4,0
101928436,1,1,0,1
721,0,0,0,0
105375013,4,0,0,0
401109,1,20,0,18
10537,0,0,0,0
729396,0,0,0,0
100505696,353,168,893,325
100302401,26,67,22,19
642778,1,0,10,1
642799,1,0,10,1
101928887,2,6,110,4
101928751,1,0,0,0
102724153,3,2,0,0
100129845,17,19,87,16
10211,2470,448,2307,1300
100507064,10,14,12,5
6890,35,54,32,10
105375009,0,0,0,0
56244,0,0,0,0
1460,1325,1153,742,861
10471,651,379,326,263
101928298,0,0,0,0
100874253,28,246,46,216
220980,13,14,34,27
101927869,0,0,0,0
5863,306,153,696,222
100133205,281,68,75,16
100873941,0,0,1,1
30834,0,0,0,0
105375014,0,0,0,0
101929651,2,9,5,6
101928782,4,2,0,1
148413,813,645,481,417
284184,6529,4949,796,1677
401398,176,65,112,11
101928283,176,65,112,11
729442,0,0,0,0
102723617,0,0,0,0
105375013,0,0,0,0
387486,13,17,6,6
100302691,2,1,4,1
401399,2,0,4,0
6941,88,17,25,49
5089,185,24,627,270
101927215,15,3,40,3
572558,3,25,2,5
124906859,3,25,2,5
139420,0,0,0,0
100506195,2,2,3,7
8552,30,11,75,38
105371620,2,2,2,4
57819,233,177,90,64
387890,117,39,106,40
56658,32,22,89,49
101928770,1,0,0,1
102723566,58,4,57,62
100874078,0,0,0,0
104533120,0,0,0,0
170954,200,2,175,39
107987457,200,2,175,39
101928513,15,91,12,26
7919,1823,667,1344,463
101927839,0,0,1,0
26777,5,0,4,1
3117,0,0,0,0
3118,0,0,0,0
105373377,0,0,0,0
105375380,0,0,0,0
11074,1,0,3,0
3116,0,0,2,1
80863,12,25,10,8
100507547,12,25,10,8
7916,248,70,13,1
102724849,0,0,0,0
100287366,9,0,454,0
100874179,0,0,0,0
388428,0,1,1,0
101929006,0,0,0,0
9842,315,109,481,132
100188953,11,11,20,26
105376159,11,11,20,26
3133,10374,4462,4765,2774
400765,3,0,4,5
124904228,3,0,4,5
259197,2,1,5,0
401250,0,1,0,0
100506159,0,1,1,0
100874118,4,2,5,0
26529,0,0,0,0
100874086,0,0,0,0
100874087,0,0,0,0
100506161,68,76,34,36
442191,0,0,0,0
54088,5,126,6,131
7923,93,397,124,253
101929663,10,4,21,9
401447,0,0,0,0
645836,0,0,0,0
282890,8,1,18,6
100506599,53,27,108,173
196993,0,3,0,1
6998,3,0,1,4
101928470,46,209,13,317
207107,64,1,12,0
100294720,18,0,3,0
56244,0,0,0,0
101928371,2,0,0,0
100507362,0,0,0,0
3116,2,0,0,0
101928233,454,391,901,374
105375009,0,0,0,0
100507540,188,34,32,48
101929239,0,0,0,0
100507171,45,9,244,23
105374596,0,0,0,0
6048,502,459,424,514
389376,1,7,0,0
554203,405,261,342,341
100874337,0,0,0,0
101060691,492,246,406,273
151171,0,0,3,0
101929310,2,0,0,0
100129480,3,2,12,6
102724386,5,2,0,0
101927406,0,0,0,0
100874216,0,0,0,0
29113,0,0,0,0
105375475,2,1,4,0
26707,0,0,0,0
5252,1573,521,1783,933
100191040,5,12,156,8
101928496,11,5,5,11
100506413,1,0,2,0
642569,0,0,0,0
9656,31,15,33,16
6293,85,8,14,10
401242,0,0,0,0
100873935,0,0,3,0
729083,4,3,4,3
84627,97,3,132,7
730811,0,0,0,0
100874313,0,0,0,0
23564,427,453,80,304
100506474,33,14,6,14
105372682,4,0,3,2
348262,4716,4299,2058,1281
1797,147,85,68,40
100128385,119,0,30,2
3107,41302,17539,156,39
65010,543,1093,484,1208
100132103,0,0,0,0
104533120,3,2,0,0
100505641,1543,1227,1961,2144
442184,0,0,0,0
6499,151,160,29,22
101929590,0,0,0,0
7916,377,232,1483,252
138948,72,146,46,228
100861522,0,0,0,0
101929152,156,7,35,23
101927331,2,0,0,0
101927523,2,2,0,1
102060414,0,0,0,0
219731,15,3,18,8
346517,0,0,0,0
440823,245,15,174,59
401264,114,112,254,253
105375304,28,40,355,101
100129216,1,0,1,0
3119,128,3,6,18
79100,44,1,0,6
100128071,170,402,366,228
2074,258,123,519,223
104798195,41,3,1,0
414764,0,3,0,0
56244,0,0,0,0
7919,223,223,306,125
100289650,0,0,10,0
100506937,0,0,0,0
105373144,0,0,0,0
105375014,0,0,0,0
3117,3,72,43,54
441581,0,0,0,2
105373199,0,0,0,0
51406,1528,935,1049,1160
105378049,0,1,0,0
105373100,0,0,3,0
26082,7,0,2,1
50652,9,3,18,8
101927362,0,0,0,0
4909,0,0,2,2
150538,4,0,73,5
6891,45,0,127,84
392617,98,91,203,133
101928527,219,171,253,192
5089,18,11,83,17
101929329,0,0,0,0
23,9,11,196,134
58530,0,0,0,0
110599563,0,0,0,0
81315,0,0,0,0
57819,232,177,90,64
26707,0,0,0,0
100289509,8,6,24,3
100874243,6,3,11,2
255313,0,0,0,0
728062,0,0,0,0
100507170,0,0,0,0
101928118,24,9,28,26
107984921,15,30,89,18
100129662,5,3,3,7
8859,318,381,146,149
105370308,0,0,0,0
253264,9,11,32,25
729987,60,92,69,61
7726,178,132,247,233
3116,42,1,4,2
100129213,31,11,41,18
389634,156,63,188,92
101927769,8,1,0,0
101928205,1,0,0,0
57827,0,46,143,88
28973,183,396,446,300
100129427,0,0,1,2
348751,96,85,79,136
151475,25,3,55,6
56244,0,0,0,0
440465,563,547,2182,522
102725019,0,0,0,0
101926924,0,0,0,0
3120,2,0,0,0
100287722,7,1,12,2
8449,171,89,200,125
105378933,1,0,0,0
6890,416,7,489,108
647310,40,12,64,4
100129215,5,6,25,9
7940,282,31,34,0
5696,530,231,209,168
101926955,7,32,14,6
100288778,105,163,353,160
55937,101,2701,9,1249
6222,43284,11469,6411,8498
414764,0,3,0,0
109729168,14,3,74,49
284576,1,0,6,2
100506834,8,5,7,15
414197,8,0,6,1
1192,2496,1474,755,746
105378044,0,3,0,3
101929541,10,7,0,5
8859,318,381,149,150
101927347,0,2,19,4
3122,0,123,0,0
3109,110,2,262,133
442186,0,0,0,0
100874239,13,0,0,0
4049,0,0,1,0
143502,0,0,0,0
101929073,0,0,0,0
65072,39,9,37,20
651302,27,14,39,11
100874137,0,0,0,0
728763,31,0,281,6
105376072,5,39,0,27
109729152,0,0,0,0
26707,0,0,0,0
93654,6,8,3,5
104355140,0,0,0,0
105370291,0,0,0,0
139425,0,0,0,0
105376672,0,0,0,0
101929378,13,8,37,32
2968,188,122,24,26
100505890,0,0,3,0
11074,0,0,3,1
80741,13,14,9,11
109729117,0,0,0,0
100133545,6,5,86,29
1192,2497,1474,754,746
100506392,204,32,283,29
105378912,204,32,283,29
392197,1,1,1,0
348840,1,0,6,1
56658,205,51,420,168
26692,0,0,0,0
10554,888,928,4,13
79134,326,80,485,152
100874095,6,5,4,4
101928627,4,0,9,4
51596,475,1350,281,293
284835,65,134,666,45
101928280,0,0,0,0
101929551,0,0,0,1
101929861,0,0,0,1
105373984,0,0,1,0
654412,2,6,5,10
124906933,2,6,5,10
101928107,11,0,0,0
57827,0,46,143,88
102725019,0,0,0,0
717,1514,29,779,103
285370,0,0,0,0
26792,0,0,0,0
7407,90,25,116,32
728042,0,0,0,0
100507170,0,0,0,0
58530,0,0,0,0
110599563,0,0,0,0
7922,1023,571,891,555
7916,155,77,59,41
100874198,7,0,9,0
147093,1,0,4,0
23564,488,490,191,327
101927117,20,1,35,2
285643,1,0,0,0
1192,2496,1474,755,745
102216342,8,1,6,5
401014,213,292,72,223
105378385,0,0,0,1
100507170,0,0,0,0
101927667,13,13,40,21
100507362,0,0,0,0
728558,73,35,518,129
102725191,14,1,6,8
104355426,46,11,139,48
3305,0,0,98,17
101928525,20,0,15,8
50854,1693,255,1369,684
440078,78,20,74,23
101929428,2,6,5,0
100874182,0,2,0,0
101928345,0,0,0,0
101928380,0,0,0,0
100507657,0,10,24,19
440498,380,1036,733,824
140771,2,0,8,3
100507564,31,74,11,29
100192379,1,0,1,0
104472714,5,3,7,1
101926890,2,0,2,0
259292,0,0,0,1
100170229,20,7,24,22
100506682,3,2,0,0
9834,12,24,10,3
441531,2,0,5,0
6015,626,264,1362,929
101929006,0,0,0,0
404665,5,2,24,4
100507600,14,2,2,0
389690,0,0,0,0
414260,95,5,7,4
100506835,95,5,7,4
3115,228,3,9,4
339529,0,0,0,1
442184,0,0,0,0
107985092,31,17,6,10
401250,0,0,0,0
100885781,7,0,5,1
534,1,4,15,14
346171,9,1,0,0
645591,8,16,5,15
2794,143,49,458,240
100288413,48,51,4,80
101927084,36,44,39,27
10665,0,0,0,0
10537,0,0,0,0
114761,11,11,1,0
100132677,3,4,9,18
9277,390,454,91,93
103106903,0,0,1,0
401250,7,797,1,184
255313,0,0,0,0
118421,3,0,2,1
8705,47,32,36,19
378951,0,5,0,0
57291,2706,2134,1320,1534
101928161,2,1,3,6
105378591,0,3,2,1
100874021,0,3,0,0
4049,0,0,1,0
339622,0,0,0,0
100133123,0,0,1,0
100507629,1,16,1,11
101929390,2,2,1,1
400619,65,19,45,11
100499467,65,19,45,11
100505746,497,12,84,19
7932,0,0,0,0
1616,321,103,40,5
113523636,321,103,40,5
56967,385,230,3206,168
102724094,202,27,71,10
9277,129,232,34,39
647589,0,0,0,0
101929548,6,1,5,6
401251,13,9,10,8
100288428,21,9,20,15
101927394,21,9,20,15
107986009,21,9,20,15
100287225,19,3,23,6
80863,12,25,11,8
100507547,12,25,11,8
100131827,144,143,109,178
4758,645,492,782,456
105375050,0,270,5,22
81696,0,0,0,0
728386,0,0,0,0
101927889,0,0,0,0
80737,0,4,5,11
100996941,1,0,0,0
89870,51,20,0,84
729246,0,0,0,0
283089,21,20,72,3
80352,1,0,0,0
104502417,1,0,4,3
284801,540,171,51,43
124904967,540,171,51,43
93653,39,31,122,39
100874231,2,0,0,2
8449,0,1,8,1
8870,568,299,170,136
728695,0,1,0,1
100507058,5,18,2,39
170680,4,0,0,0
101929212,619,1001,413,634
100144748,16,23,72,9
101928418,0,0,0,0
6048,502,459,424,514
100505768,1,0,0,0
4439,13,42,31,15
4758,0,0,9,0
23564,616,475,84,319
6257,1062,652,2133,1044
10919,97,75,66,43
266919,0,2,0,1
8505,260,288,756,486
100505538,22,18,68,31
100505561,1,0,1,0
3126,4954,633,5,4
102724601,6,7,12,10
100507086,1,7,1,10
100128675,3,3,53,26
7922,1023,571,891,555
100996579,34,37,29,79
64002,0,0,1,0
28973,183,396,446,300
10866,548,110,85,108
102723483,1,2,7,2
474151,0,0,0,0
474152,0,0,0,0
26529,0,0,0,0
114036,52,22,49,18
135644,0,0,0,1
8831,56,22,511,36
101927575,41,22,31,45
101927139,0,0,0,0
101928555,35,37,36,32
441282,35,16,47,14
10107,0,0,0,43
100505826,33,21,10,10
554201,0,0,0,1
100132399,0,0,0,0
113178,698,645,1570,557
285758,224,14,30,27
394263,1,0,1,0
4050,95,5,14,8
103456507,2,1,9,2
101928122,13,2,2,2
100874195,0,0,0,0
440584,94,50,520,16
100506725,20,11,25,6
100287205,0,0,0,0
286370,1,3,5,2
414760,0,8,0,4
104355293,0,0,0,0
4795,183,156,66,41
55937,101,2701,9,1248
534,13,3,2,0
100873976,0,1,0,1
101930114,84,503,24,138
9374,149,81,1000,296
100861402,103,19,69,36
100506810,30,13,39,15
26692,0,0,0,0
100507533,3,0,0,0
10554,0,0,3,0
100874100,3,0,9,2
10255,0,0,1,0
100874063,0,2,1,0
103724388,0,0,2,0
7407,3,0,0,0
3105,72152,29322,515,153
6992,469,246,213,218
647286,0,0,0,0
203068,11818,2853,4235,2737
729867,15,2,8,5
401039,1,1,1,1
720,2501,128,15383,13408
110384692,2501,128,15383,13408
7917,525,353,402,321
4277,0,0,1,3
9278,225,95,6,48
6222,12,0,16,4
1302,15,8,23,30
5514,120,133,508,117
101927358,0,0,0,0
100506343,5,30,20,13
6890,444,71,453,113
3126,6,0,0,0
346171,19,34,1,0
401251,13,9,10,7
729059,1,3,1,0
100507027,3,105,0,210
102060414,0,0,0,0
105375009,0,0,0,0
106478956,0,0,0,0
100131208,12,2,3,3
441072,10,19,16,8
140848,0,0,0,0
100288831,0,0,0,0
105372897,0,0,0,0
83957,0,0,0,0
100507308,5,27,22,95
440600,48,17,21,11
101927678,2,1,4,3
3122,18,0,9,0
135644,0,0,0,1
91149,2,0,2,0
283038,110,701,30,72
105375013,0,0,0,0
101927787,3,5,10,7
105373209,3,5,10,7
246721,67,22,113,74
101927532,13,0,2,3
101929516,1,0,5,1
284257,0,0,0,0
3123,160,12,418,118
3448,0,0,0,0
80739,0,0,1,0
100507057,222,24,47,29
9374,3,4,23,6
100874054,7,0,9,3
101928995,1,1,5,0
23564,427,454,80,304
105371485,5,37,48,42
285834,0,0,0,0
101928733,7,4,10,1
3113,1562,17,4032,1802
57827,0,123,0,0
80742,3,7,32,10
286238,0,0,0,0
127062,0,0,0,0
386597,28,5,37,8
100874010,1,0,0,0
83955,8,13,4,5
100130197,1,0,5,0
252949,0,0,0,0
474152,0,0,0,0
106478957,0,0,0,0
80740,0,0,0,0
4509,3424,708,1624,2214
3120,18,1,1,3
104355287,990,287,1599,355
104355288,990,287,1599,355
80736,260,186,6,74
721,5620,6466,338,767
5005,1,0,1,1
3117,24281,1902,48,33
641515,145,61,465,49
100506696,145,61,465,49
102724201,3,0,0,1
474150,11,11,1,0
3107,1350,126,20363,9284
101928684,1,0,0,1
101929093,3,2,1,0
91316,660,1794,1804,1002
7124,1,0,0,0
105374791,0,0,1,0
6257,18,2,47,22
284756,3,1,76,18
284757,3,1,76,18
729296,3,1,76,18
7923,93,398,124,253
104355143,0,0,0,1
105375009,0,0,0,0
116511,0,0,0,0
105379269,0,0,0,0
101928043,13,5,3,6
101928612,39,56,6,23
6048,3,1,4,3
100506885,11,35,8,20
400957,3,0,2,5
728450,0,0,4,2
6293,85,8,14,10
57827,585,46,0,0
105378663,32,48,68,48
721,81,2,728,1474
100128731,13940,5069,4484,4745
101927692,4,6,7,12
728537,68,22,294,48
100506405,0,0,0,0
100996630,0,0,0,0
105378864,0,0,0,0
116511,0,0,0,0
653282,0,0,0,0
6015,193,191,498,220
106614088,421,11,555,33
100131193,29,149,55,142
317703,0,0,0,0
9656,126,40,288,82
2794,321,102,517,264
6891,155,5,15,0
266917,1634,1589,679,734
643988,91,242,252,84
100874041,0,2,0,4
7918,248,425,106,164
644672,0,1,0,0
169834,158,28,76,40
101927768,58,8,10,8
107986638,58,8,10,8
1388,53,10,1336,433
100124700,24,4,102,4
109729180,54,7,59,14
26692,0,0,0,0
104266960,0,0,0,0
105376527,4,13,1,3
401250,0,0,0,551
389333,86,118,139,97
100874006,1,1,5,3
4758,646,492,782,454
107987423,0,0,1,0
51326,97,20,103,64
100506084,97,20,103,64
100996709,97,20,103,64
101928565,16,6,21,6
100507633,14,57,12,30
100652730,66,40,8,9
7923,93,397,124,253
1719,708,483,351,976
101927416,0,1,0,0
401251,24,10,20,7
5863,306,153,697,222
414764,0,0,0,0
101928869,0,0,0,0
221178,6,1,0,5
7917,556,372,436,343
105375013,0,0,0,0
123464515,1,0,0,0
285962,34,45,20,27
400946,18,22,48,9
100874056,2,1,0,0
285834,0,1,1,0
643837,498,112,4614,610
109729153,0,0,0,0
101928158,42,23,42,16
3120,18,1,1,3
642345,3,13,0,5
441521,0,0,0,0
100874064,0,1,0,0
7124,1,0,0,0
100852409,0,0,0,0
11270,94,26,33,14
728419,0,0,0,0
124906399,0,0,0,0
124906401,0,0,0,0
124906402,0,0,0,0
124906405,0,0,0,0
124906412,0,0,0,0
128966573,0,0,0,0
80740,0,0,0,0
11270,94,26,33,14
1460,565,529,15,6
7726,177,132,247,233
80741,13,14,9,11
101929265,10,1,10,3
100289373,45,149,35,49
10554,21,0,631,526
6499,270,275,299,152
6048,502,459,424,514
10537,0,0,80,33
389199,2,1,2,1
728137,0,0,0,0
100289087,0,0,0,0
124905614,0,0,0,0
124905615,0,0,0,0
124905616,0,0,0,0
124905618,0,0,0,0
124905619,0,0,0,0
124905620,0,0,0,0
124905621,0,0,0,0
124905624,0,0,0,0
124905625,0,0,0,0
124905626,0,0,0,0
124905628,0,0,0,0
124905629,0,0,0,0
124908978,0,0,0,0
124908979,0,0,0,0
124908981,0,0,0,0
124909197,0,0,0,0
124909294,0,0,0,0
124909306,0,0,0,0
124909318,0,0,0,0
124909320,0,0,0,0
124909330,0,0,0,0
128966595,0,0,0,0
128966599,0,0,0,0
128966647,0,0,0,0
128966655,0,0,0,0
102724502,1,1,0,0
3106,23,0,220,146
100996635,3,58,1,1
26692,0,0,0,0
7124,13,2,3,3
401082,16,15,15,3
3122,18,0,4,8
101927219,15,36,5,115
5987,218,19,342,370
102724076,0,0,0,0
101927159,0,0,0,0
101927244,3,88,18,151
101927482,31,2,0,2
177,34,29,43,15
79969,41,11,65,32
80863,5,36,15,12
100507547,5,36,15,12
3123,12241,2266,0,0
80736,19,99,19,599
5460,55,8,516,41
101928739,0,0,1,0
100128505,2,2,1,1
100873965,1,0,1,1
6171,351384,99854,52991,61796
100507347,64,7,45,19
26716,0,0,0,0
137196,2,1,1,1
728724,2,1,1,1
106144608,2,1,1,1
285965,16,8,4,3
100873997,0,0,0,0
101927195,0,0,0,0
401251,28,4,24,0
81797,0,0,0,0
643847,35,20,17,11
124906959,35,20,17,11
128966586,35,20,17,11
7932,0,0,0,0
80742,3,7,32,10
399706,3,0,0,0
401288,18,3,0,8
3105,27,4,30,4
104533120,0,0,0,0
246119,5,1,0,0
254312,0,0,1,0
100996624,0,0,0,0
3133,16,51,3754,1997
9278,225,95,6,48
102723727,1,0,0,0
101928994,6,3,2,1
101928103,15,4,32,15
105375009,0,0,0,0
135656,1,1,0,0
729974,0,0,0,3
3115,16,13,4261,1656
50854,2372,271,1381,518
101927827,6,0,0,8
5004,2,0,3,0
728012,0,0,0,0
102031319,0,0,2,0
26692,0,0,0,0
7148,0,0,1,6
10107,9,25,0,0
7148,47,192,49,98
100861510,5,0,0,0
7936,389,323,285,203
101927000,168,85,302,93
10107,5,37,0,0
100507362,0,0,0,0
1616,0,0,0,0
113523636,0,0,0,0
170425,0,1,8,3
26716,0,0,0,0
442194,0,0,0,0
338653,0,2,0,3
253970,0,0,0,0
26134,0,0,10,0
101927745,16,10,92,29
105369302,16,10,92,29
29113,0,0,0,0
101928992,5,2,1,3
101929592,1,0,2,0
107986703,2,1,1,1
646424,0,0,0,0
2794,58,20,134,59
197135,64,11,100,14
80863,9,23,7,9
100507547,9,23,7,9
3120,0,0,1,0
101927948,0,0,0,0
7919,408,399,1022,313
285834,0,0,0,0
7917,506,521,200,25
101928696,0,0,0,0
390010,0,0,0,0
728403,0,0,0,0
124908988,0,0,0,0
128966656,0,0,0,0
100506680,0,0,0,1
101927528,2,1,6,2
105377391,0,0,0,0
441873,0,0,0,0
645359,0,0,0,0
100874143,0,0,0,0
728379,0,0,0,0
124906399,0,0,0,0
124906401,0,0,0,0
124906402,0,0,0,0
124906405,0,0,0,0
124906412,0,0,0,0
128966573,0,0,0,0
100128640,39,36,39,41
56244,0,0,0,0
100506470,0,0,0,0
401093,56,12,93,37
645949,0,0,0,0
104266963,0,0,1,0
360205,10,0,3,0
100873964,0,0,0,0
128966592,0,0,0,0
101927419,1,1,4,0
729240,0,0,0,0
57615,7,4,7,12
7932,0,0,0,0
106478956,0,0,0,0
203068,1266,334,562,291
3113,805,2,1106,577
26793,0,0,0,0
100506025,2,0,2,0
3134,932,259,2591,888
101928009,0,0,0,0
105369343,240,163,56,107
101929460,10,2,33,3
100506274,1,1,3,3
102724919,5,4,6,9
56244,0,0,0,0
102682016,29,99,96,161
780,0,0,0,0
105378470,1,0,0,1
102060414,81,0,184,39
100874097,4,0,9,1
7922,1023,571,891,555
7503,2,14,29342,27327
146542,985,836,592,353
100131801,13995,8419,3170,3434
196047,2571,7657,1186,1651
643834,52,103,14,16
28973,183,396,446,300
442186,0,0,0,0
100874111,6,1,20,1
101927762,4,3,1,0
101409261,12,2,36,5
101929244,2,0,1,1
102723775,125,60,160,45
2713,0,0,0,0
101929901,2,2,5,0
414764,3,0,0,0
100128124,3,0,62,2
100505879,3,0,62,2
56658,32,22,89,49
221823,0,0,1,0
105373764,0,26,0,5
403150,3,9,23,6
100852410,15,4,22,13
401067,5,7,11,4
400604,62,63,131,65
103695365,1,0,7,1
170954,200,2,175,39
107987457,200,2,175,39
100287704,0,0,0,0
100874291,7,0,11,5
414760,1,0,1,0
100873920,38,2,1,5
284632,3,19,8,3
100287399,0,0,0,0
5696,3635,474,47,21
100874145,1,6,0,0
80737,6,35,5,34
80739,0,0,1,0
100287718,0,0,0,0
389376,5,11,0,11
100874032,40,19,28,11
101929006,0,0,0,0
285389,6,15,7,13
7124,1,0,0,0
101929721,0,0,0,0
100874027,3,2,2,2
84320,1680,1158,896,812
100527964,1680,1158,896,812
100873987,2,0,4,0
8870,568,299,170,136
400839,1,0,1,1
3111,656,26,243,80
10211,307,17,753,302
100874362,127,41,66,54
102725019,0,0,0,0
101927431,0,0,0,0
728228,5,0,3,0
26683,0,0,0,0
105375556,0,0,0,0
100874079,2,1,5,0
7726,0,0,16,7
105378739,0,0,0,0
3133,16,51,3755,1997
158257,14,4,7,16
101410543,2,0,16,0
100507194,2,3,3,4
4049,0,0,1,0
100862679,0,0,0,0
4439,13,41,31,15
79295,0,0,0,0
56658,32,22,89,49
154860,1,1,0,0
101926971,1,1,0,2
100506679,20,10,20,5
339568,0,0,0,0
80352,1,0,7,2
5460,70,7,341,32
170954,24,0,0,0
107987457,24,0,0,0
728049,0,0,0,0
100507170,0,0,0,0
257203,14,5,7,1
284593,3,3,12,6
100133220,79,69,590,47
100505664,17,319,28,127
10866,9,3,214,37
103695431,6,3,1,1
101928336,9,5,35,9
105374293,4,1,3,0
101927795,0,0,0,0
3135,0,2,629,0
106480429,0,0,0,0
414243,3,0,55,4
100132987,3,0,55,4
105378375,3,0,55,4
101927895,59,55,94,19
728373,0,0,0,0
124906399,0,0,0,0
124906401,0,0,0,0
124906402,0,0,0,0
124906405,0,0,0,0
124906412,0,0,0,0
128966573,0,0,0,0
102724555,0,1,0,3
387646,5,2,20,17
100499171,492,3,33,17
106144568,0,0,0,0
441459,60,2,12,1
780,606,200,46,0
3125,2207,337,646,638
80352,1,0,6,0
7920,195,67,9,5
114796,176,627,86,146
100873946,0,0,0,0
442194,0,0,0,0
439931,81,163,44,70
177,29,14,7,3
125997,0,0,0,0
101928460,0,0,0,0
105379829,12,34,8,32
100874264,0,0,1,0
100359394,3,0,3,3
401447,0,0,0,1
645836,0,0,0,1
101929441,0,0,0,20
728586,4,2,5,2
105376365,0,0,0,0
100302692,65,20,119,91
728075,0,0,0,0
100507170,0,0,0,0
100505478,1,0,1,0
414764,3,0,0,0
100874042,5,8,3,7
7919,406,397,846,295
729121,19,39,15,5
5545,0,0,3,0
646817,0,0,0,0
5696,530,231,209,168
100507362,0,0,0,0
3120,0,0,9,2
6046,710,374,1238,731
100505975,5,21,5,12
105375266,0,0,0,0
1192,636,1275,1,150
1460,599,557,18,8
26226,5,17,20,10
6890,446,70,453,113
389895,0,1,0,0
3115,27927,2715,44,28
105376480,0,0,3,1
284798,1,1,0,1
3122,30100,2378,8670,4145
339666,1,0,4,2
81696,0,0,0,0
100873998,3,6,4,4
101929746,3,12,1,2
3115,1,1,2205,918
101928476,0,0,3,1
100131244,0,0,1,5
26531,1,2,1,1
340512,0,0,0,0
7940,264,33,35,0
404281,73,15,50,29
100996301,0,2,3,3
100873165,0,0,0,0
401588,128,42,155,75
442186,0,0,0,0
401236,6,6,11,3
285045,1,0,0,0
4340,1,0,0,0
285326,7,1,1,0
534,1,4,15,14
63943,174,194,81,62
105375972,0,0,0,0
100874270,0,14,0,6
150992,0,0,0,0
1302,7,3,11,1
642587,8,3,47,2
101927686,4,0,17,0
154449,0,0,0,0
4439,2,5,41,27
101929684,0,0,0,0
54064,109,0,1,0
57176,243,346,70,25
3281,5191,5917,4360,4373
5514,120,133,508,117
7726,0,0,448,330
80739,0,0,1,0
105370306,0,0,0,0
3126,4954,634,5,4
100131814,45,21,34,41
101926966,0,0,0,1
124905976,0,0,0,1
414765,51,148,2,41
7936,389,323,285,203
7940,280,37,37,0
728400,0,0,0,0
124906399,0,0,0,0
124906401,0,0,0,0
124906402,0,0,0,0
124906405,0,0,0,0
124906412,0,0,0,0
128966573,0,0,0,0
100874157,0,0,1,0
105371450,37,16,101,31
100288323,0,0,0,0
109729135,0,0,1,0
170679,34,0,8,0
100506801,13,0,7,1
101927873,106,24,130,34
105373343,0,0,0,0
6015,193,191,498,220
7407,68,22,133,34
101927377,41,74,7,8
23,629,1158,308,215
105378305,0,0,0,0
768097,7,0,0,2
9656,17,4,18,9
114760,0,0,0,0
402779,0,1,0,0
285501,1,0,3,0
101927884,12,2,19,8
440704,1,0,2,1
84657,43,14,20,19
4277,14,0,11,5
101926975,6,4,43,4
26341,0,0,0,0
389158,0,0,0,0
100093698,0,0,0,0
107178918,1,0,1,0
100507436,231,36,14,3
104533120,0,0,0,0
170954,8,1,7,6
107987457,8,1,7,6
101926964,13,6,12,15
105373006,0,0,0,0
284067,11,8,8,10
79969,43,11,83,23
177,29,14,7,3
100130827,2,0,0,4
253018,0,4,4,0
3119,8,5,5844,1216
149773,57,112,5,47
100216001,9,1,15,1
100874028,8,3,18,5
101927829,8,3,18,5
728730,148,143,90,142
4050,63,27,6,14
442184,0,0,0,0
6257,18,2,47,22
80741,13,14,9,11
100133985,10,70,20,45
414765,1,2,3,2
101929147,95,47,186,105
7916,973,331,1710,573
4277,47,10,12,0
101927422,0,1,0,0
8449,177,76,222,152
100873986,0,0,0,0
3113,805,2,1103,577
100287144,0,0,0,0
4049,0,0,1,0
154822,7,24,17,8
101929025,1,0,0,1
102723605,1,1,0,0
104355146,0,0,0,0
100420005,2,1,3,0
100132169,3,0,2,1
285084,1,0,0,0
100862704,4,4,9,9
80736,260,186,6,74
7920,185,96,453,328
6222,43289,11471,6410,8498
57819,233,177,90,64
100506775,12,4,6,2
105375014,5,0,2,0
3117,0,0,0,0
3118,0,0,0,0
286333,166,2,15,11
727982,1,1,15,9
100873962,41,13,0,0
101927591,0,0,0,0
717,1588,28,828,102
3304,1645,349,260,338
3111,2,0,185,149
400002,9,2,32,11
414765,51,143,3,39
102724550,1231,22,12,36
692093,1,0,3,1
100507463,66,15,46,22
8847,61,20,83,28
7148,0,0,42,11
100132215,28,0,36,13
1616,7,0,324,121
113523636,7,0,324,121
9374,122,54,326,110
101927596,15,1,1,2
29113,0,0,0,0
5696,1158,303,611,328
100874031,2,2,1,1
728405,0,0,0,0
124906399,0,0,0,0
124906401,0,0,0,0
124906402,0,0,0,0
124906405,0,0,0,0
124906412,0,0,0,0
128966573,0,0,0,0
128966606,0,0,0,0
128966617,0,0,0,0
128966618,0,0,0,0
128966619,0,0,0,0
128966620,0,0,0,0
128966621,0,0,0,0
100506895,24,8,0,7
7726,337,256,3,9
106478957,0,1,1,0
100873930,14,4,2,2
101928489,7,0,26,1
101927765,146,196,137,79
646268,11,0,2,0
104355286,9,3,1,2
144776,0,5,3,14
26707,0,0,0,0
106480429,0,0,0,0
3125,430,40,4,3
101927136,9,32,29,33
104355152,1,1,0,1
80069,11,7,1,4
378805,346,146,194,164
100874355,2,1,1,0
105375014,0,0,0,0
5514,120,133,508,117
144448,20,5,12,7
101927541,58,9,92,30
104355297,9,0,0,1
100506795,7,1,34,7
105377880,0,0,0,0
439934,1,1,5,3
101929074,84,483,160,243
101928099,39,18,3,9
100885798,1,0,1,0
3117,9,0,3,0
3118,9,0,3,0
642597,0,0,0,0
7916,141,68,24,9
102723854,2,3,5,8
3105,55,33,50512,12901
101927492,10,0,12,5
1589,8,0,60,3
105375014,0,0,0,0
105373805,2,0,1,1
106478956,0,0,0,0
402135,5,0,1,1
100873949,10,9,19,5
104413892,0,5,4,5
5554,2,2,1,1
643749,64,46,97,43
101928243,169,26,210,18
100507475,50,108,35,42
730100,5,0,7,0
5669,1,0,5,2
5672,1,0,5,2
6892,44,0,867,101
105372587,0,0,0,0
3119,43,2,0,0
103344932,4,29,9,24
124906859,4,29,9,24
101928259,1,0,2,1
7407,1381,763,698,524
100874343,43,8,20,17
101928380,0,0,0,0
102724323,11,0,4,0
10537,0,0,0,0
101929231,28,17,20,48
55937,101,2701,9,1249
401250,7,797,1,184
101928241,1,4,2,5
153743,0,0,1,0
101928014,0,6,0,2
400761,23,35,17,20
5089,23,11,927,318
105372833,4,117,3,42
641518,492,80,1,50
102725019,0,0,0,0
114821,85,107,63,12
10919,127,108,261,107
100507073,12,5,12,3
101060019,12,5,12,3
101928475,0,0,0,0
3117,3626,491,2,3
643382,17,7,23,5
101929184,0,0,0,5
284825,616,377,352,311
102725019,1,1,3,2
100874353,2,0,2,1
150577,6,1,3,6
346171,0,1,0,1
101929631,7,5,6,2
10665,0,0,0,0
51372,13660,10936,2054,5283
730159,0,0,0,0
28985,4657,3597,496,761
391475,0,0,0,0
3106,33949,8699,894,236
170680,3,0,15,0
104355145,0,0,0,1
100874208,1,0,0,0
100506126,0,2,3,1
2794,321,102,517,264
9366,0,0,0,0
101928578,26,96,42,26
729348,39,10,76,30
23,9,12,218,134
100507143,0,0,0,0
442186,0,0,0,0
80736,19,99,19,599
440390,5,6,4,1
109729142,0,0,0,0
105616982,2,1,2,0
643529,73,9,118,30
105378425,73,9,118,30
102724699,33,21,46,10
647219,5,0,1,0
135656,0,1,0,1
106478957,0,1,2,0
283953,3,4,0,0
100131902,0,0,0,0
728369,0,0,0,0
124906399,0,0,0,0
124906401,0,0,0,0
124906402,0,0,0,0
124906405,0,0,0,0
124906412,0,0,0,0
128966573,0,0,0,0
100505824,6,17,10,2
105371227,6,17,10,2
390037,0,0,0,0
10211,400,17,709,316
100289178,21,12,58,18
100874090,1,0,5,0
26531,1,2,1,1
101927721,1,0,0,0
282706,5,0,1,0
135656,1,1,2,1
7918,15,0,165,150
6891,27,0,42,29
4855,101,11,21,15
102725019,0,0,0,0
106480429,0,0,34,7
105375009,0,0,0,0
7923,93,397,124,253
6890,409,7,453,105
101928386,1,0,2,3
26339,0,0,0,0
388789,5253,2199,1162,1637
442194,0,0,0,0
100287238,0,0,0,0
54089,0,0,0,0
1589,14,20,107,43
60467,0,0,1,0
252952,0,0,0,0
203068,1267,334,562,291
440561,0,0,0,0
389813,325,54,418,128
100505771,271,271,291,167
105378753,106,59,133,51
101928744,2,1,1,2
100874206,4,2,3,3
104533120,0,0,0,0
151484,4,0,19,2
100996732,185,4,24,12
107985200,185,4,24,12
101930746,0,0,4,0
1302,11,0,0,5
101928031,0,0,0,0
100874295,0,0,0,0
100505929,3,1,5,3
101927257,7,2,14,4
2550,3,1,11,4
203068,1265,334,562,291
6499,270,275,299,152
101927143,42,6,15,9
3120,2,0,0,0
2550,130,60,134,42
4340,0,0,2,0
105374328,3,2,9,1
100505683,15,43,30,31
105378934,7,48,9,23
105375009,0,0,0,0
643699,245,62,1389,190
101927526,0,0,0,0
55853,8,3,4,2
100507670,51,120,10,40
100506930,934,572,1132,488
100874205,2,1,11,1
348021,0,0,0,0
102724321,0,0,0,0
101929591,10,19,57,3
101926943,18,1,43,4
105376955,0,0,0,0
253018,0,0,17,8
100506178,18,6,802,9
105378499,0,1,0,3
400221,115,14,82,24
104355138,0,0,0,0
100127888,0,2,11,6
3304,14,38,1871,953
252951,0,0,0,0
7124,1,0,0,0
100874203,5,0,7,1
256355,96,64,21,34
100129620,27,2,0,1
348840,0,0,1,0
100873947,0,0,1,0
101928435,1,0,3,0
100303755,449,496,415,402
56658,32,22,89,49
389791,18,9,49,16
201229,415,577,661,684
284649,5,5,42,15
100873932,1,5,8,2
101928404,4,0,2,1
101929413,0,0,0,0
105375009,0,0,0,0
101927590,0,2,18,3
103695432,0,2,18,3
101926987,48,20,40,12
101927049,0,0,0,0
414765,51,148,2,41
26707,0,0,0,0
245940,0,0,0,0
106144531,0,0,0,0
285958,1709,757,517,232
3111,748,92,6,0
1460,573,536,15,6
3111,8,0,5,0
101927553,1,0,2,0
285154,98,38,214,48
109729155,0,0,0,0
100506697,4,1,1,5
26716,0,0,0,0
104326057,0,0,0,1
127814295,41,26,30,40
100286938,1,3,0,1
553103,239,62,256,494
101927560,23,34,135,23
101927587,23,34,135,23
100885778,1,0,0,0
84973,1977,1967,467,768
124900276,1977,1967,467,768
105376752,615,154,845,270
644844,0,0,0,0
81696,0,0,0,0
101929486,21,42,51,38
8449,177,76,222,152
245940,0,0,0,0
100133267,0,0,0,0
100507436,231,36,14,3
442184,0,0,0,0
23564,426,453,80,304
101927586,24,0,10,2
105378738,0,0,0,0
150786,0,0,1,2
100507463,72,14,46,29
100128420,50,2,6,10
3135,3,0,1052,5
339260,135,5,28,8
440416,135,5,28,8
404266,34,1140,463,226
119437,9,0,18,10
100506527,0,1,0,0
100287178,2,0,0,0
124906399,2,0,0,0
124906400,2,0,0,0
124906401,2,0,0,0
124906402,2,0,0,0
124906405,2,0,0,0
124906410,2,0,0,0
124906411,2,0,0,0
124906412,2,0,0,0
124906415,2,0,0,0
128966573,2,0,0,0
128966626,2,0,0,0
100507463,70,16,82,28
116511,0,0,0,0
728660,0,0,0,0
2968,105,135,188,103
1589,14,36,35,6
100505877,1,1,0,7
101929023,4,323,4,203
221545,42,90,51,39
105376070,88,36,56,47
442184,0,0,0,0
3117,1,0,0,0
3118,1,0,0,0
643596,9,371,124,137
400238,4,1,0,0
3119,3771,365,98,11
7918,520,736,0,0
101927843,2,0,2,0
100996842,285,347,211,124
440350,2,2,0,2
449492,0,0,0,0
100129434,42,10,436,37
105376116,0,0,0,0
2876,31202,22686,5118,6544
105372626,0,0,0,0
101928401,2,1,9,4
105373354,9,60,21,18
100874528,2,0,4,1
106480738,31,17,12,6
100293534,63,1,2884,3786
6992,470,245,214,218
259234,0,0,0,0
7148,28,103,59,10
349408,3,0,1,1
4439,33,60,63,40
7917,518,541,146,45
140875,6,1,3,0
100506915,13,42,1,85
101927051,3,0,4,0
101929297,0,0,0,0
200772,5,18,76,13
101929406,1,0,11,1
101410540,0,0,0,0
403274,0,0,0,0
8449,171,89,200,125
100132147,0,0,7,3
100506311,648,391,130,221
643376,0,0,10,6
170679,10,0,48,6
3833,75,2,20,0
26529,0,0,0,0
63940,0,0,0,0
388564,40,39,12,23
100874300,1,1,0,0
105372978,121,4,49,1
101927599,188,69,83,63
449493,0,0,0,0
730338,7,14,18,14
100874284,1,1,1,0
101929639,19,72,9,38
8449,171,89,200,125
80742,146,98,97,43
101928797,0,0,1,3
100996597,0,0,0,0
11074,1,0,9,1
3116,0,0,0,1
102723362,0,0,0,0
105378853,315,40,181,63
89870,12,19,2,25
100874278,0,1,6,1
101927926,0,0,0,0
104355291,0,0,0,0
117581,17,6,2,5
100129597,1031,3,17,1
442186,0,0,0,0
102723833,0,0,0,0
728431,193,235,187,79
442186,0,0,0,0
284998,867,786,485,281
100506421,867,786,485,281
221545,51,100,93,57
100128811,0,0,0,0
644139,0,0,1,0
442184,0,0,0,0
105375342,0,0,0,0
102060414,0,0,0,0
100505795,0,0,2,0
339807,0,0,2,0
389152,3,1,8,2
10408,2,40,4,19
400955,17,1,3,0
101927285,17,1,3,0
121838,6,15,4,40
101928185,47,0,21,3
170679,51,0,4,0
106480429,13,0,0,0
200261,2,0,0,0
100874326,0,0,0,0
100506289,4,6,0,4
414765,51,148,2,41
730227,0,1,0,5
30834,281,172,82,52
7936,388,323,285,202
729384,0,0,0,0
7258,0,0,0,0
728395,0,0,0,0
124905613,0,0,0,0
124905618,0,0,0,0
124909293,0,0,0,0
124909305,0,0,0,0
124909329,0,0,0,0
101927289,0,0,7,0
102723927,0,0,7,0
28973,183,395,446,300
3447,0,0,0,0
8341,16,30,160,13
282890,61,2,72,0
100506098,952,172,26,196
3107,3,1,6,0
100507362,0,0,0,0
105371660,0,0,0,0
106478956,0,0,0,0
6941,1,0,130,0
727993,2,8,0,4
100506119,824,549,214,244
3133,16,51,3754,1997
440594,40,7,69,36
5460,55,8,516,41
100287399,0,0,0,0
100996331,0,0,0,0
105372840,47,18,55,15
101927502,3,1,6,3
6234,201613,154817,23492,29829
338651,2,2,10,5
135644,0,0,0,0
399697,0,2,131,1
5987,982,1002,368,256
101929006,0,0,0,0
440567,20,11,9,14
101928834,5,6,1,3
101927295,0,1,24,0
101929526,0,0,0,0
101927821,0,2,0,3
170954,24,0,0,0
107987457,24,0,0,0
106478957,0,0,0,0
9656,31,15,33,16
101928403,25,32,67,29
57176,0,0,0,0
7726,82,33,3,6
101928922,0,0,0,0
6992,470,245,214,218
203569,4,0,4,0
103752555,0,0,0,0
780,328,117,1697,600
253018,5,0,11,4
106478957,0,1,1,0
105375297,7,0,0,0
4340,0,0,0,0
442191,0,0,0,0
26692,0,0,0,0
340017,0,1,12,2
54535,2,2,218,82
644511,5,2,0,0
7726,180,134,298,286
101927424,2,0,0,1
3109,0,0,0,0
101928820,29,275,3,291
102724167,0,0,3,0
100506054,190,216,136,118
105378311,0,0,0,0
724068,0,0,0,0
101927412,30,246,5,89
162083,0,0,0,0
442191,0,0,0,0
221527,13,1,0,0
440900,10,6,1,2
101927914,0,1,0,3
4277,15,0,0,0
105371260,9,13,11,13
730130,2,0,1,0
100873922,4,2,7,1
63940,206,12,63,21
3305,15,9,0,0
101927220,0,0,0,0
100505515,0,0,0,0
105372535,0,0,0,0
729250,0,0,0,0
10665,0,0,0,0
345462,105,39,170,55
54145,25,2,15,5
102724334,25,2,15,5
102725079,0,0,0,0
10255,0,0,0,0
100996590,42,3,10,7
107987108,42,3,10,7
101928000,132,231,40,105
102725019,0,0,0,0
4758,641,489,772,450
26531,1,2,1,1
349160,15,8,11,5
105375524,15,8,11,5
101929723,19,3,2,4
100507463,72,14,47,29
728737,0,0,0,0
2968,61,93,37,29
100874222,0,0,11,0
100506385,1811,3,51,8
158572,27,5,147,34
440896,6,0,5,7
101929800,6,0,5,7
388849,42,3,35,11
414760,0,8,0,4
5940,0,39,0,0
378949,0,39,0,0
101927554,2,1,1,1
100129484,59,16,78,33
80737,6,35,5,34
100270679,13,0,0,0
390594,1,0,0,0
58530,0,0,0,0
110599563,0,0,0,0
728927,457,162,481,152
101926906,14,87,11,137
100505881,532,788,1212,978
390940,173,312,419,219
100288814,0,1,0,0
101927704,0,0,1,0
3303,1957,887,214,351
3134,1233,102,598,198
285456,8,19,31,15
100506325,73,21,56,8
102724532,73,21,56,8
5987,75,0,231,44
101927320,3,0,1,2
387841,5,4,1,1
101927015,163,408,21,147
6046,10,7,46,6
63940,206,12,63,21
133874,4,3,4,3
7940,99,8,203,107
102724357,0,0,2,0
101928036,5,2,6,5
4795,183,156,67,41
1388,405,62,599,112
257415,507,267,508,346
102724571,73,9,48,6
79969,41,11,65,32
219869,0,0,0,0
101927438,0,0,0,0
10255,2,0,5,0
100873984,7,119,0,42
345643,0,0,0,1
170680,4,0,0,0
51275,933,912,455,314
8629,512,518,644,314
4340,0,0,0,0
7917,1157,707,1379,875
101927907,0,0,0,0
101927193,0,0,1,2
534,1,4,15,14
346171,0,1,0,1
6941,562,19,17,14
101929602,1,10,5,6
100507495,77,187,150,128
101927043,71,70,68,109
107985882,71,70,68,109
100506175,5,1,0,2
105378687,13,38,9,26
100128688,0,0,0,0
6046,22,0,155,64
101927870,3,1,5,1
400620,0,0,0,0
100134391,0,0,0,0
103724390,45,5,153,44
50854,1822,270,1378,704
177,30,23,28,8
100506733,0,0,4,0
60674,12081,4642,2825,2555
3106,19099,3696,3401,1225
26707,0,0,0,0
105755953,0,0,0,0
101060264,3,24,40,11
400804,12,6,9,9
105378325,2,1,0,0
143678,0,5,8,3
102724053,0,0,1,0
101927360,0,0,1,0
100507428,9,3,9,12
3122,30043,2378,8670,4145
1797,147,85,68,40
101926907,2,5,67,14
11270,94,26,33,14
100507506,1,3,11,16
285423,2,0,7,0
3451,0,0,0,0
3116,0,0,0,1
199,931,658,163,190
441389,45,15,13,32
4758,441,543,87,16
221527,13,1,40,6
101409253,0,2,0,0
100505540,1,0,0,0
100534595,26,2,2555,830
100505782,2,0,0,1
107984178,12,5,8,6
4855,325,31,1091,134
727699,0,0,0,0
114614,142,2,41,7
400618,159,889,15,127
344,88,0,1,8
654434,234,53,386,155
105373818,25,0,1,1
534,0,4,18,17
101929374,4,4,32,1
100507470,0,0,1,1
101929445,2,4,2,0
100505624,9,3,9,6
8859,342,367,102,130
101927700,24,5,11,3
105373958,2,56,12,31
401251,13,9,10,8
101927434,0,0,0,0
116511,0,0,0,0
100507406,2,0,0,1
440829,0,19,44,17
102724264,0,0,0,0
100129060,30,5,37,36
717,1508,28,775,102
80352,1,0,0,0
10107,0,0,0,43
389023,0,7,0,8
8870,568,299,170,136
100505635,32,209,35,30
342918,424,72,60,21
100271702,5,2,1,3
284661,0,0,2,0
9081,0,0,0,0
101929148,0,0,0,0
102725532,0,0,0,0
203068,1266,334,562,291
5460,70,7,341,32
100506299,27,65,53,56
144817,1,3,8,1
441869,148,180,47,119
266655,593,589,379,421
6015,0,0,0,0
64288,45,126,401,116
200726,0,0,0,0
100506492,2,3,1,1
4795,0,0,308,232
26716,0,0,0,0
1589,2,1,45,8
414764,0,0,0,0
100130548,0,0,4,1
101927378,73,139,13,31
100422737,1630,1011,612,1338
8705,47,32,36,19
387882,973,649,320,953
388588,671,1910,159,528
51236,769,609,549,366
30834,301,184,87,56
282890,8,1,18,6
101101772,7,3,1,3
105378614,2,0,0,1
100874085,1,0,0,2
90673,362,787,2442,390
104355292,0,1,0,1
3134,701,207,214,87
4439,3,1,37,43
100507436,743,585,57,58
642776,72,9,64,23
102060414,0,0,0,0
101928153,68,96,119,128
89870,12,19,2,25
390245,1,0,0,0
101929006,0,0,0,0
26786,1,0,3,1
5514,120,133,508,117
100192420,1,0,3,1
105371807,0,0,0,2
58530,0,0,0,0
110599563,0,0,0,0
286442,9,0,0,0
6046,10,8,30,5
80736,19,99,19,599
101929350,0,2,0,6
3135,485,0,187,1
57827,460,41,692,457
729020,0,0,0,0
109729169,5,0,10,3
158376,496,292,359,107
4855,170,19,251,35
100874018,4,0,6,4
440602,0,0,0,0
474149,11,11,1,0
92249,762,478,1480,598
7919,37,151,71,32
442194,0,0,0,0
30834,276,169,81,51
101929467,1,0,2,0
80740,0,0,0,0
100129250,505,638,165,453
101928999,0,0,0,0
102724341,0,1,0,0
100996342,1,0,0,0
105373496,6,5,4,0
170679,71,0,116,17
100506681,4,3,1,3
104266961,0,0,0,0
729970,118,577,428,259
101928098,118,577,428,259
101928846,11,37,25,20
100506749,11,36,9,4
100132891,438,46,297,36
100507463,66,15,46,22
150372,321,21,266,44
4439,56,13,89,43
387055,0,0,0,0
199,768,700,118,156
282890,8,1,18,6
149775,77,11,12,4
100873977,0,0,1,0
150568,6,3,40,4
642559,8,0,7,3
54729,0,0,0,0
284749,399,83,26,84
378925,5,3,1,1
101929181,2,2,10,5
6222,43280,11467,6410,8497
100507557,122,94,156,110
3105,47424,1264,15,33
79969,43,11,83,23
100507261,0,0,0,1
7920,185,96,453,328
3135,0,0,2,1
10471,579,352,390,271
717,1263,14,886,68
100133053,0,0,0,0
360155,0,0,0,0
100272228,225,69,190,103
400242,220,418,437,232
1302,6,3,9,12
149373,0,0,0,0
390616,4,2,4,5
6257,3,0,4,5
5696,751,208,599,53
83552,6,0,4,2
104533120,0,1,0,0
285740,1,1,3,1
3111,2,0,185,149
9674,567,303,1893,579
55937,91,2179,7,1290
10554,889,924,4,13
644093,0,1,0,0
646324,30,2,45,1
11270,94,26,33,14
100873933,0,0,0,0
728393,0,0,0,0
124906399,0,0,0,0
124906401,0,0,0,0
124906402,0,0,0,0
124906405,0,0,0,0
124906412,0,0,0,0
128966573,0,0,0,0
100507362,0,0,0,0
340198,38,4,0,1
100507605,0,15,1,0
100507582,20,13,25,15
101928389,2,3,1,1
3113,751,2,1182,623
100874102,0,0,0,0
8705,44,42,45,24
57000,31,36,78,28
100874238,3,4,1,5
101927661,9,9,2,7
54082,7,3,4,17
100874214,56,29,7,14
101927171,9,41,0,17
100509894,3,5,21,5
89870,59,55,0,13
100379174,0,0,0,0
7940,464,58,62,2
80740,0,0,0,0
374987,12,73,7,15
283025,8,3,11,1
3303,455,456,2099,1505
448835,0,0,0,0
100126791,108,105,71,113
284900,712,570,700,316
80863,4,2,52,17
100507547,4,2,52,17
100134015,8,1,9,6
89870,12,19,2,25
84968,862,532,899,586
128966702,862,532,899,586
26529,0,0,0,0
100873969,0,3,2,11
199,749,690,117,155
2794,5,0,54,26
150291,7,6,13,8
7918,0,0,0,0
100507477,6,3,0,0
6293,14,4,422,237
106478957,0,1,1,0
101929437,0,0,0,0
100169851,0,0,0,0
403273,0,0,0,0
100507114,0,0,0,0
101927630,153,19,16,18
101929260,2,2,1,0
100874212,0,0,4,2
7920,185,97,453,328
101928335,45,0,576,4
104355137,0,0,0,0
101929086,26,23,11,5
101927125,2,1,1,0
100874058,227,296,240,220
340581,0,0,2,0
9278,11,63,341,157
101929680,42,6,27,22
102724058,42,6,27,22
105373525,0,0,0,0
392188,0,0,0,1
645402,0,0,0,1
728082,0,0,0,0
100507170,0,0,0,0
101929099,11,4,14,9
100506469,172,58,323,163
23,9,12,218,134
102800314,0,0,0,1
102800315,0,0,0,1
3113,849,1,1037,548
57176,1,0,40,13
80740,0,0,0,0
100873944,1,0,2,0
4795,183,156,66,41
100873937,0,0,0,0
400945,12,5,25,8
7148,0,1,0,0
9277,283,528,248,190
6046,21,16,174,48
7148,7,0,52,59
4050,63,27,6,14
100885782,0,0,0,0
8859,318,381,146,149
3305,8,9,7,25
10824,6,0,7,9
101927498,7,3,7,11
10211,2978,1414,2194,1235
105373051,0,1,0,3
154790,0,0,0,0
58486,843,537,1129,738
104797537,0,2,0,0
283303,0,0,0,0
139355198,18,3,28,4
101929582,0,0,0,0
100038246,0,0,0,0
259197,6,1,0,0
342618,2,0,0,0
644591,75,189,12,9
101928333,0,0,1,1
23,629,1158,308,215
4795,184,156,66,41
5089,48,87,103,20
2574,0,0,0,0
2576,0,0,0,0
2578,0,0,0,0
2579,0,0,0,0
26748,0,0,0,0
100008586,0,0,0,0
124908552,0,0,0,0
124908553,0,0,0,0
124908554,0,0,0,0
124908555,0,0,0,0
124908556,0,0,0,0
153910,3,5,3,0
728096,0,0,0,0
101926942,0,0,0,0
100874261,194,271,181,206
150135,5,2,0,2
101927476,16,3,13,6
646000,0,0,0,0
259285,0,0,0,0
135644,0,0,0,0
401491,16,50,13,18
3117,114,5,99,0
100133612,49,16,100,29
728137,0,0,0,0
100289087,0,0,0,0
124905614,0,0,0,0
124905615,0,0,0,0
124905617,0,0,0,0
124905618,0,0,0,0
124905619,0,0,0,0
124905620,0,0,0,0
124905624,0,0,0,0
124905625,0,0,0,0
124905626,0,0,0,0
124905627,0,0,0,0
124905628,0,0,0,0
124905629,0,0,0,0
124908978,0,0,0,0
124908979,0,0,0,0
124908980,0,0,0,0
124908981,0,0,0,0
124909093,0,0,0,0
124909197,0,0,0,0
124909294,0,0,0,0
124909306,0,0,0,0
124909318,0,0,0,0
128966595,0,0,0,0
128966599,0,0,0,0
128966647,0,0,0,0
128966655,0,0,0,0
170954,1140,93,121,62
107987457,1140,93,121,62
654841,17,15,37,21
101928271,0,0,0,0
5696,530,231,209,168
643311,0,0,0,0
101928748,0,0,0,0
101929328,3,3,22,5
6892,1929,524,255,91
101927683,1,2,2,0
150197,19,3,1,1
100506108,0,0,0,0
101928201,0,1,3,0
221504,205,79,145,117
100873972,0,0,1,0
106478956,0,0,0,0
101927973,37,39,29,56
102723971,0,0,0,0
105378668,2,0,1,0
7955,13,0,31,2
728658,104,24,9,13
6992,80,226,22,16
4340,1,0,0,0
10255,0,0,5,0
100874241,11,51,70,50
54753,210,97,744,111
100306951,275,299,158,183
721,16495,19180,4217,3560
3133,10373,4462,4765,2773
3441,0,0,0,0
9374,151,83,457,145
104326193,0,0,0,0
100505588,0,0,0,0
10665,0,0,0,0
338864,0,0,5,0
3115,1,1,2204,918
63940,206,12,63,21
54848,21,22,17,44
148756,1,3,1,0
101928778,0,0,0,0
101927449,0,0,0,0
100506881,22,9,97,75
101929372,26,16,86,12
414245,3,2,19,7
10919,143,99,76,49
643854,0,0,65,0
1797,0,25,313,257
106478956,0,0,0,0
105378277,0,0,0,0
100507398,76,48,132,90
644838,1,3,8,10
339788,63,17,30,7
339789,63,17,30,7
101929567,63,17,30,7
101928700,3,0,0,1
102724589,0,1,0,0
8705,47,32,36,19
30834,297,182,89,55
100506963,162,126,121,130
101060544,4,0,0,1
618,117,495,27,167
57819,205,37,140,73
729480,19,49,75,29
100506428,69,73,82,69
414760,1,0,1,0
100874088,0,0,0,0
101929532,10,0,0,0
11270,94,26,33,14
101927258,18,11,8,8
254128,145,154,193,133
100996263,2,0,0,2
751580,88,11,135,51
10554,21,0,631,526
202299,906,156,7225,1718
3123,14341,830,61,29
2968,94,130,140,86
81571,61,103,212,193
58530,0,0,0,0
110599563,0,0,0,0
4050,63,27,6,14
442191,0,0,0,0
30834,276,169,81,51
105372894,0,0,0,0
102725532,0,0,0,0
80352,1,0,0,0
101927547,9,5,8,5
259197,6,1,0,0
646498,0,0,0,0
219870,0,0,0,0
101927983,3,3,6,9
84850,2,1,0,4
414760,1,0,1,0
221545,51,100,93,57
101927701,2,0,0,1
3107,1780,48,5770,1760
100132273,177,216,279,104
392188,0,0,0,0
392197,0,0,0,0
128966670,0,0,0,0
135644,0,0,0,1
83867,0,0,0,0
104533120,0,0,0,0
2550,2,1,3,1
63940,206,12,63,21
100505758,9,15,10,15
124903285,9,15,10,15
9278,2,0,198,58
442720,0,0,0,0
105375166,0,1,0,0
5987,3,0,34,8
9656,123,39,295,84
221545,51,100,93,57
101927164,23,8,8,1
259197,6,1,0,0
10866,88,14,81,20
134860,0,0,0,0
2550,131,62,136,43
1041,0,0,0,0
100144597,0,0,0,0
1041,0,0,0,0
79804,4,2,8,6
105376468,0,0,1,0
109729115,0,0,0,0
646603,6,2,58,2
100131213,31,341,205,181
8870,569,299,170,136
1041,3,0,32,0
84752,457,171,3467,322
101927577,0,0,0,1
441094,181,169,231,157
91368,2042,1789,408,573
10107,6,38,0,0
101928495,0,0,0,0
3135,485,0,187,1
100507391,2,0,0,0
150142,4,14,4,0
284428,0,0,0,0
100499405,31,6,47,39
100130331,0,0,0,1
26531,1,2,1,1
101929624,0,0,2,0
440757,0,0,0,0
116511,0,0,0,0
1159,23,146,9,247
548596,23,146,9,247
339442,1,0,0,0
101928973,6,19,12,11
641298,67,3,305,98
100506866,185,82,164,93
101927055,185,82,164,93
100289098,165,154,134,135
105374461,0,0,0,0
100861516,1,5,3,0
401934,1,2,3,1
4439,31,51,148,35
10471,651,379,325,263
100130954,0,1,4,1
100873921,0,0,0,0
5089,191,144,186,30
399968,206,448,35,179
100129066,26,3,29,4
403253,0,0,0,0
100507034,43,1,127,15
100505964,0,1,0,0
6992,470,245,214,218
177,34,29,43,15
646960,1,1,0,0
149047,16,4,11,8
84793,55,28,120,21
102723661,0,0,0,0
100129842,72,17,218,79
5863,231,138,449,147
388553,7,0,0,2
106480429,31,0,0,0
80739,0,0,1,0
5987,1,0,4,2
400794,0,3,69,1
101928661,0,0,0,0
101928891,139,65,21,45
105373876,0,0,0,0
105372751,13,5,19,8
80741,13,14,9,11
101927891,11,13,3,1
3134,597,150,183,76
728978,155,14,17,2
729993,600,89,81,150
26648,0,0,0,0
439990,86,19,18,34
101929926,3,15,0,10
3117,0,0,0,0
3118,0,0,0,0
100873995,0,0,0,1
102723487,2,13,1,2
101927924,14,31,17,3
102725019,0,0,0,0
101927396,0,0,0,0
5460,283,30,149,57
150051,2,0,0,0
6891,49,0,348,250
645520,1,0,13,2
192217,18,1,5,6
400958,18,78,17,7
3833,75,2,20,0
339804,390,573,283,645
101929653,3,0,2,1
388830,0,0,3,0
105376946,0,0,0,0
339822,2,0,0,1
729422,0,0,0,0
100169752,0,1,0,0
101929705,116,48,826,50
345611,6,0,6,5
10107,0,0,0,43
101928596,0,26,1,28
3115,228,3,9,4
100861518,7,5,7,9
3303,324,437,9,0
199,768,700,118,156
80352,1,0,0,0
100189589,4,3,2,0
100874342,2,1,1,1
101929570,0,0,0,0
104355141,0,0,0,0
276,4,0,8,3
124905666,4,0,8,3
124905668,4,0,8,3
128966568,4,0,8,3
128966570,4,0,8,3
285550,1068,1579,1154,1134
100505663,0,0,0,0
442191,0,0,0,0
106144585,4,5,6,6
101929559,11,0,1,2
259197,7,1,0,1
10255,0,2,19,0
389376,0,0,0,0
101927497,7,6,0,1
5863,306,153,697,222
6992,0,122,0,0
4340,0,0,0,0
645030,10,1,5,6
100506271,0,0,17,0
102724434,6,5,30,12
645682,2,0,0,0
10665,0,0,0,0
100874048,15,8,12,13
7919,1642,766,890,1031
401247,2,1,0,0
221527,13,1,40,6
101929010,2,1,16,1
401251,3,5,50,37
105375014,0,0,0,0
100996570,81,2,14,1
101929011,0,0,0,0
55539,0,0,0,0
100506334,439,121,415,89
101928126,439,121,415,89
728072,0,0,0,0
100507170,0,0,0,0
101928399,13,6,278,6
101927851,42,35,8,23
106478970,0,2,3,3
104533120,0,0,0,0
80863,4,2,52,17
100507547,4,2,52,17
100303491,27,159,63,71
348761,6,0,1,0
414765,49,141,1,38
106478957,0,1,1,0
7258,0,0,0,0
728132,0,0,0,0
124905613,0,0,0,0
124905614,0,0,0,0
124905618,0,0,0,0
124905627,0,0,0,0
124909305,0,0,0,0
124909317,0,0,0,0
124909329,0,0,0,0
124909332,0,0,0,0
128966591,0,0,0,0
101929730,18,1,19,1
9884,524,111,440,227
474170,524,111,440,227
101929337,1,2,6,1
645434,5,42,10,33
5514,120,133,508,117
442421,149,39,253,40
103352539,149,39,253,40
4050,63,27,6,14
100506737,11,1,7,3
100188949,27,7,30,18
4049,39,0,0,0
339751,8,3,4,2
10919,127,108,261,107
100874093,2,0,2,3
103091865,2,0,2,3
105376805,1142,760,221,355
253018,0,0,2,0
101927682,13,6,15,3
100506384,0,0,1,0
4855,496,23,649,116
100506215,58,31,54,26
100996251,6,5,22,5
80737,6,35,5,34
347411,2,2,1,0
107984977,0,0,0,0
105375013,0,3,5,3
101927641,0,7,1,7
106480429,4,0,0,0
90120,837,550,469,469
401250,7,797,1,184
343171,2,0,1,0
378828,0,0,0,0
389860,8,0,3,1
101928795,6,2,9,2
4277,0,0,37,30
101340252,0,0,2,0
692058,0,0,1,0
654322,9,1,1,1
100302164,0,0,0,0
100302225,0,0,0,0
26808,0,0,0,0
100302179,0,0,0,1
100113382,0,0,0,0
26773,0,0,0,0
26772,0,0,0,0
692223,0,1,1,0
26809,0,0,0,0
26795,0,0,0,0
100302190,0,0,0,0
100302243,1,0,0,0
677767,44,30,11,67
107397392,0,0,0,0
101340251,0,0,2,0
677777,22,1,19,12
677765,0,0,0,0
100113381,0,0,0,0
100113379,0,0,1,0
652966,0,1,0,0
100147744,0,0,0,0
619567,0,0,0,0
677828,0,1,4,1
692148,23,16,5,9
338427,2,1,4,3
692084,0,0,0,0
100113389,0,0,0,0
100422911,0,0,0,0
100422922,1,0,0,0
100113380,0,0,0,0
677882,0,0,0,0
677885,0,0,0,0
338429,0,0,0,0
100124534,1,1,0,0
692072,0,0,0,0
101928405,2,3,4,1
100128164,4,3,3,1
252955,0,0,0,0
100101121,0,0,0,0
81567,4838,918,7733,2149
652968,289,1376,364,962
58496,92,26,0,0
7844,539,289,843,543
10432,783,616,1261,592
101927750,0,1,0,2
3109,2,2,295,132
103625681,6,3,0,0
84964,356,174,296,145
142686,30,34,26,11
56136,130,111,2,24
101927346,1,0,5,0
3112,10,2,14,6
3108,828,207,397,223
10324,16,9,19,32
58496,92,26,0,0
100507274,0,0,0,0
100506826,31,16,25,28
100873940,31,16,25,28
255025,0,0,0,0
26219,0,0,0,0
285051,1,0,9,2
100874089,2,1,2,0
728637,6,1,0,1
100507062,2,2,13,13
4830,9489,2636,1658,1065
8742,1288,553,1831,886
284040,353,199,138,123
60489,1144,57,428,78
105375115,0,0,0,2
100873945,0,0,0,0
54106,0,0,18,1
259215,0,0,0,0
629,860,624,69,346
5252,2,3,12,28
23559,4476,5360,4838,3445
51373,1495,1129,452,497
100873993,0,0,0,0
440560,0,0,0,0
5698,963,113,113,60
1668,0,2,15,35
51608,1929,2666,1441,1490
79897,533,444,444,262
202658,533,444,444,262
100506765,0,0,1,0
83899,0,0,0,0
400793,51,69,236,146
158,2432,1730,1419,1120
101927149,3,1,0,0
79897,849,601,0,4
202658,849,601,0,4
101930094,0,1,0,3
104413890,0,0,0,1
23547,32,2,3,0
80864,23,30,74,49
11027,91,10,11,3
259215,0,0,0,0
100885796,0,0,1,0
84066,30,4,34,12
109729161,37,3,13,9
280,741,1076,1223,777
100507537,6,180,2,17
58496,48,55,151,22
5698,936,111,109,59
5698,939,111,110,60
81696,0,0,0,0
101928085,129,135,19,140
100873983,0,0,0,0
5098,3167,358,2707,695
643160,0,0,0,0
100874200,0,0,0,0
100287482,189,29,13,25
90639,537,318,349,355
1667,0,0,0,42
1668,0,0,0,42
728358,0,0,0,42
100874201,0,0,0,0
100289017,0,0,1,0
100126793,15,8,15,16
84129,4041,1866,13481,4106
53938,559,180,774,461
283345,82,29,227,69
353137,0,0,0,0
80864,23,30,74,49
3812,0,0,0,0
101927152,2,10,5,11
285205,3,1,0,0
337960,0,0,0,0
58496,88,18,0,3
114758,0,0,0,0
100048912,65,2,26,4
23495,10,6,2,2
5698,2,0,199,97
100874091,1,6,0,1
728318,0,0,0,0
100874039,2,2,0,0
54596,9,5,13,7
101243545,6,1,3,0
358,20124,60431,1051,47584
80864,18,26,35,30
100874083,0,3,0,1
338872,6,0,8,5
57461,1059,814,326,492
10687,842,34,91,164
399829,0,0,0,0
401387,9,2,17,4
100506243,49,49,12,43
56097,12,1,44,3
246312,0,0,0,0
115557,1085,193,876,212
414778,2,0,3,0
387521,1989,290,930,238
57665,556,466,720,503
100132476,0,0,0,0
100134713,35,9,19,14
257068,889,4098,79,912
101929694,4,14,12,5
101926903,0,0,0,0
414778,1,0,3,0
259215,0,0,0,0
4282,36059,31795,16436,8128
100506489,0,0,0,0
221883,75,41,260,50
414778,0,1,0,0
221078,198,73,276,194
401103,0,0,0,0
105374244,0,0,0,0
1098,1,0,3,0
3112,154,2,0,0
100652759,4,4,4,0
54600,339,5030,124,17771
386680,0,0,0,0
57002,587,171,278,223
100507461,0,0,0,0
58496,0,0,208,76
100498859,19,2,133,0
100874246,3,0,16,6
101929335,185,1515,3268,2159
285286,4,0,9,1
6997,4,21,7,70
401081,259,349,0,322
57830,6,68,17,12
629,425,190,13,45
27297,477,171,2239,462
101927056,127,27,122,82
3109,2879,476,230,229
100128025,37,7,183,43
101927111,12,29,36,54
374286,9,1,8,3
101927494,0,0,0,0
101928190,0,0,0,0
6173,98716,34354,7396,12138
105375483,0,0,0,0
81193,0,0,0,0
100874016,0,0,0,0
57026,1280,650,911,555
647107,2,1,4,0
79897,214,10,8,5
202658,214,10,8,5
3112,0,0,24,25
283460,110,326,129,203
3108,29,4,10,3
9936,575,172,289,249
80864,120,46,154,57
9551,16025,6910,5862,5670
151658,7,7,26,11
100506994,17,21,7,6
6757,1,0,0,0
105374205,0,0,3,3
23779,285,470,154,405
105371430,0,0,2,0
629,1541,466,74,347
105374177,31,2,6,1
10093,7877,7893,3190,3871
100131117,8,0,1,11
1325,19,88,19,23
101927832,36,5,6,1
85280,0,0,0,0
387267,0,0,0,0
54658,41,53,585,201
11185,530,956,140,414
100874037,0,1,2,0
104310350,0,0,0,0
3109,2,2,222,112
100507098,61,49,199,124
10552,5700,3462,1729,1373
100505609,0,0,0,0
8577,0,0,14,4
414778,2,0,3,0
58496,0,0,215,76
104355289,0,0,0,0
106635527,0,0,0,0
100131434,135,58,96,130
79897,2,0,279,177
202658,2,0,279,177
6700,0,0,0,2
105370757,0,0,0,0
259215,0,0,0,0
27442,0,3,8,2
539,13513,25977,5951,6791
80301,2168,242,959,315
541565,475,215,542,203
79897,214,10,8,5
202658,214,10,8,5
23761,868,436,1962,631
3112,0,2,0,0
101929159,4,3,9,0
112817,415,8018,567,3487
5822,72,0,456,200
102546299,12,5,14,4
5297,2118,1022,6260,1484
115653,0,0,0,0
81797,0,0,0,0
25764,1017,978,441,329
80864,6,9,8,8
255654,0,0,3,1
644090,65,67,11,66
285224,0,0,0,0
727956,146,201,146,100
3109,0,0,0,0
23600,4306,2160,733,5025
51537,6543,1696,3491,556
107986096,0,0,0,0
8420,1309,197,458,200
102723629,20,4,1,2
105376382,20,4,1,2
386690,0,5,0,0
398,15,2,12,0
140290,34,43,37,24
5670,2,3,5,1
26286,1353,368,2112,957
632,57,209,35,8
285972,17,10,10,11
128977,1642,1605,1139,852
23089,100,152,390,272
100507661,1,1,2,1
81696,0,0,0,0
101929754,0,1,2,0
629,1517,467,74,348
3108,828,207,394,223
728090,0,0,0,0
100507170,0,0,0,0
54576,0,620,5,16
100874084,0,0,0,0
3692,17693,20460,3342,5174
100506724,0,0,0,0
3109,2531,419,182,193
378950,0,6,0,0
56098,7,0,14,7
101929238,5,0,1,0
11036,0,1,4,2
55052,5164,8701,2190,3002
348110,842,849,939,483
100996490,1,1,7,2
54575,0,616,5,117
401074,134,20,67,45
100874019,116,54,38,32
5273,0,1,1,4
3109,2742,442,194,202
26063,841,2005,521,772
2790,1657,839,580,574
440970,11,2,8,6
101927866,0,1,0,0
3108,829,207,397,223
1270,9,3,14,7
5698,0,0,216,106
728591,24,34,55,45
79897,3,0,287,184
202658,3,0,287,184
340526,199,68,1138,149
100874131,1,0,4,4
9907,1548,1086,956,513
347689,31,129,18,5
163051,100,46,91,80
161497,25,5,122,15
378948,0,0,0,0
30816,55,28,167,82
101926934,0,0,0,0
259215,0,0,0,0
79897,2,0,279,177
202658,2,0,279,177
8637,4220,2031,1303,1136
128071543,0,0,0,0
5698,936,111,109,59
100507524,11,8,33,19
400735,0,0,0,0
201617,8,51,26,19
5680,0,0,4,0
5672,0,2,7,0
9553,3677,2510,1554,1852
100996447,0,0,0,0
57553,581,126,4431,511
3108,829,207,397,223
692312,33,0,190,14
3108,828,207,397,223
101929054,1,4,11,2
56134,33,0,117,21
11037,343,156,487,289
11230,2820,622,1176,396
391123,14,175,33,147
390003,0,0,0,0
647087,2867,1143,895,884
283480,2,1,1,1
107986046,0,4,6,0
154881,434,73,693,297
1945,477,166,347,109
353376,384,23,112,46
81696,0,0,0,0
401115,183,401,64,77
24142,256,198,281,148
279,1,3,3,0
386678,0,0,0,0
3112,0,0,0,0
8771,2185,138,50,62
140870,0,1,0,1
105375355,12,1,16,1
629,1517,467,74,348
101926983,0,0,0,0
105374069,0,0,0,0
5698,963,113,113,60
3112,4,2,16,7
388820,0,4,1,44
107983987,0,4,1,44
339894,23,0,8,3
81377,0,0,0,0
3588,1060,276,451,283
629,1989,560,86,113
116143,123,115,343,185
4831,43266,16397,8798,7796
344595,94,27,92,56
100137049,181,185,178,147
10637,174,15,135,38
149465,20,134,23,114
100874237,1,0,1,0
100132247,2462,388,4172,1143
3108,828,207,397,223
7268,688,515,1022,516
81696,0,0,0,0
100506144,1072,290,514,563
3804,0,0,0,0
100137047,175,193,323,144
101929717,34,18,7,6
259215,0,0,0,0
140564,214,32,147,23
100507389,2,0,2,0
100131176,9,3,9,18
100874029,0,0,1,0
401427,37,13,165,25
80864,3,1,8,1
114794,2,3,67,4
80086,185,85,1,58
64968,3077,2821,3662,1690
84450,765,292,1643,438
105374171,0,0,0,0
2938,15928,53455,76,45506
5698,2,0,199,97
57529,6,0,3,2
95,2342,53446,587,28616
9054,1257,904,1288,1811
645745,0,3,1,0
337970,0,0,0,0
692099,197,163,166,154
1650,7830,2811,5265,4101
101928376,4,2,2,10
401232,203,71,695,129
147007,994,992,1458,1006
353144,0,0,0,0
2939,3514,12503,14,7473
6705,0,0,0,0
552891,253,59,87,66
54577,0,16998,4,27
105377105,8,2,71,13
5032,332,69,394,64
101559451,16,14,4,10
85014,3996,10013,1121,3847
104502416,5,6,6,4
720,85,7,4471,5024
110384692,85,7,4471,5024
101927123,1,1,15,4
100289187,227,64,186,46
84664,0,0,0,0
402778,443,132,156,165
55861,2041,458,1115,444
101928790,0,0,0,0
285401,3,3,1,0
58530,0,0,0,0
110599563,0,0,0,0
337974,0,0,0,0
105377108,0,46,0,24
378949,0,0,0,0
2119,810,621,167,266
440050,3,1,26,1
3078,6,25,8,24
80864,74,109,8,1
10137,920,284,1993,793
54657,1,68,211,85
405754,10,2,5,17
79168,60,1,1,4
91179,470,108,361,137
100874101,0,0,3,1
27350,2117,138,1264,108
85291,0,0,0,0
101927992,1,19,3,11
105374313,1,19,3,11
103344930,0,0,0,0
642636,0,0,2,0
152206,32,56,23,84
151516,56,83,140,63
81392,0,0,3,0
337975,0,0,0,0
58496,105,42,0,3
7335,3223,1574,2017,1286
442213,125,13,314,8
414778,0,1,0,0
720,864,92,1387,1017
110384692,864,92,1387,1017
3043,61,1631,703,813
1415,33,4,5,4
10443,1610,1496,1780,1707
101927657,14,2,6,2
100507300,5,0,9,5
101928445,9,1,22,7
100506495,47,70,212,148
101929538,3,4,22,8
643770,126,28,3,25
729678,970,222,1303,388
255130,11,9,13,3
105375650,0,0,0,0
144571,73,31,90,26
124900193,90,28,158,128
101927612,129,48,119,57
100130231,86,7,28,7
101930370,15,13,18,30
101929595,3,43,2,7
107986298,3,43,2,7
101928646,0,0,0,0
100996419,75,18,70,31
101929468,6,4,17,13
101928075,0,1,1,0
101929765,12,3,3,1
100507283,17,9,86,36
440028,19,1,21,2
645323,4,1,8,6
102546226,4,1,8,6
283131,30163,9303,59299,27566
101928784,5,7,21,6
100129203,21,8,47,34
101929295,21,8,47,34
728769,363,403,353,243
101927204,89,56,119,43
497258,77,43,112,121
100506068,15,4,4,7
100506660,102,25,19,4
101928100,116,72,38,28
92285,407,244,720,302
643911,553,59,215,89
101927480,553,59,215,89
101929076,0,0,1,0
729506,0,0,1,0
100129931,16,0,12,4
101927740,171,8,58,22
101928989,3,4,7,4
1050,631,63,103,98
100505648,100,28,234,80
100652791,34,22,19,5
109729137,0,0,1,0
101927074,3,1,0,0
400512,38,6,21,24
101928809,2,1,3,2
644873,585,377,536,276
100996286,37,6,6,6
101928725,33,12,38,20
100862662,2,68,265,209
100506233,251,209,166,227
101929241,2,0,2,0
100287015,72,53,170,72
100507053,45,22,37,21
286059,1,0,3,0
100505676,3,12,5,12
100289388,29,17,44,11
101928580,10,0,16,5
101929524,6,6,20,9
388011,437,200,245,179
727677,53,3,8,1
283104,319,187,375,161
101928053,15,8,24,7
101929402,6,4,86,15
728084,199,1,2,0
286190,54,26,22,17
105369192,0,2,3,2
283856,17,3,23,6
101928597,0,1,0,0
100505658,1,0,4,0
100507632,3,0,2,0
100506368,25,11,23,37
121233925,2,0,1,0
101929210,0,0,0,0
283575,10,9,29,3
389641,16,23,43,19
284080,63,16,6,13
642924,4,6,24,10
55766,6937,5905,2149,1616
85001,3,0,29,14
101928388,3,1,1,0
503569,36,58,18,20
106699570,11,4,12,8
100505678,278,2,1724,71
101927282,3,1,1,1
390595,171,219,387,88
144481,40,94,180,195
192111,475,246,557,319
105369147,22,13,40,22
100506211,1171,27,1377,44
101928002,4,5,1,5
338739,11,0,9,5
338817,63,27,42,26
439933,6,0,6,1
102546294,19,6,25,18
124901185,19,6,25,18
102723562,0,0,1,0
440288,65,16,62,31
729013,652,713,111,566
85364,479,170,732,311
100507250,3,16,17,12
100289274,99,81,141,92
101928847,3,1,37,0
100506314,123,94,12,61
100505738,819,723,635,736
100131067,137,68,220,147
100506540,149,206,27,81
11344,2358,1109,846,611
441009,8,2,6,4
92935,69,13,358,128
100507401,4,7,13,2
100507266,30,16,46,31
158880,126,189,168,203
100233209,782,63,115,67
644248,0,1,0,0
257396,112,77,81,174
644192,114,64,194,114
100505894,585,338,467,298
283214,0,0,0,1
100533182,41,24,52,21
283663,140,26,174,36
100506668,661,361,326,242
100128386,11,3,28,4
550112,525,492,534,258
100507466,18,56,15,59
593,5151,5118,2669,1808
3640,43,1,1,5
102546228,0,0,0,0
105378220,1,0,1,0
285577,0,0,0,2
102467075,0,0,0,2
105374436,0,0,0,0
126,70,457,1,333
101929505,0,0,0,2
202658,0,0,0,0
101928509,2,1,4,5
728081,0,0,0,0
101927849,1,0,0,0
104472519,0,0,0,0
100505893,0,0,0,0
100507602,776,672,411,396
101928649,776,672,411,396
340113,0,0,1,1
109729154,0,0,0,0
641365,0,0,0,0
101929423,25,18,7,12
101927543,48,3,0,1
100506085,104,95,352,95
100505994,449,8,41,2
100506013,48,16,8,17
100507528,0,0,0,0
101927917,0,20,32,34
984,1109,394,1721,875
101928288,5,0,1,2
201853,62,23,106,58
56135,9,1,12,4
441864,1,4,1,0
553158,18,29,14,14
400456,68,22,36,103
101927233,18,6,46,13
101929544,5,1,0,0
101927075,1,1,0,0
100996385,34,0,139,4
124906529,34,0,139,4
102577426,5,3,4,0
134187,39,9,34,38
654790,3,7,46,4
25864,635,2876,328,1449
594840,0,0,0,1
114821,0,0,27,0
101928851,0,0,0,0
100131089,78,184,106,191
100133234,0,0,0,0
101928651,0,0,0,0
157273,28,20,111,9
101929128,28,20,111,9
102724880,28,20,111,9
283731,0,1,0,0
100309464,41,171,15,8
100506475,0,0,0,0
101929745,6,33,284,20
105374729,6,33,284,20
105374731,6,33,284,20
100526772,52,141,138,62
643201,10,7,6,13
441374,2,0,11,0
105370027,114,91,43,34
100526737,115,369,630,103
100874002,6,10,174,11
102723752,6,10,174,11
100526664,0,0,0,0
104310351,0,0,0,0
100505625,22,1,3,1
106481669,2,9,1,0
107161159,0,0,2,1
124903055,0,0,2,1
283152,128,294,34,90
285556,1,15,378,29
102724596,2,0,1,1
348808,1,2,1,0
100852408,1,0,3,0
101929237,2,1,18,0
89,0,4,3,2
102467212,3,1,0,1
109729151,0,0,0,0
100505989,2,8,9,6
105378960,0,0,0,0
286189,22,1,63,6
100505545,1,1,0,1
105374524,13,1,7,6
101928443,0,0,0,0
441369,10,21,27,21
102577424,2,1,0,0
643783,53,58,32,75
407977,223,754,11,109
100506122,0,1,1,1
439936,10,15,188,17
646576,26,12,32,19
100124412,1,0,0,1
342184,98,22,180,67
340107,0,0,0,1
100526740,25,0,62,0
100287404,0,0,0,0
109729144,0,0,0,0
100507291,139,47,35,28
100287513,2,0,0,0
124906399,2,0,0,0
124906400,2,0,0,0
124906401,2,0,0,0
124906402,2,0,0,0
124906405,2,0,0,0
124906410,2,0,0,0
124906411,2,0,0,0
124906412,2,0,0,0
128966573,2,0,0,0
101929470,0,0,1,0
109729131,0,0,0,0
101927096,7,0,6,10
677784,0,0,0,0
105664404,0,6,0,0
101927953,1,0,0,0
148898,59,50,89,52
100287327,0,0,0,0
101928590,0,1,0,1
23354,544,155,555,125
102467225,0,0,1,0
101929696,1,0,1,0
100526773,0,0,0,0
56138,65,4,274,20
389273,0,0,0,0
283352,26,0,0,0
101928857,8,218,2,282
267020,1,0,6,1
643714,12,7,3,6
101060498,1,1,0,0
441027,168,169,1242,880
101929095,3,14,1,8
400084,35,35,18,39
101928924,0,0,0,0
105377536,0,0,0,0
101928176,16,1,1,2
100874530,0,1,1,1
105377480,0,0,0,0
101929081,1,1,2,0
101927040,13,8,8,2
100506444,1,21,4,94
101929082,0,0,0,0
101927592,1,0,1,0
107984450,1,0,1,0
100507584,10,72,14,22
100885776,79,54,177,115
101928858,1,0,5,0
100270680,8,4,7,3
105375095,2,1,12,2
105377245,0,0,1,0
101927274,9,5,5,2
440101,6,19,12,16
101929412,2719,45,450,38
101928052,0,0,0,0
4671,31,2,29,10
285419,39,9,4,57
388569,84,29,274,86
221409,0,0,0,0
101927134,2,0,2,0
101929743,3,16,3,12
101927207,0,0,3,1
101928151,2,2,1,1
101929153,0,0,0,0
109864269,0,2,0,0
101928776,0,0,1,0
100506465,683,8,22,9
100874361,0,0,0,0
442497,5,2,8,7
645104,0,1,0,1
101928539,88,5,10,10
100129917,20,9,113,41
101929577,9,3,14,4
100874366,1,0,2,1
340073,0,0,0,0
102723526,0,0,0,0
729558,0,0,0,1
100506564,0,0,0,0
574538,10,22,67,41
101929199,6,2,4,1
100506462,51,23,61,24
163050,629,302,302,196
101929353,0,0,5,0
101929109,0,0,1,0
90342,17,14,27,20
100507388,0,1,0,3
391121,0,0,0,0
285626,15,12,2,11
105377683,15,12,2,11
101926904,73,8,22,4
101929768,73,8,22,4
100506406,0,0,0,0
641700,1562,569,805,397
285692,1,0,8,2
677770,0,1,0,0
105374698,0,0,0,0
100287478,0,0,0,0
157381,12,21,16,25
101929215,15,15,72,6
100506907,0,0,0,0
105379054,0,0,0,1
222537,0,1,0,1
5820,699,23,325,16
148003,0,0,0,0
440117,0,0,0,0
100526767,2,0,22,2
100874374,0,1,0,0
100288866,0,0,2,0
109729114,0,0,1,0
10016,4196,1842,2455,1775
100859921,1,0,1,0
284865,5,10,8,4
653125,4,0,44,5
57733,334,2523,1118,4072
283847,2,4,8,1
25907,126,8,7,13
85003,4,5,2,1
101928174,25,0,22,3
100526783,578,187,860,807
401136,3,13,3,3
641364,7,1,9,0
255167,3,2,22,25
101929064,0,0,0,0
374887,175,307,205,95
255187,0,0,2,0
101929340,27,27,123,24
101927237,7,2,5,0
105374516,0,0,0,0
100873948,0,0,0,0
253962,6,7,5,4
100506142,0,0,12,4
56139,337,9,29,96
401134,2,0,0,1
101928600,7,0,3,3
100874364,103,194,151,83
100526693,45,14,116,47
440119,136,27,12,2
100874204,1,3,10,4
100874275,0,0,0,0
101927495,0,0,0,0
101927359,17,6,36,1
10744,1,1,0,1
105371824,5,8,5,0
101926926,16,20,4,6
100507096,0,0,0,0
107986281,0,0,0,0
283140,922,135,967,70
57604,69,270,494,259
255403,29,26,167,43
389203,1010,1448,509,864
105377623,4,4,11,6
153163,4,5,3,1
102546227,0,0,0,0
109729164,0,0,0,0
100506035,31,7,33,19
643401,100,0,4,1
105377671,0,0,0,1
124900833,0,0,0,1
2994,1,1,7,3
81797,0,0,0,0
101927124,7,15,11,5
100507043,30,9,0,1
107986453,117,133,9,30
100996694,2,0,0,1
57481,5,13,5,6
100505811,2,0,0,2
101927808,4,1,3,3
728040,2,78,0,52
105378966,1,0,0,0
100874363,36,114,57,49
339978,3,2,13,2
400916,1084,2839,420,803
152756,42,24,31,16
401172,17,4,6,13
101929227,3,3,7,4
1018,322,0,212,113
27239,144,86,103,51
101928203,1,1,1,0
101928978,3,0,4,0
105377315,3,0,4,0
101927780,130,54,9,10
90423,82,69,118,129
2738,378,328,1540,233
101927659,0,0,1,0
100506791,7,0,1,0
100506272,0,0,224,0
339874,47,37,10,53
109729119,0,0,0,0
101930028,0,0,5,0
100133461,0,0,0,0
152742,1,1,7,5
101929071,1,1,7,5
105377617,0,0,0,0
101929261,0,0,0,0
345051,48,6,6,12
105377267,16,82,109,38
100526761,0,0,11,2
110117498,0,0,1,0
6414,10586,14389,9411,15284
101928971,0,0,0,0
100526794,0,0,0,0
400043,503,412,390,402
100287441,2,0,0,0
124906399,2,0,0,0
124906400,2,0,0,0
124906401,2,0,0,0
124906402,2,0,0,0
124906405,2,0,0,0
124906410,2,0,0,0
124906411,2,0,0,0
124906412,2,0,0,0
124906415,2,0,0,0
128966573,2,0,0,0
128966626,2,0,0,0
105369187,3,0,3,2
101927007,0,0,0,0
105374428,1,92,4,35
100505806,1127,620,181,591
58510,3654,52660,85,9811
100505841,1,0,2,0
101929123,0,0,2,1
401177,0,0,0,0
100287364,2,0,0,0
100144602,0,0,0,1
121952,15,3,13,1
105616916,0,0,0,0
104326058,0,0,0,0
100873939,0,0,0,1
106478968,3,2,0,5
101928622,0,0,2,0
100861468,0,0,0,3
100505616,116,88,163,74
100499177,453,181,1201,486
102467213,2,0,0,0
105377652,0,0,0,0
340074,3,2,0,2
101928942,0,0,0,0
102723557,0,0,0,0
101927023,13,53,1,53
101928734,3,1,2,0
102723828,1,2,2,3
101929709,137,74,77,68
100507377,12,6,9,15
100128494,42,19,177,28
285441,0,72,0,183
101927934,107,99,14,68
101410542,1,0,0,0
101929529,1,0,0,0
103752589,112,1,9,1
619351,1,0,0,0
641339,82,19,141,43
100302736,27,0,169,24
91948,6,2,8,4
101927286,6,2,8,4
101927310,6,2,8,4
101929019,0,0,2,0
103689917,2,4,0,4
101927253,2,0,0,0
25850,37,125,204,75
100505685,1,10,5,4
105377488,1,10,5,4
127898556,1,10,5,4
127898557,1,10,5,4
442247,63,1,1,0
105377247,0,0,0,0
644974,10,2,13,9
118425,0,0,0,0
85358,466,169,627,631
101928865,6,3,5,2
104355294,0,0,0,0
101927363,0,0,0,0
109729150,3,3,0,1
100506827,3,0,4,0
152641,37,10,303,17
100506258,44,32,113,53
162972,170,59,619,126
101929338,0,1,0,1
100874047,1,3,3,8
140947,14,6,3,4
100506305,652,185,137,216
441025,0,0,2,1
81797,0,0,0,0
104355285,0,0,0,0
100507487,350,42,772,81
2297,36,21,104,34
100507091,5,0,14,1
100526739,37,74,17,26
101928656,0,2,58,1
105377559,0,2,58,1
100131366,30,110,36,26
101927379,0,0,0,1
101927059,0,0,0,0
378938,15645,7978,51229,51487
100287592,0,1,0,0
105379109,1,0,0,0
101927565,3,1,21,6
105374366,87,197,37,78
105379030,1,133,77,85
441046,11,2,42,10
101927636,11,2,42,10
100507437,18,6,73,25
101410545,2,1,1,0
105377443,6,2,3,0
5542,0,0,0,0
653247,0,0,0,0
56137,21,0,26,39
390667,1,0,1,0
391627,0,0,0,0
677776,0,0,0,0
677772,2,1,2,1
100033438,2,0,0,0
100313923,0,0,0,0
100616437,0,0,0,0
677773,0,0,0,0
100033439,0,0,0,0
677780,0,0,0,0
677775,6,1,1,4
100313780,0,0,1,0
102466721,0,0,0,0
100873856,0,0,0,0
6086,2,0,2,2
100033436,0,0,0,0
100313839,0,0,0,0
100313840,0,0,0,0
677768,8,5,4,9
26813,1,0,0,0
677681,2,0,2,1
100422847,2,2,1,5
100313842,1,0,2,0
692149,0,0,0,0
677763,18,3,1,1
677679,0,1,0,1
677774,0,0,0,0
109616998,0,0,0,0
100423036,0,0,0,1
100313886,0,1,2,1
101927487,10,22,29,9
729330,1,0,0,0
100505659,29,6,15,5
102467222,0,0,0,0
431704,0,0,0,0
26025,20,0,29,14
101927798,1,4,5,2
100874323,59,12,150,65
286114,0,0,0,0
157627,0,20,1,4
100127983,44,5,19,32
112441434,62,30,46,25
100507435,0,0,10,0
168455,632,149,366,221
286135,1,0,3,1
101929528,0,0,0,0
3206,598,517,288,289
285627,1,1,0,1
100507651,1,26,0,124
100128126,12,13,4,4
399474,607,187,164,248
56100,54,12,1308,31
647174,4,1,7,11
101927766,1,1,1,2
149466,19,428,37,730
497634,0,0,2,0
105377682,0,0,0,1
644660,14,4,11,6
619344,1,0,0,1
124906685,0,0,0,1
388610,51,93,14,157
105379194,4,12,1,9
101410536,1,0,0,0
101929897,4,2,5,1
285629,3,7,3,6
101927845,0,4,0,2
105375706,0,0,0,0
105375707,0,0,0,0
100750225,26,5,23,23
105375751,26,5,23,23
100507341,0,32,0,16
101927908,0,0,0,0
105375747,0,2,0,0
56110,38,3,27,9
101929450,6,1,11,3
342538,1,4,0,0
105375744,0,0,0,0
93668,2,0,0,3
107075116,47,6,30,16
105375750,0,10,0,3
56108,43,5,33,24
101929341,0,0,0,0
102724623,8,0,3,4
100506237,0,0,0,0
105370453,0,0,0,0
105377716,2,0,1,2
101927822,4,1,0,1
731779,0,0,0,0
347051,16,47,13,26
101929268,1,1,1,0
286177,0,1,1,1
143244,16,4,23,6
102724710,0,0,0,0
101929191,18,2,10,22
101929315,0,0,0,0
105375680,0,0,0,0
101928033,0,0,1,0
100505718,1,0,4,0
100192378,12,0,0,0
107986952,12,0,0,0
105375679,0,0,1,2
101928136,39,25,18,18
104266957,9,12,74,15
440138,140,78,380,150
100507316,609,705,331,268
552889,1905,1175,3712,2062
101926908,0,0,0,0
5591,1159,187,3101,1565
56109,147,14,112,58
100874051,1,0,2,0
286184,3,0,5,0
100506365,924,369,1008,877
100288181,33,7,211,1
9708,17,11,25,0
100616530,3,18,5,13
102467655,2,0,1,1
9724,346,206,828,592
440695,1,0,0,0
100507156,18,8,46,13
56106,38,33,39,32
105375645,2,20,3,8
157376,3,5,0,4
101929488,2,0,0,0
56105,14,2,13,15
101927459,0,0,1,0
103352670,0,0,2,0
56103,45,0,82,14
105375666,59,128,163,169
8641,18,10,27,46
285593,14,9,22,7
137075,93,53,301,157
101926892,14,10,22,12
101927752,247,550,552,335
102723885,2,0,0,1
339324,188,113,443,356
619434,3,0,6,3
105375787,0,0,0,2
101927392,2,0,0,0
100874286,0,0,0,0
286186,5,6,9,4
286094,0,0,0,0
4067,563,56,828,166
54984,247,394,252,254
401463,1,1,0,3
100128750,64,127,53,80
56099,46,0,33,43
105375929,0,0,0,0
102557615,0,0,0,0
286178,41,13,2,0
728888,555,507,255,108
56104,30,2,31,6
101927115,71,36,2,20
105375624,69,5,76,81
56112,11,4,78,20
101929415,12,2,22,14
101927003,0,3,5,0
101927513,0,1,0,0
101926978,8,0,0,4
101927815,2,3,79,7
442893,0,0,0,0
101929172,0,0,0,0
104326051,0,3,0,0
641648,0,0,0,0
441355,2,1,12,2
105375843,0,0,0,0
100133311,71,55,49,44
100130155,0,0,0,0
78998,25,12,121,24
101927141,0,0,0,0
441381,12,16,23,25
386593,278,60,219,123
100049587,23,3,0,1
124902752,6,21,3,22
101928132,2,0,2,1
59351,3,1,7,2
100528019,8,0,19,16
390197,0,0,0,0
91056,409,253,943,377
105376114,73,45,47,82
100506082,10,4,7,1
105376554,13,2,13,8
29082,3074,2145,3252,2039
105376619,0,6,0,2
105376633,0,0,0,0
100507384,2,1,3,3
89858,59,5,9,1
90024,357,481,166,86
132430,47,7,491,23
4975,2,1,1,1
103695435,10,76,4,43
101928536,0,0,0,0
105376635,0,0,0,0
105369473,0,0,0,0
100506675,7,20,0,7
101928385,7,20,0,7
54551,11,1,1,5
101929517,0,0,0,0
283106,0,0,0,2
728975,76,47,94,54
399876,0,1,1,0
100422558,0,2,2,1
387715,3,1,5,1
3630,0,0,0,0
109729118,0,0,0,0
221122,6,0,0,0
388015,1,1,0,0
81169,0,0,0,0
8790,287,247,241,202
109729147,1,15,2,4
100507392,22,13,14,5
100423062,425,29,696,226
101927702,4,28,12,18
92312,139,176,228,89
390264,0,0,0,0
1937,138473,69846,32615,41712
100529251,43,7,8,7
767557,45,6,185,34
340357,0,0,0,0
5003,211,435,15,230
390167,0,0,0,0
387751,85,9,120,80
101929269,0,0,1,0
642799,1,0,11,1
84769,922,308,204,343
105376671,26,10,9,9
100532737,0,0,0,0
100499484,32,16,53,35
103695364,0,1,0,1
100505622,4,1,3,3
128071540,4,1,3,3
729991,1004,1033,452,525
619383,237,57,59,33
100158262,237,57,59,33
392196,0,1,0,0
101410541,5,3,8,3
283299,1,5,1,0
100526825,0,0,0,0
100874251,0,0,0,2
101928823,5,0,5,2
10072,1296,491,1423,899
100534593,26,2,407,40
404734,665,70,406,328
3846,5,6,13,7
55845,8597,9389,4308,6242
100128233,4,7,22,7
642623,0,0,0,0
390168,0,0,0,0
57653,57,48,248,60
100874012,0,0,0,1
100528017,87,0,0,1
84992,0,0,0,0
100873989,7,3,10,10
101928896,4,18,3,28
101929473,1,1,8,2
653166,0,0,0,0
101928837,16,4,10,6
57132,1193,455,2150,1294
105376606,0,0,0,0
101927828,55,66,2,34
493861,52,12,87,26
100532732,4,50,3,5
255512,48,67,91,56
109703458,60,104,151,112
102723644,1,2,3,0
103312105,0,0,0,0
101928944,0,0,0,0
100130274,0,0,0,0
105369423,0,0,0,0
109731405,22,22,20,33
8587,0,1,1,0
219487,0,0,0,0
283194,26,3,8,6
100533181,231,293,72,123
399959,636,1141,92,147
100131608,0,0,0,0
100133251,0,0,0,0
124906737,0,0,0,0
646522,0,0,0,0
399886,1,0,1,0
101928812,1,0,1,0
100526771,4,45,3,33
171391,140,508,176,228
219865,0,0,0,0
23741,3571,2028,7810,3191
255725,0,0,0,0
101928894,4,1,0,1
102723378,0,0,0,0
102723330,0,0,2,0
101928424,27,20,115,8
79400,28,7,52,11
100500938,0,0,0,0
101927708,24,12,29,15
259289,1,0,0,0
259291,1,0,0,0
100131608,0,0,0,0
100133251,0,0,0,0
8843,4,0,0,0
255480,0,0,3,0
56145,33,3,7,39
103581031,0,0,0,0
55096,1,3,13,5
100132078,2,0,2,1
101927120,0,0,0,0
101929089,56,88,19,34
102724064,43,39,40,34
101929549,1,1,2,1
101928008,0,0,2,0
102723838,2,0,0,0
387810,0,0,0,0
101409254,0,0,0,1
59082,0,1,0,0
100507144,0,1,2,1
728734,3,0,4,0
100528064,5,0,6,5
81488,589,357,988,486
403312,19,4,35,21
81343,1,0,3,0
100507521,3,4,1,2
286103,24,21,61,26
91893,98,64,55,91
254559,14,24,15,100
26534,0,0,0,0
401258,6,0,6,1
731157,2,1,1,1
84983,5,3,2,5
100873980,6,9,1,16
9865,582,196,161,200
400046,0,0,0,2
124538,0,0,0,0
23642,2541,502,1300,779
100885789,7,5,10,5
100130776,461,48,112,57
102723544,131,122,160,129
105369723,6,1,3,3
105369725,6,1,3,3
101927922,3,0,2,0
196475,89,81,643,154
79549,0,0,0,0
105370016,0,0,0,0
497189,44,0,6,4
259295,5,0,0,2
104169670,0,0,0,0
100506649,187,148,99,129
100874249,4,2,10,1
283487,120,21,107,38
101928416,1,0,0,1
105369438,1,0,0,0
101927901,2,1,7,2
1548,2,1,8,2
102724265,10,1,0,0
101927637,0,0,0,0
100874234,1,0,0,0
493913,4,18,3,2
1519,821,278,528,414
84334,1102,1493,770,613
6399,513,266,226,155
10597,513,266,226,155
161582,89,101,101,116
9668,135,70,749,168
101929584,0,0,0,0
101928471,0,0,1,0
102606463,19,0,3,0
100507203,381,606,8,174
259293,3,0,1,1
100862680,6,9,12,16
101928940,2,0,13,2
7556,431,97,664,252
90649,66,14,453,78
85027,5551,159,11279,531
105369810,0,0,0,0
3145,298,408,179,200
7768,122,52,251,121
105369507,0,0,0,0
101927616,1,0,0,0
51802,0,0,0,0
102723895,0,2,15,6
259290,0,0,0,0
373863,17,0,16,0
27164,0,59,1,23
101928200,2,7,0,14
11232,212,70,429,104
100129361,702,1011,316,290
100506691,119,8,160,6
100996679,0,0,0,0
101928138,0,0,1,0
79290,6,0,35,0
100996246,126,46,75,39
101929384,16,6,51,7
400087,10,1,1,0
100009676,123,71,51,96
649159,34,13,3,6
101927694,0,0,0,0
387837,6,0,7,1
100288695,70,19,265,131
59348,121,126,537,204
105369443,0,0,0,0
105369332,30,11,14,7
101927735,0,0,0,0
5222,68,20,34,7
101928943,1,0,1,6
105370014,0,0,0,0
101928290,4,0,44,18
246744,0,0,6,0
56242,53,184,220,116
100431172,5,0,1,0
100130111,89,342,311,186
84290,1,0,0,0
160728,0,0,126,24
105370024,0,0,0,2
101928162,0,0,0,0
105369340,711,87,52,24
96626,49,107,270,19
100129128,5,4,0,1
350383,0,0,8,0
3240,2934,17,40,6
105370424,0,0,0,0
643037,26,38,0,25
106780802,8,6,332,0
105369635,3,225,0,80
57189,458,263,2086,603
26065,825,188,1576,466
283948,61,289,22,158
105369738,10,1,1,1
105369739,10,1,1,1
440153,0,0,0,0
574028,2,5,8,8
5726,0,0,1,0
100128191,70,40,61,28
100506606,42,6,6,14
102724890,0,0,0,1
283459,1035,769,1182,683
105369848,14,0,1,0
135656,0,0,0,2
256021,11,5,6,10
101927653,1,2,8,1
100506551,2,0,2,1
105369911,0,0,8,4
101926933,4,4,14,15
100381270,9,5,273,134
8972,25,135,2067,795
283335,167,214,568,298
2342,747,344,1473,507
100529261,747,344,1473,507
100422886,0,0,0,0
729747,3,2,6,8
102724663,3,0,9,2
3117,0,0,136,24
3118,0,0,136,24
100127967,1,1,9,0
642426,0,0,0,0
101927058,0,0,0,0
253970,0,0,0,0
105369785,0,0,0,0
100287944,0,0,2,1
100505978,0,0,2,1
100652999,0,0,0,0
100873924,4,0,8,2
101101773,0,0,1,0
101927318,2,18,0,21
90589,154,140,34,33
8693,201,0,245,181
105369984,16,15,8,6
101927081,0,0,0,2
379025,791,479,904,746
105369954,29,8,17,3
100506125,19,106,3,26
109729127,0,1,7,21
151534,265,260,617,341
255783,812,264,269,151
10330,8848,4615,2198,2525
101928420,0,0,0,0
93432,1,0,28,3
101928449,0,0,0,0
105370423,1,0,2,0
101929084,0,0,0,0
2880,0,0,0,0
101927292,0,1,1,0
101927038,0,0,0,0
101928062,298,87,167,85
101927062,400,736,0,701
101929110,14,2,14,10
101929058,0,0,0,0
105369900,4,1,0,0
105369758,19,14,105,4
1523,2193,1726,2147,3061
100134934,2181,2355,458,636
100533970,47,15,54,34
255411,0,0,0,0
101928937,2,0,1,0
105369779,183,158,481,191
100286844,50,31,50,13
130075,0,0,0,0
643246,7,1,32,0
101928137,4,1,3,1
283332,0,0,0,1
101929162,2,3,7,2
105369736,0,0,0,0
283432,0,0,1,0
102724933,0,0,1,0
105369860,0,1,0,0
136541,0,0,0,0
23601,55,2,72,23
100506869,3,0,0,3
105369980,0,1,4,1
101928731,10,21,176,8
283404,4,0,0,1
91612,3648,1044,1347,1461
105369920,2,201,1,47
124944,2329,2813,1229,687
283440,31,21,8,9
100652846,31,21,8,9
100874235,31,21,8,9
101927267,1,0,12,3
105369921,0,1,0,1
51750,498,159,758,210
100532746,0,24,0,12
100506999,5,0,12,12
147660,9,2,75,37
105370586,0,0,0,0
64146,941,1450,423,682
493901,0,0,0,0
283624,233,54,287,122
79334,0,0,0,0
101929718,15,0,19,6
283553,14,2,0,3
246777,4,8,7,15
64150,154,70,3,77
101929002,0,0,0,0
145200,88,12,4,2
100506071,0,1,0,7
145438,0,1,4,0
100874185,0,1,4,0
101928969,15,5,170,8
100505967,3,353,498,479
101926928,17,3,5,9
101730217,0,0,19,3
254028,1,0,0,1
102723742,0,0,46,1
283592,0,0,0,0
100506498,367,66,11,67
445372,7,0,5,106
390502,4,0,0,0
105370578,0,0,1,0
100885779,2,1,11,3
101929080,1,6,1,4
100529063,25,0,202,137
100529257,68,62,48,18
105370458,2,2,0,1
53840,253,152,206,131
105370526,33,0,121,2
104355139,1,0,0,0
100506412,3,16,47,69
196872,22,8,18,10
100129794,47,91,50,73
348120,0,0,0,0
124905510,0,0,0,0
128653,7,0,0,0
105370622,0,0,0,0
100507118,4,0,12,0
102724814,195,60,485,221
319085,2,2,5,3
101927620,1,0,1,0
145216,1,5,2,0
105370473,1,0,1,2
100628307,1,0,2,1
100506172,3,1,12,2
101927690,11,6,4,5
283585,6,0,8,3
390441,2,0,2,0
283092,0,0,0,0
6038,2007,710,2775,1494
102724190,11,9,44,18
4157,270,89,131,99
105370489,0,0,0,0
283587,8,2,6,2
503835,1,1,2,0
105370623,1,1,2,1
90799,500,380,730,312
124905956,2,0,0,0
400236,207,346,45,69
102723604,0,0,0,0
100288846,8,4,30,20
10381,411,3,41,14
101928559,0,0,1,1
105370646,0,0,0,0
100533179,3,2,1,0
388021,58,3,11,1
7258,0,0,0,0
64591,0,0,0,0
728137,0,0,0,0
728403,0,0,0,0
124905614,0,0,0,0
124905615,0,0,0,0
124905616,0,0,0,0
124905617,0,0,0,0
124905618,0,0,0,0
124905619,0,0,0,0
124905620,0,0,0,0
124905621,0,0,0,0
124905623,0,0,0,0
124905624,0,0,0,0
124905625,0,0,0,0
124905626,0,0,0,0
124905627,0,0,0,0
124905628,0,0,0,0
124905629,0,0,0,0
124908978,0,0,0,0
124908979,0,0,0,0
124908980,0,0,0,0
124908981,0,0,0,0
124908988,0,0,0,0
124909015,0,0,0,0
124909084,0,0,0,0
124909294,0,0,0,0
124909306,0,0,0,0
124909318,0,0,0,0
124909320,0,0,0,0
124909330,0,0,0,0
128966595,0,0,0,0
128966599,0,0,0,0
128966647,0,0,0,0
128966655,0,0,0,0
128966656,0,0,0,0
101929422,19,2,12,5
100533496,16,0,154,64
100526835,14,11,386,60
100526836,0,0,355,203
161159,7,0,1,0
283547,17,2,16,5
29018,0,0,1,1
100528030,7,47,41,17
100507277,0,0,0,0
400208,2,0,1,0
100996280,1,0,0,0
105370648,0,0,0,0
100532726,1,0,21,0
102723809,2,0,24,3
100506321,2,0,5,2
100130933,335,735,162,313
105751187,2,1,0,1
100506433,3,1,29,7
145820,231,52,74,110
503519,1,0,0,0
101928909,0,0,4,1
104613533,0,0,0,0
101929586,4,2,9,2
105370802,0,1,2,3
3690,244,78,169,251
105371022,11,5,22,1
643664,0,2,1,3
101928227,18,1,5,3
105370681,0,2,0,4
729911,0,0,0,0
109729174,0,0,4,0
100130855,44,21,34,17
105378349,0,0,0,0
101929478,0,1,0,0
100652749,0,0,0,0
100506530,0,0,0,0
102723481,7,0,0,2
109729181,266,405,1183,546
101928694,11,2,2,2
728121,78,21,336,46
100533106,46,31,51,20
100528021,105,42,447,67
101928988,1,0,0,0
283688,1,1,3,5
101929457,1,0,0,0
2688,0,0,0,0
100527943,24,0,10,3
100996492,29,81,27,222
105370906,11,0,0,1
101929439,0,0,11,0
145694,46,429,38,6
105370876,46,429,38,6
79178,330,234,657,885
390539,0,0,0,0
107985879,0,25,0,7
101928134,0,1,0,3
101927631,49,26,44,23
197003,1,0,0,1
283692,7,1,15,3
102723165,1,0,2,1
26589,777,1894,606,1054
100421766,4,13,10,5
723972,1,0,2,0
101929690,3,1,2,1
101928414,3,8,9,0
145978,0,2,0,3
101928850,0,0,0,0
102723335,0,0,4,1
649133,0,0,0,0
414899,1,0,0,0
101927751,80,4,119,8
102724452,0,0,0,0
105370954,0,0,0,0
642366,0,0,0,1
253044,1,3,1,1
100506686,372,489,215,76
105370809,9,2,3,0
7190,3,3,3,9
100131315,1,0,0,0
101927112,1,0,0,0
101926895,9,4,8,1
105371027,1,2,3,5
283710,9,0,59,4
101927606,3,0,8,3
102723640,3,15,0,5
146429,2,4,0,5
646627,43,35,118,30
283486,0,1,0,0
388456,0,0,0,0
283914,0,0,0,0
101927650,5,0,1,0
101927793,1,3,4,7
105369971,10,1,26,6
729652,9,10,21,4
791114,20,49,1,35
101928840,20,49,1,35
100509620,0,4,0,13
105371049,3,0,27,2
94150,0,0,0,0
283888,18,7,7,5
29890,862,460,1374,827
140828,10,48,13,0
100507588,3,150,172,84
105447648,0,0,0,0
101928614,0,0,1,0
3217,929,1151,686,619
647979,6497,3147,8968,5531
100506655,4,28,19,32
101928736,147,69,138,46
101929224,4,2,12,8
100861546,0,0,1,0
729597,15,0,30,15
727915,1,0,3,1
101927460,1,0,0,0
399693,0,1,1,14
102724163,22,6,15,7
23732,25,2,19,8
100134229,238,114,555,79
100527963,383,302,273,185
105371416,21,50,7,39
100507303,3792,3016,1170,1136
729739,46,10,80,17
100505619,0,4,0,2
100526831,120,13,190,58
101928603,0,0,0,0
101060321,0,0,0,0
283738,0,0,0,1
4360,556,124,668,447
94086,5,125,11,28
80072,12,6,11,13
101928752,0,0,0,0
100861549,6,11,16,12
105371184,8,21,4,11
101930452,2,0,1,0
642658,39,21,44,24
101928167,0,0,0,0
124904304,0,0,0,0
101929387,6,1,21,1
100289092,13,15,1,2
100506581,112,286,36,69
100134444,0,0,0,0
101929701,0,0,0,0
102216268,1,1,8,1
102723322,4,6,3,0
105375933,4,6,3,0
105371335,0,0,0,0
101927809,88,24,6,19
282566,1,17,7,10
102723166,17,3,12,9
100288687,1,1,2,0
101929124,0,1,1,4
103344929,0,0,0,0
197187,55,91,26,17
100653233,0,0,0,0
100505776,3,1,10,5
84210,5,7,17,6
128966611,5,7,17,6
100132234,44,38,28,41
101929620,0,0,0,0
100505915,37,8,207,56
101928276,0,0,0,0
100861542,2,0,2,0
101927410,4,0,0,0
101928165,1,0,0,0
101929634,27,23,18,17
401613,9,0,0,1
150967,494,147,164,115
115804232,34,18,1369,39
101928417,0,0,0,0
283932,22,9,68,30
100505948,0,0,0,0
101928446,5,0,3,0
100128905,5,0,4,1
6645,0,0,0,0
101928248,0,15,60,13
283902,2,1,1,1
100132529,3,10,1,3
283854,0,34,2,24
107983961,0,34,2,24
100996425,4,5,11,10
100287559,9,4,7,2
152274,0,2,0,1
343702,1,1,4,0
101927350,2,2,5,1
9236,1885,1061,2188,1509
103344931,98,71,194,165
101927273,0,1,0,1
105370829,0,0,0,0
644242,63,85,147,206
101752400,67,19,145,64
100861544,0,0,0,0
105371046,1,0,8,0
101927450,0,0,0,0
101927957,14,5,43,6
6818,844,595,464,115
124907837,844,595,464,115
338694,0,0,2,0
104266959,0,0,2,0
101927087,11,1,1,0
101928708,0,0,0,0
100861554,3,0,1,0
101927155,61,40,37,32
100507421,264,102,121,176
107986266,6,3,36,5
400533,1,0,0,0
100506070,27,24,111,26
105370941,28,11,30,29
83481,726,146,200,246
105371350,0,0,0,0
101927239,1,0,0,0
102724344,178,11,330,19
102724362,617,1337,308,613
101928618,0,0,0,0
102723927,9,4,31,7
129810495,9,4,31,7
100505853,0,0,0,0
728276,0,0,0,0
100507290,436,112,926,234
101927132,7,1,6,6
23246,1466,685,1444,434
102724940,1,3,5,13
101929288,2,0,4,0
102723786,0,0,0,0
100507679,0,0,0,0
105371286,3,12,7,2
105370868,0,0,0,0
100507534,0,0,0,0
105274304,12,15,5,16
106456574,0,2,0,0
105372440,6,2,4,2
100652740,15,2,4,0
101927288,11,4,26,13
5175,6555,1689,26740,1980
100128881,82,22,139,28
102467146,1,9,14,33
104355218,0,0,0,0
101928035,1,0,4,2
100529145,224,446,271,103
106146149,0,0,0,0
100874187,4,2,1,1
102723692,5,1,2,0
100128822,96,63,179,109
347688,33,9,3,11
102723385,4,4,3,6
100861547,0,0,0,6
284648,6,4,5,0
24150,0,0,0,0
729264,0,0,0,0
729355,0,0,0,0
102723655,0,0,0,0
102723713,0,0,0,0
100861552,1,1,7,6
284215,23,21,3,6
100506060,90,77,136,46
101929164,0,0,2,0
340393,15,4,10,5
100507050,33,0,6,1
8139,82,43,172,95
101929144,4,0,2,0
101927009,12,14,102,17
101927026,12,14,102,17
132205950,12,14,102,17
101927228,2,0,1,3
102723548,31,290,236,230
728310,58,2,43,16
145788,88,71,22,69
101927726,8,2,17,5
102724097,1,0,20,5
101928108,0,27,0,3
83482,3,0,8,0
100505583,0,0,3,1
101928682,0,0,1,0
3250,48,41,1,28
105371252,0,0,0,0
146336,12,2,101,3
101927900,0,0,0,0
645355,0,0,0,0
107282092,1277,991,402,489
283867,1,2,2,0
102467079,0,2,0,0
100508631,0,0,0,0
101928721,0,0,0,0
100533483,8,0,0,0
100506083,14,36,6,14
100505817,1,2,7,4
101927876,0,0,0,0
100129654,0,15,0,19
728498,6,1,36,4
100534599,741,0,336,466
101929536,8,1,31,2
100287616,112,80,250,96
100996345,0,0,0,0
101927580,6,5,14,9
148189,276,100,301,141
1201,34,40,81,76
344752,0,0,0,0
81872,0,0,0,0
101927348,4,0,6,0
8190,67,8,0,5
83895,0,0,0,1
100130950,62,36,96,46
1196,397,111,1210,326
390154,0,0,0,0
56107,33,0,270,16
100507003,0,0,0,0
390174,0,0,0,0
728224,0,0,0,0
221223,6,2,0,0
50840,0,0,5,3
106707243,0,0,5,3
3883,1,0,11,0
57459,301,181,354,245
285962,34,45,20,27
101927727,2,0,1,2
6942,66,15,259,67
3885,0,0,0,0
100506388,42,14,7,20
83896,0,0,2,0
26102,2,10,0,2
8391,0,0,0,0
92126,227,167,24,127
259293,3,0,1,1
400500,2,0,3,0
100132386,0,0,0,0
121601,24,5,194,8
91419,71,45,112,67
283887,0,0,28,9
200315,0,2,31,2
100913187,0,2,31,2
390792,30,0,5,0
101929726,4,7,2,13
102724927,34,16,6,12
101928738,8,19,11,2
504191,0,0,0,0
56102,17,0,43,11
160728,24,81,503,302
100533177,1,0,3,0
100505724,0,0,0,0
100130370,1,0,3,1
105371508,0,0,1,0
1066,120,209,2,17
79585,537,137,713,186
504189,0,0,0,0
55750,215,101,362,184
9501,50,28,660,109
81850,0,0,0,0
4321,7,4,3,3
5788,4,0,40,3
100288778,105,163,353,160
2629,790,2873,118,98
100507501,257,168,223,198
2618,370,205,32,98
643669,14,26,15,4
85280,0,0,0,0
259292,0,0,0,1
100533177,1,0,3,0
83899,0,0,0,0
56111,10,0,42,15
101928766,2,2,19,7
81870,0,0,0,0
57189,458,263,2086,603
100505782,2,0,0,1
440073,9,3,21,39
219469,0,0,0,0
259289,1,0,0,3
259291,1,0,0,3
8386,0,0,0,0
653166,0,0,0,0
220134,24,4,8,5
6999,12,1,0,5
283189,0,0,0,0
10418,410,95,1087,250
124641,1491,617,338,548
10712,263,130,351,100
100874530,0,1,1,1
101926896,38,130,6,27
728279,2,0,0,0
100653049,0,0,0,0
83900,0,0,0,0
219473,0,0,0,0
6742,344,11,264,171
390155,0,0,0,0
5313,42,422,19,947
84916,511,1842,221,2091
3460,3867,598,1042,672
219477,0,0,0,0
81851,0,0,7,0
6182,4643,7155,1528,1943
65123,757,407,1096,482
101928855,6,1,9,3
125115,1,0,439,0
219464,0,0,0,0
26065,3618,2944,2206,1614
730755,12,0,2,0
147646,2,0,3,0
101927911,1,1,1,1
85280,0,0,0,0
54943,10,26,21,34
92002,1143,956,446,435
56245,1,14,49,41
101928266,0,4,3,5
100129361,0,0,0,0
3881,19,6,1,2
101927131,4,5,5,3
2969,1287,302,7785,1738
10780,175,36,262,95
3884,5,0,172,0
127124,2,910,0,379
8688,2,0,0,1
259294,0,0,0,1
494551,0,9,1,6
54474,1,0,10,0
100294362,70,33,283,53
105371083,4,4,1,4
83899,0,0,0,0
85294,0,0,0,0
259290,1,0,0,0
85293,0,0,0,0
574538,10,22,67,41
94104,0,0,0,0
100820829,24,18,10,81
757,765,624,694,659
11000,705,238,753,165
100505753,0,0,9,0
100131303,0,1,0,0
653240,0,0,0,0
83755,0,0,0,0
1519,821,278,528,414
109729143,0,0,0,0
728255,0,0,0,0
3859,6,0,4,1
5554,39,38,63,25
11272,39,38,63,25
100507608,0,0,0,0
105371079,0,0,0,0
10067,1533,1955,730,624
653479,37,6,4,13
102724508,37,6,4,13
83897,0,0,0,0
25984,2,3,3,17
27164,0,32,0,12
57657,90,410,188,287
202020,31,23,50,29
390157,0,0,0,0
83902,0,1,281,1
653505,0,0,0,0
100847002,0,0,0,0
692233,0,0,1,0
692233,0,0,1,0
100616306,1,0,4,0
26797,0,0,0,0
100847053,0,0,0,0
100847068,0,0,0,0
100847089,0,0,0,0
100616311,0,0,0,0
100423010,0,0,0,0
100422881,0,0,0,0
101101775,41,36,58,62
100616242,1,0,0,0
100616350,0,1,0,0
100616337,0,0,0,0
100616276,0,0,1,0
100422854,0,0,0,0
100289255,2,20,3,6
100422900,0,0,0,0
102724651,0,0,0,0
100616224,1,0,1,0
692199,0,0,0,0
100616299,0,0,0,0
100847057,0,0,1,0
100616111,0,0,0,0
10929,1428,950,1164,1236
100423002,0,0,0,0
100422988,0,0,0,0
101927539,1,0,3,0
100616454,0,1,0,1
100847086,1,0,7,0
100422905,0,0,0,0
554282,6,0,0,2
728833,6,0,0,2
100500879,0,0,0,0
100616144,0,0,0,0
105827617,0,0,0,0
100616321,0,0,1,0
100616130,0,0,0,0
9641,332,153,134,112
100616389,0,0,0,0
100847020,0,0,0,0
339298,0,0,2,1
100616205,0,0,0,0
102466866,0,0,0,0
100422868,0,0,0,0
100616288,0,0,0,0
100616302,1,0,2,0
100616277,0,0,0,0
100616151,0,0,1,0
102723641,5,3,11,5
100616152,0,0,0,0
100500865,43,15,36,15
100500915,0,0,0,0
100422978,0,0,0,0
100422861,0,0,0,0
692233,0,0,1,0
100422989,1,0,0,0
100847088,0,0,0,0
100616201,0,0,0,0
100500803,0,0,0,0
4477,2,0,3,0
100616317,0,0,0,0
100616274,0,0,2,1
100616404,0,0,0,0
100616218,0,0,0,0
100847063,0,0,0,0
100379141,0,0,0,0
285766,0,0,0,0
100616235,0,0,0,0
100847010,0,0,1,1
100616438,0,0,1,0
100423023,0,0,82,1
693131,3,1,2,2
100423000,0,0,0,0
100500811,0,0,0,0
100846998,0,0,0,0
400655,7,8,12,2
100616269,0,0,0,1
1394,1,0,1,0
104909134,1,0,1,0
105371907,2,0,1,1
201477,0,2,2,4
100500822,0,0,0,0
100616174,0,0,0,0
100616255,0,0,0,0
100847092,0,0,0,0
100422953,0,0,0,0
100500844,1,0,0,0
100422966,0,0,0,0
100847083,0,0,0,0
100422942,0,0,0,0
339290,538,429,1569,660
2658,0,0,0,1
100422982,0,0,0,0
100500839,0,0,0,0
26807,1,0,3,0
619568,0,0,0,0
100847069,0,0,0,0
100422853,0,0,1,0
100616229,0,0,0,0
100422866,0,0,0,0
100847014,0,0,0,0
100847071,0,0,0,0
100500876,0,0,0,0
100500878,0,0,0,0
100846992,0,0,0,0
100616207,0,0,0,0
100616498,0,0,0,0
100616479,6,0,4,1
100616486,0,0,0,0
100287042,15,14,80,24
100616420,0,0,2,0
100616204,1,0,1,1
100616147,0,0,0,0
100500898,0,0,0,0
26801,0,0,0,0
100616232,0,0,0,0
100505576,59,18,52,21
101410534,0,0,0,0
677820,0,0,0,0
100847033,0,0,0,1
100500823,0,0,0,0
100422924,0,0,0,0
100616214,0,0,0,0
100500885,0,0,0,0
100616236,0,0,1,0
100422902,0,0,0,0
100846995,0,0,0,0
100500910,0,0,0,0
100616413,0,0,0,0
100616127,0,0,0,0
100500919,12,5,1,1
200030,278,61,590,282
440712,816,171,1286,328
100616382,0,0,0,0
100422963,0,0,0,0
100616251,0,0,0,0
100616148,0,0,0,0
100616304,0,0,0,1
100616429,0,0,0,0
100847027,0,0,0,0
100847024,0,0,0,0
677820,0,0,0,0
100616241,0,0,0,0
100422983,0,0,0,0
340811,13,0,0,1
100616469,0,0,0,0
100500875,0,0,0,0
100422914,0,0,0,0
100616135,0,0,1,0
146795,1,1,1,2
100616330,0,0,0,0
100616309,0,0,0,0
100616210,54,23,91,40
100847075,0,0,0,0
100422851,0,0,0,0
100500829,0,0,0,0
100423034,0,0,0,0
100616187,0,0,0,3
100847077,0,0,0,0
26801,0,0,0,0
100500884,0,0,0,0
100847047,0,0,0,0
100616377,0,0,0,0
100616421,0,0,1,0
100616368,1,0,0,1
100500881,0,0,0,0
100422823,0,0,0,0
100500852,0,0,0,0
100616161,0,0,0,0
100616344,0,0,0,0
100500882,0,0,0,0
100500901,0,0,0,0
107985126,1,1,1,2
677820,0,0,0,0
100422928,0,0,0,0
100616351,0,0,0,0
100616253,0,0,0,0
100500906,0,0,0,0
100422940,0,0,0,0
100422943,21,1,1,18
100616457,0,0,0,0
100616262,0,0,2,2
26801,0,0,0,0
100616332,0,0,0,0
100616376,0,0,0,0
100422878,1,0,0,0
100151683,4,9,1,3
728113,119,0,5,6
100616381,0,0,0,0
104968399,14,9,6,17
109729163,0,0,0,0
400657,193,145,716,399
100500831,0,0,0,0
105376854,0,0,0,0
100422925,0,0,0,0
100616467,0,0,3,0
100616246,0,0,0,0
100131655,13,16,47,11
100616417,0,0,0,1
100616360,1,0,0,0
26811,0,0,0,0
100500843,0,0,0,0
102465833,0,0,0,0
101927642,3,0,37,0
100616426,0,0,0,0
100847030,0,0,1,0
100616435,0,0,0,0
100847036,0,0,0,0
100500825,0,0,0,0
388677,799,426,992,568
100423020,0,0,2,1
100422990,0,4,0,0
100616116,1,0,0,0
100422947,0,0,0,0
140735,3013,5906,5996,7965
100422986,1,0,1,0
100616365,0,0,0,0
100616380,0,0,0,0
100616183,0,0,0,0
100846996,0,0,0,0
100616180,0,0,0,0
100422904,0,0,1,0
100500916,0,0,0,0
100616220,0,0,1,0
100616215,1,0,2,0
100500903,0,0,0,0
100847084,0,0,1,0
100616484,0,0,0,0
100616384,0,0,0,0
4622,0,0,2,0
100616117,3,2,3,5
100422917,0,0,0,0
100422835,1,0,1,0
114515521,1,0,3,2
103504731,2,0,0,0
101928144,4,0,8,0
100616401,0,0,0,0
100616338,0,0,0,0
100616465,0,0,0,0
100847043,0,0,0,0
100616432,0,0,0,1
100616239,0,0,0,0
100847072,0,0,0,0
100423021,0,0,0,0
100616331,0,0,0,0
100422879,0,0,0,0
100500841,0,0,0,0
100847038,0,0,0,0
284395,4,2,7,3
56957,447,351,1732,385
100616464,0,0,0,0
100422933,0,0,0,0
100847085,0,0,0,0
100847035,0,0,0,0
619570,0,0,0,0
100422997,1,0,1,0
100422880,0,0,0,0
100616175,0,0,0,0
100500809,1,0,6,0
100616290,0,0,0,0
100423041,0,0,3,0
100847013,3,0,14,0
100616222,0,0,0,0
100616436,0,0,0,0
692199,0,0,0,0
100423016,1,0,1,0
100422981,0,0,0,0
100616482,0,0,1,0
100847054,1,1,0,0
100616434,0,0,0,0
100847065,0,0,0,0
100616166,0,0,0,0
100422952,0,0,0,0
100422869,0,0,0,0
100847051,0,0,2,0
100422830,0,0,0,0
100616471,0,0,1,0
100422912,0,0,0,0
101927688,23,6,4,12
100422858,0,0,0,0
100422896,0,0,0,0
100616392,0,0,0,0
100422898,0,0,0,0
100616171,0,0,0,0
101927150,92,17,78,41
100616261,0,0,2,0
100996758,4,0,0,0
100422871,0,0,1,0
100846994,0,0,0,0
100422908,0,0,0,0
100616342,0,0,0,0
100616195,0,0,0,0
100616379,0,0,0,0
100616158,0,0,1,0
503645,12,0,5,1
100616333,0,0,0,0
102724246,0,1,11,1
100500834,0,0,0,0
100422957,1,0,2,0
100423025,0,0,0,0
100422950,0,0,0,0
100422909,0,0,0,0
100616157,0,0,0,0
100616164,0,0,3,0
100616422,0,0,3,1
100422876,0,0,0,0
100616271,0,0,0,0
100616370,0,0,0,0
100846993,0,0,0,0
100422895,0,0,1,0
100847050,0,0,0,0
100422867,0,0,0,0
100616493,0,0,10,1
100422821,0,0,0,0
100422893,0,0,0,0
100847006,0,0,0,0
100423013,0,0,0,0
100847007,0,0,0,0
100652770,8,29,20,7
100500908,0,0,0,0
100500859,0,0,0,0
100500814,0,0,0,0
103504741,0,0,0,0
100616478,0,0,0,0
100616278,0,0,0,0
100616492,0,0,0,0
100423011,0,0,2,0
100422863,0,0,0,0
100616441,0,0,0,0
100422972,1,0,0,0
400612,13,17,30,8
100616359,1,0,4,1
100847059,0,0,0,1
100616395,0,0,0,0
100616431,0,0,0,0
100616123,0,0,0,1
100847015,0,0,0,0
101928251,3,1,9,3
100847039,0,0,0,0
692209,0,0,0,0
100847067,0,0,0,0
101927877,0,0,2,2
100616447,0,0,0,0
100422923,3,1,4,4
100422891,0,0,0,0
692092,0,0,0,0
100422827,0,0,0,0
100422862,0,0,0,0
100616219,0,0,0,0
100616410,0,0,1,0
101927188,0,0,7,0
100500871,0,0,0,0
100500900,0,0,0,0
100616160,0,0,0,0
100616327,0,0,0,0
100507410,20,6,1,3
100616293,0,0,0,0
100500904,1,1,0,1
2702,256,322,195,435
100616125,0,0,0,0
100422936,0,0,0,0
692233,0,0,1,0
100422899,0,0,0,0
100847019,0,0,0,0
100422875,0,0,0,0
100422855,0,0,0,0
102723167,0,0,26,0
100616428,0,0,0,0
26796,0,0,0,0
100506779,25,7,57,18
100616247,1,0,0,0
26797,0,0,0,0
100847029,0,0,0,0
100616110,0,0,0,0
100423019,1,0,0,0
100422996,0,0,0,0
100422987,0,0,0,0
100616132,0,1,1,1
100616334,0,0,0,0
100616301,0,0,0,0
653145,52,2,0,1
100500877,0,0,0,0
100422971,1,0,1,0
100616343,0,0,1,0
5949,0,0,0,3
123466215,398,70,98,14
100616118,0,0,0,0
100500867,0,0,0,0
100422848,0,0,0,0
100423043,0,0,0,0
100616347,1,0,1,0
100616133,0,0,0,0
692199,0,0,0,0
100422938,0,0,0,0
9939,3270,1919,3243,1716
100616268,0,0,0,0
100422903,0,0,0,0
100423039,0,0,0,0
100616476,0,0,0,0
100616126,0,0,0,0
100500891,0,0,0,0
100616373,0,0,0,0
100616300,0,0,1,0
100616475,0,0,1,0
100500824,0,0,0,0
100422838,0,0,0,0
100422965,2,0,5,2
100422949,1,0,0,1
692199,0,0,0,0
100616336,0,0,0,0
100847008,0,0,0,0
100422926,0,0,0,0
100847004,1,0,0,0
100422927,0,0,0,0
100287932,2284,1943,1501,1578
100422859,0,0,0,0
100616319,0,0,0,0
100616456,0,0,0,0
728606,4,37,42,31
100616322,0,1,1,0
100616383,0,0,0,0
100422956,0,0,0,0
100616192,0,0,0,0
100423038,0,0,0,0
100847049,0,0,0,0
100422975,0,0,0,0
100500911,0,0,0,0
100422824,0,0,0,0
100422979,0,0,0,1
100422929,0,0,0,0
100616159,0,0,0,0
100616391,0,0,0,0
100616206,1,0,0,0
100616208,0,0,0,0
100422984,0,0,0,0
100616485,0,0,0,0
100423032,0,0,0,1
100500866,2,1,1,0
100616266,0,0,2,0
100616227,2,0,4,0
100500850,19,10,11,4
100500869,0,0,0,0
100500917,0,0,0,0
100616249,12,18,1,9
100847078,0,0,0,0
441263,255,81,237,84
100616407,0,0,0,1
729950,25,2,0,3
100128006,8,1,4,4
27246,789,585,1687,726
100422907,0,0,0,0
100616494,0,0,0,0
100616499,0,0,2,0
100616399,0,0,0,0
100422850,0,0,0,0
100847055,1,0,0,0
100422931,0,0,1,0
100847048,1,0,7,4
100132417,88,0,40,8
643542,1,0,0,2
100422870,0,0,0,0
100616189,0,0,0,0
100422846,0,0,1,1
100506677,0,0,0,0
101927430,9,0,4,1
100500851,0,0,0,0
100616121,0,0,0,0
100422934,0,0,0,0
100616491,0,0,0,0
100847056,1,0,0,0
100616225,0,0,0,0
100500801,0,0,0,0
100847032,0,0,0,0
100616451,0,0,0,0
100616120,0,0,0,0
692199,0,0,0,0
100616374,1,0,2,1
100616440,0,0,0,0
100423017,0,0,1,0
692092,0,0,0,0
100500817,0,0,0,0
100500864,3,0,1,0
100616488,0,0,0,0
100422992,0,0,0,0
100500894,0,0,1,0
100616318,0,0,2,1
692092,0,0,0,0
101929693,119,127,60,110
100616191,0,0,0,0
100616275,0,0,0,0
6139,49135,50556,16302,18438
100422994,0,0,0,0
92659,31,79,23,40
100616325,0,0,0,0
101929511,8,17,20,9
100616356,0,0,0,0
100616339,0,0,1,0
26797,0,0,0,0
100616398,0,0,0,1
100422948,0,0,0,0
100422951,0,0,0,0
26801,0,0,0,0
100616375,0,0,0,0
100616390,0,0,0,0
677820,0,0,0,0
102724208,0,1,2,0
124904259,0,1,2,0
118738,7,73,0,119
100616140,0,0,0,0
103504726,0,0,0,0
101927989,24,108,26,26
100422930,0,0,0,0
100422935,1,0,0,1
100422860,2,2,10,4
9554,2096,915,1947,1609
100500835,0,0,0,0
100861412,11,9,115,19
100423012,0,0,2,0
100616272,0,0,0,0
100500857,1,4,0,1
100616450,0,0,0,0
100422856,0,0,0,0
100422920,0,0,1,0
101927715,0,0,0,0
101927018,3,0,11,3
100423042,0,0,0,0
100422828,0,0,0,0
100616131,0,0,0,0
692233,0,0,1,0
100616216,0,0,0,0
100616181,0,0,0,0
100847040,0,0,0,0
100616287,0,0,0,0
100616258,2,0,4,0
100422841,0,0,0,0
100500846,0,0,0,0
100423015,0,0,0,0
100616284,1,3,2,1
100500836,0,0,0,0
100616425,2,0,1,0
100616402,0,0,0,0
100500802,7,1,4,3
100422887,0,0,0,0
100847082,0,0,0,0
692092,0,0,0,0
100847062,0,0,11,0
100422967,0,0,0,0
400643,6,13,10,9
100130480,0,0,0,0
100616313,0,0,0,0
100616129,0,0,0,0
100422829,0,0,0,0
100287082,879,13,3,10
100423027,1,0,0,0
10628,14199,6780,31145,17440
100616449,0,0,0,0
100422864,1,0,0,0
100616363,0,0,0,0
100616231,0,0,0,0
790952,88,92,205,73
100847064,0,0,0,0
100500854,1,7,2,0
677820,0,0,0,0
100616470,0,0,0,0
100128893,37,8,9,18
100616295,0,0,0,0
105371766,0,1,1,0
105371767,0,1,1,0
100422954,0,0,0,0
100500856,10,12,2,5
100616194,2,0,0,0
100500819,0,0,0,0
23380,595,179,1911,575
100616348,0,0,1,0
100616228,0,0,0,0
100616292,0,0,2,0
100500816,0,0,0,0
100616182,0,0,0,0
101927275,35,37,60,27
100616165,0,0,0,0
100500897,0,0,0,0
100847003,0,0,0,0
57597,345,54,727,291
100616473,0,0,0,0
83593,332,31,1471,60
100847087,1,2,0,0
100847031,0,0,0,0
101927557,0,0,2,0
100422945,3,0,1,0
100616196,0,0,0,0
100616397,2,0,2,0
100616481,0,0,0,0
100847028,1,0,7,3
692092,0,0,0,0
100616243,0,0,0,0
100616341,0,0,0,0
100616362,0,0,0,0
100616386,0,0,0,0
100847080,1,0,2,1
100847025,0,0,0,0
100616409,0,0,0,0
100500813,9,2,0,4
100422939,0,0,0,0
92335,850,383,1215,582
100616308,0,0,0,0
100423005,0,0,0,0
100422944,0,0,0,1
100422991,0,0,0,0
100616245,0,0,0,0
5408,1,1,0,0
100847018,0,0,0,0
100847093,0,0,0,0
100500870,0,0,0,0
100423018,0,0,0,0
100422918,0,0,0,0
100422980,0,0,0,0
100500890,0,0,0,0
100422974,1,0,9,0
100423037,2,0,1,1
100847023,1,1,1,1
100422874,0,0,0,0
100616430,1,0,2,0
100616289,0,0,0,0
284276,4,1,10,0
400660,4,1,10,0
400661,4,1,10,0
101927481,10,25,9,3
100616141,0,0,0,0
136259,6,1,1,1
100616366,0,0,0,0
101060542,8,4,16,2
100996750,0,0,0,0
100500886,0,0,0,0
101927666,7,3,7,2
100422836,0,0,0,0
692233,0,0,1,0
100126313,0,0,0,1
100423008,0,0,0,0
26797,0,0,0,0
100616405,0,0,1,0
100847022,0,0,0,0
100616114,0,0,0,0
100847066,1,0,7,0
100500826,2,0,3,0
100422843,0,0,0,0
100616260,0,0,0,0
100500861,0,0,0,0
100616280,0,0,0,0
100847061,0,0,0,0
100422962,0,0,0,0
284565,536,70,1439,288
100616267,0,0,0,0
100500889,0,0,0,0
100847021,0,0,0,0
100616294,5,1,4,5
100422955,0,0,0,0
105376843,1000,339,103,103
100422892,0,0,1,0
8031,3666,1722,7067,4608
100616326,0,0,0,0
100616328,0,0,0,0
692233,0,0,1,0
100616349,0,0,0,0
100423029,0,0,0,0
100616172,0,0,0,0
100847076,0,0,0,0
100422888,0,0,0,0
100616371,0,0,0,0
100500855,0,0,0,0
100423006,0,0,0,0
100422852,0,0,0,0
100616495,0,0,0,0
100423014,1,0,4,0
54460,3357,4224,2284,2296
100846991,0,0,0,0
100616178,0,0,0,0
100847058,0,0,0,0
100616480,2,0,1,1
100422916,0,0,0,0
100500873,0,0,0,0
100616212,0,0,0,0
100616463,0,0,0,0
100616474,0,0,0,0
100422959,0,0,0,0
2662,39,1,12,1
100616310,0,0,0,0
100422857,0,0,0,0
100616490,0,0,0,0
100500828,0,0,1,0
100847060,0,0,0,0
400644,11,6,212,13
100423001,0,0,0,0
100616163,2,1,1,1
100616433,0,0,0,0
100847000,0,0,0,0
100423028,0,0,0,0
100423040,0,0,0,0
100616264,0,0,0,0
100616312,0,0,0,0
100616149,0,0,1,0
100616369,0,0,0,0
100616283,0,0,1,0
100616423,0,0,0,0
100500899,0,0,0,0
100616468,0,0,0,0
100616352,1,0,0,0
100616188,0,0,0,0
100616168,0,0,0,0
100500812,2,1,0,0
100423026,0,0,0,0
692199,0,0,0,0
100423030,0,0,0,0
100500909,0,0,0,0
100422973,0,0,0,0
100616170,0,0,0,0
100422883,0,0,0,0
100847017,0,0,0,0
692092,0,0,0,0
100422873,0,0,1,0
100422826,0,0,1,0
100500818,0,0,0,0
100616186,0,0,0,0
100616179,0,0,0,0
100616213,0,0,0,0
84815,1,0,6,2
100422921,0,0,1,0
80022,2554,2470,2695,2137
100616286,0,0,0,0
100847016,0,1,0,0
101927718,0,0,0,0
100616307,0,0,0,0
100616176,0,0,0,0
100422901,0,1,0,0
100616285,0,0,1,0
100500905,0,0,0,0
692199,0,0,0,0
100847001,0,0,0,0
100847041,0,0,0,0
100616109,0,0,0,0
100422889,0,0,0,0
100616230,0,0,0,0
100846999,0,0,0,0
100500893,0,0,0,0
100616455,0,0,0,0
100616305,0,0,0,0
100616460,0,0,0,0
100505592,88,8,29,29
677820,0,0,0,0
101927571,2,5,11,4
100616323,0,0,1,0
100500821,0,0,0,0
100616415,0,0,0,0
100616202,0,0,0,0
101928063,93,123,39,54
400654,0,19,3,5
108783654,366,309,504,286
5348,223,343,5122,218
80755,1643,2743,1046,770
101928674,36,6,14,8
102724908,52,13,217,27
101927017,3,3,8,1
100128568,15,19,9,5
101927229,14,1,7,1
102724684,1,0,3,0
105372127,0,0,0,0
105372069,0,0,0,1
342892,25,16,80,20
100885848,13,6,49,8
100133957,19,51,17,3
101928514,32,12,32,23
339201,172,56,250,59
147727,488,883,854,763
653645,0,0,0,0
284385,278,172,150,167
100505495,192,102,59,65
101928710,6,1,16,3
100507218,5,38,120,25
284294,0,0,0,0
106660605,0,0,1,0
100507373,165,106,209,89
109729122,0,0,0,0
406994,0,0,0,0
406921,0,0,0,1
101928602,0,2,1,0
105372068,0,0,0,0
101927411,0,0,0,1
158062,11,17,0,5
400684,44,18,6,5
110806298,76,40,265,57
100288123,25,0,79,39
101927433,0,59,0,1
284408,29,62,23,80
728485,20,7,13,13
100130522,15,93,146,55
339524,71,33,36,36
101927855,136,1039,183,312
103689912,136,1039,183,312
105371795,76,102,22,61
100996288,5,6,3,6
105372397,0,0,0,0
80054,56,93,48,39
101927755,148,149,106,96
102724279,8,2,3,6
728752,8,12,116,34
641516,0,1,0,8
677769,131,60,305,128
103091864,131,60,305,128
101927921,0,0,0,0
124904290,0,0,0,0
148145,22,12,69,10
400617,22,5,60,5
100134938,1433,752,1420,999
647946,5,1,1,0
112441433,7,9,46,13
101927943,38,17,47,32
101928982,5,55,10,42
386758,94,134,234,191
346,24,0,5,2
100507433,4,6,99,22
23591,7,1,6,7
105372352,19,11,13,10
26974,14,35,251,82
101928886,2,1,2,2
100506713,470,185,43,38
100506755,470,185,43,38
9294,296,213,61,42
283994,3,1,3,1
100996351,11,0,7,1
105371899,0,0,0,2
101927151,193,183,253,90
284260,15,34,232,16
101928141,0,0,2,1
114335,1,1,1,0
100505724,0,0,0,0
100507608,0,0,0,0
105371789,0,0,0,1
123258400,107,0,814,310
101928104,4,7,14,9
112812,1062,1717,642,777
7767,459,166,954,445
100288122,1,0,15,2
101928844,1,16,1,19
642484,0,6,0,0
100505474,0,6,0,0
100652929,24,38,20,24
81870,0,0,0,0
105372143,0,0,1,1
100287177,33,3,16,1
400685,0,1,29,6
126568845,0,1,29,6
388406,0,7,0,4
100996665,0,0,0,0
105376899,0,0,0,0
100132174,2,4,1,6
440335,8,1189,3,532
55957,918,590,489,269
4701,5627,4614,1798,2092
65996,106,133,132,67
100131691,106,133,132,67
105372476,30,20,24,18
100131496,7,6,8,8
56936,0,0,1,0
100422833,0,0,0,0
105372441,0,20,0,5
4108,0,0,0,0
728269,0,0,0,0
100505812,89,24,66,18
100506033,188,99,267,127
6759,1,0,0,1
548313,1,0,0,1
374890,0,6,0,9
149013,239,93,968,297
100126270,37,0,5,6
55879,23,0,37,1
101928571,0,2,0,2
11254,0,0,0,0
100289361,90,255,40,71
147670,2,0,4,4
2652,0,0,0,0
644100,0,1,1,3
100271873,1,2,0,0
105372444,1,0,0,0
653486,29,13,0,1
83598,3,3,0,3
29057,676,171,1810,330
727866,676,171,1810,330
400550,26,2,30,9
644656,161,91,116,74
100101266,19,18,21,10
727837,2,1,1,0
93429,52,6,9,3
54553,99,34,187,72
100132686,0,0,0,2
105372267,0,0,0,0
8778,0,0,11,6
105372482,473,287,281,153
105372430,1,0,0,0
146513,0,1,0,0
100652739,15,3,27,12
4101,0,0,0,0
56157,0,0,0,0
246100,0,0,0,0
100073347,0,0,5,1
101059948,3,0,5,2
400680,20,3,11,4
124903857,0,0,0,0
124905556,0,0,0,0
124905693,0,0,0,0
101928295,15,5,6,4
100130086,76,39,10,24
91370,230,1,2,2
100128054,7,1,0,5
503538,171,67,32,33
389903,0,5,0,2
102723547,0,5,0,2
541466,0,0,0,0
79160,71,20,9,5
100271846,1,0,3,0
494119,0,0,0,0
100132304,0,0,0,0
100289341,22,44,119,71
125972,0,5,0,3
388523,0,0,4,3
441519,0,0,0,0
541466,0,0,0,0
388630,2467,306,260,1394
100129976,0,0,0,0
100506542,0,1,0,0
115290,2228,422,11197,895
375196,25,17,2,16
200298,30,2,28,3
101669766,30,64,164,55
100505851,0,2,4,4
100129195,2790,4248,1318,1561
79917,136,496,126,217
8517,804,198,1018,375
100293516,159,82,127,135
100128139,0,5,0,3
100507567,372,224,66,86
6689,19,10,43,12
56001,0,3,0,3
104472717,17,6,10,10
106144526,10,7,6,1
101060233,0,0,0,0
728343,0,3,1,5
63947,8,12,34,3
147664,2,1,64,0
84548,1037,421,778,621
441521,0,0,0,0
102723631,0,0,0,0
100505761,676,1533,769,591
106144593,7,0,5,5
23619,1,2,182,7
400818,669,75,1463,426
110806280,8,4,12,1
401612,201,147,109,114
100302127,0,0,0,0
6759,1,0,0,1
548313,1,0,0,1
10984,475,354,512,510
102724105,158,226,404,158
646862,0,0,0,0
112398,3331,3798,1021,964
124904767,0,0,0,0
100533184,1,0,0,0
100093630,4275,5425,2551,2534
100532731,258,11,434,197
100996928,0,0,557,0
100507423,6,3,12,3
102238594,15,9,31,12
101928601,51,32,93,169
101927972,300,3,33,24
440173,0,54,0,67
101928659,8,80,3,29
100529215,34,10,300,45
101927837,63,39,38,23
100303453,8,3,16,2
100126299,4,0,0,0
7012,0,7,0,1
101928557,0,0,1,1
101927931,130,28,21,18
101927950,0,0,1,1
100533467,0,0,264,0
728841,634,21,615,142
554313,141,227,232,200
101928550,31,23,36,31
105376193,31,23,36,31
105371242,1,0,1,0
100288198,28,24,61,45
256957,4,0,1,0
401492,92,1,695,2
343068,0,0,0,0
100534592,10,0,5,10
25832,1092,664,1282,700
9383,233,113,703,288
8148,1931,1138,3012,1362
102191832,0,0,0,0
100529241,6,0,11,8
246176,10,3,6,2
100529239,83,0,103,9
146853,2,5,5,5
338005,25,14,35,19
8370,32,5,190,47
91608,126,34,82,41
102723680,0,0,0,0
339929,95,74,45,47
441294,26,0,4,0
441461,0,7,3,1
100996569,0,7,3,1
101928438,0,7,3,1
100527978,5,11,12,12
101930085,116,107,294,215
101927811,345,159,43,76
643486,0,0,0,0
109729125,0,0,0,0
124905564,656,173,1210,442
100507032,171,40,364,70
574537,0,0,0,0
140809,1520,186,1286,468
340307,5,0,8,10
101926940,18,5,1,6
101060226,332,71,1971,721
100132406,405,21,1600,759
79148,39,21,8,18
728911,0,0,0,0
6352,972,121,340,146
730262,0,0,0,1
128077,779,196,1073,267
284021,209,18,50,12
338758,41,19,35,30
100527960,3,4,89,29
677831,0,0,0,1
729096,23,17,53,18
285804,0,0,1,1
389332,2359,3749,12,1899
101927352,7,15,25,11
100113392,1,0,0,0
101929623,25,6,15,9
101928965,45,187,56,111
101927314,0,0,3,1
407054,0,0,0,0
100616291,0,0,0,0
100616154,0,0,0,0
101929733,14,35,4,29
26790,0,0,0,0
284615,21,5,80,18
26822,50,22,2,9
406931,1,0,0,0
404672,2494,1548,974,1653
574504,0,0,0,0
101927067,32,19,43,20
100129461,26,9,17,22
283481,39,120,41,111
105374971,325,84,1684,116
101929072,41,35,80,61
100500896,0,0,0,0
283483,1,22,0,67
100874173,1,22,0,67
101929243,405,1117,394,337
619571,0,0,0,0
101929704,129,73,58,64
11165,955,430,2608,1296
9757,1452,203,1288,459
767599,0,0,0,0
100616244,0,0,0,0
100101267,1385,436,3049,394
101180976,0,0,1,0
100133941,63635,11844,21955,10820
100631383,545,74,919,348
642361,59,44,147,64
574451,0,0,0,0
100033814,0,0,0,0
767565,0,0,0,0
154313,46,21,25,27
1565,3,0,0,0
677811,0,0,1,0
100616138,0,0,0,0
401286,2,5,82,12
100506497,91,45,11,13
389125,84,429,46,210
100507331,29,10,61,29
152687,168,54,296,129
84740,5,2,43,3
8447,229,14,42,59
105373098,22,3,3,2
8447,229,14,42,59
57717,439,18,151,28
286967,15,5,10,7
107986100,64,34,57,47
100506394,22,20,73,60
50836,0,0,0,0
101735302,1845,481,1925,883
101752399,1845,481,1925,883
102723582,458,296,86,175
4700,46,115,7,15
84989,13,8,17,5
5555,1,0,1,1
386675,0,0,0,0
50839,1,0,5,0
91689,951,1211,339,621
55802,264,129,566,255
100130705,108,78,7391,131
91689,874,1305,230,508
100506286,7,10,30,27
100533952,7,1,41,2
107985209,15,4,33,8
100528018,0,0,0,9
26220,116,19,125,31
100129550,360,108,212,110
107133499,82,94,106,58
150590,22,60,72,78
101929351,64,221,21,100
2904,557,2,141,69
50835,0,0,1,0
259295,5,0,0,2
147719,0,0,1,0
101929607,5,3,2,1
101060684,279,28,770,242
8926,59,27,202,182
728116,20,14,25,12
100534612,17,0,7,10
25786,56,23,35,24
389458,17,7,44,6
50837,0,0,0,0
202781,264,129,670,246
103695434,0,1,1,0
4700,1674,1307,1283,1143
101929497,21,2,3,6
259296,0,0,1,0
50838,0,0,1,0
55229,271,62,607,303
3805,2,0,0,0
102465137,2,0,0,1
115653,0,0,0,0
353164,0,0,0,0
9437,0,0,0,0
26696,0,0,0,0
3802,0,0,0,0
126014,3,1,0,1
101060351,113,0,0,0
102723859,113,0,0,0
653404,0,0,1,0
3806,0,0,0,0
3811,0,0,0,0
101929657,2,5,2,5
677833,1,1,0,0
3809,0,0,0,0
79166,0,0,0,0
388585,12,0,0,0
90050,0,0,0,0
9437,0,0,2,0
123624,12,3,2,8
8362,0,0,0,0
677825,0,0,0,0
102465487,0,0,0,0
54883,350,138,513,281
4676,2508,2258,2120,1684
23359,11,46,151,72
53841,2589,5228,234,4752
94059,6,0,0,0
3805,0,0,0,0
3803,0,0,0,0
150248,0,3,7,0
677844,0,0,0,0
102723553,155,127,61,42
79143,70,9,236,84
102465695,0,0,1,0
1936,10594,3970,4017,3534
3806,0,0,0,0
100170841,55,10,300,9
102465465,0,1,1,1
400916,1085,2839,420,803
80725,23,2,83,4
9326,785,493,292,331
102465684,0,0,0,0
148170,215,37,196,60
100616153,0,0,0,0
148170,79,6,47,0
55894,1,0,0,1
414325,1,0,0,1
4696,1885,1974,482,724
9920,241,251,2844,643
102465867,0,0,0,0
283768,2,0,0,0
100132565,2,0,0,0
102465475,0,0,0,1
79166,0,0,0,0
567,20385,421,29622,10966
101060211,0,0,0,0
102465455,0,0,0,0
8342,1,0,1,0
3975,1,33,0,209
1028,136,785,39,257
50835,0,0,1,0
147798,350,1175,18,230
124907114,426,2991,17,321
124907115,426,2991,17,321
124907116,426,2991,17,321
124907117,426,2991,17,321
124907118,426,2991,17,321
124907119,426,2991,17,321
124907120,426,2991,17,321
124907121,426,2991,17,321
124907122,426,2991,17,321
124907123,426,2991,17,321
124907124,426,2991,17,321
124907125,426,2991,17,321
124907126,426,2991,17,321
124907127,426,2991,17,321
124907128,426,2991,17,321
124907129,426,2991,17,321
124907130,426,2991,17,321
124907131,426,2991,17,321
124907132,426,2991,17,321
124907133,426,2991,17,321
124907134,426,2991,17,321
124907135,426,2991,17,321
124907136,426,2991,17,321
124907137,426,2991,17,321
124907138,426,2991,17,321
124907139,426,2991,17,321
124907140,426,2991,17,321
124907141,426,2991,17,321
124907142,426,2991,17,321
124907143,426,2991,17,321
124907144,426,2991,17,321
124907145,426,2991,17,321
124907146,426,2991,17,321
124907147,426,2991,17,321
124907148,426,2991,17,321
124907149,426,2991,17,321
124907150,426,2991,17,321
124907151,426,2991,17,321
124907152,426,2991,17,321
124907153,426,2991,17,321
124907154,426,2991,17,321
124907155,426,2991,17,321
124907160,426,2991,17,321
124907172,426,2991,17,321
124907183,426,2991,17,321
124907194,426,2991,17,321
124907205,426,2991,17,321
124907216,426,2991,17,321
124907227,426,2991,17,321
124907238,426,2991,17,321
124907248,426,2991,17,321
124907258,426,2991,17,321
124907269,426,2991,17,321
124907280,426,2991,17,321
124907291,426,2991,17,321
124907302,426,2991,17,321
124907313,426,2991,17,321
124907324,426,2991,17,321
124907327,426,2991,17,321
124907328,426,2991,17,321
124907329,426,2991,17,321
124907330,426,2991,17,321
124907331,426,2991,17,321
124907332,426,2991,17,321
124907333,426,2991,17,321
124907334,426,2991,17,321
124907335,426,2991,17,321
124907336,426,2991,17,321
124907337,426,2991,17,321
124907338,426,2991,17,321
124907339,426,2991,17,321
124907340,426,2991,17,321
124907341,426,2991,17,321
124907342,426,2991,17,321
124907343,426,2991,17,321
124907439,426,2991,17,321
124907440,426,2991,17,321
124907450,426,2991,17,321
124907458,426,2991,17,321
124907467,426,2991,17,321
124907475,426,2991,17,321
124907476,426,2991,17,321
124907477,426,2991,17,321
124907478,426,2991,17,321
124907479,426,2991,17,321
124907480,426,2991,17,321
124907481,426,2991,17,321
124907482,426,2991,17,321
124907483,426,2991,17,321
124907484,426,2991,17,321
124907572,426,2991,17,321
124907573,426,2991,17,321
124907574,426,2991,17,321
124907575,426,2991,17,321
124907576,426,2991,17,321
124907577,426,2991,17,321
124907578,426,2991,17,321
124907579,426,2991,17,321
124907580,426,2991,17,321
124907581,426,2991,17,321
124907584,426,2991,17,321
124907585,426,2991,17,321
124907586,426,2991,17,321
124907587,426,2991,17,321
124907588,426,2991,17,321
124907589,426,2991,17,321
124907590,426,2991,17,321
124907591,426,2991,17,321
124907592,426,2991,17,321
124907593,426,2991,17,321
124907594,426,2991,17,321
124907595,426,2991,17,321
124907596,426,2991,17,321
124907597,426,2991,17,321
124907598,426,2991,17,321
124907600,426,2991,17,321
124907611,426,2991,17,321
124907622,426,2991,17,321
124907633,426,2991,17,321
124907644,426,2991,17,321
124907655,426,2991,17,321
124907662,426,2991,17,321
124907673,426,2991,17,321
124907684,426,2991,17,321
124907694,426,2991,17,321
124907705,426,2991,17,321
124907709,426,2991,17,321
124907710,426,2991,17,321
124907711,426,2991,17,321
124907712,426,2991,17,321
124907713,426,2991,17,321
124907714,426,2991,17,321
124907715,426,2991,17,321
124907716,426,2991,17,321
124907717,426,2991,17,321
124907718,426,2991,17,321
124907719,426,2991,17,321
124907720,426,2991,17,321
124907721,426,2991,17,321
124908237,426,2991,17,321
124908238,426,2991,17,321
124908239,426,2991,17,321
124908240,426,2991,17,321
124908241,426,2991,17,321
124908242,426,2991,17,321
124908243,426,2991,17,321
124908244,426,2991,17,321
124908245,426,2991,17,321
124908246,426,2991,17,321
124908247,426,2991,17,321
124908248,426,2991,17,321
124908249,426,2991,17,321
124908257,426,2991,17,321
124908268,426,2991,17,321
124908278,426,2991,17,321
124908289,426,2991,17,321
124908300,426,2991,17,321
124908310,426,2991,17,321
124908316,426,2991,17,321
124908327,426,2991,17,321
124908336,426,2991,17,321
124908347,426,2991,17,321
124908358,426,2991,17,321
124908368,426,2991,17,321
124908369,426,2991,17,321
124908370,426,2991,17,321
124908371,426,2991,17,321
124908372,426,2991,17,321
124908373,426,2991,17,321
124908374,426,2991,17,321
124908375,426,2991,17,321
124908376,426,2991,17,321
124908377,426,2991,17,321
124908378,426,2991,17,321
124908379,426,2991,17,321
124908380,426,2991,17,321
124908381,426,2991,17,321
124908382,426,2991,17,321
124908383,426,2991,17,321
124908384,426,2991,17,321
124908385,426,2991,17,321
124908386,426,2991,17,321
124908387,426,2991,17,321
124908388,426,2991,17,321
124908389,426,2991,17,321
124908390,426,2991,17,321
124908391,426,2991,17,321
124908392,426,2991,17,321
124908393,426,2991,17,321
124908474,426,2991,17,321
124908494,426,2991,17,321
124908504,426,2991,17,321
124908512,426,2991,17,321
124908513,426,2991,17,321
124908514,426,2991,17,321
124908515,426,2991,17,321
124908516,426,2991,17,321
124908517,426,2991,17,321
124908518,426,2991,17,321
124908519,426,2991,17,321
124908520,426,2991,17,321
124908521,426,2991,17,321
124908522,426,2991,17,321
124908523,426,2991,17,321
124908524,426,2991,17,321
124908525,426,2991,17,321
124908527,426,2991,17,321
3812,0,0,0,0
2204,1,0,0,0
102466103,1,0,2,0
102465525,0,0,1,0
23191,3003,972,4779,2017
79166,0,0,0,0
102465473,0,0,0,0
57062,3830,4454,3085,2356
100996465,3,2,10,1
6606,645,88,206,169
6607,645,88,206,169
3811,0,0,0,0
102465134,0,0,0,0
125931,0,0,0,0
102465458,0,0,0,0
57636,148,20,342,74
1850,17,11,29,34
3802,0,0,0,0
8339,22,7,9,14
131675794,355,107,371,143
100506658,60,6,5,27
389856,127,84,304,138
4585,2,3,30,5
343563,0,0,0,0
401993,0,0,0,0
102465832,0,0,0,0
115399,35,11,55,27
29844,43,20,48,27
100033450,0,0,0,0
102465507,0,0,0,0
6880,629,340,277,356
28227,159,75,316,63
8045,35,1,7,7
79166,5,0,0,0
55814,100,26,66,67
102465909,0,0,0,0
441864,0,0,0,0
105373373,1,1,0,1
102465868,0,0,0,0
79166,0,0,0,0
11026,0,0,0,0
3804,0,0,3,1
286077,440,362,240,219
79042,0,0,3,4
102466738,0,0,0,0
79159,1055,467,393,271
3812,0,0,0,0
102466876,0,0,0,0
135924,0,0,0,0
9437,0,0,0,0
79166,0,0,0,0
3809,0,0,0,0
102465528,0,0,0,0
8764,2041,1294,9290,1406
4849,17,5,14,6
112724,129,27,88,24
102466201,0,0,0,0
3804,0,0,0,0
26496,0,0,0,0
283767,0,0,0,0
440243,0,0,0,0
8355,4,0,10,3
4585,4,10,72,13
10990,223,1,4,4
55655,21,35,8,12
5796,912,460,402,443
11027,114,0,49,10
6203,15423,10296,3331,3082
378706,28455,5176,28147,7966
388685,238,42,88,79
105371225,238,42,88,79
105371226,238,42,88,79
103504740,0,0,0,0
100133121,91,96,117,128
102466741,1,0,0,0
3811,0,0,0,0
647042,0,0,31,5
729461,2,0,0,0
11276,301,156,873,439
100532735,11,2,67,13
51206,0,0,4,0
9437,0,0,0,0
100616416,0,0,0,0
102465253,0,0,0,0
28983,0,0,0,0
103504727,0,0,0,0
102465257,1,0,0,1
729438,13,1,119,14
29844,43,20,48,27
79042,0,0,3,4
3904,0,0,1,0
145270,721,10,2679,5
677850,0,0,0,0
390538,0,0,0,0
3804,0,0,0,0
440563,0,0,0,0
3903,1164,15,445,106
102465466,0,0,0,0
91689,951,1211,339,621
353514,14,4,8,7
102466518,1,0,0,1
79166,0,0,0,0
400258,12,11,0,14
79042,607,254,157,160
1089,13,3,18,3
102466732,2,0,1,1
9172,41,507,283,635
57292,1,0,0,0
26121,267,87,82,67
83547,243,374,732,217
3811,0,0,0,0
79168,3,1,33,0
9228,0,8,45,6
643707,9,0,33,0
647042,9,0,33,0
102724117,9,0,33,0
102465871,0,0,0,0
199713,2,0,0,1
4849,17,5,14,6
256302,476,222,638,362
474382,0,0,5,0
23547,39,0,0,0
3805,0,0,0,0
3805,0,0,0,0
79143,0,0,16,0
100131980,1,0,6,0
100132396,1,0,6,0
225689,262,28,6,64
195977,1,0,4,0
30837,81,46,1745,401
6348,90,6,17,5
729877,0,0,0,0
30837,115,29,324,16
3805,0,0,0,0
6352,972,121,340,146
5644,0,0,1,1
283683,9,12,67,42
115653,0,0,0,0
102465436,4,0,6,0
102465800,0,0,0,0
6080,6,0,1,1
374868,0,0,0,0
645051,2,0,0,0
102724560,77,53,20,3
102464824,0,1,3,0
3813,0,0,0,0
151,18,43,113,164
23513,861,325,544,306
8344,14,1,9,0
26063,841,2005,521,772
102465521,0,0,1,0
114823,276,14,105,16
100847074,0,0,0,0
677821,0,0,0,0
10990,5,0,20,0
102466727,0,0,0,0
440295,153,100,378,85
3809,0,0,0,0
50837,0,0,0,0
9884,0,0,0,8
474170,0,0,0,8
389831,211,72,1012,328
102724219,211,72,1012,328
102724701,211,72,1012,328
114990,1239,288,814,374
29965,1685,1491,61,486
79820,1,9,0,2
56302,0,6,0,10
26149,116,179,79,124
286075,88,23,157,76
101928160,88,23,157,76
4696,1885,1974,482,724
390660,5,0,8,0
102466984,0,0,0,0
5626,0,0,1,0
147798,41,21,12,24
100129924,10,11,18,13
102465533,0,0,0,0
7179,0,1,0,0
105379278,0,1,0,0
115653,0,0,0,0
3804,0,0,0,0
440243,9,0,21,24
124907501,9,0,21,24
10407,0,0,0,0
653423,0,0,0,0
124906741,0,0,0,0
3809,0,0,0,0
3804,0,0,0,0
102466659,0,0,0,0
112724,129,27,88,24
101060389,0,0,7,0
9231,343,28,1053,179
91319,426,36,56,23
100132285,2,0,0,0
10594,3876,860,3239,1714
100130301,3,1,0,1
5003,53,83,6,112
3813,0,0,0,0
102466247,0,0,0,0
6343,15,7,5,2
7531,5785,4629,8434,5161
115653,0,0,0,0
4062,200,1,4,1
102466745,2,0,3,0
94059,67,38,0,0
112724,129,27,88,24
115653,0,0,0,0
729873,818,141,15,1
101060376,818,141,15,1
10288,4,0,4,0
100132285,0,0,0,0
81554,1891,1309,2299,1543
645832,0,1,2,2
3809,1,0,0,0
115891964,92,24,123,59
7262,88,3,20,11
100131608,0,0,0,0
100133251,0,0,0,0
124906737,0,0,0,0
1139,0,0,38,0
9300,0,0,0,0
102466758,0,0,0,0
115653,0,0,0,0
51206,0,0,4,0
199713,1,0,0,0
3975,1,171,0,278
2204,2,0,0,5
6066,3,9,0,4
11025,5,0,8,0
102725035,5,0,8,0
107987425,5,0,8,0
107987462,5,0,8,0
139189,3,2,0,0
440804,0,4,54,0
3805,0,0,0,0
729873,35,0,0,0
101060351,35,0,0,0
101060389,35,0,0,0
4849,325,251,30,3
8361,1,0,2,1
1675,2910,90,153,131
102465136,0,0,2,0
102465523,1,0,4,0
6203,15423,10304,3330,3082
84662,432,87,1008,739
55655,0,0,0,4
115653,0,0,0,0
338428,0,0,0,0
8348,0,0,1,0
6203,64,44,758,232
26121,266,87,82,67
388882,0,0,4,0
5816,7,1301,17,651
10859,2,0,6,0
153562,102,236,51,206
79042,0,0,3,4
730394,243,29,176,157
57292,0,0,0,0
84221,154,63,92,63
57407,1790,1946,510,594
3802,0,0,0,0
115653,0,0,0,0
102465456,0,0,0,2
259293,0,0,0,1
126014,3,1,0,1
619554,0,0,0,0
553128,0,0,0,0
102465856,0,0,0,0
3809,0,0,0,0
3812,0,0,0,0
115653,0,0,0,0
9639,207,52,655,129
245908,0,0,0,0
504180,0,0,0,0
124906747,0,0,0,0
89839,3,0,1,1
6368,7,27,1,11
3810,0,0,0,0
163227,52,32,57,18
337878,0,0,0,0
8353,48,28,62,29
115653,0,0,0,0
101929983,0,0,0,0
284106,2878,7743,888,1603
102465135,0,0,0,0
23420,5367,1412,2977,2082
57661,356,101,1008,271
3802,0,0,0,0
115653,0,0,0,0
79166,0,0,0,0
102723532,0,0,0,0
79042,0,0,3,4
55814,156,40,397,208
102465460,0,0,0,0
3809,0,0,0,0
414059,16,0,64,7
101060321,16,0,64,7
102464829,0,0,0,0
100532724,55,48,97,25
81037,501,24,530,144
102465463,10,2,4,2
390502,1,0,0,0
102465457,0,0,0,0
102465689,0,0,0,0
79166,0,0,0,0
5073,448,193,534,331
3804,0,0,0,0
102466735,0,0,0,0
5545,0,1,2,0
79166,0,0,0,0
200958,233,237,1670,212
79922,0,0,244,105
79166,0,0,0,0
127074,0,0,0,0
147798,0,0,1,0
284415,0,1,2,0
441864,0,0,0,0
51112,294,102,177,46
26121,267,87,82,67
147798,0,0,1,0
353514,15,6,11,11
100008587,426,2992,17,321
124907114,426,2992,17,321
124907115,426,2992,17,321
124907116,426,2992,17,321
124907117,426,2992,17,321
124907118,426,2992,17,321
124907119,426,2992,17,321
124907120,426,2992,17,321
124907121,426,2992,17,321
124907122,426,2992,17,321
124907123,426,2992,17,321
124907124,426,2992,17,321
124907125,426,2992,17,321
124907126,426,2992,17,321
124907127,426,2992,17,321
124907128,426,2992,17,321
124907129,426,2992,17,321
124907130,426,2992,17,321
124907131,426,2992,17,321
124907132,426,2992,17,321
124907133,426,2992,17,321
124907134,426,2992,17,321
124907135,426,2992,17,321
124907136,426,2992,17,321
124907137,426,2992,17,321
124907138,426,2992,17,321
124907139,426,2992,17,321
124907140,426,2992,17,321
124907141,426,2992,17,321
124907142,426,2992,17,321
124907143,426,2992,17,321
124907144,426,2992,17,321
124907145,426,2992,17,321
124907146,426,2992,17,321
124907147,426,2992,17,321
124907148,426,2992,17,321
124907149,426,2992,17,321
124907150,426,2992,17,321
124907151,426,2992,17,321
124907152,426,2992,17,321
124907153,426,2992,17,321
124907154,426,2992,17,321
124907155,426,2992,17,321
124907160,426,2992,17,321
124907172,426,2992,17,321
124907183,426,2992,17,321
124907194,426,2992,17,321
124907205,426,2992,17,321
124907216,426,2992,17,321
124907227,426,2992,17,321
124907238,426,2992,17,321
124907248,426,2992,17,321
124907258,426,2992,17,321
124907269,426,2992,17,321
124907280,426,2992,17,321
124907291,426,2992,17,321
124907302,426,2992,17,321
124907313,426,2992,17,321
124907324,426,2992,17,321
124907327,426,2992,17,321
124907328,426,2992,17,321
124907329,426,2992,17,321
124907330,426,2992,17,321
124907331,426,2992,17,321
124907332,426,2992,17,321
124907333,426,2992,17,321
124907334,426,2992,17,321
124907335,426,2992,17,321
124907336,426,2992,17,321
124907337,426,2992,17,321
124907338,426,2992,17,321
124907339,426,2992,17,321
124907340,426,2992,17,321
124907341,426,2992,17,321
124907342,426,2992,17,321
124907343,426,2992,17,321
124907439,426,2992,17,321
124907440,426,2992,17,321
124907450,426,2992,17,321
124907458,426,2992,17,321
124907467,426,2992,17,321
124907475,426,2992,17,321
124907476,426,2992,17,321
124907477,426,2992,17,321
124907478,426,2992,17,321
124907479,426,2992,17,321
124907480,426,2992,17,321
124907481,426,2992,17,321
124907482,426,2992,17,321
124907483,426,2992,17,321
124907484,426,2992,17,321
124907572,426,2992,17,321
124907573,426,2992,17,321
124907574,426,2992,17,321
124907575,426,2992,17,321
124907576,426,2992,17,321
124907577,426,2992,17,321
124907578,426,2992,17,321
124907579,426,2992,17,321
124907580,426,2992,17,321
124907581,426,2992,17,321
124907584,426,2992,17,321
124907585,426,2992,17,321
124907586,426,2992,17,321
124907587,426,2992,17,321
124907588,426,2992,17,321
124907589,426,2992,17,321
124907590,426,2992,17,321
124907591,426,2992,17,321
124907592,426,2992,17,321
124907593,426,2992,17,321
124907594,426,2992,17,321
124907595,426,2992,17,321
124907596,426,2992,17,321
124907597,426,2992,17,321
124907598,426,2992,17,321
124907600,426,2992,17,321
124907611,426,2992,17,321
124907622,426,2992,17,321
124907633,426,2992,17,321
124907644,426,2992,17,321
124907655,426,2992,17,321
124907662,426,2992,17,321
124907673,426,2992,17,321
124907684,426,2992,17,321
124907694,426,2992,17,321
124907705,426,2992,17,321
124907709,426,2992,17,321
124907710,426,2992,17,321
124907711,426,2992,17,321
124907712,426,2992,17,321
124907713,426,2992,17,321
124907714,426,2992,17,321
124907715,426,2992,17,321
124907716,426,2992,17,321
124907717,426,2992,17,321
124907718,426,2992,17,321
124907719,426,2992,17,321
124907720,426,2992,17,321
124907721,426,2992,17,321
124908237,426,2992,17,321
124908238,426,2992,17,321
124908239,426,2992,17,321
124908240,426,2992,17,321
124908241,426,2992,17,321
124908242,426,2992,17,321
124908243,426,2992,17,321
124908244,426,2992,17,321
124908245,426,2992,17,321
124908246,426,2992,17,321
124908247,426,2992,17,321
124908248,426,2992,17,321
124908249,426,2992,17,321
124908257,426,2992,17,321
124908268,426,2992,17,321
124908278,426,2992,17,321
124908289,426,2992,17,321
124908300,426,2992,17,321
124908310,426,2992,17,321
124908316,426,2992,17,321
124908327,426,2992,17,321
124908336,426,2992,17,321
124908347,426,2992,17,321
124908358,426,2992,17,321
124908368,426,2992,17,321
124908369,426,2992,17,321
124908370,426,2992,17,321
124908371,426,2992,17,321
124908372,426,2992,17,321
124908373,426,2992,17,321
124908374,426,2992,17,321
124908375,426,2992,17,321
124908376,426,2992,17,321
124908377,426,2992,17,321
124908378,426,2992,17,321
124908379,426,2992,17,321
124908380,426,2992,17,321
124908381,426,2992,17,321
124908382,426,2992,17,321
124908383,426,2992,17,321
124908384,426,2992,17,321
124908385,426,2992,17,321
124908386,426,2992,17,321
124908387,426,2992,17,321
124908388,426,2992,17,321
124908389,426,2992,17,321
124908390,426,2992,17,321
124908391,426,2992,17,321
124908392,426,2992,17,321
124908393,426,2992,17,321
124908474,426,2992,17,321
124908494,426,2992,17,321
124908504,426,2992,17,321
124908512,426,2992,17,321
124908513,426,2992,17,321
124908514,426,2992,17,321
124908515,426,2992,17,321
124908516,426,2992,17,321
124908517,426,2992,17,321
124908518,426,2992,17,321
124908519,426,2992,17,321
124908520,426,2992,17,321
124908521,426,2992,17,321
124908522,426,2992,17,321
124908523,426,2992,17,321
124908524,426,2992,17,321
124908525,426,2992,17,321
124908527,426,2992,17,321
3811,0,0,0,0
3809,0,0,0,0
3802,0,0,0,0
102465688,0,0,0,0
102724862,16,0,8,11
11024,47,3,117,4
414059,22,1,85,7
101060321,22,1,85,7
102466879,0,1,0,0
4849,17,5,14,6
3805,3,0,0,0
3809,0,0,0,0
3811,0,0,0,0
6203,19329,13984,4635,4024
3804,0,0,3,1
284415,0,1,2,0
3805,0,0,0,0
3809,0,0,0,0
3705,730,676,3139,832
4308,4,0,0,6
102465462,0,0,0,0
448831,1,0,5,0
102465440,0,0,0,0
26824,2,4,0,1
102466192,0,0,2,0
102465527,0,0,0,0
102465862,0,0,0,0
85235,1,0,0,1
677804,0,0,0,0
102466873,0,0,0,0
1652,3187,4985,1065,1711
100037417,3187,4985,1065,1711
140883,22,3,56,6
3804,0,0,0,0
283767,0,0,0,0
440243,0,0,0,0
23532,298,22,0,32
11025,69,1,85,7
102725035,69,1,85,7
107987425,69,1,85,7
107987462,69,1,85,7
102465451,0,0,3,0
4302,635,1185,4262,892
284207,681,407,933,681
102724101,0,0,0,0
80212,1028,365,1410,693
102465880,1,0,3,1
3813,0,0,0,0
9303,0,0,0,0
2966,95,14,40,35
728340,95,14,40,35
9271,4,0,4,1
57223,921,819,1900,1284
115653,0,0,0,0
11276,290,208,687,445
102466199,0,0,0,1
692088,0,0,0,0
79873,470,612,738,228
79888,4315,154,5161,261
3802,0,0,0,0
55655,0,0,0,4
3812,0,0,0,0
29844,43,20,48,27
6360,1,3,3,3
79893,986,388,898,458
102466983,0,0,1,0
343563,0,0,0,1
401993,0,0,0,1
102465469,0,0,2,0
102465251,0,0,0,0
7549,123,76,278,115
729428,0,0,0,0
26121,266,87,82,67
79143,473,279,357,91
387357,22,1,3,2
441864,0,0,0,0
127281,450,312,1449,381
8368,1,0,0,0
100033433,0,0,0,0
2204,0,0,0,0
102465535,0,0,1,0
677781,0,0,0,0
2483,350,378,126,168
6360,2,8,4,7
101060351,0,0,1577,228
102723859,0,0,1577,228
9437,1,0,7,0
10242,3,0,5,26
79042,0,0,3,4
102465488,0,0,0,0
102465489,1,0,3,0
115653,0,0,0,0
31,389,267,314,264
2843,1,0,20,5
94059,11,0,71,0
7365,0,0,0,1
3802,0,0,0,0
10000,3,1,13,2
102465443,1,0,2,0
102466726,0,0,1,0
1565,14,3,16,0
3429,5566,1938,1135,1061
109910381,426,2991,17,321
124907114,426,2991,17,321
124907115,426,2991,17,321
124907116,426,2991,17,321
124907117,426,2991,17,321
124907118,426,2991,17,321
124907119,426,2991,17,321
124907120,426,2991,17,321
124907121,426,2991,17,321
124907122,426,2991,17,321
124907123,426,2991,17,321
124907124,426,2991,17,321
124907125,426,2991,17,321
124907126,426,2991,17,321
124907127,426,2991,17,321
124907128,426,2991,17,321
124907129,426,2991,17,321
124907130,426,2991,17,321
124907131,426,2991,17,321
124907132,426,2991,17,321
124907133,426,2991,17,321
124907134,426,2991,17,321
124907135,426,2991,17,321
124907136,426,2991,17,321
124907137,426,2991,17,321
124907138,426,2991,17,321
124907139,426,2991,17,321
124907140,426,2991,17,321
124907141,426,2991,17,321
124907142,426,2991,17,321
124907143,426,2991,17,321
124907144,426,2991,17,321
124907145,426,2991,17,321
124907146,426,2991,17,321
124907147,426,2991,17,321
124907148,426,2991,17,321
124907149,426,2991,17,321
124907150,426,2991,17,321
124907151,426,2991,17,321
124907152,426,2991,17,321
124907153,426,2991,17,321
124907154,426,2991,17,321
124907155,426,2991,17,321
124907160,426,2991,17,321
124907172,426,2991,17,321
124907183,426,2991,17,321
124907194,426,2991,17,321
124907205,426,2991,17,321
124907216,426,2991,17,321
124907227,426,2991,17,321
124907238,426,2991,17,321
124907248,426,2991,17,321
124907258,426,2991,17,321
124907269,426,2991,17,321
124907280,426,2991,17,321
124907291,426,2991,17,321
124907302,426,2991,17,321
124907313,426,2991,17,321
124907324,426,2991,17,321
124907327,426,2991,17,321
124907328,426,2991,17,321
124907329,426,2991,17,321
124907330,426,2991,17,321
124907331,426,2991,17,321
124907332,426,2991,17,321
124907333,426,2991,17,321
124907334,426,2991,17,321
124907335,426,2991,17,321
124907336,426,2991,17,321
124907337,426,2991,17,321
124907338,426,2991,17,321
124907339,426,2991,17,321
124907340,426,2991,17,321
124907341,426,2991,17,321
124907342,426,2991,17,321
124907343,426,2991,17,321
124907439,426,2991,17,321
124907440,426,2991,17,321
124907450,426,2991,17,321
124907458,426,2991,17,321
124907467,426,2991,17,321
124907475,426,2991,17,321
124907476,426,2991,17,321
124907477,426,2991,17,321
124907478,426,2991,17,321
124907479,426,2991,17,321
124907480,426,2991,17,321
124907481,426,2991,17,321
124907482,426,2991,17,321
124907483,426,2991,17,321
124907484,426,2991,17,321
124907572,426,2991,17,321
124907573,426,2991,17,321
124907574,426,2991,17,321
124907575,426,2991,17,321
124907576,426,2991,17,321
124907577,426,2991,17,321
124907578,426,2991,17,321
124907579,426,2991,17,321
124907580,426,2991,17,321
124907581,426,2991,17,321
124907584,426,2991,17,321
124907585,426,2991,17,321
124907586,426,2991,17,321
124907587,426,2991,17,321
124907588,426,2991,17,321
124907589,426,2991,17,321
124907590,426,2991,17,321
124907591,426,2991,17,321
124907592,426,2991,17,321
124907593,426,2991,17,321
124907594,426,2991,17,321
124907595,426,2991,17,321
124907596,426,2991,17,321
124907597,426,2991,17,321
124907598,426,2991,17,321
124907600,426,2991,17,321
124907611,426,2991,17,321
124907622,426,2991,17,321
124907633,426,2991,17,321
124907644,426,2991,17,321
124907655,426,2991,17,321
124907662,426,2991,17,321
124907673,426,2991,17,321
124907684,426,2991,17,321
124907694,426,2991,17,321
124907705,426,2991,17,321
124907709,426,2991,17,321
124907710,426,2991,17,321
124907711,426,2991,17,321
124907712,426,2991,17,321
124907713,426,2991,17,321
124907714,426,2991,17,321
124907715,426,2991,17,321
124907716,426,2991,17,321
124907717,426,2991,17,321
124907718,426,2991,17,321
124907719,426,2991,17,321
124907720,426,2991,17,321
124907721,426,2991,17,321
124908237,426,2991,17,321
124908238,426,2991,17,321
124908239,426,2991,17,321
124908240,426,2991,17,321
124908241,426,2991,17,321
124908242,426,2991,17,321
124908243,426,2991,17,321
124908244,426,2991,17,321
124908245,426,2991,17,321
124908246,426,2991,17,321
124908247,426,2991,17,321
124908248,426,2991,17,321
124908249,426,2991,17,321
124908257,426,2991,17,321
124908268,426,2991,17,321
124908278,426,2991,17,321
124908289,426,2991,17,321
124908300,426,2991,17,321
124908310,426,2991,17,321
124908316,426,2991,17,321
124908327,426,2991,17,321
124908336,426,2991,17,321
124908347,426,2991,17,321
124908358,426,2991,17,321
124908368,426,2991,17,321
124908369,426,2991,17,321
124908370,426,2991,17,321
124908371,426,2991,17,321
124908372,426,2991,17,321
124908373,426,2991,17,321
124908374,426,2991,17,321
124908375,426,2991,17,321
124908376,426,2991,17,321
124908377,426,2991,17,321
124908378,426,2991,17,321
124908379,426,2991,17,321
124908380,426,2991,17,321
124908381,426,2991,17,321
124908382,426,2991,17,321
124908383,426,2991,17,321
124908384,426,2991,17,321
124908385,426,2991,17,321
124908386,426,2991,17,321
124908387,426,2991,17,321
124908388,426,2991,17,321
124908389,426,2991,17,321
124908390,426,2991,17,321
124908391,426,2991,17,321
124908392,426,2991,17,321
124908393,426,2991,17,321
124908474,426,2991,17,321
124908494,426,2991,17,321
124908504,426,2991,17,321
124908512,426,2991,17,321
124908513,426,2991,17,321
124908514,426,2991,17,321
124908515,426,2991,17,321
124908516,426,2991,17,321
124908517,426,2991,17,321
124908518,426,2991,17,321
124908519,426,2991,17,321
124908520,426,2991,17,321
124908521,426,2991,17,321
124908522,426,2991,17,321
124908523,426,2991,17,321
124908524,426,2991,17,321
124908525,426,2991,17,321
124908527,426,2991,17,321
8330,0,0,2,4
400121,38,10,56,29
3805,0,0,0,0
100616203,0,0,1,0
26696,0,0,0,0
727910,189,34,85,39
100132285,0,0,0,0
102466268,0,0,0,0
3812,0,0,0,0
2204,0,0,0,0
91746,501,284,1689,560
102466195,0,0,1,0
3802,0,0,0,0
3811,0,0,0,0
79166,0,0,0,0
11027,32,5,4,1
64087,0,0,0,0
6351,209,8,78,20
3806,0,0,0,0
3805,0,0,0,0
6203,15422,10297,3331,3082
115677,377,729,124,274
284415,0,1,2,0
368,557,748,41,696
84498,449,521,398,241
102464817,0,0,0,0
102466880,0,0,0,0
9727,1207,12476,1167,6602
157285,218,32,303,85
102465250,0,0,1,1
6606,28,1,357,252
6607,28,1,357,252
3809,0,0,0,0
3809,0,0,0,0
154872,0,0,0,0
102466753,0,0,0,0
4320,955,70,376,36
6991,42,23,45,22
102466906,2,0,0,0
100302167,0,0,0,0
8354,1,1,0,0
441864,0,0,0,0
6362,338,0,10,2
102466259,0,0,0,0
8857,175,561,748,472
79154,75,288,217,244
55655,0,0,0,4
353514,0,1,35,0
6928,1838,1190,1346,870
102465531,0,0,0,0
3812,0,0,0,0
3806,0,0,0,0
286083,0,0,1,0
102465520,0,0,0,1
200958,23,21,217,60
115653,0,0,0,0
3813,0,0,0,0
553128,0,0,0,0
79166,0,0,0,0
1673,0,0,0,0
100289462,0,0,0,0
124906748,0,0,0,0
102465910,0,0,0,0
102464834,0,0,0,0
100132285,0,0,0,0
100616190,0,0,0,0
102465839,0,0,0,0
3805,0,0,0,0
102465485,0,0,4,0
79166,0,0,0,0
10288,13,5,0,0
102724159,950,393,414,215
158434,1,0,1,0
102466967,0,0,0,0
104355426,17,13,0,0
112724,129,27,88,24
2051,51,11,125,57
199713,0,0,0,0
3811,0,0,0,0
388381,3,2,0,0
101929125,7,2,7,1
389831,55,153,253,154
102724701,55,153,253,154
23042,557,227,581,771
129025,1,0,0,0
200958,10,20,19,22
3812,0,0,0,0
115653,0,0,0,0
5542,0,0,0,0
653247,0,0,0,0
102465430,0,0,0,0
102465482,0,0,0,0
100129407,1,0,4,4
9437,0,0,0,0
3802,0,0,0,0
102466972,0,0,0,0
100033802,0,0,0,0
11024,0,0,1,1
6359,79,98,1,125
100033416,0,0,3,2
101954277,0,0,0,1
79168,0,0,0,0
255027,610,34,204,159
622,148,199,323,374
3811,0,0,0,0
3803,0,0,0,0
100129722,15,151,211,109
126014,3,1,0,1
28514,60,11,206,68
100508046,0,0,0,0
2204,2,0,8,3
240,1012,10,2418,93
3812,0,0,2,0
9824,4,13,0,0
100287898,47,14,94,45
402635,1,0,2,0
11156,696,40,1704,133
284415,0,1,2,0
8293,417,175,201,162
79168,0,0,0,0
389610,10,9,22,17
203102,133,22,19,59
57292,0,0,0,0
284098,64,25,113,61
4696,1885,1974,482,724
3813,0,0,0,0
127074,0,0,0,0
51283,836,364,692,664
84520,324,235,176,147
100192386,659,7,2141,17
3804,0,0,0,0
5544,0,0,1,2
3812,0,0,0,0
100506103,0,0,1,0
3812,0,0,0,0
51206,0,0,4,0
9437,0,0,0,0
102466737,0,0,1,0
126014,3,1,0,1
57348,14,2,1,4
102465512,0,0,0,0
102465477,0,0,0,0
3804,0,0,0,0
3811,0,0,0,0
692215,0,0,0,0
8369,0,0,0,0
102465505,0,0,0,0
102466725,1,0,0,0
102466253,0,0,0,0
5555,1,0,1,1
103504733,0,0,0,0
3805,0,0,0,0
26574,2447,2475,421,450
100500862,2,0,0,0
102465476,0,0,0,0
8345,37,0,5,4
8350,2,2,1,2
3811,0,0,0,0
6359,437,321,7,286
57151,0,0,0,0
222236,194,198,385,405
4696,1885,1974,482,725
102464836,0,0,0,0
11006,534,26,98,14
3809,0,0,0,0
3805,2,0,0,0
100132285,0,0,0,0
126014,189,17,60,14
100132285,2,0,0,0
127814297,1,1,52,9
66035,676,538,697,480
51621,416,57,0,0
51326,24,6,24,31
100506084,24,6,24,31
100996709,24,6,24,31
3802,0,0,0,0
401992,0,0,0,0
124907114,426,2992,17,322
124907115,426,2992,17,322
124907116,426,2992,17,322
124907117,426,2992,17,322
124907118,426,2992,17,322
124907119,426,2992,17,322
124907120,426,2992,17,322
124907121,426,2992,17,322
124907122,426,2992,17,322
124907123,426,2992,17,322
124907124,426,2992,17,322
124907125,426,2992,17,322
124907126,426,2992,17,322
124907127,426,2992,17,322
124907128,426,2992,17,322
124907129,426,2992,17,322
124907130,426,2992,17,322
124907131,426,2992,17,322
124907132,426,2992,17,322
124907133,426,2992,17,322
124907134,426,2992,17,322
124907135,426,2992,17,322
124907136,426,2992,17,322
124907137,426,2992,17,322
124907138,426,2992,17,322
124907139,426,2992,17,322
124907140,426,2992,17,322
124907141,426,2992,17,322
124907142,426,2992,17,322
124907143,426,2992,17,322
124907144,426,2992,17,322
124907145,426,2992,17,322
124907146,426,2992,17,322
124907147,426,2992,17,322
124907148,426,2992,17,322
124907149,426,2992,17,322
124907150,426,2992,17,322
124907151,426,2992,17,322
124907152,426,2992,17,322
124907153,426,2992,17,322
124907154,426,2992,17,322
124907155,426,2992,17,322
124907160,426,2992,17,322
124907172,426,2992,17,322
124907183,426,2992,17,322
124907194,426,2992,17,322
124907205,426,2992,17,322
124907216,426,2992,17,322
124907227,426,2992,17,322
124907238,426,2992,17,322
124907248,426,2992,17,322
124907258,426,2992,17,322
124907269,426,2992,17,322
124907280,426,2992,17,322
124907291,426,2992,17,322
124907302,426,2992,17,322
124907313,426,2992,17,322
124907324,426,2992,17,322
124907327,426,2992,17,322
124907328,426,2992,17,322
124907329,426,2992,17,322
124907330,426,2992,17,322
124907331,426,2992,17,322
124907332,426,2992,17,322
124907333,426,2992,17,322
124907334,426,2992,17,322
124907335,426,2992,17,322
124907336,426,2992,17,322
124907337,426,2992,17,322
124907338,426,2992,17,322
124907339,426,2992,17,322
124907340,426,2992,17,322
124907341,426,2992,17,322
124907342,426,2992,17,322
124907343,426,2992,17,322
124907439,426,2992,17,322
124907440,426,2992,17,322
124907450,426,2992,17,322
124907458,426,2992,17,322
124907467,426,2992,17,322
124907475,426,2992,17,322
124907476,426,2992,17,322
124907477,426,2992,17,322
124907478,426,2992,17,322
124907479,426,2992,17,322
124907480,426,2992,17,322
124907481,426,2992,17,322
124907482,426,2992,17,322
124907483,426,2992,17,322
124907484,426,2992,17,322
124907572,426,2992,17,322
124907573,426,2992,17,322
124907574,426,2992,17,322
124907575,426,2992,17,322
124907576,426,2992,17,322
124907577,426,2992,17,322
124907578,426,2992,17,322
124907579,426,2992,17,322
124907580,426,2992,17,322
124907581,426,2992,17,322
124907584,426,2992,17,322
124907585,426,2992,17,322
124907586,426,2992,17,322
124907587,426,2992,17,322
124907588,426,2992,17,322
124907589,426,2992,17,322
124907590,426,2992,17,322
124907591,426,2992,17,322
124907592,426,2992,17,322
124907593,426,2992,17,322
124907594,426,2992,17,322
124907595,426,2992,17,322
124907596,426,2992,17,322
124907597,426,2992,17,322
124907598,426,2992,17,322
124907600,426,2992,17,322
124907611,426,2992,17,322
124907622,426,2992,17,322
124907633,426,2992,17,322
124907644,426,2992,17,322
124907655,426,2992,17,322
124907662,426,2992,17,322
124907673,426,2992,17,322
124907684,426,2992,17,322
124907694,426,2992,17,322
124907705,426,2992,17,322
124907709,426,2992,17,322
124907710,426,2992,17,322
124907711,426,2992,17,322
124907712,426,2992,17,322
124907713,426,2992,17,322
124907714,426,2992,17,322
124907715,426,2992,17,322
124907716,426,2992,17,322
124907717,426,2992,17,322
124907718,426,2992,17,322
124907719,426,2992,17,322
124907720,426,2992,17,322
124907721,426,2992,17,322
124908237,426,2992,17,322
124908238,426,2992,17,322
124908239,426,2992,17,322
124908240,426,2992,17,322
124908241,426,2992,17,322
124908242,426,2992,17,322
124908243,426,2992,17,322
124908244,426,2992,17,322
124908245,426,2992,17,322
124908246,426,2992,17,322
124908247,426,2992,17,322
124908248,426,2992,17,322
124908249,426,2992,17,322
124908257,426,2992,17,322
124908268,426,2992,17,322
124908278,426,2992,17,322
124908289,426,2992,17,322
124908300,426,2992,17,322
124908310,426,2992,17,322
124908316,426,2992,17,322
124908327,426,2992,17,322
124908336,426,2992,17,322
124908347,426,2992,17,322
124908358,426,2992,17,322
124908368,426,2992,17,322
124908369,426,2992,17,322
124908370,426,2992,17,322
124908371,426,2992,17,322
124908372,426,2992,17,322
124908373,426,2992,17,322
124908374,426,2992,17,322
124908375,426,2992,17,322
124908376,426,2992,17,322
124908377,426,2992,17,322
124908378,426,2992,17,322
124908379,426,2992,17,322
124908380,426,2992,17,322
124908381,426,2992,17,322
124908382,426,2992,17,322
124908383,426,2992,17,322
124908384,426,2992,17,322
124908385,426,2992,17,322
124908386,426,2992,17,322
124908387,426,2992,17,322
124908388,426,2992,17,322
124908389,426,2992,17,322
124908390,426,2992,17,322
124908391,426,2992,17,322
124908392,426,2992,17,322
124908393,426,2992,17,322
124908474,426,2992,17,322
124908494,426,2992,17,322
124908504,426,2992,17,322
124908512,426,2992,17,322
124908513,426,2992,17,322
124908514,426,2992,17,322
124908515,426,2992,17,322
124908516,426,2992,17,322
124908517,426,2992,17,322
124908518,426,2992,17,322
124908519,426,2992,17,322
124908520,426,2992,17,322
124908521,426,2992,17,322
124908522,426,2992,17,322
124908523,426,2992,17,322
124908524,426,2992,17,322
124908525,426,2992,17,322
124908527,426,2992,17,322
100037417,75,57,143,103
101060321,0,0,0,0
102466657,0,0,0,0
440563,0,0,0,0
100533464,0,0,0,0
123803,370,178,232,80
3811,0,0,0,0
102465866,0,0,0,0
85376,27,0,67,6
245909,0,0,0,0
503841,0,0,0,0
124906749,0,0,0,0
55655,0,0,0,4
56244,0,0,0,0
441864,0,0,0,0
102465878,1,0,0,0
102466656,0,0,0,0
102466742,0,0,0,0
3904,0,0,2,0
135927,1,2,0,0
9437,0,0,0,0
6351,2,6,71,33
57636,149,21,345,120
114791,135,65,636,349
102464823,0,0,0,0
6598,1157,274,1400,678
3812,0,0,0,1
11026,0,0,0,0
103504732,0,0,0,0
55655,0,0,0,4
105374989,4,1,1,4
3805,0,0,0,0
4302,634,1185,4261,892
105376992,0,0,0,0
102466720,0,0,0,0
102724862,13,0,21,0
102466872,0,0,0,0
122258,2,2,2,1
284058,2,6,18,0
102465860,0,0,0,0
102723713,0,0,0,0
256329,197,99,426,200
378825,6,0,1,0
26121,569,654,936,340
102724594,213,1301,287,52
5645,56,0,0,0
5691,4590,9072,814,1107
54820,103,17,171,45
89832,5,0,3,6
387266,0,0,1,0
102465976,0,0,1,0
51206,0,0,4,0
11072,1073,65,377,179
79165,43,61,32,19
553128,0,0,0,0
3809,0,0,1,0
553128,0,0,0,0
26175,324,296,481,276
107984156,0,0,98,52
102465433,0,0,0,0
84218,0,0,0,0
3803,4,0,0,0
284415,0,0,1,0
102466204,0,0,1,0
727830,0,0,0,0
2204,0,0,0,0
728945,0,0,0,0
4849,17,5,14,6
4689,20,0,39,16
102724428,314,70,1534,178
677809,0,1,0,0
9301,0,0,0,0
3812,0,0,0,0
29,460,110,1717,1565
124997,173,11,601,327
29844,43,20,48,27
11072,37,78,5,1
120065,0,0,0,0
267010,0,0,0,0
100616184,2,0,0,0
26165,3,0,5,2
11006,24,0,0,4
29128,325,9,45,10
3805,0,0,0,0
3135,0,0,0,0
3903,404,1,127,21
4696,318,662,218,381
51206,0,0,4,0
284415,0,1,2,0
4671,123,38,177,118
9560,126,8,5,2
388372,126,8,5,2
26574,2448,2474,421,450
102724652,458,11308,42,3294
389831,12,8,681,185
102724701,12,8,681,185
102724951,12,8,681,185
102466995,0,0,0,0
4849,17,5,14,6
102465857,0,0,0,0
115653,0,0,0,0
6349,25,0,0,0
414062,25,0,0,0
115653,0,0,0,0
102465447,0,0,0,0
10806,275,100,188,97
6368,0,12,1,3
392376,0,0,0,0
102466750,0,0,0,0
9560,126,8,5,2
64090,0,1,3,4
5002,3872,2924,537,1454
102465139,0,0,0,0
100132285,0,0,0,0
441864,0,0,0,0
10288,4,0,1,0
102465247,0,0,6,2
3809,0,0,0,0
4137,121,478,514,174
100302251,0,0,0,0
284415,0,1,2,0
102466081,0,0,0,0
3903,102,11,49,2
259296,0,0,1,0
6029,19347,3019,4566,2030
102466912,0,0,0,0
101929494,22,79,11,33
11026,0,0,0,0
102466104,0,0,0,0
57292,0,0,0,0
8294,149,31,58,26
102466196,0,0,0,0
105375355,61,12,50,13
55780,551,424,396,251
1394,2,2,86,1
104909134,2,2,86,1
6928,52,389,497,389
115653,0,0,0,0
3809,0,0,0,0
51206,0,0,4,0
3804,0,0,0,0
163223,0,10,19,15
4696,1885,1974,482,724
102466874,0,0,0,0
6050,3982,2374,3584,2199
146850,358,5,215,10
6871,112,64,55,50
79166,0,0,0,0
79166,0,0,0,0
100132285,0,0,0,0
147798,0,0,1,0
4905,480,300,1198,396
29844,43,20,48,27
102465479,0,0,0,0
51326,56,30,51,38
100506084,56,30,51,38
100996709,56,30,51,38
2515,0,0,0,0
102723475,8,95,0,71
8396,729,345,1477,605
29844,43,20,48,27
441873,0,0,0,0
645359,0,0,0,0
3802,0,0,0,0
102465683,0,0,0,0
91380,0,0,0,0
102465876,0,0,0,0
29844,43,20,48,27
100422969,0,0,2,0
3806,0,0,0,0
115653,0,0,0,0
3811,0,0,0,0
64711,0,1,0,1
8578,179,15,680,95
9831,177,141,157,135
112724,129,27,88,24
388021,69,4,4,2
729873,49,0,0,0
101060376,49,0,0,0
102465517,0,0,0,0
768214,0,0,0,0
441864,0,0,0,0
3812,0,0,0,0
9842,315,109,482,132
284415,0,1,2,0
406937,4,0,3,2
8331,4,0,0,0
645382,0,0,0,0
58516,343,45,366,179
3811,0,0,0,0
389898,0,0,0,0
3802,0,0,0,0
124900571,0,0,0,0
57292,0,0,0,0
3809,0,0,0,0
284124,0,0,17,12
102465502,0,0,0,0
6358,142,1596,58,425
3018,0,0,1,0
57578,25,8,70,9
343068,0,0,0,0
26121,267,87,82,67
3811,0,0,0,0
3812,0,0,0,0
100132285,0,0,0,0
9651,77,322,31,710
644054,0,0,0,0
201299,7,1,2,2
115653,0,0,0,0
28227,21,31,10,1
102724323,11,0,4,0
9437,0,0,0,0
390093,0,0,0,0
10859,121,18,27,8
114823,25,0,122,2
3804,0,0,0,0
6942,66,15,259,67
6880,653,347,244,351
22932,302,404,84,50
3809,0,0,0,0
440435,0,0,1,0
100506622,1,5,2,5
102466162,1,0,1,0
4629,2024,294,1603,2315
10723,398,7,2409,623
102465977,0,0,0,0
321,141,14,39,14
320,68,12,60,45
3813,0,0,0,0
3811,0,0,0,0
29844,477,354,111,62
3813,0,0,0,0
3265,981,907,425,310
57348,1,0,1,1
54886,1,229,311,421
50840,50,11,19,17
106707243,50,11,19,17
56101,14,3,962,46
570,3,1,0,0
3665,646,157,178,93
115653,0,0,0,0
102465539,0,0,2,1
102465861,0,0,5,0
727905,0,0,0,0
8647,0,0,0,0
200958,10,20,19,22
102465441,0,0,0,0
3804,0,0,0,0
374308,1,0,0,0
102466271,0,0,0,0
338382,364,21,63,17
441864,0,0,0,0
347686,0,0,0,0
4585,2,3,30,5
3792,20,1,2,1
5884,461,300,432,108
102465246,0,0,0,0
3802,0,0,0,0
79165,43,61,32,19
3809,0,0,0,0
102465691,0,0,0,0
102466731,0,0,5,0
1602,42,187,59,250
102464832,0,0,0,0
65263,298,266,120,128
3810,0,0,0,0
114823,534,44,319,148
112724,206,21,1101,39
57292,0,0,0,0
109864274,426,2991,17,321
124907114,426,2991,17,321
124907115,426,2991,17,321
124907116,426,2991,17,321
124907117,426,2991,17,321
124907118,426,2991,17,321
124907119,426,2991,17,321
124907120,426,2991,17,321
124907121,426,2991,17,321
124907122,426,2991,17,321
124907123,426,2991,17,321
124907124,426,2991,17,321
124907125,426,2991,17,321
124907126,426,2991,17,321
124907127,426,2991,17,321
124907128,426,2991,17,321
124907129,426,2991,17,321
124907130,426,2991,17,321
124907131,426,2991,17,321
124907132,426,2991,17,321
124907133,426,2991,17,321
124907134,426,2991,17,321
124907135,426,2991,17,321
124907136,426,2991,17,321
124907137,426,2991,17,321
124907138,426,2991,17,321
124907139,426,2991,17,321
124907140,426,2991,17,321
124907141,426,2991,17,321
124907142,426,2991,17,321
124907143,426,2991,17,321
124907144,426,2991,17,321
124907145,426,2991,17,321
124907146,426,2991,17,321
124907147,426,2991,17,321
124907148,426,2991,17,321
124907149,426,2991,17,321
124907150,426,2991,17,321
124907151,426,2991,17,321
124907152,426,2991,17,321
124907153,426,2991,17,321
124907154,426,2991,17,321
124907155,426,2991,17,321
124907160,426,2991,17,321
124907172,426,2991,17,321
124907183,426,2991,17,321
124907194,426,2991,17,321
124907205,426,2991,17,321
124907216,426,2991,17,321
124907227,426,2991,17,321
124907238,426,2991,17,321
124907248,426,2991,17,321
124907258,426,2991,17,321
124907269,426,2991,17,321
124907280,426,2991,17,321
124907291,426,2991,17,321
124907302,426,2991,17,321
124907313,426,2991,17,321
124907324,426,2991,17,321
124907327,426,2991,17,321
124907328,426,2991,17,321
124907329,426,2991,17,321
124907330,426,2991,17,321
124907331,426,2991,17,321
124907332,426,2991,17,321
124907333,426,2991,17,321
124907334,426,2991,17,321
124907335,426,2991,17,321
124907336,426,2991,17,321
124907337,426,2991,17,321
124907338,426,2991,17,321
124907339,426,2991,17,321
124907340,426,2991,17,321
124907341,426,2991,17,321
124907342,426,2991,17,321
124907343,426,2991,17,321
124907439,426,2991,17,321
124907440,426,2991,17,321
124907450,426,2991,17,321
124907458,426,2991,17,321
124907467,426,2991,17,321
124907475,426,2991,17,321
124907476,426,2991,17,321
124907477,426,2991,17,321
124907478,426,2991,17,321
124907479,426,2991,17,321
124907480,426,2991,17,321
124907481,426,2991,17,321
124907482,426,2991,17,321
124907483,426,2991,17,321
124907484,426,2991,17,321
124907572,426,2991,17,321
124907573,426,2991,17,321
124907574,426,2991,17,321
124907575,426,2991,17,321
124907576,426,2991,17,321
124907577,426,2991,17,321
124907578,426,2991,17,321
124907579,426,2991,17,321
124907580,426,2991,17,321
124907581,426,2991,17,321
124907584,426,2991,17,321
124907585,426,2991,17,321
124907586,426,2991,17,321
124907587,426,2991,17,321
124907588,426,2991,17,321
124907589,426,2991,17,321
124907590,426,2991,17,321
124907591,426,2991,17,321
124907592,426,2991,17,321
124907593,426,2991,17,321
124907594,426,2991,17,321
124907595,426,2991,17,321
124907596,426,2991,17,321
124907597,426,2991,17,321
124907598,426,2991,17,321
124907600,426,2991,17,321
124907611,426,2991,17,321
124907622,426,2991,17,321
124907633,426,2991,17,321
124907644,426,2991,17,321
124907655,426,2991,17,321
124907662,426,2991,17,321
124907673,426,2991,17,321
124907684,426,2991,17,321
124907694,426,2991,17,321
124907705,426,2991,17,321
124907709,426,2991,17,321
124907710,426,2991,17,321
124907711,426,2991,17,321
124907712,426,2991,17,321
124907713,426,2991,17,321
124907714,426,2991,17,321
124907715,426,2991,17,321
124907716,426,2991,17,321
124907717,426,2991,17,321
124907718,426,2991,17,321
124907719,426,2991,17,321
124907720,426,2991,17,321
124907721,426,2991,17,321
124908237,426,2991,17,321
124908238,426,2991,17,321
124908239,426,2991,17,321
124908240,426,2991,17,321
124908241,426,2991,17,321
124908242,426,2991,17,321
124908243,426,2991,17,321
124908244,426,2991,17,321
124908245,426,2991,17,321
124908246,426,2991,17,321
124908247,426,2991,17,321
124908248,426,2991,17,321
124908249,426,2991,17,321
124908257,426,2991,17,321
124908268,426,2991,17,321
124908278,426,2991,17,321
124908289,426,2991,17,321
124908300,426,2991,17,321
124908310,426,2991,17,321
124908316,426,2991,17,321
124908327,426,2991,17,321
124908336,426,2991,17,321
124908347,426,2991,17,321
124908358,426,2991,17,321
124908368,426,2991,17,321
124908369,426,2991,17,321
124908370,426,2991,17,321
124908371,426,2991,17,321
124908372,426,2991,17,321
124908373,426,2991,17,321
124908374,426,2991,17,321
124908375,426,2991,17,321
124908376,426,2991,17,321
124908377,426,2991,17,321
124908378,426,2991,17,321
124908379,426,2991,17,321
124908380,426,2991,17,321
124908381,426,2991,17,321
124908382,426,2991,17,321
124908383,426,2991,17,321
124908384,426,2991,17,321
124908385,426,2991,17,321
124908386,426,2991,17,321
124908387,426,2991,17,321
124908388,426,2991,17,321
124908389,426,2991,17,321
124908390,426,2991,17,321
124908391,426,2991,17,321
124908392,426,2991,17,321
124908393,426,2991,17,321
124908474,426,2991,17,321
124908494,426,2991,17,321
124908504,426,2991,17,321
124908512,426,2991,17,321
124908513,426,2991,17,321
124908514,426,2991,17,321
124908515,426,2991,17,321
124908516,426,2991,17,321
124908517,426,2991,17,321
124908518,426,2991,17,321
124908519,426,2991,17,321
124908520,426,2991,17,321
124908521,426,2991,17,321
124908522,426,2991,17,321
124908523,426,2991,17,321
124908524,426,2991,17,321
124908525,426,2991,17,321
124908527,426,2991,17,321
4282,36073,31803,16465,8128
109729158,0,0,0,0
124900586,10,0,120,25
102465668,6,0,3,1
9859,14,6,124,17
9093,291,547,839,525
102465693,0,0,0,0
3800,2,4,11,3
3812,0,0,0,0
353238,0,0,0,0
102465493,0,0,2,1
102723502,0,0,0,0
54883,350,138,513,281
102465872,0,0,0,0
4696,1885,1974,482,724
102465450,1,0,0,0
102466746,0,0,0,0
79165,43,61,32,19
123036,113,67,9,99
101927697,3,0,0,1
3805,0,0,0,0
338322,0,0,0,0
1113,1,2,1,2
136541,0,0,0,0
22909,198,62,714,445
9302,0,1,0,0
23547,1,0,6,2
7484,2,10,3,24
8924,372,126,1613,457
199713,0,0,0,0
115653,0,0,0,0
3802,0,0,0,0
401992,0,0,0,1
102466816,0,0,0,0
1815,58,34,37,41
112724,129,27,88,24
102466722,1,0,11,5
8148,1889,1152,2996,1373
102466615,0,0,0,0
201176,264,1,449,134
5345,0,2583,161,2116
100873857,0,0,0,0
114791,50,67,165,137
102466189,0,0,0,0
2204,0,0,0,0
102466814,0,0,0,0
102466982,0,0,0,0
8399,1,1,4,1
100652777,1,1,4,1
115653,0,0,0,0
4661,5,3,18,0
102464827,0,0,0,0
83982,2632,1373,1026,322
122509,371,307,137,129
3812,0,0,0,0
3809,0,0,0,0
26585,33,0,0,0
57348,26,9,12,9
101929572,0,0,0,0
8332,1,0,0,0
201176,377,62,564,211
102466222,0,0,0,0
2966,89,112,230,66
728340,89,112,230,66
388381,3,2,0,0
123811,600,177,684,425
102465877,0,0,0,0
85409,169,48,13,58
102465478,2,0,1,1
115653,0,0,0,0
79143,134,16,416,89
100616223,0,0,0,0
25774,2,1,0,1
79165,2,0,0,0
102466865,0,0,1,0
8367,14,13,4,13
55503,0,5,0,3
79166,0,0,0,0
5133,28,2,19,8
3805,0,0,0,0
126014,3,1,0,1
2204,0,0,0,0
256957,4,0,1,0
6531,1306,2,65,2
140596,0,0,0,0
503618,0,0,0,0
124906746,0,0,0,0
103504729,0,0,0,0
27164,0,59,1,23
341947,0,0,1,0
79143,0,0,16,0
6023,170,80,32,7
115653,0,0,0,0
102466889,0,0,0,0
146712,672,143,8,5
128966610,672,143,8,5
57151,0,0,0,0
4987,80,6,1,6
102465975,0,0,1,0
102465467,0,0,0,0
649330,0,0,0,0
9834,12,24,10,3
55655,0,1,0,0
102467005,0,0,0,0
387267,0,0,0,0
51289,0,0,0,0
199713,0,0,0,0
102465138,0,0,1,0
3012,34,42,5,24
3805,0,0,0,0
3809,0,0,2,0
6203,15421,10297,3331,3081
54893,0,0,47,0
126014,3,1,0,1
283768,2,0,0,0
100132565,2,0,0,0
23547,189,4,11,6
26084,11,30,6,52
6871,91,12,296,85
162540,0,0,7,0
9842,11,2,44,8
343173,0,0,0,1
4849,162,169,39,9
102723996,300,191,274,217
102464837,0,0,0,0
79258,18,6,2,7
7366,0,0,0,0
10859,24,0,12,2
102465254,0,0,0,0
9665,664,809,1066,554
441250,52,28,71,40
474384,362,70,398,162
26121,266,87,82,67
8360,3,3,1,1
284098,64,25,114,61
3808,0,0,0,0
3811,0,0,0,0
79168,31,10,16,2
441864,0,0,0,0
199713,0,0,0,0
3812,3,0,0,0
100287808,1,13,32,17
677798,0,0,0,0
3808,0,0,0,0
9304,0,0,0,0
102466875,1,0,0,0
85495,279,490,53,131
619455,0,0,0,0
9884,34,7,135,50
474170,34,7,135,50
55727,145,139,816,314
8343,1,0,0,0
150384,21,43,132,21
6358,142,1596,58,425
50839,1,0,5,0
100422844,1,0,0,1
102465470,0,1,0,0
3803,0,0,0,0
50838,0,0,1,0
102465840,0,0,0,0
7703,212,656,367,429
3122,2,0,3,0
102465500,0,0,1,0
79166,0,0,0,0
102723471,0,140,1,287
3811,0,0,0,0
1022,713,186,297,419
78990,0,0,0,0
8924,4,3,6,8
4588,4,42,44,73
439915,1,0,0,0
8396,728,345,1478,604
101929698,4,4,9,3
100170841,55,10,300,9
50836,0,0,0,0
3804,1,0,0,0
727832,0,0,0,0
101928087,0,0,0,0
9437,0,0,0,0
3904,10,2,3,1
6349,25,0,0,0
414062,25,0,0,0
2832,0,0,0,0
3809,0,0,0,0
51232,0,0,0,0
3805,0,0,0,0
3802,0,0,1,0
6203,15422,10296,3330,3081
4948,5,0,36,7
3805,0,0,0,0
80725,20,5,101,4
4700,1674,1307,1283,1143
26800,0,0,0,0
5265,282,7,406,87
346517,0,0,0,0
103504739,0,0,0,0
102465863,1,0,0,0
102467004,0,0,0,0
440023,0,0,1,0
80831,5,0,1,1
102465530,0,0,0,0
115653,0,0,0,0
11024,0,2,1,5
440435,0,4,4,0
7082,632,217,1420,896
102465537,0,0,0,0
866,349,1360,657,1627
10990,117,24,10,1
140883,22,3,55,6
3163,2011,1749,913,1195
8293,409,175,195,162
728492,409,175,195,162
51206,8,2,32,3
9437,0,0,0,0
4082,5318,634,1352,497
64506,48,23,81,29
101926897,3,2,1,1
101927559,54,22,155,42
79165,43,61,32,19
93474,24,7,43,29
102466759,0,0,0,0
102465141,0,0,0,0
342372,5,8,3,3
3804,0,0,0,0
338328,434,69,406,164
79290,6,0,35,0
692106,0,0,0,0
4588,55,221,167,129
102466878,2,0,1,0
101927815,1,1,6,0
245910,0,0,0,0
503614,0,0,0,0
124906743,0,0,0,0
102465875,0,0,0,0
3805,0,0,0,0
115653,0,0,0,0
3804,0,0,0,0
138799,0,0,0,0
23543,211,5,148,54
102465140,0,0,0,0
1991,9,2,3,2
4585,19,65,997,66
4747,1426,105,2038,163
102465484,0,0,0,0
102465835,0,1,13,1
11056,443,303,493,357
4849,44,22,92,67
284415,0,1,2,0
101954264,1,3,0,4
101954268,1,3,0,4
6447,0,0,0,0
4849,17,5,14,6
3802,0,0,0,0
115653,0,0,0,0
7473,39,0,140,0
101929777,39,0,140,0
9437,0,0,0,0
100288966,0,0,0,0
101929127,11,20,14,16
6348,101,6,21,5
102466251,1,0,0,1
105371267,52,89,58,98
7473,9,0,32,0
101929777,9,0,32,0
29928,335,349,234,197
2952,15,3,5178,6113
3808,0,0,0,0
147798,0,0,1,0
102466724,0,0,0,0
102465908,0,0,0,0
26121,267,87,82,67
3812,2,0,0,0
102465515,0,0,2,0
4696,1885,1974,482,724
3803,0,0,0,0
653486,29,13,0,1
79143,0,0,16,0
109910384,426,2992,17,322
124907114,426,2992,17,322
124907115,426,2992,17,322
124907116,426,2992,17,322
124907117,426,2992,17,322
124907118,426,2992,17,322
124907119,426,2992,17,322
124907120,426,2992,17,322
124907121,426,2992,17,322
124907122,426,2992,17,322
124907123,426,2992,17,322
124907124,426,2992,17,322
124907125,426,2992,17,322
124907126,426,2992,17,322
124907127,426,2992,17,322
124907128,426,2992,17,322
124907129,426,2992,17,322
124907130,426,2992,17,322
124907131,426,2992,17,322
124907132,426,2992,17,322
124907133,426,2992,17,322
124907134,426,2992,17,322
124907135,426,2992,17,322
124907136,426,2992,17,322
124907137,426,2992,17,322
124907138,426,2992,17,322
124907139,426,2992,17,322
124907140,426,2992,17,322
124907141,426,2992,17,322
124907142,426,2992,17,322
124907143,426,2992,17,322
124907144,426,2992,17,322
124907145,426,2992,17,322
124907146,426,2992,17,322
124907147,426,2992,17,322
124907148,426,2992,17,322
124907149,426,2992,17,322
124907150,426,2992,17,322
124907151,426,2992,17,322
124907152,426,2992,17,322
124907153,426,2992,17,322
124907154,426,2992,17,322
124907155,426,2992,17,322
124907160,426,2992,17,322
124907172,426,2992,17,322
124907183,426,2992,17,322
124907194,426,2992,17,322
124907205,426,2992,17,322
124907216,426,2992,17,322
124907227,426,2992,17,322
124907238,426,2992,17,322
124907248,426,2992,17,322
124907258,426,2992,17,322
124907269,426,2992,17,322
124907280,426,2992,17,322
124907291,426,2992,17,322
124907302,426,2992,17,322
124907313,426,2992,17,322
124907324,426,2992,17,322
124907327,426,2992,17,322
124907328,426,2992,17,322
124907329,426,2992,17,322
124907330,426,2992,17,322
124907331,426,2992,17,322
124907332,426,2992,17,322
124907333,426,2992,17,322
124907334,426,2992,17,322
124907335,426,2992,17,322
124907336,426,2992,17,322
124907337,426,2992,17,322
124907338,426,2992,17,322
124907339,426,2992,17,322
124907340,426,2992,17,322
124907341,426,2992,17,322
124907342,426,2992,17,322
124907343,426,2992,17,322
124907439,426,2992,17,322
124907440,426,2992,17,322
124907450,426,2992,17,322
124907458,426,2992,17,322
124907467,426,2992,17,322
124907475,426,2992,17,322
124907476,426,2992,17,322
124907477,426,2992,17,322
124907478,426,2992,17,322
124907479,426,2992,17,322
124907480,426,2992,17,322
124907481,426,2992,17,322
124907482,426,2992,17,322
124907483,426,2992,17,322
124907484,426,2992,17,322
124907572,426,2992,17,322
124907573,426,2992,17,322
124907574,426,2992,17,322
124907575,426,2992,17,322
124907576,426,2992,17,322
124907577,426,2992,17,322
124907578,426,2992,17,322
124907579,426,2992,17,322
124907580,426,2992,17,322
124907581,426,2992,17,322
124907584,426,2992,17,322
124907585,426,2992,17,322
124907586,426,2992,17,322
124907587,426,2992,17,322
124907588,426,2992,17,322
124907589,426,2992,17,322
124907590,426,2992,17,322
124907591,426,2992,17,322
124907592,426,2992,17,322
124907593,426,2992,17,322
124907594,426,2992,17,322
124907595,426,2992,17,322
124907596,426,2992,17,322
124907597,426,2992,17,322
124907598,426,2992,17,322
124907600,426,2992,17,322
124907611,426,2992,17,322
124907622,426,2992,17,322
124907633,426,2992,17,322
124907644,426,2992,17,322
124907655,426,2992,17,322
124907662,426,2992,17,322
124907673,426,2992,17,322
124907684,426,2992,17,322
124907694,426,2992,17,322
124907705,426,2992,17,322
124907709,426,2992,17,322
124907710,426,2992,17,322
124907711,426,2992,17,322
124907712,426,2992,17,322
124907713,426,2992,17,322
124907714,426,2992,17,322
124907715,426,2992,17,322
124907716,426,2992,17,322
124907717,426,2992,17,322
124907718,426,2992,17,322
124907719,426,2992,17,322
124907720,426,2992,17,322
124907721,426,2992,17,322
124908237,426,2992,17,322
124908238,426,2992,17,322
124908239,426,2992,17,322
124908240,426,2992,17,322
124908241,426,2992,17,322
124908242,426,2992,17,322
124908243,426,2992,17,322
124908244,426,2992,17,322
124908245,426,2992,17,322
124908246,426,2992,17,322
124908247,426,2992,17,322
124908248,426,2992,17,322
124908249,426,2992,17,322
124908257,426,2992,17,322
124908268,426,2992,17,322
124908278,426,2992,17,322
124908289,426,2992,17,322
124908300,426,2992,17,322
124908310,426,2992,17,322
124908316,426,2992,17,322
124908327,426,2992,17,322
124908336,426,2992,17,322
124908347,426,2992,17,322
124908358,426,2992,17,322
124908368,426,2992,17,322
124908369,426,2992,17,322
124908370,426,2992,17,322
124908371,426,2992,17,322
124908372,426,2992,17,322
124908373,426,2992,17,322
124908374,426,2992,17,322
124908375,426,2992,17,322
124908376,426,2992,17,322
124908377,426,2992,17,322
124908378,426,2992,17,322
124908379,426,2992,17,322
124908380,426,2992,17,322
124908381,426,2992,17,322
124908382,426,2992,17,322
124908383,426,2992,17,322
124908384,426,2992,17,322
124908385,426,2992,17,322
124908386,426,2992,17,322
124908387,426,2992,17,322
124908388,426,2992,17,322
124908389,426,2992,17,322
124908390,426,2992,17,322
124908391,426,2992,17,322
124908392,426,2992,17,322
124908393,426,2992,17,322
124908474,426,2992,17,322
124908494,426,2992,17,322
124908504,426,2992,17,322
124908512,426,2992,17,322
124908513,426,2992,17,322
124908514,426,2992,17,322
124908515,426,2992,17,322
124908516,426,2992,17,322
124908517,426,2992,17,322
124908518,426,2992,17,322
124908519,426,2992,17,322
124908520,426,2992,17,322
124908521,426,2992,17,322
124908522,426,2992,17,322
124908523,426,2992,17,322
124908524,426,2992,17,322
124908525,426,2992,17,322
124908527,426,2992,17,322
83740,15,3,19,6
3805,0,0,0,0
10288,212,8,57,25
200958,212,216,668,186
102724488,12,0,0,4
102465974,1,0,3,1
6349,192,42,4,1
414062,192,42,4,1
6606,451,137,86,67
6607,451,137,86,67
8968,3,0,0,0
199713,0,0,0,0
642475,87,67,55,31
102465471,0,0,0,0
100033432,0,0,0,0
199713,0,0,0,0
147798,214,812,19,69
5691,4591,9071,814,1107
50945,0,0,0,0
5657,15,0,53,0
10859,85,0,13,1
79165,10,3,4,7
11025,10,0,15,0
102725035,10,0,15,0
107987425,10,0,15,0
107987462,10,0,15,0
102465442,0,0,0,0
5554,7,2,12,6
9437,0,0,0,0
3802,0,0,0,0
100847005,0,0,0,0
102465486,0,0,0,0
105370868,0,0,2,0
9299,0,0,0,0
84465,25,2,60,2
3805,0,0,0,0
391003,0,0,0,0
474381,2,2,0,0
677778,0,0,0,0
440243,0,9,14,0
124907501,0,9,14,0
202243,42,2,8,3
653203,0,0,0,1
102466198,0,0,1,0
100132285,0,0,0,0
677842,0,0,0,0
102465509,0,0,0,0
102465995,0,0,0,0
102465446,2,0,0,0
6716,5,19,0,28
2953,0,0,0,0
102465838,0,0,0,0
57405,67,7,0,0
102465882,0,0,0,1
102465869,0,0,0,0
79143,0,0,16,0
3804,0,0,0,0
129807,3,28,14,59
84311,1263,1259,825,1005
102465874,2,0,10,1
6351,317,13,44,25
285093,1,0,3,0
26121,266,87,82,67
4137,135,267,4597,1599
79166,0,0,0,0
3805,0,0,0,0
284106,2878,7737,888,1604
729877,0,0,0,0
3812,0,0,0,0
101059938,61,68,412,0
26781,0,0,0,0
102723360,83,55,293,137
147798,0,0,1,0
6362,338,0,10,2
84948,194,109,432,92
391002,0,0,0,0
201299,7,1,2,2
9437,0,0,0,0
4061,26020,2018,5037,1464
102465437,0,0,0,0
102464828,0,0,0,0
11026,0,0,0,0
11056,91,61,74,27
1527,0,0,0,0
90987,458,199,233,347
102465944,0,0,0,0
100132979,0,0,0,0
102465434,0,0,0,0
3805,0,0,0,0
3811,0,0,0,0
6203,15422,10297,3331,3081
102723737,0,0,0,0
408050,507,56,2278,516
100033444,0,0,0,0
7639,40,17,48,12
101928924,0,0,0,0
102466250,0,0,0,0
102465864,0,0,0,0
102466193,0,0,6,0
259292,0,0,0,0
200958,10,20,19,22
57292,0,0,0,0
653073,136,8,327,41
3806,0,0,0,0
100033820,0,0,0,0
7554,169,65,425,100
110117499,0,0,0,0
284099,0,1,3,1
112724,129,27,88,24
100132285,0,0,0,0
3903,19,1,10,3
641467,38,4,97,30
102465865,0,0,0,0
29844,43,20,48,27
1850,39,12,32,27
6362,645,4,26,3
199713,0,0,0,0
4905,2,1,1,0
389741,188,100,75,70
124905359,0,0,0,0
4363,878,63,2874,171
106632260,426,2991,17,321
124907114,426,2991,17,321
124907115,426,2991,17,321
124907116,426,2991,17,321
124907117,426,2991,17,321
124907118,426,2991,17,321
124907119,426,2991,17,321
124907120,426,2991,17,321
124907121,426,2991,17,321
124907122,426,2991,17,321
124907123,426,2991,17,321
124907124,426,2991,17,321
124907125,426,2991,17,321
124907126,426,2991,17,321
124907127,426,2991,17,321
124907128,426,2991,17,321
124907129,426,2991,17,321
124907130,426,2991,17,321
124907131,426,2991,17,321
124907132,426,2991,17,321
124907133,426,2991,17,321
124907134,426,2991,17,321
124907135,426,2991,17,321
124907136,426,2991,17,321
124907137,426,2991,17,321
124907138,426,2991,17,321
124907139,426,2991,17,321
124907140,426,2991,17,321
124907141,426,2991,17,321
124907142,426,2991,17,321
124907143,426,2991,17,321
124907144,426,2991,17,321
124907145,426,2991,17,321
124907146,426,2991,17,321
124907147,426,2991,17,321
124907148,426,2991,17,321
124907149,426,2991,17,321
124907150,426,2991,17,321
124907151,426,2991,17,321
124907152,426,2991,17,321
124907153,426,2991,17,321
124907154,426,2991,17,321
124907155,426,2991,17,321
124907160,426,2991,17,321
124907172,426,2991,17,321
124907183,426,2991,17,321
124907194,426,2991,17,321
124907205,426,2991,17,321
124907216,426,2991,17,321
124907227,426,2991,17,321
124907238,426,2991,17,321
124907248,426,2991,17,321
124907258,426,2991,17,321
124907269,426,2991,17,321
124907280,426,2991,17,321
124907291,426,2991,17,321
124907302,426,2991,17,321
124907313,426,2991,17,321
124907324,426,2991,17,321
124907327,426,2991,17,321
124907328,426,2991,17,321
124907329,426,2991,17,321
124907330,426,2991,17,321
124907331,426,2991,17,321
124907332,426,2991,17,321
124907333,426,2991,17,321
124907334,426,2991,17,321
124907335,426,2991,17,321
124907336,426,2991,17,321
124907337,426,2991,17,321
124907338,426,2991,17,321
124907339,426,2991,17,321
124907340,426,2991,17,321
124907341,426,2991,17,321
124907342,426,2991,17,321
124907343,426,2991,17,321
124907439,426,2991,17,321
124907440,426,2991,17,321
124907450,426,2991,17,321
124907458,426,2991,17,321
124907467,426,2991,17,321
124907475,426,2991,17,321
124907476,426,2991,17,321
124907477,426,2991,17,321
124907478,426,2991,17,321
124907479,426,2991,17,321
124907480,426,2991,17,321
124907481,426,2991,17,321
124907482,426,2991,17,321
124907483,426,2991,17,321
124907484,426,2991,17,321
124907572,426,2991,17,321
124907573,426,2991,17,321
124907574,426,2991,17,321
124907575,426,2991,17,321
124907576,426,2991,17,321
124907577,426,2991,17,321
124907578,426,2991,17,321
124907579,426,2991,17,321
124907580,426,2991,17,321
124907581,426,2991,17,321
124907584,426,2991,17,321
124907585,426,2991,17,321
124907586,426,2991,17,321
124907587,426,2991,17,321
124907588,426,2991,17,321
124907589,426,2991,17,321
124907590,426,2991,17,321
124907591,426,2991,17,321
124907592,426,2991,17,321
124907593,426,2991,17,321
124907594,426,2991,17,321
124907595,426,2991,17,321
124907596,426,2991,17,321
124907597,426,2991,17,321
124907598,426,2991,17,321
124907600,426,2991,17,321
124907611,426,2991,17,321
124907622,426,2991,17,321
124907633,426,2991,17,321
124907644,426,2991,17,321
124907655,426,2991,17,321
124907662,426,2991,17,321
124907673,426,2991,17,321
124907684,426,2991,17,321
124907694,426,2991,17,321
124907705,426,2991,17,321
124907709,426,2991,17,321
124907710,426,2991,17,321
124907711,426,2991,17,321
124907712,426,2991,17,321
124907713,426,2991,17,321
124907714,426,2991,17,321
124907715,426,2991,17,321
124907716,426,2991,17,321
124907717,426,2991,17,321
124907718,426,2991,17,321
124907719,426,2991,17,321
124907720,426,2991,17,321
124907721,426,2991,17,321
124908237,426,2991,17,321
124908238,426,2991,17,321
124908239,426,2991,17,321
124908240,426,2991,17,321
124908241,426,2991,17,321
124908242,426,2991,17,321
124908243,426,2991,17,321
124908244,426,2991,17,321
124908245,426,2991,17,321
124908246,426,2991,17,321
124908247,426,2991,17,321
124908248,426,2991,17,321
124908249,426,2991,17,321
124908257,426,2991,17,321
124908268,426,2991,17,321
124908278,426,2991,17,321
124908289,426,2991,17,321
124908300,426,2991,17,321
124908310,426,2991,17,321
124908316,426,2991,17,321
124908327,426,2991,17,321
124908336,426,2991,17,321
124908347,426,2991,17,321
124908358,426,2991,17,321
124908368,426,2991,17,321
124908369,426,2991,17,321
124908370,426,2991,17,321
124908371,426,2991,17,321
124908372,426,2991,17,321
124908373,426,2991,17,321
124908374,426,2991,17,321
124908375,426,2991,17,321
124908376,426,2991,17,321
124908377,426,2991,17,321
124908378,426,2991,17,321
124908379,426,2991,17,321
124908380,426,2991,17,321
124908381,426,2991,17,321
124908382,426,2991,17,321
124908383,426,2991,17,321
124908384,426,2991,17,321
124908385,426,2991,17,321
124908386,426,2991,17,321
124908387,426,2991,17,321
124908388,426,2991,17,321
124908389,426,2991,17,321
124908390,426,2991,17,321
124908391,426,2991,17,321
124908392,426,2991,17,321
124908393,426,2991,17,321
124908474,426,2991,17,321
124908494,426,2991,17,321
124908504,426,2991,17,321
124908512,426,2991,17,321
124908513,426,2991,17,321
124908514,426,2991,17,321
124908515,426,2991,17,321
124908516,426,2991,17,321
124908517,426,2991,17,321
124908518,426,2991,17,321
124908519,426,2991,17,321
124908520,426,2991,17,321
124908521,426,2991,17,321
124908522,426,2991,17,321
124908523,426,2991,17,321
124908524,426,2991,17,321
124908525,426,2991,17,321
124908527,426,2991,17,321
833,2288,958,720,496
162540,0,0,0,0
6753,2,8,3,3
28817,575,3,385,65
3805,0,0,0,0
102465516,0,0,0,0
3802,0,0,0,0
387264,1,0,1,1
140691,399,130,1236,286
400548,15,37,13,40
79799,349,74,117,922
2055,620,825,2257,563
102466812,0,0,0,0
102466734,0,0,0,0
29964,24,8,49,9
6218,37427,22044,8996,10078
1394,0,0,0,0
104909134,0,0,0,0
109864281,426,2992,17,322
124907114,426,2992,17,322
124907115,426,2992,17,322
124907116,426,2992,17,322
124907117,426,2992,17,322
124907118,426,2992,17,322
124907119,426,2992,17,322
124907120,426,2992,17,322
124907121,426,2992,17,322
124907122,426,2992,17,322
124907123,426,2992,17,322
124907124,426,2992,17,322
124907125,426,2992,17,322
124907126,426,2992,17,322
124907127,426,2992,17,322
124907128,426,2992,17,322
124907129,426,2992,17,322
124907130,426,2992,17,322
124907131,426,2992,17,322
124907132,426,2992,17,322
124907133,426,2992,17,322
124907134,426,2992,17,322
124907135,426,2992,17,322
124907136,426,2992,17,322
124907137,426,2992,17,322
124907138,426,2992,17,322
124907139,426,2992,17,322
124907140,426,2992,17,322
124907141,426,2992,17,322
124907142,426,2992,17,322
124907143,426,2992,17,322
124907144,426,2992,17,322
124907145,426,2992,17,322
124907146,426,2992,17,322
124907147,426,2992,17,322
124907148,426,2992,17,322
124907149,426,2992,17,322
124907150,426,2992,17,322
124907151,426,2992,17,322
124907152,426,2992,17,322
124907153,426,2992,17,322
124907154,426,2992,17,322
124907155,426,2992,17,322
124907160,426,2992,17,322
124907172,426,2992,17,322
124907183,426,2992,17,322
124907194,426,2992,17,322
124907205,426,2992,17,322
124907216,426,2992,17,322
124907227,426,2992,17,322
124907238,426,2992,17,322
124907248,426,2992,17,322
124907258,426,2992,17,322
124907269,426,2992,17,322
124907280,426,2992,17,322
124907291,426,2992,17,322
124907302,426,2992,17,322
124907313,426,2992,17,322
124907324,426,2992,17,322
124907327,426,2992,17,322
124907328,426,2992,17,322
124907329,426,2992,17,322
124907330,426,2992,17,322
124907331,426,2992,17,322
124907332,426,2992,17,322
124907333,426,2992,17,322
124907334,426,2992,17,322
124907335,426,2992,17,322
124907336,426,2992,17,322
124907337,426,2992,17,322
124907338,426,2992,17,322
124907339,426,2992,17,322
124907340,426,2992,17,322
124907341,426,2992,17,322
124907342,426,2992,17,322
124907343,426,2992,17,322
124907439,426,2992,17,322
124907440,426,2992,17,322
124907450,426,2992,17,322
124907458,426,2992,17,322
124907467,426,2992,17,322
124907475,426,2992,17,322
124907476,426,2992,17,322
124907477,426,2992,17,322
124907478,426,2992,17,322
124907479,426,2992,17,322
124907480,426,2992,17,322
124907481,426,2992,17,322
124907482,426,2992,17,322
124907483,426,2992,17,322
124907484,426,2992,17,322
124907572,426,2992,17,322
124907573,426,2992,17,322
124907574,426,2992,17,322
124907575,426,2992,17,322
124907576,426,2992,17,322
124907577,426,2992,17,322
124907578,426,2992,17,322
124907579,426,2992,17,322
124907580,426,2992,17,322
124907581,426,2992,17,322
124907584,426,2992,17,322
124907585,426,2992,17,322
124907586,426,2992,17,322
124907587,426,2992,17,322
124907588,426,2992,17,322
124907589,426,2992,17,322
124907590,426,2992,17,322
124907591,426,2992,17,322
124907592,426,2992,17,322
124907593,426,2992,17,322
124907594,426,2992,17,322
124907595,426,2992,17,322
124907596,426,2992,17,322
124907597,426,2992,17,322
124907598,426,2992,17,322
124907600,426,2992,17,322
124907611,426,2992,17,322
124907622,426,2992,17,322
124907633,426,2992,17,322
124907644,426,2992,17,322
124907655,426,2992,17,322
124907662,426,2992,17,322
124907673,426,2992,17,322
124907684,426,2992,17,322
124907694,426,2992,17,322
124907705,426,2992,17,322
124907709,426,2992,17,322
124907710,426,2992,17,322
124907711,426,2992,17,322
124907712,426,2992,17,322
124907713,426,2992,17,322
124907714,426,2992,17,322
124907715,426,2992,17,322
124907716,426,2992,17,322
124907717,426,2992,17,322
124907718,426,2992,17,322
124907719,426,2992,17,322
124907720,426,2992,17,322
124907721,426,2992,17,322
124908237,426,2992,17,322
124908238,426,2992,17,322
124908239,426,2992,17,322
124908240,426,2992,17,322
124908241,426,2992,17,322
124908242,426,2992,17,322
124908243,426,2992,17,322
124908244,426,2992,17,322
124908245,426,2992,17,322
124908246,426,2992,17,322
124908247,426,2992,17,322
124908248,426,2992,17,322
124908249,426,2992,17,322
124908257,426,2992,17,322
124908268,426,2992,17,322
124908278,426,2992,17,322
124908289,426,2992,17,322
124908300,426,2992,17,322
124908310,426,2992,17,322
124908316,426,2992,17,322
124908327,426,2992,17,322
124908336,426,2992,17,322
124908347,426,2992,17,322
124908358,426,2992,17,322
124908368,426,2992,17,322
124908369,426,2992,17,322
124908370,426,2992,17,322
124908371,426,2992,17,322
124908372,426,2992,17,322
124908373,426,2992,17,322
124908374,426,2992,17,322
124908375,426,2992,17,322
124908376,426,2992,17,322
124908377,426,2992,17,322
124908378,426,2992,17,322
124908379,426,2992,17,322
124908380,426,2992,17,322
124908381,426,2992,17,322
124908382,426,2992,17,322
124908383,426,2992,17,322
124908384,426,2992,17,322
124908385,426,2992,17,322
124908386,426,2992,17,322
124908387,426,2992,17,322
124908388,426,2992,17,322
124908389,426,2992,17,322
124908390,426,2992,17,322
124908391,426,2992,17,322
124908392,426,2992,17,322
124908393,426,2992,17,322
124908474,426,2992,17,322
124908494,426,2992,17,322
124908504,426,2992,17,322
124908512,426,2992,17,322
124908513,426,2992,17,322
124908514,426,2992,17,322
124908515,426,2992,17,322
124908516,426,2992,17,322
124908517,426,2992,17,322
124908518,426,2992,17,322
124908519,426,2992,17,322
124908520,426,2992,17,322
124908521,426,2992,17,322
124908522,426,2992,17,322
124908523,426,2992,17,322
124908524,426,2992,17,322
124908525,426,2992,17,322
124908527,426,2992,17,322
7264,1251,2856,355,382
283767,0,0,0,0
440243,0,0,0,0
3802,0,0,0,0
677766,0,0,0,0
120066,0,0,0,0
79165,43,61,32,19
80179,471,89,659,282
677848,0,0,0,0
102466739,0,0,0,0
102465461,0,0,0,0
102466751,0,0,0,0
64112,427,335,2296,661
6203,2460,2971,1260,706
3805,0,0,3,0
677838,0,0,0,0
102465490,0,0,0,0
11006,951,7,172,36
102465842,0,0,0,1
112724,129,27,88,24
79166,0,0,0,0
541465,0,0,0,0
414060,158,0,0,0
100132285,2,0,0,0
439915,0,0,1,0
4585,3,9,67,13
3806,0,0,0,0
3808,0,0,0,0
259294,3,0,1,1
642778,39,8,31,1
642799,39,8,31,1
79893,996,383,927,458
94059,124,39,6,36
51206,0,0,4,0
7772,8,36,314,117
79143,0,0,16,0
57718,3,3,6,3
3804,0,0,0,0
102465481,0,0,0,0
100507240,0,3,0,4
102465907,0,0,0,1
102466728,0,0,0,0
353514,0,1,35,0
102466815,0,0,0,0
3812,0,0,0,0
9437,2,0,0,0
147798,0,0,1,0
4696,1885,1974,481,725
3811,0,0,0,0
3804,0,0,0,0
80179,471,89,659,282
57818,0,0,6,0
343173,0,2,0,0
126014,3,1,0,1
101929140,33,42,37,42
3812,0,0,0,0
102465514,0,0,0,0
553128,0,0,0,0
2204,1,0,0,0
102465255,0,1,0,3
102465491,3,0,7,0
79165,43,61,32,19
3811,0,0,0,0
3805,0,0,0,5
102464825,0,0,0,0
10990,0,0,31,3
102465837,0,0,0,0
3812,0,0,0,0
148170,0,17,5,0
102465468,0,0,0,0
102465538,0,0,0,0
284058,32,9,375,100
92259,0,0,0,0
8335,0,0,0,0
102466202,0,0,0,0
4585,46,85,321,42
3812,0,0,0,0
553128,0,0,0,0
102465881,0,0,0,0
93100,1031,10376,503,1675
440021,0,0,0,0
115653,0,0,0,0
54700,260,85,467,285
3802,0,0,0,0
29928,335,349,234,197
102466953,0,0,0,0
3802,1,0,0,0
284099,0,1,3,1
100132979,0,0,0,0
79165,279,78,115,183
102465522,0,0,1,0
79143,0,0,16,0
102467003,0,0,2,1
102724631,1,0,0,0
102466197,0,0,0,0
102465870,0,0,0,0
126014,3,1,0,1
79154,90,316,252,268
31,393,228,539,372
220972,894,411,372,130
8749,1,0,0,1
102466191,0,0,0,0
124935,639,705,1840,1589
11006,13,0,133,23
728229,34,19,60,18
93432,1,0,28,3
90273,17,1,30,9
6348,101,6,21,5
10002,3,2,26,6
102465694,0,0,0,0
9326,785,493,292,331
102464831,0,0,0,0
8346,2,0,0,0
102466225,0,0,0,0
102465464,0,0,0,0
102723859,0,8,0,0
79042,3,0,484,457
3805,0,0,0,0
256691,0,0,0,0
101928238,32,141,30,41
4671,551,83,184,109
102288414,2637,2430,777,952
102465873,0,0,0,0
103504736,0,0,0,0
79922,451,351,186,84
387267,0,0,0,0
79042,603,253,157,159
566,2,1,2,2
414059,8,0,21,4
101060321,8,0,21,4
11027,13,0,11,5
8359,1,1,1,0
7703,211,656,367,430
3812,1,0,0,0
102465496,0,0,0,0
254879,0,0,0,0
643707,0,5,164,3
647042,0,5,164,3
102724117,0,5,164,3
51206,0,0,4,0
102466918,0,0,0,0
8336,3,0,8,0
55655,0,0,0,4
392843,0,0,1,0
254879,0,0,0,0
3803,0,0,0,0
51676,63,9,24,9
653689,3,0,0,0
102724631,1,0,0,0
8366,2,5,1,3
3812,0,0,0,0
105416157,115,16,80,19
3812,0,0,0,0
79042,0,0,3,4
100033431,0,0,0,0
79792,3515,2703,1084,827
101929225,9,14,5,8
115653,0,0,0,0
3812,0,0,0,0
26047,10,9,1,0
115653,0,0,0,0
3802,0,0,0,0
103504738,0,0,0,0
29,250,59,712,1065
9884,0,0,28,0
100130274,0,0,0,0
3802,1,0,0,0
102465431,0,0,0,0
3812,0,0,0,0
6904,1457,2552,549,374
100529144,5,0,0,0
51156,7,4,9,4
80264,3,7,21,3
102466516,0,0,1,1
55148,389,478,802,250
22904,502,76,245,56
55655,0,0,0,4
79166,0,0,0,0
102465494,0,0,0,0
3802,0,0,0,0
3812,0,0,0,0
100289211,5,2,28,1
3802,0,0,0,0
89927,57,87,17,74
127898555,57,87,17,74
8357,12,12,101,2
8293,364,126,190,135
728492,364,126,190,135
79148,326,70,30,63
84311,11,39,0,0
102724127,0,0,0,0
3812,0,0,0,0
102466756,0,0,0,0
55539,2,1,0,0
3811,0,0,0,0
79324,0,0,0,0
56656,1,0,0,4
645967,11,16,14,11
144486,13,5,21,4
54508,62,23,81,36
107983987,0,4,1,44
390093,0,0,0,0
79345,0,0,1,0
219952,0,0,0,0
27099,7,4,6,5
105379487,24,16,109,55
128367,0,0,0,0
283160,0,0,0,0
401561,10,3,5,68
441871,0,0,0,0
100132967,15,5,10,7
102157402,690,305,620,562
391190,0,0,0,0
119695,0,0,0,0
127077,0,1,0,2
9710,3,1,4,5
219437,0,0,0,0
105369274,0,0,0,0
64433,2,1,1,0
118568823,0,0,0,0
144125,0,0,0,0
219428,0,0,0,0
26080,1,0,1,1
100287226,0,0,0,0
7594,176,39,58,58
132001,5,10,51,1
100130148,1,2,33,2
390142,0,0,0,0
728945,0,0,0,0
101926951,0,1,0,0
391003,0,0,0,0
100129726,1,1,25,9
219479,0,0,0,0
100507462,12,1,9,12
105379499,177,77,293,84
124905527,177,77,293,84
256892,0,0,0,0
102724023,4923,29354,2252,4627
283162,0,0,0,0
347169,0,0,0,0
102724701,139,113,102,121
124905527,139,113,102,121
64881,11,15,964,17
102724354,49,3,16,0
219959,0,0,0,0
100113386,16,3,68,15
26529,0,0,0,0
440888,0,0,0,0
645359,0,0,0,0
219473,0,0,0,0
101929608,0,0,2,4
102724200,497,531,189,519
22821,314,24,420,75
11094,471,857,286,554
51399,1302,926,1022,1012
677824,0,0,0,0
692073,0,1,0,0
1087,0,1,0,6
104548973,11,0,8,0
131616,530,362,351,270
6874,164,41,128,93
100507117,16,1,13,4
2091,8043,2098,1313,825
51702,11,0,1,1
101927829,0,1,0,0
727924,0,0,0,0
64359,4,1,0,1
284323,523,301,138,89
29989,2,0,1,0
387264,1,0,1,1
56992,34,1,6,2
55823,1207,1043,1079,965
23191,4,3,69,8
6834,1362,3189,338,1017
102659353,0,0,0,0
5626,0,0,0,0
101929151,19,4,4,5
1002,3,3,26,10
359822,6,3,9,0
677775,6,1,1,4
285349,234,72,35,8
55251,10,2,102,27
256369,2,1,15,1
126661,76,16,40,21
100132103,13,29,9,8
55733,101,30,506,119
10525,1639,157,2599,773
101927289,3,0,2,4
102723927,3,0,2,4
55722,0,0,5,1
118426,201,37,189,90
100505839,4,1,10,4
57109,597,511,250,325
727924,0,0,0,0
102578074,4,5,8,2
552859,0,0,1,0
102723927,13,18,21,13
129810495,13,18,21,13
101928280,0,1,0,0
285266,57,42,68,66
440952,57,42,68,66
101241891,0,0,0,0
161,441,794,2244,168
101929297,0,0,0,0
342900,0,0,0,0
153469,1,0,0,2
79447,1174,560,956,546
283267,403,69,406,266
319085,2,2,5,3
114791,0,0,19,0
120066,0,0,0,0
101929052,11,1,15,3
55256,1605,16619,0,0
6230,30777,13191,4612,6316
29034,0,0,0,0
105374516,0,0,0,0
5370,0,0,0,0
6130,56989,30291,6405,13875
401288,18,3,0,8
101928469,0,0,0,0
285804,0,0,0,0
26820,0,0,0,0
390093,0,0,0,0
1565,8,2,0,2
100874094,6,4,6,5
23569,2,1,3,10
644021,17,11,23,47
127841,9,4,0,5
285463,21,2,69,19
120065,0,0,0,0
286753,0,0,0,1
100302190,0,0,0,0
353238,0,0,0,0
6836,2327,1690,1588,1814
101927381,9,0,1,0
474148,0,0,0,0
80824,384,141,416,265
140032,1,0,0,0
338657,310,49,395,128
101929374,4,4,32,1
100874531,2,1,5,0
731275,2,0,8,2
101805488,0,0,0,1
780854,0,0,0,0
283876,147,9,78,11
4700,1453,1880,13,30
100506688,25,51,13,16
54221,12,0,0,0
6837,326,466,636,217
6835,271,787,197,296
116828,58,22,115,56
283592,0,0,0,0
504190,0,0,0,0
55054,248,86,374,187
107985578,0,0,0,0
101929557,0,1,80,1
100506776,184,11,47,19
283521,5,4,19,2
8857,0,8,544,63
101243555,2,2,3,0
101669767,7,6,17,11
246744,0,0,0,0
3785,3,0,0,2
100500918,0,0,0,0
100507524,0,2,1,0
11182,58,16,54,23
338322,0,0,0,0
338651,0,1,0,2
22877,766,259,2793,404
101241892,1,2,45,4
5689,0,0,0,0
257202,0,0,0,0
100652997,2,0,10,0
102723099,46,3,35,55
387266,0,0,0,0
144742,4,0,10,1
285547,0,0,0,0
100507178,34,6,209,59
102723927,13,18,21,13
129810495,13,18,21,13
55083,2,0,137,9
64735,0,0,0,0
5704,2640,1271,1295,1157
400743,129,4,160,1
56256,157,31,48,16
503693,16,42,20,27
11093,57,66,20,40
169436,29,30,15,18
26080,1,0,1,1
387742,0,0,0,0
104548972,2,0,6,3
100130148,0,0,0,0
4047,297,197,389,74
648691,6,4,3,3
64359,4,1,0,1
80069,11,7,1,4
7584,57,34,69,23
6838,378,382,809,480
9149,280,104,423,180
4040,181,115,1136,420
124901020,1,2,81,7
105375115,0,0,0,2
100129716,42,5,19,12
102060282,15,111,33,29
283299,1,2,2,0
8551,55,33,0,16
105377617,0,0,0,0
161,52,6,617,47
677772,2,1,2,1
100846978,57,13,117,53
677771,0,0,1,1
102465974,1,0,3,1
100506516,181,79,82,71
103504735,0,0,0,0
56975,0,0,0,0
91392,25,29,46,50
79370,28,1,5,3
101154753,0,0,0,0
103611157,127,31,14,18
29943,43,0,117,0
140464,0,0,0,0
10950,2,0,5,0
54221,6,0,0,1
101926900,4,13,0,4
2542,775,83,3503,2179
100132074,18,0,199,7
339327,65,25,113,67
440021,0,0,0,0
55920,781,111,660,304
26813,1,0,0,0
285095,1,1,96,1
644246,53,54,35,36
100419743,3,1,14,0
163131,193,125,153,86
3635,720,51,573,99
402778,0,90,20,7
285346,9,5,33,14
200958,50,0,79,38
100506710,880,436,1484,832
338599,0,0,0,0
115560,34,16,37,18
100861504,0,0,0,0
57456,443,134,290,217
23523,1,0,22,0
26496,0,0,0,0
81792,1,0,0,0
100775107,5,0,15,11
285796,2,1,0,2
100302234,0,0,0,0
100507173,34,3,31,1
711,2,6,2,4
10168,154,83,184,125
110354863,154,83,184,125
101929741,8,5,1,7
284933,0,0,0,0
387742,0,0,0,0
100506791,7,0,1,0
64087,0,0,152,0
25774,1,1,1,2
102060414,7,0,8,1
80333,75,54,843,58
170506,357,163,61,188
23429,393,215,753,425
10841,3,8,3,50
338862,4,28,3,3
100132464,0,0,0,0
338651,2,2,10,5
100616188,0,0,0,0
101929002,0,0,0,0
23522,155,55,737,184
54682,87,58,175,129
100132464,0,0,0,0
105377617,0,0,0,0
441177,0,6,0,4
101927120,0,1,6,0
100302221,0,0,0,0
6295,31,9,12,6
94163,0,0,0,0
6550,0,2,0,0
101929901,2,2,5,0
6195,600,668,704,750
28,3,5,0,0
440034,0,2,0,1
103157000,0,2,0,1
7047,1,1,0,0
100527949,0,0,82,0
55888,48,39,51,24
107987295,3,14,9,6
26815,0,0,0,0
677830,0,0,0,0
400752,21,40,105,41
6566,560,185,6534,280
51151,129,14,1,7
100129361,256,169,559,531
6447,30,6,145,1
440560,0,0,0,0
196385,3,4,64,23
107987423,1,3,0,0
102723555,58,10,177,44
645359,0,0,0,0
6011,0,0,5,0
100862671,657,293,173,134
9284,990,202,978,460
105376752,990,202,978,460
102723471,2,2182,3,66
100507435,0,0,2,0
10426,118,126,60,207
9501,13,8,38,14
2821,323,11,7646,412
286177,0,1,1,1
26585,8,13,6,4
5645,0,0,0,0
3784,19,0,54,58
197135,1,0,5,1
105370757,0,0,0,0
84218,0,0,0,0
1139,0,0,0,0
100505915,79,0,166,28
10025,7,2,5,1
101060301,0,0,0,0
26138,0,0,0,1
348013,0,0,0,0
5596,0,0,0,0
643542,0,0,0,0
440561,0,0,0,0
56160,293,129,588,223
102724862,7,2,6,0
56975,10,6,2,5
9228,0,0,0,0
359809,247,55,54,40
343069,0,0,0,0
79857,1,1,1,2
389690,3,0,4,0
5799,0,0,0,0
391003,0,0,0,0
6650,0,0,0,0
51025,1205,876,291,193
8754,1216,361,0,280
401442,0,0,0,0
259290,0,0,2,2
374868,0,0,0,0
5554,65,37,187,55
11272,65,37,187,55
79948,0,0,0,0
201266,7,3,0,11
343070,0,0,0,0
100861540,3,8,5,13
10801,3,0,4,2
5176,6,0,1,0
105375115,0,0,0,2
9228,3,35,374,127
104266957,9,12,74,15
338653,0,2,0,3
81490,1576,1757,1066,736
401442,0,0,0,0
113878,461,94,29,26
101927815,0,2,66,2
105377924,61,593,0,166
343068,0,0,0,0
101927815,1,3,54,3
101929983,0,0,0,0
1394,1,0,1,0
104909134,1,0,1,0
64735,0,0,0,0
105379627,0,0,0,0
440563,0,0,0,0
259289,1,0,0,0
259291,1,0,0,0
100131315,1,0,0,0
649330,0,0,0,0
441873,0,0,0,0
645359,0,0,0,0
391002,0,0,0,0
400735,0,0,0,0
641702,0,11,0,4
731779,0,0,0,0
9560,130,6,5,1
388372,130,6,5,1
284241,0,0,0,0
8972,158,2195,3836,4298
140,520,14,173,57
259295,0,0,13,2
100130148,1,2,0,2
9020,0,0,0,0
100507435,0,0,6,3
105371907,2,0,1,1
254528,0,0,0,0
343071,0,0,0,0
157697,0,0,0,0
5542,0,0,0,0
653247,0,0,0,0
23144,0,0,0,0
642574,32,11,57,30
101928108,0,3,0,13
100288332,0,0,7,0
101928752,0,0,0,0
10522,407,469,102,68
79585,537,137,713,186
286083,0,0,1,0
9710,405,124,468,148
104266956,0,0,1,1
115286,332,854,230,385
9150,2,0,0,0
727909,0,0,18,0
728047,0,0,18,0
644246,54,54,40,37
84981,305,180,190,414
83787,771,383,364,286
100129520,0,0,5,1
65122,0,0,0,0
9811,443,1148,472,289
100289097,613,343,108,130
794,2,0,0,0
64693,0,0,0,0
81,6703,2353,8845,5636
105221694,273,84,215,53
1891,5267,6275,4741,5828
55616,406,425,370,355
401137,0,1,2,0
148789,33,16,164,32
6779,0,0,0,0
126432,252,32,177,70
1870,20,3,3,1
100616366,0,0,0,0
3963,2,38,0,5
653499,2,38,0,5
107986277,0,1,0,0
4793,670,447,378,416
64063,1,9,0,6
6920,1957,2128,3231,1454
3191,1457,635,3055,1158
115290,2228,422,11198,895
10236,985,327,1295,701
101867536,20,15,13,26
1565,8,2,0,2
3347,2,0,4,1
102157401,0,0,7,1
105372397,0,0,0,0
27335,9905,9607,3306,3589
3960,35,25,9,77
80818,298,61,190,105
6183,2510,1951,408,547
100506319,7,0,1,1
3346,6,3,6,6
101928311,1,10,13,6
124220,8,7,3,2
100144748,37,64,63,47
3399,1950,524,855,328
25998,654,528,481,427
107984640,37,3,16,1
3963,0,0,0,0
653499,0,0,0,0
102723525,0,0,1,0
7162,256,20,179,52
441495,23,0,0,0
643669,14,26,15,4
22933,1566,753,1380,735
54938,474,488,258,199
57061,1,1,3,3
100302187,0,0,0,0
343070,0,0,0,0
100847045,0,0,0,0
343068,0,0,0,0
100422882,0,0,0,0
2483,350,378,126,167
100505385,0,0,11,10
100126315,0,0,1,0
100616406,0,0,0,0
100616173,0,0,0,0
494331,0,0,0,0
693130,4,1,3,0
101929130,25,3,48,1
102465459,0,0,0,0
100302260,0,0,0,0
100302188,0,0,0,0
100507747,2,0,7,1
100302170,0,0,0,0
100302142,0,0,0,0
100616419,0,0,0,0
100126329,3,0,3,1
100313806,0,0,0,0
100302166,0,0,0,0
100500845,0,0,0,0
645359,0,0,0,0
100302131,0,0,0,0
100616265,0,0,0,0
100422998,0,0,0,0
101060301,0,0,0,0
100500883,0,0,0,0
100616324,0,0,0,0
494333,0,0,0,0
100422937,0,0,0,0
100500920,0,0,0,0
442913,0,0,0,0
102465859,0,0,0,0
1565,0,2,17,0
574478,0,0,0,0
649330,0,0,0,0
125050,902,854,350,321
100422976,0,1,1,0
101929469,19,2,25,9
100422941,0,0,0,0
100616466,0,1,0,1
219525,0,0,0,0
105374540,0,0,0,0
100302282,0,0,0,0
102465518,0,0,0,0
102465506,0,0,0,0
574489,0,0,0,0
102465858,0,0,0,0
100616155,0,0,0,0
100616335,0,0,0,0
100422839,0,0,0,0
100422865,0,0,0,0
103504734,0,0,0,0
102465985,0,0,0,0
441873,0,0,0,0
645359,0,0,0,0
100500902,0,0,0,0
100616297,0,0,0,0
100616273,0,0,0,0
440563,0,0,0,0
79937,0,0,0,0
100289279,0,0,0,0
100616303,0,0,0,0
124905258,4,0,3,1
100616316,0,0,0,0
100616372,0,0,0,0
391002,0,0,0,0
1933,12763,9639,2847,5099
102466235,0,0,0,0
100500880,0,0,0,0
100302261,0,0,0,0
102466203,0,0,0,0
100422999,0,0,0,0
101929983,0,0,0,0
100422872,0,0,0,0
100302171,0,0,0,0
107983988,0,0,1,0
100616134,0,0,0,0
4719,415,657,3774,3272
2825,27,0,7,8
102465696,0,0,0,0
574471,0,0,0,0
109729170,0,0,0,0
100500830,0,0,0,1
101927685,2,0,0,3
100616234,1,0,1,0
100422993,0,0,0,0
102466752,0,0,0,3
100132146,1,5,1,4
102465497,0,0,0,0
103504734,0,0,0,0
100302182,0,0,0,0
102464830,0,0,0,0
109729156,0,0,0,0
619569,0,0,0,0
100616238,0,0,0,0
100616137,0,0,0,0
645382,0,0,0,0
574477,0,0,0,0
102465690,0,0,0,0
102466519,0,0,0,0
100422825,0,0,0,0
100422885,0,0,0,0
100847091,0,0,0,0
102465692,0,0,0,0
100302227,0,0,0,0
54891,167,34,242,102
100126352,0,0,0,0
100616257,1,0,0,0
101929989,7,2,10,2
100422964,0,0,0,0
100500838,0,0,1,0
642515,0,1,23,7
100422840,0,0,0,0
100500807,0,0,0,0
574464,0,0,0,0
100302267,0,0,0,0
692211,0,0,0,0
574435,0,0,0,0
100423033,0,0,0,0
664615,0,0,0,0
100996792,0,0,0,0
100616418,0,0,0,0
100422968,0,0,0,0
109729157,0,0,0,0
494325,0,0,0,0
643699,9,3,545,40
100616136,0,0,0,0
109729126,0,0,0,0
100847009,0,0,0,0
101059915,1,1,2,0
100422897,0,0,0,0
442906,0,0,0,0
100616221,0,0,0,0
100302238,0,0,0,0
102465855,0,0,0,0
100126323,0,0,0,0
100847034,0,0,0,0
102466729,0,0,0,0
100422932,0,0,0,0
2483,350,378,126,167
100628560,0,0,0,0
100616472,0,0,0,0
124905221,0,8,0,9
103504730,0,0,0,0
100846997,0,0,0,0
105377068,10,14,10,27
57683,15,15,20,51
100616162,0,0,0,0
100616128,0,0,0,0
100616279,0,0,0,0
100616296,0,0,1,0
100616355,0,0,0,1
729732,119,45,73,55
100847044,0,0,0,1
100500868,0,0,0,0
102465498,0,0,0,0
100616254,0,0,0,0
574495,0,0,0,0
102465427,0,0,0,0
100422946,0,0,0,0
100422877,0,0,0,0
101928917,3,7,2,3
100616320,0,0,1,0
