"ID","Description","setSize","enrichmentScore","NES","pvalue","p.adjust","qvalue","rank","leading_edge","core_enrichment","log2err"
"GO:0016054","organic acid catabolic process",202,-0.737969948022191,-2.21509801485386,1e-10,1.95933333333333e-07,1.27384490261264e-07,1356,"tags=43%, list=10%, signal=39%","54677/9673/254013/10840/122970/91452/51540/23659/27349/5264/8529/549/9942/23464/1384/1738/2110/152926/2108/5095/84693/56922/113675/84830/6652/10327/10994/8309/6342/1743/64087/1579/5053/26061/38/36/4942/11112/51084/84706/130013/55862/2639/440503/66002/27034/1800/6470/4329/5446/10841/5465/3081/64902/56603/11001/51/5825/1962/23576/501/5096/10455/7263/2326/2875/7915/3945/594/144193/112817/18/125061/2731/10247/1757/58510/26275/8659/1892/51181/445/4051/1610/189/3242",NA
"GO:0046395","carboxylic acid catabolic process",202,-0.737969948022191,-2.21509801485386,1e-10,1.95933333333333e-07,1.27384490261264e-07,1356,"tags=43%, list=10%, signal=39%","54677/9673/254013/10840/122970/91452/51540/23659/27349/5264/8529/549/9942/23464/1384/1738/2110/152926/2108/5095/84693/56922/113675/84830/6652/10327/10994/8309/6342/1743/64087/1579/5053/26061/38/36/4942/11112/51084/84706/130013/55862/2639/440503/66002/27034/1800/6470/4329/5446/10841/5465/3081/64902/56603/11001/51/5825/1962/23576/501/5096/10455/7263/2326/2875/7915/3945/594/144193/112817/18/125061/2731/10247/1757/58510/26275/8659/1892/51181/445/4051/1610/189/3242",NA
"GO:0009063","amino acid catabolic process",90,-0.789724891133361,-2.20271013924567,1.04928110737529e-08,5.1397286242933e-06,3.34155347509441e-06,1100,"tags=48%, list=8%, signal=44%","549/23464/1738/152926/2108/56922/113675/1743/64087/5053/38/36/4942/11112/84706/130013/2639/27034/6470/4329/10841/3081/64902/23576/501/2875/7915/594/144193/112817/18/125061/2731/10247/1757/58510/26275/8659/1892/445/1610/189/3242",0.747739663149885
"GO:0006520","amino acid metabolic process",225,-0.699669296736741,-2.18770156204485,1e-10,1.95933333333333e-07,1.27384490261264e-07,1234,"tags=33%, list=9%, signal=30%","51540/6567/4522/4482/549/23464/23395/1738/152926/2271/2108/5095/56922/113675/29968/2678/1743/4594/64087/5053/4953/38/339983/36/4942/11112/435/84706/130013/1497/148811/2639/3172/670/51733/27034/1733/1800/6470/4329/10841/3081/64902/23576/501/5096/635/2875/79814/7915/594/144193/1644/112817/18/125061/26227/23743/2731/10247/1757/10249/58510/5184/26275/8659/95/1491/389434/1892/445/1610/189/3242",NA
"GO:0170040","proteinogenic amino acid catabolic process",72,-0.796964599342327,-2.17423162861235,3.75509372826986e-07,8.17497812398898e-05,5.31489667176585e-05,1100,"tags=50%, list=8%, signal=46%","549/23464/1738/56922/113675/1743/64087/5053/38/36/4942/11112/84706/130013/2639/27034/6470/4329/10841/3081/64902/23576/501/2875/144193/125061/2731/10247/58510/26275/8659/1892/445/1610/189/3242",0.674962860011025
"GO:0071706","tumor necrosis factor superfamily cytokine production",132,0.634257430216235,2.15975781177937,7.36469116416532e-09,4.6778433915591e-06,3.04126248361235e-06,1902,"tags=34%, list=14%, signal=30%","2214/140885/10457/5699/3133/5696/7098/4938/64581/5788/50856/4939/54209/23208/7128/7099/7305/26191/4940/10392/914/409/7097/2212/5698/23643/942/5683/10865/29126/83786/102/2209/2213/64115/10270/8841/11006/2000/5682/1524/7040/6376/64135/9181",0.761460801445585
"GO:1903555","regulation of tumor necrosis factor superfamily cytokine production",132,0.634257430216235,2.15975781177937,7.36469116416532e-09,4.6778433915591e-06,3.04126248361235e-06,1902,"tags=34%, list=14%, signal=30%","2214/140885/10457/5699/3133/5696/7098/4938/64581/5788/50856/4939/54209/23208/7128/7099/7305/26191/4940/10392/914/409/7097/2212/5698/23643/942/5683/10865/29126/83786/102/2209/2213/64115/10270/8841/11006/2000/5682/1524/7040/6376/64135/9181",0.761460801445585
"GO:0001656","metanephros development",47,-0.84252884062048,-2.15850752579182,6.02985873017628e-07,0.000104245616517577,6.77744541786123e-05,779,"tags=32%, list=6%, signal=30%","1512/6092/7849/38/3975/9356/153572/358/7490/6943/7827/7021/359/793/7369",0.659444398037935
"GO:0170035","L-amino acid catabolic process",75,-0.793810295303731,-2.15541442265085,1.43351402904429e-07,3.83008884669197e-05,2.49010164371152e-05,1100,"tags=48%, list=8%, signal=44%","549/23464/1738/56922/113675/1743/64087/5053/38/36/4942/11112/84706/130013/2639/27034/6470/4329/10841/3081/64902/23576/501/2875/144193/112817/125061/10247/58510/26275/8659/1892/445/1610/189/3242",0.690132458796796
"GO:1901605","alpha-amino acid metabolic process",152,-0.733571541246846,-2.15367519786682,8.14803232109814e-10,9.57882679668297e-07,6.22759766313235e-07,1181,"tags=38%, list=9%, signal=35%","4522/4482/549/23464/1738/2271/56922/113675/29968/2678/1743/4594/64087/5053/4953/38/339983/36/4942/11112/435/84706/130013/2639/3172/670/27034/1800/6470/4329/10841/3081/64902/23576/501/635/2875/79814/7915/144193/112817/125061/26227/23743/2731/10247/1757/10249/58510/26275/8659/1491/389434/1892/445/1610/189/3242",0.801215574617779
"GO:0170039","proteinogenic amino acid metabolic process",116,-0.762148751037768,-2.15233112133839,1.00070600283681e-08,5.1397286242933e-06,3.34155347509441e-06,884,"tags=38%, list=7%, signal=36%","56922/113675/29968/2678/1743/64087/5053/4953/38/36/4942/11112/435/84706/130013/2639/27034/6470/4329/10841/3081/64902/23576/501/635/2875/79814/144193/125061/26227/23743/2731/10247/10249/58510/26275/8659/1491/389434/1892/445/1610/189/3242",0.747739663149885
"GO:0050764","regulation of phagocytosis",68,0.697724825611218,2.14421010514625,8.45495005676633e-07,0.000130784727457033,8.502864498676e-05,1823,"tags=46%, list=14%, signal=40%","140885/11031/11314/10960/57118/8291/64581/5873/5788/3561/3071/54209/23208/3601/718/1445/7097/2212/949/1794/3055/5648/2209/116985/2213/7052/55646/196527/7040/3600/811",0.659444398037935
"GO:1901606","alpha-amino acid catabolic process",80,-0.791239849924535,-2.14298295203216,2.3523528731212e-07,6.01179573400278e-05,3.90852093465866e-05,1100,"tags=48%, list=8%, signal=44%","549/23464/1738/56922/113675/1743/64087/5053/38/36/4942/11112/84706/130013/2639/27034/6470/4329/10841/3081/64902/23576/501/2875/144193/112817/125061/2731/10247/1757/58510/26275/8659/1892/445/1610/189/3242",0.690132458796796
"GO:0061615","glycolytic process through fructose-6-phosphate",19,0.877358903286483,2.12195232778554,1.65199859724294e-06,0.000220691994422592,0.000143481135833261,990,"tags=58%, list=7%, signal=54%","3099/2026/5230/5214/226/7167/83440/5315/2023/2597/3098",0.643551836150722
"GO:0170033","L-amino acid metabolic process",124,-0.732742930143311,-2.12189926227017,2.05085230332471e-08,8.0366065592951e-06,5.22493550520316e-06,884,"tags=35%, list=7%, signal=33%","56922/113675/29968/2678/1743/64087/5053/4953/38/339983/36/4942/11112/435/84706/130013/2639/27034/6470/4329/10841/3081/64902/23576/501/635/2875/79814/144193/112817/125061/26227/23743/10247/58510/26275/8659/1491/389434/1892/445/1610/189/3242",0.73376198835648
"GO:0032640","tumor necrosis factor production",128,0.631583936546894,2.10155586549109,1.4741683441371e-08,6.18940109059847e-06,4.02398963736849e-06,1902,"tags=34%, list=14%, signal=29%","2214/140885/10457/5699/3133/5696/7098/4938/64581/5788/50856/4939/54209/23208/7128/7099/7305/26191/4940/10392/914/409/7097/2212/5698/23643/5683/10865/83786/102/2209/2213/64115/10270/8841/11006/2000/5682/1524/7040/6376/64135/9181",0.747739663149885
"GO:0032680","regulation of tumor necrosis factor production",128,0.631583936546894,2.10155586549109,1.4741683441371e-08,6.18940109059847e-06,4.02398963736849e-06,1902,"tags=34%, list=14%, signal=29%","2214/140885/10457/5699/3133/5696/7098/4938/64581/5788/50856/4939/54209/23208/7128/7099/7305/26191/4940/10392/914/409/7097/2212/5698/23643/5683/10865/83786/102/2209/2213/64115/10270/8841/11006/2000/5682/1524/7040/6376/64135/9181",0.747739663149885
"GO:0061620","glycolytic process through glucose-6-phosphate",17,0.883528068743463,2.09568129999646,6.24955675094059e-06,0.000640662490868406,0.000416521596608288,990,"tags=65%, list=7%, signal=60%","3099/2026/5230/5214/226/7167/83440/5315/2023/2597/3098",0.610526878385931
"GO:0032609","type II interferon production",81,0.655238927764854,2.09076284200019,6.50551379026788e-07,0.000106220583497763,6.90584631717416e-05,1624,"tags=35%, list=12%, signal=31%","140885/79876/5699/5696/7098/11118/64581/80381/7805/7099/26191/11119/9636/56253/914/51284/5698/51571/8140/5683/10865/29126/3606/558/64115/11006/114836/5682",0.659444398037935
"GO:0032649","regulation of type II interferon production",81,0.655238927764854,2.09076284200019,6.50551379026788e-07,0.000106220583497763,6.90584631717416e-05,1624,"tags=35%, list=12%, signal=31%","140885/79876/5699/5696/7098/11118/64581/80381/7805/7099/26191/11119/9636/56253/914/51284/5698/51571/8140/5683/10865/29126/3606/558/64115/11006/114836/5682",0.659444398037935
"GO:0032729","positive regulation of type II interferon production",53,0.725604598261433,2.08797444354578,1.24184070999225e-06,0.000178037553495963,0.000115749692069305,1116,"tags=36%, list=8%, signal=33%","5699/5696/7098/11118/64581/80381/7099/26191/11119/9636/56253/914/51284/5698/51571/8140/5683/10865/3606",0.643551836150722
"GO:0006007","glucose catabolic process",17,0.878141017679391,2.08290350314259,8.35112965013607e-06,0.000791740969088707,0.0005147440614137,990,"tags=59%, list=7%, signal=55%","3099/2026/5230/5214/226/7167/5315/2023/2597/3098",0.593325476396405
"GO:0072001","renal system development",193,-0.682876413915794,-2.07917673638907,6.61133622435673e-09,4.6778433915591e-06,3.04126248361235e-06,814,"tags=22%, list=6%, signal=21%","9353/1512/4311/6092/654/847/4091/7849/1579/38/1285/64220/3975/6569/9953/9356/284541/153572/8100/56603/4072/28999/3248/5800/8854/358/7490/7020/2296/2246/6422/65266/445/1286/2625/2719/6943/7827/7021/359/793/7369",0.761460801445585
"GO:0001822","kidney development",188,-0.691977302152207,-2.07833049332102,7.95822285055989e-09,4.6778433915591e-06,3.04126248361235e-06,814,"tags=22%, list=6%, signal=21%","9353/1512/4311/6092/654/847/4091/7849/1579/38/1285/64220/3975/6569/9953/9356/284541/153572/8100/56603/4072/28999/3248/5800/8854/358/7490/7020/2296/2246/6422/65266/445/1286/2625/2719/6943/7827/7021/359/793/7369",0.747739663149885
"GO:0072073","kidney epithelium development",90,-0.741855424559378,-2.06919204887439,1.63176818788757e-06,0.000220691994422592,0.000143481135833261,723,"tags=28%, list=5%, signal=26%","6092/847/4091/7849/38/3975/9953/9356/153572/4072/28999/5800/358/7490/2296/2246/6422/65266/2625/2719/6943/7827/7021/793/7369",0.643551836150722
"GO:0071709","membrane assembly",53,0.718473315147553,2.0674537123829,2.21752156238471e-06,0.000289657594304385,0.000188318569245159,1646,"tags=40%, list=12%, signal=35%","858/857/6281/302/7357/8826/22871/9935/7329/221035/6810/23180/2054/4038/22933/128866/2013/8841/80346/1104/23141",0.627256739718528
"GO:0044091","membrane biogenesis",58,0.687548503655459,2.06029125205565,1.84625018891943e-05,0.00146652143384708,0.000953447185987557,1646,"tags=36%, list=12%, signal=32%","858/857/6281/302/7357/8826/22871/9935/7329/221035/6810/23180/2054/4038/22933/128866/2013/8841/80346/1104/23141",0.575610261071129
"GO:0072009","nephron epithelium development",72,-0.752413352046318,-2.05268955378864,1.26446840558083e-05,0.00115468319571962,0.000750708048485833,694,"tags=28%, list=5%, signal=26%","7849/38/3975/9953/9356/153572/28999/5800/358/7490/2296/2246/65266/2625/2719/6943/7827/7021/793/7369",0.593325476396405
"GO:0044282","small molecule catabolic process",286,-0.647714453984339,-2.04431029532194,7.41926421287569e-10,9.57882679668297e-07,6.22759766313235e-07,1285,"tags=39%, list=10%, signal=36%","254013/10840/122970/91452/1576/51540/23659/89944/27349/5019/5264/8529/51302/549/9942/130589/23464/27233/9615/1384/26007/1738/2110/152926/2108/5095/84693/56922/27284/113675/84830/6652/2584/10327/2710/10994/8309/6342/1743/64087/1579/5053/26061/55902/4835/38/36/4942/11112/51084/84706/1593/130013/2528/55862/2639/219/1594/132158/51733/440503/66002/25953/27034/1800/6470/4329/27294/5446/10841/5465/3029/3081/64902/56603/11001/51/1591/5825/1962/23576/501/5096/10455/7263/4860/2326/2875/7915/3945/594/144193/55586/112817/18/125061/2731/10247/217/1757/58510/26275/8659/1892/51181/445/4051/229/1610/189/3242",0.801215574617779
"GO:1903557","positive regulation of tumor necrosis factor superfamily cytokine production",87,0.646013125190151,2.03784437042208,5.20484204702268e-06,0.000556255664589078,0.000361645173300207,1094,"tags=28%, list=8%, signal=26%","2214/5699/3133/5696/7098/4938/64581/5788/4939/7099/7305/4940/10392/914/7097/2212/5698/23643/942/5683/10865/83786/102/2209",0.610526878385931
"GO:0072329","monocarboxylic acid catabolic process",104,-0.723113291736045,-2.03734062766465,2.26837082082263e-06,0.000289858340973813,0.000188449083087402,1356,"tags=41%, list=10%, signal=37%","54677/254013/91452/23659/27349/5264/8529/549/9942/1384/2110/2108/5095/84693/84830/6652/10327/10994/8309/6342/1579/26061/38/51084/55862/2639/440503/66002/5465/64902/56603/11001/51/5825/1962/5096/10455/3945/112817/1892/51181/4051/189",0.627256739718528
"GO:0019884","antigen processing and presentation of exogenous antigen",27,0.802327232207869,2.03277893546261,6.43916971515818e-05,0.00415927907535162,0.00270412203913581,620,"tags=37%, list=5%, signal=35%","1520/567/5699/3133/3134/912/50856/10437/3140/1509",0.538434096309916
"GO:0018958","phenol-containing compound metabolic process",56,-0.783984628484825,-2.02731412204743,2.47548536827e-05,0.00188972766164819,0.0012285913316349,855,"tags=34%, list=6%, signal=32%","27284/4128/7849/5053/9365/4881/1497/223/2643/1733/5071/1644/18/217/1428/389434/2625/1610/115111",0.575610261071129
"GO:0019882","antigen processing and presentation",68,0.658194858374532,2.02272875305196,1.55634939801472e-05,0.00130056726945352,0.000845553412741513,1888,"tags=40%, list=14%, signal=34%","1520/567/5699/3133/3134/925/10981/5873/6890/912/50856/54209/10437/3140/1509/10392/23180/55080/7454/51752/2213/219972/2923/6892/811/3077/55016",0.575610261071129
"GO:0032760","positive regulation of tumor necrosis factor production",84,0.645979886463179,2.01284792293659,4.9498803209321e-06,0.00055047644251559,0.000357887858271602,2249,"tags=39%, list=17%, signal=33%","2214/5699/3133/5696/7098/4938/64581/5788/4939/7099/7305/4940/10392/914/7097/2212/5698/23643/5683/10865/83786/102/2209/2213/5682/7040/64135/9181/29108/1536/4898/5688/3459",0.610526878385931
"GO:0061621","canonical glycolysis",16,0.880009486576297,2.01034960047074,1.45592900790591e-05,0.0012402827113726,0.000806359889255143,990,"tags=62%, list=7%, signal=58%","3099/2026/5230/5214/226/7167/5315/2023/2597/3098",0.593325476396405
"GO:0061718","glucose catabolic process to pyruvate",16,0.880009486576297,2.01034960047074,1.45592900790591e-05,0.0012402827113726,0.000806359889255143,990,"tags=62%, list=7%, signal=58%","3099/2026/5230/5214/226/7167/5315/2023/2597/3098",0.593325476396405
"GO:0072006","nephron development",102,-0.703927051015312,-2.00362172707187,1.2965139659322e-05,0.00115468319571962,0.000750708048485833,694,"tags=22%, list=5%, signal=21%","7849/38/1285/3975/9953/9356/153572/28999/5800/358/7490/2296/2246/65266/1286/2625/2719/6943/7827/7021/793/7369",0.593325476396405
"GO:0070661","leukocyte proliferation",177,0.571653317331167,2.00341391777888,5.88273978492334e-08,1.92104135865441e-05,1.24894968140353e-05,2328,"tags=42%, list=17%, signal=36%","2214/4208/10457/11314/3133/3958/4828/6352/10673/6541/4690/4332/301/5788/912/3561/3071/80381/54209/923/1029/7128/7805/7305/26191/11119/56253/10385/100133941/4067/3087/942/2494/5130/916/29126/8744/283234/3606/9231/55716/7409/7293/2013/5880/2213/64115/4478/11006/202309/2000/952/958/3659/8660/11148/7037/1439/196/3600/6376/23240/7412/7133/51293/2323/684/29108/8740/1435/115352/2796/3574/4609/6664",0.719512826338911
"GO:0006575","modified amino acid metabolic process",140,-0.675494232445953,-1.99202489153737,3.92931637262315e-06,0.000452872973299586,0.000294431743059906,1853,"tags=39%, list=14%, signal=34%","8876/25974/441024/6573/5447/2938/34/22928/2946/2806/29958/54677/22929/10840/6567/23659/4522/57515/2939/6505/1384/8424/55349/27284/9027/284439/2678/7849/4780/2348/2628/1497/223/2643/1733/1800/6470/10841/3029/64902/501/635/129642/112817/23743/8836/1428/1757/8659/389434/2947/445/2625/115111",0.610526878385931
"GO:0006909","phagocytosis",174,0.569221475641999,1.99077117888865,6.97784585738923e-08,2.15872515524915e-05,1.40347790157663e-05,1866,"tags=35%, list=14%, signal=31%","140885/4481/11031/11314/9938/1777/3003/4688/10960/57118/3689/8291/64581/301/9844/5873/23603/5788/3561/3071/948/54209/23208/3687/3601/7099/7305/718/1445/338382/5175/7097/4067/2212/949/1794/3055/5648/3688/23184/2209/7409/558/116985/3683/22918/84286/11151/2213/122618/4627/4689/7052/55646/196527/7040/3600/811/353376/5338/4615",0.704975715167238
"GO:0097300","programmed necrotic cell death",43,0.70236239297882,1.98516727090956,0.000102409553827357,0.00562582577006731,0.00365758564827514,1027,"tags=28%, list=8%, signal=26%","8996/857/7098/8531/197259/355/330/54936/356/8473/26471/253430",0.538434096309916
"GO:0002478","antigen processing and presentation of exogenous peptide antigen",25,0.782468810271827,1.98437452807747,0.000288831775763608,0.0115493413465203,0.00750871194426591,620,"tags=32%, list=5%, signal=31%","1520/567/5699/3133/3134/50856/10437/1509",0.49849310876659
"GO:0070665","positive regulation of leukocyte proliferation",90,0.627382748256035,1.9836196754304,5.9422515539987e-06,0.000623724189900078,0.000405509295648391,2811,"tags=52%, list=21%, signal=42%","2214/4208/3133/4828/6352/10673/6541/4690/301/5788/912/3561/3071/80381/923/100133941/4067/942/2494/916/29126/8744/283234/3606/7293/952/8660/11148/7037/1439/3600/7412/51293/2323/684/29108/1435/115352/3574/64926/7297/975/1436/23529/920/972/729230",0.610526878385931
"GO:0030101","natural killer cell activation",49,0.677294448555982,1.97706285822951,0.000333515559605987,0.0127298990867792,0.00827624212102773,1290,"tags=33%, list=10%, signal=30%","2214/3133/3134/639/5788/3561/7305/26191/914/57823/3606/4068/7409/558/2013/11151",0.49849310876659
"GO:0061326","renal tubule development",60,-0.75037957104674,-1.97081313519772,9.24116748606147e-05,0.00535177815303234,0.00347941578095642,694,"tags=27%, list=5%, signal=25%","7849/38/3975/9953/9356/153572/358/7490/2246/65266/2625/2719/6943/7021/793/7369",0.538434096309916
"GO:0033209","tumor necrosis factor-mediated signaling pathway",95,0.609528555082764,1.96691208876238,6.32161015147458e-06,0.000640662490868406,0.000416521596608288,2013,"tags=29%, list=15%, signal=25%","8996/60401/307/355/330/10673/834/8717/83483/7188/7128/7805/7114/102/7293/8439/10010/90268/114769/83643/8904/7186/147138/3611/7132/837/22900/7133",0.610526878385931
"GO:0046651","lymphocyte proliferation",152,0.574289432449576,1.96530637137146,4.6864321810419e-07,8.60839011255135e-05,5.59667601118132e-05,2511,"tags=46%, list=19%, signal=38%","2214/4208/10457/11314/3133/3958/6352/10673/6541/4690/4332/301/5788/912/3071/80381/923/1029/7805/7305/26191/11119/56253/10385/100133941/4067/942/2494/5130/916/29126/8744/283234/3606/9231/55716/7409/7293/2013/5880/2213/64115/4478/11006/202309/2000/952/958/3659/8660/11148/7037/196/3600/23240/7412/7133/51293/2323/29108/8740/115352/2796/3574/4609/6664/64926/7297/975/22806",0.674962860011025
"GO:0070663","regulation of leukocyte proliferation",148,0.577578624946762,1.96521940002085,4.36901265350191e-07,8.49092081906038e-05,5.52030428913626e-05,2511,"tags=45%, list=19%, signal=37%","2214/4208/10457/11314/3133/3958/4828/6352/10673/6541/4690/4332/301/5788/912/3561/3071/80381/923/1029/7128/7805/7305/26191/56253/10385/100133941/4067/3087/942/2494/916/29126/8744/283234/3606/9231/7293/5880/2213/64115/11006/952/3659/8660/11148/7037/1439/196/3600/23240/7412/7133/51293/2323/684/29108/1435/115352/2796/3574/6664/64926/7297/975/22806",0.674962860011025
"GO:0015701","bicarbonate transport",23,-0.873610516178228,-1.96420848166109,9.74524081286609e-05,0.0054554786188597,0.00354683580977204,952,"tags=35%, list=7%, signal=32%","55630/762/283375/65010/8671/83697/115111/6521",0.538434096309916
"GO:0002228","natural killer cell mediated immunity",47,0.690177285298416,1.95960866813828,0.000242840322084335,0.0101958243800837,0.00662873370934163,1724,"tags=40%, list=13%, signal=35%","2214/567/3133/3134/441168/5272/7305/56253/3635/914/203068/409/57823/7409/11151/5817/114836/10870/7040",0.518848077743792
"GO:0032943","mononuclear cell proliferation",154,0.571095972049541,1.95920606630019,3.16613354933898e-07,7.75438875125605e-05,5.04145385352042e-05,2511,"tags=46%, list=19%, signal=38%","2214/4208/10457/11314/3133/3958/6352/10673/6541/4690/4332/301/5788/912/3071/80381/923/1029/7805/7305/26191/11119/56253/10385/100133941/4067/942/2494/5130/916/29126/8744/283234/3606/9231/55716/7409/7293/2013/5880/2213/64115/4478/11006/202309/2000/952/958/3659/8660/11148/7037/196/3600/23240/7412/7133/51293/2323/29108/8740/1435/115352/2796/3574/4609/6664/64926/7297/975/22806",0.674962860011025
"GO:0001657","ureteric bud development",52,-0.763221135931913,-1.95705107318785,9.3480917914724e-05,0.00535177815303234,0.00347941578095642,814,"tags=31%, list=6%, signal=29%","9353/6092/847/4091/7849/3975/9953/4072/7490/2296/2246/6422/2625/2719/6943/793",0.538434096309916
"GO:0001776","leukocyte homeostasis",59,0.664469696895151,1.95644368326601,2.66362175701039e-05,0.00199827311695283,0.0012991612916255,997,"tags=25%, list=7%, signal=24%","121260/4208/5699/5696/355/10673/301/3561/3071/55619/7128/10019/4067/5698/5683",0.575610261071129
"GO:0072080","nephron tubule development",58,-0.757838101990885,-1.95502759665682,9.24116586323362e-05,0.00535177815303234,0.00347941578095642,694,"tags=28%, list=5%, signal=26%","7849/38/3975/9953/9356/153572/358/7490/2246/65266/2625/2719/6943/7021/793/7369",0.538434096309916
"GO:0001823","mesonephros development",55,-0.750271742797858,-1.95173264928837,0.000200371266611591,0.00892259322077978,0.00580095265007304,814,"tags=29%, list=6%, signal=27%","9353/6092/847/4091/7849/3975/9953/4072/7490/2296/2246/6422/2625/2719/6943/793",0.518848077743792
"GO:0048002","antigen processing and presentation of peptide antigen",45,0.693235006240625,1.94717466612926,0.000114113167160984,0.00609779269611147,0.00396443117206373,1888,"tags=44%, list=14%, signal=38%","1520/567/5699/3133/3134/6890/50856/54209/10437/3140/1509/55080/51752/2213/219972/2923/6892/811/3077/55016",0.538434096309916
"GO:0050777","negative regulation of immune response",147,0.570974748006909,1.94682738549668,3.57850479512366e-07,8.17497812398898e-05,5.31489667176585e-05,1764,"tags=35%, list=13%, signal=30%","11314/10068/3133/3958/84166/3134/6688/4938/79651/301/9111/25939/5788/56833/3071/54209/9140/7128/5272/4940/9636/3635/84695/64092/6737/409/4067/55255/10212/3055/5648/3428/29126/3956/11277/2896/3606/2/7534/2213/54625/6773/10906/5817/2778/11006/5682/10769/55646/7040/196",0.674962860011025
"GO:0032944","regulation of mononuclear cell proliferation",132,0.57106737948867,1.94458460420802,4.96346571169211e-06,0.00055047644251559,0.000357887858271602,2511,"tags=45%, list=19%, signal=37%","2214/4208/10457/11314/3133/3958/6352/10673/6541/4690/4332/301/5788/912/3071/80381/923/1029/7805/7305/26191/56253/10385/100133941/4067/942/2494/916/29126/8744/283234/3606/9231/7293/5880/2213/64115/11006/952/3659/8660/11148/7037/196/3600/23240/7412/7133/51293/2323/29108/1435/115352/2796/3574/6664/64926/7297/975/22806",0.610526878385931
"GO:0050868","negative regulation of T cell activation",87,0.614596549655849,1.93874097902942,3.85273937718363e-05,0.00269600024512921,0.00175278300597156,1904,"tags=37%, list=14%, signal=32%","10457/11314/5699/3133/3958/5696/55824/301/864/865/1029/7805/26191/867/56253/1445/84695/10385/5698/942/5683/29126/3956/9231/64115/11006/5682/3659/861/3077/79626/23240",0.557332238758646
"GO:0006576","biogenic amine metabolic process",47,-0.756273951935176,-1.93752775941795,0.000578710910763302,0.0185883209479054,0.0120850482583959,1118,"tags=38%, list=8%, signal=35%","26/6505/27284/4128/5053/4953/9365/4881/2643/6581/5071/79814/1644/18/112483/217/2625/1610",0.477270815362862
"GO:0062099","negative regulation of programmed necrotic cell death",15,0.856234151596308,1.93484752238247,0.000111481027617887,0.00601179339759577,0.00390851941566233,816,"tags=40%, list=6%, signal=38%","8996/857/8531/330/54936/26471",0.538434096309916
"GO:0072163","mesonephric epithelium development",53,-0.756407692710292,-1.93461022193296,0.000318293128696814,0.0123087303321044,0.00800242262224472,814,"tags=30%, list=6%, signal=28%","9353/6092/847/4091/7849/3975/9953/4072/7490/2296/2246/6422/2625/2719/6943/793",0.49849310876659
"GO:0072164","mesonephric tubule development",53,-0.756407692710292,-1.93461022193296,0.000318293128696814,0.0123087303321044,0.00800242262224472,814,"tags=30%, list=6%, signal=28%","9353/6092/847/4091/7849/3975/9953/4072/7490/2296/2246/6422/2625/2719/6943/793",0.49849310876659
"GO:0031579","membrane raft organization",22,0.790593455529473,1.93003185722081,0.000791320076448411,0.0236280072027557,0.015361559986794,859,"tags=36%, list=6%, signal=34%","858/857/6281/302/5788/8826/914/23180",0.477270815362862
"GO:0050866","negative regulation of cell activation",140,0.553159139418323,1.92812405047808,1.04598230069961e-05,0.000975918089446396,0.000634485343794876,1904,"tags=37%, list=14%, signal=32%","10457/11314/5699/3133/3958/5696/4345/55824/4332/301/8832/5788/864/865/54209/23208/1029/7128/7805/7305/26191/867/10019/56253/1445/84695/5154/10385/64092/4067/5698/942/9572/5683/29126/3956/928/114757/2896/9231/2213/2335/64115/11006/5682/4846/3659/861/6376/3077/79626/23240",0.593325476396405
"GO:0032946","positive regulation of mononuclear cell proliferation",80,0.617618109377314,1.92634830340249,2.68566819052864e-05,0.00199827311695283,0.0012991612916255,2493,"tags=46%, list=18%, signal=38%","2214/4208/3133/6352/10673/6541/4690/301/5788/912/3071/80381/923/100133941/942/2494/916/29126/8744/283234/3606/7293/952/8660/11148/7037/3600/7412/51293/2323/29108/1435/115352/3574/64926/7297/975",0.575610261071129
"GO:0050766","positive regulation of phagocytosis",48,0.682535593208912,1.92574361763218,0.000167480491642238,0.00781309785613553,0.00507962310870296,1823,"tags=46%, list=14%, signal=40%","140885/11031/10960/57118/64581/5873/5788/3561/3071/54209/3601/718/2212/1794/5648/2209/116985/2213/55646/196527/3600/811",0.518848077743792
"GO:0006584","catecholamine metabolic process",27,-0.810805443590624,-1.92229908833405,0.00230280038653787,0.0479995059293249,0.0312064950438903,1023,"tags=44%, list=8%, signal=41%","6505/4128/5053/9365/4881/2643/5071/1644/18/217/2625/1610",0.431707695803346
"GO:0009712","catechol-containing compound metabolic process",27,-0.810805443590624,-1.92229908833405,0.00230280038653787,0.0479995059293249,0.0312064950438903,1023,"tags=44%, list=8%, signal=41%","6505/4128/5053/9365/4881/2643/5071/1644/18/217/2625/1610",0.431707695803346
"GO:0009062","fatty acid catabolic process",87,-0.698004846079896,-1.919439387859,0.000156330083682202,0.00747079863320314,0.00485708000545321,2339,"tags=51%, list=17%, signal=42%","80724/3712/1891/55268/3032/9663/51390/2166/30/34/3667/54677/254013/91452/23659/27349/5264/8529/549/1384/2110/2108/5095/84693/84830/10994/8309/6342/1579/26061/38/55862/2639/440503/66002/5465/11001/51/5825/1962/5096/10455/1892/4051",0.518848077743792
"GO:0070269","pyroptotic inflammatory response",33,0.717351592780392,1.91923270850206,0.00033743644458171,0.0127837079815838,0.00831122554380523,2267,"tags=55%, list=17%, signal=45%","2634/834/54209/91039/115362/6737/3001/1687/2635/114548/3429/7186/836/837/22861/22900/29108/51776",0.49849310876659
"GO:2000108","positive regulation of leukocyte apoptotic process",18,0.820697898238465,1.91727141303817,0.000160459891751239,0.00760631648156274,0.00494518585115544,1611,"tags=56%, list=12%, signal=49%","4208/6352/301/27113/1029/4067/29126/96459/27166/64065",0.518848077743792
"GO:0002474","antigen processing and presentation of peptide antigen via MHC class I",25,0.755437532886074,1.91582204700535,0.000978981082470011,0.0270247953868691,0.0175699546687885,1850,"tags=60%, list=14%, signal=52%","567/5699/3133/3134/6890/50856/10437/3140/55080/51752/219972/2923/6892/811/3077",0.45505986738723
"GO:1904706","negative regulation of vascular associated smooth muscle cell proliferation",17,0.806580556882661,1.91316591945255,0.000606081830910831,0.0193616793592058,0.0125878410468244,872,"tags=35%, list=6%, signal=33%","4208/1026/8490/8862/7043/7168",0.477270815362862
"GO:0045730","respiratory burst",26,0.76794125210541,1.90711111066486,0.00047644006237831,0.0157332285767399,0.0102288327785572,2248,"tags=62%, list=17%, signal=51%","4688/57118/64581/56833/54209/100133941/653361/3055/2896/5880/6280/4689/1043/6223/1536/79415",0.49849310876659
"GO:0002695","negative regulation of leukocyte activation",122,0.568894651895502,1.90675754388891,1.57094719515481e-05,0.00130056726945352,0.000845553412741513,1904,"tags=38%, list=14%, signal=33%","10457/11314/5699/3133/3958/5696/4345/55824/4332/301/8832/5788/864/865/23208/1029/7128/7805/7305/26191/867/56253/1445/84695/10385/64092/4067/5698/942/9572/5683/29126/3956/2896/9231/2213/2335/64115/11006/5682/3659/861/6376/3077/79626/23240",0.575610261071129
"GO:0060993","kidney morphogenesis",48,-0.749377403229998,-1.906104438015,0.000787290169814791,0.0236280072027557,0.015361559986794,694,"tags=23%, list=5%, signal=22%","7849/3975/9953/153572/7490/2246/65266/2625/2719/6943/793",0.477270815362862
"GO:0170044","non-proteinogenic amino acid catabolic process",17,-0.902888717000259,-1.90396629030854,6.40845908835319e-05,0.00415927907535162,0.00270412203913581,315,"tags=47%, list=2%, signal=46%","64902/7915/112817/18/1757/8659/445/1610",0.538434096309916
"GO:0072207","metanephric epithelium development",17,-0.902537181051189,-1.9032249889895,6.81108122024209e-05,0.00425909951197692,0.00276901949798492,694,"tags=47%, list=5%, signal=45%","7849/38/9356/358/7490/7827/793/7369",0.538434096309916
"GO:0009309","amine biosynthetic process",24,-0.846988209974534,-1.90264658492973,0.0012716038167935,0.0321077081394097,0.0208745697590821,685,"tags=38%, list=5%, signal=36%","5053/4953/9365/2643/79814/1644/217/2625/1610",0.45505986738723
"GO:0042401","biogenic amine biosynthetic process",24,-0.846988209974534,-1.90264658492973,0.0012716038167935,0.0321077081394097,0.0208745697590821,685,"tags=38%, list=5%, signal=36%","5053/4953/9365/2643/79814/1644/217/2625/1610",0.45505986738723
"GO:0050670","regulation of lymphocyte proliferation",131,0.569923564821737,1.90246712164374,6.95979953269726e-06,0.000681828360886575,0.000443285257896613,2511,"tags=45%, list=19%, signal=37%","2214/4208/10457/11314/3133/3958/6352/10673/6541/4690/4332/301/5788/912/3071/80381/923/1029/7805/7305/26191/56253/10385/100133941/4067/942/2494/916/29126/8744/283234/3606/9231/7293/5880/2213/64115/11006/952/3659/8660/11148/7037/196/3600/23240/7412/7133/51293/2323/29108/115352/2796/3574/6664/64926/7297/975/22806",0.610526878385931
"GO:0046189","phenol-containing compound biosynthetic process",27,-0.802254576579053,-1.90202625470825,0.00342515159507776,0.0597419616494571,0.038840758754291,685,"tags=30%, list=5%, signal=28%","5053/9365/1497/2643/1644/217/2625/1610",0.431707695803346
"GO:0050671","positive regulation of lymphocyte proliferation",79,0.616101333702671,1.90136265876348,4.66558096617755e-05,0.00318887033944089,0.00207321855749715,2493,"tags=46%, list=18%, signal=37%","2214/4208/3133/6352/10673/6541/4690/301/5788/912/3071/80381/923/100133941/942/2494/916/29126/8744/283234/3606/7293/952/8660/11148/7037/3600/7412/51293/2323/29108/115352/3574/64926/7297/975",0.557332238758646
"GO:0030857","negative regulation of epithelial cell differentiation",19,0.786141302030536,1.90133633973889,0.000413337750859692,0.0143763272162915,0.00934665420692295,1090,"tags=37%, list=8%, signal=34%","857/7422/182/161742/10252/6935/4487",0.49849310876659
"GO:0006081","aldehyde metabolic process",65,-0.707565448374165,-1.89730838162999,0.000429166493677743,0.0146665154060336,0.00953531773855,1284,"tags=45%, list=10%, signal=41%","10840/224/55163/317749/10901/11320/26007/3417/22977/10327/157506/654/1468/653/249/223/219/132158/25953/9380/3029/64902/501/8854/112817/5105/217/229/189",0.49849310876659
"GO:0071320","cellular response to cAMP",37,-0.782487241483968,-1.8958600031112,0.000296499801860662,0.0116968176868253,0.00760459250790329,269,"tags=19%, list=2%, signal=19%","65010/358/7490/1393/445/10411/2203",0.49849310876659
"GO:2000767","positive regulation of cytoplasmic translation",15,0.838538518381545,1.89486038566439,0.00022632024336079,0.00963993036575886,0.00626732366006945,195,"tags=20%, list=1%, signal=20%","5315/8531/4869",0.518848077743792
"GO:0000096","sulfur amino acid metabolic process",30,-0.807582614840614,-1.89000658097155,0.00112455025933422,0.0298136198787628,0.0193830866167028,1181,"tags=40%, list=9%, signal=37%","4522/4482/2678/4594/670/1800/7263/635/2326/23743/1491/189",0.45505986738723
"GO:0006805","xenobiotic metabolic process",79,-0.695825860670335,-1.88655453179695,0.000171107255573781,0.0079194366004936,0.00514875839321339,1926,"tags=44%, list=14%, signal=38%","2327/2330/30/2938/10858/54658/2180/2946/57412/134147/1576/7364/8529/27233/2939/54600/9/873/27284/348158/2329/3172/5243/670/66002/1429/2052/56603/55347/7172/9915/217/316/10249/2947",0.518848077743792
"GO:0035725","sodium ion transmembrane transport",119,-0.658415219534541,-1.88604090663177,6.43086167807408e-05,0.00415927907535162,0.00270412203913581,661,"tags=18%, list=5%, signal=17%","53373/55283/1259/6569/6561/340024/29098/6526/9058/9963/6340/6337/6559/6326/6557/8671/65266/476/83697/6338/64849",0.538434096309916
"GO:0002698","negative regulation of immune effector process",73,0.620667983898888,1.88560492159119,7.5338965364845e-05,0.00461294206681832,0.00299906740619119,2811,"tags=53%, list=21%, signal=43%","11314/3133/3958/3134/6688/301/8832/5788/56833/3071/7043/5272/3635/84695/409/5648/29126/3956/2896/2/2213/5817/11006/1524/7040/196/3077/684/6223/115352/3824/710/5777/3718/7042/8078/11213/79004/729230",0.538434096309916
"GO:0006099","tricarboxylic acid cycle",30,-0.804236807147896,-1.88217630027742,0.00128911519579801,0.0321077081394097,0.0208745697590821,1252,"tags=53%, list=9%, signal=48%","6391/55753/3417/1738/2271/4190/1743/8802/48/8801/6390/5160/130752/6392/5162/8803",0.45505986738723
"GO:0072243","metanephric nephron epithelium development",16,-0.900361294274027,-1.88136781541696,0.000138702519273274,0.00696831972895985,0.00453039736296901,694,"tags=44%, list=5%, signal=42%","7849/38/9356/358/7827/793/7369",0.518848077743792
"GO:0051249","regulation of lymphocyte activation",334,0.502045147934156,1.87701615497454,1.41364587998415e-09,1.38490174709114e-06,9.00382799158587e-07,2521,"tags=36%, list=19%, signal=30%","2214/140885/857/121260/4208/10457/11314/567/5699/3133/3958/5696/639/6688/6352/939/10673/64581/6541/55824/4690/4332/301/5788/912/56833/3561/3071/864/80381/865/60/923/1029/7128/7805/7305/26191/867/6932/56253/3635/1445/84695/10385/64092/914/100133941/4067/5698/942/2494/51571/916/5683/29126/6602/8744/3956/283234/3606/9231/7409/558/7293/27166/6604/5880/2213/9840/7494/64115/114548/11006/399/604/9473/65992/5682/952/3659/8660/11148/7037/861/7040/7532/196/3600/84787/3077/79626/23240/150372/196528/7412/23149/7133/8477/51293/2323/29108/8740/90379/10538/5688/115352/2796/3574/51176/6664/8450/3824/6598/64926/7297/4192/975/22806/207/5777",0.788186810800237
"GO:0140894","endolysosomal toll-like receptor signaling pathway",44,0.671581361721821,1.87666498871551,0.000260053812497054,0.0106894846843195,0.00694968300953195,2365,"tags=48%, list=18%, signal=39%","121260/4481/7098/1956/4938/23151/7128/26191/338382/51135/4067/51284/23180/3659/3654/81622/4615/3660/5538/115352/148022",0.49849310876659
"GO:0042267","natural killer cell mediated cytotoxicity",43,0.66333184037601,1.87485075002638,0.000716004802467036,0.0221509275205328,0.0144012484400338,1724,"tags=37%, list=13%, signal=33%","2214/3133/3134/5272/56253/3635/914/203068/409/57823/7409/11151/5817/114836/10870/7040",0.477270815362862
"GO:0019395","fatty acid oxidation",84,-0.680616866554389,-1.87274279143172,0.000224012428643223,0.00961127777784574,0.00624869540910325,1740,"tags=37%, list=13%, signal=32%","30/5447/34/3667/54677/254013/27349/5264/8529/549/1384/2110/2108/10994/8309/6342/26061/38/55862/2639/440503/5465/11001/51/5825/1962/84649/10455/51179/1892/4051",0.518848077743792
"GO:0072210","metanephric nephron development",25,-0.822465127047856,-1.87131970133103,0.00186820263239268,0.0419519879081983,0.027274749549843,694,"tags=32%, list=5%, signal=30%","7849/3975/153572/358/7490/6943/7827/7021",0.45505986738723
"GO:0051607","defense response to virus",230,0.513878106328647,1.8690847393037,4.47802901311453e-07,8.49092081906038e-05,5.52030428913626e-05,2409,"tags=31%, list=18%, signal=26%","2634/84166/4828/3627/10346/7098/4938/197259/5551/834/4690/91351/25939/5788/4939/151636/9140/64108/51251/7128/115362/146857/3669/4940/440275/9636/200316/83666/6039/91607/140564/6737/7097/3455/51284/51257/80342/5371/3428/10010/84993/3437/6773/27350/2635/3429/54541/3665/6502/3659/5611/81622/56915/4615/10533/64135/22861/22900/3660/10410/684/29108/1130/29110/4599/24138/11331/9641/148022/85363/9020",0.674962860011025
"GO:0009308","amine metabolic process",57,-0.715299478097458,-1.86873618414978,0.0014417347221783,0.0351639696969463,0.0228615737771762,1118,"tags=35%, list=8%, signal=32%","26/6505/55349/27284/4128/5053/4953/9365/4881/2643/6581/5071/501/79814/1644/18/112483/217/2625/1610",0.45505986738723
"GO:0015698","inorganic anion transport",93,-0.677506988372662,-1.86851462511496,0.00011086241645506,0.00601179339759577,0.00390851941566233,1058,"tags=24%, list=8%, signal=22%","1184/6505/55248/2555/9481/1468/7809/9213/6569/6561/5243/368/846/65010/7421/1188/6559/6557/53405/83697/115111/6521",0.538434096309916
"GO:0032608","interferon-beta production",51,0.631955155085375,1.8669940199129,0.000784955135782972,0.0236280072027557,0.015361559986794,2185,"tags=33%, list=16%, signal=28%","140885/7098/4938/8717/4939/7099/4940/9636/7097/51284/80342/5971/3665/3659/64135/29108/29110",0.477270815362862
"GO:0032648","regulation of interferon-beta production",51,0.631955155085375,1.8669940199129,0.000784955135782972,0.0236280072027557,0.015361559986794,2185,"tags=33%, list=16%, signal=28%","140885/7098/4938/8717/4939/7099/4940/9636/7097/51284/80342/5971/3665/3659/64135/29108/29110",0.477270815362862
"GO:1902600","proton transmembrane transport",155,-0.629441262227092,-1.86660333437323,6.20282803311991e-05,0.00414320717939532,0.00269367302446793,1464,"tags=34%, list=11%, signal=30%","4728/4709/4697/4715/4704/389015/522/6549/516/3954/4723/515/518/51606/4512/155066/526/4722/8604/1329/146802/292/7384/56606/57210/27069/245973/56848/4705/9481/4536/7388/4539/27109/1497/127124/4538/523/525/4535/4540/4513/4541/50617/4508/4514/4537/6565/4519/245972/476/153201",0.538434096309916
"GO:0002819","regulation of adaptive immune response",128,0.560460215166286,1.86489615140751,1.42102024974063e-05,0.0012402827113726,0.000806359889255143,1850,"tags=30%, list=14%, signal=26%","121260/4208/10068/567/3133/3134/64581/301/5788/912/3071/54209/3140/7128/440275/84695/64092/51571/10865/29126/7454/3956/3606/64170/2213/5817/114548/11006/604/3665/3659/7037/7040/7186/7532/196/84787/3077",0.593325476396405
"GO:0002822","regulation of adaptive immune response based on somatic recombination of immune receptors built from immunoglobulin superfamily domains",120,0.554544776955912,1.86454056469398,2.46462457458023e-05,0.00188972766164819,0.0012285913316349,1850,"tags=28%, list=14%, signal=25%","121260/4208/10068/567/3133/3134/64581/301/5788/912/3071/54209/3140/7128/84695/51571/10865/29126/7454/3956/3606/64170/2213/5817/114548/11006/604/7037/7040/7186/7532/196/84787/3077",0.575610261071129
"GO:1901740","negative regulation of myoblast fusion",47,0.656292885995015,1.86340126751238,0.00104723184422882,0.0284982813906343,0.0185279298142294,3792,"tags=72%, list=28%, signal=52%","6157/6175/6137/6139/6132/6143/6171/6173/6181/6168/6164/11224/6134/25873/6158/23521/6141/6124/6142/6167/6169/6133/9349/6155/6129/6147/6160/6170/6130/4736/6161/6135/6176/6156",0.45505986738723
"GO:0050853","B cell receptor signaling pathway",44,0.6655763155719,1.85988450535563,0.000348581474186339,0.0130507127724032,0.00848481657396437,2535,"tags=45%, list=19%, signal=37%","4208/11314/4332/5788/7462/3071/581/26191/9404/5583/4067/23180/2213/3702/952/150372/115352/975/5777/89857",0.49849310876659
"GO:0060546","negative regulation of necroptotic process",13,0.837439045753863,1.85953106033874,0.00174043862447983,0.0407653103188316,0.0265032406021093,410,"tags=31%, list=3%, signal=30%","857/8531/330/54936",0.45505986738723
"GO:0032479","regulation of type I interferon production",116,0.559150925743027,1.85909129275372,3.41704077114513e-05,0.00241992357262543,0.00157329396446125,3472,"tags=46%, list=26%, signal=34%","140885/4828/7098/4938/8717/4939/9140/7099/7305/26191/4940/9636/3394/6737/7097/51284/2597/80342/5971/10010/4055/3665/3659/3654/6614/353376/4615/64135/3838/3660/84148/29108/5422/29110/54906/9641/148022/91947/8815/3148/84282/54606/54739/3663/7187/58509/160364/23586/9444/8767/7353/929/340061",0.557332238758646
"GO:0032606","type I interferon production",116,0.559150925743027,1.85909129275372,3.41704077114513e-05,0.00241992357262543,0.00157329396446125,3472,"tags=46%, list=26%, signal=34%","140885/4828/7098/4938/8717/4939/9140/7099/7305/26191/4940/9636/3394/6737/7097/51284/2597/80342/5971/10010/4055/3665/3659/3654/6614/353376/4615/64135/3838/3660/84148/29108/5422/29110/54906/9641/148022/91947/8815/3148/84282/54606/54739/3663/7187/58509/160364/23586/9444/8767/7353/929/340061",0.557332238758646
"GO:0002260","lymphocyte homeostasis",44,0.664961879321965,1.8581675264998,0.000374402091493946,0.0135026985284186,0.00877867149979993,997,"tags=25%, list=7%, signal=23%","4208/5699/5696/355/10673/3071/55619/7128/4067/5698/5683",0.49849310876659
"GO:0090382","phagosome maturation",25,0.732192859154539,1.85687255552299,0.00229558803373536,0.0479995059293249,0.0312064950438903,1290,"tags=36%, list=10%, signal=33%","11031/10981/56833/23208/338382/285195/23682/84286/11151",0.431707695803346
"GO:0071887","leukocyte apoptotic process",64,0.609329811317365,1.85589189836773,0.000943255781298632,0.0265285047008295,0.0172472952468972,1814,"tags=34%, list=13%, signal=30%","4208/3958/3059/6352/355/301/27113/581/1029/356/4067/80301/29126/55716/558/96459/27166/604/3665/64065/8660/836",0.477270815362862
"GO:0043124","negative regulation of canonical NF-kappaB signal transduction",74,0.601460220538465,1.85532502315863,0.000438948298478388,0.0149140930546587,0.00969627836752347,1746,"tags=24%, list=13%, signal=21%","140885/307/84166/6688/4345/54209/3275/7128/7114/409/9572/7088/10010/10318/11006/399/3654/147138",0.49849310876659
"GO:0006911","phagocytosis, engulfment",38,0.672030353856544,1.85348577622671,0.00119264273663187,0.0307471666926408,0.0199900246144276,632,"tags=26%, list=5%, signal=25%","4481/11031/11314/9938/3689/9844/3071/948/54209/718",0.45505986738723
"GO:0034308","primary alcohol metabolic process",66,-0.700391164528547,-1.85188902423471,0.00113559382168612,0.0298274553706837,0.0193920816511662,1625,"tags=42%, list=12%, signal=37%","1601/51109/55/224/1576/10901/27233/5950/8228/84869/27284/10327/157506/654/130/55902/79153/653/219/222236/55825/84649/8854/145226/1056/217/125/3291",0.45505986738723
"GO:0035795","negative regulation of mitochondrial membrane permeability",12,0.84967648954485,1.85071257838339,0.000614867320242471,0.0195361627480283,0.0127012800271454,8,"tags=17%, list=0%, signal=17%","3099/8996",0.477270815362862
"GO:0042403","thyroid hormone metabolic process",14,-0.88502859318017,-1.85030826806355,0.000809255766846875,0.0237840269876296,0.0154629950026166,855,"tags=50%, list=6%, signal=47%","27284/7849/1733/1428/389434/2625/115111",0.477270815362862
"GO:0051591","response to cAMP",57,-0.70787863391238,-1.84934905963729,0.00199072462191326,0.0441565257645515,0.028708012212789,269,"tags=12%, list=2%, signal=12%","65010/358/7490/1393/445/10411/2203",0.431707695803346
"GO:0046185","aldehyde catabolic process",13,-0.906388569536949,-1.84835587572935,0.000658433896711698,0.0205865661961243,0.0133841914313869,803,"tags=54%, list=6%, signal=51%","10327/25953/3029/64902/112817/217/189",0.477270815362862
"GO:0045581","negative regulation of T cell differentiation",42,0.670616679854207,1.84662141428013,0.000476178445015786,0.0157332285767399,0.0102288327785572,1904,"tags=36%, list=14%, signal=31%","5699/5696/301/864/865/1029/84695/5698/5683/3956/11006/5682/3659/861/23240",0.49849310876659
"GO:0032715","negative regulation of interleukin-6 production",31,0.699633662237146,1.84410785419812,0.00184513645380968,0.0417142772134357,0.027120203842041,1978,"tags=48%, list=15%, signal=41%","140885/4828/4345/3071/23208/7128/7099/26191/1445/409/131450/11006/2000/6376/114899",0.45505986738723
"GO:0032814","regulation of natural killer cell activation",23,0.750042253207696,1.84303604627233,0.00169038176138638,0.0402269797304824,0.0261532492738229,1173,"tags=30%, list=9%, signal=28%","2214/3133/639/7305/26191/3606/558",0.45505986738723
"GO:0030195","negative regulation of blood coagulation",37,-0.760382490353501,-1.84230320202202,0.000897235526237063,0.0256017010835993,0.0166447412845639,852,"tags=24%, list=6%, signal=23%","84830/3273/634/2160/350/7103/5624/5340/3827",0.477270815362862
"GO:1900047","negative regulation of hemostasis",37,-0.760382490353501,-1.84230320202202,0.000897235526237063,0.0256017010835993,0.0166447412845639,852,"tags=24%, list=6%, signal=23%","84830/3273/634/2160/350/7103/5624/5340/3827",0.477270815362862
"GO:0019915","lipid storage",65,0.608278898477514,1.83847810209327,0.000423228386962633,0.0145481664243647,0.00945837409426879,698,"tags=18%, list=5%, signal=18%","29923/857/9619/4481/123/57674/19/6646/948/54209/718/10226",0.49849310876659
"GO:0170062","nutrient storage",65,0.608278898477514,1.83847810209327,0.000423228386962633,0.0145481664243647,0.00945837409426879,698,"tags=18%, list=5%, signal=18%","29923/857/9619/4481/123/57674/19/6646/948/54209/718/10226",0.49849310876659
"GO:0072170","metanephric tubule development",15,-0.889053515603356,-1.83805909574567,0.000401819530956663,0.0140589000176385,0.00914028145141693,694,"tags=40%, list=5%, signal=38%","7849/38/9356/358/793/7369",0.49849310876659
"GO:0072234","metanephric nephron tubule development",15,-0.889053515603356,-1.83805909574567,0.000401819530956663,0.0140589000176385,0.00914028145141693,694,"tags=40%, list=5%, signal=38%","7849/38/9356/358/793/7369",0.49849310876659
"GO:1901655","cellular response to ketone",79,-0.67788769803926,-1.83791977428569,0.000374466204271378,0.0135026985284186,0.00877867149979993,668,"tags=19%, list=5%, signal=18%","56848/2770/9131/25953/7832/6340/3029/6337/358/5105/6422/445/5106/2203/6338",0.49849310876659
"GO:0055078","sodium ion homeostasis",31,-0.772090594887277,-1.83400904500234,0.00444083819258901,0.0715157449206526,0.0464953898215648,1869,"tags=48%, list=14%, signal=42%","481/6339/80763/482/11261/8529/185/10699/1579/4881/66002/6340/6337/476/6338",0.407017918923954
"GO:0042102","positive regulation of T cell proliferation",58,0.611903560995565,1.83361544257337,0.000839851134300468,0.0245604227234734,0.0159677624833149,1116,"tags=31%, list=8%, signal=29%","3133/6352/6541/4690/301/5788/912/3071/80381/923/100133941/942/2494/916/29126/8744/283234/3606",0.477270815362862
"GO:0000082","G1/S transition of mitotic cell cycle",177,0.522901485862125,1.83255844520282,5.18396638789567e-06,0.000556255664589078,0.000361645173300207,2521,"tags=31%, list=19%, signal=26%","1030/6241/10457/1956/1026/1033/11040/60/3275/595/1029/1978/91607/1017/586/890/5683/8317/891/10657/6602/5310/23236/2273/990/6604/5925/25959/8454/5682/6502/1104/10769/29933/6240/123879/8525/997/196528/79027/51065/6198/5933/6118/5688/894/4609/8450/6598/1031/55904/79616/207/28984/5777",0.610526878385931
"GO:0050765","negative regulation of phagocytosis",15,0.810769988775924,1.8321113460384,0.000776420129796992,0.0236280072027557,0.015361559986794,746,"tags=40%, list=6%, signal=38%","140885/11314/8291/23208/1445/7097",0.477270815362862
"GO:0050891","multicellular organismal-level water homeostasis",30,-0.781870457926524,-1.82983175193787,0.00322535863488747,0.0578007867556968,0.0375787194159976,691,"tags=27%, list=5%, signal=25%","1579/5577/66002/6340/6337/358/6338/359",0.431707695803346
"GO:0050867","positive regulation of cell activation",255,0.496257592652009,1.82970267336414,9.0308859915434e-07,0.000136111661175108,8.84919083569498e-05,1799,"tags=26%, list=13%, signal=23%","2214/140885/857/4208/567/3133/6688/6352/939/10673/4345/64581/6541/3603/4690/301/5788/912/3561/3071/864/80381/865/59/54209/60/923/7099/7305/1050/3635/1445/914/100133941/4067/942/3566/2494/51571/916/29126/6602/8744/283234/3606/7409/558/7293/5341/6604/9840/7494/64115/114548/11006/399/604/65992/952/8660/11148/7037/861/7040/7532/3600/84787",0.659444398037935
"GO:0072017","distal tubule development",12,-0.918844587440127,-1.82878456797373,0.00017765656394452,0.00810363365646884,0.00526851263657694,66,"tags=33%, list=0%, signal=33%","65266/7021/793/7369",0.518848077743792
"GO:0170038","proteinogenic amino acid biosynthetic process",39,-0.757964563343425,-1.82829695617666,0.0017828117566912,0.0410955588463957,0.0267179490421057,839,"tags=33%, list=6%, signal=31%","29968/2678/5053/4942/435/6470/64902/635/26227/23743/1491/445/189",0.45505986738723
"GO:0042417","dopamine metabolic process",22,-0.801989158822317,-1.82821984510447,0.00992341440982673,0.11090098111878,0.0721013862672162,1023,"tags=41%, list=8%, signal=38%","6505/4128/4881/2643/5071/1644/18/217/1610",0.380730400722792
"GO:0070050","neuron cellular homeostasis",41,-0.742438133347761,-1.8281214328917,0.00132872262400062,0.0328160990919145,0.0213351244735624,1045,"tags=22%, list=8%, signal=20%","51606/526/127124/523/525/5071/50617/7301/793",0.45505986738723
"GO:1901607","alpha-amino acid biosynthetic process",45,-0.725277100585308,-1.82787136920009,0.00406826661387105,0.0676099348665053,0.0439560586401857,839,"tags=29%, list=6%, signal=27%","29968/2678/5053/4942/435/6470/64902/635/26227/23743/1491/445/189",0.407017918923954
"GO:0050863","regulation of T cell activation",253,0.498567068296701,1.82771342751042,3.73475121567267e-07,8.17497812398898e-05,5.31489667176585e-05,2038,"tags=30%, list=15%, signal=26%","140885/857/10457/11314/567/5699/3133/3958/5696/639/6352/939/6541/55824/4690/301/5788/912/3561/3071/864/80381/865/60/923/1029/7805/26191/867/6932/56253/1445/84695/10385/914/100133941/4067/5698/942/2494/51571/916/5683/29126/6602/8744/3956/283234/3606/9231/7409/27166/6604/5880/9840/7494/64115/114548/11006/399/604/5682/3659/11148/7037/861/7040/7532/3600/3077/79626/23240/196528/7412/23149/7133/8477",0.674962860011025
"GO:1905709","negative regulation of membrane permeability",14,0.816328397509406,1.82753671560269,0.00151666665086506,0.0365367482532164,0.0237540747807423,8,"tags=14%, list=0%, signal=14%","3099/8996",0.45505986738723
"GO:0045019","negative regulation of nitric oxide biosynthetic process",10,0.88102492750588,1.8264971236934,0.000442479974074615,0.0149476855609804,0.00971811826695038,424,"tags=30%, list=3%, signal=29%","140885/857/493",0.49849310876659
"GO:0001570","vasculogenesis",46,0.63658538045235,1.82621606518159,0.00053400509773176,0.0174382331359294,0.0113373278619128,1396,"tags=35%, list=10%, signal=31%","857/7422/133/83605/23462/9844/161742/23493/947/57007/54453/54345/2013/6237/51162/8829",0.477270815362862
"GO:0007249","canonical NF-kappaB signal transduction",281,0.490744452472938,1.82584766296663,1.3413944076e-07,3.75462682279658e-05,2.44104061216339e-05,1866,"tags=26%, list=14%, signal=23%","60401/140885/857/10783/7422/307/84166/10346/7098/6688/330/4869/4345/834/64581/2280/11040/8717/948/54209/2697/7188/3275/7128/7099/54503/1894/356/10135/3162/10392/7114/409/7097/51135/51284/9572/2597/7088/3956/51246/64170/5971/10010/10318/11214/114769/11006/4055/8454/399/80833/51026/65992/10769/10616/23636/958/8904/3654/7037/1524/7040/4791/7186/147138/10549/6376/353376/3611/7132/4615",0.690132458796796
"GO:0002449","lymphocyte mediated immunity",173,0.522624523439218,1.82476030844226,6.63896545096729e-06,0.000661420998657385,0.000430017574491667,1850,"tags=36%, list=14%, signal=31%","2214/121260/567/3133/3134/11118/925/939/5551/5788/912/3561/3071/182/54209/10384/441168/714/3140/5272/7305/56253/3635/718/713/914/203068/409/2212/23180/57823/5130/712/51571/10865/29126/7454/2956/2209/3606/64170/7409/2013/11151/2213/5817/4683/114548/11006/114836/958/10870/7037/7040/1439/7186/7532/196/1235/2207/84787/3077",0.610526878385931
"GO:0001765","membrane raft assembly",10,0.879993956879641,1.82435976659414,0.000454520062220324,0.0152666795756061,0.009925509675335,859,"tags=60%, list=6%, signal=56%","858/857/6281/302/8826/23180",0.49849310876659
"GO:0044273","sulfur compound catabolic process",28,-0.781323560176034,-1.82378596856659,0.00644224215381715,0.0884754658414421,0.0575216167923103,788,"tags=32%, list=6%, signal=30%","2678/8802/8801/38/1800/7263/2326/8803/189",0.407017918923954
"GO:0009713","catechol-containing compound biosynthetic process",12,-0.916174060000392,-1.82346939341985,0.00021088676002952,0.00919076472380482,0.00597530220884528,685,"tags=58%, list=5%, signal=55%","5053/9365/2643/1644/217/2625/1610",0.518848077743792
"GO:0042423","catecholamine biosynthetic process",12,-0.916174060000392,-1.82346939341985,0.00021088676002952,0.00919076472380482,0.00597530220884528,685,"tags=58%, list=5%, signal=55%","5053/9365/2643/1644/217/2625/1610",0.518848077743792
"GO:0006821","chloride transport",66,-0.689186819221787,-1.82226385882976,0.00174074394182149,0.0407653103188316,0.0265032406021093,1058,"tags=24%, list=8%, signal=22%","1184/6505/55248/2555/9481/7809/5243/846/65010/1188/6559/6557/53405/83697/115111/6521",0.45505986738723
"GO:0071384","cellular response to corticosteroid stimulus",49,-0.714764805605684,-1.82129358560952,0.00232062735008919,0.0482001680700503,0.0313369539304728,619,"tags=22%, list=5%, signal=21%","678/9131/6340/6752/6337/4537/358/5105/445/5106/6338",0.431707695803346
"GO:0051251","positive regulation of lymphocyte activation",219,0.503469824070817,1.82123969013239,9.97812676070217e-07,0.000146628572748518,9.53293943380745e-05,2811,"tags=39%, list=21%, signal=32%","2214/140885/857/4208/567/3133/6688/6352/939/10673/64581/6541/4690/301/5788/912/3561/3071/864/80381/865/60/923/7305/3635/1445/100133941/4067/942/2494/51571/916/29126/6602/8744/283234/3606/7409/558/7293/6604/9840/7494/64115/114548/11006/399/604/65992/952/8660/11148/7037/861/7040/7532/3600/84787/196528/7412/23149/8477/51293/2323/29108/8740/115352/3574/51176/6598/64926/7297/4192/975/207/5777/387/10459/23529/920/4323/3932/1326/112441434/972/729230",0.643551836150722
"GO:0006790","sulfur compound metabolic process",218,-0.594079567544296,-1.81877950685078,7.57806827588787e-06,0.000730227628289654,0.000474751654666738,1918,"tags=36%, list=14%, signal=32%","4357/2182/10157/4144/109703458/55256/8876/25974/80704/3158/2181/2938/2180/2946/10965/55/50507/123876/23305/6821/686/54677/100131187/10768/80221/122970/4522/4482/9524/27233/2939/6505/23205/53354/1738/5095/84693/84869/56922/27284/2690/9027/10327/2678/1743/4594/64087/641371/55902/8802/8801/38/1468/4780/5164/191/348158/1497/2639/670/1800/5160/3029/11001/5162/501/84649/7263/635/2326/84836/594/8803/23743/10249/6296/1491/2947/189",0.610526878385931
"GO:0051250","negative regulation of lymphocyte activation",104,0.563134721240298,1.81778025525961,7.29391534934533e-05,0.00451301414983704,0.00293410006984789,1904,"tags=37%, list=14%, signal=32%","10457/11314/5699/3133/3958/5696/55824/4332/301/864/865/1029/7128/7805/7305/26191/867/56253/1445/84695/10385/64092/4067/5698/942/5683/29126/3956/9231/2213/64115/11006/5682/3659/861/3077/79626/23240",0.538434096309916
"GO:0010883","regulation of lipid storage",36,0.669699986855548,1.81584475203165,0.00397868795291859,0.0664395675774302,0.0431951537037926,906,"tags=28%, list=7%, signal=26%","29923/9619/4481/123/19/948/54209/718/10226/949",0.407017918923954
"GO:0015711","organic anion transport",293,-0.579158731804073,-1.81073191959634,3.32758851041668e-06,0.000399174801310801,0.00025952030583592,1289,"tags=24%, list=10%, signal=22%","6583/66035/25874/118980/117247/6567/8529/3177/6582/22925/124935/9075/8501/6555/4036/6505/55630/8604/9194/292/159963/284439/113278/762/56606/1579/6519/788/1468/2348/51629/1497/3993/123096/5997/9356/634/5243/94097/6581/283375/9058/9963/9122/57393/368/6514/55867/5465/9121/116085/11001/5825/11136/846/65010/9376/387700/59272/18/51660/2168/388323/8671/220963/83697/115111/153201/213/6521/64849",0.627256739718528
"GO:0002696","positive regulation of leukocyte activation",242,0.502403287549388,1.80889976568826,4.07617541853334e-07,8.31084315574669e-05,5.40322823597878e-05,1799,"tags=27%, list=13%, signal=24%","2214/140885/857/4208/567/3133/6688/6352/939/10673/4345/64581/6541/3603/4690/301/5788/912/3561/3071/864/80381/865/54209/60/923/7099/7305/1050/3635/1445/914/100133941/4067/942/3566/2494/51571/916/29126/6602/8744/283234/3606/7409/558/7293/6604/9840/7494/64115/114548/11006/399/604/65992/952/8660/11148/7037/861/7040/7532/3600/84787",0.674962860011025
"GO:1902476","chloride transmembrane transport",61,-0.691768550921151,-1.8082237574097,0.00181750115500417,0.0414080301903664,0.02692109978831,1058,"tags=25%, list=8%, signal=23%","1184/6505/55248/2555/9481/7809/846/65010/1188/6559/6557/53405/83697/115111/6521",0.45505986738723
"GO:0110096","cellular response to aldehyde",20,-0.818876478837535,-1.80795636732157,0.00216194059611283,0.0467201721468794,0.0303747464129742,803,"tags=45%, list=6%, signal=42%","10327/9131/25953/6340/3029/6337/145226/217/6338",0.431707695803346
"GO:0034389","lipid droplet organization",33,0.675694112295244,1.80778052814097,0.00229173942071315,0.0479995059293249,0.0312064950438903,66,"tags=9%, list=0%, signal=9%","29923/123/57674",0.431707695803346
"GO:0009072","aromatic amino acid metabolic process",24,-0.804353066487605,-1.8068723944533,0.00742824912335823,0.0968051789501536,0.0629371131773517,685,"tags=38%, list=5%, signal=36%","5053/130013/2639/10841/3081/144193/125061/389434/3242",0.407017918923954
"GO:0006820","monoatomic anion transport",94,-0.643472407357058,-1.80673372199208,0.00172513188853161,0.040724197754172,0.0264765115968737,1058,"tags=21%, list=8%, signal=20%","1184/6505/55248/2555/55283/5174/9481/7809/6561/5243/846/65010/1188/6559/6557/8671/53405/83697/115111/6521",0.45505986738723
"GO:0043374","CD8-positive, alpha-beta T cell differentiation",22,0.738727333632616,1.80341397685347,0.00528240105444959,0.0798199316145365,0.0518942904120792,1695,"tags=41%, list=13%, signal=36%","5699/3071/864/865/5698/5683/11006/5682/861",0.407017918923954
"GO:0050819","negative regulation of coagulation",39,-0.747354184904599,-1.80270351349905,0.00268480192466075,0.0520833851919337,0.0338615964975615,852,"tags=23%, list=6%, signal=22%","84830/3273/634/2160/350/7103/5624/5340/3827",0.431707695803346
"GO:0007029","endoplasmic reticulum organization",80,0.577932546749512,1.80256919933004,0.000287628897181868,0.0115493413465203,0.00750871194426591,1861,"tags=22%, list=14%, signal=20%","858/23023/80856/221035/23344/25923/57488/29927/283820/10162/9451/662/80346/9980/23471/80124/6252/56926",0.49849310876659
"GO:0071216","cellular response to biotic stimulus",166,0.519191984302908,1.80176422584906,1.61233475850829e-05,0.00131629218201552,0.000855776838929573,2170,"tags=36%, list=16%, signal=30%","140885/2634/4208/567/3627/6688/5724/4345/834/64581/19/4283/948/54209/57103/1948/923/7128/115362/7099/26191/7097/51135/4067/23643/942/9572/949/51571/8140/3055/10865/29126/7431/9450/3606/558/10318/9451/114769/2635/7494/10270/114548/958/3654/1524/978/196/6376/353376/7132/4615/22900/7133/5142/29108/28964/6915",0.575610261071129
"GO:0050918","positive chemotaxis",46,0.627801158295147,1.80101616566111,0.000801534724401525,0.0236754829649858,0.015392425974059,275,"tags=20%, list=2%, signal=19%","7422/7424/1012/10457/3958/3627/6352/3603/4233",0.477270815362862
"GO:0006883","intracellular sodium ion homeostasis",19,-0.830529964122944,-1.79880326962709,0.00135294631156635,0.0332745540560127,0.0216331853033144,372,"tags=21%, list=3%, signal=21%","6340/6337/476/6338",0.45505986738723
"GO:1903556","negative regulation of tumor necrosis factor superfamily cytokine production",44,0.643341484678196,1.79775155907904,0.00105309766735233,0.0285258437267143,0.0185458492466824,1817,"tags=36%, list=13%, signal=32%","140885/10457/50856/54209/23208/7128/7099/26191/409/29126/64115/10270/8841/11006/2000/6376",0.45505986738723
"GO:0036336","dendritic cell migration",20,0.758353419741888,1.79756179822734,0.00352783092662234,0.060989971137312,0.0396521421455038,315,"tags=25%, list=2%, signal=24%","240/7852/6688/6352/56833",0.431707695803346
"GO:0002460","adaptive immune response based on somatic recombination of immune receptors built from immunoglobulin superfamily domains",212,0.510295962198994,1.79739719275841,1.44753695096888e-06,0.000202586242804645,0.000131709826166797,1799,"tags=31%, list=13%, signal=27%","2214/121260/4208/10068/567/5699/3133/3134/5696/11118/925/939/5551/64581/301/5788/912/3561/3071/182/54209/10384/714/3140/7128/7099/718/84695/23765/713/2212/5698/23180/5130/712/51571/5683/10865/29126/7454/3956/2956/2209/3606/64170/2013/2213/5817/4683/114548/11006/604/114836/5682/958/7037/7040/1439/7186/3716/7532/196/1235/2207/84787",0.643551836150722
"GO:0032635","interleukin-6 production",99,0.557174061895641,1.79724327852287,0.000153603815820165,0.00746184487099944,0.00485125878853807,1978,"tags=32%, list=15%, signal=28%","140885/4828/7098/4345/64581/3603/3071/54209/23208/7128/7805/7099/7305/26191/1445/338382/23765/409/7097/51284/131450/10865/64170/7494/11006/2000/7040/6376/4615/64135/9181/114899",0.518848077743792
"GO:0032675","regulation of interleukin-6 production",99,0.557174061895641,1.79724327852287,0.000153603815820165,0.00746184487099944,0.00485125878853807,1978,"tags=32%, list=15%, signal=28%","140885/4828/7098/4345/64581/3603/3071/54209/23208/7128/7805/7099/7305/26191/1445/338382/23765/409/7097/51284/131450/10865/64170/7494/11006/2000/7040/6376/4615/64135/9181/114899",0.518848077743792
"GO:0031960","response to corticosteroid",102,-0.63114130610592,-1.79644812902471,0.0010603643080491,0.0285909238656542,0.0185881605787257,895,"tags=23%, list=7%, signal=21%","3485/2690/9353/654/57630/678/249/9131/210/6340/5071/6752/6337/5730/4537/358/5578/5105/6559/445/3291/5106/6338",0.45505986738723
"GO:0006814","sodium ion transport",152,-0.611781597142258,-1.79611500473035,0.000136162656646805,0.00695968778930367,0.00452478537641031,1394,"tags=23%, list=10%, signal=21%","6524/482/4704/6583/389015/10768/11261/6549/6575/6555/254428/159963/53373/55283/1259/6569/6561/340024/29098/6526/9058/9963/6340/6337/5652/1188/6559/6326/6557/8671/65266/476/83697/6338/64849",0.518848077743792
"GO:0001819","positive regulation of cytokine production",346,0.485812983921843,1.7927942101178,2.29376214182144e-08,8.42670866851651e-06,5.47855727280956e-06,2249,"tags=32%, list=17%, signal=27%","29923/2214/567/5699/3133/3134/4828/5696/7098/11118/4938/4345/834/64581/3603/5601/301/5788/8717/948/4939/80381/54209/5027/923/10855/115362/7805/7099/7305/26191/11119/4940/9636/56253/718/3162/338382/10392/23765/914/7097/144811/51284/2212/5698/23180/23643/942/947/3566/2597/80342/51571/8140/3098/5683/3428/10865/29126/83786/728/283234/102/2209/3606/64170/23236/10010/468/2213/9451/7494/3702/114548/114836/3665/5682/3659/719/11148/3654/861/7040/7186/3600/2207/353376/4615/64135/3838/9181/150372/22861/114899/24145/9235/22900/8477/5142/29108/25865/1536/10538/29110/23213/4898/5688/3459",0.73376198835648
"GO:0043648","dicarboxylic acid metabolic process",77,-0.663511012961625,-1.79215499543407,0.000992817913828558,0.0272700172779638,0.0177293837208368,2645,"tags=58%, list=20%, signal=47%","471/81889/8942/56267/92259/200895/2805/56954/728294/23475/2744/2746/443/8528/441024/6573/23498/2806/51011/10840/122970/4522/5264/55753/3417/1738/2271/4190/2678/1743/8802/8801/84706/6390/130013/79944/6470/9380/130752/7915/8803/112817/5105/445/5106",0.45505986738723
"GO:0098659","inorganic cation import across plasma membrane",83,-0.648739472921538,-1.79180386856521,0.00097169547061588,0.0270247953868691,0.0175699546687885,1869,"tags=31%, list=14%, signal=27%","481/1739/6339/23479/287/7779/9495/6524/169026/482/389015/6549/781/55630/3766/3760/6569/7442/283375/6340/3773/6337/3758/476/3772/6338",0.477270815362862
"GO:0099587","inorganic ion import across plasma membrane",83,-0.648739472921538,-1.79180386856521,0.00097169547061588,0.0270247953868691,0.0175699546687885,1869,"tags=31%, list=14%, signal=27%","481/1739/6339/23479/287/7779/9495/6524/169026/482/389015/6549/781/55630/3766/3760/6569/7442/283375/6340/3773/6337/3758/476/3772/6338",0.477270815362862
"GO:0043122","regulation of canonical NF-kappaB signal transduction",269,0.490505343202678,1.79066251505127,4.10027988289646e-07,8.31084315574669e-05,5.40322823597878e-05,1866,"tags=25%, list=14%, signal=22%","60401/140885/857/10783/7422/307/84166/10346/7098/6688/330/4345/834/64581/2280/11040/8717/948/54209/2697/7188/3275/7128/7099/54503/1894/356/10135/3162/10392/7114/409/7097/51135/51284/9572/2597/7088/3956/51246/64170/10010/10318/11214/114769/11006/4055/8454/399/80833/51026/65992/10769/10616/23636/958/8904/3654/7037/1524/7040/7186/147138/6376/353376/3611/7132/4615",0.674962860011025
"GO:0009081","branched-chain amino acid metabolic process",25,-0.786448035366868,-1.78937155419293,0.0075383713383122,0.0970012281066795,0.0630645729691357,1342,"tags=64%, list=10%, signal=58%","9673/549/1738/152926/5095/56922/64087/38/36/11112/27034/4329/5096/594/26275/1892",0.407017918923954
"GO:0001937","negative regulation of endothelial cell proliferation",31,0.678279924133993,1.78782326087738,0.00385522080574648,0.0653054406229908,0.0424578101312366,405,"tags=19%, list=3%, signal=19%","858/857/240/4208/22846/5797",0.431707695803346
"GO:0098656","monoatomic anion transmembrane transport",84,-0.649585676284328,-1.78735930955886,0.00128445370604593,0.0321077081394097,0.0208745697590821,1058,"tags=21%, list=8%, signal=20%","1184/6505/55248/2555/55283/9481/7809/6561/846/65010/1188/6559/6557/8671/53405/83697/115111/6521",0.45505986738723
"GO:1905207","regulation of cardiocyte differentiation",19,0.738660794072751,1.78650149392145,0.00237807159321112,0.0485357806419963,0.0315551497610407,739,"tags=26%, list=5%, signal=25%","4208/1956/1948/23493/409",0.431707695803346
"GO:0098581","detection of external biotic stimulus",16,0.781617417532023,1.78557650460083,0.00235903507935279,0.0484839447427821,0.031521449065573,906,"tags=50%, list=7%, signal=47%","64581/912/54209/7099/10392/7097/23643/949",0.431707695803346
"GO:0042776","proton motive force-driven mitochondrial ATP synthesis",65,-0.665227632585456,-1.78378122602849,0.00276936607073948,0.0532910972658487,0.0346467808472623,1792,"tags=35%, list=13%, signal=31%","4720/4729/4707/4728/4709/4715/4704/6391/522/4723/515/4722/4705/4536/6390/4539/4538/4535/4540/4541/6392/4508/4537",0.431707695803346
"GO:0050851","antigen receptor-mediated signaling pathway",141,0.52214002288844,1.78324603718693,6.51130412014404e-05,0.00416015713241377,0.00270469290091506,1678,"tags=30%, list=12%, signal=27%","4208/11314/3958/3937/919/11118/925/4690/4332/2533/5788/7462/3071/581/80381/10384/7805/26191/867/11119/3635/9404/5583/1445/10385/4067/23180/942/9976/11120/916/29126/10657/4068/2213/9840/3702/29085/11006/9473/10616/952/11148",0.538434096309916
"GO:0099024","plasma membrane invagination",47,0.627750760980382,1.78236209572686,0.00302916859167362,0.055991990508986,0.0364027449967713,1094,"tags=26%, list=8%, signal=24%","4481/11031/11314/9938/3689/9844/3071/948/54209/718/257364/2209",0.431707695803346
"GO:0034163","regulation of toll-like receptor 9 signaling pathway",14,0.795946838862072,1.78190796268554,0.00407177899672387,0.0676099348665053,0.0439560586401857,788,"tags=43%, list=6%, signal=40%","121260/4481/1956/23151/338382/4067",0.407017918923954
"GO:0006925","inflammatory cell apoptotic process",14,0.794491534268419,1.77864993247931,0.00430713939489885,0.070720588794328,0.0459784254229769,1580,"tags=50%, list=12%, signal=44%","4208/6352/301/1029/356/80301/3665",0.407017918923954
"GO:0042100","B cell proliferation",47,0.625992240590822,1.77736915859044,0.00320225884841006,0.057562316547261,0.0374236799164531,2893,"tags=57%, list=21%, signal=45%","4208/11314/10673/4332/5788/3071/1029/7305/4067/5130/7409/7293/2213/202309/952/958/8660/7037/196/51293/115352/3574/975/22806/23529/972/648",0.431707695803346
"GO:0006835","dicarboxylic acid transport",60,-0.675699495343009,-1.77467176912993,0.00278332202460285,0.0532910972658487,0.0346467808472623,1042,"tags=22%, list=8%, signal=20%","4036/6505/8604/6519/1468/2348/9356/9058/65010/18/115111/213/64849",0.431707695803346
"GO:0050854","regulation of antigen receptor-mediated signaling pathway",51,0.600572453278365,1.77427966173272,0.00234418535626304,0.0484839447427821,0.031521449065573,2521,"tags=47%, list=19%, signal=38%","11314/3958/4690/5788/7805/26191/867/9404/5583/1445/4067/942/29126/4068/2213/9840/29085/11006/8525/150372/25865/115352/975/5777",0.431707695803346
"GO:0071219","cellular response to molecule of bacterial origin",147,0.519834528166081,1.77245683612653,3.11923138408409e-05,0.00226356075007979,0.00147163592543885,2170,"tags=37%, list=16%, signal=32%","140885/2634/4208/567/3627/6688/5724/4345/834/19/4283/948/54209/1948/923/7128/115362/7099/26191/7097/51135/4067/23643/942/9572/949/51571/8140/3055/10865/29126/7431/9450/3606/558/10318/114769/2635/7494/10270/114548/958/3654/1524/196/6376/353376/7132/4615/22900/7133/5142/29108/28964/6915",0.557332238758646
"GO:0046636","negative regulation of alpha-beta T cell activation",30,0.67976968390355,1.77050304786587,0.0106654574980499,0.115241836716061,0.0749235588304555,1850,"tags=37%, list=14%, signal=32%","11314/3958/301/864/865/84695/29126/3956/64115/861/3077",0.380730400722792
"GO:0010803","regulation of tumor necrosis factor-mediated signaling pathway",50,0.60899336790216,1.76997393226517,0.0030563218038429,0.0560957621400286,0.0364702112930827,2234,"tags=34%, list=17%, signal=28%","8996/307/834/7128/7805/102/10010/90268/114769/83643/8904/7186/147138/837/22900/29108/4898",0.431707695803346
"GO:0042219","modified amino acid catabolic process",26,-0.765851363764015,-1.76892416486271,0.0281478784823792,0.200003741721705,0.130030833733744,1490,"tags=42%, list=11%, signal=38%","2806/29958/10840/2678/1733/1800/64902/635/112817/1757/8659",0.352487857583619
"GO:0032611","interleukin-1 beta production",64,0.580441769405016,1.76790492981793,0.00248415810403181,0.0498065312888398,0.0323813181349638,2149,"tags=44%, list=16%, signal=37%","140885/1992/834/64581/948/54209/5027/7128/115362/7099/7305/10392/409/3098/5371/3428/114769/114548/11006/2000/1524/6376/4615/22861/24145/22900/29108/28964",0.431707695803346
"GO:0032651","regulation of interleukin-1 beta production",64,0.580441769405016,1.76790492981793,0.00248415810403181,0.0498065312888398,0.0323813181349638,2149,"tags=44%, list=16%, signal=37%","140885/1992/834/64581/948/54209/5027/7128/115362/7099/7305/10392/409/3098/5371/3428/114769/114548/11006/2000/1524/6376/4615/22861/24145/22900/29108/28964",0.431707695803346
"GO:1902749","regulation of cell cycle G2/M phase transition",88,0.55437016224684,1.76732706327796,0.0003685190839143,0.0135026985284186,0.00877867149979993,2911,"tags=39%, list=22%, signal=30%","1026/4869/51360/6790/57099/595/9555/8317/891/55743/2273/990/6604/26271/4683/51720/10111/29933/6240/994/9344/29980/580/3364/51149/1063/55920/5889/4361/545/1111/8766/60561/50484",0.49849310876659
"GO:0030888","regulation of B cell proliferation",37,0.644248180647125,1.76716478539814,0.00214722410081037,0.0467201721468794,0.0303747464129742,2893,"tags=62%, list=21%, signal=49%","4208/11314/10673/4332/5788/3071/1029/7305/4067/7293/2213/952/8660/7037/196/51293/115352/3574/975/22806/23529/972/648",0.431707695803346
"GO:0022612","gland morphogenesis",21,0.727772472529575,1.76716350500199,0.00396373353210525,0.0664395675774302,0.0431951537037926,2669,"tags=57%, list=20%, signal=46%","857/7043/5154/5371/4478/64065/7040/23213/1396/1436/7042/6662",0.407017918923954
"GO:2000106","regulation of leukocyte apoptotic process",46,0.615481669909087,1.76567440586535,0.00126153647770198,0.0321077081394097,0.0208745697590821,1671,"tags=35%, list=12%, signal=31%","4208/3958/3059/6352/301/27113/1029/4067/29126/558/96459/27166/604/3665/64065/8660",0.45505986738723
"GO:0046173","polyol biosynthetic process",45,-0.700565872124419,-1.76559317654108,0.00870322504304721,0.104616680578797,0.0680156985115116,1385,"tags=29%, list=10%, signal=26%","9807/1576/653308/3707/6342/56848/1593/1594/2643/1591/5105/5106/5745",0.380730400722792
"GO:1901739","regulation of myoblast fusion",54,0.615540400494693,1.764178362726,0.00152853143666425,0.0365651056821883,0.0237725111364825,3792,"tags=70%, list=28%, signal=51%","6157/6175/6137/6139/6132/6143/6171/963/6173/30846/6181/6168/6164/11224/6134/25873/6158/23521/6141/6124/6142/6167/6169/6133/9349/6155/6129/51177/6147/6160/6170/6130/9750/4736/6161/6135/6176/6156",0.45505986738723
"GO:0001569","branching involved in blood vessel morphogenesis",17,0.743715934548999,1.76405439926807,0.0057212869084462,0.0833378454845583,0.0541814339904175,1536,"tags=35%, list=11%, signal=31%","7422/54567/1282/1909/8829/441478",0.407017918923954
"GO:0002704","negative regulation of leukocyte mediated immunity",43,0.623960600930722,1.76357130690237,0.00254570526680801,0.050724256129822,0.0329779696035004,1850,"tags=42%, list=14%, signal=36%","11314/3133/3134/6688/8832/5788/3071/5272/3635/409/29126/2213/5817/11006/1524/7040/196/3077",0.431707695803346
"GO:0001818","negative regulation of cytokine production",203,0.497207330085565,1.76338128809452,1.93698749268434e-05,0.00151808166426647,0.000986968657592156,2149,"tags=32%, list=16%, signal=27%","140885/307/10457/3134/4828/1992/4938/4345/301/8832/5788/3071/50856/54209/23208/7043/9140/7128/7805/7099/7305/26191/4940/3625/1445/10385/3162/409/100133941/947/131450/5371/29126/558/5971/2213/2335/114769/64115/10270/8841/114548/11006/8986/2146/2000/5552/1524/7040/81031/836/6376/6614/353376/3077/114899/215/22900/3660/84148/5045/684/29108/28964",0.575610261071129
"GO:0032637","interleukin-8 production",58,0.587866237517712,1.76158577918097,0.00213239072224324,0.0465955117670847,0.0302936994636585,803,"tags=19%, list=6%, signal=18%","307/7098/64581/301/5788/7099/26191/10392/914/7097/51284",0.431707695803346
"GO:0032677","regulation of interleukin-8 production",58,0.587866237517712,1.76158577918097,0.00213239072224324,0.0465955117670847,0.0302936994636585,803,"tags=19%, list=6%, signal=18%","307/7098/64581/301/5788/7099/26191/10392/914/7097/51284",0.431707695803346
"GO:0170041","non-proteinogenic amino acid metabolic process",46,-0.697262418143546,-1.75952195771655,0.00534294530959023,0.0799130598721918,0.0519548370042721,462,"tags=28%, list=3%, signal=27%","3172/670/51733/1800/64902/7915/112817/18/1757/8659/1491/445/1610",0.407017918923954
"GO:0072337","modified amino acid transport",34,-0.731034744694762,-1.75948834549408,0.00922528475285399,0.107378660945101,0.0698113779657813,678,"tags=29%, list=5%, signal=28%","6519/5174/788/2348/51629/1497/11136/387700/220963/64849",0.380730400722792
"GO:0034162","toll-like receptor 9 signaling pathway",25,0.692964326272979,1.75738731035779,0.00683794752364084,0.0916261328192181,0.059569997739641,2245,"tags=48%, list=17%, signal=40%","121260/4481/1956/23151/338382/51135/4067/3654/81622/4615/5538/115352",0.407017918923954
"GO:0050858","negative regulation of antigen receptor-mediated signaling pathway",33,0.656680370747026,1.75691036202214,0.00389009304998351,0.0657068015741468,0.042718751744917,1494,"tags=42%, list=11%, signal=38%","11314/3958/4690/7805/26191/867/9404/1445/4067/29126/4068/2213/29085/11006",0.431707695803346
"GO:1901990","regulation of mitotic cell cycle phase transition",263,0.474011902432268,1.75649960086687,3.11879528136795e-06,0.000385859817238041,0.000250863675388767,2678,"tags=30%, list=20%, signal=24%","1030/6241/10783/10457/1956/1026/9735/83540/51360/6790/60/57099/3275/595/1029/57520/91607/1017/84687/699/9319/5683/8317/1780/891/55743/6602/22933/5310/23236/2273/990/6604/7517/5925/26271/4683/25959/51720/10111/5682/29933/6240/7040/123879/8525/55755/196528/994/79027/51065/1843/5933/9344/6118/5688/894/51776/29980/580/6598/3364/51149/1031/1063/29945/55920/55904/207/28984/5777/5889/4361/545/10459/134353/1111/5720",0.627256739718528
"GO:0036037","CD8-positive, alpha-beta T cell activation",32,0.669810893832433,1.75648258898688,0.00278151123187483,0.0532910972658487,0.0346467808472623,1850,"tags=50%, list=14%, signal=43%","5699/3133/3071/50856/864/865/56253/5698/5683/29126/64115/11006/5682/3659/861/3077",0.431707695803346
"GO:0009595","detection of biotic stimulus",28,0.679137311631699,1.75568775615633,0.00654443997811757,0.0894609725380815,0.0581623360924148,906,"tags=32%, list=7%, signal=30%","64581/912/54209/7099/56253/10392/7097/23643/949",0.407017918923954
"GO:0032720","negative regulation of tumor necrosis factor production",42,0.637424173292516,1.75522196769348,0.00218844897257952,0.047119791431584,0.0306345556961352,1817,"tags=36%, list=13%, signal=31%","140885/10457/50856/54209/23208/7128/7099/26191/409/64115/10270/8841/11006/2000/6376",0.431707695803346
"GO:0046415","urate metabolic process",10,-0.904568322332961,-1.75453618576621,0.00215643960996184,0.0467201721468794,0.0303747464129742,714,"tags=60%, list=5%, signal=57%","56606/55867/116085/4860/55604/220963",0.431707695803346
"GO:0030595","leukocyte chemotaxis",143,0.513628090802266,1.75382796882387,6.72403263022064e-05,0.00424987782800397,0.00276302409387343,2183,"tags=35%, list=16%, signal=30%","7422/240/7424/7852/3958/3627/6688/6352/57118/3689/3603/27347/301/4283/23603/56833/3071/51192/718/23765/4856/6351/4067/7423/728/102/5919/1906/7130/5880/5228/2321/58191/6280/64065/719/196527/1524/1235/7226/6376/811/80270/1843/5155/6223/5142/80024/1130/1435",0.538434096309916
"GO:0009074","aromatic amino acid family catabolic process",15,-0.848194185685973,-1.75358514487247,0.00260582609211988,0.0515725446783861,0.0335294776216357,685,"tags=47%, list=5%, signal=44%","5053/130013/10841/3081/144193/125061/3242",0.431707695803346
"GO:1901987","regulation of cell cycle phase transition",351,0.466715045941843,1.75348574604275,1.21343013427871e-07,3.56627116464513e-05,2.31858268684127e-05,2678,"tags=30%, list=20%, signal=25%","1030/6241/10783/10457/1956/1026/9735/4869/83540/5129/51360/6790/81620/151636/675/493/60/57099/3275/595/1029/9555/5984/440275/57520/83666/91607/1017/84687/5982/11186/7114/699/4067/5985/9319/5683/8317/1780/891/55743/6602/22933/5310/23236/83695/2273/990/6604/323/197342/7517/5925/3014/26271/4683/25959/51720/10111/8454/2146/65992/8914/5682/29933/6240/7040/4330/123879/8525/55755/5983/196528/994/79027/51065/1843/5933/9344/6118/5128/5688/894/51776/29980/580/8450/6598/3364/51149/1031/1063/29945/55920/55904/207/28984/5777/5889/4361/545/10459/1020/10116/134353/1111/5720",0.690132458796796
"GO:2000134","negative regulation of G1/S transition of mitotic cell cycle",45,0.623990647839753,1.75267949604006,0.00298715249401047,0.0553895342580237,0.036011062881595,2220,"tags=36%, list=16%, signal=30%","1030/10457/1026/3275/595/91607/1017/2273/5925/25959/123879/8525/79027/51065/5933/6118",0.431707695803346
"GO:0009615","response to virus",303,0.470293663964643,1.75123726260916,5.34779189580241e-07,9.52555174652321e-05,6.19296131518282e-05,2410,"tags=31%, list=18%, signal=26%","2634/7852/84166/4828/3627/10346/7098/4938/6352/197259/5551/834/4690/91351/10561/9111/25939/5788/11040/581/4939/59/2023/151636/9201/9140/64108/51251/7128/115362/146857/3669/4940/440275/9636/200316/83666/6039/91607/23765/140564/6737/7097/6351/3455/51284/51257/80342/5683/5371/3428/1687/10010/84993/3437/58487/6773/27350/2635/114548/3429/3460/54541/3665/6502/3659/7040/811/5611/1072/81622/56915/4615/10533/64135/22861/55509/22900/3660/10410/684/29108/1130/29110/4599/3459/24138/11331/9641/148022/85363/9020/220001",0.659444398037935
"GO:0044772","mitotic cell cycle phase transition",335,0.471706487063904,1.75117866433031,5.62751514580755e-08,1.92104135865441e-05,1.24894968140353e-05,2678,"tags=29%, list=20%, signal=24%","1030/6241/10783/10457/9833/1956/10460/1026/9735/1033/83540/51360/6790/11040/60/57099/3275/595/1029/1978/57520/91607/1017/84687/586/699/890/9319/5683/8317/1780/891/55743/10657/6602/22933/5310/23236/128866/7319/2273/990/6604/7517/5925/26271/4683/25959/51720/10111/8454/5682/6502/1104/10769/29933/6240/7040/123879/8525/997/55755/196528/994/79027/51065/1843/6198/5933/9344/6118/5688/894/51776/4609/6873/29980/580/8450/6598/3364/51149/1031/1063/29945/55920/55904/79616/207/28984/5777/5889/4361/545/10459/134353/1111/5720",0.719512826338911
"GO:0072044","collecting duct development",9,-0.945740526512949,-1.75116172463298,0.000791887958309436,0.0236280072027557,0.015361559986794,12,"tags=33%, list=0%, signal=33%","7021/359/793",0.477270815362862
"GO:0006635","fatty acid beta-oxidation",62,-0.675076029660559,-1.75072649276036,0.00339642159608953,0.0597419616494571,0.038840758754291,2339,"tags=45%, list=17%, signal=37%","80724/3712/1891/55268/3032/30/34/3667/54677/254013/27349/549/1384/2110/2108/8309/6342/38/55862/2639/440503/5465/11001/51/5825/1962/10455/1892",0.431707695803346
"GO:0062098","regulation of programmed necrotic cell death",31,0.66356946629387,1.74904915336078,0.00662811670535673,0.0901322242615624,0.0585987450340579,816,"tags=23%, list=6%, signal=21%","8996/857/8531/330/54936/8473/26471",0.407017918923954
"GO:0045824","negative regulation of innate immune response",73,0.575697714665722,1.74898411434628,0.000738064926680766,0.0227138515132437,0.0147672289735519,1403,"tags=34%, list=10%, signal=31%","3133/84166/3134/4938/9111/25939/56833/9140/7128/5272/4940/9636/3635/6737/409/10212/3428/11277/2896/2/7534/54625/6773/10906/5817",0.477270815362862
"GO:0070266","necroptotic process",34,0.663572555967203,1.74744677717045,0.00420660994787496,0.06945632942025,0.0451564772981473,1027,"tags=29%, list=8%, signal=27%","857/7098/8531/197259/355/330/54936/356/8473/253430",0.407017918923954
"GO:0002532","production of molecular mediator involved in inflammatory response",65,0.578096696345461,1.74725462248281,0.00145774685623325,0.0353699655403956,0.0229955003279437,2123,"tags=42%, list=16%, signal=35%","140885/240/7098/64581/5601/56833/948/54209/923/115362/7099/3162/23765/4067/3566/653361/2896/64170/7494/11006/2146/6280/2207/4615/215/6223/29108",0.45505986738723
"GO:0046689","response to mercury ion",9,-0.943172561083145,-1.74640680227872,0.000935865420787966,0.0264471968432291,0.0171944335933008,540,"tags=56%, list=4%, signal=53%","6569/210/358/4519/359",0.477270815362862
"GO:0015986","proton motive force-driven ATP synthesis",72,-0.639967204893175,-1.74592063349065,0.00308029723953716,0.0560957621400286,0.0364702112930827,2168,"tags=39%, list=16%, signal=33%","498/4719/9605/4720/4729/4707/4728/4709/4715/4704/6391/522/516/4723/515/518/4722/4705/4536/6390/4539/4538/4535/4540/4541/6392/4508/4537",0.431707695803346
"GO:0044857","plasma membrane raft organization",9,0.87690027014661,1.74449031084168,0.00180599816509669,0.0414080301903664,0.02692109978831,413,"tags=33%, list=3%, signal=32%","858/857/8826",0.45505986738723
"GO:0002768","immune response-regulating cell surface receptor signaling pathway",256,0.47929607187117,1.74391254632294,3.15094781004185e-06,0.000385859817238041,0.000250863675388767,1866,"tags=31%, list=14%, signal=27%","2214/4208/11314/3958/3937/919/11118/4938/925/64581/4690/5601/4332/2533/9111/5788/7462/3071/948/581/80381/54209/10384/7128/7805/7099/7305/26191/867/11119/3635/9404/718/5583/1445/10385/338382/3903/7097/100133941/51135/4067/2212/23180/23643/942/9572/9976/131450/11120/3055/5648/916/29126/10657/728/2209/4068/7409/5062/2213/9840/3702/29085/2357/11006/2359/9473/10616/952/958/719/11148/3654/2207/8525/353376/5338/4615",0.627256739718528
"GO:1902358","sulfate transmembrane transport",11,-0.870036801697496,-1.74346137189916,0.00723461508144287,0.0947106179258823,0.0615753510725649,611,"tags=36%, list=5%, signal=35%","1468/6561/65010/115111",0.407017918923954
"GO:0007009","plasma membrane organization",119,0.530366696080614,1.74248940833222,0.000180746813159883,0.0081101508988839,0.00527274976963046,1464,"tags=24%, list=11%, signal=22%","858/857/6281/7852/26509/302/5788/7357/50807/23208/8826/5027/79026/356/8560/9935/257364/6810/2054/928/128866/2013/84058/81671/30846/51100/55971/4627/8841",0.518848077743792
"GO:0030258","lipid modification",140,-0.590326904955685,-1.74086740098114,0.00116500989780177,0.0304352363523502,0.0197872255974408,1791,"tags=33%, list=13%, signal=29%","3632/30/5447/34/3633/90809/22908/3667/54677/254013/54886/1576/27349/5264/8529/8897/549/1384/2110/2108/27124/1607/4534/10994/8309/6342/26061/38/55862/2639/440503/284541/81537/5465/11001/51/5825/1962/84649/10455/129642/51179/196051/2053/1892/4051",0.45505986738723
"GO:0032735","positive regulation of interleukin-12 production",17,0.733850772810622,1.74065476352593,0.00777503880681846,0.0987727502352655,0.0642163139184542,1158,"tags=41%, list=9%, signal=38%","7098/64581/3603/7805/7099/7097/23236",0.407017918923954
"GO:0043029","T cell homeostasis",30,0.667851202169212,1.73946060991041,0.0140497321363618,0.133415711627681,0.0867391583116844,2639,"tags=37%, list=20%, signal=30%","5699/5696/355/3071/5698/5683/5682/8740/5688/207/3718",0.380730400722792
"GO:0009083","branched-chain amino acid catabolic process",23,-0.773188666269369,-1.73842199479737,0.00744401852423774,0.0968051789501536,0.0629371131773517,1342,"tags=61%, list=10%, signal=55%","9673/549/1738/152926/56922/64087/38/36/11112/27034/4329/594/26275/1892",0.407017918923954
"GO:0072677","eosinophil migration",12,0.797128012987626,1.73625474915543,0.00566639269864985,0.0832049830314754,0.0540950545287256,763,"tags=33%, list=6%, signal=31%","11314/3958/6352/6351",0.407017918923954
"GO:1903037","regulation of leukocyte cell-cell adhesion",258,0.474622035547749,1.73586639314023,3.91396590731405e-06,0.000452872973299586,0.000294431743059906,1957,"tags=30%, list=15%, signal=26%","140885/857/240/10457/11314/567/5699/3133/3958/5696/6352/939/3689/6541/55824/4690/301/5788/912/3561/3071/864/80381/865/1948/60/923/1029/7805/26191/867/56253/1445/84695/10385/100133941/4067/2113/5698/942/2494/51571/916/5683/29126/6602/8744/3956/283234/3606/9231/7409/3676/6604/9840/7494/64115/114548/11006/399/604/5682/3659/9435/11148/960/3654/7037/861/7040/7532/3600/3077/79626/23240/196528/7412",0.610526878385931
"GO:0071222","cellular response to lipopolysaccharide",142,0.512891163441476,1.73579664073359,5.54584294286727e-05,0.00374694997910044,0.00243604957360751,2170,"tags=37%, list=16%, signal=31%","140885/2634/4208/567/3627/6688/5724/4345/834/19/4283/948/1948/923/7128/115362/7099/26191/7097/51135/4067/23643/942/9572/949/8140/3055/10865/29126/7431/9450/3606/558/10318/114769/2635/7494/10270/114548/958/3654/1524/6376/353376/7132/4615/22900/7133/5142/29108/28964/6915",0.557332238758646
"GO:0042098","T cell proliferation",111,0.527137828644244,1.73505360002262,0.000238678550646542,0.010093183602161,0.00656200262814541,2493,"tags=42%, list=18%, signal=35%","10457/3133/3958/6352/6541/4690/301/5788/912/3071/80381/923/1029/7805/11119/56253/10385/100133941/942/2494/916/29126/8744/283234/3606/9231/55716/7293/5880/64115/4478/11006/2000/3659/11148/7037/3600/23240/7412/7133/29108/8740/2796/4609/64926/7297/975",0.518848077743792
"GO:0002832","negative regulation of response to biotic stimulus",98,0.539061933935104,1.73004885035585,0.000628721332770378,0.0198689462044316,0.0129176365308609,1403,"tags=29%, list=10%, signal=26%","140885/3133/84166/3134/4938/9111/25939/56833/9140/7128/5272/4940/9636/3635/6737/409/10212/3428/29126/11277/2896/2/7534/54625/6773/10906/114769/5817",0.477270815362862
"GO:0140367","antibacterial innate immune response",11,-0.863320509406483,-1.73000263526995,0.00904393886135944,0.106342785186566,0.0691379116227654,207,"tags=18%, list=2%, signal=18%","6565/7369",0.380730400722792
"GO:0070431","nucleotide-binding oligomerization domain containing 2 signaling pathway",14,0.772695297064393,1.72985409997627,0.00848872911011088,0.103305900019113,0.0671635050097783,1247,"tags=36%, list=9%, signal=32%","121260/7128/26191/144811/90268",0.380730400722792
"GO:0170034","L-amino acid biosynthetic process",36,-0.71553103690445,-1.72919712102378,0.0125040977682421,0.125526681820439,0.0816101686520135,1347,"tags=33%, list=10%, signal=30%","22929/4522/29968/2678/5053/4942/435/635/26227/23743/1491/445",0.380730400722792
"GO:0097254","renal tubular secretion",13,-0.847899950663521,-1.72908276705232,0.00781080334769293,0.0987727502352655,0.0642163139184542,1571,"tags=62%, list=12%, signal=54%","80763/185/10699/4881/9356/525/116085/50617",0.407017918923954
"GO:0032728","positive regulation of interferon-beta production",40,0.625359721791586,1.72878976753637,0.00377079991218999,0.0642456866198631,0.041768819538395,2749,"tags=42%, list=20%, signal=34%","7098/4938/8717/4939/7099/4940/9636/7097/51284/80342/3665/3659/64135/29110/91947/3148/84282",0.431707695803346
"GO:0010324","membrane invagination",54,0.603145613332096,1.72865410582057,0.00224007754388947,0.0479995059293249,0.0312064950438903,2135,"tags=35%, list=16%, signal=30%","4481/11031/11314/9938/3689/9844/3071/948/54209/718/257364/2209/4627/196527/115548/2934/9146/91937/57154",0.431707695803346
"GO:1903039","positive regulation of leukocyte cell-cell adhesion",188,0.493784897675535,1.72824776602955,1.82305152971184e-05,0.00146652143384708,0.000953447185987557,1784,"tags=28%, list=13%, signal=25%","140885/857/240/567/3133/6352/939/3689/6541/4690/301/5788/912/3561/3071/864/80381/865/1948/60/923/1445/100133941/4067/2113/942/2494/51571/916/29126/6602/8744/283234/3606/7409/3676/6604/9840/7494/64115/114548/11006/399/604/9435/11148/960/3654/7037/861/7040/7532/3600",0.575610261071129
"GO:0046902","regulation of mitochondrial membrane permeability",41,0.618616590834727,1.72662551040261,0.00647066458086598,0.0886586629518187,0.0576407209290371,8,"tags=5%, list=0%, signal=5%","3099/8996",0.407017918923954
"GO:0005979","regulation of glycogen biosynthetic process",24,0.685105043235113,1.72639455514241,0.00783745321969602,0.0987727502352655,0.0642163139184542,904,"tags=21%, list=7%, signal=19%","5507/8445/10580/79660/648791",0.380730400722792
"GO:0010962","regulation of glucan biosynthetic process",24,0.685105043235113,1.72639455514241,0.00783745321969602,0.0987727502352655,0.0642163139184542,904,"tags=21%, list=7%, signal=19%","5507/8445/10580/79660/648791",0.380730400722792
"GO:0031343","positive regulation of cell killing",29,0.670992136925364,1.72581915471076,0.010596342854822,0.11512995064814,0.0748508169978791,1552,"tags=38%, list=12%, signal=34%","3133/3134/6688/5551/912/3140/7305/56253/51571/5817/114836",0.380730400722792
"GO:0000727","double-strand break repair via break-induced replication",11,0.807712883812407,1.72480808990988,0.00973564534561958,0.110050237195292,0.0715482819067038,998,"tags=45%, list=7%, signal=42%","4174/4175/4171/4176/8317",0.380730400722792
"GO:0002706","regulation of lymphocyte mediated immunity",103,0.530859884220634,1.72332638934298,0.000380765941687887,0.0135644982135842,0.0088188500710476,1850,"tags=30%, list=14%, signal=26%","121260/567/3133/3134/5788/912/3071/54209/441168/3140/5272/56253/3635/409/51571/10865/29126/7454/3606/2213/5817/114548/11006/114836/7037/7040/7186/7532/196/84787/3077",0.49849310876659
"GO:0000038","very long-chain fatty acid metabolic process",27,-0.726846005604606,-1.72324375098601,0.0220726761752752,0.176042320974583,0.114452507596583,1740,"tags=52%, list=13%, signal=45%","30/2180/10965/23305/122970/8529/9524/23205/8309/641371/51495/66002/51/5825",0.352487857583619
"GO:0045806","negative regulation of endocytosis",50,0.592708253574887,1.72264299343652,0.00613407512249497,0.086465452206296,0.056214822496642,1365,"tags=32%, list=10%, signal=29%","140885/857/341/11314/567/3958/302/8291/23208/1445/7097/257364/88455/2042/84058/2213",0.407017918923954
"GO:0097305","response to alcohol",171,-0.578979347030135,-1.72239977580954,0.000663814365701748,0.0206449779978565,0.013422167397305,1013,"tags=20%, list=8%, signal=19%","5587/1582/5950/151556/211/2690/9353/847/56848/57630/2770/9131/4538/5997/210/222236/7832/6340/4513/5465/3728/5071/3248/6337/4519/18/5578/5731/6559/6422/1393/2625/2203/6338",0.477270815362862
"GO:0044843","cell cycle G1/S phase transition",197,0.489191119609814,1.72206751460057,2.79124948179189e-05,0.00205087055674659,0.00133335709661279,2521,"tags=32%, list=19%, signal=26%","1030/6241/10457/1956/1026/1033/11040/493/60/3275/595/1029/1978/91607/1017/586/11186/7114/890/5683/8317/891/10657/6602/5310/23236/2273/990/6604/5925/25959/8454/2146/65992/5682/6502/1104/4863/10769/29933/6240/4330/123879/8525/997/196528/79027/51065/6198/5933/6118/5688/894/4609/4296/8450/6598/1031/55904/79616/207/28984/5777",0.575610261071129
"GO:0060674","placenta blood vessel development",8,0.869880876357959,1.72144320535236,0.00229013035766507,0.0479995059293249,0.0312064950438903,1152,"tags=62%, list=9%, signal=57%","23462/10959/23493/3516/5310",0.431707695803346
"GO:2000045","regulation of G1/S transition of mitotic cell cycle",130,0.505921963142647,1.72052165203021,0.000553742435098099,0.0179828620635725,0.0116914140051385,2678,"tags=30%, list=20%, signal=24%","1030/6241/10457/1956/1026/60/3275/595/1029/91607/1017/5683/6602/5310/23236/2273/990/6604/5925/25959/5682/6240/123879/8525/196528/79027/51065/5933/6118/5688/894/6598/1031/55904/207/28984/5777/134353/5720",0.477270815362862
"GO:0051917","regulation of fibrinolysis",14,-0.82276649560713,-1.72013837884854,0.00716684643545832,0.0940328646152322,0.0611347151760012,1056,"tags=36%, list=8%, signal=33%","5327/3273/2160/350/5340",0.407017918923954
"GO:0032731","positive regulation of interleukin-1 beta production",40,0.621131366921025,1.71710059668156,0.00446611396875951,0.0717262784381651,0.0466322665048477,2123,"tags=40%, list=16%, signal=34%","834/64581/948/5027/115362/7099/7305/10392/3098/3428/114548/4615/22861/24145/22900/29108",0.407017918923954
"GO:0032481","positive regulation of type I interferon production",73,0.564707835962072,1.71559658686159,0.00113667063678686,0.0298274553706837,0.0193920816511662,2488,"tags=34%, list=18%, signal=28%","4828/7098/4938/8717/4939/7099/26191/4940/9636/7097/51284/2597/80342/10010/3665/3659/3654/353376/4615/64135/3838/29110/9641/148022/91947",0.45505986738723
"GO:0050855","regulation of B cell receptor signaling pathway",13,0.772529154130955,1.71539882742218,0.011184043422197,0.118663911977751,0.0771483937037768,2521,"tags=77%, list=19%, signal=63%","11314/26191/9404/5583/4067/2213/150372/115352/975/5777",0.380730400722792
"GO:0009798","axis specification",38,-0.703498442302051,-1.71427827125064,0.00860761844189265,0.104536324796374,0.0679634558419806,701,"tags=21%, list=5%, signal=20%","4091/3975/23242/6926/79971/7490/3234/6422",0.380730400722792
"GO:0006104","succinyl-CoA metabolic process",13,-0.839750070866526,-1.71246309783368,0.0103890558322584,0.113507193646868,0.0737957945067688,1257,"tags=69%, list=9%, signal=63%","122970/1738/5095/84693/1743/4594/8802/8801/8803",0.380730400722792
"GO:0015849","organic acid transport",215,-0.560120395299353,-1.71208168125978,0.000179222928775255,0.00810363365646884,0.00526851263657694,1750,"tags=32%, list=13%, signal=28%","2181/6573/134/8402/23428/10434/84647/6520/1636/80763/2180/6812/2806/9673/6583/25874/118980/117247/6567/8529/6582/22925/124935/9075/8501/6555/4036/6505/8604/9194/159963/1579/6519/788/1468/2348/1497/3993/123096/5997/9356/634/5243/94097/9058/9963/9122/57393/368/55867/5465/9121/11001/5825/11136/846/65010/9376/387700/59272/18/51660/2168/220963/115111/153201/213/64849",0.518848077743792
"GO:0046942","carboxylic acid transport",215,-0.560120395299353,-1.71208168125978,0.000179222928775255,0.00810363365646884,0.00526851263657694,1750,"tags=32%, list=13%, signal=28%","2181/6573/134/8402/23428/10434/84647/6520/1636/80763/2180/6812/2806/9673/6583/25874/118980/117247/6567/8529/6582/22925/124935/9075/8501/6555/4036/6505/8604/9194/159963/1579/6519/788/1468/2348/1497/3993/123096/5997/9356/634/5243/94097/9058/9963/9122/57393/368/55867/5465/9121/11001/5825/11136/846/65010/9376/387700/59272/18/51660/2168/220963/115111/153201/213/64849",0.518848077743792
"GO:0071383","cellular response to steroid hormone stimulus",165,-0.573276301377412,-1.71191600435873,0.000531317244549905,0.0174382331359294,0.0113373278619128,1009,"tags=14%, list=7%, signal=13%","54600/5245/84830/2104/678/55325/9131/6340/5465/6752/6337/4537/7421/358/55885/5105/6422/476/2103/445/5106/6943/6338",0.477270815362862
"GO:0002551","mast cell chemotaxis",10,0.825665264008239,1.71172821876205,0.00485934825359243,0.0757928168640203,0.0492760939521363,1392,"tags=50%, list=10%, signal=45%","7422/7424/7423/5880/5228",0.407017918923954
"GO:0097531","mast cell migration",10,0.825665264008239,1.71172821876205,0.00485934825359243,0.0757928168640203,0.0492760939521363,1392,"tags=50%, list=10%, signal=45%","7422/7424/7423/5880/5228",0.407017918923954
"GO:0032816","positive regulation of natural killer cell activation",9,0.860125421533458,1.71111871561274,0.00306687085415149,0.0560957621400286,0.0364702112930827,1173,"tags=56%, list=9%, signal=51%","2214/3133/7305/3606/558",0.431707695803346
"GO:0071466","cellular response to xenobiotic stimulus",108,-0.602228677855,-1.71092454613947,0.00246171134843619,0.049724877340577,0.03232823147329,1950,"tags=40%, list=14%, signal=34%","5138/7410/2327/2330/30/7345/2938/10858/54658/2180/2946/57412/134147/3690/1576/7364/8529/27233/2939/54600/9/873/27284/348158/2329/3172/5243/670/66002/1429/5446/2052/56603/55347/7172/9915/217/316/10249/65266/1393/2947/2203",0.431707695803346
"GO:0048634","regulation of muscle organ development",15,0.756757162457333,1.7100576029302,0.00486015905415999,0.0757928168640203,0.0492760939521363,1724,"tags=40%, list=13%, signal=35%","4208/136319/22933/4666/57496/7040",0.407017918923954
"GO:0002719","negative regulation of cytokine production involved in immune response",13,0.769621629172265,1.70894267637834,0.0121565454076844,0.123539749345303,0.0803183803880018,2802,"tags=77%, list=21%, signal=61%","3134/7043/11006/7040/3077/684/3718/7042/11213/79004",0.380730400722792
"GO:0030100","regulation of endocytosis",226,0.478133267947644,1.70882943929579,1.29006758782583e-05,0.00115468319571962,0.000750708048485833,1305,"tags=23%, list=10%, signal=21%","140885/857/7422/1012/341/11031/11314/567/3958/55589/10960/57118/302/8291/64581/8862/5873/5788/5898/3561/3071/54209/23208/1948/60/3601/967/867/22871/718/1445/7018/10094/409/7097/257364/2212/636/949/977/1794/3055/5648/29904/2209/558/116985/4193/88455/2042/84058",0.593325476396405
"GO:0034440","lipid oxidation",87,-0.621271082692486,-1.70842966686404,0.00367626735942034,0.0628171498217231,0.040840067759641,1740,"tags=36%, list=13%, signal=31%","30/5447/34/3667/54677/254013/27349/5264/8529/549/1384/2110/2108/10994/8309/6342/26061/38/55862/2639/440503/5465/11001/51/5825/1962/84649/10455/51179/1892/4051",0.431707695803346
"GO:0046688","response to copper ion",24,-0.760260783642557,-1.70782493382878,0.0249255761994036,0.187116905364105,0.121652560100741,1735,"tags=38%, list=13%, signal=33%","4502/84557/1616/4494/4495/4512/358/4519/359",0.352487857583619
"GO:0061760","antifungal innate immune response",11,0.799396021997553,1.70704807787044,0.0122364820785805,0.124010416651545,0.080624380974366,1709,"tags=64%, list=13%, signal=56%","6688/64581/50856/2597/5919/64170/1524",0.380730400722792
"GO:0003338","metanephros morphogenesis",17,-0.809403268765267,-1.70682888154218,0.00499906238042254,0.0769227452149835,0.0500107078362085,1242,"tags=35%, list=9%, signal=32%","5076/6299/7849/3975/7490/793",0.407017918923954
"GO:1905954","positive regulation of lipid localization",69,0.559745744388022,1.70656075938123,0.00346930880320171,0.0603331276485788,0.039225100602494,1350,"tags=30%, list=10%, signal=28%","29923/857/9619/4481/123/4828/302/19/948/54209/356/718/10226/21/949/10396/1906/27166/51703/55754/10162",0.431707695803346
"GO:0010389","regulation of G2/M transition of mitotic cell cycle",77,0.548853828083408,1.70528063690543,0.00183290501983286,0.0415977440408399,0.0270444407315121,2911,"tags=42%, list=22%, signal=33%","1026/51360/6790/57099/595/8317/891/55743/2273/990/6604/26271/4683/51720/10111/29933/6240/994/9344/29980/580/3364/51149/1063/55920/5889/4361/545/1111/8766/60561/50484",0.45505986738723
"GO:0048872","homeostasis of number of cells",165,0.487111244922119,1.70500436924114,0.000126584050543796,0.0066434022240753,0.00431915484474846,1814,"tags=23%, list=13%, signal=20%","7422/121260/4208/79876/5699/3059/5696/6688/355/10673/301/3561/3071/55619/7128/23306/10019/9636/9935/3162/4856/4067/7846/2113/5698/440712/5683/64170/10162/4055/202309/5682/4846/55646/1524/55972/10320/836",0.518848077743792
"GO:0072078","nephron tubule morphogenesis",37,-0.703430088483074,-1.70431528980701,0.00637546656749909,0.0883149133381138,0.0574172348658218,694,"tags=27%, list=5%, signal=26%","7849/3975/9953/153572/7490/2246/65266/2625/2719/6943",0.407017918923954
"GO:0016202","regulation of striated muscle tissue development",13,0.767388516499116,1.70398405592947,0.0125455466912388,0.125526681820439,0.0816101686520135,1724,"tags=46%, list=13%, signal=40%","4208/136319/22933/4666/57496/7040",0.380730400722792
"GO:0000098","sulfur amino acid catabolic process",9,-0.920229623376049,-1.70392496583734,0.00385023242129424,0.0653054406229908,0.0424578101312366,243,"tags=33%, list=2%, signal=33%","7263/2326/189",0.431707695803346
"GO:0045058","T cell selection",49,0.582980482076422,1.70175476950002,0.0116835115882793,0.120907889288566,0.0786072976127391,3415,"tags=47%, list=25%, signal=35%","5699/3714/912/84695/5698/916/5683/3956/114836/5682/3716/10538/5688/917/387/3718/920/6693/972/7535/6046/5771/969",0.380730400722792
"GO:0001774","microglial cell activation",30,0.653359987046164,1.70171732545662,0.0201487369877507,0.166106978981765,0.107993124428874,2451,"tags=53%, list=18%, signal=44%","3689/5788/54209/23208/7305/9572/712/728/2896/3460/1524/6376/51063/3459/7096/3556",0.352487857583619
"GO:0002269","leukocyte activation involved in inflammatory response",30,0.653359987046164,1.70171732545662,0.0201487369877507,0.166106978981765,0.107993124428874,2451,"tags=53%, list=18%, signal=44%","3689/5788/54209/23208/7305/9572/712/728/2896/3460/1524/6376/51063/3459/7096/3556",0.352487857583619
"GO:0010804","negative regulation of tumor necrosis factor-mediated signaling pathway",20,0.71785861635375,1.70157500670998,0.0101607826969567,0.112365256955139,0.0730533734959496,1465,"tags=25%, list=11%, signal=22%","8996/307/10010/114769/83643",0.380730400722792
"GO:0050830","defense response to Gram-positive bacterium",39,0.623836568689772,1.70065117745696,0.00602355426361982,0.0859379901979546,0.0558718972887579,1892,"tags=36%, list=14%, signal=31%","133/2634/567/3133/4069/3140/6039/7097/5919/3606/115361/219972/4615/837",0.407017918923954
"GO:0042462","eye photoreceptor cell development",14,0.759637997950651,1.70062236724497,0.011793351172278,0.12119111571792,0.0787914350115062,46,"tags=14%, list=0%, signal=14%","7422/112724",0.380730400722792
"GO:0072224","metanephric glomerulus development",12,-0.854445497572146,-1.70061048570567,0.00604270559898347,0.0859673097705631,0.0558909591744916,550,"tags=42%, list=4%, signal=40%","3975/358/7490/6943/7827",0.407017918923954
"GO:0048536","spleen development",10,-0.876341698593115,-1.69978671960555,0.00812858763088814,0.100943101325086,0.065627350328448,19,"tags=10%, list=0%, signal=10%","6943",0.380730400722792
"GO:0045590","negative regulation of regulatory T cell differentiation",16,0.743911025543436,1.69943762629809,0.00643768618243961,0.0884754658414421,0.0575216167923103,2461,"tags=50%, list=18%, signal=41%","5699/5696/5698/5683/5682/3659/5688/4192",0.407017918923954
"GO:0008652","amino acid biosynthetic process",53,-0.664348882189995,-1.69915794194171,0.00918813376550479,0.107158433082613,0.0696681985816154,839,"tags=28%, list=6%, signal=27%","29968/2678/5053/4942/435/51733/6470/64902/635/18/26227/23743/1491/445/189",0.380730400722792
"GO:0070230","positive regulation of lymphocyte apoptotic process",10,0.819583270608971,1.69911933210826,0.00549513339049623,0.0815666516902445,0.0530299065050011,1611,"tags=60%, list=12%, signal=53%","6352/27113/29126/96459/27166/64065",0.407017918923954
"GO:0032612","interleukin-1 production",74,0.550649471916816,1.69858904936676,0.00442799646831453,0.0715048440680022,0.046488302719362,2149,"tags=42%, list=16%, signal=35%","140885/1992/834/64581/3603/301/948/54209/5027/7128/115362/7099/7305/10392/409/3098/5371/3428/114769/8841/114548/11006/2000/1524/6376/4615/22861/24145/22900/29108/28964",0.407017918923954
"GO:0032652","regulation of interleukin-1 production",74,0.550649471916816,1.69858904936676,0.00442799646831453,0.0715048440680022,0.046488302719362,2149,"tags=42%, list=16%, signal=35%","140885/1992/834/64581/3603/301/948/54209/5027/7128/115362/7099/7305/10392/409/3098/5371/3428/114769/8841/114548/11006/2000/1524/6376/4615/22861/24145/22900/29108/28964",0.407017918923954
"GO:0008630","intrinsic apoptotic signaling pathway in response to DNA damage",78,0.53889912763722,1.69764233328225,0.00117232617723239,0.0304908551759824,0.0198233857309759,2349,"tags=31%, list=17%, signal=26%","64782/23612/330/8717/8445/581/7188/6188/5371/3428/2956/57007/6154/54541/960/7186/7132/7133/51065/29108/578/1396/9641/25946",0.45505986738723
"GO:0042416","dopamine biosynthetic process",9,-0.916757274279509,-1.69749545936917,0.00453602566920467,0.0724531491401768,0.0471048356807321,425,"tags=44%, list=3%, signal=43%","2643/1644/217/1610",0.407017918923954
"GO:0071280","cellular response to copper ion",13,-0.832202017045161,-1.69707070421803,0.0131189832714559,0.129384871928888,0.0841185401063988,1735,"tags=54%, list=13%, signal=47%","4502/84557/1616/4494/4495/358/359",0.380730400722792
"GO:0050871","positive regulation of B cell activation",50,0.583882715389119,1.69699251290529,0.00867606557974991,0.104616680578797,0.0680156985115116,2893,"tags=50%, list=21%, signal=39%","4208/6688/939/10673/5788/3071/3635/7293/7494/65992/952/8660/7037/7040/84787/51293/115352/3574/975/10459/23529/4323/112441434/972/648",0.380730400722792
"GO:1903035","negative regulation of response to wounding",64,-0.635845164786157,-1.69639131067492,0.00869329191365504,0.104616680578797,0.0680156985115116,1395,"tags=22%, list=10%, signal=20%","6696/5156/83999/5327/84830/3273/2043/634/2160/350/7103/5624/5340/3827",0.380730400722792
"GO:0042939","tripeptide transport",11,-0.846437865007046,-1.69617160845764,0.0157249045071292,0.141765320081144,0.0921675894960606,549,"tags=27%, list=4%, signal=26%","51629/6565/64849",0.352487857583619
"GO:0071472","cellular response to salt stress",13,-0.831723492923291,-1.69609487232643,0.0132706461385175,0.129576176083398,0.0842429149730564,174,"tags=23%, list=1%, signal=23%","358/80303/2203",0.380730400722792
"GO:0071549","cellular response to dexamethasone stimulus",17,-0.804216208273827,-1.69589066940647,0.00608411038866183,0.0859673097705631,0.0558909591744916,174,"tags=24%, list=1%, signal=23%","358/5105/445/5106",0.407017918923954
"GO:0016188","synaptic vesicle maturation",22,-0.743397984248603,-1.69465501205742,0.0319716214829998,0.216508284651006,0.140761130372282,1552,"tags=36%, list=12%, signal=32%","6812/51201/51606/526/127124/523/525/50617",0.321775918075361
"GO:0009410","response to xenobiotic stimulus",235,-0.553644352717514,-1.69313806707648,0.000137650773036961,0.00696831972895985,0.00453039736296901,1782,"tags=29%, list=13%, signal=26%","3158/3320/6573/30/7345/5447/2938/10858/54658/2180/2946/5727/57412/1848/134147/3690/4862/1576/7364/5019/8529/27233/2939/54600/5950/9/873/211/3485/27284/847/6609/4780/348158/6569/2329/3172/5243/210/670/66002/1429/4535/368/5446/116085/2052/56603/5071/5825/55347/4860/79762/7172/4519/18/9915/217/316/10249/6422/65266/1393/2947/445/3291/2625/2203/7021",0.518848077743792
"GO:0060263","regulation of respiratory burst",12,0.777122354178653,1.69267966516499,0.00937705004451203,0.108006091448143,0.070219296891289,2110,"tags=67%, list=16%, signal=56%","57118/64581/56833/653361/2896/5880/6280/6223",0.380730400722792
"GO:0061045","negative regulation of wound healing",51,-0.666686538211945,-1.69263475249265,0.00607772317942484,0.0859673097705631,0.0558909591744916,852,"tags=18%, list=6%, signal=17%","84830/3273/634/2160/350/7103/5624/5340/3827",0.407017918923954
"GO:0060099","regulation of phagocytosis, engulfment",13,0.762196953746168,1.69245620534768,0.0142960551745032,0.134148377767896,0.0872154953453839,632,"tags=38%, list=5%, signal=37%","11031/11314/3071/54209/718",0.380730400722792
"GO:1905153","regulation of membrane invagination",13,0.762196953746168,1.69245620534768,0.0142960551745032,0.134148377767896,0.0872154953453839,632,"tags=38%, list=5%, signal=37%","11031/11314/3071/54209/718",0.380730400722792
"GO:0110095","cellular detoxification of aldehyde",11,-0.844265445693242,-1.69181831081575,0.0160508063770169,0.14338395119165,0.0932199295722745,803,"tags=45%, list=6%, signal=43%","10327/25953/3029/145226/217",0.352487857583619
"GO:0019532","oxalate transport",7,-0.909077487571564,-1.69062160867516,0.0078094802453482,0.0987727502352655,0.0642163139184542,269,"tags=29%, list=2%, signal=28%","65010/115111",0.407017918923954
"GO:0035136","forelimb morphogenesis",8,-0.918421088002724,-1.69060609684711,0.00270655238915854,0.0523326149456378,0.0340236312294442,310,"tags=38%, list=2%, signal=37%","6926/7020/7021",0.431707695803346
"GO:0006833","water transport",13,-0.828984322465322,-1.69050900994822,0.0143322867026605,0.134148377767896,0.0872154953453839,174,"tags=15%, list=1%, signal=15%","358/359",0.380730400722792
"GO:2000677","regulation of transcription regulatory region DNA binding",15,-0.817172257017441,-1.68944936771617,0.00567628414352188,0.0832049830314754,0.0540950545287256,1029,"tags=33%, list=8%, signal=31%","84444/3005/117854/2296/2625",0.407017918923954
"GO:0002705","positive regulation of leukocyte mediated immunity",84,0.54210442881902,1.68917608183965,0.00191552146655131,0.0426493756832902,0.0277281506364941,1799,"tags=27%, list=13%, signal=24%","567/3133/3134/6688/3689/64581/912/54209/3140/7305/56253/6810/51571/10865/3606/5817/114548/114836/7037/7040/7186/7532/84787",0.45505986738723
"GO:0006721","terpenoid metabolic process",71,-0.619977828525856,-1.68705127237917,0.00905624667796166,0.106342785186566,0.0691379116227654,1786,"tags=39%, list=13%, signal=34%","64577/3158/54658/59342/51109/3949/224/317749/1576/10901/3422/4036/54600/5950/8228/157506/39/130/4023/2222/55825/56603/84649/8854/145226/55937/1056/125",0.380730400722792
"GO:0160165","CD8-positive, alpha-beta T cell homeostasis",14,0.7535282282857,1.68694425875255,0.0127075467890963,0.126387411212027,0.0821697649847817,1624,"tags=36%, list=12%, signal=31%","5699/5696/5698/5683/5682",0.380730400722792
"GO:0016101","diterpenoid metabolic process",53,-0.659298137312542,-1.68624001056361,0.0109842792132835,0.117605816422004,0.0764604813372415,1786,"tags=45%, list=13%, signal=39%","64577/54658/59342/51109/3949/224/317749/1576/10901/4036/54600/5950/8228/157506/130/4023/55825/56603/84649/8854/145226/55937/1056/125",0.380730400722792
"GO:0042573","retinoic acid metabolic process",17,-0.799570769322146,-1.68609460151776,0.00693665006882478,0.0916261328192181,0.059569997739641,1786,"tags=59%, list=13%, signal=51%","64577/54658/59342/1576/54600/157506/130/56603/8854/125",0.407017918923954
"GO:0002703","regulation of leukocyte mediated immunity",145,0.494580898138816,1.68606236372423,0.000356774899900049,0.0132724058232513,0.00862894853862963,1850,"tags=30%, list=14%, signal=26%","121260/11314/567/3133/3134/6688/3689/64581/8832/5788/912/3071/54209/441168/3140/5272/7305/9846/56253/3635/409/4067/6810/51571/10865/29126/7454/3606/57102/2242/5880/2213/5817/114548/11006/114836/7037/1524/7040/7186/7532/196/84787/3077",0.49849310876659
"GO:0034341","response to type II interferon",91,0.529188624158625,1.68582251002355,0.000922660656678688,0.026199996811388,0.0170337184688606,2249,"tags=45%, list=17%, signal=38%","140885/2634/5699/84166/5696/6352/4345/834/115362/7099/356/83666/3394/6737/7097/6672/5698/2597/3055/1613/5683/29927/1906/51667/115361/54625/2635/58191/3460/5682/958/3659/3716/11140/4261/10410/684/6198/23521/5688/3459",0.477270815362862
"GO:0051918","negative regulation of fibrinolysis",10,-0.869059298073311,-1.68566149001727,0.0104904666618168,0.114402528827754,0.0743778895167898,1056,"tags=40%, list=8%, signal=37%","5327/3273/350/5340",0.380730400722792
"GO:0051235","maintenance of location",51,0.5703998452437,1.68514030063631,0.0067249495764196,0.090663425711455,0.0589441014099712,2515,"tags=33%, list=19%, signal=27%","3099/857/55704/6672/3098/5371/51141/8841/5552/29899/11014/10956/9913/580/57584/23568/207",0.407017918923954
"GO:0051651","maintenance of location in cell",51,0.5703998452437,1.68514030063631,0.0067249495764196,0.090663425711455,0.0589441014099712,2515,"tags=33%, list=19%, signal=27%","3099/857/55704/6672/3098/5371/51141/8841/5552/29899/11014/10956/9913/580/57584/23568/207",0.407017918923954
"GO:0006577","amino-acid betaine metabolic process",17,-0.798928337535747,-1.68473987369572,0.00709165741399246,0.0933853612490804,0.0607137460390173,1712,"tags=65%, list=13%, signal=57%","5447/34/29958/54677/1384/8424/55349/223/6470/501/635",0.407017918923954
"GO:0046629","gamma-delta T cell activation",13,0.758476047293869,1.6841939429708,0.015074060091649,0.137279905943999,0.0892514333538139,2526,"tags=69%, list=19%, signal=56%","3714/919/3071/6932/916/3702/51176/917/120425",0.380730400722792
"GO:0010884","positive regulation of lipid storage",16,0.737182725516199,1.68406707009622,0.00784737569919513,0.0987727502352655,0.0642163139184542,906,"tags=44%, list=7%, signal=41%","29923/4481/123/948/718/10226/949",0.380730400722792
"GO:1905517","macrophage migration",39,0.617192282474864,1.68253807902402,0.00690772249837187,0.0916261328192181,0.059569997739641,2811,"tags=56%, list=21%, signal=45%","3958/6352/4345/23603/56833/54209/51192/131450/928/728/5919/719/1524/6376/5025/1435/4192/1240/975/1436/4323/729230",0.407017918923954
"GO:0006749","glutathione metabolic process",39,-0.697485553021123,-1.682414686962,0.0132279957599965,0.129438468266695,0.0841533853369435,2463,"tags=44%, list=18%, signal=36%","6647/26873/124975/2954/6622/25974/2938/2946/2939/6505/9027/2678/4780/1497/1800/3029/2947",0.380730400722792
"GO:0006560","L-proline metabolic process",8,-0.913804117041364,-1.68210729454585,0.00311975900023204,0.0565985907511232,0.0367971212946805,597,"tags=50%, list=4%, signal=48%","4942/58510/8659/1610",0.431707695803346
"GO:1903306","negative regulation of regulated secretory pathway",17,0.70882321666762,1.68129073962107,0.0135887365432298,0.131776254081736,0.0856732780949684,568,"tags=35%, list=4%, signal=34%","11314/3134/6688/8832/3071/2771",0.380730400722792
"GO:0031294","lymphocyte costimulation",29,0.653667552186275,1.68125961586559,0.0147113162580741,0.136195956101803,0.0885467120296377,2744,"tags=55%, list=20%, signal=44%","857/1445/100133941/4067/942/29126/7409/11006/11148/51293/8740/975/207/5777/3932/1326",0.380730400722792
"GO:0006590","thyroid hormone generation",9,-0.907820292500829,-1.68094747396955,0.00690996317226992,0.0916261328192181,0.059569997739641,694,"tags=44%, list=5%, signal=42%","7849/1733/2625/115111",0.407017918923954
"GO:0032623","interleukin-2 production",52,0.574029500103322,1.68072368739834,0.00802114711464931,0.100315537744487,0.0652193448836307,2239,"tags=35%, list=17%, signal=29%","5699/5696/64581/301/5788/7128/7805/5698/942/947/5683/11006/5682/861/7186/5142/25865/5688",0.380730400722792
"GO:0032663","regulation of interleukin-2 production",52,0.574029500103322,1.68072368739834,0.00802114711464931,0.100315537744487,0.0652193448836307,2239,"tags=35%, list=17%, signal=29%","5699/5696/64581/301/5788/7128/7805/5698/942/947/5683/11006/5682/861/7186/5142/25865/5688",0.380730400722792
"GO:0019751","polyol metabolic process",79,-0.619876623218245,-1.68063752554523,0.00452603886146281,0.0724531491401768,0.0471048356807321,1238,"tags=25%, list=9%, signal=23%","1576/653308/26007/27124/3707/6652/2710/6342/56848/1593/1594/2643/81537/1591/84649/11163/55586/5105/5106/5745",0.407017918923954
"GO:0031295","T cell costimulation",28,0.649785865479429,1.67980917644583,0.0156976544722873,0.141737039920284,0.0921492033755657,2744,"tags=54%, list=20%, signal=43%","857/1445/100133941/4067/942/29126/7409/11006/11148/8740/975/207/5777/3932/1326",0.352487857583619
"GO:0009111","vitamin catabolic process",10,-0.866008288469509,-1.67974363216085,0.0116289452325729,0.120555449871364,0.0783781619432516,1238,"tags=70%, list=9%, signal=64%","1576/8529/1594/66002/56603/1591/4051",0.380730400722792
"GO:0050864","regulation of B cell activation",80,0.53797036898799,1.67792733381093,0.00249117390250407,0.0498065312888398,0.0323813181349638,2815,"tags=50%, list=21%, signal=40%","121260/4208/11314/6688/939/10673/4332/5788/56833/3071/1029/7128/7805/7305/3635/64092/4067/7293/2213/7494/9473/65992/952/8660/7037/7040/196/84787/150372/51293/115352/3574/975/22806/10459/23529/4323/112441434/972/3624",0.431707695803346
"GO:0030889","negative regulation of B cell proliferation",9,0.843251329601132,1.67754968743207,0.00630905609912199,0.0876705242331893,0.0569982904408777,1365,"tags=67%, list=10%, signal=60%","11314/4332/1029/7305/4067/2213",0.407017918923954
"GO:0072028","nephron morphogenesis",39,-0.695414472311529,-1.67741900412869,0.0147595821770753,0.136195956101803,0.0885467120296377,694,"tags=26%, list=5%, signal=24%","7849/3975/9953/153572/7490/2246/65266/2625/2719/6943",0.380730400722792
"GO:0072088","nephron epithelium morphogenesis",39,-0.695414472311529,-1.67741900412869,0.0147595821770753,0.136195956101803,0.0885467120296377,694,"tags=26%, list=5%, signal=24%","7849/3975/9953/153572/7490/2246/65266/2625/2719/6943",0.380730400722792
"GO:0035425","autocrine signaling",10,0.808989047025535,1.6771559139361,0.00758415135708376,0.0971234023462709,0.0631440035742739,1817,"tags=50%, list=13%, signal=43%","29923/8321/6280/1524/6376",0.407017918923954
"GO:0045807","positive regulation of endocytosis",115,0.517815029280706,1.67677157140535,0.00037673401814574,0.0135026985284186,0.00877867149979993,1176,"tags=26%, list=9%, signal=24%","140885/7422/11031/567/10960/57118/302/64581/8862/5873/5788/3561/3071/54209/3601/967/867/22871/718/7018/409/2212/636/977/1794/5648/29904/2209/558/116985",0.49849310876659
"GO:0060333","type II interferon-mediated signaling pathway",22,0.686344679701905,1.67553511554373,0.0212711214665881,0.171689649286778,0.111622652896554,2431,"tags=55%, list=18%, signal=45%","84166/83666/6672/3055/54625/3460/3659/3716/11140/4261/3459/7297",0.352487857583619
"GO:0042773","ATP synthesis coupled electron transport",85,-0.606869845960099,-1.67553454439984,0.00830693061456084,0.101627701660418,0.0660724377633694,2163,"tags=44%, list=16%, signal=37%","4719/1537/6622/65018/4720/4729/4707/23479/7386/4728/4709/4697/51103/4715/4704/6391/4723/4512/4722/1329/7385/7384/27069/4705/4536/7388/6390/4539/4538/4535/4540/4513/4541/6392/4514/4537/4519",0.380730400722792
"GO:0042775","mitochondrial ATP synthesis coupled electron transport",85,-0.606869845960099,-1.67553454439984,0.00830693061456084,0.101627701660418,0.0660724377633694,2163,"tags=44%, list=16%, signal=37%","4719/1537/6622/65018/4720/4729/4707/23479/7386/4728/4709/4697/51103/4715/4704/6391/4723/4512/4722/1329/7385/7384/27069/4705/4536/7388/6390/4539/4538/4535/4540/4513/4541/6392/4514/4537/4519",0.380730400722792
"GO:0042129","regulation of T cell proliferation",99,0.519212549032655,1.67479308117621,0.00104204372079509,0.0284889906550397,0.0185218895167582,2013,"tags=35%, list=15%, signal=30%","10457/3133/3958/6352/6541/4690/301/5788/912/3071/80381/923/1029/7805/56253/10385/100133941/942/2494/916/29126/8744/283234/3606/9231/5880/64115/11006/3659/11148/7037/3600/23240/7412/7133",0.45505986738723
"GO:1902751","positive regulation of cell cycle G2/M phase transition",21,0.689665479988702,1.6746328184956,0.0102956603433765,0.112707838710543,0.073276100285427,2911,"tags=57%, list=22%, signal=45%","4869/595/8317/891/6604/26271/6240/994/55920/5889/8766/50484",0.380730400722792
"GO:0001912","positive regulation of leukocyte mediated cytotoxicity",27,0.660684144184823,1.67391153806069,0.0111161509058115,0.11815684452868,0.0768187278555566,1552,"tags=37%, list=12%, signal=33%","3133/3134/6688/912/3140/7305/56253/51571/5817/114836",0.380730400722792
"GO:0006779","porphyrin-containing compound biosynthetic process",27,-0.705962583115691,-1.67373226296003,0.0324076890954577,0.216961727224488,0.141055932436347,1335,"tags=33%, list=10%, signal=30%","10857/55316/1352/2235/211/51629/210/8803/213",0.321775918075361
"GO:0033014","tetrapyrrole biosynthetic process",27,-0.705962583115691,-1.67373226296003,0.0324076890954577,0.216961727224488,0.141055932436347,1335,"tags=33%, list=10%, signal=30%","10857/55316/1352/2235/211/51629/210/8803/213",0.321775918075361
"GO:0006766","vitamin metabolic process",28,-0.716983434953715,-1.6736015589606,0.03778115364573,0.240154641184978,0.156134620030071,1831,"tags=46%, list=14%, signal=40%","80704/8566/55163/1576/8529/29968/157506/1593/1594/66002/56603/1591/4051",0.321775918075361
"GO:0002429","immune response-activating cell surface receptor signaling pathway",235,0.460955161235833,1.67309112014399,4.16038777729213e-05,0.0028770305123439,0.00187047838693959,1866,"tags=30%, list=14%, signal=26%","4208/11314/3958/3937/919/11118/4938/925/64581/4690/4332/2533/9111/5788/7462/3071/948/581/80381/54209/10384/7128/7805/7099/7305/26191/867/11119/3635/9404/718/5583/1445/10385/338382/7097/51135/4067/23180/23643/942/9572/9976/11120/3055/5648/916/29126/10657/728/4068/7409/5062/2213/9840/3702/29085/2357/11006/2359/9473/10616/952/719/11148/3654/8525/353376/5338/4615",0.557332238758646
"GO:0060041","retina development in camera-type eye",67,-0.625682495053516,-1.67250808928523,0.0102805191099182,0.112707838710543,0.073276100285427,1442,"tags=22%, list=11%, signal=20%","23554/5156/5076/148398/5663/6505/5950/149461/221322/3975/93/2823/7020/7021/793",0.380730400722792
"GO:0034975","protein folding in endoplasmic reticulum",10,0.806724769427255,1.67246172607446,0.00867407706857554,0.104616680578797,0.0680156985115116,1828,"tags=60%, list=14%, signal=52%","5034/30001/821/2923/811/5611",0.380730400722792
"GO:0002755","MyD88-dependent toll-like receptor signaling pathway",14,0.746971122783819,1.67226468728434,0.0138045830146367,0.132429641430477,0.0860980726561923,1866,"tags=57%, list=14%, signal=49%","11314/7099/51135/10318/3665/3659/3654/4615",0.380730400722792
"GO:0043388","positive regulation of DNA binding",17,-0.793000887061363,-1.67224036442264,0.00755667964361046,0.0970012281066795,0.0630645729691357,627,"tags=29%, list=5%, signal=28%","3005/1950/117854/2296/2625",0.407017918923954
"GO:0050856","regulation of T cell receptor signaling pathway",41,0.599059436648504,1.67203938738375,0.0102967181673293,0.112707838710543,0.073276100285427,1494,"tags=34%, list=11%, signal=30%","11314/3958/4690/5788/7805/26191/867/1445/942/29126/4068/9840/29085/11006",0.380730400722792
"GO:0071548","response to dexamethasone",27,-0.705156564718149,-1.67182131324574,0.0324076890954577,0.216961727224488,0.141055932436347,174,"tags=15%, list=1%, signal=15%","358/5105/445/5106",0.321775918075361
"GO:0032621","interleukin-18 production",6,0.914656591327964,1.67075681879025,0.00128529132732114,0.0321077081394097,0.0208745697590821,746,"tags=67%, list=6%, signal=63%","834/8832/115362/7097",0.45505986738723
"GO:0032661","regulation of interleukin-18 production",6,0.914656591327964,1.67075681879025,0.00128529132732114,0.0321077081394097,0.0208745697590821,746,"tags=67%, list=6%, signal=63%","834/8832/115362/7097",0.45505986738723
"GO:0150079","negative regulation of neuroinflammatory response",12,0.767002388742211,1.67063698473722,0.0123535264675311,0.124552364624611,0.0809767241164059,2013,"tags=75%, list=15%, signal=64%","4345/5788/54209/23208/9572/131450/2896/6376/7133",0.380730400722792
"GO:0002715","regulation of natural killer cell mediated immunity",28,0.646199498089545,1.67053779463886,0.0174973624730336,0.151919492786546,0.0987692437020956,1724,"tags=39%, list=13%, signal=34%","567/3133/3134/441168/5272/56253/3635/409/5817/114836/7040",0.352487857583619
"GO:0001787","natural killer cell proliferation",8,0.844022842871482,1.67027167456134,0.00668312972309614,0.0905148306736385,0.0588474935340903,1595,"tags=75%, list=12%, signal=66%","2214/3133/26191/3606/2013/2000",0.407017918923954
"GO:1901861","regulation of muscle tissue development",14,0.74605360784297,1.67021062148603,0.0138045830146367,0.132429641430477,0.0860980726561923,1724,"tags=43%, list=13%, signal=37%","4208/136319/22933/4666/57496/7040",0.380730400722792
"GO:0002181","cytoplasmic translation",200,0.469541368208928,1.6699730385191,0.000120924948184173,0.00640357518402316,0.00416323321197587,3817,"tags=48%, list=28%, signal=35%","6157/6175/5315/8531/4869/132864/4690/6202/116832/8662/6137/6139/6189/6132/6143/6188/6171/3087/57409/6231/2597/221120/3646/6173/6193/6207/6181/6187/6168/6154/6164/65992/85451/11224/55139/6134/25873/22916/6223/6451/6233/6158/23521/8667/25946/6141/6122/1936/200916/1938/6203/23008/6206/6124/6142/6204/6167/6169/53918/28985/6133/6228/24140/80279/9349/6155/6230/6129/6224/6229/6147/6208/6160/221662/8893/8665/26986/6205/6170/10985/6130/7353/6217/6301/6232/2197/4736/6201/6161/1968/54956/6135/6176/10973/6156/1939",0.538434096309916
"GO:0001778","plasma membrane repair",26,0.672445312132589,1.66995577144295,0.0114685469778577,0.119737334166692,0.0778462705583535,1444,"tags=27%, list=11%, signal=24%","6281/26509/302/23208/79026/128866/4627",0.380730400722792
"GO:0006885","regulation of pH",82,-0.612890279844927,-1.66867932345771,0.00657311969691605,0.0896445419454119,0.0582816822750297,1280,"tags=21%, list=9%, signal=19%","389015/11261/6549/147007/51606/155066/526/5164/51458/523/525/65010/50617/245972/8671/83697/6521",0.407017918923954
"GO:0042428","serotonin metabolic process",7,-0.896796026516315,-1.66778163768262,0.0113695076478386,0.11912649902673,0.0774491409754795,777,"tags=57%, list=6%, signal=54%","4128/223/1644/217",0.380730400722792
"GO:0050870","positive regulation of T cell activation",171,0.475872191618932,1.66732167005099,0.000293117433307973,0.0116415153580018,0.00756863814093776,2552,"tags=36%, list=19%, signal=29%","140885/857/567/3133/6352/939/6541/4690/301/5788/912/3561/3071/864/80381/865/60/923/1445/100133941/4067/942/2494/51571/916/29126/6602/8744/283234/3606/7409/6604/9840/7494/64115/114548/11006/399/604/11148/7037/861/7040/7532/3600/196528/7412/23149/8477/29108/8740/3574/51176/6598/64926/7297/4192/975/207/5777/387",0.49849310876659
"GO:0002577","regulation of antigen processing and presentation",14,0.744261940630281,1.66619956708277,0.013987422518389,0.133038947513092,0.0864942081346561,2809,"tags=71%, list=21%, signal=57%","1520/54209/10392/55080/7454/2213/3077/29108/968/972",0.380730400722792
"GO:0003014","renal system process",97,-0.596612448238894,-1.66594585623013,0.00397094324225545,0.0664395675774302,0.0431951537037926,1189,"tags=25%, list=9%, signal=23%","360/8529/1184/185/149461/10699/1579/5577/4881/9356/525/66002/10686/81693/116085/50617/5800/6565/358/1188/6559/65266/7827/359",0.407017918923954
"GO:0002888","positive regulation of myeloid leukocyte mediated immunity",14,0.744042279297441,1.66570780524772,0.013987422518389,0.133038947513092,0.0864942081346561,844,"tags=36%, list=6%, signal=34%","3133/6688/3689/7305/6810",0.380730400722792
"GO:0048485","sympathetic nervous system development",12,-0.836501450020621,-1.66489628800806,0.00981207161334571,0.110701260927536,0.0719715397815584,37,"tags=17%, list=0%, signal=17%","2625/7021",0.380730400722792
"GO:0051453","regulation of intracellular pH",77,-0.616381781075312,-1.66485810554671,0.00533179905792659,0.0799130598721918,0.0519548370042721,1280,"tags=19%, list=9%, signal=18%","389015/11261/6549/147007/51606/155066/526/523/525/65010/50617/245972/8671/83697/6521",0.407017918923954
"GO:0043299","leukocyte degranulation",51,0.563532601552342,1.66485230582864,0.00755810862076543,0.0970012281066795,0.0630645729691357,1365,"tags=35%, list=10%, signal=32%","2214/11314/3134/6688/3689/8832/7462/3071/867/9846/4067/6810/3055/57102/2242/11151/5880/2213",0.407017918923954
"GO:0001523","retinoid metabolic process",50,-0.6470858955218,-1.66452604637602,0.020552918143535,0.168259126528828,0.109392325951073,1786,"tags=44%, list=13%, signal=38%","64577/54658/59342/51109/3949/317749/1576/10901/4036/54600/5950/8228/157506/130/4023/56603/84649/8854/145226/55937/1056/125",0.352487857583619
"GO:0042044","fluid transport",18,-0.777261403420578,-1.66448139236644,0.00888822183095439,0.106065415340803,0.0689575818349989,269,"tags=17%, list=2%, signal=16%","65010/358/359",0.380730400722792
"GO:0019646","aerobic electron transport chain",80,-0.614457552480466,-1.66418824815084,0.00814766936484495,0.100943101325086,0.065627350328448,2163,"tags=45%, list=16%, signal=38%","4719/1537/6622/65018/4720/4729/4707/23479/7386/4728/4709/4697/51103/4715/4704/6391/4723/4512/4722/1329/7385/7384/4705/4536/7388/6390/4539/4538/4535/4540/4513/4541/6392/4514/4537/4519",0.380730400722792
"GO:0090200","positive regulation of release of cytochrome c from mitochondria",18,0.712051450235305,1.66345727590964,0.00900962839641314,0.106342785186566,0.0691379116227654,350,"tags=22%, list=3%, signal=22%","3003/834/27113/581",0.380730400722792
"GO:0071346","cellular response to type II interferon",56,0.562001036004347,1.66239502523861,0.0118541902950452,0.121603718244809,0.079059685245778,2249,"tags=50%, list=17%, signal=42%","140885/2634/84166/6352/4345/834/115362/7099/356/83666/3394/7097/6672/2597/3055/1613/1906/115361/54625/2635/3460/3659/3716/11140/4261/6198/23521/3459",0.380730400722792
"GO:0000097","sulfur amino acid biosynthetic process",14,-0.794627484528737,-1.66130881644266,0.0146035862716666,0.136171125419532,0.0885305685600706,1181,"tags=36%, list=9%, signal=33%","4522/2678/635/23743/1491",0.380730400722792
"GO:2001244","positive regulation of intrinsic apoptotic signaling pathway",47,0.585022939778267,1.66104571719359,0.0105185329515606,0.11449617905421,0.0744387754628258,2324,"tags=30%, list=17%, signal=25%","857/4690/27113/581/6188/26471/4487/1687/6154/6280/6878/6477/637/4609",0.380730400722792
"GO:0072539","T-helper 17 cell differentiation",42,0.60316017901295,1.66087205443279,0.00751335020279661,0.0970012281066795,0.0630645729691357,2239,"tags=26%, list=17%, signal=22%","5699/5696/84695/5698/5683/3956/114836/5682/3716/10538/5688",0.407017918923954
"GO:0051384","response to glucocorticoid",85,-0.601394070365616,-1.66041622664684,0.0106251024421519,0.115177888450009,0.0748819833765218,1009,"tags=21%, list=7%, signal=20%","54600/3485/2690/9353/654/678/249/210/5071/6752/5730/4537/358/5578/5105/445/3291/5106",0.380730400722792
"GO:0045980","negative regulation of nucleotide metabolic process",19,-0.766563875089842,-1.66026231978971,0.0117802856224385,0.12119111571792,0.0787914350115062,458,"tags=21%, list=3%, signal=20%","55022/5465/229/2203",0.380730400722792
"GO:1900543","negative regulation of purine nucleotide metabolic process",19,-0.766563875089842,-1.66026231978971,0.0117802856224385,0.12119111571792,0.0787914350115062,458,"tags=21%, list=3%, signal=20%","55022/5465/229/2203",0.380730400722792
"GO:0060761","negative regulation of response to cytokine stimulus",71,0.537303521812128,1.66011943792856,0.00331211494959481,0.0589957929506615,0.038355643140077,1465,"tags=25%, list=11%, signal=23%","8996/307/84166/4938/6352/25939/5788/54209/10019/4940/9636/7837/10010/54625/6773/114769/6091/83643",0.431707695803346
"GO:0030641","regulation of cellular pH",78,-0.606260309805483,-1.65980404202947,0.00844707821695373,0.103012294106336,0.0669726194728432,1280,"tags=19%, list=9%, signal=18%","389015/11261/6549/147007/51606/155066/526/523/525/65010/50617/245972/8671/83697/6521",0.380730400722792
"GO:0002753","cytoplasmic pattern recognition receptor signaling pathway",159,0.480176889552473,1.65951373880204,0.000359018803316936,0.0132724058232513,0.00862894853862963,2651,"tags=34%, list=20%, signal=28%","2634/121260/4481/7098/1956/4938/330/23151/948/54209/5027/7128/115362/7099/51428/1452/26191/4940/338382/10392/51135/144811/8473/4067/51284/23180/80342/3428/11277/90268/81926/114548/80196/3665/3659/3654/81622/4615/64135/22861/22900/3660/29108/29110/5538/115352/11331/148022/207/55601/84243/3920/8815/84885",0.49849310876659
"GO:0051900","regulation of mitochondrial depolarization",13,-0.813719358665153,-1.65937988224171,0.01808405078549,0.155634041752724,0.101184228016184,21,"tags=8%, list=0%, signal=8%","213",0.352487857583619
"GO:0002262","myeloid cell homeostasis",97,0.511748166787721,1.65933683079948,0.00153028513062578,0.0365651056821883,0.0237725111364825,866,"tags=15%, list=6%, signal=15%","7422/121260/79876/3059/6688/301/3071/23306/10019/9636/9935/3162/4067/2113/440712",0.45505986738723
"GO:0072348","sulfur compound transport",54,-0.642135286824443,-1.65902420672142,0.00992410957272513,0.11090098111878,0.0721013862672162,1123,"tags=24%, list=8%, signal=22%","6582/124935/6505/284439/6519/1468/51629/6561/1497/11136/65010/115111/64849",0.380730400722792
"GO:0002407","dendritic cell chemotaxis",16,0.726168631771722,1.65890577434144,0.00953900712527358,0.108848574161675,0.0707670302921933,315,"tags=25%, list=2%, signal=24%","7852/6688/6352/56833",0.380730400722792
"GO:0006570","tyrosine metabolic process",9,-0.895830777224324,-1.65874732534471,0.0101094950825169,0.112365256955139,0.0730533734959496,685,"tags=44%, list=5%, signal=42%","5053/3081/389434/3242",0.380730400722792
"GO:0043371","negative regulation of CD4-positive, alpha-beta T cell differentiation",15,0.734002804315685,1.65863917563238,0.00879271516660555,0.105476693365934,0.0685748289496246,1695,"tags=40%, list=13%, signal=35%","301/864/865/84695/3956/861",0.380730400722792
"GO:0005977","glycogen metabolic process",60,0.555357819640261,1.65827212358943,0.00342405921349087,0.0597419616494571,0.038840758754291,1113,"tags=22%, list=8%, signal=20%","5507/5836/8445/10580/9140/5255/79660/5501/2992/9572/648791/5500/5256",0.431707695803346
"GO:0044042","glucan metabolic process",60,0.555357819640261,1.65827212358943,0.00342405921349087,0.0597419616494571,0.038840758754291,1113,"tags=22%, list=8%, signal=20%","5507/5836/8445/10580/9140/5255/79660/5501/2992/9572/648791/5500/5256",0.431707695803346
"GO:0023035","CD40 signaling pathway",12,0.761246789479316,1.65810049575224,0.0139347460385436,0.132968242231427,0.0864482396610411,2680,"tags=67%, list=20%, signal=53%","54209/7188/7128/3688/958/7186/10758/3678",0.380730400722792
"GO:0010842","retina layer formation",14,-0.792654540941499,-1.657184030125,0.014922787200085,0.136842657039157,0.0889671594739538,550,"tags=29%, list=4%, signal=27%","3975/7020/7021/793",0.380730400722792
"GO:0043123","positive regulation of canonical NF-kappaB signal transduction",194,0.469201004922035,1.65565191448661,9.48996388511194e-05,0.00536365458814307,0.00348713715029651,2809,"tags=38%, list=21%, signal=31%","60401/857/10783/7422/10346/7098/330/834/64581/2280/11040/8717/948/2697/7188/7099/54503/1894/356/10135/3162/10392/7097/51135/51284/2597/3956/51246/64170/11214/114769/4055/8454/80833/51026/65992/10769/10616/23636/958/3654/7037/1524/7040/7186/6376/353376/3611/7132/4615/389/8795/684/29108/8740/29110/24138/347734/9641/148022/85363/3556/6398/387/3987/124583/286343/10758/92140/6275/11213/7185/23390/972",0.538434096309916
"GO:0044839","cell cycle G2/M phase transition",118,0.505275881213632,1.65548018660874,0.000800647906396163,0.0236754829649858,0.015392425974059,2911,"tags=36%, list=22%, signal=28%","9833/1026/4869/51360/6790/57099/595/9555/1017/890/8317/891/55743/10657/23236/7319/2273/990/6604/26271/10270/4683/51720/10111/29933/6240/994/9344/6873/29980/580/3364/51149/1063/55920/5889/4361/545/1111/8766/60561/50484",0.477270815362862
"GO:0031342","negative regulation of cell killing",24,0.656661154290578,1.65471886761711,0.0146789355417701,0.136195956101803,0.0885467120296377,1724,"tags=46%, list=13%, signal=40%","3133/3134/5788/3071/5272/3635/409/2213/5817/1524/7040",0.380730400722792
"GO:0002709","regulation of T cell mediated immunity",61,0.560779656994404,1.65465939286505,0.00356400713774799,0.0613638974289497,0.0398952473346271,2013,"tags=34%, list=15%, signal=29%","567/3133/3134/5788/912/3071/3140/51571/10865/29126/7454/3606/2213/5817/114548/11006/7186/7532/196/3077/7133",0.431707695803346
"GO:0001911","negative regulation of leukocyte mediated cytotoxicity",21,0.681373615591177,1.65449866846269,0.012940350516729,0.127991374830631,0.0832125691083955,1724,"tags=52%, list=13%, signal=46%","3133/3134/5788/3071/5272/3635/409/2213/5817/1524/7040",0.380730400722792
"GO:0048745","smooth muscle tissue development",16,-0.791461741680705,-1.65381459354331,0.0108115313004833,0.11639227286491,0.0756715056953722,579,"tags=12%, list=4%, signal=12%","64220/7021",0.380730400722792
"GO:0019883","antigen processing and presentation of endogenous antigen",15,0.731837714493588,1.65374668370104,0.00918568167625669,0.107158433082613,0.0696681985816154,314,"tags=33%, list=2%, signal=33%","567/3133/3134/6890/912",0.380730400722792
"GO:0019627","urea metabolic process",8,-0.898255660535084,-1.65348609267075,0.00598570564758605,0.0859379901979546,0.0558718972887579,924,"tags=50%, list=7%, signal=47%","2271/435/79814/445",0.407017918923954
"GO:0071941","nitrogen cycle metabolic process",8,-0.898255660535084,-1.65348609267075,0.00598570564758605,0.0859379901979546,0.0558718972887579,924,"tags=50%, list=7%, signal=47%","2271/435/79814/445",0.407017918923954
"GO:1901569","fatty acid derivative catabolic process",18,-0.771534721939856,-1.65221788008765,0.010255609499561,0.112707838710543,0.073276100285427,1146,"tags=44%, list=8%, signal=41%","5019/8529/1579/38/66002/1800/3248/4051",0.380730400722792
"GO:0098543","detection of other organism",11,0.773187096941089,1.65108095530597,0.0223560005082389,0.177579149983011,0.115451664690104,746,"tags=45%, list=6%, signal=43%","64581/912/7099/10392/7097",0.352487857583619
"GO:0006066","alcohol metabolic process",240,-0.535763098231175,-1.65029460858071,0.000211573836598157,0.00919076472380482,0.00597530220884528,1657,"tags=28%, list=12%, signal=25%","10858/6721/3633/1601/90809/158219/51109/7108/55/3949/9807/224/1576/10901/653308/51302/3422/27233/26007/3417/5950/8228/185/27124/84869/8029/27284/3707/6652/2230/10327/2710/157506/6342/22937/1595/654/130/56848/55902/79153/653/1593/2770/2222/219/1594/2643/222236/81537/55825/1591/84649/11163/8854/55586/145226/1056/5105/217/2053/2246/125/3291/5106/5745",0.518848077743792
"GO:0090174","organelle membrane fusion",105,0.508779124498087,1.64949293966818,0.00118519116505696,0.030689663736585,0.0199526395272601,1834,"tags=23%, list=14%, signal=20%","858/302/301/23208/8448/57586/338382/10282/27072/6810/54809/8411/25923/21/8676/2054/143425/128866/84286/662/9341/5305/10228/80124",0.45505986738723
"GO:0001562","response to protozoan",11,0.772341415410435,1.64927506812156,0.02306011217991,0.180421667593973,0.117299704790127,2184,"tags=64%, list=16%, signal=53%","2634/64581/283234/115361/4615/1130/10538",0.352487857583619
"GO:0042832","defense response to protozoan",11,0.772341415410435,1.64927506812156,0.02306011217991,0.180421667593973,0.117299704790127,2184,"tags=64%, list=16%, signal=53%","2634/64581/283234/115361/4615/1130/10538",0.352487857583619
"GO:0031570","DNA integrity checkpoint signaling",103,0.507971109056047,1.64902273326849,0.00125671776013345,0.0321077081394097,0.0208745697590821,3131,"tags=40%, list=23%, signal=31%","1026/51360/81620/151636/675/595/5984/440275/83666/1017/5982/4067/5985/8317/83695/990/197342/3014/4683/51720/8454/8914/8525/5983/51065/9344/6118/51776/29980/580/3364/51149/4361/545/10116/1111/60561/80279/9894/9675/7158",0.45505986738723
"GO:0009313","oligosaccharide catabolic process",7,-0.886613432729583,-1.64884495371061,0.0146178938652135,0.136171125419532,0.0885305685600706,531,"tags=29%, list=4%, signal=27%","57733/11181",0.380730400722792
"GO:0038060","nitric oxide-cGMP-mediated signaling",8,0.83257939883664,1.64762577037491,0.00935634528670451,0.108006091448143,0.070219296891289,925,"tags=50%, list=7%, signal=47%","948/493/2983/2982",0.380730400722792
"GO:0009651","response to salt stress",15,-0.796628465865012,-1.64697644395387,0.00905626793438675,0.106342785186566,0.0691379116227654,174,"tags=20%, list=1%, signal=20%","358/80303/2203",0.380730400722792
"GO:0045088","regulation of innate immune response",369,0.439228344917764,1.64688707420775,7.99719664696154e-07,0.00012704735646173,8.25988231128882e-05,1739,"tags=24%, list=13%, signal=22%","2634/121260/4481/11314/1520/567/3133/84166/3134/7098/6688/1956/4938/6352/330/834/64581/4332/23151/9111/25939/912/56833/948/54209/441168/5027/9140/7128/5272/115362/7099/7305/51428/1452/26191/4940/9636/83666/56253/3635/718/338382/10392/6737/409/7097/51135/144811/8473/4067/51284/23180/23643/9572/10212/2664/80342/653361/3055/5648/3428/29126/11277/2896/2/5062/90268/51752/7534/10318/81926/2213/54625/6773/10906/5817/114548/3075/114836/6280/80196/3665/3659/55646/149628/3654/7040/7186",0.659444398037935
"GO:0045779","negative regulation of bone resorption",11,0.771179644792265,1.64679419725643,0.0237642242694905,0.183215433201458,0.11911604916484,1644,"tags=55%, list=12%, signal=48%","5027/7128/3635/1445/84959/952",0.352487857583619
"GO:0097006","regulation of plasma lipoprotein particle levels",57,0.556032762384374,1.64650967248691,0.00748455875155451,0.0969036042767343,0.0630011036165587,686,"tags=25%, list=5%, signal=23%","3988/5046/9619/4481/341/7436/302/19/6646/948/54209/51129/1445/3162",0.407017918923954
"GO:0003407","neural retina development",35,-0.685376013939339,-1.64613258489837,0.0288287937870089,0.203428151116492,0.132257186125038,550,"tags=14%, list=4%, signal=14%","3975/2823/7020/7021/793",0.352487857583619
"GO:0050729","positive regulation of inflammatory response",113,0.495681640574055,1.64589689376706,0.00187706240555566,0.0419519879081983,0.027274749549843,2811,"tags=42%, list=21%, signal=34%","2634/3133/3003/7098/6352/834/3603/9111/8717/54209/115362/7099/1050/23765/7097/51284/26471/2113/9180/2828/3956/2896/3606/10318/2635/114548/6280/7040/7186/3600/836/6376/7132/837/22861/22900/6223/29108/3556/4192/4258/975/4363/5603/920/1326/7185/729230",0.45505986738723
"GO:0002685","regulation of leukocyte migration",156,0.476401317754139,1.6453906372829,0.000339274999170988,0.0127837079815838,0.00831122554380523,2811,"tags=42%, list=21%, signal=33%","7422/7424/11314/3958/3627/6688/6352/5034/57118/4345/27347/301/56833/3071/83483/54209/6793/80310/3162/4856/6351/4067/7423/131450/928/728/102/5919/23236/3676/1906/7130/5880/5228/4478/6364/64065/719/9435/196527/1524/7040/1235/6376/811/5025/1843/29108/80024/1435/4267/9518/4192/1240/975/207/23604/387/3383/1436/79890/4323/6693/972/729230",0.49849310876659
"GO:0001960","negative regulation of cytokine-mediated signaling pathway",67,0.547329181449037,1.64498202175362,0.00262916212890148,0.0518597818579963,0.0337162225776177,1465,"tags=27%, list=11%, signal=24%","8996/307/84166/4938/6352/25939/5788/54209/10019/4940/9636/7837/10010/54625/6773/114769/6091/83643",0.431707695803346
"GO:0019885","antigen processing and presentation of endogenous peptide antigen via MHC class I",12,0.75519213706063,1.64491262774968,0.0161089277408746,0.143684790987649,0.0934155181605547,1850,"tags=58%, list=14%, signal=50%","567/3133/3134/6890/51752/6892/3077",0.352487857583619
"GO:0033540","fatty acid beta-oxidation using acyl-CoA oxidase",13,-0.806108978782608,-1.64386039000052,0.0219697992411888,0.175459891222429,0.114073845549503,1740,"tags=62%, list=13%, signal=54%","30/54677/1384/8309/6342/11001/51/1962",0.352487857583619
"GO:0009070","serine family amino acid biosynthetic process",9,-0.887494791564773,-1.64331216251213,0.0142868911911315,0.134148377767896,0.0872154953453839,839,"tags=78%, list=6%, signal=73%","29968/2678/6470/64902/26227/1491/189",0.380730400722792
"GO:0045579","positive regulation of B cell differentiation",10,0.792568580091007,1.64311381740822,0.0131571660830334,0.129438468266695,0.0841533853369435,1589,"tags=60%, list=12%, signal=53%","6688/939/3071/3635/7494/65992",0.380730400722792
"GO:0007616","long-term memory",18,-0.766976535098182,-1.64245666314377,0.0116230005624336,0.120555449871364,0.0783781619432516,662,"tags=17%, list=5%, signal=16%","55902/5649/793",0.380730400722792
"GO:0070231","T cell apoptotic process",28,0.635319914784389,1.64241218458357,0.0242379463305056,0.18550987369143,0.1206077613063,1611,"tags=32%, list=12%, signal=28%","3958/6352/355/27113/356/29126/55716/27166/64065",0.352487857583619
"GO:0032941","secretion by tissue",15,-0.794134487765868,-1.64182030987502,0.00936067325360848,0.108006091448143,0.070219296891289,174,"tags=27%, list=1%, signal=26%","358/1056/5731/83697",0.380730400722792
"GO:0042113","B cell activation",173,0.470185080387038,1.64166630885583,0.000284620353689785,0.0115493413465203,0.00750871194426591,2893,"tags=40%, list=21%, signal=32%","121260/4208/11314/6688/939/10673/4332/5788/7462/56833/3071/55619/10051/1029/7128/7805/7305/3635/718/3394/64092/4067/3087/942/5130/3688/2956/7409/3676/3476/7293/96459/2213/7494/4683/2146/9473/65992/202309/952/958/8660/7037/7040/196/1235/84787/150372/7412/51293/2323/684/10538/115352/11331/3574/139818/975/22806/10459/3718/10758/23529/4323/84447/112441434/972/3624/84542/648",0.49849310876659
"GO:0070633","transepithelial transport",31,-0.69078589966459,-1.64087944670521,0.0345486388121604,0.226154222935062,0.147032360032402,1701,"tags=45%, list=13%, signal=40%","1365/1186/389015/10768/6505/5587/149461/51458/5243/65010/57127/358/1188/6557",0.321775918075361
"GO:1901988","negative regulation of cell cycle phase transition",203,0.462515277268633,1.64034344637075,0.000254329437664485,0.0105600539812497,0.00686553467267569,2666,"tags=33%, list=20%, signal=26%","1030/10457/1026/9735/83540/51360/81620/151636/675/57099/3275/595/9555/5984/440275/83666/91607/1017/5982/7114/699/4067/5985/9319/8317/1780/891/55743/83695/2273/990/323/197342/7517/5925/3014/26271/4683/25959/51720/10111/8454/8914/29933/123879/8525/55755/5983/79027/51065/1843/5933/9344/6118/51776/29980/580/3364/51149/1063/28984/4361/545/10459/10116/1111",0.49849310876659
"GO:0007076","mitotic chromosome condensation",18,0.701926893901493,1.63980481808054,0.0125170340851223,0.125526681820439,0.0816101686520135,1982,"tags=39%, list=15%, signal=33%","51203/10051/9031/10270/11044/29781/54892",0.380730400722792
"GO:0009948","anterior/posterior axis specification",19,-0.757099121352232,-1.63976308351302,0.0133615096794282,0.130247021385869,0.084679059683329,550,"tags=26%, list=4%, signal=25%","3975/6926/79971/7490/3234",0.380730400722792
"GO:0034165","positive regulation of toll-like receptor 9 signaling pathway",9,0.823635600196503,1.63852649283236,0.0110429922643959,0.117905169787092,0.0766551035343478,788,"tags=44%, list=6%, signal=42%","121260/4481/1956/4067",0.380730400722792
"GO:0042445","hormone metabolic process",129,-0.56387938384781,-1.63838903177977,0.00228414110745197,0.0479995059293249,0.0312064950438903,1712,"tags=34%, list=13%, signal=30%","5447/5547/10858/54658/1601/1636/59342/51109/51170/6696/169026/1576/7364/10901/6567/290/54600/5950/8228/27284/2230/2690/157506/6342/4311/10699/654/130/7849/653/3091/1733/56603/84649/79154/59272/8854/145226/1056/1428/125/389434/2625/115111",0.431707695803346
"GO:0150076","neuroinflammatory response",54,0.571647352231703,1.63837806439071,0.00630078943536317,0.0876705242331893,0.0569982904408777,2451,"tags=46%, list=18%, signal=38%","6352/3689/4345/5788/54209/23208/7305/26471/9572/131450/712/3688/728/2908/2896/3606/3460/1524/6376/7132/7133/51063/3459/7096/3556",0.407017918923954
"GO:0032732","positive regulation of interleukin-1 production",45,0.583133594999575,1.63791925238975,0.0109169782630885,0.117271724831768,0.0762432743607726,2123,"tags=38%, list=16%, signal=32%","834/64581/3603/948/5027/115362/7099/7305/10392/3098/3428/114548/4615/22861/24145/22900/29108",0.380730400722792
"GO:0001788","antibody-dependent cellular cytotoxicity",6,0.896106603211664,1.63687249605357,0.00266527683777126,0.0520481636293005,0.0338386974801973,1365,"tags=83%, list=10%, signal=75%","2214/3133/2212/2209/2213",0.431707695803346
"GO:0001794","type IIa hypersensitivity",6,0.896106603211664,1.63687249605357,0.00266527683777126,0.0520481636293005,0.0338386974801973,1365,"tags=83%, list=10%, signal=75%","2214/3133/2212/2209/2213",0.431707695803346
"GO:0002445","type II hypersensitivity",6,0.896106603211664,1.63687249605357,0.00266527683777126,0.0520481636293005,0.0338386974801973,1365,"tags=83%, list=10%, signal=75%","2214/3133/2212/2209/2213",0.431707695803346
"GO:0006906","vesicle fusion",100,0.504979662384857,1.63564307587993,0.00225491051927726,0.0479995059293249,0.0312064950438903,1264,"tags=18%, list=9%, signal=16%","858/302/301/23208/8448/57586/338382/10282/27072/6810/54809/8411/21/8676/2054/143425/128866/84286",0.431707695803346
"GO:0008217","regulation of blood pressure",102,-0.574483589813594,-1.63518052152783,0.00824131591739037,0.101344048038537,0.0658880226287959,734,"tags=19%, list=5%, signal=18%","4311/10699/2642/9365/4881/5743/2643/6340/5465/23576/6337/59272/170690/18/6296/65266/3291/3816/6338",0.380730400722792
"GO:0006544","glycine metabolic process",8,-0.888274864463408,-1.63511369801367,0.00818450693291967,0.100943101325086,0.065627350328448,374,"tags=62%, list=3%, signal=61%","6470/64902/2731/10249/189",0.380730400722792
"GO:0061043","regulation of vascular wound healing",8,0.825654556317397,1.63392191341372,0.0115364025570604,0.12001942341664,0.0780296686290207,1421,"tags=50%, list=11%, signal=45%","240/7128/7423/7494",0.380730400722792
"GO:0072070","loop of Henle development",9,-0.882295312400297,-1.63368464984285,0.0159578545666966,0.142878714988654,0.09289145429405,394,"tags=33%, list=3%, signal=32%","153572/358/7369",0.352487857583619
"GO:1903729","regulation of plasma membrane organization",16,0.715125697879107,1.63367859431931,0.0126877189448189,0.126387411212027,0.0821697649847817,1444,"tags=44%, list=11%, signal=39%","6281/302/50807/79026/356/51100/4627",0.380730400722792
"GO:0070664","negative regulation of leukocyte proliferation",53,0.567651616034462,1.63345445984947,0.00569608205177516,0.0832874883092895,0.0541486946755011,1494,"tags=32%, list=11%, signal=29%","10457/11314/3133/4332/1029/7128/7805/7305/56253/10385/4067/942/29126/9231/2213/64115/11006",0.407017918923954
"GO:0070227","lymphocyte apoptotic process",42,0.593099965595481,1.63317008088067,0.0100360417580298,0.11193900086091,0.0727762465040261,1671,"tags=33%, list=12%, signal=29%","3958/6352/355/27113/581/356/4067/29126/55716/96459/27166/604/64065/8660",0.380730400722792
"GO:0097401","synaptic vesicle lumen acidification",17,-0.774227708066015,-1.63265242928062,0.0129073617654584,0.127941774801626,0.08318032204607,1045,"tags=35%, list=8%, signal=33%","51606/526/127124/523/525/50617",0.380730400722792
"GO:0033700","phospholipid efflux",7,0.875034174161295,1.63236263303584,0.00524718504741993,0.0796975548029311,0.0518147281063656,881,"tags=57%, list=7%, signal=53%","9619/341/19/21",0.407017918923954
"GO:0048260","positive regulation of receptor-mediated endocytosis",42,0.592798208015864,1.63233915611369,0.0101457241887205,0.112365256955139,0.0730533734959496,870,"tags=24%, list=6%, signal=22%","7422/567/302/8862/967/867/718/7018/409/636",0.380730400722792
"GO:0061515","myeloid cell development",41,0.584830826383802,1.63232580416501,0.0156358708796125,0.141396383123634,0.0919277280826332,2392,"tags=34%, list=18%, signal=28%","302/3071/7305/23306/10019/7097/440712/375387/55646/5305/55972/2200/25946/23774",0.352487857583619
"GO:0007351","tripartite regional subdivision",12,-0.81994361851048,-1.63194108844682,0.0157953423298525,0.141964865771977,0.092297322531671,310,"tags=25%, list=2%, signal=24%","6926/7490/3234",0.352487857583619
"GO:0008595","anterior/posterior axis specification, embryo",12,-0.81994361851048,-1.63194108844682,0.0157953423298525,0.141964865771977,0.092297322531671,310,"tags=25%, list=2%, signal=24%","6926/7490/3234",0.352487857583619
"GO:0036376","sodium ion export across plasma membrane",13,-0.800232785257022,-1.63187734299951,0.023165416607638,0.180421667593973,0.117299704790127,76,"tags=15%, list=1%, signal=15%","8671/476",0.352487857583619
"GO:0070671","response to interleukin-12",8,0.824585670805853,1.63180665171392,0.0118997464246959,0.121858378892617,0.0792252508300445,1158,"tags=38%, list=9%, signal=34%","140885/5034/23236",0.380730400722792
"GO:0045844","positive regulation of striated muscle tissue development",6,0.893332120159348,1.63180448853881,0.00292959606749349,0.0544941952048315,0.035428965354025,1320,"tags=50%, list=10%, signal=45%","4208/4666/57496",0.431707695803346
"GO:0048636","positive regulation of muscle organ development",6,0.893332120159348,1.63180448853881,0.00292959606749349,0.0544941952048315,0.035428965354025,1320,"tags=50%, list=10%, signal=45%","4208/4666/57496",0.431707695803346
"GO:1901863","positive regulation of muscle tissue development",6,0.893332120159348,1.63180448853881,0.00292959606749349,0.0544941952048315,0.035428965354025,1320,"tags=50%, list=10%, signal=45%","4208/4666/57496",0.431707695803346
"GO:0002711","positive regulation of T cell mediated immunity",40,0.590210434736739,1.63162052928973,0.0111149708783873,0.11815684452868,0.0768187278555566,1753,"tags=30%, list=13%, signal=26%","567/3133/3134/912/3140/51571/10865/3606/5817/114548/7186/7532",0.380730400722792
"GO:1901991","negative regulation of mitotic cell cycle phase transition",142,0.482054167352804,1.63143384793,0.000399428966732093,0.0140589000176385,0.00914028145141693,2666,"tags=32%, list=20%, signal=26%","1030/10457/1026/9735/83540/51360/57099/3275/595/91607/1017/699/9319/8317/1780/891/55743/2273/990/7517/5925/26271/4683/25959/51720/10111/29933/123879/8525/55755/79027/51065/1843/5933/9344/6118/29980/580/3364/51149/1063/28984/4361/545/10459/1111",0.49849310876659
"GO:0001836","release of cytochrome c from mitochondria",43,0.57707658933388,1.63105765542928,0.0136304801772194,0.131776254081736,0.0856732780949684,350,"tags=12%, list=3%, signal=11%","8996/3003/834/27113/581",0.380730400722792
"GO:0006720","isoprenoid metabolic process",80,-0.602124939367545,-1.63078677114293,0.0112763169188239,0.118875546792771,0.0772859863868301,1786,"tags=36%, list=13%, signal=32%","64577/3158/54658/59342/51109/3949/224/317749/1576/10901/5264/3422/4036/54600/5950/8228/157506/39/130/4023/2222/55825/56603/84649/8854/145226/55937/1056/125",0.380730400722792
"GO:0032507","maintenance of protein location in cell",43,0.576737543610203,1.63009937167048,0.0138557722830458,0.132429641430477,0.0860980726561923,2515,"tags=35%, list=19%, signal=28%","3099/857/55704/6672/3098/5371/51141/8841/5552/11014/10956/9913/580/23568/207",0.380730400722792
"GO:0045185","maintenance of protein location",43,0.576737543610203,1.63009937167048,0.0138557722830458,0.132429641430477,0.0860980726561923,2515,"tags=35%, list=19%, signal=28%","3099/857/55704/6672/3098/5371/51141/8841/5552/11014/10956/9913/580/23568/207",0.380730400722792
"GO:0001914","regulation of T cell mediated cytotoxicity",19,0.673867557605144,1.62979463378453,0.0191235135256469,0.161852523360994,0.105227124119631,1403,"tags=47%, list=10%, signal=42%","3133/3134/5788/912/3071/3140/51571/2213/5817",0.352487857583619
"GO:0002679","respiratory burst involved in defense response",9,0.81907981873708,1.6294632995767,0.0129559149411748,0.127991374830631,0.0832125691083955,2248,"tags=89%, list=17%, signal=74%","56833/54209/653361/3055/2896/6280/6223/79415",0.380730400722792
"GO:0001754","eye photoreceptor cell differentiation",20,0.686781897882124,1.62791235749575,0.0218625287438106,0.174840740076352,0.113671309381737,46,"tags=10%, list=0%, signal=10%","7422/112724",0.352487857583619
"GO:0002440","production of molecular mediator of immune response",132,0.477760877353225,1.62685959654333,0.00175174809532106,0.0408602194614969,0.0265649450224541,2811,"tags=40%, list=21%, signal=32%","121260/567/3133/3134/64581/25939/5788/7043/10051/441168/7805/2821/144811/6810/942/5130/8140/3098/10865/2956/3606/2590/7293/2213/7494/4683/114548/11006/7037/7040/7186/1235/84787/3077/7133/684/10538/115352/11331/148022/975/7518/6398/10459/3718/7042/10758/23529/11213/112441434/79004/972/729230",0.45505986738723
"GO:0048643","positive regulation of skeletal muscle tissue development",5,0.90490602015867,1.62678230941349,0.00957378578455019,0.108848574161675,0.0707670302921933,1145,"tags=40%, list=8%, signal=37%","4208/4666",0.380730400722792
"GO:0042363","fat-soluble vitamin catabolic process",8,-0.883670122250735,-1.62663740608087,0.00938943734773753,0.108006091448143,0.070219296891289,1238,"tags=88%, list=9%, signal=80%","1576/8529/1594/66002/56603/1591/4051",0.380730400722792
"GO:0001782","B cell homeostasis",12,0.746728782379886,1.62647827402128,0.020841076685222,0.169634801611962,0.110286710108424,788,"tags=42%, list=6%, signal=39%","4208/3071/55619/7128/4067",0.352487857583619
"GO:0002443","leukocyte mediated immunity",236,0.44573034789256,1.62638032045121,0.000165161794153707,0.0077665682082839,0.00504937223013738,1799,"tags=32%, list=13%, signal=28%","2214/121260/11314/567/3133/3134/6688/11118/925/939/3689/5551/64581/8832/5788/7462/912/3561/3071/182/54209/10384/441168/714/3140/5272/7305/867/9846/56253/3635/718/713/914/203068/409/51135/4067/2212/6810/23180/57823/5130/712/51571/10865/29126/7454/2956/2209/3606/64170/57102/7409/2242/2013/11151/5880/2213/5817/4683/114548/11006/114836/958/10870/7037/1524/7040/1439/7186/7532/196/1235/2207/84787",0.518848077743792
"GO:0002534","cytokine production involved in inflammatory response",48,0.576410177485013,1.62631550863346,0.00900185852698928,0.106342785186566,0.0691379116227654,1551,"tags=31%, list=12%, signal=28%","140885/240/7098/64581/5601/54209/923/115362/7099/3162/23765/64170/7494/11006/2146",0.380730400722792
"GO:1900015","regulation of cytokine production involved in inflammatory response",48,0.576410177485013,1.62631550863346,0.00900185852698928,0.106342785186566,0.0691379116227654,1551,"tags=31%, list=12%, signal=28%","140885/240/7098/64581/5601/54209/923/115362/7099/3162/23765/64170/7494/11006/2146",0.380730400722792
"GO:0015791","polyol transmembrane transport",8,-0.883414432939742,-1.62616673972345,0.00938943734773753,0.108006091448143,0.070219296891289,408,"tags=50%, list=3%, signal=49%","6526/65010/358/359",0.380730400722792
"GO:0045602","negative regulation of endothelial cell differentiation",7,0.871695965332997,1.62613525642189,0.00543973699070385,0.0809487950160943,0.0526282119278091,661,"tags=43%, list=5%, signal=41%","7422/182/6935",0.407017918923954
"GO:0002274","myeloid leukocyte activation",156,0.47073739992398,1.62582864821869,0.000470774670779571,0.0157228040616041,0.0102220553633813,1521,"tags=28%, list=11%, signal=25%","2214/11314/3937/6688/6352/57580/3689/4345/8291/3603/27347/301/8832/9111/5788/7462/54209/23208/7099/7305/1050/867/5791/9846/914/64784/4067/6810/9572/3566/712/1794/728/102/2896/57102/2242/22918/5880/2213/2335/11006/3460/399",0.49849310876659
"GO:0007084","mitotic nuclear membrane reassembly",10,0.784164098706008,1.62569006400854,0.0179903462288677,0.155282312971049,0.100955554360704,2600,"tags=70%, list=19%, signal=57%","7329/221035/22933/80346/1104/23141/8815",0.352487857583619
"GO:0101024","mitotic nuclear membrane organization",10,0.784164098706008,1.62569006400854,0.0179903462288677,0.155282312971049,0.100955554360704,2600,"tags=70%, list=19%, signal=57%","7329/221035/22933/80346/1104/23141/8815",0.352487857583619
"GO:1903251","multi-ciliated epithelial cell differentiation",6,0.88993954469095,1.62560744294724,0.00319391575021374,0.057562316547261,0.0374236799164531,473,"tags=17%, list=4%, signal=16%","10733",0.431707695803346
"GO:2000679","positive regulation of transcription regulatory region DNA binding",8,-0.883107243505446,-1.62560127325356,0.00954993667517099,0.108848574161675,0.0707670302921933,627,"tags=50%, list=5%, signal=48%","3005/117854/2296/2625",0.380730400722792
"GO:0022904","respiratory electron transport chain",103,-0.587898649400892,-1.62491656252949,0.00442291107318131,0.0715048440680022,0.046488302719362,2163,"tags=41%, list=16%, signal=34%","4719/1537/6622/10891/65018/54902/4720/4729/4707/23479/7386/4728/4709/4697/51103/4715/4704/6391/4723/4512/2110/4722/2108/1329/25994/7385/7384/27069/4705/4536/7388/6390/4539/4538/4535/4540/4513/4541/6392/4514/4537/4519",0.407017918923954
"GO:0022409","positive regulation of cell-cell adhesion",219,0.449174920392998,1.62483460521502,7.75844655132016e-05,0.00465420177397126,0.0030258920749425,2552,"tags=35%, list=19%, signal=29%","140885/857/240/567/3133/6352/10076/939/3689/6541/4690/301/84034/5788/912/3561/3071/864/80381/865/1948/60/923/1445/100133941/4067/2113/942/2494/51571/916/29126/6602/8744/283234/3606/7409/3676/6604/9840/7494/64115/114548/11006/399/604/9435/11148/960/3654/7037/861/7040/3716/7532/3600/6376/196528/7412/23149/8477/22915/29108/8740/2266/3574/51176/8728/6598/64926/7297/4192/975/207/5777/387",0.538434096309916
"GO:0002475","antigen processing and presentation via MHC class Ib",7,0.870963633960745,1.62476910364481,0.00563228911209259,0.0829739233104769,0.0539448328983446,314,"tags=57%, list=2%, signal=56%","567/3133/3134/912",0.407017918923954
"GO:2000515","negative regulation of CD4-positive, alpha-beta T cell activation",21,0.668961520853856,1.62435985218652,0.0180408488574822,0.155489896751145,0.101090513295787,1695,"tags=38%, list=13%, signal=33%","301/864/865/84695/29126/3956/64115/861",0.352487857583619
"GO:0002687","positive regulation of leukocyte migration",104,0.503122943451826,1.62406422136519,0.00176627770470883,0.0408833489920057,0.0265799825018034,2811,"tags=43%, list=21%, signal=35%","7422/7424/3958/3627/6688/6352/5034/57118/27347/3071/83483/54209/80310/6351/7423/728/102/5919/3676/1906/5880/5228/6364/64065/719/196527/1524/7040/1235/6376/811/5025/29108/1435/4267/4192/1240/23604/387/3383/1436/4323/6693/972/729230",0.45505986738723
"GO:0006868","glutamine transport",7,0.870564528784045,1.62402457914928,0.00563228911209259,0.0829739233104769,0.0539448328983446,130,"tags=29%, list=1%, signal=28%","81539/6509",0.407017918923954
"GO:0002504","antigen processing and presentation of peptide or polysaccharide antigen via MHC class II",22,0.665143201936695,1.62377712637645,0.0303064413963154,0.208352353833382,0.135458617154474,620,"tags=23%, list=5%, signal=22%","1520/567/54209/10437/1509",0.352487857583619
"GO:0061042","vascular wound healing",17,0.684354534451644,1.62325233476484,0.0260216299315334,0.190242712360141,0.123684778529688,896,"tags=41%, list=7%, signal=38%","7422/240/4162/10855/7128/947/7423",0.352487857583619
"GO:0002281","macrophage activation involved in immune response",16,0.710540986042581,1.62320498721686,0.0134285948481944,0.130684239267693,0.084963313393822,2479,"tags=50%, list=18%, signal=41%","8291/9111/54209/7305/2896/1524/3556/22904",0.380730400722792
"GO:0000086","G2/M transition of mitotic cell cycle",106,0.491850969808145,1.62290329919068,0.00314556605141881,0.0568911915391992,0.0369873533578267,2911,"tags=37%, list=22%, signal=29%","9833/1026/51360/6790/57099/595/1017/890/8317/891/55743/10657/23236/7319/2273/990/6604/26271/4683/51720/10111/29933/6240/994/9344/6873/29980/580/3364/51149/1063/55920/5889/4361/545/1111/8766/60561/50484",0.431707695803346
"GO:0042088","T-helper 1 type immune response",44,0.580714721262351,1.62274751495584,0.00817144265384605,0.100943101325086,0.065627350328448,1116,"tags=20%, list=8%, signal=19%","10068/5699/5696/301/7099/5698/5683/10865/3606",0.380730400722792
"GO:0019065","receptor-mediated endocytosis of virus by host cell",10,0.782431063492393,1.62209722147469,0.0199333150850417,0.165596675208206,0.107661354510161,13,"tags=20%, list=0%, signal=20%","858/857",0.352487857583619
"GO:0140962","multicellular organismal-level chemical homeostasis",52,-0.632543654059861,-1.62196797066486,0.0237824728704852,0.183215433201458,0.11911604916484,779,"tags=23%, list=6%, signal=22%","1512/9725/654/1579/5577/66002/6340/6337/9476/358/6338/359",0.352487857583619
"GO:0048839","inner ear development",70,-0.608513909581077,-1.62185527032621,0.0121690226047857,0.123539749345303,0.0803183803880018,1393,"tags=26%, list=10%, signal=23%","63915/84059/2562/5076/4646/55084/2043/7782/7849/9481/525/8100/6926/7020/54845/2103/2625/793",0.380730400722792
"GO:0099509","regulation of presynaptic cytosolic calcium ion concentration",9,-0.87563695316146,-1.62135583076295,0.0189363473830459,0.161075729055277,0.104722097511915,6,"tags=11%, list=0%, signal=11%","793",0.352487857583619
"GO:0032615","interleukin-12 production",29,0.630239800377905,1.62100248229027,0.0261553033887621,0.190273358068247,0.123704702591814,1158,"tags=28%, list=9%, signal=25%","7098/64581/3603/7805/7099/409/7097/23236",0.352487857583619
"GO:0032655","regulation of interleukin-12 production",29,0.630239800377905,1.62100248229027,0.0261553033887621,0.190273358068247,0.123704702591814,1158,"tags=28%, list=9%, signal=25%","7098/64581/3603/7805/7099/409/7097/23236",0.352487857583619
"GO:0015697","quaternary ammonium group transport",13,-0.794633182816333,-1.62045833527936,0.0261544635215271,0.190273358068247,0.123704702591814,1289,"tags=46%, list=10%, signal=42%","6583/6582/5174/788/6581/220963",0.352487857583619
"GO:0001916","positive regulation of T cell mediated cytotoxicity",13,0.729633861062635,1.62014994906224,0.0308587227885034,0.21091578203584,0.137125209506761,1403,"tags=46%, list=10%, signal=41%","3133/3134/912/3140/51571/5817",0.352487857583619
"GO:0050801","monoatomic ion homeostasis",345,-0.511430335585171,-1.61970415751324,0.000305452416437249,0.0119696620254543,0.00778198007338607,1387,"tags=18%, list=10%, signal=17%","169026/482/221154/4494/51310/6359/7780/389015/8031/11261/6549/147007/8529/5663/3954/4495/51606/63933/254428/122416/155066/6505/526/185/55630/10699/654/1579/51218/48/9481/4881/5164/51458/9104/6387/249/93/1594/523/525/66002/283375/6340/368/10686/846/65010/50617/6337/245972/130733/8671/65266/57402/476/83697/5745/6338/6521/793/7369",0.49849310876659
"GO:0046683","response to organophosphorus",83,-0.58623377764429,-1.61916454063784,0.0101889557599675,0.112365256955139,0.0730533734959496,509,"tags=10%, list=4%, signal=9%","7442/65010/358/7490/1393/445/10411/2203",0.380730400722792
"GO:0150146","cell junction disassembly",33,0.605153182739532,1.6190523498613,0.0189636369407256,0.161075729055277,0.104722097511915,1817,"tags=48%, list=13%, signal=42%","54209/7043/714/718/713/10154/9448/10982/9616/712/3688/58480/7046/1524/836/6376",0.352487857583619
"GO:0090199","regulation of release of cytochrome c from mitochondria",36,0.5970839685957,1.61895148899053,0.0291432718426119,0.204420228986721,0.132902177621118,350,"tags=14%, list=3%, signal=14%","8996/3003/834/27113/581",0.352487857583619
"GO:0003214","cardiac left ventricle morphogenesis",11,0.758026421192032,1.61870651049453,0.0286930180139279,0.202713413324361,0.131792505063515,2826,"tags=73%, list=21%, signal=58%","1363/23493/2294/3516/1909/6262/6423/4851",0.352487857583619
"GO:0050930","induction of positive chemotaxis",10,0.780763620924229,1.61864036235574,0.0206389010559249,0.168594535209839,0.10961038922358,1392,"tags=50%, list=10%, signal=45%","7422/7424/3603/7423/5228",0.352487857583619
"GO:0043583","ear development",76,-0.595918612255231,-1.61852581155063,0.0106399444417072,0.115177888450009,0.0748819833765218,1393,"tags=25%, list=10%, signal=23%","63915/84059/2562/5076/4646/55084/2043/7782/7849/9481/64220/525/8100/6926/7020/54845/2103/2625/793",0.380730400722792
"GO:0006563","L-serine metabolic process",10,-0.834439906460832,-1.61851236063294,0.0225983769645949,0.17806066997036,0.115764721060328,853,"tags=50%, list=6%, signal=47%","113675/29968/6470/26227/189",0.352487857583619
"GO:0048806","genitalia development",15,-0.78267485833814,-1.61812828714092,0.0125569392498159,0.125526681820439,0.0816101686520135,1042,"tags=40%, list=8%, signal=37%","4036/5950/64220/3975/6926/7490",0.380730400722792
"GO:0032945","negative regulation of mononuclear cell proliferation",47,0.569794081183441,1.61780667710352,0.0169205781308014,0.149140643951927,0.0969625973480073,1494,"tags=34%, list=11%, signal=30%","10457/11314/3133/4332/1029/7805/7305/56253/10385/4067/942/29126/9231/2213/64115/11006",0.352487857583619
"GO:0050672","negative regulation of lymphocyte proliferation",47,0.569794081183441,1.61780667710352,0.0169205781308014,0.149140643951927,0.0969625973480073,1494,"tags=34%, list=11%, signal=30%","10457/11314/3133/4332/1029/7805/7305/56253/10385/4067/942/29126/9231/2213/64115/11006",0.352487857583619
"GO:0003091","renal water homeostasis",25,-0.710990448146185,-1.61768613564174,0.0451524712705149,0.267444399956321,0.173876838525003,1189,"tags=28%, list=9%, signal=26%","360/8529/1579/5577/66002/358/359",0.321775918075361
"GO:0070234","positive regulation of T cell apoptotic process",9,0.813032050956724,1.61743197440299,0.0169556746391196,0.149199783725667,0.0970010465991063,1611,"tags=56%, list=12%, signal=49%","6352/27113/29126/27166/64065",0.352487857583619
"GO:0042730","fibrinolysis",18,-0.755017647698986,-1.61684707354911,0.0149655205365781,0.137020762794402,0.0890829535068449,1056,"tags=28%, list=8%, signal=26%","5327/3273/2160/350/5340",0.380730400722792
"GO:2000725","regulation of cardiac muscle cell differentiation",12,0.742193149868051,1.61659904087329,0.0235678717412752,0.1820393562355,0.118351432127669,739,"tags=25%, list=5%, signal=24%","4208/1948/409",0.352487857583619
"GO:0098754","detoxification",125,-0.55913105054305,-1.61578501161315,0.00478303878998148,0.0755771559341697,0.0491358837227133,1837,"tags=34%, list=14%, signal=29%","54996/64757/4502/2938/6649/2946/51109/7779/655/4494/10928/26034/127700/6582/549/4495/146802/22977/8934/10327/847/5174/8802/4780/259/5743/10935/5243/2643/25953/2878/132/3029/6565/8803/10516/145226/55937/2168/217/2947/213",0.407017918923954
"GO:0048240","sperm capacitation",10,-0.832554760003301,-1.61485585664806,0.0251626909958486,0.187766672611025,0.122075001081707,279,"tags=30%, list=2%, signal=29%","84217/65010/1672",0.352487857583619
"GO:0016064","immunoglobulin mediated immune response",71,0.522346553199817,1.6139065371792,0.00489486090976043,0.0757928168640203,0.0492760939521363,1799,"tags=32%, list=13%, signal=28%","2214/121260/3133/939/3561/54209/714/718/713/2212/5130/712/2956/2209/64170/2213/4683/7037/7040/1439/1235/2207/84787",0.407017918923954
"GO:0009636","response to toxic substance",184,-0.534950540230434,-1.61348265367978,0.0017053332719081,0.0404191490817572,0.0262781866412404,1253,"tags=27%, list=9%, signal=24%","10928/26034/127700/6582/549/4495/79813/211/146802/22977/8934/10327/7782/847/5174/8802/4780/259/5743/10935/9131/5243/210/670/2643/25953/9963/2878/5446/132/3029/2052/5071/5783/9376/6565/8803/10516/145226/55937/4519/5578/2168/217/2053/10249/2947/445/213",0.45505986738723
"GO:0015012","heparan sulfate proteoglycan biosynthetic process",25,-0.708976917583896,-1.61310483573426,0.0478889521348153,0.273972145313689,0.17812079998249,644,"tags=12%, list=5%, signal=11%","9394/9953/90161",0.321775918075361
"GO:0042359","vitamin D metabolic process",14,-0.771553187944188,-1.61306793238633,0.0234341683505726,0.18181541155624,0.118205836284792,2176,"tags=71%, list=16%, signal=60%","6591/5641/54657/1576/4036/8029/1593/1594/1591/7421",0.352487857583619
"GO:0010817","regulation of hormone levels",287,-0.51287829198464,-1.61303880403143,0.000373809335056567,0.0135026985284186,0.00877867149979993,1786,"tags=28%, list=13%, signal=24%","64577/6845/84300/5007/25924/5447/5547/134/23428/10858/54658/6520/1601/1636/59342/51109/3667/51170/6696/169026/9727/25942/1576/117247/7364/10901/22841/6567/84522/290/781/5019/84417/8622/5587/54600/5950/8228/185/27284/2230/2690/9854/157506/6342/4311/10699/654/130/7849/8723/653/3172/3091/1733/57393/6514/56603/6926/5071/846/84649/79154/59272/8854/145226/1056/18/5578/1428/54097/125/389434/65266/1393/10411/2625/115111/7021",0.49849310876659
"GO:0045954","positive regulation of natural killer cell mediated cytotoxicity",13,0.72630115793497,1.61274969108262,0.0320087227800753,0.216510094938184,0.140762307316019,1552,"tags=38%, list=12%, signal=34%","3133/3134/56253/5817/114836",0.321775918075361
"GO:0002824","positive regulation of adaptive immune response based on somatic recombination of immune receptors built from immunoglobulin superfamily domains",70,0.524950208799355,1.61215080267824,0.00287797130508713,0.0543945830588493,0.0353642033136723,1799,"tags=26%, list=13%, signal=22%","567/3133/3134/64581/912/54209/3140/51571/10865/3606/64170/5817/114548/7037/7040/7186/7532/84787",0.431707695803346
"GO:0042771","intrinsic apoptotic signaling pathway in response to DNA damage by p53 class mediator",33,0.602543464269139,1.61207019899027,0.0197749079520374,0.165344109448187,0.107497150900443,2349,"tags=33%, list=17%, signal=28%","64782/23612/8445/5371/3428/6154/54541/960/51065/29108/25946",0.352487857583619
"GO:0002697","regulation of immune effector process",226,0.451049421410991,1.61203284011778,9.37790319432342e-05,0.00535177815303234,0.00347941578095642,1799,"tags=29%, list=13%, signal=26%","121260/11314/567/3133/3958/3134/6688/3689/64581/301/8832/5788/912/56833/3071/54209/7043/441168/3140/5272/7805/7305/2821/9846/56253/3635/718/84695/409/144811/4067/6810/942/653361/51571/8140/3098/5648/10865/29126/7454/3956/2896/3606/57102/2590/2242/7293/2/5880/2213/5817/7494/114548/11006/3075/114836/6280/65992/7037/1524/7040/7186/7532/196/84787",0.538434096309916
"GO:0090235","regulation of metaphase plate congression",12,-0.80954686897315,-1.6112483452225,0.0175667336222198,0.152296843999127,0.0990145755761893,117,"tags=8%, list=1%, signal=8%","10615",0.352487857583619
"GO:0046459","short-chain fatty acid metabolic process",12,-0.809418534251953,-1.61099291948362,0.0178619659512823,0.154628329693133,0.10053037236089,1257,"tags=67%, list=9%, signal=61%","122970/5264/1384/5095/84693/4594/55902/5096",0.352487857583619
"GO:0042116","macrophage activation",71,0.521162327494384,1.61024760692345,0.00518796294934444,0.0792073927694717,0.0514960531789532,1500,"tags=30%, list=11%, signal=26%","2214/3689/4345/8291/27347/9111/5788/54209/23208/7099/7305/1050/64784/9572/3566/712/728/2896/22918/2213/3460",0.407017918923954
"GO:0007605","sensory perception of sound",76,-0.592833312988413,-1.61014608251212,0.0121121197817768,0.12338828436271,0.0802199066404685,1351,"tags=25%, list=10%, signal=23%","84059/4715/153562/51473/4646/4036/3753/54532/113278/1285/7809/525/4648/501/50617/83715/7020/1428/53405",0.380730400722792
"GO:0007530","sex determination",6,-0.921034736591108,-1.61003981859473,0.0057278818604562,0.0833378454845583,0.0541814339904175,172,"tags=33%, list=1%, signal=33%","7490/6943",0.407017918923954
"GO:0019585","glucuronate metabolic process",10,-0.829607260721709,-1.60913877147119,0.0274064687364639,0.196218298700286,0.127569758216409,2092,"tags=90%, list=16%, signal=76%","54578/54657/54658/9942/6652/10327/51084/55347/51181",0.352487857583619
"GO:0038061","non-canonical NF-kappaB signal transduction",97,0.496211688814747,1.60896000134588,0.00281377833996128,0.0536993152022481,0.0349121804750799,2132,"tags=34%, list=16%, signal=29%","8996/7098/6688/939/330/9111/54209/7805/26191/56672/10392/6737/4856/6188/942/3606/9770/5971/1906/114548/4055/10616/8904/4791/7186/54976/7132/114899/7133/84675/8795/29108/8740",0.431707695803346
"GO:1904044","response to aldosterone",14,-0.76937242851914,-1.60850867043037,0.024692360323029,0.18701752253135,0.121587947146549,620,"tags=43%, list=5%, signal=41%","57630/9131/6340/6337/6559/6338",0.352487857583619
"GO:0006898","receptor-mediated endocytosis",211,0.455622015725219,1.60845049265318,0.000151912352414702,0.00746184487099944,0.00485125878853807,2042,"tags=26%, list=15%, signal=22%","858/857/7422/133/4481/341/11031/567/55589/7436/3689/302/8862/5898/143458/821/948/1948/967/867/718/7018/3339/409/8578/636/3688/928/57007/55716/3676/116985/4193/133308/88455/84058/2213/10203/58191/10188/11006/8936/950/7037/115548/2207/6614/3077/187/9146/8218/23149/9873/338692",0.518848077743792
"GO:2001212","regulation of vasculogenesis",18,0.6883671454962,1.60812724458942,0.0185328720081409,0.158568008244326,0.103091722874859,1307,"tags=44%, list=10%, signal=40%","133/23462/9844/23493/947/54453/2013/6237",0.352487857583619
"GO:0001913","T cell mediated cytotoxicity",23,0.654111914621705,1.60731189714745,0.0187964797406011,0.160124214369932,0.104103477846202,1403,"tags=48%, list=10%, signal=43%","3133/3134/5551/5788/912/3071/3140/51571/2013/2213/5817",0.352487857583619
"GO:0150077","regulation of neuroinflammatory response",28,0.621646632296,1.60706437753458,0.0340905843414465,0.223893245540807,0.145562403655099,1116,"tags=36%, list=8%, signal=33%","6352/4345/5788/54209/23208/26471/9572/131450/2896/3606",0.321775918075361
"GO:0002483","antigen processing and presentation of endogenous peptide antigen",13,0.72361140950921,1.60677711222144,0.0335420568624595,0.22202726378101,0.144349250531714,1850,"tags=54%, list=14%, signal=47%","567/3133/3134/6890/51752/6892/3077",0.321775918075361
"GO:0060231","mesenchymal to epithelial transition",12,-0.807162522151398,-1.60650275850204,0.0184524309373876,0.158340713941554,0.102943949301035,1242,"tags=42%, list=9%, signal=38%","5076/6299/7849/7490/2625",0.352487857583619
"GO:0035137","hindlimb morphogenesis",5,-0.948846712373842,-1.60649165380773,0.00542633439439569,0.0809487950160943,0.0526282119278091,12,"tags=20%, list=0%, signal=20%","7021",0.407017918923954
"GO:1904627","response to phorbol 13-acetate 12-myristate",10,-0.827766869891131,-1.6055690772552,0.0286886284235483,0.202713413324361,0.131792505063515,1013,"tags=50%, list=8%, signal=46%","5587/56848/7832/5578/2203",0.352487857583619
"GO:0042537","benzene-containing compound metabolic process",14,-0.767941804817617,-1.60551769942242,0.024692360323029,0.18701752253135,0.121587947146549,1786,"tags=43%, list=13%, signal=37%","64577/30/2946/23498/2053/2947",0.352487857583619
"GO:0045589","regulation of regulatory T cell differentiation",32,0.61161074384401,1.60386107883768,0.0148732439862355,0.136601450236082,0.0888103407992826,3111,"tags=47%, list=23%, signal=36%","5699/5696/5698/5683/64115/11006/604/5682/3659/7040/5688/4192/8651/259307/2175",0.380730400722792
"GO:0052547","regulation of peptidase activity",13,0.721998942407391,1.60319663352892,0.0346920579314617,0.226829718043528,0.147471527776869,2444,"tags=69%, list=18%, signal=57%","1992/5271/2896/10010/27166/64115/7076/7077/374969",0.321775918075361
"GO:0045740","positive regulation of DNA replication",32,0.610974766627691,1.60219332019455,0.0150872438312051,0.137279905943999,0.0892514333538139,1916,"tags=31%, list=14%, signal=27%","1956/1026/81620/11177/6742/1017/8317/253980/5111/7126",0.380730400722792
"GO:0007520","myoblast fusion",67,0.532932764838751,1.6017140080897,0.00493045615786791,0.0760661976271589,0.0494538302697256,3792,"tags=69%, list=28%, signal=50%","6157/6175/6137/6139/6132/6143/6171/1794/3688/928/963/6173/30846/6181/6168/6164/5738/11224/6134/25873/6158/23521/6141/975/11096/80005/6124/6142/6167/6169/6133/9349/6155/6129/51177/6147/6160/6170/6130/8038/9750/4736/6161/6135/6176/6156",0.407017918923954
"GO:0030220","platelet formation",11,0.749807781709727,1.60115624461264,0.0329177072628661,0.219875321921735,0.142950182735786,1814,"tags=36%, list=13%, signal=31%","4208/87/4627/836",0.321775918075361
"GO:0032490","detection of molecule of bacterial origin",9,0.804835166111973,1.60112523271575,0.0197076853619887,0.165016772874315,0.107284335643859,906,"tags=56%, list=7%, signal=52%","54209/7099/7097/23643/949",0.352487857583619
"GO:0045063","T-helper 1 cell differentiation",28,0.61934314185559,1.60110945517442,0.034878797265516,0.227797300363003,0.148100593686458,2784,"tags=39%, list=21%, signal=31%","5699/5696/301/5698/5683/3606/5682/5688/51176/3718/6693",0.321775918075361
"GO:0060326","cell chemotaxis",203,0.451421556214723,1.60099877275454,0.000569737703993041,0.0184006495828082,0.0119630352207324,2183,"tags=32%, list=16%, signal=27%","7422/240/7424/7852/3958/3627/6688/6352/57118/3689/3603/27347/301/4233/4283/23603/56833/3071/9034/51192/3672/718/80310/23765/7114/409/4856/6351/4067/391/9732/7423/728/57007/102/5919/5330/1906/7130/5880/5228/8829/2321/6364/58191/6280/64065/719/196527/1524/1235/7226/6376/811/80270/7412/5025/1843/5155/6223/5142/25865/80024/1130/1435",0.477270815362862
"GO:0051403","stress-activated MAPK cascade",40,0.579101102346144,1.60090908515323,0.0142312370646265,0.134148377767896,0.0872154953453839,2667,"tags=38%, list=20%, signal=30%","83605/355/4281/64170/3476/10550/5604/9344/51776/4609/5478/5603/23008/54910/7042",0.380730400722792
"GO:0034505","tooth mineralization",15,-0.774105879612576,-1.60041249274683,0.0172486158872307,0.150426356357778,0.0977984929899361,551,"tags=27%, list=4%, signal=26%","249/10117/79971/7020",0.352487857583619
"GO:0048545","response to steroid hormone",241,-0.518486036416317,-1.60013420113398,0.000871862829733218,0.0253703451147122,0.0164943270509866,1009,"tags=15%, list=7%, signal=14%","54600/3417/5245/3485/84830/2690/9353/2104/654/57630/678/55325/249/9131/210/6340/5465/5071/6752/6337/5730/4537/7421/358/5578/55885/5105/6559/6422/476/2103/445/3291/5106/6943/6338",0.477270815362862
"GO:0035590","purinergic nucleotide receptor signaling pathway",19,0.661511166863449,1.59990986029087,0.0238587307835433,0.183562329248256,0.119341580856377,2051,"tags=47%, list=15%, signal=40%","5724/5028/5027/2771/53829/2857/286530/196527/5025",0.352487857583619
"GO:0071385","cellular response to glucocorticoid stimulus",41,-0.649686385709185,-1.59973680368136,0.0195015087369425,0.16399122797675,0.106617585827511,2168,"tags=39%, list=16%, signal=33%","498/54578/54657/687/3158/11170/54658/8313/54600/678/6752/4537/358/5105/445/5106",0.352487857583619
"GO:0002029","desensitization of G protein-coupled receptor signaling pathway",10,0.771559751484271,1.59955935734204,0.0252252219930682,0.187766672611025,0.122075001081707,2125,"tags=50%, list=16%, signal=42%","133/8862/409/187/29978",0.352487857583619
"GO:0022401","negative adaptation of signaling pathway",10,0.771559751484271,1.59955935734204,0.0252252219930682,0.187766672611025,0.122075001081707,2125,"tags=50%, list=16%, signal=42%","133/8862/409/187/29978",0.352487857583619
"GO:0023058","adaptation of signaling pathway",10,0.771559751484271,1.59955935734204,0.0252252219930682,0.187766672611025,0.122075001081707,2125,"tags=50%, list=16%, signal=42%","133/8862/409/187/29978",0.352487857583619
"GO:0016339","calcium-dependent cell-cell adhesion",27,0.631310414392675,1.59949015887711,0.0195760572413633,0.164382949235334,0.106872260272131,3504,"tags=56%, list=26%, signal=41%","1012/1003/5098/22871/1004/56133/51294/56122/6402/56126/53827/56130/27032/56131/1009",0.352487857583619
"GO:0042311","vasodilation",29,-0.682773597404916,-1.59948154943099,0.0415288714556255,0.25454296810862,0.165489075750795,484,"tags=10%, list=4%, signal=10%","5997/846/3827",0.321775918075361
"GO:0051983","regulation of chromosome segregation",112,0.484186982054533,1.59940991252726,0.00365929671580457,0.0627094638352748,0.0407700565764563,2609,"tags=30%, list=19%, signal=25%","10783/10460/9735/83540/10051/60/1459/57520/699/56852/9319/1780/891/55743/6602/22933/990/6604/7517/5925/26271/1457/29781/55755/196528/54892/1843/51776/6598/1063/29945/55920/5359/10459",0.431707695803346
"GO:0150052","regulation of postsynapse assembly",35,0.60748047919092,1.59937993679735,0.0170559913412291,0.149411500899769,0.0971386928272583,1506,"tags=29%, list=11%, signal=25%","4131/9844/55619/84687/11178/391/9732/4038/9040/29801",0.352487857583619
"GO:0035162","embryonic hemopoiesis",14,0.714182788191258,1.59886054564944,0.0300895702365161,0.207346417174961,0.134804615478046,1311,"tags=29%, list=10%, signal=26%","7422/10019/282991/468",0.352487857583619
"GO:0019336","phenol-containing compound catabolic process",8,-0.868005337509759,-1.59780207016052,0.0159699414337438,0.142878714988654,0.09289145429405,777,"tags=38%, list=6%, signal=35%","4128/223/1733",0.352487857583619
"GO:0070873","regulation of glycogen metabolic process",27,0.629772830835256,1.59559453207852,0.0199695425497651,0.165596675208206,0.107661354510161,904,"tags=22%, list=7%, signal=21%","5507/8445/10580/5255/79660/648791",0.352487857583619
"GO:1904464","regulation of matrix metallopeptidase secretion",6,0.873405861232878,1.59540620169539,0.00533968520150983,0.0799130598721918,0.0519548370042721,746,"tags=50%, list=6%, signal=47%","4345/7099/7097",0.407017918923954
"GO:1990773","matrix metallopeptidase secretion",6,0.873405861232878,1.59540620169539,0.00533968520150983,0.0799130598721918,0.0519548370042721,746,"tags=50%, list=6%, signal=47%","4345/7099/7097",0.407017918923954
"GO:0062208","positive regulation of pattern recognition receptor signaling pathway",66,0.525544523240626,1.59457144102244,0.0119495151009711,0.122155216980014,0.0794182377394686,947,"tags=17%, list=7%, signal=16%","2634/121260/4481/1956/948/5027/115362/7099/26191/4067/2664",0.380730400722792
"GO:0034138","toll-like receptor 3 signaling pathway",21,0.656574306683571,1.59428145043785,0.0214081272405673,0.171908431584774,0.111764892458523,2365,"tags=43%, list=18%, signal=35%","7098/4938/7128/26191/23180/3659/81622/3660/148022",0.352487857583619
"GO:0006534","cysteine metabolic process",8,-0.865666861187003,-1.59349746263329,0.0169235810676991,0.149140643951927,0.0969625973480073,1181,"tags=50%, list=9%, signal=46%","4522/2678/1491/189",0.352487857583619
"GO:0042178","xenobiotic catabolic process",17,-0.755249967711581,-1.5926331254387,0.0200197073122772,0.165596675208206,0.107661354510161,1740,"tags=41%, list=13%, signal=36%","30/2180/2946/1576/1429/7172/2947",0.352487857583619
"GO:0035589","G protein-coupled purinergic nucleotide receptor signaling pathway",10,0.767953575511568,1.59208321241579,0.0298115569851712,0.206395149191329,0.134186156203479,1190,"tags=50%, list=9%, signal=46%","5724/5028/53829/2857/286530",0.352487857583619
"GO:0002700","regulation of production of molecular mediator of immune response",102,0.484195159124686,1.59190134716436,0.00516212959869978,0.0790182233884304,0.0513730662181996,2811,"tags=43%, list=21%, signal=34%","121260/567/3133/3134/64581/5788/7043/441168/7805/2821/144811/6810/942/8140/3098/10865/3606/2590/7293/2213/7494/114548/11006/7037/7040/7186/84787/3077/7133/684/115352/11331/148022/975/6398/10459/3718/7042/23529/11213/112441434/79004/972/729230",0.407017918923954
"GO:0061333","renal tubule morphogenesis",40,-0.645062218484778,-1.59143721551988,0.0217831579653254,0.174443327684173,0.113412934892108,694,"tags=25%, list=5%, signal=24%","7849/3975/9953/153572/7490/2246/65266/2625/2719/6943",0.352487857583619
"GO:2000765","regulation of cytoplasmic translation",36,0.586823674451954,1.59113141785286,0.0352785919378984,0.228882520321155,0.148806140766369,1085,"tags=22%, list=8%, signal=20%","5315/8531/4869/132864/4690/3087/2597/221120",0.321775918075361
"GO:0002495","antigen processing and presentation of peptide antigen via MHC class II",20,0.671037912073554,1.59059362627548,0.0277414043586004,0.198133626755593,0.128814993439317,620,"tags=25%, list=5%, signal=24%","1520/567/54209/10437/1509",0.352487857583619
"GO:0000077","DNA damage checkpoint signaling",92,0.494267486147786,1.59024367207081,0.00521347327871229,0.0793906630369711,0.0516152048781985,3131,"tags=38%, list=23%, signal=29%","1026/51360/151636/675/595/440275/83666/1017/4067/8317/83695/197342/3014/4683/51720/8454/8914/8525/51065/9344/6118/51776/29980/580/3364/51149/4361/545/10116/1111/60561/80279/9894/9675/7158",0.407017918923954
"GO:1903305","regulation of regulated secretory pathway",84,0.510341126441228,1.59020288072839,0.00691363217679668,0.0916261328192181,0.059569997739641,1365,"tags=25%, list=10%, signal=23%","11314/3134/6688/3689/8832/5873/5028/3071/23208/8448/57586/2771/22871/9846/4067/6810/57102/143425/2242/5880/2213",0.407017918923954
"GO:0070170","regulation of tooth mineralization",6,-0.909564162910968,-1.58998837033394,0.00779505355668378,0.0987727502352655,0.0642163139184542,274,"tags=33%, list=2%, signal=33%","10117/7020",0.407017918923954
"GO:0002428","antigen processing and presentation of peptide antigen via MHC class Ib",6,0.870437096116179,1.58998330898446,0.00586061913243947,0.0850585660752574,0.0553001467260159,86,"tags=50%, list=1%, signal=50%","567/3133/3134",0.407017918923954
"GO:0022900","electron transport chain",109,-0.560437698038204,-1.58996116324374,0.0150211946054077,0.137103388028861,0.089136671642474,2163,"tags=41%, list=16%, signal=35%","4719/1537/6622/10891/65018/54902/4720/4729/4707/23479/5447/7386/4728/4709/4697/51103/4715/4704/6391/112812/4723/4512/2110/4722/2108/1329/25994/7385/2230/7384/27069/4705/4536/7388/6390/4539/4538/4535/4540/4513/4541/6392/4514/4537/4519",0.380730400722792
"GO:0032817","regulation of natural killer cell proliferation",5,0.884395076124714,1.58990904284161,0.0173361518205453,0.150756758640197,0.0980133013924224,1116,"tags=80%, list=8%, signal=73%","2214/3133/26191/3606",0.352487857583619
"GO:0032717","negative regulation of interleukin-8 production",13,0.715814180482153,1.58946338696119,0.0396642174199393,0.247501348189388,0.160911022855125,557,"tags=23%, list=4%, signal=22%","307/301/26191",0.321775918075361
"GO:0032743","positive regulation of interleukin-2 production",36,0.58619535101878,1.58942776273698,0.0352785919378984,0.228882520321155,0.148806140766369,2239,"tags=39%, list=17%, signal=33%","5699/5696/64581/301/5788/5698/942/5683/5682/861/7186/5142/25865/5688",0.321775918075361
"GO:0000050","urea cycle",6,-0.909007564716982,-1.5890153937244,0.00796731819988987,0.100068154655882,0.065058510746299,924,"tags=67%, list=7%, signal=62%","2271/435/79814/445",0.380730400722792
"GO:0120254","olefinic compound metabolic process",99,-0.563886724233077,-1.58865097136904,0.0113083444079964,0.118875546792771,0.0772859863868301,1795,"tags=33%, list=13%, signal=29%","2166/64577/30/2938/10858/1601/2946/51109/317749/1576/10901/8529/5950/8228/157506/6342/654/130/1579/653/5743/66002/284541/2052/84649/5730/8854/145226/1056/2053/125/4051/3291",0.380730400722792
"GO:0005978","glycogen biosynthetic process",34,0.603106172911261,1.58821507711279,0.0234770155446046,0.18181541155624,0.118205836284792,904,"tags=21%, list=7%, signal=19%","5507/8445/10580/79660/2992/9572/648791",0.352487857583619
"GO:0009250","glucan biosynthetic process",34,0.603106172911261,1.58821507711279,0.0234770155446046,0.18181541155624,0.118205836284792,904,"tags=21%, list=7%, signal=19%","5507/8445/10580/79660/2992/9572/648791",0.352487857583619
"GO:0071468","cellular response to acidic pH",16,-0.759972734356824,-1.5880161132051,0.0225521514109818,0.177934961065437,0.115682992420782,509,"tags=25%, list=4%, signal=24%","7442/6340/6337/6338",0.352487857583619
"GO:0000075","cell cycle checkpoint signaling",155,0.462512448348222,1.58734865537116,0.00146221531580744,0.0353699655403956,0.0229955003279437,2666,"tags=32%, list=20%, signal=26%","1026/9735/83540/51360/81620/151636/675/595/5984/440275/83666/1017/5982/699/4067/5985/9319/8317/1780/891/55743/83695/990/197342/7517/3014/4683/51720/10111/8454/8914/8525/55755/5983/51065/1843/9344/6118/51776/29980/580/3364/51149/1063/4361/545/10459/10116/1111",0.45505986738723
"GO:1990748","cellular detoxification",101,-0.571271803147667,-1.58712089705233,0.00627400243272804,0.0875975921605117,0.0569508742368879,840,"tags=21%, list=6%, signal=20%","8934/10327/847/8802/4780/259/5743/10935/2643/25953/2878/132/3029/8803/10516/145226/55937/2168/217/2947/213",0.407017918923954
"GO:0007026","negative regulation of microtubule depolymerization",17,0.669022360538508,1.58688523869312,0.0351385564495614,0.228478357091285,0.148543377273585,747,"tags=18%, list=6%, signal=17%","4131/22974/26586",0.321775918075361
"GO:1905209","positive regulation of cardiocyte differentiation",9,0.797317035091969,1.58616879220987,0.0210786213505619,0.170661344763916,0.110954108931881,1724,"tags=44%, list=13%, signal=39%","4208/1948/409/7040",0.352487857583619
"GO:0035696","monocyte extravasation",8,0.801336269209044,1.58579745034499,0.0227365281764642,0.178909387712526,0.116316508115252,1158,"tags=50%, list=9%, signal=46%","140885/80310/5175/23236",0.352487857583619
"GO:0010971","positive regulation of G2/M transition of mitotic cell cycle",18,0.678805725886454,1.58579035725832,0.0231393649823429,0.180421667593973,0.117299704790127,2911,"tags=61%, list=22%, signal=48%","595/8317/891/6604/26271/6240/994/55920/5889/8766/50484",0.352487857583619
"GO:0002821","positive regulation of adaptive immune response",76,0.515582038150635,1.58534539746686,0.00600905359308148,0.0859379901979546,0.0558718972887579,2811,"tags=36%, list=21%, signal=28%","567/3133/3134/64581/912/54209/3140/440275/51571/10865/3606/64170/5817/114548/7037/7040/7186/7532/84787/29108/975/6398/10459/23529/920/112441434/729230",0.407017918923954
"GO:0010742","macrophage derived foam cell differentiation",25,0.624989518341134,1.58500027634419,0.0363343335521302,0.23366872277836,0.151917852030225,636,"tags=28%, list=5%, signal=27%","9619/4481/19/5601/6646/948/5583",0.321775918075361
"GO:0006525","arginine metabolic process",15,-0.766565450651857,-1.58482315667894,0.0193483973374978,0.163170558894996,0.106084034384917,924,"tags=47%, list=7%, signal=44%","2271/4953/4942/435/23576/79814/445",0.352487857583619
"GO:0048662","negative regulation of smooth muscle cell proliferation",38,0.574614477044855,1.58480901034411,0.0202291424627581,0.166170025770331,0.108034113794427,872,"tags=24%, list=6%, signal=22%","4208/1026/8490/8862/3486/7043/7128/3162/7168",0.352487857583619
"GO:0050852","T cell receptor signaling pathway",109,0.488758735406738,1.58458277600293,0.00308249934862695,0.0560957621400286,0.0364702112930827,1678,"tags=30%, list=12%, signal=27%","11314/3958/3937/919/11118/925/4690/2533/5788/80381/10384/7805/26191/867/11119/3635/1445/10385/23180/942/9976/11120/916/29126/10657/4068/9840/3702/29085/11006/9473/10616/11148",0.431707695803346
"GO:0010948","negative regulation of cell cycle process",234,0.43386136195971,1.58368279559654,0.000285007736815377,0.0115493413465203,0.00750871194426591,2617,"tags=30%, list=19%, signal=25%","1030/10457/1026/9735/4869/83540/51360/81620/151636/675/57099/3275/595/9555/5984/440275/83666/91607/1017/5982/7114/699/4067/9031/5985/9319/8317/1780/891/55743/83695/2273/990/323/197342/7517/5925/3014/26271/4683/25959/51720/10111/8454/338657/134359/604/23063/8914/29933/123879/8525/55755/5983/79027/51065/1843/5933/9344/6118/51776/29980/580/3364/51149/1063/28984/4361/545/10459/10116",0.49849310876659
"GO:0030193","regulation of blood coagulation",52,-0.61754136272377,-1.58349910629867,0.0309739279253634,0.211212005040935,0.137317796525344,852,"tags=19%, list=6%, signal=18%","84830/3273/4780/634/2160/350/7103/5624/5340/3827",0.352487857583619
"GO:1900046","regulation of hemostasis",52,-0.61754136272377,-1.58349910629867,0.0309739279253634,0.211212005040935,0.137317796525344,852,"tags=19%, list=6%, signal=18%","84830/3273/4780/634/2160/350/7103/5624/5340/3827",0.352487857583619
"GO:0051783","regulation of nuclear division",96,0.481514462533322,1.58349690446069,0.00692563696927373,0.0916261328192181,0.059569997739641,2188,"tags=27%, list=16%, signal=23%","858/51203/7039/9735/83540/6790/699/9319/1613/1780/891/22933/23236/1906/7517/5925/26271/1104/23636/4288/79866/157313/55755/1843/5155/9585",0.407017918923954
"GO:0019076","viral release from host cell",26,0.637492390356573,1.58315342128077,0.0290606012584816,0.204226875574429,0.132776470445896,3,"tags=4%, list=0%, signal=4%","858",0.352487857583619
"GO:0035891","exit from host cell",26,0.637492390356573,1.58315342128077,0.0290606012584816,0.204226875574429,0.132776470445896,3,"tags=4%, list=0%, signal=4%","858",0.352487857583619
"GO:0006103","2-oxoglutarate metabolic process",16,-0.757527436743628,-1.58290649303613,0.023174269995483,0.180421667593973,0.117299704790127,3219,"tags=94%, list=24%, signal=71%","3418/4967/137872/56267/92259/2805/728294/2806/5264/55753/3417/1738/1743/84706/79944",0.352487857583619
"GO:0006119","oxidative phosphorylation",121,-0.548487583115145,-1.5826045641469,0.0101420043626,0.112365256955139,0.0730533734959496,2168,"tags=36%, list=16%, signal=31%","498/4719/1537/6622/84275/65018/4720/84300/4729/4707/23479/7386/4728/4709/4697/51103/4715/4704/6391/522/4723/515/4512/4722/1329/7385/7384/27069/4705/4536/7388/6390/4539/4538/205/4535/4540/4513/4541/6392/4508/4514/4537/4519",0.380730400722792
"GO:0006541","glutamine metabolic process",11,-0.78966452835132,-1.58240386987467,0.0427242058885935,0.259167061107485,0.168495392846309,28,"tags=9%, list=0%, signal=9%","92292",0.321775918075361
"GO:0071888","macrophage apoptotic process",9,0.795422286804299,1.58239941256449,0.0224495593116028,0.177934961065437,0.115682992420782,1580,"tags=56%, list=12%, signal=49%","4208/6352/1029/80301/3665",0.352487857583619
"GO:0002369","T cell cytokine production",29,0.615172534089508,1.58224885860581,0.0379148531846988,0.240154641184978,0.156134620030071,2811,"tags=41%, list=21%, signal=33%","567/3134/10865/3606/114548/11006/7186/3077/7133/975/6398/729230",0.321775918075361
"GO:0002724","regulation of T cell cytokine production",29,0.615172534089508,1.58224885860581,0.0379148531846988,0.240154641184978,0.156134620030071,2811,"tags=41%, list=21%, signal=33%","567/3134/10865/3606/114548/11006/7186/3077/7133/975/6398/729230",0.321775918075361
"GO:0035771","interleukin-4-mediated signaling pathway",11,0.740890007614501,1.5821130310999,0.0357341697963372,0.230819175893264,0.15006524190382,2639,"tags=73%, list=20%, signal=59%","5788/3561/3566/54625/958/3716/3597/3718",0.321775918075361
"GO:0010819","regulation of T cell chemotaxis",10,0.762890293507238,1.58158626763178,0.0333395129000019,0.221184714250802,0.143801473690482,1089,"tags=40%, list=8%, signal=37%","3627/6352/27347/102",0.321775918075361
"GO:0042398","modified amino acid biosynthetic process",39,-0.655647458202315,-1.58149643153321,0.040983606557377,0.25304794048767,0.164517095495158,1643,"tags=41%, list=12%, signal=36%","34/22928/22929/4522/6505/8424/55349/2678/4780/2348/2628/223/2643/6470/3029/501",0.287857117255149
"GO:0099601","regulation of neurotransmitter receptor activity",6,-0.904581546910309,-1.58127837293306,0.00908201397816539,0.106342785186566,0.0691379116227654,600,"tags=33%, list=4%, signal=32%","66004/1393",0.380730400722792
"GO:0019724","B cell mediated immunity",72,0.526159353187625,1.58082758259967,0.00324392778002856,0.0579568616747959,0.037680190276896,1799,"tags=33%, list=13%, signal=29%","2214/121260/3133/939/3561/54209/714/718/713/2212/5130/712/2956/2209/64170/2213/4683/958/7037/7040/1439/1235/2207/84787",0.431707695803346
"GO:0061005","cell differentiation involved in kidney development",36,-0.654033230772054,-1.5805776708131,0.042129049425121,0.256616116601929,0.166836916669761,694,"tags=22%, list=5%, signal=21%","7849/3975/28999/5800/7490/2625/6943/7827",0.321775918075361
"GO:0007286","spermatid development",92,-0.57530065544178,-1.58053436460388,0.00960766060780227,0.109022836009,0.0708803252390804,2540,"tags=26%, list=19%, signal=21%","199223/51684/7802/57082/7283/5048/163589/257044/25981/80217/65975/8382/5727/6732/1124/55329/374864/79846/80127/284071/84217/65010/1672/3306",0.380730400722792
"GO:0050927","positive regulation of positive chemotaxis",19,0.653303669063565,1.58005946725727,0.0307794646794949,0.210864444505911,0.1370918328221,245,"tags=21%, list=2%, signal=21%","7422/7424/1012/3603",0.352487857583619
"GO:0043393","regulation of protein binding",32,0.602477396406046,1.57991019075618,0.0185112470722548,0.158568008244326,0.103091722874859,1091,"tags=19%, list=8%, signal=17%","6790/581/9034/151636/6737/5919",0.352487857583619
"GO:0015670","carbon dioxide transport",6,-0.903793639982273,-1.57990105080058,0.00908201397816539,0.106342785186566,0.0691379116227654,571,"tags=50%, list=4%, signal=48%","51458/57127/358",0.380730400722792
"GO:0006067","ethanol metabolic process",8,-0.857700420197882,-1.57883304139742,0.021035745089404,0.170549116738644,0.110881144778467,1069,"tags=62%, list=8%, signal=58%","27233/27284/55902/219/217",0.352487857583619
"GO:0006068","ethanol catabolic process",8,-0.857700420197882,-1.57883304139742,0.021035745089404,0.170549116738644,0.110881144778467,1069,"tags=62%, list=8%, signal=58%","27233/27284/55902/219/217",0.352487857583619
"GO:0002717","positive regulation of natural killer cell mediated immunity",14,0.705232432370711,1.57882313922126,0.0340534210991454,0.223893245540807,0.145562403655099,1552,"tags=36%, list=12%, signal=32%","3133/3134/56253/5817/114836",0.321775918075361
"GO:0031571","mitotic G1 DNA damage checkpoint signaling",14,0.705187315136757,1.57872213403535,0.0340534210991454,0.223893245540807,0.145562403655099,2220,"tags=43%, list=16%, signal=36%","1026/595/1017/8525/51065/6118",0.321775918075361
"GO:0046541","saliva secretion",4,-0.974350748112085,-1.578319911899,0.00292152668982805,0.0544941952048315,0.035428965354025,174,"tags=50%, list=1%, signal=49%","358/83697",0.431707695803346
"GO:2000316","regulation of T-helper 17 type immune response",23,0.64213815610975,1.57788946334121,0.0225250455580329,0.177934961065437,0.115682992420782,3620,"tags=48%, list=27%, signal=35%","64581/84695/10865/3956/64170/10538/3718/9466/6046/969/80149",0.352487857583619
"GO:0050954","sensory perception of mechanical stimulus",87,-0.573788801367977,-1.57785842296578,0.0171118007199735,0.149454925158996,0.0971669247622362,1351,"tags=23%, list=10%, signal=21%","84059/4715/153562/51473/4646/4036/3753/54532/113278/1285/7809/6387/525/4648/501/50617/83715/7020/1428/53405",0.352487857583619
"GO:2000811","negative regulation of anoikis",16,0.690176699575286,1.57668351695104,0.0198950696285585,0.165596675208206,0.107661354510161,1022,"tags=25%, list=8%, signal=23%","857/57343/7088/3688",0.352487857583619
"GO:0032620","interleukin-17 production",23,0.641625546555224,1.5766298571222,0.0225250455580329,0.177934961065437,0.115682992420782,1866,"tags=52%, list=14%, signal=45%","3071/7099/23180/8140/10865/3606/64170/64115/114836/7040/3600/4615",0.352487857583619
"GO:0032660","regulation of interleukin-17 production",23,0.641625546555224,1.5766298571222,0.0225250455580329,0.177934961065437,0.115682992420782,1866,"tags=52%, list=14%, signal=45%","3071/7099/23180/8140/10865/3606/64170/64115/114836/7040/3600/4615",0.352487857583619
"GO:0060759","regulation of response to cytokine stimulus",145,0.462424298638309,1.57643817005402,0.00200544992337129,0.0443159197352498,0.02881164092855,2335,"tags=33%, list=17%, signal=28%","8996/307/7852/84166/4938/6352/834/25939/5788/54209/7128/7805/7099/10019/4940/9636/83666/7097/100133941/7837/102/558/1906/10010/90268/54625/6773/114769/6091/83643/958/8904/7737/3654/7186/147138/7444/353376/64135/837/11140/22900/29108/1435/29110/4898/3574/9641",0.431707695803346
"GO:1905476","negative regulation of protein localization to membrane",31,-0.663380846089651,-1.57578201323298,0.0433333333333333,0.260709655407711,0.169498298198202,458,"tags=16%, list=3%, signal=16%","55022/127018/501/112609/65266",0.282013350011725
"GO:0033013","tetrapyrrole metabolic process",52,-0.614455776181995,-1.57558704756668,0.0331667170343823,0.220536156932239,0.143379819334764,1665,"tags=31%, list=12%, signal=27%","2938/54658/10857/55316/1352/2235/211/8029/259/55652/51629/210/81693/8803/2168/213",0.321775918075361
"GO:0007586","digestion",60,-0.599753497684471,-1.57520555825967,0.0248356402586782,0.18701752253135,0.121587947146549,298,"tags=13%, list=2%, signal=13%","118471/56667/65010/358/1056/1610/83697/115111",0.352487857583619
"GO:0033572","transferrin transport",9,0.791374832991392,1.57434747758331,0.0248487045078231,0.18701752253135,0.121587947146549,1875,"tags=56%, list=14%, signal=48%","567/392/7037/3077/57192",0.352487857583619
"GO:0015838","amino-acid betaine transport",9,-0.850180345489503,-1.57421960709017,0.0258520797902554,0.189711017487042,0.123339101358622,1289,"tags=44%, list=10%, signal=40%","6583/5174/788/220963",0.352487857583619
"GO:0046634","regulation of alpha-beta T cell activation",71,0.509272264158552,1.57351059616378,0.00941597648274648,0.108099823760906,0.0702802362050808,2639,"tags=38%, list=20%, signal=31%","11314/3133/3958/639/301/3071/864/865/56253/84695/942/29126/3956/3606/64115/114548/11006/3659/861/3077/8477/10538/64926/7297/975/387/3718",0.380730400722792
"GO:0072074","kidney mesenchyme development",11,-0.784680335536821,-1.57241607668567,0.0471547870533013,0.273348952957895,0.177715636454534,172,"tags=18%, list=1%, signal=18%","7490/6943",0.321775918075361
"GO:0072075","metanephric mesenchyme development",11,-0.784680335536821,-1.57241607668567,0.0471547870533013,0.273348952957895,0.177715636454534,172,"tags=18%, list=1%, signal=18%","7490/6943",0.321775918075361
"GO:0015833","peptide transport",151,-0.532329369543725,-1.57196259795886,0.00686563015025806,0.0916261328192181,0.059569997739641,1204,"tags=17%, list=9%, signal=16%","22841/84522/781/5019/84417/8622/5587/5950/9854/7849/51629/1497/3172/57393/6514/5071/846/65010/6565/18/5578/54097/1393/10411/7021/64849",0.407017918923954
"GO:1904376","negative regulation of protein localization to cell periphery",30,-0.671655116864668,-1.57189192497411,0.0442622950819672,0.26360057800588,0.17137780841368,458,"tags=17%, list=3%, signal=16%","55022/127018/501/112609/65266",0.276500599254472
"GO:0006637","acyl-CoA metabolic process",92,-0.571552671854053,-1.57023745845169,0.0107529288031166,0.115973789916916,0.0753994323523308,2224,"tags=45%, list=16%, signal=37%","1737/51144/51268/3157/3156/2182/10157/109703458/3158/2181/2180/10965/123876/23305/80221/122970/9524/23205/1738/5095/84693/84869/1743/4594/641371/55902/8802/8801/38/5164/348158/2639/5160/11001/5162/501/84649/594/8803/10249/6296",0.380730400722792
"GO:0010257","NADH dehydrogenase complex assembly",38,-0.644087862485481,-1.56950713895264,0.0419354838709677,0.255966135372359,0.166414336569686,2880,"tags=50%, list=21%, signal=39%","374291/4700/29078/57226/4719/55471/55101/4720/4728/51103/617/80224/4722/25915/4536/4538/4535/4540/4541",0.282013350011725
"GO:0032981","mitochondrial respiratory chain complex I assembly",38,-0.644087862485481,-1.56950713895264,0.0419354838709677,0.255966135372359,0.166414336569686,2880,"tags=50%, list=21%, signal=39%","374291/4700/29078/57226/4719/55471/55101/4720/4728/51103/617/80224/4722/25915/4536/4538/4535/4540/4541",0.282013350011725
"GO:0042430","indole-containing compound metabolic process",17,-0.744259538759969,-1.5694570619373,0.0465116279069767,0.271764760275556,0.176685686247072,777,"tags=41%, list=6%, signal=39%","4128/130013/223/2639/1644/125061/217",0.282013350011725
"GO:0048515","spermatid differentiation",99,-0.557042902268388,-1.56936971514356,0.0132293330823628,0.129438468266695,0.0841533853369435,2540,"tags=24%, list=19%, signal=20%","199223/51684/7802/57082/7283/5048/163589/257044/25981/80217/65975/8382/5727/6732/1124/55329/374864/79846/80127/284071/84217/65010/1672/3306",0.380730400722792
"GO:0050850","positive regulation of calcium-mediated signaling",32,0.598355298597778,1.56910058300421,0.0206512530369316,0.168594535209839,0.10961038922358,1228,"tags=19%, list=9%, signal=17%","1012/64581/5788/54209/6351/1906",0.352487857583619
"GO:2000727","positive regulation of cardiac muscle cell differentiation",6,0.858971000927916,1.56903877427896,0.0101814956136091,0.112365256955139,0.0730533734959496,1724,"tags=67%, list=13%, signal=58%","4208/1948/409/7040",0.380730400722792
"GO:1902806","regulation of cell cycle G1/S phase transition",148,0.461139398072749,1.56903329185708,0.00240150117513705,0.0487391360671601,0.031687359664969,2521,"tags=29%, list=19%, signal=24%","1030/6241/10457/1956/1026/493/60/3275/595/1029/91607/1017/11186/7114/5683/6602/5310/23236/2273/990/6604/5925/25959/2146/65992/5682/6240/4330/123879/8525/196528/79027/51065/5933/6118/5688/894/6598/1031/55904/207/28984/5777",0.431707695803346
"GO:1902667","regulation of axon guidance",8,-0.852135685403998,-1.56858961962415,0.0241989593186228,0.18550987369143,0.1206077613063,814,"tags=38%, list=6%, signal=35%","9353/347733/5800",0.352487857583619
"GO:0071639","positive regulation of monocyte chemotactic protein-1 production",10,0.756363601767613,1.56805545446466,0.035809084198426,0.231049173346156,0.150214772909084,576,"tags=30%, list=4%, signal=29%","4938/64581/4940",0.321775918075361
"GO:0002707","negative regulation of lymphocyte mediated immunity",36,0.578305102832819,1.56803390572352,0.0387844959176441,0.24408486831254,0.158689825776526,1850,"tags=39%, list=14%, signal=34%","3133/3134/5788/3071/5272/3635/409/29126/2213/5817/11006/7040/196/3077",0.321775918075361
"GO:0035930","corticosteroid hormone secretion",11,-0.782482750474952,-1.5680123495567,0.0490536095821949,0.278049293273039,0.180771525133162,1625,"tags=45%, list=12%, signal=40%","1601/84417/185/654/65266",0.321775918075361
"GO:0050667","homocysteine metabolic process",13,-0.768548923940356,-1.56726592445484,0.0427101007861147,0.259167061107485,0.168495392846309,1918,"tags=54%, list=14%, signal=46%","4357/50507/4522/4594/670/1800/1491",0.321775918075361
"GO:0090398","cellular senescence",70,0.510269190662742,1.56706459302188,0.00432017797966051,0.0707353932157227,0.0459880503991915,659,"tags=14%, list=5%, signal=14%","1030/10783/567/6688/1026/4869/22846/5601/1029/1017",0.407017918923954
"GO:0008637","apoptotic mitochondrial changes",80,0.502415733640671,1.56703257467174,0.00867751505577776,0.104616680578797,0.0680156985115116,350,"tags=8%, list=3%, signal=7%","3099/8996/3003/834/27113/581",0.380730400722792
"GO:0010992","ubiquitin recycling",11,-0.781912133505115,-1.56686889373608,0.0490536095821949,0.278049293273039,0.180771525133162,296,"tags=18%, list=2%, signal=18%","5071/117854",0.321775918075361
"GO:0045747","positive regulation of Notch signaling pathway",32,0.597245721524684,1.56619087695438,0.0208652537539041,0.169634801611962,0.110286710108424,1809,"tags=31%, list=13%, signal=27%","3714/55589/79651/182/4856/54567/55897/6091/4846/94",0.352487857583619
"GO:0045906","negative regulation of vasoconstriction",10,0.755463031574286,1.56618843706658,0.0371996853733016,0.238191449481772,0.154858266639132,1164,"tags=40%, list=9%, signal=37%","133/9732/3688/3676",0.321775918075361
"GO:1903038","negative regulation of leukocyte cell-cell adhesion",97,0.48301421920844,1.56616737635503,0.00461575883359739,0.0735269117178468,0.0478029338363196,1904,"tags=33%, list=14%, signal=29%","10457/11314/5699/3133/3958/5696/55824/301/864/865/1029/7805/26191/867/56253/1445/84695/10385/5698/942/5683/29126/3956/9231/64115/11006/5682/3659/861/3077/79626/23240",0.407017918923954
"GO:0002285","lymphocyte activation involved in immune response",138,0.460244412286586,1.56606465208499,0.00235129557565683,0.0484839447427821,0.031521449065573,1799,"tags=28%, list=13%, signal=24%","2214/121260/5699/3958/3134/5696/6688/3936/301/3071/54209/55619/7305/440275/3394/84695/5698/942/5130/5683/3956/2956/3606/3683/11151/2213/7494/4683/114548/114836/65992/202309/5682/7037/7040/3716/1235/84787",0.431707695803346
"GO:0140056","organelle localization by membrane tethering",66,0.516131631684041,1.56601148579539,0.0134756726578678,0.130925626252805,0.0851202492124041,1751,"tags=18%, list=13%, signal=16%","858/488/54843/23344/6810/57488/8676/2054/5341/81671/9341/10228",0.380730400722792
"GO:0071621","granulocyte chemotaxis",71,0.50665525496967,1.56542476078893,0.00987810463585296,0.11090098111878,0.0721013862672162,2667,"tags=44%, list=20%, signal=35%","7422/3958/3627/6352/57118/3689/301/4283/3071/51192/23765/6351/728/5919/1906/7130/5880/6280/64065/719/6376/5142/1435/5478/4192/1240/23604/120425/23396/1436/7042",0.380730400722792
"GO:0034310","primary alcohol catabolic process",9,-0.845282015330621,-1.56514971101574,0.0271693658377061,0.195234147180973,0.12692991997401,1069,"tags=56%, list=8%, signal=51%","27233/27284/55902/219/217",0.352487857583619
"GO:0006778","porphyrin-containing compound metabolic process",42,-0.633604163414086,-1.56512887544104,0.0461708738311776,0.271664060440102,0.176620217054105,1665,"tags=33%, list=12%, signal=29%","2938/54658/10857/55316/1352/2235/211/259/55652/51629/210/8803/2168/213",0.321775918075361
"GO:0030593","neutrophil chemotaxis",48,0.554721584263022,1.56512211390323,0.0136208212096273,0.131776254081736,0.0856732780949684,2809,"tags=46%, list=21%, signal=36%","3958/3627/57118/3689/4283/3071/51192/728/1906/7130/5880/6280/64065/719/5142/5478/4192/23604/120425/23396/7042/972",0.380730400722792
"GO:0045672","positive regulation of osteoclast differentiation",14,0.698998376766534,1.56486678839664,0.0358551730209866,0.23109288050149,0.150243188766704,520,"tags=21%, list=4%, signal=21%","23603/54209/7305",0.321775918075361
"GO:1905952","regulation of lipid localization",106,0.474009571011397,1.56403411574531,0.00640050239571903,0.0883149133381138,0.0574172348658218,1350,"tags=21%, list=10%, signal=19%","29923/857/9619/4481/341/123/4828/302/19/948/54209/356/718/10226/21/949/10396/1906/27166/51703/55754/10162",0.407017918923954
"GO:0031341","regulation of cell killing",52,0.533959063198011,1.56339986961714,0.0214005260522713,0.171908431584774,0.111764892458523,1724,"tags=38%, list=13%, signal=34%","3133/3134/6688/5551/5788/912/3071/3140/5272/7305/56253/3635/409/51571/2213/5817/3075/114836/1524/7040",0.352487857583619
"GO:0045682","regulation of epidermis development",32,-0.656270922965665,-1.56316089207003,0.0414593698175788,0.25454296810862,0.165489075750795,1299,"tags=22%, list=10%, signal=20%","3204/360/1594/81537/7421/2296/54845",0.287857117255149
"GO:1905039","carboxylic acid transmembrane transport",105,-0.553221509040183,-1.56308926635188,0.0137005638264624,0.132019531429419,0.0858314429176635,1246,"tags=30%, list=9%, signal=27%","25874/118980/117247/6567/6582/124935/8501/4036/6505/8604/9194/159963/6519/788/1468/123096/5997/5243/9058/9963/9122/57393/5825/11136/387700/59272/51660/220963/115111/153201/64849",0.380730400722792
"GO:0043032","positive regulation of macrophage activation",17,0.658760085365873,1.56254367113512,0.040803405370817,0.252465701862802,0.164138557707955,903,"tags=29%, list=7%, signal=27%","4345/54209/7099/1050/3566",0.321775918075361
"GO:0002031","G protein-coupled receptor internalization",8,0.789172855790427,1.56172676899947,0.0295394594533358,0.205970275998467,0.133909928293824,2125,"tags=62%, list=16%, signal=53%","133/8862/409/187/29978",0.352487857583619
"GO:0034101","erythrocyte homeostasis",86,0.490154649927102,1.56148306176347,0.0132345218489765,0.129438468266695,0.0841533853369435,866,"tags=15%, list=6%, signal=14%","7422/79876/3059/6688/3071/23306/10019/9636/9935/3162/4067/2113/440712",0.380730400722792
"GO:0010986","positive regulation of lipoprotein particle clearance",6,0.854567718647979,1.56099552180146,0.0112081779952045,0.118681853510283,0.0771600582477177,374,"tags=33%, list=3%, signal=32%","302/54209",0.380730400722792
"GO:1903232","melanosome assembly",19,0.645116959946438,1.56025935307035,0.0340577144408008,0.223893245540807,0.145562403655099,1225,"tags=26%, list=9%, signal=24%","10981/8905/1176/23682/10058",0.321775918075361
"GO:0045666","positive regulation of neuron differentiation",39,0.571840135021881,1.55890284050617,0.0264020486814436,0.191583397579206,0.124556414306643,1902,"tags=31%, list=14%, signal=27%","4131/4208/26508/1894/147040/6935/6925/1756/4803/8904/23531/9181",0.352487857583619
"GO:0043300","regulation of leukocyte degranulation",32,0.594466105735853,1.55890173492622,0.0212932552449917,0.171689649286778,0.111622652896554,1365,"tags=41%, list=10%, signal=37%","11314/3134/6688/3689/8832/3071/9846/4067/6810/57102/2242/5880/2213",0.352487857583619
"GO:0070942","neutrophil mediated cytotoxicity",6,-0.891703977198062,-1.55876738699546,0.0138351029504132,0.132429641430477,0.0860980726561923,100,"tags=33%, list=1%, signal=33%","1776/1610",0.380730400722792
"GO:0019321","pentose metabolic process",10,-0.80342843989119,-1.55836130412702,0.0476967035319053,0.273429080567867,0.177767730779571,1095,"tags=30%, list=8%, signal=28%","9942/27294/51181",0.321775918075361
"GO:0097237","cellular response to toxic substance",109,-0.54915804516022,-1.55796079982486,0.0213714992200577,0.171908431584774,0.111764892458523,840,"tags=21%, list=6%, signal=20%","8934/10327/847/8802/4780/259/5743/10935/2643/25953/2878/132/3029/5071/5783/8803/10516/145226/55937/2168/217/2947/213",0.352487857583619
"GO:0031348","negative regulation of defense response",199,0.435398308689746,1.55791727983357,0.00112599925367223,0.0298136198787628,0.0193830866167028,1859,"tags=30%, list=14%, signal=26%","140885/240/3133/84166/3134/1003/4938/4345/79651/9111/25939/5788/56833/54209/23208/9140/3275/7128/5272/4940/9636/3635/7114/6737/409/4856/4067/9572/131450/10212/2494/3055/3428/11277/2896/2/7130/90268/313/7534/10162/2213/54625/6773/10906/5817/2778/5925/114548/2000/5682/10769/55646/7040/196/3587/6376/79626/7132",0.45505986738723
"GO:0019755","one-carbon compound transport",10,-0.803164127599897,-1.55784863364325,0.0476967035319053,0.273429080567867,0.177767730779571,1670,"tags=50%, list=12%, signal=44%","364/360/51458/57127/358",0.321775918075361
"GO:0097306","cellular response to alcohol",66,-0.589159544254167,-1.55778391959276,0.0382691257266852,0.241617530635291,0.157085705911,1013,"tags=18%, list=8%, signal=17%","5587/151556/56848/2770/9131/7832/6340/3728/6337/6422/2203/6338",0.321775918075361
"GO:0019320","hexose catabolic process",36,0.574496733438317,1.55770777803271,0.0409756876865885,0.25304794048767,0.164517095495158,373,"tags=22%, list=3%, signal=22%","3099/2026/5230/5214/226/7167/5315/2023",0.321775918075361
"GO:0002523","leukocyte migration involved in inflammatory response",12,0.715127363870431,1.55764602616006,0.0391496515620769,0.245710592291496,0.159746777224459,1817,"tags=50%, list=13%, signal=43%","240/3689/56833/6280/1235/6376",0.321775918075361
"GO:0031111","negative regulation of microtubule polymerization or depolymerization",28,0.602500729704139,1.55756889821784,0.0423323385931427,0.257321081955008,0.167295244258161,747,"tags=18%, list=6%, signal=17%","4131/1003/4133/22974/26586",0.321775918075361
"GO:0055080","monoatomic cation homeostasis",337,-0.491714140631083,-1.55736140791178,0.000651475618224077,0.0204779341386156,0.0133135651676657,1387,"tags=18%, list=10%, signal=17%","169026/482/221154/4494/51310/6359/7780/389015/8031/11261/6549/147007/8529/5663/3954/4495/51606/63933/254428/122416/155066/6505/526/185/55630/10699/654/1579/51218/48/9481/4881/5164/51458/9104/6387/249/93/1594/523/525/66002/283375/6340/368/10686/846/65010/50617/6337/245972/130733/8671/65266/57402/476/83697/5745/6338/6521/793",0.477270815362862
"GO:1901523","icosanoid catabolic process",9,-0.841050224946514,-1.55731400012087,0.0294746182433716,0.205970275998467,0.133909928293824,1129,"tags=67%, list=8%, signal=61%","8529/1579/66002/1800/3248/4051",0.352487857583619
"GO:0061900","glial cell activation",35,0.591272215008163,1.556706676615,0.0281181316270426,0.200003741721705,0.130030833733744,2451,"tags=49%, list=18%, signal=40%","3689/5788/54209/23208/7305/9572/712/728/2896/3460/1524/6376/7132/51063/3459/7096/3556",0.352487857583619
"GO:0097193","intrinsic apoptotic signaling pathway",246,0.429269803425545,1.55655118707076,0.000255108483385072,0.0105600539812497,0.00686553467267569,2349,"tags=27%, list=17%, signal=23%","8996/857/64782/5163/8531/23612/1026/5034/330/30001/4690/27113/8717/8445/581/2023/54209/7188/7805/57761/100133941/754/6188/26471/90441/489/5371/3428/2956/57007/4487/1687/8321/4193/10550/468/2213/9451/7494/3429/6154/8454/6280/54541/761/960/7186/836/7132/5604/837/9181/6878/6477/22861/2081/22900/7133/51065/8795/29108/578/1396/637/4609/9641/25946",0.49849310876659
"GO:1900424","regulation of defense response to bacterium",11,0.728788763314717,1.55627176437684,0.0419787945728061,0.255966135372359,0.166414336569686,1099,"tags=27%, list=8%, signal=25%","84034/23208/2896",0.321775918075361
"GO:0045123","cellular extravasation",49,0.533103729458309,1.55616155623715,0.0487746433164013,0.277606122565433,0.180483401240577,2811,"tags=43%, list=21%, signal=34%","140885/3689/83483/6404/80310/5175/3688/23236/3676/3683/9435/1524/6376/7412/4267/6402/4192/120425/3383/6693/729230",0.321775918075361
"GO:0035929","steroid hormone secretion",13,-0.762794849542689,-1.55553190928765,0.0491901580443892,0.278554671469094,0.181100092727039,1625,"tags=46%, list=12%, signal=41%","1601/6696/84417/185/654/65266",0.321775918075361
"GO:0006935","chemotaxis",307,0.4151186012678,1.55507905964006,0.000135167132781513,0.00695968778930367,0.00452478537641031,2204,"tags=31%, list=16%, signal=27%","7422/240/7424/1012/7852/10457/3958/3627/55558/6688/6352/5724/57118/3689/3603/27347/301/4233/4283/23603/5898/56833/3071/9034/54209/51192/1948/5355/1890/57556/3672/718/80310/5154/23765/7114/409/4856/6351/4067/391/9732/6810/7423/54437/51571/10505/25960/728/57007/6405/102/5919/5330/2242/1906/10509/7130/11151/5880/5228/8829/2321/6091/2357/6364/58191/2359/285/6280/64065/9647/719/3730/196527/1524/7040/1901/1235/7226/6376/811/80270/123920/5604/7412/5025/1843/5155/6223/5142/25865/80024/1130/1435/10718",0.518848077743792
"GO:0042330","taxis",307,0.4151186012678,1.55507905964006,0.000135167132781513,0.00695968778930367,0.00452478537641031,2204,"tags=31%, list=16%, signal=27%","7422/240/7424/1012/7852/10457/3958/3627/55558/6688/6352/5724/57118/3689/3603/27347/301/4233/4283/23603/5898/56833/3071/9034/54209/51192/1948/5355/1890/57556/3672/718/80310/5154/23765/7114/409/4856/6351/4067/391/9732/6810/7423/54437/51571/10505/25960/728/57007/6405/102/5919/5330/2242/1906/10509/7130/11151/5880/5228/8829/2321/6091/2357/6364/58191/2359/285/6280/64065/9647/719/3730/196527/1524/7040/1901/1235/7226/6376/811/80270/123920/5604/7412/5025/1843/5155/6223/5142/25865/80024/1130/1435/10718",0.518848077743792
"GO:0060675","ureteric bud morphogenesis",31,-0.653958403342873,-1.55340012522911,0.0483333333333333,0.276096533851636,0.179501954206835,1297,"tags=32%, list=10%, signal=29%","7481/5076/6299/7849/3975/9953/7490/2246/2625/6943",0.266350657088526
"GO:0002456","T cell mediated immunity",78,0.493078767348173,1.55329883862123,0.00687016413719437,0.0916261328192181,0.059569997739641,1850,"tags=35%, list=14%, signal=30%","567/3133/3134/11118/925/5551/5788/912/3071/182/10384/3140/23180/51571/10865/29126/7454/3606/2013/2213/5817/114548/11006/7186/7532/196/3077",0.407017918923954
"GO:0071349","cellular response to interleukin-12",7,0.832019681689514,1.55211976679895,0.0141363427469262,0.134021649461988,0.087133103950438,1158,"tags=43%, list=9%, signal=39%","140885/5034/23236",0.380730400722792
"GO:1901654","response to ketone",149,-0.531438484836187,-1.55146815970782,0.00618326570109896,0.086944148848876,0.0565260432918351,827,"tags=15%, list=6%, signal=14%","2690/9353/56848/57630/2770/9131/25953/7832/6340/3029/5071/6337/358/5578/5105/5731/6559/6422/445/5106/2203/6338",0.407017918923954
"GO:0019835","cytolysis",6,0.849312673774686,1.55139639778229,0.0127482048819976,0.12657761536551,0.0822934246945655,1413,"tags=50%, list=10%, signal=45%","2634/115362/2635",0.380730400722792
"GO:0002708","positive regulation of lymphocyte mediated immunity",67,0.516164778339815,1.55131830973002,0.00810800061945367,0.100943101325086,0.065627350328448,1799,"tags=27%, list=13%, signal=23%","567/3133/3134/912/54209/3140/56253/51571/10865/3606/5817/114548/114836/7037/7040/7186/7532/84787",0.380730400722792
"GO:0001676","long-chain fatty acid metabolic process",74,-0.572757424344696,-1.55077181914186,0.0249072313894773,0.187116905364105,0.121652560100741,1909,"tags=41%, list=14%, signal=35%","2182/10999/51390/2166/2181/30/2938/2180/2946/10965/23305/80221/122970/1576/8529/23205/84830/6342/1579/641371/26061/22949/5743/66002/284541/2052/11001/5825/5730/4051",0.352487857583619
"GO:0050921","positive regulation of chemotaxis",104,0.480342158031428,1.5505285994712,0.00391528806243927,0.0659428745874443,0.0428722327272069,1823,"tags=32%, list=14%, signal=28%","7422/7424/1012/3627/6688/6352/57118/3603/27347/4233/3071/54209/80310/7114/6351/6810/7423/728/102/5919/1906/5880/5228/8829/64065/9647/719/196527/1524/7040/1901/1235/811",0.407017918923954
"GO:0060339","negative regulation of type I interferon-mediated signaling pathway",18,0.663672256976512,1.55043634041069,0.0292587417216076,0.204741528380487,0.13311106785332,590,"tags=28%, list=4%, signal=27%","84166/4938/25939/4940/9636",0.352487857583619
"GO:0034383","low-density lipoprotein particle clearance",21,0.638488682861072,1.55036627695893,0.0295988850100255,0.206140102001101,0.134020339311749,1172,"tags=43%, list=9%, signal=39%","3988/302/6646/948/54209/1445/3162/949/10330",0.352487857583619
"GO:0050798","activated T cell proliferation",27,0.611326312732356,1.54885837265761,0.033540736206907,0.22202726378101,0.144349250531714,2123,"tags=41%, list=16%, signal=34%","7805/11119/56253/10385/100133941/29126/8744/3606/11006/11148/29108",0.321775918075361
"GO:0072010","glomerular epithelium development",19,-0.715071738662917,-1.54873807940586,0.0297615393547583,0.206395149191329,0.134186156203479,282,"tags=26%, list=2%, signal=26%","28999/5800/7490/2296/7827",0.352487857583619
"GO:0007610","behavior",233,-0.50565533911371,-1.54768369361502,0.00186998165069135,0.0419519879081983,0.027274749549843,1128,"tags=16%, list=8%, signal=15%","5663/153/80823/6505/54806/5764/7782/4900/267/342371/4311/55902/5649/64220/6387/2628/2770/79846/7442/222236/5104/5465/5071/846/9099/5730/59272/112609/18/5578/27344/64084/6326/1272/1393/10411/793",0.45505986738723
"GO:0045061","thymic T cell selection",23,0.629805897588484,1.54758610791098,0.0269927298967724,0.194202284373596,0.126259062619107,2379,"tags=35%, list=18%, signal=29%","5699/3714/5698/916/5683/5682/5688/917",0.352487857583619
"GO:0001959","regulation of cytokine-mediated signaling pathway",134,0.460000747726299,1.54735792341893,0.00488084180980296,0.0757928168640203,0.0492760939521363,2335,"tags=34%, list=17%, signal=28%","8996/307/7852/84166/4938/6352/834/25939/5788/54209/7128/7805/10019/4940/9636/83666/100133941/7837/102/558/1906/10010/90268/54625/6773/114769/6091/83643/958/8904/7737/3654/7186/147138/7444/353376/837/11140/22900/29108/1435/29110/4898/3574/9641",0.407017918923954
"GO:2000209","regulation of anoikis",21,0.636724591145381,1.54608274245177,0.0307158096085571,0.210673896008283,0.136967949239723,1022,"tags=19%, list=8%, signal=18%","857/57343/7088/3688",0.352487857583619
"GO:0032703","negative regulation of interleukin-2 production",17,0.651660739750306,1.54570440323284,0.0437980695800609,0.262520484382969,0.170675594179643,1494,"tags=29%, list=11%, signal=26%","5788/7128/7805/947/11006",0.321775918075361
"GO:0034381","plasma lipoprotein particle clearance",31,0.586089845285192,1.54482687911296,0.0378851080395813,0.240154641184978,0.156134620030071,1172,"tags=39%, list=9%, signal=35%","3988/4481/341/7436/302/6646/948/54209/1445/3162/949/10330",0.321775918075361
"GO:0014902","myotube differentiation",101,0.477386577070951,1.54387451412705,0.00488907009541683,0.0757928168640203,0.0492760939521363,3792,"tags=57%, list=28%, signal=42%","858/4208/6157/6175/6137/6139/6132/6143/4856/6171/1794/3688/928/963/4666/79365/6173/30846/7494/6181/6168/6164/5738/11224/6134/25873/6158/23521/8506/6141/975/11096/80005/6124/6142/4323/6167/6169/4851/6133/9780/9349/6155/6129/51177/6147/6160/221662/6170/6130/8038/5339/9750/4736/6161/6135/6176/6156",0.407017918923954
"GO:0038130","ERBB4 signaling pathway",8,-0.838700983126954,-1.54385936258237,0.0469924812030075,0.27321642384894,0.177629473713862,931,"tags=38%, list=7%, signal=35%","2066/3084/2064",0.287857117255149
"GO:0070365","hepatocyte differentiation",6,-0.883146856965457,-1.54380888026422,0.0202411940203397,0.166170025770331,0.108034113794427,121,"tags=33%, list=1%, signal=33%","5105/5106",0.352487857583619
"GO:0050818","regulation of coagulation",56,-0.596698024393369,-1.54300771660333,0.0312552395728992,0.21263691922396,0.138244193089842,1147,"tags=21%, list=9%, signal=20%","284/5327/84830/3273/4780/634/2160/350/7103/5624/5340/3827",0.321775918075361
"GO:0002042","cell migration involved in sprouting angiogenesis",51,0.52198647307645,1.54211199302188,0.0251967777438612,0.187766672611025,0.122075001081707,2826,"tags=39%, list=21%, signal=31%","7422/1003/301/161198/161742/1948/57608/3162/54567/8829/6091/10769/57381/22915/6915/30844/207/387/51564/4851",0.352487857583619
"GO:2001185","regulation of CD8-positive, alpha-beta T cell activation",17,0.649915506789841,1.54156480404095,0.0460440710770596,0.271545534903411,0.176543158623988,1850,"tags=65%, list=14%, signal=56%","3133/3071/864/865/56253/29126/64115/11006/3659/861/3077",0.321775918075361
"GO:0014745","negative regulation of muscle adaptation",11,0.721782370842446,1.54131015777201,0.0440603414239854,0.263465602126334,0.171290054924669,424,"tags=18%, list=3%, signal=18%","8996/493",0.321775918075361
"GO:0034650","cortisol metabolic process",8,-0.837176625290563,-1.54105336358513,0.0488721804511278,0.277606122565433,0.180483401240577,610,"tags=25%, list=5%, signal=24%","653/3291",0.282013350011725
"GO:1904427","positive regulation of calcium ion transmembrane transport",32,0.587610221788634,1.54092316680156,0.0246735734427974,0.18701752253135,0.121587947146549,2133,"tags=28%, list=16%, signal=24%","857/3627/4283/5027/7220/6376/187/5025/444",0.352487857583619
"GO:0001909","leukocyte mediated cytotoxicity",74,0.499503794772797,1.54081992118279,0.0203709401911652,0.167001933673179,0.108574972066706,1724,"tags=39%, list=13%, signal=34%","2214/3133/3134/6688/5551/5788/912/3071/3140/5272/7305/56253/3635/914/203068/409/2212/57823/51571/2209/7409/2013/11151/2213/5817/114836/10870/1524/7040",0.352487857583619
"GO:1905523","positive regulation of macrophage migration",21,0.634556874757361,1.54081913406495,0.0310881179213563,0.2117450256567,0.137664335617406,2714,"tags=57%, list=20%, signal=46%","6352/54209/728/5919/719/6376/5025/1435/4192/1240/1436/4323",0.352487857583619
"GO:0075509","endocytosis involved in viral entry into host cell",12,0.706618464280166,1.53911246933734,0.0472164895535588,0.273429080567867,0.177767730779571,556,"tags=25%, list=4%, signal=24%","858/857/90861",0.321775918075361
"GO:0039531","regulation of cytoplasmic pattern recognition receptor signaling pathway",108,0.471748070526403,1.53837520525469,0.00558702460618094,0.0827217396350921,0.0537808776978967,1080,"tags=18%, list=8%, signal=16%","2634/121260/4481/1956/330/23151/948/54209/5027/7128/115362/7099/1452/26191/338382/8473/4067/3428/11277",0.407017918923954
"GO:0002323","natural killer cell activation involved in immune response",6,0.841456265513358,1.53704549516128,0.0168549549931,0.149140643951927,0.0969625973480073,86,"tags=33%, list=1%, signal=33%","2214/3134",0.352487857583619
"GO:0043320","natural killer cell degranulation",6,0.841456265513358,1.53704549516128,0.0168549549931,0.149140643951927,0.0969625973480073,86,"tags=33%, list=1%, signal=33%","2214/3134",0.352487857583619
"GO:0032011","ARF protein signal transduction",18,0.657929560337373,1.5370205535254,0.0330833625313583,0.220231036194025,0.143181447526127,2149,"tags=33%, list=16%, signal=28%","9815/9448/10982/27128/57221/28964",0.321775918075361
"GO:0032012","regulation of ARF protein signal transduction",18,0.657929560337373,1.5370205535254,0.0330833625313583,0.220231036194025,0.143181447526127,2149,"tags=33%, list=16%, signal=28%","9815/9448/10982/27128/57221/28964",0.321775918075361
"GO:0072488","ammonium transmembrane transport",4,-0.948809664768769,-1.53694672006809,0.0149982851553864,0.137103388028861,0.089136671642474,571,"tags=75%, list=4%, signal=72%","51458/57127/358",0.380730400722792
"GO:2000318","positive regulation of T-helper 17 type immune response",10,0.741274098905423,1.53677264654937,0.0441527111125053,0.263481863877468,0.171300627372163,1119,"tags=30%, list=8%, signal=28%","64581/10865/64170",0.321775918075361
"GO:1904064","positive regulation of cation transmembrane transport",70,0.500307425849444,1.53647146843473,0.00619761795979569,0.086944148848876,0.0565260432918351,2133,"tags=26%, list=16%, signal=22%","857/1520/3627/27347/4283/6324/5027/3759/6786/2273/1906/1909/196527/7220/6376/187/5025/444",0.407017918923954
"GO:0002833","positive regulation of response to biotic stimulus",321,0.411905963100143,1.53643744194512,0.000100365508149362,0.0055655514802071,0.00361839880059037,1889,"tags=24%, list=14%, signal=21%","2634/121260/4481/11314/1520/3133/84166/3134/7098/6688/1956/4938/6352/330/834/64581/4332/84034/23151/9111/912/948/54209/5027/3140/7128/115362/7099/7305/51428/1452/26191/4940/83666/56253/338382/10392/409/7097/51135/144811/8473/4067/51284/23180/23643/9572/2664/80342/3055/5648/3428/29126/11277/9450/2896/1687/5062/90268/10318/81926/5817/114548/114836/6280/80196/3665/3659/149628/3654/7186/7532/353376/81622/4615/64135",0.538434096309916
"GO:0031663","lipopolysaccharide-mediated signaling pathway",48,0.544102939874949,1.53516208418214,0.0170545689976322,0.149411500899769,0.0971386928272583,2372,"tags=48%, list=18%, signal=40%","140885/6688/5724/948/923/7128/7099/26191/7097/51135/4067/23643/949/3055/9450/114769/3654/6376/353376/22900/7096/148022/85363",0.352487857583619
"GO:1901568","fatty acid derivative metabolic process",66,-0.580458369691171,-1.53477733343457,0.0462730217679176,0.271680083998269,0.176630634642346,1909,"tags=42%, list=14%, signal=37%","2182/79611/109703458/3158/2181/2180/123876/23305/224/5019/8529/9524/23205/1738/84869/2678/1579/38/22949/2639/66002/1800/55825/11001/84649/3248/594/4051",0.321775918075361
"GO:0050860","negative regulation of T cell receptor signaling pathway",26,0.617809117273059,1.53427183211115,0.0445467364543521,0.264490623109779,0.17195646412244,1797,"tags=42%, list=13%, signal=37%","3958/4690/7805/26191/867/1445/29126/4068/29085/11006/8525",0.321775918075361
"GO:0090077","foam cell differentiation",26,0.617801011851545,1.53425170304609,0.0445467364543521,0.264490623109779,0.17195646412244,636,"tags=27%, list=5%, signal=26%","9619/4481/19/5601/6646/948/5583",0.321775918075361
"GO:0060330","regulation of response to type II interferon",10,0.739688307776403,1.53348506313884,0.04693392848139,0.273146169914466,0.177583798680015,1911,"tags=40%, list=14%, signal=34%","84166/83666/54625/11140",0.321775918075361
"GO:0060334","regulation of type II interferon-mediated signaling pathway",10,0.739688307776403,1.53348506313884,0.04693392848139,0.273146169914466,0.177583798680015,1911,"tags=40%, list=14%, signal=34%","84166/83666/54625/11140",0.321775918075361
"GO:0060055","angiogenesis involved in wound healing",21,0.631454894015995,1.5332869624505,0.0322050431721187,0.216961727224488,0.141055932436347,896,"tags=33%, list=7%, signal=31%","7422/240/4162/10855/7128/947/7423",0.321775918075361
"GO:0032602","chemokine production",62,0.512915358710561,1.53169284452418,0.0187231800549349,0.159731280642826,0.103848015124866,1119,"tags=23%, list=8%, signal=21%","140885/7098/4938/64581/54209/7099/4940/3162/23765/7097/51284/3566/3606/64170",0.352487857583619
"GO:0032642","regulation of chemokine production",62,0.512915358710561,1.53169284452418,0.0187231800549349,0.159731280642826,0.103848015124866,1119,"tags=23%, list=8%, signal=21%","140885/7098/4938/64581/54209/7099/4940/3162/23765/7097/51284/3566/3606/64170",0.352487857583619
"GO:0007088","regulation of mitotic nuclear division",92,0.475606852441455,1.53020542253997,0.0117147655240878,0.121018263182052,0.0786790563171961,2188,"tags=26%, list=16%, signal=22%","858/51203/7039/9735/83540/6790/699/9319/1613/1780/891/1906/7517/5925/26271/1104/23636/4288/79866/157313/55755/1843/5155/9585",0.380730400722792
"GO:0010984","regulation of lipoprotein particle clearance",16,0.669815793358364,1.530169768744,0.0264657568619114,0.191583397579206,0.124556414306643,1172,"tags=31%, list=9%, signal=29%","341/302/54209/1445/10330",0.352487857583619
"GO:1905521","regulation of macrophage migration",33,0.571892702267257,1.53006585751175,0.0373744989825415,0.23858666423128,0.155115212348947,2714,"tags=55%, list=20%, signal=44%","6352/4345/56833/54209/131450/928/728/5919/719/1524/6376/5025/1435/4192/1240/975/1436/4323",0.321775918075361
"GO:0031098","stress-activated protein kinase signaling cascade",42,0.555214455647952,1.52884790092052,0.0253494637080133,0.187979033941936,0.122213066103258,2667,"tags=36%, list=20%, signal=29%","83605/355/4281/64170/3476/10550/5604/9344/51776/4609/5478/5603/23008/54910/7042",0.352487857583619
"GO:0002377","immunoglobulin production",67,0.508685741245571,1.52884028009621,0.0097171934493199,0.110050237195292,0.0715482819067038,2874,"tags=42%, list=21%, signal=33%","121260/3133/25939/5788/10051/2821/6810/942/5130/2956/2590/7293/2213/7494/4683/7037/7040/1235/84787/10538/115352/11331/7518/10459/10758/23529/112441434/84542",0.380730400722792
"GO:0002366","leukocyte activation involved in immune response",198,0.434965452135658,1.52814805851807,0.000881061803758426,0.0255117304556258,0.0165862476000646,1799,"tags=28%, list=13%, signal=24%","2214/121260/11314/5699/3958/3134/5696/6688/3936/3689/8291/301/8832/9111/7462/3071/54209/55619/7305/867/440275/9846/3394/84695/4067/5698/6810/942/5130/1794/5683/3956/2956/2896/3606/57102/3683/2242/11151/5880/2213/7494/4683/114548/114836/65992/202309/5682/7037/1524/7040/3716/1235/2207/84787",0.477270815362862
"GO:0042572","retinol metabolic process",30,-0.652902218065531,-1.52800402856409,0.0475409836065574,0.273429080567867,0.177767730779571,1238,"tags=37%, list=9%, signal=33%","1576/10901/5950/8228/157506/130/84649/8854/145226/1056/125",0.266350657088526
"GO:0032371","regulation of sterol transport",42,0.554803113367755,1.52771522187148,0.0257754951702048,0.189560292809189,0.123241108914296,374,"tags=14%, list=3%, signal=14%","857/9619/341/302/19/54209",0.352487857583619
"GO:0032374","regulation of cholesterol transport",42,0.554803113367755,1.52771522187148,0.0257754951702048,0.189560292809189,0.123241108914296,374,"tags=14%, list=3%, signal=14%","857/9619/341/302/19/54209",0.352487857583619
"GO:0045089","positive regulation of innate immune response",304,0.419526944197228,1.52749298854546,7.75964229073126e-05,0.00465420177397126,0.0030258920749425,1689,"tags=21%, list=13%, signal=19%","2634/121260/4481/11314/1520/3133/84166/3134/7098/6688/1956/4938/6352/330/834/64581/4332/23151/9111/912/948/54209/5027/7128/115362/7099/7305/51428/1452/26191/4940/83666/56253/338382/10392/409/7097/51135/144811/8473/4067/51284/23180/23643/9572/2664/80342/3055/5648/3428/29126/11277/5062/90268/10318/81926/5817/114548/114836/6280/80196/3665/3659/149628/3654",0.538434096309916
"GO:0035987","endodermal cell differentiation",33,0.570582310921753,1.52655998123499,0.0373744989825415,0.23858666423128,0.155115212348947,3098,"tags=45%, list=23%, signal=35%","3689/9555/55897/3909/3676/1284/2335/1295/3914/3679/1290/3678/4323/3624/1289",0.321775918075361
"GO:0022407","regulation of cell-cell adhesion",343,0.405643078710295,1.52644384689102,0.000156297775894652,0.00747079863320314,0.00485708000545321,1957,"tags=27%, list=15%, signal=23%","140885/857/7422/240/10457/11314/567/5699/3133/3958/5696/6688/6352/10076/939/3689/6541/55824/4690/301/84034/5788/912/3561/3071/864/182/80381/865/80709/1948/60/923/1029/7805/26191/867/10019/56253/1445/84695/10385/100133941/4067/2113/5698/942/2494/51571/916/5683/29126/6602/8744/3956/928/283234/3606/9231/7409/3676/2042/6604/9840/7494/64115/114548/83706/11006/399/604/9647/5682/3659/9435/11148/960/3654/7037/861/7040/3716/7532/3600/6376/3077/79626/5604/23240/196528/7412",0.518848077743792
"GO:0007229","integrin-mediated signaling pathway",96,0.464153954543033,1.5264055545605,0.0122912599969026,0.124351163961779,0.0808459151139817,2814,"tags=41%, list=21%, signal=32%","83605/3689/3915/2533/3687/3672/7305/967/9636/9358/84695/57343/3055/3688/102/3676/8515/3683/5341/2013/7791/8829/2335/4627/83706/7076/81031/2207/3611/7094/998/3679/55920/4831/3911/3987/3678/1281/8751",0.380730400722792
"GO:0010755","regulation of plasminogen activation",16,0.667490045439602,1.52485668238459,0.029751111953704,0.206395149191329,0.134186156203479,373,"tags=19%, list=3%, signal=18%","6281/302/2023",0.352487857583619
"GO:1903131","mononuclear cell differentiation",340,0.408452884547108,1.52444844892535,9.2990131603571e-05,0.00535177815303234,0.00347941578095642,2381,"tags=30%, list=18%, signal=25%","7422/5699/3714/3059/5696/639/6688/925/80758/939/4869/10673/301/5788/912/56833/3561/3071/864/865/54209/55619/10051/60/714/3140/1029/7805/26191/6932/56253/3635/3394/84695/914/7097/54567/4067/3087/5698/942/916/5683/3428/3688/6602/8744/3956/2908/3606/55716/3676/558/2242/5971/96459/27166/6604/375387/2213/9840/7494/3702/64115/4627/114548/11006/399/604/2146/114836/3665/65992/5682/3659/861/7040/3716/1235/3600/10320/7226/23240/150372/196528/7412/55509/8477/2323/7351/3976/1435/10538/29110/5688/115352/3574/51176/4609/998/917/6598",0.538434096309916
"GO:0045471","response to ethanol",79,-0.562217448606312,-1.52430936456107,0.0173377966724691,0.150756758640197,0.0980133013924224,962,"tags=19%, list=7%, signal=18%","5950/211/847/4538/5997/210/222236/4513/5465/3248/4519/18/5578/1393/2625",0.352487857583619
"GO:0048278","vesicle docking",48,0.54011080717577,1.52389846050789,0.0200304926970116,0.165596675208206,0.107661354510161,1751,"tags=17%, list=13%, signal=15%","858/54843/6810/8676/2054/5341/9341/10228",0.352487857583619
"GO:0032373","positive regulation of sterol transport",27,0.601342061268846,1.52356224004905,0.0401211784501229,0.24903092600826,0.161905465645727,374,"tags=19%, list=3%, signal=18%","857/9619/302/19/54209",0.321775918075361
"GO:0032376","positive regulation of cholesterol transport",27,0.601342061268846,1.52356224004905,0.0401211784501229,0.24903092600826,0.161905465645727,374,"tags=19%, list=3%, signal=18%","857/9619/302/19/54209",0.321775918075361
"GO:0071674","mononuclear cell migration",144,0.442758764781887,1.52219091970665,0.00340595859315809,0.0597419616494571,0.038840758754291,2226,"tags=37%, list=17%, signal=31%","140885/240/7852/3958/3627/6688/6352/5034/4345/27347/301/23603/56833/54209/51192/6793/56253/80310/5175/4856/6351/4067/131450/928/728/102/5919/23236/3676/3683/2321/4478/6364/58191/719/196527/1524/7040/1901/1235/7226/6376/811/80270/5025/1843/5155/6223/29108/80024/3384/1435/4267",0.431707695803346
"GO:0022037","metencephalon development",44,-0.608858515204913,-1.52155571127552,0.0428925083109139,0.25935303209886,0.168616300399592,1128,"tags=20%, list=8%, signal=19%","5663/4512/3753/3975/4538/6751/89797/18/2296",0.321775918075361
"GO:0007346","regulation of mitotic cell cycle",384,0.396873087382516,1.51929392253004,0.000142595581992344,0.00710319348263556,0.00461808445566178,2548,"tags=26%, list=19%, signal=22%","858/1030/6241/10783/51203/10457/7039/1956/1026/9735/83540/51360/6790/11040/440/8826/60/57099/3275/595/1029/1978/57520/91607/1017/84687/699/9319/1613/5683/8317/5371/1780/891/55743/6602/22933/5310/23236/2273/4193/1906/990/6604/197342/7517/5925/26271/4683/25959/51720/10111/8454/604/8914/5682/1104/23636/29933/4288/6240/79866/7040/123879/8525/157313/55755/196528/994/79027/51065/1843/5155/6198/5933/9585/9344/6118/5688/894/51776/29980/580/10393/64848/6598/3364/51149/1031/1063/1164/29945/55920/55904/207/28984/5777/5889/4361",0.518848077743792
"GO:0030218","erythrocyte differentiation",83,0.483282645280398,1.51878047052247,0.00889592544454165,0.106065415340803,0.0689575818349989,866,"tags=14%, list=6%, signal=14%","7422/79876/3059/6688/3071/23306/10019/9636/9935/4067/2113/440712",0.380730400722792
"GO:0048259","regulation of receptor-mediated endocytosis",92,0.471712279854466,1.51767512349046,0.0143172929406415,0.134148377767896,0.0872154953453839,1305,"tags=20%, list=10%, signal=18%","7422/341/567/55589/302/8862/5898/1948/967/867/718/7018/409/636/116985/4193/88455/84058",0.380730400722792
"GO:0034767","positive regulation of monoatomic ion transmembrane transport",73,0.499535049564498,1.51760002513609,0.0123524783279526,0.124552364624611,0.0809767241164059,2133,"tags=26%, list=16%, signal=22%","857/1520/3627/27347/4283/6324/5027/3759/6786/2273/1906/1909/81671/196527/7220/6376/187/5025/444",0.380730400722792
"GO:0050926","regulation of positive chemotaxis",20,0.640041935625789,1.51712236378652,0.0430877822036637,0.259497934214278,0.168710507351498,1727,"tags=40%, list=13%, signal=35%","7422/7424/1012/3603/7423/5228/285/1901",0.321775918075361
"GO:0050859","negative regulation of B cell receptor signaling pathway",7,0.812901004057384,1.5164541712356,0.0252428871129255,0.187766672611025,0.122075001081707,2521,"tags=86%, list=19%, signal=70%","11314/9404/4067/2213/115352/5777",0.352487857583619
"GO:0097267","omega-hydroxylase P450 pathway",6,-0.867041004624177,-1.51565460708464,0.0272669236792397,0.195695943084946,0.127230152889111,1129,"tags=50%, list=8%, signal=46%","8529/1579/4051",0.352487857583619
"GO:0052548","regulation of endopeptidase activity",7,0.812398258181997,1.5155163066297,0.0256168490214873,0.189165626316963,0.12298451964957,1672,"tags=71%, list=12%, signal=63%","1992/5271/27166/64115/7076",0.352487857583619
"GO:0048261","negative regulation of receptor-mediated endocytosis",21,0.624051629365817,1.51531049370308,0.0363004391502536,0.23366872277836,0.151917852030225,2687,"tags=43%, list=20%, signal=34%","341/567/302/88455/84058/338692/29978/79890/8898",0.321775918075361
"GO:0008277","regulation of G protein-coupled receptor signaling pathway",104,0.469348860561809,1.51504259882741,0.00621412023356224,0.0869680922211401,0.0565416098838953,1258,"tags=25%, list=9%, signal=23%","858/133/9815/6352/8490/2869/8862/54209/493/6002/5996/10019/2771/718/84687/409/64784/7289/636/23295/10636/23236/10287/1906/11343/5341",0.407017918923954
"GO:0044784","metaphase/anaphase transition of cell cycle",86,0.475331842087792,1.51426212165345,0.0198544872829413,0.165538547871105,0.107623563486648,2439,"tags=28%, list=18%, signal=23%","10783/10460/9735/83540/60/57520/699/9319/1780/891/55743/6602/990/6604/7517/5925/26271/55755/196528/1843/51776/6598/1063/29945",0.352487857583619
"GO:0090594","inflammatory response to wounding",20,0.638821651708229,1.51422986578216,0.0430877822036637,0.259497934214278,0.168710507351498,1099,"tags=30%, list=8%, signal=28%","240/7098/5601/7099/3162/2896",0.321775918075361
"GO:0044272","sulfur compound biosynthetic process",102,-0.531939744056467,-1.51408590868516,0.0267163532746298,0.192922266029821,0.125426868926115,1918,"tags=35%, list=14%, signal=31%","4357/2182/4144/109703458/55256/80704/2181/2938/2180/23305/4522/9524/6505/23205/53354/1738/5095/84693/84869/10327/2678/1743/4594/55902/38/4780/5164/2639/5160/3029/11001/5162/635/2326/23743/1491",0.352487857583619
"GO:0048565","digestive tract development",48,-0.595182990812876,-1.51389798428613,0.0429252782193959,0.25935303209886,0.168616300399592,1341,"tags=17%, list=10%, signal=15%","5156/7481/6299/64220/23242/8854/445/6943",0.276500599254472
"GO:0008625","extrinsic apoptotic signaling pathway via death domain receptors",65,0.500856911925271,1.51380307152099,0.0168187224438037,0.149140643951927,0.0969625973480073,2316,"tags=38%, list=17%, signal=32%","3958/6688/355/330/8717/581/7188/7128/356/3162/6672/6810/282991/8682/4803/80196/4846/7186/147138/9994/7132/9181/8795/2266/637",0.352487857583619
"GO:0032570","response to progesterone",23,0.615646227556704,1.51279235841182,0.0370450570814175,0.237719263673114,0.154551278810562,2904,"tags=43%, list=22%, signal=34%","857/7043/2821/952/7040/6720/1364/23558/7042/10413",0.321775918075361
"GO:0097191","extrinsic apoptotic signaling pathway",152,0.442053788672965,1.5127757508304,0.00437210291555903,0.0713867248268221,0.0464115084390228,2206,"tags=30%, list=16%, signal=25%","8996/857/3958/7098/6688/355/939/330/8717/581/5027/7188/7128/7099/356/3162/6478/6672/6810/282991/8682/5371/5062/4803/51703/8829/219699/3429/4055/80196/7046/4846/7040/7186/147138/9994/7132/9181/7133/8795/29108/8740/578/4804/2266",0.407017918923954
"GO:0014074","response to purine-containing compound",96,-0.540934142181354,-1.51270004638822,0.0264654591204567,0.191583397579206,0.124556414306643,509,"tags=8%, list=4%, signal=8%","7442/65010/358/7490/1393/445/10411/2203",0.352487857583619
"GO:0035337","fatty-acyl-CoA metabolic process",40,-0.61240593522884,-1.51087068564911,0.0429313542416113,0.25935303209886,0.168616300399592,1909,"tags=38%, list=14%, signal=32%","2182/109703458/2181/2180/123876/23305/9524/23205/1738/84869/38/2639/11001/84649/594",0.321775918075361
"GO:0071453","cellular response to oxygen levels",135,0.447946973483448,1.50964031797264,0.00473300050550839,0.0749880780899686,0.048752899471738,558,"tags=15%, list=4%, signal=14%","29923/8996/857/7422/8614/5230/5163/112399/56901/355/5034/30001/132864/27113/55332/2023/54209/57103/595/867",0.407017918923954
"GO:0007159","leukocyte cell-cell adhesion",292,0.409907495958224,1.50918782832018,0.000212647839815831,0.00919076472380482,0.00597530220884528,1784,"tags=29%, list=13%, signal=26%","140885/857/240/10457/11314/567/5699/3133/3958/5696/6352/939/3689/6541/55824/4690/301/5788/912/3561/3071/864/80381/865/1948/60/3687/923/1029/7805/6793/26191/867/56253/6404/1445/84695/10385/5175/100133941/4067/2113/5698/942/2494/51571/916/5683/3688/29126/6602/8744/3956/283234/3606/9231/7409/3676/3683/6604/5880/10318/9840/7494/64115/114548/4478/83706/11006/399/604/6280/5682/3659/9435/11148/960/3654/7037/861/1524/7040/7532/3600",0.518848077743792
"GO:0051798","positive regulation of hair follicle development",6,0.82579820449649,1.50844370902537,0.0247875690837461,0.18701752253135,0.121587947146549,489,"tags=33%, list=4%, signal=32%","8717/10855",0.352487857583619
"GO:1901222","regulation of non-canonical NF-kappaB signal transduction",69,0.494622564077408,1.50801228418789,0.0285441696540898,0.202147746056313,0.131424741011468,2132,"tags=35%, list=16%, signal=29%","8996/6688/939/9111/54209/7805/26191/56672/10392/6737/4856/6188/942/3606/9770/1906/114548/10616/8904/54976/114899/84675/29108/8740",0.352487857583619
"GO:0030902","hindbrain development",61,-0.576879899404758,-1.50791466002145,0.0393700787401575,0.246450823040091,0.160228032327821,1380,"tags=21%, list=10%, signal=19%","655/482/5663/4512/3753/653/3975/4538/6751/89797/79971/18/2296",0.287857117255149
"GO:0002793","positive regulation of peptide secretion",64,-0.564823469664456,-1.50691029682719,0.038769368659231,0.24408486831254,0.158689825776526,2188,"tags=33%, list=16%, signal=28%","286676/2746/8938/2182/3123/5007/25924/134/169026/781/5019/84417/5587/5950/9854/6514/5071/846/18/5578/10411",0.321775918075361
"GO:2000109","regulation of macrophage apoptotic process",6,0.824753989129707,1.50653629376058,0.0251248097546219,0.187766672611025,0.122075001081707,493,"tags=50%, list=4%, signal=48%","4208/6352/1029",0.352487857583619
"GO:0002690","positive regulation of leukocyte chemotaxis",69,0.494120289729874,1.50648094303784,0.0285441696540898,0.202147746056313,0.131424741011468,1823,"tags=32%, list=14%, signal=28%","7422/7424/3627/6688/6352/57118/27347/3071/6351/7423/728/102/5919/1906/5880/5228/64065/719/196527/1524/1235/811",0.352487857583619
"GO:0001935","endothelial cell proliferation",113,0.453564786085822,1.50604906745431,0.0124920458925708,0.125526681820439,0.0816101686520135,1423,"tags=19%, list=11%, signal=18%","858/857/7422/240/1012/4208/56005/22846/8862/5797/57608/3162/6667/54567/947/7423/4017/3676/51162/8829/7494/2321",0.380730400722792
"GO:0016053","organic acid biosynthetic process",239,-0.487034614662464,-1.50562396144931,0.00606013294546336,0.0859673097705631,0.0558909591744916,1257,"tags=22%, list=9%, signal=20%","122970/1576/4522/27349/51302/9524/1582/23205/873/84869/29968/2678/8309/157506/6342/1579/5053/55902/113220/4942/435/1593/348158/2628/130013/5743/4023/634/51495/51733/284541/6470/55825/64902/11001/51/5825/1962/5730/635/2326/8854/8803/112817/18/26227/23743/6296/1491/79966/445/189",0.407017918923954
"GO:0001936","regulation of endothelial cell proliferation",100,0.464596489806725,1.50484086436602,0.0112992738114041,0.118875546792771,0.0772859863868301,896,"tags=15%, list=7%, signal=14%","858/857/7422/240/1012/4208/56005/22846/8862/5797/57608/3162/6667/54567/7423",0.380730400722792
"GO:0000022","mitotic spindle elongation",6,0.82279984489052,1.50296675756144,0.0257992912976099,0.189560292809189,0.123241108914296,84,"tags=17%, list=1%, signal=17%","24137",0.352487857583619
"GO:0051231","spindle elongation",6,0.82279984489052,1.50296675756144,0.0257992912976099,0.189560292809189,0.123241108914296,84,"tags=17%, list=1%, signal=17%","24137",0.352487857583619
"GO:0002263","cell activation involved in immune response",203,0.423733552980305,1.50280129284235,0.00283618806166943,0.0537777852467512,0.0349631971471784,1799,"tags=27%, list=13%, signal=24%","2214/121260/11314/5699/3958/3134/5696/6688/3936/3689/8291/301/8832/9111/7462/3071/54209/55619/7305/867/440275/9846/3394/84695/4067/5698/6810/942/5130/1794/5683/3956/2956/2896/3606/57102/3683/2242/11151/5880/2213/7494/4683/114548/114836/65992/202309/5682/7037/1524/7040/3716/1235/2207/84787",0.431707695803346
"GO:0009642","response to light intensity",4,-0.926455727713648,-1.5007362855487,0.0292465874937732,0.204741528380487,0.13311106785332,712,"tags=50%, list=5%, signal=47%","847/4537",0.352487857583619
"GO:1905898","positive regulation of response to endoplasmic reticulum stress",37,0.547077786379026,1.50062759663751,0.0302218732872181,0.208014251969869,0.135238802930894,2195,"tags=27%, list=16%, signal=23%","857/4690/27113/581/51246/2213/7494/2081/29978/578",0.352487857583619
"GO:0030316","osteoclast differentiation",58,0.500775174411408,1.50061080142134,0.0303724577561938,0.20856227417162,0.135595095184154,2494,"tags=36%, list=18%, signal=30%","7098/6688/302/23603/54209/7099/7305/9935/9846/7018/9644/84959/7130/29887/11006/7037/2200/1435/22904/975/28962",0.352487857583619
"GO:0006446","regulation of translational initiation",83,0.477495768682185,1.50059443539682,0.0109331243973816,0.117271724831768,0.0762432743607726,2290,"tags=29%, list=17%, signal=24%","6352/4690/8662/1978/440275/3087/57409/7458/2597/28969/5371/10657/3646/468/8637/9451/5611/22916/6451/5436/6198/23521/8846/8667",0.380730400722792
"GO:0002758","innate immune response-activating signaling pathway",239,0.417461587052082,1.50036563956987,0.000894114334248322,0.0256017010835993,0.0166447412845639,2022,"tags=26%, list=15%, signal=22%","2634/121260/4481/11314/1520/7098/1956/4938/330/834/64581/23151/9111/948/54209/5027/7128/115362/7099/7305/51428/1452/26191/4940/338382/10392/409/7097/51135/144811/8473/4067/51284/23180/23643/9572/2664/80342/3055/5648/3428/29126/11277/5062/90268/10318/81926/114548/6280/80196/3665/3659/3654/7186/353376/81622/4615/64135/22861/22900/3660",0.477270815362862
"GO:0050829","defense response to Gram-negative bacterium",40,-0.607668308024158,-1.49918245460607,0.0457372863791792,0.270194743052076,0.175664952100861,174,"tags=10%, list=1%, signal=10%","358/1672/1610/7369",0.321775918075361
"GO:0008643","carbohydrate transport",81,-0.547227992111041,-1.49902141285696,0.0248064678530381,0.18701752253135,0.121587947146549,725,"tags=19%, list=5%, signal=18%","100506658/56606/57210/9481/4780/55022/6526/9963/6514/10158/65010/55600/358/154091/359",0.352487857583619
"GO:0046639","negative regulation of alpha-beta T cell differentiation",20,0.632273455586743,1.49870835972857,0.048880969182583,0.277606122565433,0.180483401240577,1695,"tags=30%, list=13%, signal=26%","301/864/865/84695/3956/861",0.321775918075361
"GO:0006890","retrograde vesicle-mediated transport, Golgi to endoplasmic reticulum",51,0.507276444255461,1.49865394758854,0.032131497148773,0.216961727224488,0.141055932436347,4048,"tags=55%, list=30%, signal=39%","57222/10960/51560/22818/10079/662/6892/23760/381/9554/11014/372/60561/51290/83452/51614/22820/11015/1315/23256/11079/5870/26958/51226/57410/10945/11316/55850",0.321775918075361
"GO:0046661","male sex differentiation",51,-0.59002963123867,-1.49801233652253,0.0438871473354232,0.262697201667635,0.170790485509487,342,"tags=10%, list=3%, signal=10%","2254/6926/7490/2625/6943",0.271288554688953
"GO:0002931","response to ischemia",39,0.549500865660501,1.49800338919194,0.0494962878162423,0.280018459849733,0.182051763040332,444,"tags=15%, list=3%, signal=15%","3099/8996/4208/54209/57103/5027",0.321775918075361
"GO:0042168","heme metabolic process",40,-0.607153654778666,-1.4979127502202,0.0462984730794112,0.271680083998269,0.176630634642346,1665,"tags=30%, list=12%, signal=26%","2938/54658/10857/1352/2235/211/259/55652/51629/210/2168/213",0.321775918075361
"GO:1902807","negative regulation of cell cycle G1/S phase transition",48,0.5306941747971,1.49732985385464,0.0232353390525417,0.180657834591059,0.117453246875225,2220,"tags=35%, list=16%, signal=30%","1030/10457/1026/3275/595/91607/1017/7114/2273/5925/25959/123879/8525/79027/51065/5933/6118",0.352487857583619
"GO:0016042","lipid catabolic process",249,-0.482609961745426,-1.49662344812753,0.00290125635990575,0.0544941952048315,0.035428965354025,1740,"tags=28%, list=13%, signal=25%","30/134/51099/10858/84647/116236/34/345557/257068/3949/3667/51170/6696/54677/254013/91452/1576/23659/255189/27349/5019/653308/5264/133121/8529/51302/549/200879/1384/2110/8228/60526/2108/5095/84693/285362/84830/10994/8309/6342/1579/6609/26061/79153/38/1593/57733/4023/55862/2639/1594/222236/440503/66002/81537/1800/5465/56603/11001/51/1591/5825/1962/5096/3248/10455/1056/2168/1892/4051",0.431707695803346
"GO:0002221","pattern recognition receptor signaling pathway",230,0.411458903004401,1.49656415983663,0.00131645896259052,0.0326504041439117,0.0212273992277805,2022,"tags=25%, list=15%, signal=22%","2634/121260/4481/11314/1520/7098/1956/4938/330/834/64581/23151/9111/948/54209/5027/7128/115362/7099/51428/1452/26191/4940/338382/10392/409/7097/51135/144811/8473/4067/51284/23180/23643/9572/2664/80342/5648/3428/29126/11277/90268/10318/81926/114548/6280/80196/3665/3659/3654/7186/353376/81622/4615/64135/22861/22900/3660",0.45505986738723
"GO:0002725","negative regulation of T cell cytokine production",6,0.819073398644725,1.49615984714933,0.0278227373608573,0.198473361901844,0.129035869528611,1850,"tags=50%, list=14%, signal=43%","3134/11006/3077",0.352487857583619
"GO:2000736","regulation of stem cell differentiation",58,-0.579245239469536,-1.49430389606968,0.0414012738853503,0.25454296810862,0.165489075750795,1341,"tags=17%, list=10%, signal=16%","5156/1107/2649/5764/23788/678/4780/117854/2296/2103",0.282013350011725
"GO:1902750","negative regulation of cell cycle G2/M phase transition",60,0.500106127942573,1.49329319129892,0.0231284378242117,0.180421667593973,0.117299704790127,2666,"tags=33%, list=20%, signal=27%","1026/51360/57099/9555/8317/55743/2273/990/4683/51720/10111/29933/9344/29980/580/3364/51149/4361/545/1111",0.352487857583619
"GO:0031915","positive regulation of synaptic plasticity",6,0.817404484066679,1.49311132550997,0.0281599785580221,0.200003741721705,0.130030833733744,14,"tags=17%, list=0%, signal=17%","4131",0.352487857583619
"GO:0048149","behavioral response to ethanol",3,-0.94665537603445,-1.49198240480531,0.0229176581703167,0.179853130474128,0.116930074926877,54,"tags=33%, list=0%, signal=33%","1393",0.352487857583619
"GO:0010875","positive regulation of cholesterol efflux",20,0.629042939377174,1.49105091087201,0.0496051185418103,0.280364314219962,0.182276617494176,881,"tags=25%, list=7%, signal=23%","857/9619/19/54209/21",0.321775918075361
"GO:0031297","replication fork processing",52,0.509053484270349,1.49047783957416,0.0392100264663871,0.245710592291496,0.159746777224459,2596,"tags=38%, list=19%, signal=31%","25939/675/51750/374393/63901/197342/7517/4683/10111/8914/5111/259282/57697/1663/29980/580/8450/5889/4361/545",0.321775918075361
"GO:0044409","symbiont entry into host",114,0.443580056735905,1.49037821291069,0.0136567772818358,0.131813689429607,0.0856976163871066,1444,"tags=19%, list=11%, signal=17%","858/857/7852/1956/5034/7436/6541/1948/90861/867/6404/6737/942/949/3688/3956/4038/558/7293/8829/5817/4627",0.380730400722792
"GO:0006754","ATP biosynthetic process",93,-0.540178522145033,-1.48977277891309,0.0290809620373932,0.204226875574429,0.132776470445896,2168,"tags=37%, list=16%, signal=31%","498/4719/9605/65018/4720/4729/4707/4728/4709/4715/4704/6391/522/516/4723/515/518/4722/56848/4705/4536/6390/4539/27109/4538/55022/4535/4540/5465/4541/6392/5071/4508/4537",0.352487857583619
"GO:0046365","monosaccharide catabolic process",40,0.538786611508042,1.48946078297495,0.0350082629845342,0.227883244543845,0.148156469608544,373,"tags=20%, list=3%, signal=20%","3099/2026/5230/5214/226/7167/5315/2023",0.321775918075361
"GO:0030865","cortical cytoskeleton organization",51,0.504013897694114,1.48901536030793,0.0376792928864219,0.239955453506379,0.156005119753252,1336,"tags=27%, list=10%, signal=25%","91010/3936/10095/10552/3071/8826/1894/22871/128239/391/114793/5341/5880/2037",0.321775918075361
"GO:0090049","regulation of cell migration involved in sprouting angiogenesis",34,0.565009097800751,1.48789053758381,0.0438129627729997,0.262520484382969,0.170675594179643,3187,"tags=47%, list=24%, signal=36%","7422/301/161742/57608/3162/54567/8829/10769/57381/22915/6915/387/51564/4851/90627/10000",0.321775918075361
"GO:0007595","lactation",23,0.605335961193283,1.48745752897629,0.0414584654753204,0.25454296810862,0.165489075750795,352,"tags=17%, list=3%, signal=17%","3099/7422/8862/4939",0.321775918075361
"GO:0007423","sensory organ development",233,-0.485789523277438,-1.48687943258606,0.00486703086723539,0.0757928168640203,0.0492760939521363,1564,"tags=21%, list=12%, signal=19%","22926/10253/25945/23554/63915/655/84059/5156/2562/5076/4646/658/148398/6297/5663/6505/27151/5950/55084/4212/149461/2043/341640/7782/221322/654/7849/10152/9481/64220/3975/93/5087/525/4648/283375/8100/2254/56603/6926/2823/7490/7020/2296/54845/2103/2625/7021/793",0.407017918923954
"GO:0033045","regulation of sister chromatid segregation",94,0.467351431773295,1.4862051330448,0.0142313031932503,0.134148377767896,0.0872154953453839,2439,"tags=26%, list=18%, signal=21%","10783/10460/9735/83540/60/57520/699/9319/1780/891/55743/6602/990/6604/7517/5925/26271/55755/196528/1843/51776/6598/1063/29945",0.380730400722792
"GO:0071456","cellular response to hypoxia",114,0.442264023925699,1.48595649331798,0.0147174657246967,0.136195956101803,0.0885467120296377,558,"tags=15%, list=4%, signal=14%","29923/8996/7422/8614/5230/5163/112399/56901/5034/30001/132864/27113/2023/54209/57103/595/867",0.380730400722792
"GO:0032819","positive regulation of natural killer cell proliferation",4,0.894883437866408,1.48589835436073,0.0223051790584609,0.177415213133469,0.115345082457981,76,"tags=50%, list=1%, signal=50%","2214/3133",0.352487857583619
"GO:0045005","DNA-templated DNA replication maintenance of fidelity",60,0.497532250046905,1.48560771391305,0.0244500239689742,0.186440364807159,0.121212712666302,2596,"tags=37%, list=19%, signal=30%","5428/25939/675/91607/51750/374393/63901/197342/7517/4683/10111/8914/5111/259282/57697/1663/29980/580/8450/5889/4361/545",0.352487857583619
"GO:0009755","hormone-mediated signaling pathway",153,-0.503000377096938,-1.48536012830588,0.0207521522377095,0.169183288284683,0.109993162328354,927,"tags=12%, list=7%, signal=12%","5245/2690/7067/2104/5618/55325/1594/6751/5465/56603/1591/6752/7068/7421/55885/6422/2103/1393/6943",0.352487857583619
"GO:0098739","import across plasma membrane",183,-0.493818544691704,-1.48530158690937,0.0114337486366729,0.119586431470397,0.0777481623767618,1879,"tags=30%, list=14%, signal=26%","10999/481/1739/9056/6339/6573/23479/23428/6520/287/2180/3667/7779/9495/6524/169026/482/6583/66035/389015/6549/6567/781/6582/124935/8501/4036/6505/55630/3766/100506658/56606/3760/9481/4780/6569/340024/7442/5997/55022/283375/6526/6340/57393/6514/10158/3773/55600/6337/59272/6565/3758/476/3772/6338",0.380730400722792
"GO:0034219","carbohydrate transmembrane transport",80,-0.548379042365097,-1.48522213479542,0.0387365348958661,0.24408486831254,0.158689825776526,725,"tags=19%, list=5%, signal=18%","100506658/56606/57210/9481/4780/55022/6526/9963/6514/10158/65010/55600/358/154091/359",0.321775918075361
"GO:0003151","outflow tract morphogenesis",51,0.502565673636933,1.48473685156805,0.0381416097337028,0.241071378510435,0.156730629473284,1858,"tags=27%, list=14%, signal=24%","7422/4208/26508/182/23493/3516/23129/1906/1909/54345/8829/6091/8828/3611",0.321775918075361
"GO:0002218","activation of innate immune response",258,0.405407898333739,1.48272497592529,0.000979292517421424,0.0270247953868691,0.0175699546687885,2377,"tags=28%, list=18%, signal=24%","2634/121260/4481/11314/1520/7098/1956/4938/330/834/64581/4332/23151/9111/948/54209/5027/7128/115362/7099/7305/51428/1452/26191/4940/338382/10392/409/7097/51135/144811/8473/4067/51284/23180/23643/9572/2664/80342/3055/5648/3428/29126/11277/5062/90268/10318/81926/114548/6280/80196/3665/3659/149628/3654/7186/353376/81622/4615/64135/22861/22900/3660/29108/29110/5538/115352/11331/9641/7096/148022/85363/3824",0.45505986738723
"GO:0044774","mitotic DNA integrity checkpoint signaling",57,0.500681877442437,1.48260607974392,0.0375806068104818,0.23958655838613,0.155765285539985,3047,"tags=39%, list=23%, signal=30%","1026/51360/595/1017/8317/990/197342/4683/51720/8914/8525/51065/9344/6118/51776/29980/3364/51149/4361/1111/60561/80279",0.321775918075361
"GO:0035747","natural killer cell chemotaxis",4,0.892880666285047,1.48257287657113,0.0223051790584609,0.177415213133469,0.115345082457981,763,"tags=50%, list=6%, signal=47%","6352/6351",0.352487857583619
"GO:0032604","granulocyte macrophage colony-stimulating factor production",6,0.811337423653872,1.48202893387707,0.0298461852352211,0.206395149191329,0.134186156203479,1119,"tags=50%, list=8%, signal=46%","8832/3606/64170",0.352487857583619
"GO:0032645","regulation of granulocyte macrophage colony-stimulating factor production",6,0.811337423653872,1.48202893387707,0.0298461852352211,0.206395149191329,0.134186156203479,1119,"tags=50%, list=8%, signal=46%","8832/3606/64170",0.352487857583619
"GO:2000179","positive regulation of neural precursor cell proliferation",23,0.602744560193057,1.48108982711238,0.0421922246387453,0.256734882429136,0.166914131322836,1817,"tags=35%, list=13%, signal=30%","7422/2771/54567/4067/6604/4673/1524/6376",0.321775918075361
"GO:0001910","regulation of leukocyte mediated cytotoxicity",45,0.527196290655902,1.48080124633258,0.0428483241845361,0.25935303209886,0.168616300399592,1724,"tags=40%, list=13%, signal=35%","3133/3134/6688/5788/912/3071/3140/5272/7305/56253/3635/409/51571/2213/5817/114836/1524/7040",0.321775918075361
"GO:0046165","alcohol biosynthetic process",108,-0.52113703728742,-1.48054415504292,0.0380871254797632,0.240986139472603,0.156675211994288,1238,"tags=19%, list=9%, signal=17%","1576/653308/3422/3707/6342/22937/1595/654/56848/653/1593/2770/2222/1594/2643/1591/5105/2246/5106/5745",0.321775918075361
"GO:0019373","epoxygenase P450 pathway",6,-0.846768004736245,-1.48021583831166,0.0405517365549451,0.251437877078025,0.163470325641163,1129,"tags=50%, list=8%, signal=46%","8529/1579/66002",0.321775918075361
"GO:0046631","alpha-beta T cell activation",131,0.443201361854666,1.47945456415715,0.00746953332155254,0.0969036042767343,0.0630011036165587,2552,"tags=34%, list=19%, signal=28%","11314/5699/3133/3958/5696/639/919/301/3071/50856/864/865/56253/84695/5698/942/9976/916/5683/29126/3956/3606/3702/64115/114548/11006/114836/2000/5682/3659/960/861/3716/3077/8477/10538/29110/5688/51176/4609/917/64926/7297/975/387",0.407017918923954
"GO:0090559","regulation of membrane permeability",53,0.513988184663783,1.47903444442589,0.0265138557089346,0.191695502899284,0.124629298684256,516,"tags=6%, list=4%, signal=5%","3099/8996/7805",0.352487857583619
"GO:0030217","T cell differentiation",209,0.418787579605574,1.47866665523234,0.00226132420215353,0.0479995059293249,0.0312064950438903,1771,"tags=24%, list=13%, signal=21%","5699/3714/5696/639/6688/925/80758/939/301/5788/912/3561/3071/864/865/60/3140/1029/26191/6932/56253/84695/914/54567/5698/942/916/5683/6602/8744/3956/3606/55716/27166/6604/9840/7494/3702/64115/114548/11006/399/604/114836/5682/3659/861/7040/3716/1235",0.431707695803346
"GO:0015718","monocarboxylic acid transport",112,-0.52045287888267,-1.47850672137131,0.0349243645108093,0.227841747607699,0.14812949070726,1668,"tags=29%, list=12%, signal=26%","10434/84647/1636/80763/2180/2806/25874/6567/8529/6582/22925/9075/6555/9194/159963/1579/788/9356/634/9122/55867/5465/9121/11001/5825/846/65010/9376/387700/51660/2168/220963/115111",0.321775918075361
"GO:0000819","sister chromatid segregation",202,0.412286414457613,1.47813922360063,0.00438665210086189,0.0714258754816237,0.0464369619242489,1982,"tags=20%, list=15%, signal=18%","10783/51203/24137/10460/9735/83540/81620/5901/10051/60/5501/57520/22974/64105/3796/699/9031/9319/1780/891/55743/6602/128866/256364/990/6604/7517/5925/26271/10270/11044/23063/9639/1104/23636/7153/126731/29781/55755/196528/54892",0.407017918923954
"GO:0031397","negative regulation of protein ubiquitination",57,0.498624999810487,1.47651530749948,0.0389987245591792,0.245170591399845,0.159395699961834,980,"tags=14%, list=7%, signal=13%","857/151636/7128/9636/409/6188/8473/153769",0.321775918075361
"GO:0031623","receptor internalization",105,0.455331618228305,1.47621286588008,0.00710160879182357,0.0933853612490804,0.0607137460390173,2153,"tags=27%, list=16%, signal=23%","857/7422/133/11031/3689/302/8862/5898/948/1948/967/409/3688/928/57007/116985/4193/88455/84058/10203/11006/7037/2207/187/9146/338692/29978/10266",0.407017918923954
"GO:0046718","symbiont entry into host cell",110,0.446113032080181,1.47572995965463,0.0155913072730962,0.141210638137534,0.0918069674648738,1444,"tags=20%, list=11%, signal=18%","858/857/7852/1956/5034/7436/6541/1948/90861/867/6404/6737/942/949/3688/3956/4038/558/7293/8829/5817/4627",0.380730400722792
"GO:0043370","regulation of CD4-positive, alpha-beta T cell differentiation",37,0.537383405361779,1.47403602949842,0.0371793180533425,0.238191449481772,0.154858266639132,2184,"tags=32%, list=16%, signal=27%","301/3071/864/865/84695/942/3956/3606/114548/861/8477/10538",0.321775918075361
"GO:0061756","leukocyte adhesion to vascular endothelial cell",38,0.534244867059601,1.47346806053418,0.047319132406471,0.273429080567867,0.177767730779571,2559,"tags=39%, list=19%, signal=32%","240/3689/1948/6404/2113/3688/3676/9435/3654/1524/7412/6402/4192/387/3383",0.321775918075361
"GO:0090277","positive regulation of peptide hormone secretion",63,-0.561057192524815,-1.47294738655499,0.0451807228915663,0.267444399956321,0.173876838525003,2188,"tags=32%, list=16%, signal=27%","286676/2746/8938/2182/3123/5007/25924/169026/781/5019/84417/5587/5950/9854/6514/5071/846/18/5578/10411",0.261663521711573
"GO:0090087","regulation of peptide transport",113,-0.514507327627634,-1.47072630182018,0.0295287511215046,0.205970275998467,0.133909928293824,1948,"tags=26%, list=14%, signal=22%","8938/2182/3123/84300/5007/760/25924/134/3667/169026/84522/781/5019/84417/8622/5587/5950/9854/7849/3172/6514/5071/846/65010/18/5578/1393/10411/7021",0.352487857583619
"GO:2001242","regulation of intrinsic apoptotic signaling pathway",138,0.432186063577293,1.47059105819346,0.00639572418522704,0.0883149133381138,0.0574172348658218,2957,"tags=33%, list=22%, signal=26%","8996/857/8531/5034/4690/27113/581/2023/54209/754/6188/26471/57007/4487/1687/8321/4193/468/2213/9451/7494/6154/6280/761/960/5604/9181/6878/6477/29108/637/4609/25946/5478/207/23604/55829/3932/84447/9141/6423/972/5598/1649/5770/55486",0.407017918923954
"GO:0002040","sprouting angiogenesis",109,0.453519522979879,1.47033530581697,0.0119732069257867,0.122184913732247,0.07943754484552,2201,"tags=35%, list=16%, signal=29%","7422/240/7424/1012/57674/5315/1003/23670/301/161198/161742/1948/57556/57608/3162/54567/7423/4017/25960/90268/11082/5228/8829/2321/6091/441478/7052/10769/7040/90139/3716/94/187/57381/22915/10266/6915/4804",0.380730400722792
"GO:0035115","embryonic forelimb morphogenesis",6,-0.841079853361973,-1.47027251061409,0.0418704636196124,0.255966135372359,0.166414336569686,310,"tags=33%, list=2%, signal=33%","6926/7020",0.321775918075361
"GO:0046394","carboxylic acid biosynthetic process",236,-0.481871799188552,-1.46957812492373,0.00527363785365574,0.0798199316145365,0.0518942904120792,1257,"tags=22%, list=9%, signal=20%","122970/1576/4522/27349/51302/9524/1582/23205/873/84869/29968/2678/8309/157506/6342/1579/5053/55902/113220/4942/435/1593/348158/2628/130013/5743/4023/634/51495/51733/284541/6470/55825/64902/11001/51/5825/1962/5730/635/8854/8803/112817/18/26227/23743/6296/1491/79966/445/189",0.407017918923954
"GO:0044773","mitotic DNA damage checkpoint signaling",53,0.509670854568402,1.46661104616586,0.0300197449470555,0.207108052580742,0.13464964464274,3047,"tags=40%, list=23%, signal=31%","1026/51360/595/1017/8317/197342/4683/51720/8914/8525/51065/9344/6118/51776/29980/3364/51149/4361/1111/60561/80279",0.352487857583619
"GO:0036294","cellular response to decreased oxygen levels",121,0.438140106906392,1.46628615308033,0.0115195391017411,0.12001942341664,0.0780296686290207,558,"tags=15%, list=4%, signal=14%","29923/8996/7422/8614/5230/5163/112399/56901/5034/30001/132864/27113/55332/2023/54209/57103/595/867",0.380730400722792
"GO:0006631","fatty acid metabolic process",289,-0.467433087500016,-1.46584823895831,0.00771003467027876,0.0985208343302143,0.0640525328067479,2170,"tags=34%, list=16%, signal=29%","51144/55268/3032/1622/54578/9663/10891/5321/54657/23038/2182/10999/109703458/51390/8816/2166/2181/30/5447/51099/10434/2938/34/54658/2180/2946/10965/3667/123876/23305/54677/254013/224/80221/122970/91452/1576/23659/27349/5264/8529/549/9524/1384/54600/23205/2110/873/2108/5095/84693/84869/84830/10994/2678/8309/6342/39/4594/1579/641371/26061/55902/113220/38/22949/36/117145/51084/5164/348158/5743/148811/4023/634/55862/2639/51495/440503/66002/284541/79746/5465/2052/55825/11001/51/5825/1962/84649/5096/3248/10455/5730/51179/6296/79966/1892/4051",0.407017918923954
"GO:0019722","calcium-mediated signaling",147,0.429212323668718,1.46346630709632,0.00597711377387978,0.0859379901979546,0.0558718972887579,1941,"tags=24%, list=14%, signal=21%","2214/1012/7852/2899/64581/2280/5788/488/7462/8445/9034/54209/493/5027/90861/84687/6351/55784/2494/1756/57007/1906/5341/9451/662/6364/719/1524/90139/1193/1235/7226/57192/150372/775",0.407017918923954
"GO:0002688","regulation of leukocyte chemotaxis",90,0.462675088203722,1.46285726033043,0.0194061946634426,0.163423513225953,0.106248490620924,1823,"tags=29%, list=14%, signal=25%","7422/7424/3627/6688/6352/57118/27347/56833/3071/4856/6351/4067/7423/728/102/5919/1906/7130/5880/5228/64065/719/196527/1524/1235/811",0.352487857583619
"GO:0006112","energy reserve metabolic process",66,0.481752073507914,1.46169936912717,0.0364867167338918,0.234392263346247,0.152388256146031,1113,"tags=20%, list=8%, signal=18%","5507/5836/8445/10580/9140/5255/79660/5501/2992/9572/648791/5500/5256",0.321775918075361
"GO:0090148","membrane fission",45,0.520075352564635,1.46079978921404,0.0468186013801184,0.273146169914466,0.177583798680015,1415,"tags=9%, list=10%, signal=8%","23023/23603/128866/51100",0.321775918075361
"GO:0010972","negative regulation of G2/M transition of mitotic cell cycle",58,0.487343192441414,1.46036084843124,0.0443210752433704,0.263683482065315,0.171431707825138,3047,"tags=36%, list=23%, signal=28%","1026/51360/57099/8317/55743/2273/990/4683/51720/10111/29933/9344/29980/580/3364/51149/4361/545/1111/60561/80279",0.321775918075361
"GO:0062207","regulation of pattern recognition receptor signaling pathway",150,0.425852462287151,1.46022734441976,0.00348082024189556,0.0603547533388263,0.03923916037212,1080,"tags=15%, list=8%, signal=14%","2634/121260/4481/11314/1956/330/23151/948/54209/5027/7128/115362/7099/1452/26191/338382/409/8473/4067/9572/2664/3428/11277",0.431707695803346
"GO:0022406","membrane docking",76,0.474843735959361,1.46008059943159,0.0198220198540968,0.165502603270428,0.10760019439188,1751,"tags=17%, list=13%, signal=15%","858/488/54843/23344/6810/57488/8676/2054/5341/81671/4478/9341/10228",0.352487857583619
"GO:0042058","regulation of epidermal growth factor receptor signaling pathway",62,0.488467449801145,1.45868530730738,0.0345502708737132,0.226154222935062,0.147032360032402,1724,"tags=26%, list=13%, signal=23%","1012/1956/55704/79651/5898/81848/10252/3672/867/356/5782/64285/84058/23636/9125/7040",0.321775918075361
"GO:0050680","negative regulation of epithelial cell proliferation",74,0.472654514913956,1.45799791720837,0.0430329426353225,0.259497934214278,0.168710507351498,816,"tags=18%, list=6%, signal=17%","858/1030/857/240/4208/567/22846/864/5797/675/5796/54567/26471",0.321775918075361
"GO:0033627","cell adhesion mediated by integrin",65,0.481736425003238,1.4560128101861,0.0312928352639572,0.212646573042243,0.138250469442621,3352,"tags=48%, list=25%, signal=36%","6352/3689/84034/3071/3687/9404/9358/4856/4067/916/3688/3676/3683/1942/83706/7412/2200/22915/3384/3976/3383/7042/3678/6423/9780/6868/23075/3691/1969/5054/83700",0.321775918075361
"GO:0090596","sensory organ morphogenesis",102,-0.511533298230973,-1.45600205160182,0.0391872278664731,0.245710592291496,0.159746777224459,1242,"tags=15%, list=9%, signal=13%","5076/4646/148398/5950/55084/7849/10152/64220/3975/525/56603/6926/7020/7021/793",0.276500599254472
"GO:0045620","negative regulation of lymphocyte differentiation",46,0.507516189712851,1.45594644089181,0.0317089811761264,0.214977383337106,0.139765827121969,1904,"tags=33%, list=14%, signal=28%","5699/5696/301/864/865/1029/84695/5698/5683/3956/11006/5682/3659/861/23240",0.321775918075361
"GO:0007093","mitotic cell cycle checkpoint signaling",111,0.442162561963147,1.45536082451623,0.0126962345793715,0.126387411212027,0.0821697649847817,2666,"tags=32%, list=20%, signal=26%","1026/9735/83540/51360/595/1017/699/9319/8317/1780/891/55743/990/197342/7517/4683/51720/10111/8914/8525/55755/51065/1843/9344/6118/51776/29980/580/3364/51149/1063/4361/545/10459/1111",0.380730400722792
"GO:0007091","metaphase/anaphase transition of mitotic cell cycle",85,0.46795881452644,1.45511534560997,0.0260621334774303,0.190273358068247,0.123704702591814,2439,"tags=27%, list=18%, signal=22%","10783/10460/9735/83540/60/57520/699/9319/1780/891/6602/990/6604/7517/5925/26271/55755/196528/1843/51776/6598/1063/29945",0.352487857583619
"GO:0002367","cytokine production involved in immune response",67,0.484082202490522,1.45489505609697,0.0245182718604855,0.186440364807159,0.121212712666302,2811,"tags=42%, list=21%, signal=33%","567/3133/3134/64581/7043/441168/7805/144811/8140/3098/10865/3606/114548/11006/7040/7186/3077/7133/684/148022/975/6398/3718/7042/11213/79004/972/729230",0.352487857583619
"GO:0002718","regulation of cytokine production involved in immune response",67,0.484082202490522,1.45489505609697,0.0245182718604855,0.186440364807159,0.121212712666302,2811,"tags=42%, list=21%, signal=33%","567/3133/3134/64581/7043/441168/7805/144811/8140/3098/10865/3606/114548/11006/7040/7186/3077/7133/684/148022/975/6398/3718/7042/11213/79004/972/729230",0.352487857583619
"GO:0030072","peptide hormone secretion",128,-0.504047071389255,-1.45223261227754,0.0253602201286076,0.187979033941936,0.122213066103258,1204,"tags=16%, list=9%, signal=15%","22841/84522/781/5019/84417/8622/5587/5950/9854/7849/3172/57393/6514/5071/846/18/5578/54097/1393/10411/7021",0.352487857583619
"GO:0030098","lymphocyte differentiation",282,0.392461926146661,1.45219472103762,0.00143579928652436,0.0351639696969463,0.0228615737771762,1957,"tags=25%, list=15%, signal=22%","5699/3714/5696/639/6688/925/80758/939/10673/301/5788/912/56833/3561/3071/864/865/55619/10051/60/3140/1029/7805/26191/6932/56253/3635/3394/84695/914/54567/3087/5698/942/916/5683/3688/6602/8744/3956/3606/55716/3676/558/5971/96459/27166/6604/2213/9840/7494/3702/64115/114548/11006/399/604/2146/114836/65992/5682/3659/861/7040/3716/1235/10320/23240/150372/196528/7412",0.45505986738723
"GO:0006873","intracellular monoatomic ion homeostasis",301,-0.461907703095952,-1.45205650582715,0.00819153782444132,0.100943101325086,0.065627350328448,1387,"tags=17%, list=10%, signal=15%","169026/482/221154/4494/51310/6359/7780/389015/8031/11261/6549/147007/5663/3954/4495/51606/63933/254428/122416/155066/6505/526/55630/654/51218/48/9481/51458/9104/6387/93/523/525/283375/6340/10686/846/65010/50617/6337/245972/130733/8671/65266/476/83697/5745/6338/6521/793",0.380730400722792
"GO:0071805","potassium ion transmembrane transport",109,-0.511797974808754,-1.4519703193079,0.0435413642960813,0.261426087162784,0.16996408057619,1869,"tags=29%, list=14%, signal=25%","481/1739/1804/55151/287/4734/288/482/389015/3749/6549/8514/3954/3753/3748/79714/79041/3766/27069/8645/55283/3760/81033/274/3773/358/6559/6557/3758/65266/476/3772",0.261663521711573
"GO:0006998","nuclear envelope organization",55,0.488217890034134,1.45039269484763,0.039477112500321,0.246857943911582,0.160492718707659,2633,"tags=35%, list=20%, signal=28%","10783/4001/23306/7329/221035/22933/128866/23399/80346/84823/1104/23141/221496/4000/2010/9688/545/8815/79188",0.321775918075361
"GO:0042310","vasoconstriction",48,0.513945951213423,1.45007549086779,0.0340631721078793,0.223893245540807,0.145562403655099,1644,"tags=25%, list=12%, signal=22%","857/133/3274/6916/9732/1889/3688/3676/1906/1909/3269/952",0.321775918075361
"GO:0046148","pigment biosynthetic process",40,-0.58743461790261,-1.44926378545448,0.0473773265651438,0.273429080567867,0.177767730779571,1335,"tags=20%, list=10%, signal=18%","10857/1352/2235/211/51629/1497/210/213",0.271288554688953
"GO:0072538","T-helper 17 type immune response",54,0.505592430260084,1.44906041115426,0.0342631495091117,0.224775438409105,0.146135954295659,1748,"tags=24%, list=13%, signal=21%","5699/5696/64581/84695/23765/5698/5683/10865/3956/64170/114836/5682/3716",0.321775918075361
"GO:0030003","intracellular monoatomic cation homeostasis",296,-0.462299186303906,-1.44845878002316,0.00831625119065346,0.101627701660418,0.0660724377633694,1387,"tags=16%, list=10%, signal=15%","169026/482/221154/4494/51310/6359/7780/389015/8031/11261/6549/147007/5663/3954/4495/51606/63933/254428/122416/155066/6505/526/55630/654/51218/48/9481/9104/6387/93/523/525/283375/6340/10686/846/65010/50617/6337/245972/130733/8671/476/83697/5745/6338/6521/793",0.380730400722792
"GO:1901342","regulation of vasculature development",229,0.398190751855084,1.44801942271031,0.00357033904741422,0.0613638974289497,0.0398952473346271,1748,"tags=29%, list=13%, signal=26%","3099/7422/240/7424/133/7852/5230/10457/83605/3627/5315/7098/1003/56005/3689/23670/22846/84034/948/5797/161742/493/57556/3687/10855/7128/51129/57608/356/718/3339/3162/6667/3087/2113/6672/947/57343/7423/5371/3688/25960/6786/728/102/2896/23129/2013/1284/6237/1942/8829/6464/7494/2321/285/7046/7052/10769/4846/958/719/861/7040/90139/3716",0.431707695803346
"GO:0051701","biological process involved in interaction with host",144,0.42101062533366,1.44742148989104,0.00734071227543918,0.0958860150111812,0.0623395260907617,1444,"tags=17%, list=11%, signal=15%","858/857/7852/1956/5034/7436/6541/1948/90861/867/3625/6404/6737/942/949/3688/3956/4038/558/128866/7293/8829/5817/4627",0.407017918923954
"GO:0001654","eye development",165,-0.484624596734476,-1.44718454480375,0.0148625427579112,0.136601450236082,0.0888103407992826,1564,"tags=19%, list=12%, signal=17%","22926/10253/23554/655/5156/5076/658/148398/6297/5663/6505/27151/5950/4212/149461/341640/221322/654/10152/64220/3975/93/5087/283375/2254/2823/7490/7020/2296/7021/793",0.380730400722792
"GO:0022408","negative regulation of cell-cell adhesion",138,0.425296946647246,1.44714959487481,0.00988780563348009,0.11090098111878,0.0721013862672162,1904,"tags=30%, list=14%, signal=26%","7422/10457/11314/5699/3133/3958/5696/6688/55824/301/864/182/865/80709/1029/7805/26191/867/10019/56253/1445/84695/10385/5698/942/5683/29126/3956/928/9231/64115/11006/9647/5682/3659/861/7040/3077/79626/5604/23240",0.380730400722792
"GO:1903322","positive regulation of protein modification by small protein conjugation or removal",103,0.445546241230136,1.44637336142233,0.0145752552662302,0.136171125419532,0.0885305685600706,1734,"tags=19%, list=13%, signal=17%","857/330/5601/23551/79139/55215/1029/84259/7805/26191/57761/11186/754/8312/10010/10318/6187/8841/7321/123879",0.380730400722792
"GO:0140014","mitotic nuclear division",226,0.404448506056339,1.44548300685062,0.00206596626560812,0.045482208648856,0.0295698943417369,2088,"tags=21%, list=15%, signal=18%","858/51203/24137/7039/9735/83540/6790/81620/5901/10051/5501/22974/64105/3796/84687/699/7329/9031/221035/9319/1613/1780/891/22933/128866/1906/256364/7517/5925/26271/10270/11044/23063/80346/9639/1104/23636/23141/4288/79866/7040/126731/157313/29781/55755/54892/1843/5155",0.431707695803346
"GO:0140374","antiviral innate immune response",61,0.489585574764701,1.4445912218669,0.0332444520799486,0.220803264775071,0.143553477363365,2302,"tags=31%, list=17%, signal=26%","4828/3627/4938/4690/4939/4940/200316/6737/51257/80342/84993/3437/64135/22861/22900/29110/4599/24138/11331",0.321775918075361
"GO:0007059","chromosome segregation",333,0.39003814193853,1.44457820799625,0.000326822100431485,0.0125559497146161,0.00816315032736871,2643,"tags=26%, list=20%, signal=21%","10783/51203/23255/24137/10460/9735/83540/81620/5901/10051/60/53917/1459/1894/79980/5501/57520/22974/64105/3796/54801/9232/6188/699/7329/9031/10982/57519/56852/9319/10636/1780/891/55743/6602/2908/22933/128866/256364/990/6604/7517/5925/26271/10270/8841/11044/338657/23063/9639/1104/2669/23636/4288/7153/10664/79682/126731/157313/1457/29781/29899/55755/196528/54892/55142/55839/1843/115106/51776/401541/998/6598/11011/1063/29945/55920/1453/387/9918/5359/10459/64946/29901/55559",0.49849310876659
"GO:1903321","negative regulation of protein modification by small protein conjugation or removal",65,0.477854579384416,1.44428021814029,0.0354651414807364,0.229839141812314,0.149428080581055,980,"tags=14%, list=7%, signal=13%","857/151636/7128/9636/6737/409/6188/8473/153769",0.321775918075361
"GO:0007611","learning or memory",111,-0.512614758794151,-1.44417800643661,0.0400367434507497,0.24903092600826,0.161905465645727,1128,"tags=16%, list=8%, signal=15%","5663/80823/6505/5764/4900/267/342371/4311/55902/5649/64220/2628/5578/64084/6326/1393/10411/793",0.321775918075361
"GO:0097553","calcium ion transmembrane import into cytosol",113,0.434292670804791,1.44205655274137,0.0268969247119929,0.193750151295458,0.125965111912971,2150,"tags=27%, list=16%, signal=23%","8996/857/3627/30001/2280/4283/5788/493/5027/356/51393/4067/1756/5371/84959/5330/23236/1729/5332/7040/1193/7220/7226/6376/187/775/5025/444/51196/80024",0.352487857583619
"GO:1901989","positive regulation of cell cycle phase transition",74,0.467367846351923,1.44169012471046,0.0488026661789977,0.277606122565433,0.180483401240577,2911,"tags=35%, list=22%, signal=28%","6241/1956/4869/595/8317/891/23236/990/6604/5925/26271/2146/65992/6240/7040/994/894/55920/55904/207/28984/5889/134353/8766/8881/50484",0.321775918075361
"GO:0050727","regulation of inflammatory response",275,0.395405486764584,1.44012449951742,0.00176665033071954,0.0408833489920057,0.0265799825018034,2149,"tags=32%, list=16%, signal=27%","140885/240/2634/3133/3003/7098/1003/6352/330/4345/834/79651/3603/301/9111/5788/56833/8717/54209/23208/80709/255877/3275/10855/7128/115362/7099/1050/23765/7114/4856/7097/144811/4067/51284/26471/2113/9180/9572/2828/131450/2494/653361/3055/3428/3956/5919/2896/3606/7130/90268/313/11343/10318/10162/2213/2635/2778/5925/114548/8454/221955/604/6280/26090/2000/5682/10769/7040/7186/196/3600/3587/836/6376/79626/7132/4615/837/22861/114899/22900/7133/5045/6223/29108/8740/28964",0.45505986738723
"GO:0050911","detection of chemical stimulus involved in sensory perception of smell",3,0.90831901735807,1.43937006373819,0.0475232986237303,0.273429080567867,0.177767730779571,766,"tags=33%, list=6%, signal=31%","143503",0.321775918075361
"GO:0120162","positive regulation of cold-induced thermogenesis",79,0.466091146349659,1.43841321674072,0.0189903845245503,0.161075729055277,0.104722097511915,903,"tags=15%, list=7%, signal=14%","857/7422/7852/6319/64641/948/2697/55818/2171/51393/8473/3566",0.352487857583619
"GO:0030071","regulation of mitotic metaphase/anaphase transition",81,0.45075221037722,1.43827836301013,0.0147535458505266,0.136195956101803,0.0885467120296377,2439,"tags=27%, list=18%, signal=22%","10783/9735/83540/60/57520/699/9319/1780/891/6602/990/6604/7517/5925/26271/55755/196528/1843/51776/6598/1063/29945",0.380730400722792
"GO:0006813","potassium ion transport",119,-0.50191819777721,-1.43775268964762,0.0410958904109589,0.253474967298653,0.164794723562417,1869,"tags=29%, list=14%, signal=26%","481/1739/1804/134/55151/287/4734/288/482/389015/3749/11261/6549/8514/3954/3753/3748/79714/79041/3766/27069/8645/55283/3760/81033/2185/274/3773/358/6559/6557/3758/65266/476/3772",0.261663521711573
"GO:0042770","signal transduction in response to DNA damage",160,0.418866218936918,1.43763416073703,0.00601210589433414,0.0859379901979546,0.0558718972887579,2666,"tags=29%, list=20%, signal=23%","56950/1026/51360/151636/161742/675/595/1029/440275/83666/1017/754/4067/6672/8317/5371/4487/83695/4193/197342/3014/4683/51720/6154/8454/8914/10769/149628/960/8525/51065/10538/9344/6118/51776/637/29980/580/25946/3364/51149/4361/545/10459/10116/1111",0.407017918923954
"GO:0009191","ribonucleoside diphosphate catabolic process",75,0.455979392719346,1.43697305872194,0.0476232107505548,0.273429080567867,0.177767730779571,990,"tags=25%, list=7%, signal=24%","3099/2026/5230/5214/226/7167/83440/5315/230/953/2023/57103/5027/3939/2821/8473/26471/2597/3098",0.321775918075361
"GO:1901875","positive regulation of post-translational protein modification",104,0.445115158052314,1.43681700862305,0.0142292734912198,0.134148377767896,0.0872154953453839,1734,"tags=19%, list=13%, signal=17%","857/330/5601/23551/79139/55215/1029/84259/7805/26191/57761/11186/754/8312/10010/10318/6187/8841/7321/123879",0.380730400722792
"GO:0030301","cholesterol transport",80,0.460391428311939,1.43595894188385,0.0242381053070803,0.18550987369143,0.1206077613063,906,"tags=15%, list=7%, signal=14%","857/9619/4481/341/302/19/6646/948/54209/57655/21/949",0.352487857583619
"GO:0033108","mitochondrial respiratory chain complex assembly",88,-0.520421934080307,-1.43578844369235,0.0484848484848485,0.276424771478118,0.179715355275569,3263,"tags=45%, list=24%, signal=35%","29090/79145/389203/4718/79072/100303755/374291/4700/29078/57226/115209/28958/57001/154791/4719/6341/55471/55101/84275/440957/54902/64756/4720/84300/7386/4728/51103/617/80224/116228/4722/25994/65260/25915/4536/9131/4538/4535/4540/4541",0.252961123069611
"GO:0002790","peptide secretion",130,-0.498677804445699,-1.43549666342324,0.022904816454075,0.179853130474128,0.116930074926877,1204,"tags=16%, list=9%, signal=15%","22841/84522/781/5019/84417/8622/5587/5950/9854/7849/3172/57393/6514/5071/846/18/5578/54097/1393/10411/7021",0.352487857583619
"GO:0046032","ADP catabolic process",71,0.464551233033444,1.43533496536835,0.035676522732084,0.230819175893264,0.15006524190382,990,"tags=27%, list=7%, signal=25%","3099/2026/5230/5214/226/7167/83440/5315/230/953/2023/57103/5027/3939/2821/8473/26471/2597/3098",0.321775918075361
"GO:0009185","ribonucleoside diphosphate metabolic process",95,0.444628226052468,1.43478861742388,0.0243789634976418,0.18634531526546,0.121150916966648,990,"tags=21%, list=7%, signal=20%","3099/6241/2026/5230/5214/226/7167/83440/5315/230/953/2023/57103/5027/3939/2821/8473/26471/2597/3098",0.352487857583619
"GO:0045785","positive regulation of cell adhesion",330,0.376981641852918,1.43456236126771,0.00109431496838952,0.0293716136264549,0.0190957197854207,2206,"tags=29%, list=16%, signal=25%","140885/857/7422/240/1012/6281/567/3133/6352/10076/5034/939/3689/6541/3915/4690/301/84034/5788/912/3561/3071/948/864/80381/865/10085/1948/60/923/10855/967/1445/100133941/9448/4067/2113/6810/942/7168/2494/51571/916/29126/6602/8744/283234/54453/3606/7409/3676/2013/6604/6237/11078/8829/2335/9840/7494/64115/114548/11006/399/604/9647/7052/9435/11148/6789/960/3654/7037/861/7040/3716/7532/3600/6376/811/1072/3611/196528/7412/59339/23149/57091/30008/8477/22915/5155/29108/8740/25865/3976/1435/2266",0.45505986738723
"GO:0090276","regulation of peptide hormone secretion",109,-0.505507243142396,-1.43412352014912,0.04644412191582,0.271680083998269,0.176630634642346,1190,"tags=17%, list=9%, signal=15%","84522/781/5019/84417/8622/5587/5950/9854/7849/3172/6514/5071/846/18/5578/1393/10411/7021",0.252961123069611
"GO:0009914","hormone transport",167,-0.491618905571,-1.43206892862496,0.0191645723476101,0.161852523360994,0.105227124119631,1819,"tags=25%, list=13%, signal=22%","3123/6845/84300/5007/25924/134/23428/6520/1601/3667/6696/169026/9727/117247/22841/6567/84522/781/5019/84417/8622/5587/5950/185/9854/654/7849/8723/3172/57393/6514/6926/5071/846/18/5578/1428/54097/65266/1393/10411/7021",0.352487857583619
"GO:0007548","sex differentiation",98,-0.519239101222356,-1.43145460251636,0.0441176470588235,0.263481863877468,0.171300627372163,1341,"tags=21%, list=10%, signal=19%","5156/8031/8204/658/6299/4036/3417/5950/9353/63951/6092/64207/64220/3975/5087/10655/2254/6926/7490/2625/6943",0.261663521711573
"GO:0009132","nucleoside diphosphate metabolic process",100,0.441873661841809,1.43124099689869,0.0214785703211661,0.17223879447178,0.111979675248396,1023,"tags=21%, list=8%, signal=20%","3099/6241/2026/5230/5214/226/7167/83440/5315/230/953/2023/57103/5027/3939/2821/8473/26471/2597/3098/129607",0.352487857583619
"GO:1902850","microtubule cytoskeleton organization involved in mitosis",135,0.424219660771513,1.42967614804304,0.0131825239802308,0.129438468266695,0.0841533853369435,1937,"tags=19%, list=14%, signal=16%","10783/51203/24137/10460/83540/6790/2697/5901/22974/3796/891/3688/128866/256364/8841/9639/1104/10769/23636/79866/126731/83541/3611/29899/55755",0.380730400722792
"GO:0098813","nuclear chromosome segregation",235,0.393888352460189,1.42966422821357,0.00430724239339391,0.070720588794328,0.0459784254229769,1982,"tags=20%, list=15%, signal=17%","10783/51203/24137/10460/9735/83540/81620/5901/10051/60/53917/1894/79980/5501/57520/22974/64105/3796/9232/699/9031/9319/1780/891/55743/6602/22933/128866/256364/990/6604/7517/5925/26271/10270/11044/23063/9639/1104/2669/23636/7153/126731/29781/55755/196528/54892",0.407017918923954
"GO:0006260","DNA replication",268,0.396289869569534,1.4291755359351,0.0018150478564849,0.0414080301903664,0.02692109978831,2609,"tags=31%, list=19%, signal=26%","4174/1956/1026/5428/25939/81620/4175/675/11177/7298/5984/6742/4171/91607/1017/5982/890/4176/5985/51750/56852/8317/54107/6749/11277/79075/7319/5001/374393/8099/57804/990/253980/4673/5429/79596/63901/197342/10036/7517/64318/26271/4683/8882/10111/92667/604/7083/6282/23063/8914/5111/6240/7320/79008/548593/94/997/7126/5983/51659/92675/6117/5763/63922/259282/5422/6119/6118/57697/1663/157570/29980/580/8450/84897/80010/3399/5889/4361/3978/545/5425/10459",0.45505986738723
"GO:0009145","purine nucleoside triphosphate biosynthetic process",102,-0.501960379176465,-1.42875418752066,0.04644412191582,0.271680083998269,0.176630634642346,1883,"tags=31%, list=14%, signal=27%","65018/4720/4729/4707/8382/4728/4709/4715/4704/6391/522/516/4723/515/518/4722/56848/4705/4536/6390/4539/27109/4538/55022/4535/4540/5465/4541/6392/5071/4508/4537",0.252961123069611
"GO:0009206","purine ribonucleoside triphosphate biosynthetic process",102,-0.501960379176465,-1.42875418752066,0.04644412191582,0.271680083998269,0.176630634642346,1883,"tags=31%, list=14%, signal=27%","65018/4720/4729/4707/8382/4728/4709/4715/4704/6391/522/516/4723/515/518/4722/56848/4705/4536/6390/4539/27109/4538/55022/4535/4540/5465/4541/6392/5071/4508/4537",0.252961123069611
"GO:0046777","protein autophosphorylation",99,0.442805099954534,1.42833011084783,0.0275488637958851,0.196997836243567,0.128076568318095,1776,"tags=23%, list=13%, signal=20%","10783/7422/9833/27347/6790/10553/53904/6793/440275/5154/4067/3055/1613/29904/9770/2242/79834/5062/8550/2321/6789/3654/7444",0.352487857583619
"GO:1901184","regulation of ERBB signaling pathway",67,0.474929757348293,1.42738764698314,0.0338975654468924,0.22387628055824,0.145551374007311,1724,"tags=25%, list=13%, signal=22%","1012/1956/55704/79651/5898/81848/10252/3672/867/356/5782/3516/64285/84058/23636/9125/7040",0.321775918075361
"GO:1901874","negative regulation of post-translational protein modification",68,0.464469860027086,1.42738359142302,0.0470549122937994,0.273309065674855,0.177689704056348,980,"tags=13%, list=7%, signal=12%","857/151636/7128/9636/6737/409/6188/8473/153769",0.321775918075361
"GO:0017157","regulation of exocytosis",129,0.432021307913447,1.42701413861893,0.0113253328009445,0.118875546792771,0.0772859863868301,1407,"tags=21%, list=10%, signal=19%","6281/11314/3134/6688/3689/302/301/8832/5873/5028/5898/3071/23208/8448/57586/2771/22871/9846/4067/55255/6810/57102/143425/2242/5880/2213/10079",0.380730400722792
"GO:0046605","regulation of centrosome cycle",53,0.495691273971403,1.42638389340531,0.0379080195671814,0.240154641184978,0.156134620030071,1937,"tags=19%, list=14%, signal=16%","4869/6790/10733/128866/7517/8454/338657/10769/23636/55755",0.321775918075361
"GO:1902099","regulation of metaphase/anaphase transition of cell cycle",82,0.459038824193693,1.4259321478853,0.0349719262111342,0.227883244543845,0.148156469608544,2439,"tags=28%, list=18%, signal=23%","10783/9735/83540/60/57520/699/9319/1780/891/55743/6602/990/6604/7517/5925/26271/55755/196528/1843/51776/6598/1063/29945",0.321775918075361
"GO:0050878","regulation of body fluid levels",242,-0.460519664717577,-1.42480601579638,0.0112261161197206,0.118681853510283,0.0771600582477177,691,"tags=12%, list=5%, signal=12%","1579/5577/5618/4780/4881/50808/634/3172/66002/6340/5639/9068/4513/5465/2160/6337/350/358/7301/1056/5578/5731/7103/5624/5340/83697/6338/359/3827",0.380730400722792
"GO:1905897","regulation of response to endoplasmic reticulum stress",87,0.450857833482092,1.42222822106244,0.0329003159016086,0.219875321921735,0.142950182735786,1589,"tags=16%, list=12%, signal=14%","857/240/4690/51360/27113/581/7873/26471/51246/10162/2213/9451/7494/65992",0.321775918075361
"GO:0002702","positive regulation of production of molecular mediator of immune response",81,0.44554107425803,1.42165045935402,0.0168424923469536,0.149140643951927,0.0969625973480073,1799,"tags=27%, list=13%, signal=24%","567/3133/3134/64581/5788/7805/2821/144811/6810/942/8140/3098/10865/3606/2590/7293/7494/114548/7037/7040/7186/84787",0.352487857583619
"GO:0001666","response to hypoxia",213,0.39330099512336,1.42154138524209,0.00593738009842794,0.0859379901979546,0.0558718972887579,1724,"tags=24%, list=13%, signal=21%","29923/3099/8996/6513/857/7422/7424/7852/8614/5230/5163/112399/56901/5034/30001/132864/27113/2023/54209/7043/57103/595/51129/867/3778/9124/100133941/890/7423/4017/5371/891/114757/22933/3777/4193/5351/1906/468/5228/9520/285/54541/761/5352/952/26608/3654/7037/2030/7040",0.407017918923954
"GO:0098771","inorganic ion homeostasis",280,-0.452802772609335,-1.41975914345016,0.014800037995933,0.136355208997013,0.088650249026298,1387,"tags=18%, list=10%, signal=17%","169026/482/221154/4494/51310/6359/7780/8031/11261/147007/8529/5663/3954/4495/63933/254428/122416/6505/185/55630/10699/654/1579/51218/48/9481/4881/51458/9104/6387/9213/249/6569/93/1594/523/525/66002/6340/368/846/6337/57127/130733/6557/65266/57402/476/5745/6338/793",0.380730400722792
"GO:0002699","positive regulation of immune effector process",147,0.416116724255945,1.41881482004672,0.00956634535498796,0.108848574161675,0.0707670302921933,1799,"tags=26%, list=13%, signal=23%","567/3133/3134/6688/3689/64581/301/5788/912/54209/3140/7805/7305/2821/9846/56253/718/144811/6810/942/51571/8140/3098/5648/10865/3606/2590/7293/5817/7494/114548/114836/65992/7037/7040/7186/7532/84787",0.380730400722792
"GO:0050678","regulation of epithelial cell proliferation",202,0.395527811492047,1.41805587496849,0.00881921296569045,0.105579091267471,0.0686414021266809,896,"tags=15%, list=7%, signal=14%","858/1030/857/7422/240/7424/1012/4208/567/7039/1956/56005/22846/8862/3915/864/5797/675/7128/57608/5796/3162/23765/6495/6667/54567/26471/57343/9572/7423",0.380730400722792
"GO:0006164","purine nucleotide biosynthetic process",162,-0.480364569415813,-1.41706323021086,0.028173374982234,0.200003741721705,0.130030833733744,2168,"tags=32%, list=16%, signal=27%","498/4719/349565/23475/9605/107/65018/441024/4720/4729/133686/4707/115/8382/23498/4728/4709/4715/4704/93100/6391/522/516/4522/4723/515/518/4722/56848/4705/4536/4881/50808/6390/4539/130013/27109/4538/205/55022/4535/4540/132/5465/4541/6392/5071/4508/4860/4537/125061/554235",0.352487857583619
"GO:0050673","epithelial cell proliferation",228,0.395241958143374,1.41650632058079,0.00240461882604226,0.0487391360671601,0.031687359664969,896,"tags=14%, list=7%, signal=14%","858/1030/857/7422/240/7424/1012/4208/567/1992/7039/1956/56005/22846/8862/3915/864/5797/675/7128/57608/5796/3162/23765/4856/6495/6667/54567/26471/947/57343/9572/7423",0.431707695803346
"GO:0002765","immune response-inhibiting signal transduction",4,0.852876467111592,1.41614838908584,0.0461045328059892,0.271545534903411,0.176543158623988,1494,"tags=75%, list=11%, signal=67%","3903/4067/11006",0.321775918075361
"GO:0002767","immune response-inhibiting cell surface receptor signaling pathway",4,0.852876467111592,1.41614838908584,0.0461045328059892,0.271545534903411,0.176543158623988,1494,"tags=75%, list=11%, signal=67%","3903/4067/11006",0.321775918075361
"GO:0050900","leukocyte migration",243,0.390183945914893,1.41604014089688,0.00258603338584164,0.0513537305472201,0.033387217363586,2725,"tags=42%, list=20%, signal=34%","140885/7422/240/7424/7852/11314/3958/3627/6688/6352/5034/57118/3689/4345/3603/27347/301/4283/23603/56833/3071/83483/54209/51192/6793/56253/6404/718/80310/3162/5175/23765/4856/51135/6351/4067/947/7423/131450/3055/3688/928/728/102/5919/23236/3676/3683/1906/7130/2013/5880/5228/2321/4627/4478/6364/58191/6280/64065/719/9435/196527/1524/7040/1901/1235/7226/6376/811/80270/7412/5025/1843/5155/6223/5142/29108/80024/3384/1130/1435/4267/9518/3679/6402/5478/4192/1240/975/207/23604/120425/387/3383/64005/23396/1436/7042/79890/920/4323/3932",0.431707695803346
"GO:0031398","positive regulation of protein ubiquitination",81,0.443780102389308,1.41603147917301,0.0199759214559256,0.165596675208206,0.107661354510161,822,"tags=14%, list=6%, signal=13%","857/330/5601/79139/55215/7805/26191/57761/11186/754/8312",0.352487857583619
"GO:0033044","regulation of chromosome organization",219,0.391382874608656,1.41577904215195,0.00338204657536861,0.0597419616494571,0.038840758754291,2609,"tags=24%, list=19%, signal=20%","10783/10460/9735/83540/10051/60/9555/57520/1017/699/9031/54464/51750/9319/5371/1780/891/55743/6602/25913/990/6604/8550/7517/5925/26271/4683/10111/23063/5073/100134934/10728/10664/79008/548593/55755/196528/3181/5570/1843/1663/51776/4000/4609/6598/1063/1736/55226/29945/4361/9918/545/10459",0.431707695803346
"GO:0002791","regulation of peptide secretion",111,-0.502355311841263,-1.41527429776771,0.0357142857142857,0.230819175893264,0.15006524190382,1948,"tags=24%, list=14%, signal=21%","8938/2182/3123/84300/5007/25924/134/3667/169026/84522/781/5019/84417/8622/5587/5950/9854/7849/3172/6514/5071/846/18/5578/1393/10411/7021",0.287857117255149
"GO:0150063","visual system development",168,-0.474308797195175,-1.41494385700206,0.0330317717404501,0.220231036194025,0.143181447526127,1564,"tags=18%, list=12%, signal=17%","22926/10253/23554/655/5156/5076/658/148398/6297/5663/6505/27151/5950/4212/149461/341640/221322/654/10152/64220/3975/93/5087/283375/2254/2823/7490/7020/2296/7021/793",0.321775918075361
"GO:1901992","positive regulation of mitotic cell cycle phase transition",60,0.473082487530505,1.41260188204129,0.0464509160289657,0.271680083998269,0.176630634642346,2911,"tags=38%, list=22%, signal=30%","6241/1956/595/8317/891/23236/990/6604/5925/26271/6240/7040/994/894/55920/55904/207/28984/5889/134353/8766/8881/50484",0.321775918075361
"GO:1904018","positive regulation of vasculature development",133,0.425423566960852,1.41229143958394,0.0159532655989208,0.142878714988654,0.09289145429405,1748,"tags=30%, list=13%, signal=26%","3099/7422/7424/133/7852/5315/7098/1003/56005/3689/84034/3687/10855/51129/57608/718/3162/6667/2113/947/57343/7423/3688/6786/728/2896/2013/6237/8829/7494/2321/285/7046/7052/4846/958/719/861/7040/3716",0.352487857583619
"GO:0010721","negative regulation of cell development",146,0.423085302074552,1.41156144016244,0.00938714852015432,0.108006091448143,0.070219296891289,1904,"tags=25%, list=14%, signal=22%","7422/567/5699/7533/5696/7098/301/864/4133/865/54209/714/1029/359845/7099/9935/3635/84695/4067/5698/9572/2664/5683/3956/4038/22933/7130/2213/11006/5682/3659/861/7040/5744/1072/393/23240",0.380730400722792
"GO:0048284","organelle fusion",141,0.412635181338406,1.40925809106734,0.0166281542573767,0.148091349583121,0.0962804070027998,1834,"tags=20%, list=14%, signal=17%","858/302/301/581/23208/8448/57586/338382/10282/27072/6810/54809/8411/25923/21/8676/2054/143425/128866/84286/10493/662/9341/7037/5305/9746/10228/80124",0.352487857583619
"GO:0016050","vesicle organization",322,0.379339741359253,1.40813647593676,0.00110508513221703,0.029525865487144,0.0191960053994683,1290,"tags=12%, list=10%, signal=11%","858/23023/857/6281/9871/10981/302/19/301/5873/23603/8905/23208/8448/57586/10959/356/338382/10282/1176/27072/257364/6810/54809/8411/947/21/282991/79778/23682/8676/2054/10484/143425/128866/10058/84286/29887/11151",0.45505986738723
"GO:0031099","regeneration",95,0.434647034578452,1.40257991119217,0.0308365082566371,0.21091578203584,0.137125209506761,1733,"tags=25%, list=13%, signal=22%","4131/10076/3936/1026/301/6790/595/1459/5782/4856/890/23162/8578/8140/891/928/2896/4666/285/761/5111/861/7040/5738",0.352487857583619
"GO:0009137","purine nucleoside diphosphate catabolic process",73,0.46154533415664,1.40218631571141,0.0323808484822171,0.216961727224488,0.141055932436347,990,"tags=26%, list=7%, signal=24%","3099/2026/5230/5214/226/7167/83440/5315/230/953/2023/57103/5027/3939/2821/8473/26471/2597/3098",0.321775918075361
"GO:0009181","purine ribonucleoside diphosphate catabolic process",73,0.46154533415664,1.40218631571141,0.0323808484822171,0.216961727224488,0.141055932436347,990,"tags=26%, list=7%, signal=24%","3099/2026/5230/5214/226/7167/83440/5315/230/953/2023/57103/5027/3939/2821/8473/26471/2597/3098",0.321775918075361
"GO:0015918","sterol transport",83,0.445676005846681,1.4005965669793,0.0313888343719914,0.213052619444071,0.138514457264598,906,"tags=14%, list=7%, signal=14%","857/9619/4481/341/302/19/6646/948/54209/57655/21/949",0.321775918075361
"GO:0009134","nucleoside diphosphate catabolic process",76,0.455162928535281,1.39956476458965,0.0298199200723524,0.206395149191329,0.134186156203479,990,"tags=25%, list=7%, signal=23%","3099/2026/5230/5214/226/7167/83440/5315/230/953/2023/57103/5027/3939/2821/8473/26471/2597/3098",0.352487857583619
"GO:0046879","hormone secretion",159,-0.474137595942414,-1.39941777377936,0.0441988950276243,0.263489964475026,0.171305893910904,1819,"tags=23%, list=13%, signal=20%","3123/6845/84300/5007/25924/134/1601/3667/6696/169026/9727/22841/84522/781/5019/84417/8622/5587/5950/185/9854/654/7849/8723/3172/57393/6514/6926/5071/846/18/5578/54097/65266/1393/10411/7021",0.252961123069611
"GO:0048880","sensory system development",169,-0.472593740968295,-1.39867502024443,0.0373831775700935,0.23858666423128,0.155115212348947,1564,"tags=18%, list=12%, signal=16%","22926/10253/23554/655/5156/5076/658/148398/6297/5663/6505/27151/5950/4212/149461/341640/221322/654/10152/64220/3975/93/5087/283375/2254/2823/7490/7020/2296/7021/793",0.271288554688953
"GO:0036293","response to decreased oxygen levels",222,0.394869368834493,1.39818462139317,0.00268291584390411,0.0520833851919337,0.0338615964975615,1724,"tags=24%, list=13%, signal=22%","29923/3099/8996/6513/857/7422/7424/7852/8614/5230/5163/112399/56901/5034/30001/132864/27113/55332/2023/54209/7043/57103/595/51129/867/3778/9124/100133941/890/7423/4017/5371/891/29904/114757/22933/3777/4193/5351/1906/468/5228/9520/662/285/54541/761/5352/952/26608/3654/7037/2030/7040",0.431707695803346
"GO:0043270","positive regulation of monoatomic ion transport",105,0.431042178071859,1.39746502007159,0.0170497977119297,0.149411500899769,0.0971386928272583,1340,"tags=18%, list=10%, signal=16%","857/1520/3958/3627/6352/27347/4283/6324/54209/5027/6330/51393/6351/3759/6786/2273/1906/1909/81671",0.352487857583619
"GO:0061025","membrane fusion",135,0.41452595209868,1.39700707266256,0.0183841707728333,0.157985607898705,0.102713079946202,1834,"tags=19%, list=14%, signal=17%","858/302/301/23208/8448/57586/338382/10282/27072/6810/54809/8411/25923/21/8676/2054/928/143425/128866/84286/84058/662/9341/5305/10228/80124",0.352487857583619
"GO:0072522","purine-containing compound biosynthetic process",227,-0.459842602441744,-1.39678373577038,0.0155086900737416,0.140679136193601,0.0914614157251622,2170,"tags=33%, list=16%, signal=28%","51144/498/4719/349565/23475/9605/107/2182/65018/109703458/441024/4720/4729/2181/133686/4707/2180/115/8382/23498/4728/4709/23305/4715/4704/93100/6391/522/516/4522/4723/9524/515/518/23205/53354/1738/4722/5095/84693/84869/1743/4594/56848/55902/4705/38/4536/4881/5164/50808/6390/4539/130013/27109/4538/205/2639/55022/6470/4535/4540/5160/132/5465/4541/6392/11001/5162/5071/4508/4860/4537/125061/554235",0.380730400722792
"GO:0002224","toll-like receptor signaling pathway",61,0.473109355350388,1.39597581495482,0.0474457532625432,0.273429080567867,0.177767730779571,1866,"tags=36%, list=14%, signal=31%","11314/1520/7098/330/948/7099/409/7097/51135/51284/23643/2664/29126/10318/6280/3665/3659/3654/7186/353376/81622/4615",0.321775918075361
"GO:0050890","cognition",141,-0.473100434577466,-1.39446909105369,0.0446304044630404,0.264719997410446,0.172105589990266,1128,"tags=15%, list=8%, signal=14%","5663/80823/6505/151556/55084/5764/4900/267/342371/4311/55902/5649/64220/2628/1497/5578/64084/6326/1393/10411/793",0.252961123069611
"GO:0006261","DNA-templated DNA replication",141,0.407886792640594,1.39304108996187,0.0196241432266914,0.164551660323099,0.106981946437067,2602,"tags=36%, list=19%, signal=29%","4174/5428/25939/81620/4175/675/11177/5984/6742/4171/91607/5982/4176/5985/51750/8317/54107/5001/374393/8099/57804/990/63901/197342/7517/64318/26271/4683/8882/10111/92667/604/7083/8914/5111/6240/997/5983/6117/259282/5422/57697/1663/29980/580/8450/5889/4361/3978/545/5425",0.352487857583619
"GO:0050920","regulation of chemotaxis",148,0.409246738803913,1.39246778837574,0.0244614614310083,0.186440364807159,0.121212712666302,1823,"tags=29%, list=14%, signal=25%","7422/7424/1012/3627/55558/6688/6352/57118/3603/27347/4233/56833/3071/54209/1948/80310/7114/4856/6351/4067/6810/7423/51571/25960/728/102/5919/1906/7130/5880/5228/8829/6091/285/64065/9647/719/196527/1524/7040/1901/1235/811",0.352487857583619
"GO:0034504","protein localization to nucleus",253,0.379356903860276,1.39069696154016,0.00413938058012082,0.0685388142252117,0.0445599621292451,2836,"tags=29%, list=21%, signal=23%","2634/3059/4869/55723/4001/948/151636/5901/1029/1894/83666/6495/754/3087/3985/6672/29969/5371/51194/4487/84154/4193/23399/1906/7534/9451/100101267/57122/7494/8841/11006/8882/7752/51307/84823/23636/55696/10204/6789/149628/7037/7040/3716/811/1072/3838/25937/27042/3840/84455/4804/4000/4928/9913/11331/51501/580/1736/7297/1994/84897/23568/207/9688/7042/10758/3836/1277/7016/51068/4851/9631/868",0.407017918923954
"GO:0070482","response to oxygen levels",246,0.383129389771581,1.38924401784549,0.00510570503089969,0.0783585748606485,0.0509442010014775,1724,"tags=24%, list=13%, signal=21%","29923/3099/8996/6513/857/7422/7424/7852/8614/5230/5163/112399/56901/355/5034/30001/132864/27113/55332/2023/54209/7043/57103/595/51129/867/3778/9124/100133941/890/2983/7423/2982/4017/8140/5371/891/29904/114757/22933/3777/4193/5351/1906/468/5228/9520/662/285/54541/761/5352/952/26608/3654/7037/2030/7040",0.407017918923954
"GO:1902105","regulation of leukocyte differentiation",219,0.383955442143844,1.38891122574278,0.00489984185238648,0.0757928168640203,0.0492760939521363,1724,"tags=25%, list=13%, signal=22%","5699/3059/5696/639/7098/6688/939/301/23603/56833/3561/3071/864/865/54209/60/714/1029/7099/7305/6932/9935/56253/3635/84695/914/4067/5698/942/3566/5683/6602/8744/3956/84959/3606/558/2242/7130/27166/6604/2213/9840/7494/64115/114548/11006/399/604/3665/65992/5682/3659/861/7040",0.407017918923954
"GO:1901873","regulation of post-translational protein modification",189,0.38855833502498,1.38771445977538,0.011052355997395,0.117905169787092,0.0766551035343478,1734,"tags=17%, list=13%, signal=15%","857/330/5601/23551/79139/151636/55215/1029/84259/7128/7805/26191/9636/57761/11186/6737/409/6478/754/6188/8473/8312/153769/10010/10318/26271/6187/8841/50813/7046/7321/123879",0.380730400722792
"GO:0045765","regulation of angiogenesis",224,0.387440240258852,1.37971996519374,0.00337046265829256,0.0597419616494571,0.038840758754291,1748,"tags=28%, list=13%, signal=24%","3099/7422/240/7424/133/5230/10457/83605/3627/5315/7098/1003/56005/3689/23670/22846/84034/948/5797/161742/493/57556/3687/10855/7128/51129/57608/356/718/3339/3162/6667/3087/2113/6672/947/57343/7423/5371/3688/25960/6786/728/2896/23129/2013/1284/6237/1942/8829/6464/7494/2321/285/7052/10769/4846/958/719/861/90139/3716",0.431707695803346
"GO:0000725","recombinational repair",163,0.390379981372404,1.37916896233296,0.0191444821155643,0.161852523360994,0.105227124119631,2941,"tags=28%, list=22%, signal=22%","4174/25939/4175/675/60/4171/9643/4176/51750/8317/7454/83695/63979/7517/4683/10111/8914/6502/79008/548593/2521/1457/196528/51659/6117/55345/6119/6118/57697/5531/3364/51149/55010/10097/80010/79728/54556/5889/4361/10459/1111/112441434/65980/5893/9907",0.352487857583619
"GO:0045055","regulated exocytosis",145,0.403720180678921,1.37631154919296,0.0267565707374714,0.192975610791235,0.125461550596279,1444,"tags=21%, list=11%, signal=19%","2214/11031/11314/3134/6688/3689/8832/5873/5028/7462/3071/23208/8448/57586/867/2771/22871/9846/4067/6810/8676/3055/2054/57102/143425/2242/5341/11151/5880/2213/4627",0.352487857583619
"GO:0031396","regulation of protein ubiquitination",145,0.403146973207402,1.3743574431044,0.0273414080549503,0.195991215301217,0.127422121759941,980,"tags=13%, list=7%, signal=12%","857/330/5601/79139/151636/55215/7128/7805/26191/9636/57761/11186/409/6478/754/6188/8473/8312/153769",0.352487857583619
"GO:0045580","regulation of T cell differentiation",133,0.412816024995816,1.37043780246972,0.0290194437138149,0.204226875574429,0.132776470445896,1724,"tags=26%, list=13%, signal=23%","5699/5696/639/939/301/3561/3071/864/865/60/1029/6932/56253/84695/914/5698/942/5683/6602/8744/3956/3606/27166/6604/9840/7494/64115/114548/11006/399/604/5682/3659/861/7040",0.352487857583619
"GO:0046031","ADP metabolic process",76,0.44465245141041,1.36724646158037,0.0418401467909662,0.255966135372359,0.166414336569686,990,"tags=25%, list=7%, signal=23%","3099/2026/5230/5214/226/7167/83440/5315/230/953/2023/57103/5027/3939/2821/8473/26471/2597/3098",0.321775918075361
"GO:1903320","regulation of protein modification by small protein conjugation or removal",184,0.395535413004108,1.36321497031771,0.00949472715029653,0.10879143506714,0.0707298817666848,1734,"tags=17%, list=13%, signal=15%","857/330/5601/23551/79139/151636/55215/1029/84259/7128/7805/26191/9636/57761/11186/6737/409/6478/754/6188/8473/8312/153769/10010/10318/26271/6187/8841/50813/7046/7321/123879",0.380730400722792
"GO:0006887","exocytosis",257,0.373696806520534,1.36243957505529,0.00901725965175881,0.106342785186566,0.0691379116227654,1444,"tags=18%, list=11%, signal=16%","2214/6281/11031/11314/3134/6688/6352/3689/302/301/8832/5873/5028/5898/7462/3071/23208/8448/54843/57586/867/2771/22871/283849/9846/4067/55255/6810/636/8676/3055/2054/200081/7127/57102/143425/81575/2242/5341/11151/5880/153339/2213/10079/4627",0.380730400722792
"GO:0045766","positive regulation of angiogenesis",129,0.411846023001653,1.36037294224173,0.0235189419637428,0.181900448503789,0.118261122376406,1748,"tags=29%, list=13%, signal=25%","3099/7422/7424/133/5315/7098/1003/56005/3689/84034/3687/10855/51129/57608/718/3162/6667/2113/947/57343/7423/3688/6786/728/2896/2013/6237/8829/7494/2321/285/7052/4846/958/719/861/3716",0.352487857583619
"GO:0007264","small GTPase-mediated signal transduction",424,0.353389401706894,1.35999186242059,0.00306556626284941,0.0560957621400286,0.0364702112930827,1974,"tags=25%, list=15%, signal=22%","1012/9938/5912/9815/54769/10044/55704/57568/1026/57580/28988/19/51285/9844/51291/5898/6236/1796/257106/81848/55619/115273/10252/397/22821/1029/51735/50619/1894/1452/5501/117289/83892/157285/1017/1122/22898/11186/6478/79930/9448/8473/890/391/392/10982/25780/9732/2828/5500/10750/2664/79778/23682/51571/1794/7204/23092/1454/9828/7454/4038/8844/54453/55114/7409/116985/27128/10287/23348/4803/253980/6237/5880/9909/58480/11214/8550/8829/6091/5925/58504/25959/6494/10188/399/8936/8315/57572/9639/7052/57221/10260/10769/23636/64333/396/1072/85442/5338/5900/393/9181/7126/4650/57493/57381/389",0.431707695803346
"GO:0072526","pyridine-containing compound catabolic process",77,0.437663594880995,1.35981424496062,0.0498433986602946,0.281440439313364,0.182976251620479,990,"tags=25%, list=7%, signal=23%","3099/2026/5230/5214/226/7167/83440/5315/230/2023/57103/5027/3939/2821/8473/26471/4837/2597/3098",0.321775918075361
"GO:0051209","release of sequestered calcium ion into cytosol",80,0.435317319841229,1.35775290229641,0.04340498536704,0.260873725958549,0.169604967355154,2150,"tags=30%, list=16%, signal=25%","8996/3627/30001/2280/4283/5788/356/4067/1756/84959/5330/23236/1729/5332/7040/1193/7220/7226/6376/187/775/444/51196/80024",0.321775918075361
"GO:0016032","viral process",325,0.365285700525955,1.35757941228751,0.00282974480633703,0.0537777852467512,0.0349631971471784,1626,"tags=18%, list=12%, signal=16%","858/857/7852/1956/4938/6352/5034/7436/6541/821/4939/55254/5901/8662/1948/4245/9140/1452/90861/867/3669/4940/440275/9636/60559/200316/83666/6404/140564/6737/6672/942/636/949/2494/27074/29969/2589/3428/3688/3956/4038/11253/4247/558/128866/7293/10318/27350/63901/8829/5817/4627/950/4124/3665/1104",0.431707695803346
"GO:0006413","translational initiation",117,0.408750548012071,1.35532874501926,0.0323425096347684,0.216961727224488,0.141055932436347,2290,"tags=23%, list=17%, signal=19%","6352/4690/8662/1978/440275/6189/6188/3087/57409/7458/2597/28969/5371/10657/3646/6193/468/8637/9451/5611/22916/6451/5436/6198/23521/8846/8667",0.321775918075361
"GO:0071356","cellular response to tumor necrosis factor",153,0.393006228550815,1.35511871436072,0.0469258227436197,0.273146169914466,0.177583798680015,2013,"tags=26%, list=15%, signal=22%","8996/60401/307/2634/10068/6352/8531/355/330/10673/834/8717/83483/7188/7128/7805/7114/9572/102/1687/7293/8439/1906/10010/90268/114769/2635/83643/958/8904/7186/147138/1072/3611/7132/837/9181/7412/22900/7133",0.321775918075361
"GO:0019058","viral life cycle",246,0.372873184466638,1.35205456632839,0.00985617270326686,0.11090098111878,0.0721013862672162,1444,"tags=16%, list=11%, signal=15%","858/857/7852/1956/4938/6352/5034/7436/6541/4939/55254/1948/90861/867/3669/4940/440275/9636/200316/6404/140564/6737/942/636/949/2494/27074/3428/3688/3956/4038/558/128866/7293/10318/27350/63901/8829/5817/4627",0.380730400722792
"GO:0002573","myeloid leukocyte differentiation",140,0.387527907446344,1.35079008070708,0.0398061657043303,0.248123692481499,0.161315635021258,2494,"tags=33%, list=18%, signal=27%","7422/3059/7098/6688/4869/302/23603/54209/714/7099/7305/1050/9935/9846/3635/7018/7097/4067/9644/3428/84959/2908/2242/7130/29887/375387/4627/11006/3665/7037/861/7040/3600/55509/2200/7351/3976/1435/10538/51176/4609/998/3556/22904/975/28962",0.321775918075361
"GO:0051170","import into nucleus",128,0.40449155453526,1.34592023290331,0.0407252823689235,0.252247850120688,0.163996923139453,2836,"tags=29%, list=21%, signal=23%","3059/1026/4869/55723/948/5901/1894/754/7329/29969/51194/100101267/57122/7494/8841/8882/51307/23636/55696/10204/6789/7040/1072/3838/3840/84455/4928/11331/51501/1994/207/9688/10758/3836/4851/9631/868",0.321775918075361
"GO:0034612","response to tumor necrosis factor",168,0.385829420090208,1.34410048818954,0.0202148614923237,0.166170025770331,0.108034113794427,2013,"tags=27%, list=15%, signal=23%","8996/60401/307/2634/10068/6352/8531/355/330/10673/834/8717/83483/7188/7128/7805/7114/7846/9572/102/1687/3476/7293/8439/1906/10010/90268/51667/114769/2635/83643/58191/958/8904/7186/147138/836/1072/3611/7132/837/9181/7412/22900/7133",0.352487857583619
"GO:0000724","double-strand break repair via homologous recombination",159,0.38888932386602,1.344019651655,0.0259540116075225,0.189984657819448,0.123517006433095,2941,"tags=27%, list=22%, signal=21%","4174/25939/4175/675/60/4171/9643/4176/51750/8317/7454/63979/7517/4683/10111/8914/6502/79008/548593/2521/1457/196528/51659/6117/6119/6118/57697/5531/3364/51149/55010/10097/80010/79728/54556/5889/4361/10459/1111/112441434/65980/5893/9907",0.352487857583619
"GO:0097529","myeloid leukocyte migration",137,0.401407819948286,1.34239377723286,0.0212692306674963,0.171689649286778,0.111622652896554,1709,"tags=31%, list=13%, signal=27%","140885/7422/7424/11314/3958/3627/6688/6352/57118/3689/4345/301/4283/23603/56833/3071/54209/51192/80310/5175/23765/4856/51135/6351/4067/7423/131450/928/728/5919/23236/1906/7130/2013/5880/5228/2321/6280/64065/719/196527/1524",0.352487857583619
"GO:0043410","positive regulation of MAPK cascade",287,0.365714165447852,1.34124032706562,0.0080718685620317,0.100735548636141,0.0654924116070275,1443,"tags=19%, list=11%, signal=17%","858/60401/7422/4208/10457/7039/7098/6688/1956/939/56005/64581/27347/5028/5788/3561/948/59/54209/8826/3672/3601/7805/26191/4281/2771/57608/10135/80310/5154/5175/409/4067/23162/8312/90441/7423/153769/728/57007/8844/1687/9770/64170/23236/10550/1906/4803/2213/11214/8829/6464/2321/6091/195827",0.380730400722792
"GO:0043254","regulation of protein-containing complex assembly",335,0.360471088661932,1.33822471575884,0.00237009327932708,0.0485357806419963,0.0315551497610407,2384,"tags=25%, list=18%, signal=21%","4131/7422/2634/3958/3059/1003/57580/136319/64581/19/4690/27113/3071/948/581/4133/29767/54209/10092/5027/115362/7099/1452/26191/9636/54801/51673/10094/7114/27072/6188/8473/829/21/2597/51571/3055/3428/89848/2242/5341/96459/51466/11078/81926/51100/55971/25959/7408/81873/11344/81553/7037/7040/7186/147138/1072/56926/6624/4615/5756/2934/55755/134957/134510/389/22900/9873/55142/23176/5216/5921/29108/51332/28964/23521/578/115106/23191/637/998/9641/54434/11135/57763",0.431707695803346
"GO:0007219","Notch signaling pathway",103,0.411709287245346,1.33652871602671,0.0399106126067084,0.248511208582873,0.161567575516536,1647,"tags=23%, list=12%, signal=21%","3714/26508/23462/55589/79651/182/151636/4854/157285/23493/4856/6495/54567/282991/55897/3516/54492/102/51162/83464/6091/441478/23090/4846",0.321775918075361
"GO:2001233","regulation of apoptotic signaling pathway",249,0.369175152117169,1.33612313998517,0.00463044894564088,0.0735615646012895,0.0478254631314545,1951,"tags=24%, list=14%, signal=21%","8996/857/3958/8531/355/5034/4690/27113/581/2023/54209/7128/7099/1459/2771/356/3162/6667/6478/754/6188/26471/6672/6810/8682/5371/57007/4487/1687/4150/8321/4193/5062/27166/51703/468/2213/9451/8829/219699/7494/5925/6154/4055/6280/80196/761/7046/4846/960/1524/7186/147138/6376/1457/5604/9181/6878/6477",0.407017918923954
"GO:0008015","blood circulation",313,-0.42773805782515,-1.32727686310439,0.0484848484848485,0.276424771478118,0.179715355275569,1910,"tags=24%, list=14%, signal=21%","4883/7026/2150/481/1739/613/1832/57731/2166/79987/6339/3320/5547/134/30845/23171/287/1636/80763/59342/2946/801/27131/482/7341/7135/290/781/284/8529/153/10979/7139/6505/3753/185/7134/51086/9353/4311/10699/100506658/654/2642/4634/3760/81033/9365/4881/6387/5743/274/5997/634/29098/2643/6340/6456/5465/3728/23576/846/6337/59272/27134/170690/18/6326/6296/65266/476/3291/3816/6338/3827",0.224966093540314
"GO:0051054","positive regulation of DNA metabolic process",237,0.36901573240675,1.32486615699276,0.00686968060442374,0.0916261328192181,0.059569997739641,2609,"tags=26%, list=19%, signal=21%","7422/1956/1026/581/81620/57103/60/11177/5984/6742/1017/9643/5982/6188/890/5985/51750/8317/5371/6602/7454/25913/79075/253980/6604/57332/8550/3014/4683/51720/10111/8914/5073/6502/5111/7037/10728/7040/79008/548593/84787/836/2521/7126/5983/196528/3181/5570/63922/5155/25865/1663/4609/6598/51149/1736/10097/54556/207/4361/545/10459",0.407017918923954
"GO:0002237","response to molecule of bacterial origin",217,0.363453192170042,1.31269610901701,0.0254221855436684,0.188201015901364,0.122357385899527,1866,"tags=27%, list=14%, signal=23%","140885/2634/4208/10068/567/3627/6688/5724/4345/834/19/4283/948/54209/1948/923/7128/115362/7099/26191/356/7097/100133941/51135/4067/23643/942/9572/949/51571/8140/3055/10865/29126/7431/9450/3606/558/1906/10318/114769/2635/7494/10270/114548/4846/958/3654/1524/4791/1439/196/3587/836/6376/353376/7132/4615",0.352487857583619
"GO:0006163","purine nucleotide metabolic process",345,-0.413457734587793,-1.30942410934936,0.0456730769230769,0.270086867357994,0.175594817580775,1953,"tags=28%, list=14%, signal=24%","23530/5138/2327/131870/65018/481/4907/1739/441024/4720/4729/133686/7345/5313/4707/8402/23171/115/8382/23498/5208/2806/4728/4709/55526/4715/4704/93100/10840/6391/522/516/4522/10591/5663/4723/55753/27233/515/518/8622/9615/51292/526/3417/4722/8604/27284/4621/4190/2272/56848/4705/22978/48/4536/402/4881/50808/6390/4539/130013/27109/1497/4538/205/55022/8505/3091/523/525/4535/368/4540/5091/130752/132/5465/4541/6392/5071/27115/2766/4508/4860/11163/84836/3945/4537/5136/125061/554235/8671/229/2203",0.231126709673834
"GO:0031334","positive regulation of protein-containing complex assembly",156,0.378351956935466,1.30674862629276,0.0337180835962027,0.222941389627086,0.144943562142485,1467,"tags=19%, list=11%, signal=17%","4131/7422/2634/3958/1003/64581/19/4690/27113/3071/948/581/5027/115362/7099/26191/9636/51673/6188/21/3055/89848/2242/5341/96459/51466/51100/55971/7408",0.321775918075361
"GO:0034976","response to endoplasmic reticulum stress",241,0.358712830974073,1.2992520480386,0.0152967836963365,0.138971398094383,0.0903511434526111,2267,"tags=24%, list=17%, signal=20%","857/240/79876/116496/5034/30001/9601/4690/51360/27113/79139/488/821/581/7873/285533/57761/115290/10392/127733/26471/489/9616/11253/51246/91319/51465/64224/468/58487/10162/2213/9451/23071/7494/153830/65992/26608/2923/7186/10299/811/5611/4082/55139/79668/837/2081/10130/8795/29978/27230/9695/578/51643/10956/51776",0.380730400722792
"GO:0090068","positive regulation of cell cycle process",174,0.368920846099551,1.29024820589888,0.039575886254865,0.247212602982037,0.160723297466964,2640,"tags=29%, list=20%, signal=23%","6241/51203/7039/1956/4869/6790/10051/10733/595/1894/9555/699/56852/8317/1780/891/22933/23236/83695/1906/990/6604/7517/5925/26271/2146/65992/1104/23636/6240/7040/29781/29899/54892/994/5155/9585/894/1663/51776/51176/998/55920/55904/207/28984/5889/387/5359/134353",0.321775918075361
"GO:0032496","response to lipopolysaccharide",208,0.357332068036717,1.28997455783575,0.0415107073606584,0.25454296810862,0.165489075750795,1866,"tags=26%, list=14%, signal=23%","140885/2634/4208/10068/567/3627/6688/5724/4345/834/19/4283/948/54209/1948/923/7128/115362/7099/26191/356/7097/51135/4067/23643/942/9572/949/8140/3055/10865/29126/7431/9450/3606/558/1906/10318/114769/2635/7494/10270/114548/4846/958/3654/1524/4791/1439/3587/836/6376/353376/7132/4615",0.321775918075361
"GO:0048285","organelle fission",335,0.347236619380045,1.2890926370706,0.0066395462921498,0.0901322242615624,0.0585987450340579,1724,"tags=18%, list=13%, signal=16%","858/23023/51203/24137/7039/9735/4603/83540/6790/23603/5898/81620/5901/675/10051/65084/53917/80821/5501/22974/64105/3796/84687/9232/699/7329/9031/221035/29988/9319/51571/1613/1780/891/55743/22933/23236/128866/1906/256364/63979/6773/197342/7517/5925/26271/10270/11044/10111/23063/80346/9639/1104/23636/23141/4288/7153/79866/7040",0.407017918923954
"GO:0050728","negative regulation of inflammatory response",126,0.380815745160417,1.28016796216608,0.0477268180780251,0.273429080567867,0.177767730779571,2149,"tags=33%, list=16%, signal=28%","140885/240/1003/4345/79651/5788/56833/54209/23208/3275/7128/7114/4856/4067/9572/131450/2494/3055/2896/7130/90268/313/10162/2213/2778/5925/114548/2000/5682/10769/196/3587/6376/79626/7132/114899/7133/5045/6223/8740/28964",0.321775918075361
"GO:0000070","mitotic sister chromatid segregation",165,0.365490447526625,1.27930286242607,0.0472745442562951,0.273429080567867,0.177767730779571,1982,"tags=19%, list=15%, signal=16%","51203/24137/9735/83540/81620/5901/10051/5501/22974/64105/3796/699/9031/9319/1780/891/128866/256364/7517/5925/26271/10270/11044/23063/9639/1104/23636/126731/29781/55755/54892",0.321775918075361
"GO:0010639","negative regulation of organelle organization",293,0.343038654996116,1.27188303750427,0.0263698096076279,0.191583397579206,0.124556414306643,2146,"tags=21%, list=16%, signal=18%","8996/4131/1003/9735/4869/136319/83540/54521/4133/29767/55254/22974/7114/26586/699/829/9031/26471/3985/54464/51750/9319/10163/51571/5371/1780/891/7454/25913/116985/5062/96459/27166/11151/11078/10493/7517/26271/4683/25959/10111/338657/9535/11344/23063/7037/100134934/1901/9746/79008/548593/1072/9181/5756/2934/55755/51474/1843/5216/9554/51332",0.352487857583619
"GO:0051146","striated muscle cell differentiation",191,0.361625428224616,1.2678642740939,0.0252676825510923,0.187766672611025,0.122075001081707,1929,"tags=22%, list=14%, signal=19%","858/7422/4208/6157/6175/29767/57538/1948/6137/6139/6132/6143/23493/409/4856/6171/7168/1794/55897/891/3688/928/963/4666/64091/79365/1906/6173/11214/30846/7494/6181/6168/6164/3856/7040/5738/11224/836/811/5999/6134",0.352487857583619
"GO:0031401","positive regulation of protein modification process",277,0.345118080321728,1.26733669168642,0.0255259761540857,0.188731682809706,0.122702394747525,1925,"tags=21%, list=14%, signal=18%","857/1464/7422/3937/7098/1956/116496/55704/1026/330/56005/5601/23551/79139/5788/3561/55215/1029/84259/7805/1894/26191/22974/57761/83666/718/11186/754/8312/7423/4837/3566/5919/3606/9770/10010/10318/54625/7494/2321/6187/8841/10188/4055/2146/65992/9125/6789/23531/7321/123879/7186/3600/3587/7132/10533/5604/25855",0.352487857583619
"GO:0030099","myeloid cell differentiation",258,0.346351708754764,1.26673488882629,0.0247405615031908,0.18701752253135,0.121587947146549,2494,"tags=27%, list=18%, signal=22%","1030/7422/4208/79876/3059/7098/6688/4869/302/23603/3071/439921/54209/714/7099/7305/23306/1050/10019/9636/9935/9846/3635/7018/87/338382/7097/4067/2113/440712/9644/3428/84959/2908/2242/7130/29887/375387/4627/11006/3665/55646/7037/861/5305/7040/3600/55972/10320/836/55509/2200/2034/84148/6223/7351/3976/1435/10538/51176/4609/998/25946/23774/3556/55904/22904/975/28962",0.352487857583619
"GO:0006310","DNA recombination",263,0.338954362909682,1.25603007035886,0.0411687623142748,0.253658265076842,0.164913893147517,2888,"tags=26%, list=21%, signal=21%","121260/4174/25939/4175/675/10051/60/4171/9643/4176/51750/5130/9319/8317/7454/2956/11277/83695/63979/197342/7517/3014/4683/10111/8914/6502/7037/7153/7040/1235/79008/548593/84787/2521/1457/3838/196528/51659/6117/55345/23064/10538/6119/6118/57697/5531/580/3364/51149/55010/10097/80010/79728/54556/7518/5889/4361/3978/10459/1111/3836/23529/79605/3148/112441434/65980/84542/5893",0.321775918075361
"GO:0000280","nuclear division",293,0.338573921517537,1.25532916319396,0.0323970293967873,0.216961727224488,0.141055932436347,1812,"tags=18%, list=13%, signal=16%","858/51203/24137/7039/9735/4603/83540/6790/81620/5901/675/10051/53917/5501/22974/64105/3796/84687/9232/699/7329/9031/221035/29988/9319/1613/1780/891/55743/22933/23236/128866/1906/256364/63979/197342/7517/5925/26271/10270/11044/10111/23063/80346/9639/1104/23636/23141/4288/7153/79866/7040/126731/157313",0.321775918075361
"GO:0007160","cell-matrix adhesion",192,0.357104915754912,1.24986714434807,0.0300063879062114,0.207108052580742,0.13464964464274,2357,"tags=30%, list=17%, signal=25%","7422/1012/6281/3689/23603/948/182/10580/3687/3672/10855/1029/967/9358/5796/87/9448/55901/22795/947/9616/1613/916/3688/54453/5310/3676/8515/3683/79834/2013/2042/6237/7791/8829/2335/83706/9647/960/94/6376/6614/1072/3611/64098/7412/59339/30008/5921/1435/2266/9344/54749/7094/51176/23499/3679",0.352487857583619
"GO:0016072","rRNA metabolic process",270,0.342431240498003,1.2473961866589,0.0239164443850285,0.183765830189801,0.119473885366617,3790,"tags=33%, list=28%, signal=24%","2971/162394/1029/146857/9555/3669/284119/54464/81691/23481/84154/55651/10813/10775/6207/5036/85395/6949/10412/6154/10248/57696/54853/55646/55299/11224/56915/11157/4141/27292/27042/4839/51082/100506736/79039/51065/6223/11137/1663/4609/55505/64425/6598/1736/55226/54663/22984/28987/317781/29102/22803/57647/6167/5393/23378/84881/55695/54606/83608/23246/2091/54433/6155/6839/6230/6129/51729/57109/6229/6208/120379/113000/9221/51119/6130/6217/64768/6232/221830/51154/6201/10528/6135/83732/56342/55813/55720/25885",0.352487857583619
"GO:0042692","muscle cell differentiation",263,0.335394435592076,1.24283839546546,0.0476525977354497,0.273429080567867,0.177767730779571,2180,"tags=22%, list=16%, signal=19%","858/7422/133/4208/6157/6175/23462/3915/29767/57538/1948/6137/6139/6132/6143/87/23493/409/4856/6171/7168/1756/1794/55897/891/3688/928/963/4666/64091/79365/4193/1906/1909/6173/6604/57496/11214/30846/7494/6181/6168/6164/3856/7040/5738/11224/836/811/5999/187/6134/25873/30008/5155/6158/10266/23521/8506",0.321775918075361
"GO:1903829","positive regulation of protein localization",378,0.324735800186994,1.21309827678592,0.0170951820289686,0.149454925158996,0.0971669247622362,1761,"tags=19%, list=13%, signal=17%","7422/7424/9619/226/3958/3059/22885/1956/9871/55704/4869/170384/3915/54209/23208/151636/5901/7043/493/10580/1029/7099/7305/1459/1894/11190/83666/5583/84687/5175/7097/257364/391/3985/6810/636/79778/23682/5371/3688/7431/4038/23184/4193/1906/7130/2042/5880/2037/81926/54543/58480/9451/51100/9520/7494/2778/29085/8841/4478/8882/29801/65992/23636/952/55696/8660/149628/7037/7040/3716/10541",0.352487857583619
"GO:0006302","double-strand break repair",270,0.329153208928611,1.1990274516045,0.0479148290885457,0.273972145313689,0.17812079998249,2702,"tags=25%, list=20%, signal=20%","4174/25939/151636/4175/675/60/25900/1459/4171/83666/9643/4176/85456/51750/9319/8317/5371/6602/7454/25913/83695/200558/6604/63979/197342/7517/3014/4683/51720/11044/10111/8914/6502/79008/548593/84787/2521/1457/196528/54969/51659/22992/6117/55345/23064/5422/6119/6118/57697/1663/4000/5531/6598/3364/51149/55010/10097/80010/79728/54556/7518/5889/4361/545/10459/1111/3148",0.321775918075361
"GO:0051052","regulation of DNA metabolic process",410,0.313456517411861,1.19621087275283,0.0259127227109541,0.189918932786769,0.123474275828543,2672,"tags=26%, list=20%, signal=21%","7422/121260/4174/1956/1026/581/81620/4175/57103/60/11177/5984/6742/4171/91607/1017/9643/5982/6188/890/4176/5985/54464/51750/8317/54107/6883/5371/6602/7454/2956/25913/79075/5001/200558/990/253980/6604/63979/57332/5429/8550/79596/3014/26271/4683/51720/10111/80854/604/6282/23063/8914/5073/6502/5111/7037/100134934/10728/7040/79008/548593/84787/94/836/2521/1457/3838/7126/5983/6878/196528/3181/5570/63922/1843/5155/25865/6118/1663/4000/5531/9913/4609/157570/6873/580/8450/6598/51149/1736/55010/55226/10097/6881/54556/3399/207/23450/4361/545/10459/1111/3836/23529",0.352487857583619
NA,NA,NA,NA,NA,NA,NA,NA,NA,NA,NA,NA
NA,NA,NA,NA,NA,NA,NA,NA,NA,NA,NA,NA
