"ID","Description","GeneRatio","BgRatio","RichFactor","FoldEnrichment","zScore","pvalue","p.adjust","qvalue","geneID","Count"
"GO:0002252","immune effector process","73/962","381/11930",0.191601049868766,2.37609202176131,8.08469440396963,1.6663499971271e-12,5.39082757100699e-09,3.99427629252275e-09,"CBL/SERPINB9/CD8A/NMI/C1QB/CD1D/MASP1/TGFB3/LACC1/PSMB10/BTN3A2/SLAMF7/GZMK/PTPRC/PSMB8/SLAMF8/B2M/CD274/IRAK4/GPI/STX4/CRTAM/CD300A/IL2RG/CD2/EIF2AK4/HCK/ARID5A/INPP5D/NCKAP1L/CALHM6/DYSF/SPI1/FCGR2A/LAPTM5/SLC15A4/C1QC/PRF1/PCYT1A/MR1/LGALS3/PSMA2/C1QA/DOCK2/CD84/CYRIB/DOCK10/GAB2/CD86/JAG1/ITGB2/LAT2/ARRB2/LOXL3/CLEC7A/NCF1/TREM2/ANXA1/LYN/SLC7A5/PSMB9/HK1/CD27/TYROBP/HLA-F/HLA-E/LCP1/FCGR3A/RFTN1/BTN3A3/IRF8/TUBB/C3",73
"GO:0002683","negative regulation of immune system process","70/962","362/11930",0.193370165745856,2.39803126543458,7.9995924851835,3.11043779040649e-12,5.39082757100699e-09,3.99427629252275e-09,"CBL/SERPINB9/CD200/NMI/MASP1/TGFB3/LPXN/PSMB10/CSNK1A1/OGT/TLR4/PTPRC/PSMB8/SLAMF8/RHBDF2/CD274/CRTAM/CD300A/HCK/INPP5D/NCKAP1L/CCN3/SPI1/GRAMD4/LAPTM5/CDKN2A/C1QC/TLR3/PAG1/TNFAIP3/MNDA/LGALS3/CD200R1/NCK1/PSMA2/CD84/BTN2A2/TRIM21/SYT11/IL18BP/ISG15/CD86/RAB7B/ARRB2/TAPBPL/LOXL3/GPNMB/CBFB/NLRC5/TREM2/OAS1/ANXA1/DDX39A/LYN/PSMB9/PTPN22/HMOX1/IFI16/RUNX3/TYROBP/HLA-F/HLA-E/MAFB/ATG12/WDR41/OAS3/CSK/SAMSN1/NR1D1/SAMHD1",70
"GO:0002764","immune response-regulating signaling pathway","76/962","411/11930",0.184914841849148,2.29317470193383,7.90126369788637,3.65397259670605e-12,5.39082757100699e-09,3.99427629252275e-09,"CBL/DDX41/CD8A/NMI/CD247/CD24/CD36/MASP1/LPXN/LACC1/CSNK1A1/BTN3A2/OGT/TLR4/BIRC3/PTPRC/LCP2/CD274/IRAK4/CD300A/HCK/INPP5D/NCKAP1L/CTSS/FCGR2A/GRAMD4/LAPTM5/SLC15A4/NOD1/TLR3/TNFAIP3/MNDA/CD3E/LGALS3/CD200R1/NCK1/LAIR1/CLEC2B/BTN2A2/MSR1/MAPK9/TLR2/CD86/LAT2/GBP5/RAB7B/ARRB2/CLEC7A/LY96/TREM2/CD276/OAS1/LYN/PRKCH/PTPN22/EGFR/P2RX7/IFI16/BTN3A1/TYROBP/TRAF3IP3/BAX/TLR7/FCGR3A/MEF2C/CASP1/RFTN1/FYB1/BTN3A3/BTN2A1/GDI1/OAS3/CSK/GBP2/NR1D1/C3",76
"GO:0002250","adaptive immune response","61/962","301/11930",0.20265780730897,2.51320960623286,7.8747538346223,1.05504341369699e-11,1.16740553725572e-08,8.64976703446906e-09,"CD8A/PRR7/CD247/C1QB/CD1D/PSMB10/BTN3A2/TLR4/SLAMF7/PTPRC/PSMB8/B2M/CD274/PRDM1/CRTAM/IL2RG/EIF2AK4/ARID5A/NCKAP1L/CLEC4A/TAP1/CTSS/FCGR2A/IL17RA/SLC15A4/C1QC/PRF1/PAG1/TNFAIP3/PCYT1A/CD3E/MR1/PSMA2/C1QA/LAIR1/CD84/CYRIB/IL18BP/CD86/JAG1/LAT2/LOXL3/CLEC7A/TREM2/ANXA1/LYN/PSMB9/CD27/BTN3A1/HLA-F/HLA-E/FCGR3A/MEF2C/RFTN1/BTN3A3/CSK/SAMSN1/LAMP3/DBNL/C3/CD6",61
"GO:0002768","immune response-regulating cell surface receptor signaling pathway","54/962","256/11930",0.2109375,2.61588812370062,7.74011229604827,3.39230270060698e-11,3.0028663505773e-08,2.22494185090114e-08,"CBL/CD8A/NMI/CD247/CD24/CD36/MASP1/LPXN/BTN3A2/TLR4/PTPRC/LCP2/CD274/IRAK4/CD300A/HCK/INPP5D/NCKAP1L/FCGR2A/LAPTM5/TNFAIP3/MNDA/CD3E/LGALS3/CD200R1/NCK1/LAIR1/CLEC2B/BTN2A2/MAPK9/TLR2/CD86/LAT2/RAB7B/CLEC7A/LY96/TREM2/CD276/OAS1/LYN/PRKCH/PTPN22/BTN3A1/TYROBP/BAX/FCGR3A/MEF2C/RFTN1/FYB1/BTN3A3/BTN2A1/CSK/NR1D1/C3",54
"GO:0002757","immune response-activating signaling pathway","70/962","390/11930",0.179487179487179,2.22586491817261,7.28950184299421,1.09909539086603e-10,8.10766033328844e-08,6.00728460157962e-08,"CBL/DDX41/CD8A/NMI/CD247/CD36/MASP1/LPXN/LACC1/CSNK1A1/BTN3A2/OGT/TLR4/BIRC3/PTPRC/LCP2/CD274/IRAK4/CD300A/HCK/INPP5D/NCKAP1L/CTSS/GRAMD4/LAPTM5/SLC15A4/NOD1/TLR3/TNFAIP3/MNDA/CD3E/LGALS3/NCK1/CLEC2B/BTN2A2/MSR1/TLR2/CD86/LAT2/GBP5/RAB7B/ARRB2/CLEC7A/LY96/TREM2/CD276/OAS1/LYN/PRKCH/PTPN22/EGFR/P2RX7/IFI16/BTN3A1/TYROBP/TRAF3IP3/BAX/TLR7/MEF2C/CASP1/RFTN1/FYB1/BTN3A3/BTN2A1/GDI1/OAS3/CSK/GBP2/NR1D1/C3",70
"GO:0002253","activation of immune response","74/962","433/11930",0.170900692840647,2.11938177296145,7.02677015231143,3.315422524537e-10,2.09629429908582e-07,1.55322694163357e-07,"CBL/DDX41/CD8A/NMI/CD247/C1QB/CD36/MASP1/LPXN/LACC1/CSNK1A1/BTN3A2/OGT/TLR4/BIRC3/GZMK/PTPRC/LCP2/CD274/IRAK4/CD300A/HCK/INPP5D/NCKAP1L/CTSS/GRAMD4/LAPTM5/SLC15A4/C1QC/NOD1/TLR3/TNFAIP3/MNDA/CD3E/LGALS3/NCK1/C1QA/CLEC2B/BTN2A2/MSR1/TLR2/CD86/LAT2/GBP5/RAB7B/ARRB2/CLEC7A/LY96/TREM2/CD276/OAS1/LYN/PRKCH/PTPN22/EGFR/P2RX7/IFI16/BTN3A1/TYROBP/TRAF3IP3/BAX/TLR7/MEF2C/CASP1/RFTN1/FYB1/BTN3A3/BTN2A1/GDI1/OAS3/CSK/GBP2/NR1D1/C3",74
"GO:0002831","regulation of response to biotic stimulus","73/962","433/11930",0.168591224018476,2.09074147873224,6.84698451571776,8.22546495914954e-10,4.5385939270386e-07,3.36282284776764e-07,"DDX41/SERPINB9/NMI/CD1D/DTX3L/CD36/MASP1/LACC1/PARP9/CSNK1A1/OGT/TLR4/BIRC3/SLAMF8/APOBEC3F/B2M/CD274/IRAK4/PML/CRTAM/CD300A/EIF2AK4/HCK/INPP5D/CALHM6/SIRPA/SPI1/CTSS/GRAMD4/SLC15A4/NOD1/TLR3/TNFAIP3/MNDA/MR1/TRIM21/MSR1/SYT11/CCL5/ISG15/TLR2/GBP5/RAB7B/ARRB2/CLEC7A/LY96/NCF1/NLRC5/TREM2/EMILIN2/OAS1/DDX39A/LYN/PTPN22/EGFR/P2RX7/IFI16/TYROBP/TRAF3IP3/HLA-F/HLA-E/TLR7/CASP1/ATG12/RFTN1/GDI1/OAS3/GBP2/TRIM22/TIGAR/NR1D1/C3/SAMHD1",73
"GO:0050866","negative regulation of cell activation","35/962","140/11930",0.25,3.10031185031185,7.40315312733482,9.2289528566081e-10,4.5385939270386e-07,3.36282284776764e-07,"CBL/CD200/PSMB10/PTPRC/PSMB8/CD274/CRTAM/CD300A/LAPTM5/CDKN2A/PAG1/TNFAIP3/MNDA/LGALS3/PDGFA/PSMA2/CD84/BTN2A2/SYT11/CD86/LOXL3/SH2B3/GPNMB/CBFB/TREM2/ANXA1/LYN/PSMB9/PTPN22/RUNX3/TYROBP/HLA-E/CSK/SAMSN1/NR1D1",35
"GO:0002695","negative regulation of leukocyte activation","32/962","122/11930",0.262295081967213,3.25278620360588,7.40691831695306,1.32820619275322e-09,5.20643837669141e-07,3.8576550821889e-07,"CBL/CD200/PSMB10/PTPRC/PSMB8/CD274/CRTAM/CD300A/LAPTM5/CDKN2A/PAG1/TNFAIP3/MNDA/LGALS3/PSMA2/CD84/BTN2A2/SYT11/CD86/LOXL3/GPNMB/CBFB/ANXA1/LYN/PSMB9/PTPN22/RUNX3/TYROBP/HLA-E/CSK/SAMSN1/NR1D1",32
"GO:0002429","immune response-activating cell surface receptor signaling pathway","48/962","235/11930",0.204255319148936,2.5330207457867,7.02922887726449,1.33732350960183e-09,5.20643837669141e-07,3.8576550821889e-07,"CBL/CD8A/NMI/CD247/CD36/MASP1/LPXN/BTN3A2/TLR4/PTPRC/LCP2/CD274/IRAK4/CD300A/HCK/INPP5D/NCKAP1L/LAPTM5/TNFAIP3/MNDA/CD3E/LGALS3/NCK1/CLEC2B/BTN2A2/TLR2/CD86/LAT2/RAB7B/CLEC7A/LY96/TREM2/CD276/OAS1/LYN/PRKCH/PTPN22/BTN3A1/TYROBP/BAX/MEF2C/RFTN1/FYB1/BTN3A3/BTN2A1/CSK/NR1D1/C3",48
"GO:0002694","regulation of leukocyte activation","66/962","379/11930",0.174142480211082,2.15958398016446,6.79419260593344,1.41159648712826e-09,5.20643837669141e-07,3.8576550821889e-07,"CBL/IL4R/CD200/CD24/CD1D/IL16/PSMB10/TLR4/PTPRC/PSMB8/SLC7A1/SLAMF8/B2M/CD274/PRDM1/CRTAM/CD300A/IL2RG/CD2/INPP5D/NCKAP1L/ACTB/SIRPA/SPI1/PTPRE/LAPTM5/CDKN2A/SLC15A4/PAG1/TNFAIP3/MNDA/CD3E/LGALS3/NCK1/PSMA2/CD84/BTN2A2/CYRIB/SYT11/CEBPA/CCL5/CD86/LOXL3/GPNMB/CLEC7A/CBFB/TREM2/CD276/ANXA1/LYN/PSMB9/PTPN22/CD27/RUNX3/TYROBP/HLA-E/FCGR3A/MEF2C/CAV1/TCF7/NR5A2/CSK/TNFSF13B/SAMSN1/NR1D1/CD6",66
"GO:0006909","phagocytosis","39/962","174/11930",0.224137931034483,2.77958993476235,7.00310455943694,3.09747887040751e-09,9.7957739018737e-07,7.25807437685461e-07,"SCARB1/CD36/MASP1/CORO1C/TLR4/GZMK/PTPRC/NCF2/CD300A/IL2RG/HCK/NCKAP1L/DNASE2/DYSF/SIRPA/FCGR2A/ELMO1/RAB31/DOCK2/ITGAX/LMAN2/MSR1/SYT11/IL15RA/RAB27A/TLR2/ITGB2/RAB7B/CAMK1D/CLEC7A/TREM2/ANXA1/LYN/TYROBP/ARHGAP25/CSK/PECAM1/ITGB1/C3",39
"GO:0042110","T cell activation","63/962","361/11930",0.174515235457064,2.16420661018999,6.65214313857917,3.09852766891622e-09,9.7957739018737e-07,7.25807437685461e-07,"CBL/CD8A/PRR7/CD247/CD24/CD1D/PSMB10/JAG2/SLAMF7/PTPRC/PSMB8/SLC7A1/B2M/CD274/PRDM1/CRTAM/CD300A/IL2RG/CD2/EIF2AK4/NCKAP1L/ACTB/SIRPA/SPI1/CLEC4A/LAPTM5/CDKN2A/DLL4/PAG1/CD3E/MR1/LGALS3/NCK1/PSMA2/CLEC2B/CD84/BTN2A2/CYRIB/CCL5/CD86/LOXL3/GPNMB/CLEC7A/CBFB/TREM2/CD276/ANXA1/LYN/PSMB9/PTPN22/CD27/RUNX3/BTN3A1/TYROBP/HLA-E/LCP1/CAV1/TCF7/NR5A2/CSK/FKBP1A/PECAM1/CD6",63
"GO:0050865","regulation of cell activation","70/962","423/11930",0.16548463356974,2.05221588200312,6.52559045796221,4.1789499680368e-09,1.23306883723539e-06,9.13629226448789e-07,"CBL/IL4R/CD200/CD24/CD1D/IL16/PSMB10/TLR4/PTPRC/PSMB8/SLC7A1/SLAMF8/B2M/CD274/PRDM1/CRTAM/CD300A/IL2RG/CD2/INPP5D/NCKAP1L/ACTB/SIRPA/SPI1/PTPRE/LAPTM5/CDKN2A/SLC15A4/PAG1/TNFAIP3/MNDA/CD3E/LGALS3/PDGFA/NCK1/PSMA2/CD84/BTN2A2/CYRIB/ACTA2/SYT11/CEBPA/CCL5/CD86/LOXL3/SH2B3/GPNMB/CLEC7A/CBFB/TREM2/CD276/EMILIN2/ANXA1/LYN/PSMB9/PTPN22/CD27/RUNX3/TYROBP/HLA-E/FCGR3A/MEF2C/CAV1/TCF7/NR5A2/CSK/TNFSF13B/SAMSN1/NR1D1/CD6",70
"GO:0002443","leukocyte mediated immunity","47/962","236/11930",0.199152542372881,2.46973994855351,6.75368483146716,4.70188967480516e-09,1.30066023129298e-06,9.6371035022926e-07,"CBL/SERPINB9/CD8A/C1QB/CD1D/BTN3A2/SLAMF7/PTPRC/B2M/CD274/IRAK4/STX4/CRTAM/CD300A/IL2RG/CD2/ARID5A/INPP5D/NCKAP1L/CALHM6/SPI1/FCGR2A/SLC15A4/C1QC/PRF1/PCYT1A/MR1/C1QA/CD84/CYRIB/GAB2/JAG1/ITGB2/LAT2/ARRB2/CLEC7A/TREM2/LYN/CD27/TYROBP/HLA-F/HLA-E/FCGR3A/RFTN1/BTN3A3/TUBB/C3",47
"GO:0061620","glycolytic process through glucose-6-phosphate","11/962","17/11930",0.647058823529412,8.02433655374832,8.58311706225414,6.98035936380227e-09,1.78816435078727e-06,1.32492133710553e-06,"TPI1/GAPDH/ALDOA/ADPGK/ENO2/PFKP/PKM/HK1/ENO1/PGK1/HK2",11
"GO:0045088","regulation of innate immune response","63/962","369/11930",0.170731707317073,2.11728614167639,6.45662746109539,7.49656208580798e-09,1.78816435078727e-06,1.32492133710553e-06,"DDX41/SERPINB9/NMI/CD1D/CD36/MASP1/LACC1/PARP9/CSNK1A1/OGT/TLR4/BIRC3/SLAMF8/B2M/CD274/IRAK4/CRTAM/CD300A/HCK/INPP5D/CALHM6/SPI1/CTSS/GRAMD4/SLC15A4/NOD1/TLR3/TNFAIP3/MNDA/TRIM21/MSR1/CCL5/ISG15/TLR2/GBP5/RAB7B/ARRB2/CLEC7A/LY96/NCF1/NLRC5/TREM2/OAS1/DDX39A/LYN/PTPN22/EGFR/P2RX7/IFI16/TYROBP/TRAF3IP3/HLA-F/HLA-E/TLR7/CASP1/ATG12/RFTN1/GDI1/OAS3/GBP2/NR1D1/C3/SAMHD1",63
"GO:0050764","regulation of phagocytosis","22/962","68/11930",0.323529411764706,4.01216827687416,7.37701321245835,7.6762590747759e-09,1.78816435078727e-06,1.32492133710553e-06,"SCARB1/MASP1/PTPRC/CD300A/IL2RG/HCK/NCKAP1L/DYSF/SIRPA/FCGR2A/RAB31/DOCK2/LMAN2/SYT11/IL15RA/RAB27A/TLR2/CAMK1D/CLEC7A/TREM2/CSK/C3",22
"GO:0001819","positive regulation of cytokine production","60/962","346/11930",0.173410404624277,2.15050532969608,6.43166246186398,9.50061572308103e-09,2.10248625951783e-06,1.55781480878978e-06,"IL4R/CD200/IL16/CD36/LACC1/PSMB10/BTN3A2/TLR4/PTPRC/HPSE/PSMB8/B2M/CD274/GAPDH/CRTAM/CD2/ARID5A/HILPDA/FCGR2A/LAPTM5/IL17RA/CD34/NOD1/TLR3/PSMA2/CYRIB/NMB/MAPK9/ISG15/TLR2/CD86/GBP5/RAB7B/CLEC7A/LY96/TREM2/CD276/OAS1/ANXA1/SLC7A5/PSMB9/PTPN22/HK1/P2RX7/HMOX1/IFI16/BTN3A1/TYROBP/TRAF3IP3/HLA-F/HLA-E/TLR7/FCGR3A/CASP1/OAS2/RFTN1/TRADD/OAS3/C3/CD6",60
"GO:0001568","blood vessel development","74/962","475/11930",0.155789473684211,1.93198380566802,6.13879963331276,2.14415277859786e-08,4.51905723717815e-06,3.34834734542294e-06,"CD36/VEGFC/ETS1/CEMIP2/CDH13/HPSE/ANXA2/PML/SEMA6A/FOXF1/COL4A1/ALOX5/SP1/SP100/NOTCH3/MYDGF/JCAD/PLXDC1/VEGFB/NRXN3/CCN3/MESP1/CD34/HEY1/FMNL3/TLR3/DLL4/LOXL2/TNFAIP3/HSPG2/CDH5/ADM/CCM2/ELMO1/RNF213/EFNB2/PDGFA/APLN/PDGFD/ITGAX/TYMP/ACTA2/ATP2B4/GNAI2/HEY2/ZNF304/FASLG/SPRED1/JAG1/ITGB2/CLEC14A/LOX/GPNMB/HHEX/EMILIN2/ANXA1/MCAM/RBPJ/PKM/PTPRM/VEGFA/VASH1/ANGPTL4/HMOX1/MEF2C/CAV1/PGK1/TMED2/CSPG4/HK2/PECAM1/ITGB1/CXCL10/C3",74
"GO:0032103","positive regulation of response to external stimulus","75/962","486/11930",0.154320987654321,1.91377274710608,6.0910651641165,2.5840461779158e-08,5.19863108338878e-06,3.85187035134067e-06,"DDX41/NMI/CD1D/IL16/CD36/MASP1/LACC1/VEGFC/PARP9/ETS1/CSNK1A1/CDH13/OGT/TLR4/BIRC3/GZMK/CD274/IRAK4/STX4/CRTAM/CD300A/HCK/VEGFB/NCKAP1L/SPI1/GPR4/CTSS/GRAMD4/IL17RA/SLC15A4/NOD1/TLR3/NUPR1/TNFAIP3/MNDA/MET/PDGFD/MSR1/CEBPA/TMSB4X/CCL5/TLR2/STK39/GBP5/RAB7B/ARRB2/CAMK1D/CLEC7A/LY96/NLRC5/TREM2/EMILIN2/OAS1/LYN/VEGFA/PTPN22/EGFR/SCARF1/P2RX7/IFI16/TYROBP/TRAF3IP3/HLA-F/HLA-E/TLR7/CCL4/OSMR/CASP1/RFTN1/TRADD/GDI1/OAS3/GBP2/NR1D1/CXCL10",75
"GO:0051250","negative regulation of lymphocyte activation","27/962","104/11930",0.259615384615385,3.21955461378538,6.73270215553634,3.26114391316183e-08,6.27557519984969e-06,4.64982062819364e-06,"CBL/PSMB10/PSMB8/CD274/CRTAM/CD300A/LAPTM5/CDKN2A/PAG1/TNFAIP3/MNDA/LGALS3/PSMA2/BTN2A2/CD86/LOXL3/GPNMB/CBFB/ANXA1/LYN/PSMB9/PTPN22/RUNX3/TYROBP/HLA-E/CSK/SAMSN1",27
"GO:0061615","glycolytic process through fructose-6-phosphate","11/962","19/11930",0.578947368421053,7.1796695480906,7.98350818353171,3.66406778634037e-08,6.75715167597603e-06,5.00663959082813e-06,"TPI1/GAPDH/ALDOA/ADPGK/ENO2/PFKP/PKM/HK1/ENO1/PGK1/HK2",11
"GO:0050777","negative regulation of immune response","33/962","147/11930",0.224489795918367,2.78395349823921,6.44525482295519,4.85264761402345e-08,8.4109618136256e-06,6.23201260418042e-06,"SERPINB9/NMI/MASP1/PTPRC/SLAMF8/RHBDF2/CD274/CD300A/HCK/INPP5D/NCKAP1L/SPI1/TNFAIP3/LGALS3/TRIM21/IL18BP/ISG15/ARRB2/LOXL3/NLRC5/TREM2/OAS1/ANXA1/DDX39A/LYN/IFI16/HLA-F/HLA-E/ATG12/WDR41/OAS3/SAMSN1/SAMHD1",33
"GO:0001906","cell killing","28/962","113/11930",0.247787610619469,3.07287546225599,6.55668997376325,5.42913967533157e-08,8.4109618136256e-06,6.23201260418042e-06,"SERPINB9/LYZ/CD1D/SLAMF7/PTPRC/GZMH/CRTAM/CD2/INPP5D/NCKAP1L/SPI1/FCGR2A/PRF1/MR1/LGALS3/CYRIB/RAB27A/GZMA/GBP5/ARRB2/CXCL9/TYROBP/HLA-F/HLA-E/FCGR3A/GBP2/TUBB/CXCL10",28
"GO:0001944","vasculature development","75/962","495/11930",0.151515151515152,1.87897687897688,5.91545017557178,5.6585658456192e-08,8.4109618136256e-06,6.23201260418042e-06,"CXCR4/CD36/VEGFC/ETS1/CEMIP2/CDH13/HPSE/ANXA2/PML/SEMA6A/FOXF1/COL4A1/ALOX5/SP1/SP100/NOTCH3/MYDGF/JCAD/PLXDC1/VEGFB/NRXN3/CCN3/MESP1/CD34/HEY1/FMNL3/TLR3/DLL4/LOXL2/TNFAIP3/HSPG2/CDH5/ADM/CCM2/ELMO1/RNF213/EFNB2/PDGFA/APLN/PDGFD/ITGAX/TYMP/ACTA2/ATP2B4/GNAI2/HEY2/ZNF304/FASLG/SPRED1/JAG1/ITGB2/CLEC14A/LOX/GPNMB/HHEX/EMILIN2/ANXA1/MCAM/RBPJ/PKM/PTPRM/VEGFA/VASH1/ANGPTL4/HMOX1/MEF2C/CAV1/PGK1/TMED2/CSPG4/HK2/PECAM1/ITGB1/CXCL10/C3",75
"GO:0061621","canonical glycolysis","10/962","16/11930",0.625,7.75077962577963,8.00222869461526,5.67561741652925e-08,8.4109618136256e-06,6.23201260418042e-06,"TPI1/GAPDH/ALDOA/ENO2/PFKP/PKM/HK1/ENO1/PGK1/HK2",10
"GO:0061718","glucose catabolic process to pyruvate","10/962","16/11930",0.625,7.75077962577963,8.00222869461526,5.67561741652925e-08,8.4109618136256e-06,6.23201260418042e-06,"TPI1/GAPDH/ALDOA/ENO2/PFKP/PKM/HK1/ENO1/PGK1/HK2",10
"GO:0070663","regulation of leukocyte proliferation","33/962","148/11930",0.222972972972973,2.76514300162949,6.39922054465194,5.77261257067913e-08,8.4109618136256e-06,6.23201260418042e-06,"CD24/CD1D/PTPRC/SLC7A1/CD274/CRTAM/CD300A/IL2RG/NCKAP1L/LAPTM5/CDKN2A/TNFAIP3/MNDA/CD3E/LGALS3/NCK1/BTN2A2/NMB/CCL5/CD86/GPNMB/HHEX/CD276/ANXA1/LYN/PTPN22/TYROBP/HLA-E/FCGR3A/MEF2C/NR5A2/TNFSF13B/CD6",33
"GO:0050851","antigen receptor-mediated signaling pathway","32/962","141/11930",0.226950354609929,2.81446749531856,6.4186855391361,5.8910939047084e-08,8.4109618136256e-06,6.23201260418042e-06,"CBL/CD8A/CD247/LPXN/BTN3A2/PTPRC/LCP2/CD274/CD300A/INPP5D/NCKAP1L/LAPTM5/MNDA/CD3E/LGALS3/NCK1/CLEC2B/BTN2A2/CD86/LAT2/CD276/LYN/PRKCH/PTPN22/BTN3A1/BAX/MEF2C/RFTN1/FYB1/BTN3A3/BTN2A1/CSK",32
"GO:0032729","positive regulation of type II interferon production","18/962","53/11930",0.339622641509434,4.21174440042365,6.93987050209362,7.60758767458924e-08,1.05222447024162e-05,7.79634518177206e-06,"PSMB10/BTN3A2/TLR4/PSMB8/CRTAM/CD2/ARID5A/TLR3/PSMA2/CYRIB/ISG15/CLEC7A/CD276/SLC7A5/PSMB9/PTPN22/BTN3A1/TLR7",18
"GO:0030100","regulation of endocytosis","43/962","226/11930",0.190265486725664,2.35952937280371,6.11084815683492,8.51376075251965e-08,1.14187591183794e-05,8.4606079930787e-06,"CBL/TF/SCARB1/MASP1/CDH13/BMP2K/PTPRC/B2M/ANXA2/CD300A/IL2RG/CD63/HCK/NCKAP1L/ACTB/CD151/DYSF/SIRPA/FCGR2A/BICD1/RALA/EFNB2/LGALS3/RAB31/DOCK2/APLN/LMAN2/SNX33/SYT11/IL15RA/RAB27A/TLR2/ARRB2/CAMK1D/CLEC7A/TREM2/VEGFA/ARPC3/CAV1/NLGN1/CSK/APOC1/C3",43
"GO:0002449","lymphocyte mediated immunity","36/962","173/11930",0.208092485549133,2.5806063956353,6.20189432256587,9.50194617244254e-08,1.23692981644796e-05,9.16489977888444e-06,"SERPINB9/CD8A/C1QB/CD1D/BTN3A2/SLAMF7/PTPRC/B2M/CD274/CRTAM/IL2RG/CD2/ARID5A/INPP5D/NCKAP1L/CALHM6/FCGR2A/SLC15A4/C1QC/PRF1/PCYT1A/MR1/C1QA/CYRIB/JAG1/ARRB2/TREM2/CD27/TYROBP/HLA-F/HLA-E/FCGR3A/RFTN1/BTN3A3/TUBB/C3",36
"GO:0051249","regulation of lymphocyte activation","56/962","334/11930",0.167664670658683,2.07925106128699,5.92471479281776,9.85880710110197e-08,1.24671657798507e-05,9.23741374649578e-06,"CBL/CD24/CD1D/PSMB10/PTPRC/PSMB8/SLC7A1/SLAMF8/B2M/CD274/PRDM1/CRTAM/CD300A/IL2RG/CD2/INPP5D/NCKAP1L/ACTB/SIRPA/SPI1/LAPTM5/CDKN2A/SLC15A4/PAG1/TNFAIP3/MNDA/CD3E/LGALS3/NCK1/PSMA2/BTN2A2/CYRIB/CCL5/CD86/LOXL3/GPNMB/CLEC7A/CBFB/CD276/ANXA1/LYN/PSMB9/PTPN22/CD27/RUNX3/TYROBP/HLA-E/FCGR3A/MEF2C/CAV1/TCF7/NR5A2/CSK/TNFSF13B/SAMSN1/CD6",56
"GO:0006007","glucose catabolic process","10/962","17/11930",0.588235294117647,7.29485141249847,7.69175083647424,1.27864481024564e-07,1.57202275837422e-05,1.16477352546957e-05,"TPI1/GAPDH/ALDOA/ENO2/PFKP/PKM/HK1/ENO1/PGK1/HK2",10
"GO:0071706","tumor necrosis factor superfamily cytokine production","30/962","132/11930",0.227272727272727,2.81846531846532,6.22176533326749,1.4720503625527e-07,1.71455129069954e-05,1.27037852399278e-05,"PSMB10/TLR4/PTPRC/PSMB8/CD274/CD2/ARID5A/SIRPA/CLEC4A/FCGR2A/NOD1/TLR3/TNFAIP3/PSMA2/SYT11/TLR2/CD86/ARRB2/GPNMB/CLEC7A/LY96/TREM2/OAS1/PSMB9/PTPN22/TYROBP/HLA-E/FCGR3A/OAS2/OAS3",30
"GO:1903555","regulation of tumor necrosis factor superfamily cytokine production","30/962","132/11930",0.227272727272727,2.81846531846532,6.22176533326749,1.4720503625527e-07,1.71455129069954e-05,1.27037852399278e-05,"PSMB10/TLR4/PTPRC/PSMB8/CD274/CD2/ARID5A/SIRPA/CLEC4A/FCGR2A/NOD1/TLR3/TNFAIP3/PSMA2/SYT11/TLR2/CD86/ARRB2/GPNMB/CLEC7A/LY96/TREM2/OAS1/PSMB9/PTPN22/TYROBP/HLA-E/FCGR3A/OAS2/OAS3",30
"GO:0031349","positive regulation of defense response","62/962","391/11930",0.158567774936061,1.96643820684741,5.75445525300813,1.63415608352288e-07,1.85455764760828e-05,1.37411474349471e-05,"DDX41/NMI/CD1D/IL16/CD36/MASP1/LACC1/PARP9/ETS1/CSNK1A1/OGT/TLR4/BIRC3/GZMK/CD274/IRAK4/CRTAM/CD300A/HCK/SPI1/GPR4/CTSS/GRAMD4/IL17RA/SLC15A4/NOD1/TLR3/NUPR1/TNFAIP3/MNDA/MSR1/CEBPA/CCL5/TLR2/GBP5/RAB7B/ARRB2/CLEC7A/LY96/NLRC5/TREM2/EMILIN2/OAS1/LYN/PTPN22/EGFR/P2RX7/IFI16/TYROBP/TRAF3IP3/HLA-F/HLA-E/TLR7/MEF2C/OSMR/CASP1/RFTN1/TRADD/GDI1/OAS3/GBP2/NR1D1",62
"GO:0070661","leukocyte proliferation","36/962","177/11930",0.203389830508475,2.52228760703337,6.04275256412618,1.73725565570088e-07,1.87846663908671e-05,1.3918298561713e-05,"CD24/CD1D/PTPRC/SLC7A1/CD274/CRTAM/CD300A/IL2RG/NCKAP1L/LAPTM5/CDKN2A/TNFAIP3/MNDA/PCYT1A/CD3E/LGALS3/NCK1/BTN2A2/NMB/CCL5/CD86/GPNMB/HHEX/TREM2/CD276/ANXA1/LYN/PTPN22/BTN3A1/TYROBP/HLA-E/FCGR3A/MEF2C/NR5A2/TNFSF13B/CD6",36
"GO:0048514","blood vessel morphogenesis","68/962","445/11930",0.152808988764045,1.89502207479736,5.69867759154621,1.7401069182683e-07,1.87846663908671e-05,1.3918298561713e-05,"CD36/VEGFC/ETS1/CEMIP2/CDH13/HPSE/ANXA2/PML/SEMA6A/FOXF1/COL4A1/ALOX5/SP1/SP100/NOTCH3/MYDGF/JCAD/PLXDC1/VEGFB/NRXN3/CCN3/CD34/HEY1/FMNL3/TLR3/DLL4/LOXL2/TNFAIP3/HSPG2/CDH5/ADM/CCM2/ELMO1/RNF213/EFNB2/PDGFA/APLN/ITGAX/TYMP/ATP2B4/GNAI2/HEY2/ZNF304/FASLG/SPRED1/JAG1/ITGB2/CLEC14A/LOX/GPNMB/HHEX/EMILIN2/ANXA1/MCAM/RBPJ/PKM/PTPRM/VEGFA/VASH1/ANGPTL4/HMOX1/CAV1/PGK1/CSPG4/HK2/ITGB1/CXCL10/C3",68
"GO:0007159","leukocyte cell-cell adhesion","50/962","292/11930",0.171232876712329,2.12350126733688,5.75640909070415,2.48456544218516e-07,2.5958659992029e-05,1.92337927388859e-05,"CBL/CD24/CD1D/PSMB10/ETS1/PTPRC/PSMB8/SLC7A1/B2M/CD274/CRTAM/CD300A/ALOX5/IL2RG/NCKAP1L/ACTB/SIRPA/LAPTM5/CDKN2A/PAG1/CD3E/EFNB2/LGALS3/NCK1/PSMA2/BTN2A2/ITGAX/CYRIB/STK10/CCL5/CD86/ITGB2/LOXL3/GPNMB/CBFB/CD276/SELPLG/ANXA1/LYN/PSMB9/PTPN22/CD27/RUNX3/HLA-E/CAV1/NR5A2/CSK/PECAM1/ITGB1/CD6",50
"GO:0032609","type II interferon production","22/962","81/11930",0.271604938271605,3.3682400349067,6.33363763678521,2.58061689934314e-07,2.5958659992029e-05,1.92337927388859e-05,"PSMB10/BTN3A2/TLR4/PSMB8/CD274/CRTAM/CD2/ARID5A/SIRPA/LAPTM5/TLR3/UBA5/PSMA2/CYRIB/ISG15/CLEC7A/CD276/SLC7A5/PSMB9/PTPN22/BTN3A1/TLR7",22
"GO:0032649","regulation of type II interferon production","22/962","81/11930",0.271604938271605,3.3682400349067,6.33363763678521,2.58061689934314e-07,2.5958659992029e-05,1.92337927388859e-05,"PSMB10/BTN3A2/TLR4/PSMB8/CD274/CRTAM/CD2/ARID5A/SIRPA/LAPTM5/TLR3/UBA5/PSMA2/CYRIB/ISG15/CLEC7A/CD276/SLC7A5/PSMB9/PTPN22/BTN3A1/TLR7",22
"GO:0001525","angiogenesis","63/962","407/11930",0.154791154791155,1.91960340608989,5.59037355965904,3.14043182401537e-07,3.08878916735378e-05,2.28860544717027e-05,"CD36/VEGFC/ETS1/CEMIP2/CDH13/HPSE/ANXA2/PML/SEMA6A/COL4A1/ALOX5/SP1/SP100/NOTCH3/MYDGF/JCAD/PLXDC1/VEGFB/NRXN3/CCN3/CD34/HEY1/FMNL3/TLR3/DLL4/LOXL2/TNFAIP3/HSPG2/CDH5/ADM/CCM2/RNF213/EFNB2/PDGFA/APLN/ITGAX/TYMP/ATP2B4/GNAI2/ZNF304/FASLG/SPRED1/JAG1/ITGB2/CLEC14A/GPNMB/HHEX/EMILIN2/ANXA1/MCAM/RBPJ/PKM/PTPRM/VEGFA/VASH1/ANGPTL4/HMOX1/PGK1/CSPG4/HK2/ITGB1/CXCL10/C3",63
"GO:0009615","response to virus","51/962","303/11930",0.168316831683168,2.08733867149709,5.67777458588576,3.26817217714626e-07,3.14455001218465e-05,2.32992085146123e-05,"APOBEC3D/NMI/DTX3L/CXCR4/PARP9/DCLK1/SLFN13/PTPRC/APOBEC3F/RTP4/ISG20/IFNAR2/PML/EIF2AK4/SLFN11/IL17RA/NT5C3A/DDX60L/PRF1/TLR3/TNFAIP3/NCK1/PSMA2/TRIM21/ACTA2/NMB/CCL5/IFI44/PIM2/ISG15/TLR2/GBP5/NLRC5/OAS1/RNASE6/IFI16/TRAF3IP3/BAX/TLR7/ENO1/MARCHF2/CCL4/MLKL/CASP1/ATG12/OAS2/OAS3/GBP2/TRIM22/CXCL10/SAMHD1",51
"GO:0002833","positive regulation of response to biotic stimulus","53/962","321/11930",0.165109034267913,2.04755798213742,5.63454712431829,3.6050761964435e-07,3.34635022594237e-05,2.47944257127538e-05,"DDX41/NMI/CD1D/CD36/MASP1/LACC1/PARP9/CSNK1A1/OGT/TLR4/BIRC3/CD274/IRAK4/CRTAM/CD300A/HCK/SPI1/CTSS/GRAMD4/SLC15A4/NOD1/TLR3/TNFAIP3/MNDA/MR1/MSR1/CCL5/TLR2/GBP5/RAB7B/ARRB2/CLEC7A/LY96/NLRC5/TREM2/EMILIN2/OAS1/LYN/PTPN22/EGFR/P2RX7/IFI16/TYROBP/TRAF3IP3/HLA-F/HLA-E/TLR7/CASP1/RFTN1/GDI1/OAS3/GBP2/NR1D1",53
"GO:0045089","positive regulation of innate immune response","51/962","304/11930",0.167763157894737,2.08047242586716,5.65146646481043,3.62911908823393e-07,3.34635022594237e-05,2.47944257127538e-05,"DDX41/NMI/CD1D/CD36/MASP1/LACC1/PARP9/CSNK1A1/OGT/TLR4/BIRC3/CD274/IRAK4/CRTAM/CD300A/HCK/SPI1/CTSS/GRAMD4/SLC15A4/NOD1/TLR3/TNFAIP3/MNDA/MSR1/CCL5/TLR2/GBP5/RAB7B/ARRB2/CLEC7A/LY96/NLRC5/TREM2/OAS1/LYN/PTPN22/EGFR/P2RX7/IFI16/TYROBP/TRAF3IP3/HLA-F/HLA-E/TLR7/CASP1/RFTN1/GDI1/OAS3/GBP2/NR1D1",51
"GO:0050670","regulation of lymphocyte proliferation","29/962","131/11930",0.221374045801527,2.74531431019981,5.94856937991294,4.28586982410451e-07,3.87127751867073e-05,2.86838185991439e-05,"CD24/CD1D/PTPRC/SLC7A1/CD274/CRTAM/CD300A/NCKAP1L/LAPTM5/CDKN2A/MNDA/CD3E/LGALS3/NCK1/BTN2A2/CCL5/CD86/GPNMB/CD276/ANXA1/LYN/PTPN22/TYROBP/HLA-E/FCGR3A/MEF2C/NR5A2/TNFSF13B/CD6",29
"GO:0032944","regulation of mononuclear cell proliferation","29/962","132/11930",0.21969696969697,2.72451647451647,5.90032524065424,5.07811025502685e-07,4.49514319774977e-05,3.33062849252158e-05,"CD24/CD1D/PTPRC/SLC7A1/CD274/CRTAM/CD300A/NCKAP1L/LAPTM5/CDKN2A/MNDA/CD3E/LGALS3/NCK1/BTN2A2/CCL5/CD86/GPNMB/CD276/ANXA1/LYN/PTPN22/TYROBP/HLA-E/FCGR3A/MEF2C/NR5A2/TNFSF13B/CD6",29
"GO:0071219","cellular response to molecule of bacterial origin","31/962","147/11930",0.210884353741497,2.61522904380047,5.83566936862854,5.39916757410425e-07,4.68563052607557e-05,3.4717680503234e-05,"CD200/SCARB1/CD36/TLR4/PTAFR/B2M/CD274/IRAK4/HCK/ARID5A/ABCA1/SIRPA/SPI1/TNFAIP3/EFNB2/CYRIB/TLR2/CD86/GBP5/LY96/TREM2/LYN/SLC7A5/PTPN22/CXCL9/MEF2C/CASP1/GBP2/NR1D1/CXCL10/CD6",31
"GO:0009617","response to bacterium","54/962","334/11930",0.161676646706587,2.00499209481245,5.51705876823494,5.56428950075018e-07,4.73606640967698e-05,3.50913798128632e-05,"CD200/LYZ/TF/CD24/CD1D/SCARB1/CD36/TLR4/PTAFR/SLAMF8/B2M/CD274/IRAK4/HCK/ARID5A/ABCA1/SIRPA/SPI1/NOD1/TLR3/TNFAIP3/SLC9A9/ADM/RNF213/MR1/EFNB2/CYRIB/SYT11/IL18BP/ISG15/FASLG/TLR2/CD86/GBP5/LY96/TREM2/EMILIN2/OAS1/LYN/SLC7A5/PTPN22/CXCL9/RNASE6/HLA-E/MARCHF2/MEF2C/CAV1/CASP1/OAS2/OAS3/GBP2/NR1D1/CXCL10/CD6",54
"GO:1903037","regulation of leukocyte cell-cell adhesion","45/962","258/11930",0.174418604651163,2.16300826765943,5.59301327383547,5.82981245331028e-07,4.868443380821e-05,3.60722128863606e-05,"CBL/CD24/CD1D/PSMB10/ETS1/PTPRC/PSMB8/SLC7A1/B2M/CD274/CRTAM/CD300A/ALOX5/IL2RG/NCKAP1L/ACTB/SIRPA/LAPTM5/CDKN2A/PAG1/CD3E/EFNB2/LGALS3/NCK1/PSMA2/BTN2A2/CYRIB/CCL5/CD86/ITGB2/LOXL3/GPNMB/CBFB/CD276/ANXA1/LYN/PSMB9/PTPN22/CD27/RUNX3/HLA-E/CAV1/NR5A2/CSK/CD6",45
"GO:0002274","myeloid leukocyte activation","32/962","156/11930",0.205128205128205,2.5438456207687,5.74817508686993,6.83605029935042e-07,5.6030293749861e-05,4.15150495986556e-05,"CBL/IL4R/CD200/NMI/IL16/TLR4/PTPRC/LCP2/STX4/CD300A/CD2/PREX1/DYSF/SPI1/PTPRE/C1QA/DOCK2/CD84/SYT11/CEBPA/CCL5/GAB2/STK39/ITGB2/LAT2/TREM2/ANXA1/LYN/CRTC3/TYROBP/FCGR3A/NR1D1",32
"GO:0002460","adaptive immune response based on somatic recombination of immune receptors built from immunoglobulin superfamily domains","39/962","212/11930",0.183962264150943,2.28136155022947,5.57492085227964,8.32368459748075e-07,6.66490368682734e-05,4.93828942543401e-05,"CD8A/C1QB/CD1D/PSMB10/BTN3A2/TLR4/PTPRC/PSMB8/B2M/CD274/IL2RG/ARID5A/NCKAP1L/FCGR2A/IL17RA/SLC15A4/C1QC/PRF1/TNFAIP3/PCYT1A/MR1/PSMA2/C1QA/CYRIB/IL18BP/JAG1/LOXL3/CLEC7A/TREM2/ANXA1/PSMB9/CD27/HLA-F/HLA-E/FCGR3A/MEF2C/RFTN1/BTN3A3/C3",39
"GO:0050863","regulation of T cell activation","44/962","253/11930",0.173913043478261,2.15673867847781,5.50751530198754,8.44179865898865e-07,6.66490368682734e-05,4.93828942543401e-05,"CBL/CD24/CD1D/PSMB10/PTPRC/PSMB8/SLC7A1/B2M/CD274/PRDM1/CRTAM/CD300A/IL2RG/CD2/NCKAP1L/ACTB/SIRPA/LAPTM5/CDKN2A/PAG1/CD3E/LGALS3/NCK1/PSMA2/BTN2A2/CYRIB/CCL5/CD86/LOXL3/GPNMB/CBFB/CD276/ANXA1/LYN/PSMB9/PTPN22/CD27/RUNX3/HLA-E/CAV1/TCF7/NR5A2/CSK/CD6",44
"GO:0032640","tumor necrosis factor production","28/962","128/11930",0.21875,2.71277286902287,5.76969411167631,8.73394518382255e-07,6.66490368682734e-05,4.93828942543401e-05,"PSMB10/TLR4/PTPRC/PSMB8/CD2/ARID5A/SIRPA/CLEC4A/FCGR2A/NOD1/TLR3/TNFAIP3/PSMA2/SYT11/TLR2/ARRB2/GPNMB/CLEC7A/LY96/TREM2/OAS1/PSMB9/PTPN22/TYROBP/HLA-E/FCGR3A/OAS2/OAS3",28
"GO:0032680","regulation of tumor necrosis factor production","28/962","128/11930",0.21875,2.71277286902287,5.76969411167631,8.73394518382255e-07,6.66490368682734e-05,4.93828942543401e-05,"PSMB10/TLR4/PTPRC/PSMB8/CD2/ARID5A/SIRPA/CLEC4A/FCGR2A/NOD1/TLR3/TNFAIP3/PSMA2/SYT11/TLR2/ARRB2/GPNMB/CLEC7A/LY96/TREM2/OAS1/PSMB9/PTPN22/TYROBP/HLA-E/FCGR3A/OAS2/OAS3",28
"GO:1901342","regulation of vasculature development","41/962","229/11930",0.179039301310044,2.22031067009233,5.52207746292219,9.16503464423959e-07,6.87532937888211e-05,5.09420210155677e-05,"CXCR4/CD36/VEGFC/ETS1/CEMIP2/HPSE/PML/SEMA6A/ALOX5/SP1/SP100/MYDGF/JCAD/VEGFB/CD34/TLR3/TNFAIP3/HSPG2/CDH5/ADM/CCM2/ITGAX/ATP2B4/ZNF304/FASLG/SPRED1/ITGB2/GPNMB/HHEX/EMILIN2/PKM/PTPRM/VEGFA/VASH1/ANGPTL4/HMOX1/PGK1/HK2/ITGB1/CXCL10/C3",41
"GO:0071216","cellular response to biotic stimulus","33/962","166/11930",0.198795180722892,2.46530821832027,5.63029766492711,9.70920163385715e-07,7.16215440524196e-05,5.30672205100812e-05,"CD200/SCARB1/CD36/TLR4/PTAFR/B2M/CD274/IRAK4/HCK/ARID5A/ABCA1/SIRPA/SPI1/TNFAIP3/EFNB2/CYRIB/TLR2/CD86/GBP5/CLEC7A/LY96/TREM2/LYN/SLC7A5/PTPN22/CXCL9/MEF2C/CASP1/GBP2/TIGAR/NR1D1/CXCL10/CD6",33
"GO:0050868","negative regulation of T cell activation","22/962","87/11930",0.252873563218391,3.13594761870624,5.9216835329834,9.88353062560419e-07,7.17123058179084e-05,5.31344694738784e-05,"CBL/PSMB10/PSMB8/CD274/CRTAM/CD300A/LAPTM5/CDKN2A/PAG1/LGALS3/PSMA2/BTN2A2/CD86/LOXL3/GPNMB/CBFB/ANXA1/PSMB9/PTPN22/RUNX3/HLA-E/CSK",22
"GO:0045807","positive regulation of endocytosis","26/962","115/11930",0.226086956521739,2.80376028202115,5.75621108299056,1.09843051492472e-06,7.8413765468658e-05,5.80998446515687e-05,"CBL/TF/MASP1/PTPRC/B2M/ANXA2/IL2RG/CD63/NCKAP1L/CD151/SIRPA/FCGR2A/BICD1/RAB31/DOCK2/APLN/LMAN2/IL15RA/RAB27A/ARRB2/CAMK1D/CLEC7A/TREM2/VEGFA/NLGN1/C3",26
"GO:0002758","innate immune response-activating signaling pathway","42/962","239/11930",0.175732217573222,2.17929870649536,5.45409598668424,1.12776309732753e-06,7.92298328376451e-05,5.87045010799393e-05,"DDX41/NMI/CD36/MASP1/LACC1/CSNK1A1/OGT/TLR4/BIRC3/CD274/IRAK4/CD300A/HCK/CTSS/GRAMD4/SLC15A4/NOD1/TLR3/TNFAIP3/MSR1/TLR2/GBP5/RAB7B/ARRB2/CLEC7A/LY96/TREM2/OAS1/LYN/PTPN22/EGFR/P2RX7/IFI16/TYROBP/TRAF3IP3/TLR7/CASP1/RFTN1/GDI1/OAS3/GBP2/NR1D1",42
"GO:0046651","lymphocyte proliferation","31/962","152/11930",0.203947368421053,2.52920177262283,5.61922789955231,1.16034223771191e-06,8.02449178767644e-05,5.94566175320504e-05,"CD24/CD1D/PTPRC/SLC7A1/CD274/CRTAM/CD300A/NCKAP1L/LAPTM5/CDKN2A/MNDA/PCYT1A/CD3E/LGALS3/NCK1/BTN2A2/CCL5/CD86/GPNMB/CD276/ANXA1/LYN/PTPN22/BTN3A1/TYROBP/HLA-E/FCGR3A/MEF2C/NR5A2/TNFSF13B/CD6",31
"GO:0045765","regulation of angiogenesis","40/962","224/11930",0.178571428571429,2.21450846450846,5.43433152936778,1.3314597732549e-06,9.0662168560403e-05,6.7175168513482e-05,"CD36/VEGFC/ETS1/CEMIP2/HPSE/PML/SEMA6A/ALOX5/SP1/SP100/MYDGF/JCAD/VEGFB/CD34/TLR3/TNFAIP3/HSPG2/CDH5/ADM/CCM2/ITGAX/ATP2B4/ZNF304/FASLG/SPRED1/ITGB2/GPNMB/HHEX/EMILIN2/PKM/PTPRM/VEGFA/VASH1/ANGPTL4/HMOX1/PGK1/HK2/ITGB1/CXCL10/C3",40
"GO:0032943","mononuclear cell proliferation","31/962","154/11930",0.201298701298701,2.496354996355,5.53505492045302,1.55720010923013e-06,0.000104426783082615,7.73739130916756e-05,"CD24/CD1D/PTPRC/SLC7A1/CD274/CRTAM/CD300A/NCKAP1L/LAPTM5/CDKN2A/MNDA/PCYT1A/CD3E/LGALS3/NCK1/BTN2A2/CCL5/CD86/GPNMB/CD276/ANXA1/LYN/PTPN22/BTN3A1/TYROBP/HLA-E/FCGR3A/MEF2C/NR5A2/TNFSF13B/CD6",31
"GO:0002697","regulation of immune effector process","40/962","226/11930",0.176991150442478,2.19491104446857,5.3709173922546,1.68081678485485e-06,0.000111034255071158,8.22696491117419e-05,"SERPINB9/CD1D/MASP1/TGFB3/LACC1/PTPRC/SLAMF8/B2M/CD274/GPI/STX4/CRTAM/CD300A/ARID5A/INPP5D/NCKAP1L/CALHM6/SPI1/LAPTM5/SLC15A4/MR1/LGALS3/CD84/CYRIB/GAB2/CD86/ITGB2/ARRB2/LOXL3/CLEC7A/NCF1/TREM2/ANXA1/LYN/SLC7A5/HK1/TYROBP/HLA-F/HLA-E/C3",40
"GO:0046032","ADP catabolic process","19/962","71/11930",0.267605633802817,3.31864367075635,5.80316589114867,2.14758759935899e-06,0.000139782686981807,0.00010357049365099,"OGT/TPI1/GAPDH/GPI/ALDOA/NUPR1/ALDOC/ADPGK/ENO2/PFKP/PKM/LDHA/HK1/P2RX7/ENO1/PGK1/ENTPD1/TIGAR/HK2",19
"GO:0071222","cellular response to lipopolysaccharide","29/962","142/11930",0.204225352112676,2.53264911715616,5.44117485487691,2.4799510761947e-06,0.000159076282075909,0.000117865877516794,"CD200/SCARB1/CD36/TLR4/PTAFR/B2M/CD274/IRAK4/HCK/ARID5A/ABCA1/SIRPA/SPI1/TNFAIP3/EFNB2/TLR2/CD86/GBP5/LY96/LYN/SLC7A5/PTPN22/CXCL9/MEF2C/CASP1/GBP2/NR1D1/CXCL10/CD6",29
"GO:0002221","pattern recognition receptor signaling pathway","40/962","230/11930",0.173913043478261,2.15673867847781,5.24604581550854,2.6486009888969e-06,0.000167467256812252,0.000124083080908865,"DDX41/NMI/CD36/MASP1/LACC1/CSNK1A1/OGT/TLR4/BIRC3/CD274/IRAK4/CD300A/CTSS/GRAMD4/SLC15A4/NOD1/TLR3/TNFAIP3/MSR1/TLR2/GBP5/RAB7B/ARRB2/CLEC7A/LY96/TREM2/OAS1/LYN/PTPN22/EGFR/P2RX7/IFI16/TRAF3IP3/TLR7/CASP1/RFTN1/GDI1/OAS3/GBP2/NR1D1",40
"GO:0006090","pyruvate metabolic process","22/962","92/11930",0.239130434782609,2.96551568290699,5.60476094438558,2.72069293587337e-06,0.000169602632875712,0.000125665265067707,"OGT/TPI1/GAPDH/GPI/ALDOA/VDAC1/PDK1/NUPR1/ALDOC/ADPGK/ENO2/SLC16A3/BCKDK/PFKP/PKM/LDHA/HK1/P2RX7/ENO1/PGK1/TIGAR/HK2",22
"GO:0050766","positive regulation of phagocytosis","15/962","48/11930",0.3125,3.87538981288981,5.91150973139012,3.07686265056445e-06,0.000189141584602753,0.000140142443318372,"MASP1/PTPRC/IL2RG/NCKAP1L/SIRPA/FCGR2A/RAB31/DOCK2/LMAN2/IL15RA/RAB27A/CAMK1D/CLEC7A/TREM2/C3",15
"GO:0009137","purine nucleoside diphosphate catabolic process","19/962","73/11930",0.26027397260274,3.22772192635206,5.65406548253749,3.37794410761729e-06,0.000202037575950191,0.000149697590803459,"OGT/TPI1/GAPDH/GPI/ALDOA/NUPR1/ALDOC/ADPGK/ENO2/PFKP/PKM/LDHA/HK1/P2RX7/ENO1/PGK1/ENTPD1/TIGAR/HK2",19
"GO:0009181","purine ribonucleoside diphosphate catabolic process","19/962","73/11930",0.26027397260274,3.22772192635206,5.65406548253749,3.37794410761729e-06,0.000202037575950191,0.000149697590803459,"OGT/TPI1/GAPDH/GPI/ALDOA/NUPR1/ALDOC/ADPGK/ENO2/PFKP/PKM/LDHA/HK1/P2RX7/ENO1/PGK1/ENTPD1/TIGAR/HK2",19
"GO:0050727","regulation of inflammatory response","45/962","275/11930",0.163636363636364,2.02929502929503,5.1141789210822,3.52254813472267e-06,0.000206845778232155,0.000153260177091285,"PRMT2/CD200/NMI/IL16/LACC1/ETS1/TLR4/BIRC3/GZMK/PTPRC/HPSE/SLAMF8/RHBDF2/BCL6B/ALOX5/HCK/CCN3/SIRPA/GPR4/IL17RA/TLR3/NUPR1/TNFAIP3/CDH5/CD200R1/AKNA/SYT11/CEBPA/TMSB4X/CCL5/TLR2/GBP5/NCF1/TREM2/ANXA1/LYN/IFI16/HLA-E/TLR7/OSMR/CASP1/NR5A2/TRADD/GBP2/NR1D1",45
"GO:0002218","activation of innate immune response","43/962","258/11930",0.166666666666667,2.06687456687457,5.13069750231069,3.56533734543118e-06,0.000206845778232155,0.000153260177091285,"DDX41/NMI/CD36/MASP1/LACC1/CSNK1A1/OGT/TLR4/BIRC3/CD274/IRAK4/CD300A/HCK/CTSS/GRAMD4/SLC15A4/NOD1/TLR3/TNFAIP3/MNDA/MSR1/TLR2/GBP5/RAB7B/ARRB2/CLEC7A/LY96/TREM2/OAS1/LYN/PTPN22/EGFR/P2RX7/IFI16/TYROBP/TRAF3IP3/TLR7/CASP1/RFTN1/GDI1/OAS3/GBP2/NR1D1",43
"GO:0060627","regulation of vesicle-mediated transport","61/962","418/11930",0.145933014354067,1.80975141501457,4.99103138042593,3.59853703657386e-06,0.000206845778232155,0.000153260177091285,"CBL/P2RY1/TF/SCARB1/MASP1/CDH13/BMP2K/PTPRC/B2M/ANXA2/STX4/CD300A/IL2RG/CD63/HCK/WDR44/NCKAP1L/S100A10/ACTB/CD151/DYSF/SIRPA/SPI1/FCGR2A/BICD1/RALA/ARHGAP1/EFNB2/LGALS3/RAB31/DOCK2/APLN/CD84/LMAN2/SNX33/SYT11/ABCA3/SEC24D/IL15RA/GNAI2/GAB2/RAB27A/TLR2/ITGB2/ARRB2/CAMK1D/CLEC7A/TREM2/ANXA1/LYN/VEGFA/ARPC3/HLA-F/CAV1/WDR41/NLGN1/DOC2A/CSK/SYT13/APOC1/C3",61
"GO:1903557","positive regulation of tumor necrosis factor superfamily cytokine production","21/962","87/11930",0.241379310344828,2.99340454512868,5.52649829334895,3.89169679685116e-06,0.000220828846446964,0.00016362078260713,"PSMB10/TLR4/PTPRC/PSMB8/CD2/ARID5A/FCGR2A/NOD1/TLR3/PSMA2/TLR2/CD86/CLEC7A/LY96/OAS1/PSMB9/TYROBP/HLA-E/FCGR3A/OAS2/OAS3",21
"GO:0001909","leukocyte mediated cytotoxicity","19/962","74/11930",0.256756756756757,3.18410406248244,5.58143569657084,4.20621504189912e-06,0.000232708847193069,0.000172423142673426,"SERPINB9/CD1D/SLAMF7/PTPRC/CRTAM/CD2/INPP5D/NCKAP1L/SPI1/FCGR2A/PRF1/MR1/CYRIB/ARRB2/TYROBP/HLA-F/HLA-E/FCGR3A/TUBB",19
"GO:0019364","pyridine nucleotide catabolic process","19/962","74/11930",0.256756756756757,3.18410406248244,5.58143569657084,4.20621504189912e-06,0.000232708847193069,0.000172423142673426,"OGT/TPI1/GAPDH/GPI/ALDOA/NUPR1/ALDOC/ADPGK/ENO2/NNMT/PFKP/PKM/LDHA/HK1/P2RX7/ENO1/PGK1/TIGAR/HK2",19
"GO:0050900","leukocyte migration","41/962","243/11930",0.168724279835391,2.09239153683598,5.09513594485503,4.37689734349674e-06,0.000239162316571809,0.000177204772099427,"P4HB/CD200/IL16/CXCR4/VEGFC/CORO1C/SLAMF8/IRAK4/CRTAM/CD300A/ALOX5/HCK/VEGFB/NCKAP1L/CCN3/SIRPA/SPI1/IL17RA/CKLF/CD34/LGALS3/CD200R1/PDGFD/STK10/CCL5/PLVAP/STK39/ITGB2/CAMK1D/TREM2/SELPLG/ANXA1/LYN/VEGFA/CXCL9/HMOX1/CCL4/PECAM1/ITGB1/CXCL10/C3",41
"GO:0050852","T cell receptor signaling pathway","24/962","109/11930",0.220183486238532,2.73054988651319,5.37521819212178,4.62292024019089e-06,0.000249524938818108,0.000184882846721841,"CBL/CD8A/CD247/BTN3A2/PTPRC/LCP2/CD274/CD300A/INPP5D/LAPTM5/CD3E/LGALS3/NCK1/CLEC2B/BTN2A2/CD86/CD276/PTPN22/BTN3A1/RFTN1/FYB1/BTN3A3/BTN2A1/CSK",24
"GO:0019882","antigen processing and presentation","18/962","68/11930",0.264705882352941,3.28268313562431,5.59045249252517,4.69554811026631e-06,0.000250391517301671,0.000185524928822764,"CD8A/CD1D/PSMB10/B2M/IFI30/CLEC4A/TAP1/CTSS/NOD1/MR1/RAB32/RAB27A/TAPBPL/TREM2/HLA-F/HLA-E/RFTN1/CTSD",18
"GO:0009166","nucleotide catabolic process","26/962","124/11930",0.209677419354839,2.60026155187446,5.30488847944376,4.89980958502508e-06,0.000258173300277631,0.000191290758066051,"OGT/TPI1/TDG/GAPDH/GPI/ALDOA/UPP1/NT5C3A/PDE4A/NUPR1/ALDOC/ADPGK/TYMP/ENO2/NNMT/PFKP/PKM/LDHA/HK1/P2RX7/ENO1/PGK1/ENTPD1/TIGAR/HK2/SAMHD1",26
"GO:0009191","ribonucleoside diphosphate catabolic process","19/962","75/11930",0.253333333333333,3.14164934164934,5.5100311111156,5.21366174192822e-06,0.00027147843376205,0.000201149055061394,"OGT/TPI1/GAPDH/GPI/ALDOA/NUPR1/ALDOC/ADPGK/ENO2/PFKP/PKM/LDHA/HK1/P2RX7/ENO1/PGK1/ENTPD1/TIGAR/HK2",19
"GO:0071346","cellular response to type II interferon","16/962","56/11930",0.285714285714286,3.54321354321354,5.64942377465226,5.38495820040217e-06,0.000277137499941628,0.000205342079894997,"CD200/PARP9/TLR4/GAPDH/SP100/HCK/SIRPA/DAPK3/CCL5/FASLG/TLR2/GBP5/NLRC5/CASP1/GBP2/IRF8",16
"GO:0006096","glycolytic process","18/962","69/11930",0.260869565217391,3.23510801771671,5.51427274576817,5.88053504437434e-06,0.00029916377133794,0.000221662211172082,"OGT/TPI1/GAPDH/GPI/ALDOA/NUPR1/ALDOC/ADPGK/ENO2/PFKP/PKM/LDHA/HK1/P2RX7/ENO1/PGK1/TIGAR/HK2",18
"GO:0022407","regulation of cell-cell adhesion","52/962","343/11930",0.151603498542274,1.88007249231739,4.89785403020545,6.32231243893768e-06,0.000316400296221405,0.000234433430766969,"CBL/CD24/CD1D/PSMB10/ETS1/PTPRC/PSMB8/SLC7A1/B2M/CD274/CRTAM/CD300A/ALOX5/IL2RG/NCKAP1L/ACTB/SIRPA/SPI1/LAPTM5/CDKN2A/PAG1/CD3E/EFNB2/LGALS3/NCK1/PSMA2/AKNA/BTN2A2/PTPRU/CYRIB/CCL5/CD86/JAG1/ITGB2/LOXL3/SH2B3/GPNMB/CBFB/CD276/EMILIN2/ANXA1/LYN/PSMB9/VEGFA/PTPN22/CD27/RUNX3/HLA-E/CAV1/NR5A2/CSK/CD6",52
"GO:0009134","nucleoside diphosphate catabolic process","19/962","76/11930",0.25,3.10031185031185,5.43981276553226,6.43380629460606e-06,0.000316400296221405,0.000234433430766969,"OGT/TPI1/GAPDH/GPI/ALDOA/NUPR1/ALDOC/ADPGK/ENO2/PFKP/PKM/LDHA/HK1/P2RX7/ENO1/PGK1/ENTPD1/TIGAR/HK2",19
"GO:0046031","ADP metabolic process","19/962","76/11930",0.25,3.10031185031185,5.43981276553226,6.43380629460606e-06,0.000316400296221405,0.000234433430766969,"OGT/TPI1/GAPDH/GPI/ALDOA/NUPR1/ALDOC/ADPGK/ENO2/PFKP/PKM/LDHA/HK1/P2RX7/ENO1/PGK1/ENTPD1/TIGAR/HK2",19
"GO:0051607","defense response to virus","39/962","230/11930",0.169565217391304,2.10282021151586,5.00151457154895,6.60484949441386e-06,0.000321242460025008,0.000238021180482665,"APOBEC3D/DTX3L/PARP9/SLFN13/PTPRC/APOBEC3F/RTP4/ISG20/IFNAR2/PML/EIF2AK4/SLFN11/NT5C3A/DDX60L/PRF1/TLR3/TNFAIP3/NCK1/TRIM21/NMB/ISG15/TLR2/GBP5/NLRC5/OAS1/RNASE6/IFI16/TRAF3IP3/TLR7/MARCHF2/MLKL/CASP1/ATG12/OAS2/OAS3/GBP2/TRIM22/CXCL10/SAMHD1",39
"GO:1903038","negative regulation of leukocyte cell-cell adhesion","22/962","97/11930",0.22680412371134,2.81265404976745,5.30859012609355,6.88495005146605e-06,0.000328962661323779,0.0002437413814379,"CBL/PSMB10/PSMB8/CD274/CRTAM/CD300A/LAPTM5/CDKN2A/PAG1/LGALS3/PSMA2/BTN2A2/CD86/LOXL3/GPNMB/CBFB/ANXA1/PSMB9/PTPN22/RUNX3/HLA-E/CSK",22
"GO:0070665","positive regulation of leukocyte proliferation","21/962","90/11930",0.233333333333333,2.89362439362439,5.34029289957574,6.91222944037764e-06,0.000328962661323779,0.0002437413814379,"CD24/CD1D/PTPRC/SLC7A1/CD274/IL2RG/NCKAP1L/CD3E/NCK1/NMB/CCL5/CD86/CD276/ANXA1/LYN/HLA-E/FCGR3A/MEF2C/NR5A2/TNFSF13B/CD6",21
"GO:0019221","cytokine-mediated signaling pathway","52/962","345/11930",0.150724637681159,1.86917352134743,4.85169901088008,7.49018151448948e-06,0.000352675993437558,0.000261311522391433,"P4HB/CBL/IL4R/CD24/IL16/CXCR4/PARP9/UGCG/BIRC3/PTPRC/EDA2R/IFNAR2/PLP2/IRAK4/IL2RG/SP100/HCK/FAS/HCLS1/SPI1/LAPTM5/IL17RA/TNFAIP3/RHEX/NOL3/CEBPA/TMSB4X/IL15RA/CCL5/ISG15/PLVAP/STK39/CSF3R/ARRB2/CCRL2/SH2B3/NLRC5/TREM2/OAS1/LYN/CXCL9/CCL4/OSMR/CASP1/OAS2/TRADD/OAS3/TNFSF13B/TRAF5/CXCL10/ANXA4/SAMHD1",52
"GO:0072526","pyridine-containing compound catabolic process","19/962","77/11930",0.246753246753247,3.06004806004806,5.37074344670392,7.90542912566615e-06,0.000368309782212614,0.000272895211731148,"OGT/TPI1/GAPDH/GPI/ALDOA/NUPR1/ALDOC/ADPGK/ENO2/NNMT/PFKP/PKM/LDHA/HK1/P2RX7/ENO1/PGK1/TIGAR/HK2",19
"GO:0032760","positive regulation of tumor necrosis factor production","20/962","84/11930",0.238095238095238,2.95267795267795,5.31875806605664,8.22455524449282e-06,0.000379186265751304,0.000280954026407071,"PSMB10/TLR4/PTPRC/PSMB8/CD2/ARID5A/FCGR2A/NOD1/TLR3/PSMA2/TLR2/CLEC7A/LY96/OAS1/PSMB9/TYROBP/HLA-E/FCGR3A/OAS2/OAS3",20
"GO:0034341","response to type II interferon","21/962","91/11930",0.230769230769231,2.86182632336478,5.27993026460481,8.31459388201105e-06,0.000379385489915267,0.000281101639430217,"CD200/PSMB10/PARP9/TLR4/PSMB8/GAPDH/SP100/HCK/SIRPA/DAPK3/PSMA2/TRIM21/CCL5/FASLG/TLR2/GBP5/NLRC5/PSMB9/CASP1/GBP2/IRF8",21
"GO:0002696","positive regulation of leukocyte activation","40/962","242/11930",0.165289256198347,2.04979295888387,4.88615310809851,9.51881310289993e-06,0.000429900681565664,0.000318530332847643,"IL4R/CD200/CD24/CD1D/IL16/TLR4/PTPRC/SLC7A1/B2M/CD274/IL2RG/CD2/INPP5D/NCKAP1L/ACTB/SIRPA/SPI1/CD3E/NCK1/CYRIB/CEBPA/CCL5/CD86/CLEC7A/CBFB/TREM2/CD276/ANXA1/LYN/CD27/RUNX3/TYROBP/HLA-E/FCGR3A/MEF2C/CAV1/NR5A2/CSK/TNFSF13B/CD6",40
"GO:0032635","interleukin-6 production","22/962","99/11930",0.222222222222222,2.75583275583276,5.19536245151271,9.77063303262349e-06,0.000432448218023915,0.000320417902862728,"CD200/IL16/TLR4/ARID5A/NCKAP1L/SIRPA/LAPTM5/IL17RA/TLR3/TNFAIP3/CD200R1/SYT11/NMB/TLR2/RAB7B/ARRB2/CLEC7A/TREM2/PTPN22/TYROBP/TLR7/CSK",22
"GO:0032675","regulation of interleukin-6 production","22/962","99/11930",0.222222222222222,2.75583275583276,5.19536245151271,9.77063303262349e-06,0.000432448218023915,0.000320417902862728,"CD200/IL16/TLR4/ARID5A/NCKAP1L/SIRPA/LAPTM5/IL17RA/TLR3/TNFAIP3/CD200R1/SYT11/NMB/TLR2/RAB7B/ARRB2/CLEC7A/TREM2/PTPN22/TYROBP/TLR7/CSK",22
"GO:0097529","myeloid leukocyte migration","27/962","137/11930",0.197080291970803,2.44404145864,5.0344685338506,1.09460150007212e-05,0.00047967388508111,0.000355409258056434,"CD200/VEGFC/CORO1C/SLAMF8/IRAK4/CD300A/VEGFB/NCKAP1L/CCN3/SIRPA/SPI1/IL17RA/CKLF/LGALS3/CD200R1/PDGFD/CCL5/ITGB2/CAMK1D/TREM2/ANXA1/LYN/VEGFA/CXCL9/CCL4/PECAM1/CXCL10",27
"GO:0098581","detection of external biotic stimulus","8/962","16/11930",0.5,6.2006237006237,6.16470726552876,1.24362333475198e-05,0.00053963498819728,0.000399836799003675,"CD1D/SCARB1/TLR4/NOD1/TLR2/CLEC7A/LY96/TREM2",8
"GO:0022408","negative regulation of cell-cell adhesion","27/962","138/11930",0.195652173913043,2.42633101328754,4.99105054118918,1.25854190339079e-05,0.000540806452855111,0.000400704783269295,"CBL/PSMB10/PSMB8/CD274/CRTAM/CD300A/SPI1/LAPTM5/CDKN2A/PAG1/LGALS3/PSMA2/AKNA/BTN2A2/CD86/JAG1/LOXL3/SH2B3/GPNMB/CBFB/ANXA1/PSMB9/VEGFA/PTPN22/RUNX3/HLA-E/CSK",27
"GO:0006935","chemotaxis","47/962","307/11930",0.153094462540717,1.89856230572843,4.72371948533942,1.35229730416329e-05,0.000570025511259689,0.000422354333498452,"IL16/CXCR4/VEGFC/CORO1C/CDH13/PTAFR/SLAMF8/ITGA1/PLP2/SEMA6A/STX4/SEMA4F/ALOX5/VEGFB/NCKAP1L/CCN3/SPI1/IL17RA/CKLF/RALA/SEMA5B/MET/EFNB2/LGALS3/PDGFA/PDGFD/TYMP/RHOG/CYRIB/TMSB4X/CCL5/PLXNA3/STK39/ITGB2/ARRB2/CCRL2/CAMK1D/GPNMB/TREM2/ANXA1/LYN/DOCK4/VEGFA/CXCL9/CCL4/CXCL10/C3",47
"GO:0042330","taxis","47/962","307/11930",0.153094462540717,1.89856230572843,4.72371948533942,1.35229730416329e-05,0.000570025511259689,0.000422354333498452,"IL16/CXCR4/VEGFC/CORO1C/CDH13/PTAFR/SLAMF8/ITGA1/PLP2/SEMA6A/STX4/SEMA4F/ALOX5/VEGFB/NCKAP1L/CCN3/SPI1/IL17RA/CKLF/RALA/SEMA5B/MET/EFNB2/LGALS3/PDGFA/PDGFD/TYMP/RHOG/CYRIB/TMSB4X/CCL5/PLXNA3/STK39/ITGB2/ARRB2/CCRL2/CAMK1D/GPNMB/TREM2/ANXA1/LYN/DOCK4/VEGFA/CXCL9/CCL4/CXCL10/C3",47
"GO:0009261","ribonucleotide catabolic process","22/962","101/11930",0.217821782178218,2.7012618101727,5.08491454228637,1.37092518725383e-05,0.000572425931960892,0.000424132899659697,"OGT/TPI1/GAPDH/GPI/ALDOA/UPP1/NT5C3A/PDE4A/NUPR1/ALDOC/ADPGK/ENO2/PFKP/PKM/LDHA/HK1/P2RX7/ENO1/PGK1/ENTPD1/TIGAR/HK2",22
"GO:0050867","positive regulation of cell activation","41/962","255/11930",0.16078431372549,1.99392605274958,4.75139957473136,1.4676432441835e-05,0.000607083083995904,0.000449811747464867,"IL4R/CD200/CD24/CD1D/IL16/TLR4/PTPRC/SLC7A1/B2M/CD274/IL2RG/CD2/INPP5D/NCKAP1L/ACTB/SIRPA/SPI1/CD3E/NCK1/CYRIB/ACTA2/CEBPA/CCL5/CD86/CLEC7A/CBFB/TREM2/CD276/ANXA1/LYN/CD27/RUNX3/TYROBP/HLA-E/FCGR3A/MEF2C/CAV1/NR5A2/CSK/TNFSF13B/CD6",41
"GO:0031663","lipopolysaccharide-mediated signaling pathway","14/962","48/11930",0.291666666666667,3.61703049203049,5.38034917965948,1.59885992786592e-05,0.0006552364852532,0.000485490497436539,"SCARB1/CD36/TLR4/PTAFR/IRAK4/HCK/SIRPA/SPI1/TNFAIP3/TLR2/LY96/LYN/PTPN22/CD6",14
"GO:0032715","negative regulation of interleukin-6 production","11/962","31/11930",0.354838709677419,4.40044262624908,5.61418734240601,1.66082757162928e-05,0.000666234026581235,0.000493639008592573,"CD200/TLR4/NCKAP1L/SIRPA/TNFAIP3/CD200R1/SYT11/NMB/ARRB2/PTPN22/CSK",11
"GO:0034381","plasma lipoprotein particle clearance","11/962","31/11930",0.354838709677419,4.40044262624908,5.61418734240601,1.66082757162928e-05,0.000666234026581235,0.000493639008592573,"SOAT1/SCARB1/CD36/ANXA2/LIPA/MSR1/VLDLR/TREM2/HMOX1/CSK/APOC1",11
"GO:0032612","interleukin-1 production","18/962","74/11930",0.243243243243243,3.01651963814126,5.15317694083005,1.68590625795523e-05,0.000666234026581235,0.000493639008592573,"IL16/CD36/TLR4/PML/SIRPA/NOD1/TNFAIP3/GBP5/ARRB2/CLEC7A/TREM2/ANXA1/HK1/SERPINB1/P2RX7/IFI16/TYROBP/CASP1",18
"GO:0032652","regulation of interleukin-1 production","18/962","74/11930",0.243243243243243,3.01651963814126,5.15317694083005,1.68590625795523e-05,0.000666234026581235,0.000493639008592573,"IL16/CD36/TLR4/PML/SIRPA/NOD1/TNFAIP3/GBP5/ARRB2/CLEC7A/TREM2/ANXA1/HK1/SERPINB1/P2RX7/IFI16/TYROBP/CASP1",18
"GO:0006195","purine nucleotide catabolic process","22/962","103/11930",0.213592233009709,2.64881012453828,4.9771163566051,1.90280606578434e-05,0.000745293774085086,0.000552217486755338,"OGT/TPI1/GAPDH/GPI/ALDOA/PDE4A/NUPR1/ALDOC/ADPGK/ENO2/NNMT/PFKP/PKM/LDHA/HK1/P2RX7/ENO1/PGK1/ENTPD1/TIGAR/HK2/SAMHD1",22
"GO:0007264","small GTPase-mediated signal transduction","59/962","424/11930",0.139150943396226,1.72564527517358,4.50579002977899,2.26379410286806e-05,0.000878908131517022,0.000651217622300641,"PRAG1/RRAD/ARHGAP26/DIRAS2/PPP1CC/PPP1CB/DOK1/SPRY4/CSNK1A1/SPRY1/CDH13/OGT/RAB42/RASGRP3/RASL12/GMIP/CCDC88A/ABCA1/PREX1/SH2D3C/GPR4/CDKN2A/GIT2/RALA/ECT2/SIPA1L2/ELMO1/ARHGAP1/DOCK2/CCNA2/MICALL2/TRIO/RHOG/CYRIB/CDK2/DOCK10/DEF6/RAB38/CDKN1A/RAPGEF6/CHML/CSNK1E/DENND3/DOCK4/KCTD10/MAP4K4/MAPRE2/RAP2B/SIAH2/RASA3/ARHGDIB/TAGAP/RASSF1/ARHGAP25/GDI1/GRAP/DBNL/DOK3/ARHGAP30",59
"GO:0019884","antigen processing and presentation of exogenous antigen","10/962","27/11930",0.37037037037037,4.59305459305459,5.53532742933345,2.6247748023306e-05,0.00101019593696654,0.000748493923925403,"CD1D/PSMB10/B2M/IFI30/CLEC4A/CTSS/MR1/HLA-F/HLA-E/CTSD",10
"GO:0007162","negative regulation of cell adhesion","36/962","218/11930",0.165137614678899,2.04791241488489,4.62448670207439,2.68176698349812e-05,0.00102323281628989,0.000758153460856202,"CBL/SPRY4/LPXN/PSMB10/CORO1C/CDH13/PTPRC/PSMB8/CD274/SEMA6A/CRTAM/CD300A/SPI1/LAPTM5/CDKN2A/PAG1/LGALS3/PSMA2/AKNA/BTN2A2/CD86/JAG1/LOXL3/SH2B3/GPNMB/CBFB/ANXA1/PSMB9/VEGFA/PTPN22/MAP4K4/PLXNC1/RUNX3/RNF7/HLA-E/CSK",36
"GO:0140894","endolysosomal toll-like receptor signaling pathway","13/962","44/11930",0.295454545454545,3.66400491400491,5.24287292186893,2.75080190895032e-05,0.00104060249991574,0.000771023343003516,"IRAK4/GRAMD4/SLC15A4/TLR3/TNFAIP3/MSR1/RAB7B/OAS1/LYN/PTPN22/EGFR/TLR7/RFTN1",13
"GO:0097006","regulation of plasma lipoprotein particle levels","15/962","57/11930",0.263157894736842,3.263486158223,5.07295338197264,3.11681952261377e-05,0.00116907145822784,0.000866211049854115,"SOAT1/SCARB1/CD36/ANXA2/LIPA/ABCA1/MSR1/VLDLR/TREM2/ANGPTL4/ABCG1/HMOX1/PCSK6/CSK/APOC1",15
"GO:0042129","regulation of T cell proliferation","21/962","99/11930",0.212121212121212,2.63056763056763,4.82471340984028,3.26408028076864e-05,0.00120492250997847,0.000892774504942106,"CD24/CD1D/PTPRC/SLC7A1/CD274/CRTAM/NCKAP1L/LAPTM5/CDKN2A/CD3E/LGALS3/NCK1/BTN2A2/CCL5/CD86/GPNMB/CD276/ANXA1/HLA-E/NR5A2/CD6",21
"GO:0150146","cell junction disassembly","11/962","33/11930",0.333333333333333,4.13374913374913,5.33861128900201,3.26684819695926e-05,0.00120492250997847,0.000892774504942106,"C1QB/TGFB3/C1QC/C1QA/TREM2/MAP4K4/MAPRE2/PLXNC1/RNF7/ITGB1/C3",11
"GO:0032611","interleukin-1 beta production","16/962","64/11930",0.25,3.10031185031185,4.98938976886218,3.41806173527952e-05,0.00124002797052026,0.000918785522162225,"CD36/TLR4/PML/SIRPA/NOD1/TNFAIP3/GBP5/ARRB2/CLEC7A/TREM2/HK1/SERPINB1/P2RX7/IFI16/TYROBP/CASP1",16
"GO:0032651","regulation of interleukin-1 beta production","16/962","64/11930",0.25,3.10031185031185,4.98938976886218,3.41806173527952e-05,0.00124002797052026,0.000918785522162225,"CD36/TLR4/PML/SIRPA/NOD1/TNFAIP3/GBP5/ARRB2/CLEC7A/TREM2/HK1/SERPINB1/P2RX7/IFI16/TYROBP/CASP1",16
"GO:0002521","leukocyte differentiation","56/962","402/11930",0.139303482587065,1.72753695141755,4.39457552848185,3.5364692356686e-05,0.00125958231979417,0.000933274109061303,"CD8A/IL4R/PRR7/TF/CD1D/PSMB10/CORO1C/JAG2/TLR4/PTPRC/PSMB8/SLAMF8/ANXA2/PRDM1/CRTAM/IL2RG/CD2/INPP5D/NCKAP1L/HCLS1/ACTB/SPI1/LAPTM5/CDKN2A/C1QC/TLR3/DLL4/CD3E/SMC4/MR1/PSMA2/DOCK10/CEBPA/NPM1/GAB2/TLR2/CD86/LOXL3/CBFB/HHEX/TREM2/ANXA1/LYN/PSMB9/VEGFA/PTPN22/CD27/SH3PXD2A/IFI16/RUNX3/TYROBP/MAFB/TCF7/TNFSF13B/IRF8/ITGB1",56
"GO:0009135","purine nucleoside diphosphate metabolic process","19/962","85/11930",0.223529411764706,2.77204353674942,4.85559161153438,3.56926913584202e-05,0.00125958231979417,0.000933274109061303,"OGT/TPI1/GAPDH/GPI/ALDOA/NUPR1/ALDOC/ADPGK/ENO2/PFKP/PKM/LDHA/HK1/P2RX7/ENO1/PGK1/ENTPD1/TIGAR/HK2",19
"GO:0009179","purine ribonucleoside diphosphate metabolic process","19/962","85/11930",0.223529411764706,2.77204353674942,4.85559161153438,3.56926913584202e-05,0.00125958231979417,0.000933274109061303,"OGT/TPI1/GAPDH/GPI/ALDOA/NUPR1/ALDOC/ADPGK/ENO2/PFKP/PKM/LDHA/HK1/P2RX7/ENO1/PGK1/ENTPD1/TIGAR/HK2",19
"GO:0001910","regulation of leukocyte mediated cytotoxicity","13/962","45/11930",0.288888888888889,3.58258258258258,5.140279285071,3.58579693389212e-05,0.00125958231979417,0.000933274109061303,"SERPINB9/CD1D/PTPRC/CRTAM/INPP5D/NCKAP1L/SPI1/MR1/CYRIB/ARRB2/TYROBP/HLA-F/HLA-E",13
"GO:0050869","negative regulation of B cell activation","8/962","18/11930",0.444444444444444,5.51166551166551,5.67291973425179,3.65261119005075e-05,0.0012729493800917,0.000943178290069488,"CD300A/LAPTM5/CDKN2A/TNFAIP3/MNDA/LYN/TYROBP/SAMSN1",8
"GO:0009132","nucleoside diphosphate metabolic process","21/962","100/11930",0.21,2.60426195426195,4.77099263629013,3.82366779713674e-05,0.00132215263047869,0.000979634914576044,"OGT/TPI1/GAPDH/GPI/ALDOA/NUPR1/ALDOC/ADPGK/ENO2/CMPK2/PFKP/PKM/LDHA/HK1/P2RX7/RRM2/ENO1/PGK1/ENTPD1/TIGAR/HK2",21
"GO:0042102","positive regulation of T cell proliferation","15/962","58/11930",0.258620689655172,3.20721915549502,4.99026195534174,3.89481454705236e-05,0.00133631389032975,0.000990127549287559,"CD24/CD1D/PTPRC/SLC7A1/CD274/NCKAP1L/CD3E/NCK1/CCL5/CD86/CD276/ANXA1/HLA-E/NR5A2/CD6",15
"GO:0002532","production of molecular mediator involved in inflammatory response","16/962","65/11930",0.246153846153846,3.05261474492244,4.91423686790222,4.19966086733036e-05,0.00142982299990801,0.00105941212843681,"IL4R/CD36/TLR4/SLAMF8/ALOX5/SIRPA/IL17RA/TLR3/MAPK9/GBP5/CLEC7A/NCF1/TREM2/LYN/HMOX1/CD6",16
"GO:0001765","membrane raft assembly","6/962","10/11930",0.6,7.44074844074844,6.03426034661502,4.2834354136564e-05,0.00144571279346478,0.00107118550179384,"IQGAP1/ANXA2/S100A10/CAV2/CAV1/RFTN1",6
"GO:0031341","regulation of cell killing","14/962","52/11930",0.269230769230769,3.33879737725892,5.00551127436239,4.3238022835325e-05,0.00144571279346478,0.00107118550179384,"SERPINB9/CD1D/PTPRC/CRTAM/INPP5D/NCKAP1L/SPI1/PRF1/MR1/CYRIB/ARRB2/TYROBP/HLA-F/HLA-E",14
"GO:0050671","positive regulation of lymphocyte proliferation","18/962","79/11930",0.227848101265823,2.82560067370194,4.82133899438404,4.34432448103966e-05,0.00144571279346478,0.00107118550179384,"CD24/CD1D/PTPRC/SLC7A1/CD274/NCKAP1L/CD3E/NCK1/CCL5/CD86/CD276/ANXA1/HLA-E/FCGR3A/MEF2C/NR5A2/TNFSF13B/CD6",18
"GO:0003208","cardiac ventricle morphogenesis","12/962","40/11930",0.3,3.72037422037422,5.10379889303686,4.72531855689585e-05,0.00156076566662843,0.00115643270319494,"HEYL/FOXF1/MESP1/HEY1/DLL4/CPE/HEY2/JAG1/TPM1/RBPJ/MEF2C/FKBP1A",12
"GO:0001776","leukocyte homeostasis","15/962","59/11930",0.254237288135593,3.15285950879171,4.90934866801792,4.83854874829651e-05,0.00158632716740447,0.00117537222504129,"PSMB10/PSMB8/IL2RG/FAS/NCKAP1L/SLC15A4/TNFAIP3/PSMA2/DOCK10/SH2B3/ANXA1/LYN/PSMB9/MEF2C/TNFSF13B",15
"GO:0032946","positive regulation of mononuclear cell proliferation","18/962","80/11930",0.225,2.79028066528067,4.75809133227996,5.19012874413375e-05,0.00166524039616217,0.00123384214169909,"CD24/CD1D/PTPRC/SLC7A1/CD274/NCKAP1L/CD3E/NCK1/CCL5/CD86/CD276/ANXA1/HLA-E/FCGR3A/MEF2C/NR5A2/TNFSF13B/CD6",18
"GO:0002698","negative regulation of immune effector process","17/962","73/11930",0.232876712328767,2.88796172357816,4.79173773322563,5.23977684562245e-05,0.00166524039616217,0.00123384214169909,"SERPINB9/MASP1/TGFB3/PTPRC/SLAMF8/CD274/CD300A/INPP5D/NCKAP1L/SPI1/LGALS3/CD84/ARRB2/LOXL3/ANXA1/HLA-F/HLA-E",17
"GO:0045824","negative regulation of innate immune response","17/962","73/11930",0.232876712328767,2.88796172357816,4.79173773322563,5.23977684562245e-05,0.00166524039616217,0.00123384214169909,"SERPINB9/NMI/SLAMF8/INPP5D/TNFAIP3/TRIM21/ISG15/ARRB2/NLRC5/OAS1/DDX39A/IFI16/HLA-F/HLA-E/ATG12/OAS3/SAMHD1",17
"GO:0031348","negative regulation of defense response","33/962","199/11930",0.165829145728643,2.05648826251841,4.45091736867135,5.26736682021473e-05,0.00166524039616217,0.00123384214169909,"PRMT2/SERPINB9/CD200/NMI/PTPRC/SLAMF8/RHBDF2/ALOX5/HCK/INPP5D/CCN3/SIRPA/TNFAIP3/CDH5/CD200R1/TRIM21/SYT11/TMSB4X/ISG15/ARRB2/NLRC5/TREM2/OAS1/DDX39A/LYN/IFI16/HLA-F/HLA-E/ATG12/NR5A2/OAS3/NR1D1/SAMHD1",33
"GO:1901136","carbohydrate derivative catabolic process","33/962","199/11930",0.165829145728643,2.05648826251841,4.45091736867135,5.26736682021473e-05,0.00166524039616217,0.00123384214169909,"ADA2/CEMIP2/OGT/HPSE/GM2A/TPI1/TDG/GAPDH/GPI/ALDOA/HEXB/UPP1/NT5C3A/PDE4A/NUPR1/ALDOC/ADPGK/TYMP/ENO2/PFKP/IDS/PKM/LDHA/HK1/P2RX7/ADAMTS4/FBXO17/ENO1/PGK1/ENTPD1/TIGAR/HK2/SAMHD1",33
"GO:0009154","purine ribonucleotide catabolic process","20/962","95/11930",0.210526315789474,2.6107889265784,4.668121394041,5.59555441656815e-05,0.00174407914420638,0.00129225687266522,"OGT/TPI1/GAPDH/GPI/ALDOA/PDE4A/NUPR1/ALDOC/ADPGK/ENO2/PFKP/PKM/LDHA/HK1/P2RX7/ENO1/PGK1/ENTPD1/TIGAR/HK2",20
"GO:0009185","ribonucleoside diphosphate metabolic process","20/962","95/11930",0.210526315789474,2.6107889265784,4.668121394041,5.59555441656815e-05,0.00174407914420638,0.00129225687266522,"OGT/TPI1/GAPDH/GPI/ALDOA/NUPR1/ALDOC/ADPGK/ENO2/PFKP/PKM/LDHA/HK1/P2RX7/RRM2/ENO1/PGK1/ENTPD1/TIGAR/HK2",20
"GO:0002228","natural killer cell mediated immunity","13/962","47/11930",0.276595744680851,3.43013225991949,4.94358067130848,5.9378066175442e-05,0.00183781343281473,0.00136170829581932,"SERPINB9/SLAMF7/B2M/CRTAM/CD2/INPP5D/CALHM6/ARRB2/TYROBP/HLA-F/HLA-E/FCGR3A/TUBB",13
"GO:0042742","defense response to bacterium","25/962","134/11930",0.186567164179104,2.31366555993422,4.52893060200841,5.98513237891048e-05,0.00183959693812901,0.00136302976509293,"LYZ/TF/TLR4/SLAMF8/B2M/NOD1/TLR3/SLC9A9/ADM/RNF213/MR1/SYT11/ISG15/TLR2/GBP5/TREM2/EMILIN2/OAS1/RNASE6/HLA-E/MARCHF2/CASP1/OAS2/OAS3/GBP2",25
"GO:0042098","T cell proliferation","22/962","111/11930",0.198198198198198,2.45790489033732,4.57010470488344,6.39363715716895e-05,0.00195160262466412,0.00144601918600505,"CD24/CD1D/PTPRC/SLC7A1/CD274/CRTAM/NCKAP1L/LAPTM5/CDKN2A/CD3E/LGALS3/NCK1/BTN2A2/CCL5/CD86/GPNMB/CD276/ANXA1/BTN3A1/HLA-E/NR5A2/CD6",22
"GO:0002753","cytoplasmic pattern recognition receptor signaling pathway","28/962","159/11930",0.176100628930818,2.18386746688633,4.45062294802823,6.50265065634213e-05,0.00197128300034043,0.00146060115082517,"DDX41/CD36/LACC1/CSNK1A1/OGT/TLR4/BIRC3/IRAK4/GRAMD4/SLC15A4/NOD1/TLR3/TNFAIP3/MSR1/GBP5/RAB7B/TREM2/OAS1/LYN/PTPN22/EGFR/P2RX7/IFI16/TRAF3IP3/TLR7/RFTN1/OAS3/GBP2",28
"GO:0008277","regulation of G protein-coupled receptor signaling pathway","21/962","104/11930",0.201923076923077,2.50409803294419,4.56246672447073,7.01891992215408e-05,0.00211331561737782,0.00156583870619581,"RGS14/MGRN1/GRK5/BICD1/GIT2/RGS1/ADM/CAV2/APLN/CCL5/ATP2B4/GNAI2/RGS12/TULP3/ARRB2/SH2B3/PPP1R9B/TREM2/CRTC3/RGS5/C3",21
"GO:0040017","positive regulation of locomotion","60/962","451/11930",0.133037694013304,1.64983335715043,4.16642988945573,7.303811183344e-05,0.00218423434442436,0.00161838518192829,"P4HB/IL16/CXCR4/SCARB1/VEGFC/ETS1/SH3RF2/CDH13/PTPRC/HPSE/TCAF2/SEMA6A/GPI/STX4/SEMA4F/SP1/JCAD/VEGFB/NCKAP1L/PREX1/CD151/SPI1/DAPK3/SEMA5B/CDH5/MET/LGALS3/PDGFA/PDGFD/ITGAX/ACTA2/TMSB4X/CCL5/GNAI2/ZNF304/ATP8A1/PLVAP/STK39/CAMK1D/UBE2I/GPNMB/CLEC7A/TREM2/ANXA1/MCAM/LYN/DOCK4/VEGFA/MAP4K4/EGFR/MAPRE2/HMOX1/CAVIN1/RNF7/CCL4/CAV1/TRADD/PECAM1/ITGB1/CXCL10",60
"GO:0030335","positive regulation of cell migration","58/962","432/11930",0.134259259259259,1.66498228998229,4.16933349664284,7.44243091251453e-05,0.0022107516254221,0.00163803287895371,"P4HB/CXCR4/SCARB1/VEGFC/ETS1/SH3RF2/CDH13/PTPRC/HPSE/TCAF2/SEMA6A/GPI/STX4/SEMA4F/SP1/JCAD/VEGFB/NCKAP1L/PREX1/CD151/SPI1/DAPK3/SEMA5B/CDH5/MET/LGALS3/PDGFA/PDGFD/ITGAX/ACTA2/TMSB4X/CCL5/GNAI2/ZNF304/ATP8A1/PLVAP/STK39/CAMK1D/UBE2I/GPNMB/CLEC7A/TREM2/ANXA1/MCAM/LYN/DOCK4/VEGFA/MAP4K4/EGFR/MAPRE2/HMOX1/RNF7/CCL4/CAV1/TRADD/PECAM1/ITGB1/CXCL10",58
"GO:1901292","nucleoside phosphate catabolic process","26/962","144/11930",0.180555555555556,2.23911411411411,4.43032071072757,7.62968543520697e-05,0.00225126584908174,0.00166805146161883,"OGT/TPI1/TDG/GAPDH/GPI/ALDOA/UPP1/NT5C3A/PDE4A/NUPR1/ALDOC/ADPGK/TYMP/ENO2/NNMT/PFKP/PKM/LDHA/HK1/P2RX7/ENO1/PGK1/ENTPD1/TIGAR/HK2/SAMHD1",26
"GO:0001818","negative regulation of cytokine production","33/962","203/11930",0.16256157635468,2.01596632631115,4.32374133342527,7.87350937293959e-05,0.00230782466785633,0.00170995811620735,"CD200/CD24/TGFB3/TLR4/PTPRC/CD274/PML/NCKAP1L/SIRPA/CLEC4A/LAPTM5/CD34/TNFAIP3/INHBB/CD200R1/CD84/BTN2A2/SYT11/NMB/ARRB2/GPNMB/TREM2/OAS1/ANXA1/PTPN22/SERPINB1/HMOX1/TYROBP/HLA-F/ATG12/OAS3/CSK/ANXA4",33
"GO:2000147","positive regulation of cell motility","59/962","443/11930",0.133182844243792,1.65163340106907,4.1393078208026,8.12329004337098e-05,0.00236537379815526,0.00175259853157596,"P4HB/CXCR4/SCARB1/VEGFC/ETS1/SH3RF2/CDH13/PTPRC/HPSE/TCAF2/SEMA6A/GPI/STX4/SEMA4F/SP1/JCAD/VEGFB/NCKAP1L/PREX1/CD151/SPI1/DAPK3/SEMA5B/CDH5/MET/LGALS3/PDGFA/PDGFD/ITGAX/ACTA2/TMSB4X/CCL5/GNAI2/ZNF304/ATP8A1/PLVAP/STK39/CAMK1D/UBE2I/GPNMB/CLEC7A/TREM2/ANXA1/MCAM/LYN/DOCK4/VEGFA/MAP4K4/EGFR/MAPRE2/HMOX1/CAVIN1/RNF7/CCL4/CAV1/TRADD/PECAM1/ITGB1/CXCL10",59
"GO:0002703","regulation of leukocyte mediated immunity","26/962","145/11930",0.179310344827586,2.22367194780988,4.39046021668356,8.59988060242531e-05,0.00247717326643304,0.00183543515726591,"SERPINB9/CD1D/PTPRC/B2M/CD274/STX4/CRTAM/CD300A/ARID5A/INPP5D/NCKAP1L/CALHM6/SPI1/SLC15A4/MR1/CD84/CYRIB/GAB2/ITGB2/ARRB2/CLEC7A/TREM2/LYN/TYROBP/HLA-F/HLA-E",26
"GO:0072523","purine-containing compound catabolic process","23/962","121/11930",0.190082644628099,2.35726190271645,4.44401603428474,8.66346840428392e-05,0.00247717326643304,0.00183543515726591,"ADA2/OGT/TPI1/GAPDH/GPI/ALDOA/PDE4A/NUPR1/ALDOC/ADPGK/ENO2/NNMT/PFKP/PKM/LDHA/HK1/P2RX7/ENO1/PGK1/ENTPD1/TIGAR/HK2/SAMHD1",23
"GO:0002474","antigen processing and presentation of peptide antigen via MHC class I","9/962","25/11930",0.36,4.46444906444906,5.1352940836413,8.67514361267783e-05,0.00247717326643304,0.00183543515726591,"PSMB10/B2M/IFI30/CLEC4A/TAP1/MR1/TAPBPL/HLA-F/HLA-E",9
"GO:1905954","positive regulation of lipid localization","16/962","69/11930",0.231884057971014,2.87565157130375,4.62745167491425,9.12773774120392e-05,0.00258970302836978,0.00191881288626703,"SCARB1/CD36/ANXA2/PLIN3/ABCA1/PLIN2/HILPDA/MSR1/ABCA3/NMB/ATP8A1/FASLG/TREM2/ABCG1/CAV1/C3",16
"GO:0045744","negative regulation of G protein-coupled receptor signaling pathway","13/962","49/11930",0.26530612244898,3.29012686155543,4.75726032357583,9.52660426611438e-05,0.00268565289693135,0.00198990591979816,"RGS14/MGRN1/BICD1/RGS1/ADM/APLN/CCL5/ATP2B4/GNAI2/ARRB2/SH2B3/CRTC3/RGS5",13
"GO:0097300","programmed necrotic cell death","12/962","43/11930",0.27906976744186,3.46081322825509,4.78743161635785,0.000103486973091097,0.00289894520823542,0.00214794258693276,"OGT/BIRC3/IPMK/FAS/TLR3/NUPR1/ADPRS/NOL3/FASLG/CAV1/YBX3/MLKL",12
"GO:0006959","humoral immune response","23/962","124/11930",0.185483870967742,2.30023137281202,4.31028441704569,0.000127740305354302,0.00354390440731244,0.00262581823859946,"LYZ/TF/C1QB/MASP1/PSMB10/GZMK/B2M/GAPDH/GPI/ALOX5/C1QC/ADM/LGALS3/C1QA/CCL5/TREM2/CXCL9/RNASE6/HLA-E/MEF2C/CCL4/CXCL10/C3",23
"GO:0010884","positive regulation of lipid storage","7/962","16/11930",0.4375,5.42554573804574,5.24594655098551,0.000129654155493874,0.00354390440731244,0.00262581823859946,"SCARB1/CD36/PLIN3/PLIN2/HILPDA/MSR1/C3",7
"GO:0098883","synapse pruning","7/962","16/11930",0.4375,5.42554573804574,5.24594655098551,0.000129654155493874,0.00354390440731244,0.00262581823859946,"C1QB/C1QC/C1QA/TREM2/PLXNC1/ITGB1/C3",7
"GO:0002237","response to molecule of bacterial origin","34/962","217/11930",0.15668202764977,1.94305258821388,4.1520018756651,0.000130058522898743,0.00354390440731244,0.00262581823859946,"CD200/CD24/SCARB1/CD36/TLR4/PTAFR/B2M/CD274/IRAK4/HCK/ARID5A/ABCA1/SIRPA/SPI1/TNFAIP3/EFNB2/CYRIB/IL18BP/FASLG/TLR2/CD86/GBP5/LY96/TREM2/LYN/SLC7A5/PTPN22/CXCL9/MEF2C/CASP1/GBP2/NR1D1/CXCL10/CD6",34
"GO:0042116","macrophage activation","16/962","71/11930",0.225352112676056,2.79464730168956,4.49169319941669,0.00013107953856679,0.00354390440731244,0.00262581823859946,"IL4R/CD200/NMI/TLR4/PTPRC/DYSF/C1QA/SYT11/CEBPA/STK39/ITGB2/TREM2/CRTC3/TYROBP/FCGR3A/NR1D1",16
"GO:0050853","B cell receptor signaling pathway","12/962","44/11930",0.272727272727273,3.38215838215838,4.68818717704446,0.000131979080841695,0.00354390440731244,0.00262581823859946,"LPXN/PTPRC/CD300A/NCKAP1L/MNDA/LAT2/LYN/PRKCH/PTPN22/BAX/MEF2C/RFTN1",12
"GO:0002752","cell surface pattern recognition receptor signaling pathway","15/962","64/11930",0.234375,2.90654235966736,4.52908121325616,0.000132115731406813,0.00354390440731244,0.00262581823859946,"NMI/CD36/MASP1/TLR4/IRAK4/TNFAIP3/TLR2/RAB7B/CLEC7A/LY96/TREM2/OAS1/LYN/PTPN22/NR1D1",15
"GO:0034383","low-density lipoprotein particle clearance","8/962","21/11930",0.380952380952381,4.72428472428472,5.05872079182064,0.000136455752323576,0.00363827204689246,0.00269573893641273,"SOAT1/SCARB1/CD36/ANXA2/LIPA/TREM2/HMOX1/CSK",8
"GO:0036037","CD8-positive, alpha-beta T cell activation","10/962","32/11930",0.3125,3.87538981288981,4.82348098773248,0.000138355273164032,0.00366682897619164,0.00271689788913093,"PSMB10/CD274/CRTAM/NCKAP1L/CLEC4A/PSMA2/CBFB/PSMB9/RUNX3/HLA-E",10
"GO:0043299","leukocyte degranulation","13/962","51/11930",0.254901960784314,3.16110227874934,4.58032508257777,0.000148527775801317,0.00388984577335285,0.00288213981052464,"CBL/STX4/CD300A/HCK/NCKAP1L/SPI1/CD84/GAB2/ITGB2/LAT2/LYN/HLA-F/FCGR3A",13
"GO:0050854","regulation of antigen receptor-mediated signaling pathway","13/962","51/11930",0.254901960784314,3.16110227874934,4.58032508257777,0.000148527775801317,0.00388984577335285,0.00288213981052464,"CBL/LPXN/PTPRC/CD274/CD300A/LAPTM5/LGALS3/NCK1/CD86/LYN/PRKCH/PTPN22/CSK",13
"GO:0070482","response to oxygen levels","37/962","246/11930",0.150406504065041,1.86522826766729,4.0609562764798,0.000158537559878304,0.00412757200012573,0.00305828052717762,"P4HB/CBL/CD24/CXCR4/TGFB3/VEGFC/PDLIM1/GUCY1A1/DRAM1/PML/BBC3/CCNB1/CPEB2/VEGFB/FAS/PDK1/HILPDA/KCNMA1/LOXL2/SLC2A1/ERO1A/CCNA2/NOL3/GUCY1B1/TREM2/COXFA4L2/SLC7A5/VEGFA/CCND1/ANGPTL4/STC2/ENO1/CAV1/PGK1/TIGAR/HK2/EGLN3",37
"GO:0150079","negative regulation of neuroinflammatory response","6/962","12/11930",0.5,6.2006237006237,5.33789710267954,0.00016362060471409,0.00423499880973427,0.00313787727798236,"CD200/PTPRC/CD200R1/SYT11/TREM2/NR1D1",6
"GO:0048002","antigen processing and presentation of peptide antigen","12/962","45/11930",0.266666666666667,3.30699930699931,4.59176826654777,0.00016693221229725,0.00429559285830017,0.0031827737931216,"PSMB10/B2M/IFI30/CLEC4A/TAP1/CTSS/MR1/TAPBPL/TREM2/HLA-F/HLA-E/CTSD",12
"GO:0050864","regulation of B cell activation","17/962","80/11930",0.2125,2.63526507276507,4.34610098829608,0.000175853131476667,0.00449899398795219,0.00333348169452265,"PTPRC/SLAMF8/CD300A/INPP5D/NCKAP1L/SPI1/LAPTM5/CDKN2A/SLC15A4/TNFAIP3/MNDA/LYN/CD27/TYROBP/MEF2C/TNFSF13B/SAMSN1",17
"GO:0060326","cell chemotaxis","32/962","203/11930",0.157635467980296,1.95487643763506,4.06375547574214,0.00018107942315764,0.00460607774077998,0.00341282426105822,"IL16/CXCR4/VEGFC/CORO1C/SLAMF8/ITGA1/ALOX5/VEGFB/NCKAP1L/CCN3/SPI1/IL17RA/CKLF/MET/LGALS3/PDGFD/RHOG/TMSB4X/CCL5/STK39/ITGB2/ARRB2/CCRL2/CAMK1D/ANXA1/LYN/DOCK4/VEGFA/CXCL9/CCL4/CXCL10/C3",32
"GO:0050858","negative regulation of antigen receptor-mediated signaling pathway","10/962","33/11930",0.303030303030303,3.75795375795376,4.69841153147523,0.000184306051944223,0.0046602895311055,0.00345299190990624,"CBL/LPXN/CD274/CD300A/LAPTM5/LGALS3/NCK1/LYN/PTPN22/CSK",10
"GO:0006006","glucose metabolic process","23/962","127/11930",0.181102362204724,2.2458951986511,4.18035345453692,0.000185316529027241,0.0046602895311055,0.00345299190990624,"OGT/TPI1/GAPDH/GPI/ALDOA/PDK1/PPP1R3B/ALDOC/ADPGK/PHKA1/DYRK2/ENO2/NNMT/SORBS1/BCKDK/PFKP/OAS1/PGM2L1/PKM/HK1/ENO1/PGK1/HK2",23
"GO:0031579","membrane raft organization","8/962","22/11930",0.363636363636364,4.50954450954451,4.87942353425308,0.000199368112087763,0.0049853291757087,0.00369382657387344,"PTPRC/IQGAP1/ANXA2/CD2/S100A10/CAV2/CAV1/RFTN1",8
"GO:0007263","nitric oxide mediated signal transduction","7/962","17/11930",0.411764705882353,5.10639598874893,5.01765215913454,0.000205129549665549,0.00504390770455401,0.00373722971113498,"SCARB1/CD36/GUCY1A1/ATP2B4/GUCY1B1/VEGFA/RILPL1",7
"GO:0010878","cholesterol storage","7/962","17/11930",0.411764705882353,5.10639598874893,5.01765215913454,0.000205129549665549,0.00504390770455401,0.00373722971113498,"SOAT1/SCARB1/CD36/ABCA1/MSR1/TREM2/ABCG1",7
"GO:0061042","vascular wound healing","7/962","17/11930",0.411764705882353,5.10639598874893,5.01765215913454,0.000205129549665549,0.00504390770455401,0.00373722971113498,"HPSE/ALOX5/VEGFB/CD34/TNFAIP3/MCAM/VEGFA",7
"GO:0070664","negative regulation of leukocyte proliferation","13/962","53/11930",0.245283018867925,3.04181540030597,4.41191225099817,0.000225604638038085,0.00551671893898655,0.00408755416126009,"CD274/CRTAM/CD300A/LAPTM5/CDKN2A/TNFAIP3/MNDA/BTN2A2/CD86/GPNMB/LYN/TYROBP/HLA-E",13
"GO:1903039","positive regulation of leukocyte cell-cell adhesion","30/962","188/11930",0.159574468085106,1.97892245764586,4.00665559527981,0.000228998932166005,0.0055689520536634,0.00412625573145322,"CD24/CD1D/ETS1/PTPRC/SLC7A1/B2M/CD274/ALOX5/IL2RG/NCKAP1L/ACTB/SIRPA/CD3E/EFNB2/NCK1/CYRIB/CCL5/CD86/ITGB2/CBFB/CD276/ANXA1/LYN/CD27/RUNX3/HLA-E/CAV1/NR5A2/CSK/CD6",30
"GO:0009595","detection of biotic stimulus","9/962","28/11930",0.321428571428571,3.98611523611524,4.68491203130684,0.000235159727454592,0.0056875243372351,0.00421411060252494,"CD1D/SCARB1/TLR4/CRTAM/NOD1/TLR2/CLEC7A/LY96/TREM2",9
"GO:0070266","necroptotic process","10/962","34/11930",0.294117647058824,3.64742570624924,4.57813501778183,0.000242432512514547,0.00583155598037709,0.00432082931500412,"OGT/BIRC3/IPMK/FAS/TLR3/ADPRS/FASLG/CAV1/YBX3/MLKL",10
"GO:0002366","leukocyte activation involved in immune response","31/962","198/11930",0.156565656565657,1.94160944160944,3.95679187265324,0.000257009971915044,0.00613677617691134,0.00454697896994257,"CBL/NMI/PSMB10/PSMB8/STX4/CD300A/EIF2AK4/NCKAP1L/DYSF/SPI1/SLC15A4/PCYT1A/LGALS3/PSMA2/DOCK2/CD84/DOCK10/GAB2/CD86/ITGB2/LAT2/LOXL3/TREM2/ANXA1/LYN/PSMB9/TYROBP/HLA-F/LCP1/FCGR3A/IRF8",31
"GO:0002220","innate immune response activating cell surface receptor signaling pathway","16/962","75/11930",0.213333333333333,2.64559944559945,4.23379493801938,0.000257894344533554,0.00613677617691134,0.00454697896994257,"NMI/CD36/MASP1/TLR4/IRAK4/TNFAIP3/TLR2/RAB7B/CLEC7A/LY96/TREM2/OAS1/LYN/PTPN22/TYROBP/NR1D1",16
"GO:0032945","negative regulation of mononuclear cell proliferation","12/962","47/11930",0.25531914893617,3.16627593223338,4.40682180305053,0.000260964876904707,0.00614377949563954,0.0045521680043898,"CD274/CRTAM/CD300A/LAPTM5/CDKN2A/MNDA/BTN2A2/CD86/GPNMB/LYN/TYROBP/HLA-E",12
"GO:0050672","negative regulation of lymphocyte proliferation","12/962","47/11930",0.25531914893617,3.16627593223338,4.40682180305053,0.000260964876904707,0.00614377949563954,0.0045521680043898,"CD274/CRTAM/CD300A/LAPTM5/CDKN2A/MNDA/BTN2A2/CD86/GPNMB/LYN/TYROBP/HLA-E",12
"GO:0002832","negative regulation of response to biotic stimulus","19/962","98/11930",0.193877551020408,2.40432347575205,4.13406163895558,0.000266871246757675,0.00624958803253688,0.00463056571325894,"SERPINB9/NMI/SLAMF8/CD274/INPP5D/SIRPA/TNFAIP3/TRIM21/ISG15/ARRB2/NLRC5/OAS1/DDX39A/IFI16/HLA-F/HLA-E/ATG12/OAS3/SAMHD1",19
"GO:0002699","positive regulation of immune effector process","25/962","147/11930",0.170068027210884,2.10905568048425,4.00691300564857,0.000275986808327236,0.00642904007187551,0.00476352879117858,"CD1D/MASP1/LACC1/PTPRC/B2M/GPI/STX4/CRTAM/ARID5A/SPI1/LAPTM5/MR1/CYRIB/GAB2/CD86/ITGB2/CLEC7A/TREM2/ANXA1/SLC7A5/HK1/TYROBP/HLA-F/HLA-E/C3",25
"GO:0006910","phagocytosis, recognition","6/962","13/11930",0.461538461538462,5.72365264672957,5.04651995890441,0.000283175133527626,0.00653327065512435,0.00484075733209237,"SCARB1/MASP1/GZMK/CLEC7A/TREM2/C3",6
"GO:0001913","T cell mediated cytotoxicity","8/962","23/11930",0.347826086956522,4.31347735695562,4.71056046453034,0.000284247317970935,0.00653327065512435,0.00484075733209237,"CD1D/PTPRC/NCKAP1L/PRF1/MR1/CYRIB/HLA-F/HLA-E",8
"GO:0032496","response to lipopolysaccharide","32/962","208/11930",0.153846153846154,1.90788421557652,3.91189427617075,0.000284889569913917,0.00653327065512435,0.00484075733209237,"CD200/SCARB1/CD36/TLR4/PTAFR/B2M/CD274/IRAK4/HCK/ARID5A/ABCA1/SIRPA/SPI1/TNFAIP3/EFNB2/IL18BP/FASLG/TLR2/CD86/GBP5/LY96/TREM2/LYN/SLC7A5/PTPN22/CXCL9/MEF2C/CASP1/GBP2/NR1D1/CXCL10/CD6",32
"GO:0048872","homeostasis of number of cells","27/962","165/11930",0.163636363636364,2.02929502929503,3.9428632636906,0.000306116551200114,0.00698387554439023,0.0051746282271975,"PSMB10/ETS1/PSMB8/NEMP1/IL2RG/FAS/NCKAP1L/HCLS1/CCN3/SPI1/SLC15A4/UBA5/TNFAIP3/RHEX/PSMA2/DOCK10/ISG15/TUBA1A/SH2B3/ANXA1/LYN/PSMB9/VEGFA/HMOX1/MEF2C/MAFB/TNFSF13B",27
"GO:2000108","positive regulation of leukocyte apoptotic process","7/962","18/11930",0.388888888888889,4.82270732270732,4.80663111065822,0.000312422646425122,0.00709119299014148,0.00525414394601658,"CD274/BBC3/CDKN2A/CCL5/ANXA1/LYN/MEF2C",7
"GO:0031343","positive regulation of cell killing","9/962","29/11930",0.310344827586207,3.84866298659402,4.54856262495118,0.00031682000787294,0.0071543130349267,0.00530091207116021,"CD1D/CRTAM/SPI1/PRF1/MR1/CYRIB/TYROBP/HLA-F/HLA-E",9
"GO:0050673","epithelial cell proliferation","34/962","228/11930",0.149122807017544,1.84930882299303,3.83467751358213,0.000339245892821363,0.00760308111105661,0.00563342199912882,"VEGFC/CDH13/B2M/ALOX5/SP1/MYDGF/JCAD/VEGFB/CCN3/IL17RA/CD34/DLL4/NUPR1/LOXL2/TNFAIP3/BRCA2/CAV2/APLN/LAMC1/ZNF304/SIX1/PTPRM/VEGFA/VASH1/PTPRK/SERPINB1/EGFR/HMOX1/RUNX3/MEF2C/CAV1/CDKN2B/TGFA/NR1D1",34
"GO:0051251","positive regulation of lymphocyte activation","33/962","219/11930",0.150684931506849,1.86868111525646,3.84247704409478,0.000340128798009311,0.00760308111105661,0.00563342199912882,"CD24/CD1D/PTPRC/SLC7A1/B2M/CD274/IL2RG/INPP5D/NCKAP1L/ACTB/SIRPA/SPI1/CD3E/NCK1/CYRIB/CCL5/CD86/CLEC7A/CBFB/CD276/ANXA1/LYN/CD27/RUNX3/TYROBP/HLA-E/FCGR3A/MEF2C/CAV1/NR5A2/CSK/TNFSF13B/CD6",33
"GO:0043408","regulation of MAPK cascade","56/962","438/11930",0.127853881278539,1.58554761294487,3.69766272975293,0.000356162463767593,0.00792148273686114,0.00586933829374222,"P2RY1/CD24/SPRY4/CD36/ZNF622/SH3RF2/SPRY1/TRIB3/RGS14/TLR4/PTPRC/IQGAP1/MAPK8IP3/ITGA1/MID1/EDA2R/SEMA6A/CD300A/IL2RG/MYDGF/JCAD/VEGFB/FAS/SIRPA/SPI1/LAPTM5/TLR3/NAMPT/PDGFA/CAV2/PDGFD/ACTA2/IL15RA/GNAI2/SPRED1/STK39/ARRB2/SH2B3/GPNMB/CLEC7A/TREM2/AXIN1/LYN/MDFIC/VEGFA/PTPN22/MAP4K4/CD27/EGFR/P2RX7/MEF2C/CAV1/CSK/GRAP/TGFA/PECAM1",56
"GO:1904018","positive regulation of vasculature development","23/962","133/11930",0.172932330827068,2.14457661826083,3.93106961673139,0.000372722866854979,0.00824835704350069,0.00611153233101158,"CXCR4/VEGFC/ETS1/HPSE/SP1/MYDGF/JCAD/VEGFB/CD34/TLR3/CDH5/ADM/ITGAX/ZNF304/ITGB2/EMILIN2/PKM/VEGFA/ANGPTL4/HMOX1/HK2/ITGB1/C3",23
"GO:0007186","G protein-coupled receptor signaling pathway","55/962","430/11930",0.127906976744186,1.58620606295025,3.66658238722407,0.000396879428323675,0.00873924552119695,0.00647525092206429,"GRM8/P2RY1/CXCR4/ECE1/RGS14/HRH2/PTAFR/ANO1/GNB4/GNG11/MGRN1/ABCA1/PREX1/GRK5/GPR4/LPAR5/WASF2/BICD1/GIT2/PDE4A/RGS1/ADM/CD3E/GPR34/CAV2/APLN/OR51E1/GRIK3/NMB/CPE/CCL5/ATP2B4/GNAI2/RGS12/SIX1/STK39/TULP3/P2RY13/ARRB2/CCRL2/SH2B3/PPP1R9B/TREM2/ADGRL4/ANXA1/LYN/CRTC3/VEGFA/CXCL9/CCL4/CAV1/RGS5/ADCY3/CXCL10/C3",55
"GO:0002263","cell activation involved in immune response","31/962","203/11930",0.152709359605911,1.89378654895896,3.80376961805901,0.000401899591486119,0.00879174792655029,0.00651415202031702,"CBL/NMI/PSMB10/PSMB8/STX4/CD300A/EIF2AK4/NCKAP1L/DYSF/SPI1/SLC15A4/PCYT1A/LGALS3/PSMA2/DOCK2/CD84/DOCK10/GAB2/CD86/ITGB2/LAT2/LOXL3/TREM2/ANXA1/LYN/PSMB9/TYROBP/HLA-F/LCP1/FCGR3A/IRF8",31
"GO:0010883","regulation of lipid storage","10/962","36/11930",0.277777777777778,3.44479094479094,4.35065700603431,0.000405222904883927,0.00879174792655029,0.00651415202031702,"SCARB1/CD36/PLIN3/ABCA1/PLIN2/HILPDA/MSR1/TREM2/ABCG1/C3",10
"GO:0019320","hexose catabolic process","10/962","36/11930",0.277777777777778,3.44479094479094,4.35065700603431,0.000405222904883927,0.00879174792655029,0.00651415202031702,"TPI1/GAPDH/ALDOA/ENO2/PFKP/PKM/HK1/ENO1/PGK1/HK2",10
"GO:0002456","T cell mediated immunity","16/962","78/11930",0.205128205128205,2.5438456207687,4.05117668491676,0.00041265480429567,0.00890931787225676,0.00660126421981941,"CD8A/CD1D/BTN3A2/PTPRC/B2M/CD274/ARID5A/NCKAP1L/PRF1/MR1/CYRIB/JAG1/HLA-F/HLA-E/RFTN1/BTN3A3",16
"GO:0003018","vascular process in circulatory system","29/962","186/11930",0.155913978494624,1.93352782062459,3.80015709561047,0.000430476156127148,0.00924896828649882,0.00685292457798946,"P2RY1/ECE1/SCARB1/CD36/SLC1A3/ATP2A3/HRH2/SLC7A1/ITGA1/SLC29A4/TBXAS1/GPR4/FABP5/KCNMA1/CDH5/ADM/SLC2A1/ATP2B4/ATP8A1/PLVAP/SLC7A5/DOCK4/VEGFA/SLCO2B1/CAV1/SLC38A1/SLC1A4/PECAM1/ITGB1",29
"GO:0036293","response to decreased oxygen levels","33/962","222/11930",0.148648648648649,1.84342866775299,3.75672429230186,0.000436995761730246,0.00933468414027165,0.00691643482722457,"P4HB/CBL/CD24/CXCR4/TGFB3/VEGFC/PDLIM1/DRAM1/PML/BBC3/CCNB1/CPEB2/VEGFB/PDK1/HILPDA/KCNMA1/LOXL2/SLC2A1/ERO1A/CCNA2/NOL3/TREM2/COXFA4L2/VEGFA/CCND1/ANGPTL4/STC2/ENO1/CAV1/PGK1/TIGAR/HK2/EGLN3",33
"GO:0001666","response to hypoxia","32/962","213/11930",0.150234741784038,1.86309820112637,3.76415616290775,0.000438683755349413,0.00933468414027165,0.00691643482722457,"P4HB/CBL/CD24/CXCR4/TGFB3/VEGFC/PDLIM1/PML/BBC3/CCNB1/CPEB2/VEGFB/PDK1/HILPDA/KCNMA1/LOXL2/SLC2A1/ERO1A/CCNA2/NOL3/TREM2/COXFA4L2/VEGFA/CCND1/ANGPTL4/STC2/ENO1/CAV1/PGK1/TIGAR/HK2/EGLN3",32
"GO:0030595","leukocyte chemotaxis","24/962","143/11930",0.167832167832168,2.08132823517439,3.85256304681053,0.000443379825310246,0.00938946941063707,0.0069570273900023,"IL16/CXCR4/VEGFC/CORO1C/SLAMF8/ALOX5/VEGFB/NCKAP1L/CCN3/SPI1/IL17RA/CKLF/LGALS3/CCL5/STK39/ITGB2/CAMK1D/ANXA1/LYN/VEGFA/CXCL9/CCL4/CXCL10/C3",24
"GO:0003013","circulatory system process","50/962","383/11930",0.130548302872063,1.61896180172943,3.64631753982321,0.000448825597007066,0.00945953377311083,0.00700894083340101,"P2RY1/ECE1/SCARB1/CD36/VEGFC/SLC1A3/ATP2A3/CELF2/HRH2/GUCY1A1/SLC7A1/KCNJ2/ITGA1/CYB5R3/SLC29A4/GJC1/DMD/TBXAS1/GPR4/FABP5/GJA1/MYOF/KCNMA1/CDH5/ADM/SLC2A1/APLN/SCN1B/SCN4B/ATP2A2/ATP2B4/CPA3/ATP8A1/PLVAP/GUCY1B1/PTGS1/EMILIN2/TPM1/SLC7A5/DOCK4/VEGFA/SLCO2B1/CAV1/SLC38A1/SLC1A4/FKBP1A/PECAM1/ITGB1/CXCL10/KCNE4",50
"GO:0002704","negative regulation of leukocyte mediated immunity","11/962","43/11930",0.255813953488372,3.1724121259005,4.22635670837556,0.000459623339895889,0.00955242723358881,0.00707776925390423,"SERPINB9/PTPRC/CD274/CD300A/INPP5D/NCKAP1L/SPI1/CD84/ARRB2/HLA-F/HLA-E",11
"GO:0001914","regulation of T cell mediated cytotoxicity","7/962","19/11930",0.368421052631579,4.5688806215122,4.61063288678501,0.000460459558093351,0.00955242723358881,0.00707776925390423,"CD1D/PTPRC/NCKAP1L/MR1/CYRIB/HLA-F/HLA-E",7
"GO:0006925","inflammatory cell apoptotic process","6/962","14/11930",0.428571428571429,5.31482031482032,4.78395757699391,0.000461866115677362,0.00955242723358881,0.00707776925390423,"CDKN2A/CCL5/FASLG/ANXA1/MEF2C/PLEKHO2",6
"GO:0034163","regulation of toll-like receptor 9 signaling pathway","6/962","14/11930",0.428571428571429,5.31482031482032,4.78395757699391,0.000461866115677362,0.00955242723358881,0.00707776925390423,"GRAMD4/SLC15A4/MSR1/RAB7B/LYN/EGFR",6
"GO:0043122","regulation of canonical NF-kappaB signal transduction","38/962","269/11930",0.141263940520446,1.75184907526915,3.69372659745688,0.000470727500238482,0.00969041821421172,0.00718001220180492,"PRMT2/CD200/CD36/TLR4/BIRC3/NEK6/EDA2R/GAPDH/IRAK4/SIRPA/SPI1/GJA1/NOD1/TLR3/TNFAIP3/ECT2/NAMPT/TMSB4X/PIM2/FASLG/TLR2/ARRB2/CLEC7A/NLRC5/TREM2/VEGFA/TLE1/HMOX1/ZDHHC13/TLR7/CAV1/CASP1/TRADD/TRAF5/TRIM22/FKBP1A/NR1D1/ANXA4",38
"GO:0045806","negative regulation of endocytosis","12/962","50/11930",0.24,2.97629937629938,4.14720353319565,0.000484122836302438,0.00992003552534533,0.00735014470375071,"B2M/ANXA2/CD300A/DYSF/SIRPA/LGALS3/SNX33/SYT11/TLR2/CAV1/CSK/APOC1",12
"GO:0016052","carbohydrate catabolic process","22/962","128/11930",0.171875,2.1314643970894,3.81148229723092,0.000540420792714059,0.011009013732451,0.00815701151193982,"PYGL/OGT/TPI1/GAPDH/GPI/ALDOA/NUPR1/PPP1R3B/ALDOC/ADPGK/PHKA1/ENO2/PFKP/PKM/LDHA/HK1/P2RX7/ENO1/PGK1/ATG12/TIGAR/HK2",22
"GO:0002478","antigen processing and presentation of exogenous peptide antigen","8/962","25/11930",0.32,3.96839916839917,4.40000773681172,0.000542242429659812,0.011009013732451,0.00815701151193982,"PSMB10/B2M/IFI30/CLEC4A/CTSS/HLA-F/HLA-E/CTSD",8
"GO:0006968","cellular defense response","9/962","31/11930",0.290322580645161,3.60036214874925,4.29324116469017,0.000550691789963429,0.0110789175562642,0.00820880600592725,"NCF2/PRF1/MNDA/LSP1/LY96/NCF1/CXCL9/TYROBP/ITGB1",9
"GO:0071402","cellular response to lipoprotein particle stimulus","9/962","31/11930",0.290322580645161,3.60036214874925,4.29324116469017,0.000550691789963429,0.0110789175562642,0.00820880600592725,"SCARB1/CD36/CDH13/TLR4/ABCA1/ITGB2/TREM2/ABCG1/ITGB1",9
"GO:0008625","extrinsic apoptotic signaling pathway via death domain receptors","14/962","65/11930",0.215384615384615,2.67103790180713,4.00069038042153,0.000555992110013224,0.0111349370086811,0.00825031302275566,"BLOC1S2/BIRC3/PEA15/STX4/SP100/FAS/SPI1/TNFAIP3/LGALS3/FASLG/HMOX1/BAX/TRADD/TRAF5",14
"GO:0007249","canonical NF-kappaB signal transduction","39/962","281/11930",0.138790035587189,1.72116956814466,3.62303111527164,0.000568586491109207,0.0112900331804357,0.00836522987990613,"PRMT2/CD200/CD36/TLR4/BIRC3/NEK6/EDA2R/GAPDH/IRAK4/SIRPA/SPI1/GJA1/NOD1/TLR3/TNFAIP3/ECT2/NAMPT/TMSB4X/NPM1/PIM2/FASLG/TLR2/ARRB2/CLEC7A/NLRC5/TREM2/VEGFA/TLE1/HMOX1/ZDHHC13/TLR7/CAV1/CASP1/TRADD/TRAF5/TRIM22/FKBP1A/NR1D1/ANXA4",39
"GO:0002260","lymphocyte homeostasis","11/962","44/11930",0.25,3.10031185031185,4.13350143222,0.000568838092913953,0.0112900331804357,0.00836522987990613,"PSMB10/PSMB8/FAS/NCKAP1L/TNFAIP3/PSMA2/DOCK10/LYN/PSMB9/MEF2C/TNFSF13B",11
"GO:0140895","cell surface toll-like receptor signaling pathway","13/962","58/11930",0.224137931034483,2.77958993476235,4.02344276754066,0.000580383228077898,0.0114677507476463,0.0084969078191695,"NMI/CD36/TLR4/IRAK4/TNFAIP3/TLR2/RAB7B/LY96/TREM2/OAS1/LYN/PTPN22/NR1D1",13
"GO:0034142","toll-like receptor 4 signaling pathway","12/962","51/11930",0.235294117647059,2.91794056499939,4.06495859226245,0.000587382854918166,0.0115544734038569,0.00856116404795141,"NMI/CD36/TLR4/IRAK4/TNFAIP3/RAB7B/LY96/TREM2/OAS1/LYN/PTPN22/NR1D1",12
"GO:0045766","positive regulation of angiogenesis","22/962","129/11930",0.170542635658915,2.114941417267,3.77062491694025,0.000603124345228981,0.0118116298760331,0.00875170139806186,"VEGFC/ETS1/HPSE/SP1/MYDGF/JCAD/VEGFB/CD34/TLR3/CDH5/ADM/ITGAX/ZNF304/ITGB2/EMILIN2/PKM/VEGFA/ANGPTL4/HMOX1/HK2/ITGB1/C3",22
"GO:0002444","myeloid leukocyte mediated immunity","15/962","73/11930",0.205479452054795,2.54820152080426,3.92940998391377,0.000607493464868727,0.0118447844736079,0.00877626694413746,"CBL/SERPINB9/IRAK4/STX4/CD300A/SPI1/FCGR2A/CD84/GAB2/ITGB2/LAT2/LYN/TYROBP/HLA-E/FCGR3A",15
"GO:0045785","positive regulation of cell adhesion","44/962","330/11930",0.133333333333333,1.65349965349965,3.5653253853722,0.000621347780729819,0.0120617775329394,0.00893704564112108,"P4HB/CD24/CD1D/CD36/ETS1/CDH13/PTPRC/HPSE/SLC7A1/B2M/CD274/STX4/ALOX5/IL2RG/CD63/NCKAP1L/S100A10/ACTB/SIRPA/CD3E/EFNB2/NCK1/LAMC1/EDIL3/PTPRU/CYRIB/CCL5/CD86/ITGB2/CBFB/CD276/EMILIN2/ANXA1/LYN/TPM1/VEGFA/MAP4K4/CD27/RUNX3/HLA-E/CAV1/NR5A2/CSK/CD6",44
"GO:1903131","mononuclear cell differentiation","45/962","340/11930",0.132352941176471,1.64134156781216,3.55314527117288,0.000634973370033729,0.0122724547413506,0.00909314467561024,"CD8A/PRR7/CD1D/PSMB10/JAG2/PTPRC/PSMB8/SLAMF8/PRDM1/CRTAM/IL2RG/CD2/INPP5D/NCKAP1L/HCLS1/ACTB/SPI1/LAPTM5/CDKN2A/C1QC/DLL4/CD3E/SMC4/MR1/PSMA2/DOCK10/NPM1/TLR2/CD86/LOXL3/CBFB/HHEX/TREM2/ANXA1/LYN/PSMB9/VEGFA/PTPN22/CD27/IFI16/RUNX3/TCF7/TNFSF13B/IRF8/ITGB1",45
"GO:0050729","positive regulation of inflammatory response","20/962","113/11930",0.176991150442478,2.19491104446857,3.77961021173903,0.000646958768300366,0.012449736993467,0.00922450007278936,"NMI/IL16/ETS1/TLR4/GZMK/GPR4/IL17RA/TLR3/NUPR1/CEBPA/CCL5/TLR2/GBP5/TREM2/HLA-E/TLR7/OSMR/CASP1/TRADD/GBP2",20
"GO:0006911","phagocytosis, engulfment","10/962","38/11930",0.263157894736842,3.263486158223,4.1387388665423,0.000649995977706269,0.0124540354862682,0.00922768499526424,"CD36/CD300A/NCKAP1L/ELMO1/RAB31/MSR1/ITGB2/TREM2/ARHGAP25/C3",10
"GO:0032732","positive regulation of interleukin-1 production","11/962","45/11930",0.244444444444444,3.03141603141603,4.04325724802454,0.000698866466054654,0.0132324364770841,0.00980443292176332,"IL16/CD36/TLR4/NOD1/GBP5/CLEC7A/HK1/P2RX7/IFI16/TYROBP/CASP1",11
"GO:0070098","chemokine-mediated signaling pathway","11/962","45/11930",0.244444444444444,3.03141603141603,4.04325724802454,0.000698866466054654,0.0132324364770841,0.00980443292176332,"CXCR4/CCL5/STK39/ARRB2/CCRL2/SH2B3/TREM2/LYN/CXCL9/CCL4/CXCL10",11
"GO:0009593","detection of chemical stimulus","9/962","32/11930",0.28125,3.48785083160083,4.17338238201545,0.000712040861754499,0.0132324364770841,0.00980443292176332,"SCARB1/TGFB3/TLR4/RTP4/OR51E1/TLR2/CLEC7A/LY96/TREM2",9
"GO:0043300","regulation of leukocyte degranulation","9/962","32/11930",0.28125,3.48785083160083,4.17338238201545,0.000712040861754499,0.0132324364770841,0.00980443292176332,"STX4/CD300A/NCKAP1L/SPI1/CD84/GAB2/ITGB2/LYN/HLA-F",9
"GO:0022409","positive regulation of cell-cell adhesion","32/962","219/11930",0.146118721461187,1.81205441479414,3.59199756113163,0.000716933007730858,0.0132324364770841,0.00980443292176332,"CD24/CD1D/ETS1/PTPRC/SLC7A1/B2M/CD274/ALOX5/IL2RG/NCKAP1L/ACTB/SIRPA/CD3E/EFNB2/NCK1/PTPRU/CYRIB/CCL5/CD86/ITGB2/CBFB/CD276/EMILIN2/ANXA1/LYN/CD27/RUNX3/HLA-E/CAV1/NR5A2/CSK/CD6",32
"GO:0010885","regulation of cholesterol storage","6/962","15/11930",0.4,4.96049896049896,4.545423409028,0.000717529316425708,0.0132324364770841,0.00980443292176332,"SCARB1/CD36/ABCA1/MSR1/TREM2/ABCG1",6
"GO:0031340","positive regulation of vesicle fusion","6/962","15/11930",0.4,4.96049896049896,4.545423409028,0.000717529316425708,0.0132324364770841,0.00980443292176332,"ANXA2/SYT11/ABCA3/ANXA1/DOC2A/SYT13",6
"GO:0050765","negative regulation of phagocytosis","6/962","15/11930",0.4,4.96049896049896,4.545423409028,0.000717529316425708,0.0132324364770841,0.00980443292176332,"CD300A/DYSF/SIRPA/SYT11/TLR2/CSK",6
"GO:0062099","negative regulation of programmed necrotic cell death","6/962","15/11930",0.4,4.96049896049896,4.545423409028,0.000717529316425708,0.0132324364770841,0.00980443292176332,"BIRC3/NUPR1/ADPRS/NOL3/CAV1/YBX3",6
"GO:0045730","respiratory burst","8/962","26/11930",0.307692307692308,3.81576843115305,4.25660141293449,0.00072846042845323,0.0133782815615519,0.00991249528428509,"CD24/SLAMF8/NCF2/HCK/CAMK1D/CLEC7A/NCF1/TREM2",8
"GO:0046496","nicotinamide nucleotide metabolic process","22/962","131/11930",0.16793893129771,2.08265223532399,3.69001268052704,0.000747715772611542,0.0136751653288375,0.0101324681507299,"OGT/TPI1/GAPDH/GPI/ALDOA/MACROH2A1/NUPR1/ALDOC/NAMPT/ADPGK/ENO2/NNMT/PFKP/PKM/LDHA/NADSYN1/HK1/P2RX7/ENO1/PGK1/TIGAR/HK2",22
"GO:0050678","regulation of epithelial cell proliferation","30/962","202/11930",0.148514851485149,1.84176941602684,3.57340863880924,0.000792516785589068,0.0144348942099474,0.0106953811763444,"VEGFC/CDH13/B2M/ALOX5/SP1/MYDGF/JCAD/VEGFB/IL17RA/DLL4/NUPR1/TNFAIP3/BRCA2/CAV2/APLN/LAMC1/ZNF304/SIX1/PTPRM/VEGFA/VASH1/PTPRK/EGFR/HMOX1/RUNX3/MEF2C/CAV1/CDKN2B/TGFA/NR1D1",30
"GO:1902106","negative regulation of leukocyte differentiation","15/962","75/11930",0.2,2.48024948024948,3.80838288032064,0.000818364287538156,0.0148445915436225,0.0109989420536779,"PSMB10/TLR4/PSMB8/INPP5D/CDKN2A/C1QC/TLR3/PSMA2/LOXL3/CBFB/ANXA1/LYN/PSMB9/RUNX3/MAFB",15
"GO:0071709","membrane assembly","12/962","53/11930",0.226415094339623,2.80782960028243,3.90632060077908,0.000849848676132778,0.0153527764920966,0.0113754762805977,"UGCG/IQGAP1/ANXA2/STX4/S100A10/REEP3/CAV2/UBE2I/CAV1/MAFB/NLGN1/RFTN1",12
"GO:0002275","myeloid cell activation involved in immune response","14/962","68/11930",0.205882352941176,2.55319799437447,3.803891772592,0.000895517249401602,0.0161120298611849,0.0119380369806427,"CBL/NMI/STX4/CD300A/DYSF/SPI1/DOCK2/CD84/GAB2/ITGB2/LAT2/TREM2/LYN/TYROBP",14
"GO:0001911","negative regulation of leukocyte mediated cytotoxicity","7/962","21/11930",0.333333333333333,4.13374913374913,4.25659235876261,0.000920982760105467,0.0163705610290233,0.0121295928968676,"SERPINB9/PTPRC/INPP5D/NCKAP1L/ARRB2/HLA-F/HLA-E",7
"GO:0060055","angiogenesis involved in wound healing","7/962","21/11930",0.333333333333333,4.13374913374913,4.25659235876261,0.000920982760105467,0.0163705610290233,0.0121295928968676,"HPSE/ALOX5/VEGFB/CD34/TNFAIP3/MCAM/VEGFA",7
"GO:1900017","positive regulation of cytokine production involved in inflammatory response","7/962","21/11930",0.333333333333333,4.13374913374913,4.25659235876261,0.000920982760105467,0.0163705610290233,0.0121295928968676,"TLR4/IL17RA/TLR3/MAPK9/GBP5/CLEC7A/CD6",7
"GO:0046434","organophosphate catabolic process","29/962","195/11930",0.148717948717949,1.84428807505731,3.52040191337134,0.000940572898378686,0.0166519025928963,0.0123380499331718,"SCARB1/GPCPD1/OGT/TPI1/TDG/GAPDH/GPI/ALDOA/UPP1/NT5C3A/PDE4A/NUPR1/ALDOC/ADPGK/TYMP/ENO2/NNMT/PFKP/PKM/LDHA/HK1/P2RX7/ENO1/PGK1/ENTPD1/TIGAR/HK2/APOC1/SAMHD1",29
"GO:0072524","pyridine-containing compound metabolic process","23/962","142/11930",0.161971830985915,2.00865274808937,3.58089526739809,0.000959633594820187,0.0168594454443109,0.012491826599216,"PARP9/OGT/TPI1/GAPDH/GPI/ALDOA/MACROH2A1/NUPR1/ALDOC/NAMPT/ADPGK/ENO2/NNMT/PFKP/PKM/LDHA/NADSYN1/HK1/P2RX7/ENO1/PGK1/TIGAR/HK2",23
"GO:0001912","positive regulation of leukocyte mediated cytotoxicity","8/962","27/11930",0.296296296296296,3.67444367444367,4.12014931751149,0.000962863124833423,0.0168594454443109,0.012491826599216,"CD1D/CRTAM/SPI1/MR1/CYRIB/TYROBP/HLA-F/HLA-E",8
"GO:0002224","toll-like receptor signaling pathway","13/962","61/11930",0.213114754098361,2.64288879042977,3.80970943434668,0.000963723383960837,0.0168594454443109,0.012491826599216,"CD36/TLR4/BIRC3/CD274/IRAK4/CD300A/CTSS/TLR3/TLR2/ARRB2/LY96/TLR7/GDI1",13
"GO:1903305","regulation of regulated secretory pathway","16/962","84/11930",0.19047619047619,2.36214236214236,3.71024093646691,0.000970559629150199,0.0169121925929873,0.0125309090374281,"P2RY1/STX4/CD300A/NCKAP1L/SPI1/CD84/SYT11/GNAI2/GAB2/RAB27A/ITGB2/LYN/HLA-F/NLGN1/DOC2A/SYT13",16
"GO:0032728","positive regulation of interferon-beta production","10/962","40/11930",0.25,3.10031185031185,3.94047598906418,0.00100549315646052,0.0173163918696275,0.0128303961879395,"TLR4/TLR3/ISG15/TLR2/OAS1/TRAF3IP3/TLR7/OAS2/TRADD/OAS3",10
"GO:0032731","positive regulation of interleukin-1 beta production","10/962","40/11930",0.25,3.10031185031185,3.94047598906418,0.00100549315646052,0.0173163918696275,0.0128303961879395,"CD36/TLR4/NOD1/GBP5/CLEC7A/HK1/P2RX7/IFI16/TYROBP/CASP1",10
"GO:0046365","monosaccharide catabolic process","10/962","40/11930",0.25,3.10031185031185,3.94047598906418,0.00100549315646052,0.0173163918696275,0.0128303961879395,"TPI1/GAPDH/ALDOA/ENO2/PFKP/PKM/HK1/ENO1/PGK1/HK2",10
"GO:0150076","neuroinflammatory response","12/962","54/11930",0.222222222222222,2.75583275583276,3.82975301365618,0.00101393808313216,0.0173941471160579,0.0128880081099208,"CD200/PTPRC/NUPR1/CD200R1/C1QA/SYT11/CCL5/ITGB2/TREM2/TYROBP/NR1D1/ITGB1",12
"GO:0000727","double-strand break repair via break-induced replication","5/962","11/11930",0.454545454545455,5.63693063693064,4.5565156527212,0.00103212949715558,0.0174584924086029,0.0129356840693469,"MCM2/MCM6/MCM5/CDC7/MCM7",5
"GO:0098543","detection of other organism","5/962","11/11930",0.454545454545455,5.63693063693064,4.5565156527212,0.00103212949715558,0.0174584924086029,0.0129356840693469,"CD1D/TLR4/NOD1/TLR2/CLEC7A",5
"GO:0099024","plasma membrane invagination","11/962","47/11930",0.234042553191489,2.90241960454726,3.87006293479259,0.00103346701560189,0.0174584924086029,0.0129356840693469,"CD36/CD300A/NCKAP1L/ELMO1/RAB31/MSR1/SNX33/ITGB2/TREM2/ARHGAP25/C3",11
"GO:0141084","inflammasome-mediated signaling pathway","11/962","47/11930",0.234042553191489,2.90241960454726,3.87006293479259,0.00103346701560189,0.0174584924086029,0.0129356840693469,"CD36/CSNK1A1/OGT/TLR4/IRAK4/GBP5/TREM2/PTPN22/P2RX7/IFI16/GBP2",11
"GO:1903707","negative regulation of hemopoiesis","15/962","77/11930",0.194805194805195,2.41582741582742,3.69119826021993,0.00108820292506485,0.0183132553092662,0.013569011539921,"PSMB10/TLR4/PSMB8/INPP5D/CDKN2A/C1QC/TLR3/PSMA2/LOXL3/CBFB/ANXA1/LYN/PSMB9/RUNX3/MAFB",15
"GO:0097530","granulocyte migration","16/962","85/11930",0.188235294117647,2.33435245199951,3.65627053647009,0.00110810572418797,0.0185074563594565,0.0137129027403983,"SLAMF8/IRAK4/CD300A/NCKAP1L/IL17RA/CKLF/LGALS3/CCL5/ITGB2/CAMK1D/ANXA1/VEGFA/CXCL9/CCL4/PECAM1/CXCL10",16
"GO:1903531","negative regulation of secretion by cell","16/962","85/11930",0.188235294117647,2.33435245199951,3.65627053647009,0.00110810572418797,0.0185074563594565,0.0137129027403983,"P2RY1/CD200/RHBDF2/CD300A/NCKAP1L/CCN3/SPI1/GJA1/INHBB/CD84/SYT11/NMB/GNAI2/ANXA1/HLA-F/WDR41",16
"GO:0071453","cellular response to oxygen levels","22/962","135/11930",0.162962962962963,2.02094402094402,3.53301658492557,0.00112883911775115,0.0187828644179196,0.0139169634090432,"P4HB/CBL/DRAM1/BBC3/CCNB1/CPEB2/FAS/PDK1/HILPDA/ERO1A/CCNA2/NOL3/TREM2/COXFA4L2/VEGFA/CCND1/STC2/ENO1/CAV1/PGK1/TIGAR/EGLN3",22
"GO:0071674","mononuclear cell migration","23/962","144/11930",0.159722222222222,1.98075479325479,3.50658444061746,0.0011662056780506,0.0193319338241645,0.0143237905396509,"P4HB/CD200/CXCR4/CORO1C/SLAMF8/CRTAM/ALOX5/CCN3/SIRPA/SPI1/CKLF/LGALS3/CD200R1/PDGFD/STK10/CCL5/STK39/TREM2/ANXA1/LYN/CCL4/PECAM1/CXCL10",23
"GO:0050870","positive regulation of T cell activation","26/962","171/11930",0.152046783625731,1.88556978030662,3.45431137274428,0.00121793301657372,0.0201140728781914,0.0149033081442869,"CD24/CD1D/PTPRC/SLC7A1/B2M/CD274/IL2RG/NCKAP1L/ACTB/SIRPA/CD3E/NCK1/CYRIB/CCL5/CD86/CBFB/CD276/ANXA1/LYN/CD27/RUNX3/HLA-E/CAV1/NR5A2/CSK/CD6",26
"GO:0050856","regulation of T cell receptor signaling pathway","10/962","41/11930",0.24390243902439,3.02469448810912,3.84595855463483,0.00123530708540862,0.0201816664917536,0.0149533909125856,"CBL/PTPRC/CD274/CD300A/LAPTM5/LGALS3/NCK1/CD86/PTPN22/CSK",10
"GO:0141085","regulation of inflammasome-mediated signaling pathway","10/962","41/11930",0.24390243902439,3.02469448810912,3.84595855463483,0.00123530708540862,0.0201816664917536,0.0149533909125856,"CD36/CSNK1A1/OGT/TLR4/GBP5/TREM2/PTPN22/P2RX7/IFI16/GBP2",10
"GO:0002534","cytokine production involved in inflammatory response","11/962","48/11930",0.229166666666667,2.84195252945253,3.78686752446755,0.00124474983203193,0.0201816664917536,0.0149533909125856,"TLR4/ALOX5/SIRPA/IL17RA/TLR3/MAPK9/GBP5/CLEC7A/TREM2/HMOX1/CD6",11
"GO:1900015","regulation of cytokine production involved in inflammatory response","11/962","48/11930",0.229166666666667,2.84195252945253,3.78686752446755,0.00124474983203193,0.0201816664917536,0.0149533909125856,"TLR4/ALOX5/SIRPA/IL17RA/TLR3/MAPK9/GBP5/CLEC7A/TREM2/HMOX1/CD6",11
"GO:0002715","regulation of natural killer cell mediated immunity","8/962","28/11930",0.285714285714286,3.54321354321354,3.99004418271681,0.00125394448378496,0.0201816664917536,0.0149533909125856,"SERPINB9/B2M/CRTAM/INPP5D/CALHM6/ARRB2/HLA-F/HLA-E",8
"GO:0045920","negative regulation of exocytosis","8/962","28/11930",0.285714285714286,3.54321354321354,3.99004418271681,0.00125394448378496,0.0201816664917536,0.0149533909125856,"CD300A/NCKAP1L/SPI1/CD84/GNAI2/ANXA1/HLA-F/WDR41",8
"GO:0150077","regulation of neuroinflammatory response","8/962","28/11930",0.285714285714286,3.54321354321354,3.99004418271681,0.00125394448378496,0.0201816664917536,0.0149533909125856,"CD200/PTPRC/NUPR1/CD200R1/SYT11/CCL5/TREM2/NR1D1",8
"GO:0010721","negative regulation of cell development","23/962","146/11930",0.157534246575342,1.95362116594993,3.43345830031495,0.00140995580251873,0.0226103781954634,0.0167529189909227,"PSMB10/TLR4/PSMB8/B2M/INPP5D/CDKN2A/C1QC/TLR3/YWHAH/PSMA2/MAP2/LOXL3/CBFB/TREM2/ANXA1/LYN/PSMB9/VEGFA/RFLNB/RUNX3/MAFB/GDI1/NR1D1",23
"GO:0030866","cortical actin cytoskeleton organization","9/962","35/11930",0.257142857142857,3.18889218889219,3.84062588710373,0.00143931299213328,0.0229978314194293,0.0170399983320005,"FMNL2/IQGAP1/ARPC1B/IQGAP3/NCKAP1L/FMNL3/ECT2/LCP1/ARPC1A",9
"GO:0042113","B cell activation","26/962","173/11930",0.15028901734104,1.8637712857366,3.38921710540853,0.00144618957972115,0.0230245866181503,0.0170598223116299,"PTPRC/SLAMF8/CD300A/INPP5D/NCKAP1L/SPI1/LAPTM5/CDKN2A/SLC15A4/TNFAIP3/MNDA/PCYT1A/SMC4/DOCK10/CD86/LAT2/HHEX/LYN/CD27/TYROBP/MEF2C/TNFSF13B/SAMSN1/IRF8/ITGB1/C3",26
"GO:1902105","regulation of leukocyte differentiation","31/962","219/11930",0.141552511415525,1.75542771433182,3.34151807816849,0.00145963953423094,0.0231554285967961,0.0171567682826311,"IL4R/PSMB10/CORO1C/TLR4/PSMB8/SLAMF8/PRDM1/CRTAM/IL2RG/CD2/INPP5D/NCKAP1L/HCLS1/ACTB/SPI1/CDKN2A/C1QC/TLR3/PSMA2/CD86/LOXL3/CBFB/TREM2/ANXA1/LYN/PSMB9/CD27/RUNX3/TYROBP/MAFB/TCF7",31
"GO:0017157","regulation of exocytosis","21/962","129/11930",0.162790697674419,2.01880771648214,3.44550996298543,0.00146757118683298,0.0231981074032955,0.017188390689905,"P2RY1/ANXA2/STX4/CD300A/NCKAP1L/S100A10/SPI1/RALA/CD84/SYT11/GNAI2/GAB2/RAB27A/ITGB2/ANXA1/LYN/HLA-F/WDR41/NLGN1/DOC2A/SYT13",21
"GO:0048260","positive regulation of receptor-mediated endocytosis","10/962","42/11930",0.238095238095238,2.95267795267795,3.75428038308891,0.00150617845962301,0.0236395243343667,0.0175154538652101,"CBL/TF/B2M/ANXA2/CD63/BICD1/APLN/ARRB2/VEGFA/C3",10
"GO:0071526","semaphorin-plexin signaling pathway","10/962","42/11930",0.238095238095238,2.95267795267795,3.75428038308891,0.00150617845962301,0.0236395243343667,0.0175154538652101,"PLXNA2/ECE1/SEMA6A/SEMA4F/SEMA5B/MET/PLXNA3/TREM2/PLXNC1/TYROBP",10
"GO:0071887","leukocyte apoptotic process","13/962","64/11930",0.203125,2.51900337837838,3.60846410204412,0.00153925108722556,0.0236997039838651,0.0175600433357724,"CD274/BBC3/FAS/HCLS1/CDKN2A/LGALS3/CCL5/FASLG/ANXA1/LYN/BAX/MEF2C/PLEKHO2",13
"GO:0031338","regulation of vesicle fusion","6/962","17/11930",0.352941176470588,4.37691084749908,4.12628593335464,0.00154214070206804,0.0236997039838651,0.0175600433357724,"ANXA2/SYT11/ABCA3/ANXA1/DOC2A/SYT13",6
"GO:0032735","positive regulation of interleukin-12 production","6/962","17/11930",0.352941176470588,4.37691084749908,4.12628593335464,0.00154214070206804,0.0236997039838651,0.0175600433357724,"IL16/TLR4/LAPTM5/TLR3/TLR2/CLEC7A",6
"GO:1903306","negative regulation of regulated secretory pathway","6/962","17/11930",0.352941176470588,4.37691084749908,4.12628593335464,0.00154214070206804,0.0236997039838651,0.0175600433357724,"CD300A/NCKAP1L/SPI1/CD84/GNAI2/HLA-F",6
"GO:1904706","negative regulation of vascular associated smooth muscle cell proliferation","6/962","17/11930",0.352941176470588,4.37691084749908,4.12628593335464,0.00154214070206804,0.0236997039838651,0.0175600433357724,"TGFB3/APLN/CDKN1A/TPM1/MEF2C/RGS5",6
"GO:2001185","regulation of CD8-positive, alpha-beta T cell activation","6/962","17/11930",0.352941176470588,4.37691084749908,4.12628593335464,0.00154214070206804,0.0236997039838651,0.0175600433357724,"CD274/CRTAM/NCKAP1L/CBFB/RUNX3/HLA-E",6
"GO:0036294","cellular response to decreased oxygen levels","20/962","121/11930",0.165289256198347,2.04979295888387,3.43728556192576,0.0015581587692816,0.0238630128471985,0.0176810452993076,"P4HB/CBL/DRAM1/BBC3/CCNB1/CPEB2/PDK1/HILPDA/ERO1A/CCNA2/NOL3/TREM2/COXFA4L2/VEGFA/CCND1/STC2/ENO1/PGK1/TIGAR/EGLN3",20
"GO:0002685","regulation of leukocyte migration","24/962","156/11930",0.153846153846154,1.90788421557652,3.38031041415979,0.00156705158289608,0.0239164493306829,0.0177206384928064,"P4HB/CD200/VEGFC/SLAMF8/CD300A/VEGFB/NCKAP1L/CCN3/SPI1/LGALS3/CD200R1/PDGFD/STK10/CCL5/PLVAP/STK39/CAMK1D/TREM2/ANXA1/LYN/VEGFA/HMOX1/CCL4/CXCL10",24
"GO:0051048","negative regulation of secretion","17/962","96/11930",0.177083333333333,2.19605422730423,3.48454870190017,0.00159101103783886,0.024198676472422,0.0179297516886017,"P2RY1/CD200/RHBDF2/CD300A/NCKAP1L/CCN3/SPI1/GJA1/INHBB/CD84/SYT11/NMB/GNAI2/STK39/ANXA1/HLA-F/WDR41",17
"GO:0043410","positive regulation of MAPK cascade","38/962","287/11930",0.132404181184669,1.64197700783067,3.26027180585671,0.00161347767945357,0.0244563431824024,0.0181206670939807,"P2RY1/CD36/ZNF622/SH3RF2/PTPRC/IQGAP1/MAPK8IP3/ITGA1/MID1/EDA2R/IL2RG/MYDGF/JCAD/VEGFB/SPI1/LAPTM5/TLR3/NAMPT/PDGFA/CAV2/PDGFD/ACTA2/IL15RA/GNAI2/STK39/ARRB2/GPNMB/CLEC7A/TREM2/AXIN1/LYN/VEGFA/PTPN22/CD27/EGFR/MEF2C/TGFA/PECAM1",38
"GO:0001782","B cell homeostasis","5/962","12/11930",0.416666666666667,5.16718641718642,4.27718165803021,0.00165249299175665,0.0248773264677378,0.0184325901770352,"NCKAP1L/TNFAIP3/DOCK10/LYN/MEF2C",5
"GO:0034144","negative regulation of toll-like receptor 4 signaling pathway","5/962","12/11930",0.416666666666667,5.16718641718642,4.27718165803021,0.00165249299175665,0.0248773264677378,0.0184325901770352,"TNFAIP3/RAB7B/TREM2/LYN/NR1D1",5
"GO:0043542","endothelial cell migration","28/962","193/11930",0.145077720207254,1.7991447006991,3.31475443640219,0.00167280520763578,0.0250977486406643,0.0185959096392272,"SCARB1/LPXN/VEGFC/ETS1/CDH13/GPI/SP1/SP100/JCAD/CCN3/DLL4/LOXL2/CDH5/MET/EFNB2/PTP4A3/TMSB4X/ATP2B4/SPRED1/ITGB2/CLEC14A/ANXA1/PTPRM/VEGFA/VASH1/FSTL1/HMOX1/MEF2C",28
"GO:0050920","regulation of chemotaxis","23/962","148/11930",0.155405405405405,1.92722087992358,3.36147887098085,0.00169615173803872,0.0253620526775655,0.0187917429013204,"IL16/VEGFC/CDH13/SLAMF8/STX4/VEGFB/NCKAP1L/CCN3/SPI1/MET/EFNB2/PDGFD/CYRIB/TMSB4X/CCL5/PLXNA3/STK39/CAMK1D/TREM2/LYN/VEGFA/CCL4/CXCL10",23
"GO:0019915","lipid storage","13/962","65/11930",0.2,2.48024948024948,3.54391713668118,0.00178506583152865,0.0265124207058584,0.0196440958438999,"SOAT1/SCARB1/CD36/PLIN3/ABCA1/PLIN2/HILPDA/RNF213/MSR1/TREM2/ABCG1/CAV1/C3",13
"GO:0170062","nutrient storage","13/962","65/11930",0.2,2.48024948024948,3.54391713668118,0.00178506583152865,0.0265124207058584,0.0196440958438999,"SOAT1/SCARB1/CD36/PLIN3/ABCA1/PLIN2/HILPDA/RNF213/MSR1/TREM2/ABCG1/CAV1/C3",13
"GO:0042267","natural killer cell mediated cytotoxicity","10/962","43/11930",0.232558139534884,2.88401102354591,3.66528180039327,0.00182331637469183,0.0269660921021447,0.0199802388347327,"SERPINB9/SLAMF7/CRTAM/CD2/INPP5D/ARRB2/HLA-F/HLA-E/FCGR3A/TUBB",10
"GO:0071456","cellular response to hypoxia","19/962","114/11930",0.166666666666667,2.06687456687457,3.38966189366068,0.00182779657267135,0.0269660921021447,0.0199802388347327,"P4HB/CBL/BBC3/CCNB1/CPEB2/PDK1/HILPDA/ERO1A/CCNA2/NOL3/TREM2/COXFA4L2/VEGFA/CCND1/STC2/ENO1/PGK1/TIGAR/EGLN3",19
"GO:0044091","membrane biogenesis","12/962","58/11930",0.206896551724138,2.56577532439601,3.54003317364013,0.0019556916258407,0.0287571134085413,0.0213072770026789,"UGCG/IQGAP1/ANXA2/STX4/S100A10/REEP3/CAV2/UBE2I/CAV1/MAFB/NLGN1/RFTN1",12
"GO:0030855","epithelial cell differentiation","43/962","340/11930",0.126470588235294,1.56839305368717,3.14899765154097,0.00205161162648693,0.0300676591352025,0.0222783119054502,"CD24/SPRY1/JAG2/UGCG/IQGAP1/HPSE/RHBDF2/COL4A1/PLK4/CD63/VDAC1/TAGLN2/MESP1/CD34/HEY1/MACROH2A1/HSF4/ALDOC/CDH5/ZEB1/MET/LGALS3/ACTA2/MAP1B/HEY2/SIX1/SPRED1/JAG1/CSTA/ANXA1/PRKCH/RBPJ/VEGFA/FSTL1/MEF2C/CAV1/MAFB/PGK1/NR5A2/RILPL1/PECAM1/TUBB/ANXA4",43
"GO:0030865","cortical cytoskeleton organization","11/962","51/11930",0.215686274509804,2.67477885124944,3.54959210194713,0.00210039457721093,0.0304798242581494,0.02258370126497,"FMNL2/IQGAP1/ARPC1B/IQGAP3/NCKAP1L/FMNL3/ECT2/RHOG/LCP1/NLGN1/ARPC1A",11
"GO:0032608","interferon-beta production","11/962","51/11930",0.215686274509804,2.67477885124944,3.54959210194713,0.00210039457721093,0.0304798242581494,0.02258370126497,"TLR4/SIRPA/TLR3/ISG15/TLR2/OAS1/TRAF3IP3/TLR7/OAS2/TRADD/OAS3",11
"GO:0032648","regulation of interferon-beta production","11/962","51/11930",0.215686274509804,2.67477885124944,3.54959210194713,0.00210039457721093,0.0304798242581494,0.02258370126497,"TLR4/SIRPA/TLR3/ISG15/TLR2/OAS1/TRAF3IP3/TLR7/OAS2/TRADD/OAS3",11
"GO:0030098","lymphocyte differentiation","37/962","282/11930",0.131205673758865,1.62711402073104,3.15624871201535,0.00216760910917032,0.0313524114940779,0.0232302354869831,"CD8A/PRR7/CD1D/PSMB10/JAG2/PTPRC/PSMB8/SLAMF8/PRDM1/CRTAM/IL2RG/CD2/INPP5D/NCKAP1L/ACTB/SPI1/LAPTM5/CDKN2A/DLL4/CD3E/SMC4/MR1/PSMA2/DOCK10/CD86/LOXL3/CBFB/HHEX/ANXA1/PSMB9/PTPN22/CD27/RUNX3/TCF7/TNFSF13B/IRF8/ITGB1",37
"GO:0030888","regulation of B cell proliferation","9/962","37/11930",0.243243243243243,3.01651963814126,3.6381738067834,0.00219168149039797,0.0314014039673153,0.0232665359384048,"PTPRC/CD300A/NCKAP1L/CDKN2A/MNDA/LYN/TYROBP/MEF2C/TNFSF13B",9
"GO:0036230","granulocyte activation","9/962","37/11930",0.243243243243243,3.01651963814126,3.6381738067834,0.00219168149039797,0.0314014039673153,0.0232665359384048,"IL16/STX4/CD300A/PREX1/SPI1/CCL5/ITGB2/ANXA1/TYROBP",9
"GO:1903556","negative regulation of tumor necrosis factor superfamily cytokine production","10/962","44/11930",0.227272727272727,2.81846531846532,3.57881568739553,0.00219228057521474,0.0314014039673153,0.0232665359384048,"TLR4/CD274/SIRPA/CLEC4A/TNFAIP3/SYT11/ARRB2/GPNMB/TREM2/PTPN22",10
"GO:0031342","negative regulation of cell killing","7/962","24/11930",0.291666666666667,3.61703049203049,3.80064493729096,0.00221364159034848,0.0316050892867173,0.0234174544071753,"SERPINB9/PTPRC/INPP5D/NCKAP1L/ARRB2/HLA-F/HLA-E",7
"GO:0097190","apoptotic signaling pathway","51/962","422/11930",0.12085308056872,1.49872895133559,3.08920488655455,0.00223690346708212,0.0318345168659339,0.0235874463292773,"P4HB/CD24/BLOC1S2/ZNF622/TRIB3/TLR4/ATP2A3/BIRC3/GZMK/RPS3/PEA15/PML/BBC3/STX4/SP1/SP100/ANXA6/FAS/PDK1/SPI1/LAPTM5/CDKN2A/PTTG1IP/TLR3/PHLDA3/NUPR1/TNFAIP3/LGALS3/NCK1/CSNK2A2/ERO1A/NOL3/GNAI2/FASLG/DYRK2/CDKN1A/CLEC7A/TREM2/CD27/P2RX7/HMOX1/IFI16/SIAH2/BAX/ENO1/AEN/CAV1/YBX3/CASP1/TRADD/TRAF5",51
"GO:0039531","regulation of cytoplasmic pattern recognition receptor signaling pathway","18/962","108/11930",0.166666666666667,2.06687456687457,3.29841727839316,0.00238092528460834,0.0337755618899888,0.0250256429735179,"CD36/CSNK1A1/OGT/TLR4/BIRC3/GRAMD4/SLC15A4/TNFAIP3/MSR1/GBP5/RAB7B/TREM2/LYN/PTPN22/EGFR/P2RX7/IFI16/GBP2",18
"GO:0032623","interleukin-2 production","11/962","52/11930",0.211538461538462,2.62334079641772,3.47428586059244,0.00247382691653769,0.0348019106797522,0.0257861051817434,"PSMB10/PTPRC/PSMB8/LAPTM5/CD34/TNFAIP3/PSMA2/CD86/CLEC7A/ANXA1/PSMB9",11
"GO:0032663","regulation of interleukin-2 production","11/962","52/11930",0.211538461538462,2.62334079641772,3.47428586059244,0.00247382691653769,0.0348019106797522,0.0257861051817434,"PSMB10/PTPRC/PSMB8/LAPTM5/CD34/TNFAIP3/PSMA2/CD86/CLEC7A/ANXA1/PSMB9",11
"GO:0001916","positive regulation of T cell mediated cytotoxicity","5/962","13/11930",0.384615384615385,4.76971053894131,4.02737476626925,0.00250831665314978,0.0348019106797522,0.0257861051817434,"CD1D/MR1/CYRIB/HLA-F/HLA-E",5
"GO:0046629","gamma-delta T cell activation","5/962","13/11930",0.384615384615385,4.76971053894131,4.02737476626925,0.00250831665314978,0.0348019106797522,0.0257861051817434,"CD247/JAG2/NCKAP1L/CD3E/TCF7",5
"GO:0050855","regulation of B cell receptor signaling pathway","5/962","13/11930",0.384615384615385,4.76971053894131,4.02737476626925,0.00250831665314978,0.0348019106797522,0.0257861051817434,"LPXN/CD300A/LYN/PRKCH/PTPN22",5
"GO:0060099","regulation of phagocytosis, engulfment","5/962","13/11930",0.384615384615385,4.76971053894131,4.02737476626925,0.00250831665314978,0.0348019106797522,0.0257861051817434,"CD300A/NCKAP1L/RAB31/TREM2/C3",5
"GO:1905153","regulation of membrane invagination","5/962","13/11930",0.384615384615385,4.76971053894131,4.02737476626925,0.00250831665314978,0.0348019106797522,0.0257861051817434,"CD300A/NCKAP1L/RAB31/TREM2/C3",5
"GO:0035633","maintenance of blood-brain barrier","8/962","31/11930",0.258064516129032,3.20032190999933,3.63276807583226,0.00256315783319396,0.0353412354196775,0.0261857121055931,"DMD/ACTB/GJA1/CDH5/LAMC1/VEGFA/PECAM1/ITGB1",8
"GO:0042119","neutrophil activation","8/962","31/11930",0.258064516129032,3.20032190999933,3.63276807583226,0.00256315783319396,0.0353412354196775,0.0261857121055931,"IL16/CD300A/PREX1/SPI1/CCL5/ITGB2/ANXA1/TYROBP",8
"GO:0032722","positive regulation of chemokine production","10/962","45/11930",0.222222222222222,2.75583275583276,3.49474622950131,0.00261897032068905,0.0358121825215363,0.0265346553465352,"IL4R/TLR4/IL17RA/TLR3/TLR2/CLEC7A/OAS1/HMOX1/TLR7/OAS3",10
"GO:0002040","sprouting angiogenesis","18/962","109/11930",0.165137614678899,2.04791241488489,3.25489482859621,0.00264263920780935,0.0358121825215363,0.0265346553465352,"VEGFC/CEMIP2/CDH13/SEMA6A/ALOX5/JCAD/VEGFB/DLL4/LOXL2/CDH5/RNF213/EFNB2/SPRED1/CLEC14A/ANXA1/PKM/VEGFA/HMOX1",18
"GO:0005977","glycogen metabolic process","12/962","60/11930",0.2,2.48024948024948,3.40416825454108,0.00264403398501355,0.0358121825215363,0.0265346553465352,"PYGL/PPP1CC/PPP1CB/PPP1R3G/GYG1/PPP1R3B/PHKA1/DYRK2/PPP1R3C/SORBS1/ATG12/NR1D1",12
"GO:0044042","glucan metabolic process","12/962","60/11930",0.2,2.48024948024948,3.40416825454108,0.00264403398501355,0.0358121825215363,0.0265346553465352,"PYGL/PPP1CC/PPP1CB/PPP1R3G/GYG1/PPP1R3B/PHKA1/DYRK2/PPP1R3C/SORBS1/ATG12/NR1D1",12
"GO:0009394","2'-deoxyribonucleotide metabolic process","9/962","38/11930",0.236842105263158,2.9371375424007,3.54201699332068,0.00267013561502643,0.0358121825215363,0.0265346553465352,"TDG/UPP1/NT5C3A/DCK/TYMP/CMPK2/TYMS/RRM2/SAMHD1",9
"GO:0031640","killing of cells of another organism","9/962","38/11930",0.236842105263158,2.9371375424007,3.54201699332068,0.00267013561502643,0.0358121825215363,0.0265346553465352,"LYZ/GZMH/PRF1/LGALS3/GZMA/GBP5/CXCL9/GBP2/CXCL10",9
"GO:0045071","negative regulation of viral genome replication","9/962","38/11930",0.236842105263158,2.9371375424007,3.54201699332068,0.00267013561502643,0.0358121825215363,0.0265346553465352,"APOBEC3D/APOBEC3F/ISG20/CCL5/ISG15/OAS1/IFI16/OAS2/OAS3",9
"GO:0048662","negative regulation of smooth muscle cell proliferation","9/962","38/11930",0.236842105263158,2.9371375424007,3.54201699332068,0.00267013561502643,0.0358121825215363,0.0265346553465352,"TGFB3/TNFAIP3/APLN/CDKN1A/IGFBP3/TPM1/HMOX1/MEF2C/RGS5",9
"GO:0141061","disruption of cell in another organism","9/962","38/11930",0.236842105263158,2.9371375424007,3.54201699332068,0.00267013561502643,0.0358121825215363,0.0265346553465352,"LYZ/GZMH/PRF1/LGALS3/GZMA/GBP5/CXCL9/GBP2/CXCL10",9
"GO:0008285","negative regulation of cell population proliferation","53/962","447/11930",0.118568232662192,1.47039398717251,3.00202064995662,0.00279350116252578,0.0373535835206619,0.0276767400055198,"CD200/NMI/TGFB3/ETS1/CDH13/ITGA1/B2M/CD274/SMYD2/PML/CRTAM/CD300A/ALOX5/TP53INP1/CCN3/LAPTM5/CDKN2A/DLL4/NUPR1/TNFAIP3/MNDA/BRCA2/CAV2/APLN/BTN2A2/PTPRU/CEBPA/NPM1/PIM2/CD86/CDKN1A/TES/SH2B3/GPNMB/TREM2/IGFBP3/LYN/TPM1/PTPRM/VASH1/PTPRK/HMOX1/RUNX3/TYROBP/KDM2B/HLA-E/MEF2C/CAV1/CDKN3/CDKN2B/CSK/RGS5/CGREF1",53
"GO:0019318","hexose metabolic process","24/962","163/11930",0.147239263803681,1.82595053760698,3.1444218112088,0.00284874867323669,0.0377215090966169,0.027949350543715,"OGT/TPI1/GAPDH/GPI/CHST15/ALDOA/PDK1/PPP1R3B/ALDOC/ADPGK/PHKA1/DYRK2/ENO2/NNMT/SORBS1/BCKDK/PFKP/OAS1/PGM2L1/PKM/HK1/ENO1/PGK1/HK2",24
"GO:1903530","regulation of secretion by cell","42/962","336/11930",0.125,1.55015592515593,3.0294557948609,0.00285910390623862,0.0377215090966169,0.027949350543715,"P2RY1/CD200/TGFB3/VEGFC/TLR4/RHBDF2/ANXA2/STX4/CD300A/ALOX5/ALDOA/NCKAP1L/S100A10/CCN3/DYSF/SPI1/GJA1/MYOF/RALA/MCTP2/INHBB/CD84/SYT11/NMB/CCL5/GNAI2/GAB2/RAB27A/TLR2/ITGB2/TREM2/ANXA1/LYN/ABCG1/HLA-F/MEF2C/WDR41/NLGN1/DOC2A/POFUT4/NR1D1/SYT13",42
"GO:0010742","macrophage derived foam cell differentiation","7/962","25/11930",0.28,3.47234927234927,3.66472138998214,0.00286363015283852,0.0377215090966169,0.027949350543715,"SOAT1/CD36/ABCA1/MSR1/MAPK9/PRKCH/ABCG1",7
"GO:0034162","toll-like receptor 9 signaling pathway","7/962","25/11930",0.28,3.47234927234927,3.66472138998214,0.00286363015283852,0.0377215090966169,0.027949350543715,"IRAK4/GRAMD4/SLC15A4/MSR1/RAB7B/LYN/EGFR",7
"GO:0090382","phagosome maturation","7/962","25/11930",0.28,3.47234927234927,3.66472138998214,0.00286363015283852,0.0377215090966169,0.027949350543715,"SLAMF8/SLC9A9/RAB32/RAB31/SYT11/RAB38/RAB7B",7
"GO:0045055","regulated exocytosis","22/962","145/11930",0.151724137931034,1.88156857122374,3.16301419442016,0.00287333661869631,0.0377370560069729,0.0279608698614151,"CBL/P2RY1/STX4/CD300A/HCK/NCKAP1L/SPI1/RAB31/CD84/SYT11/GNAI2/GAB2/RAB27A/ITGB2/LAT2/LYN/HLA-F/FCGR3A/NLGN1/DOC2A/STX11/SYT13",22
"GO:1990868","response to chemokine","11/962","53/11930",0.207547169811321,2.57384380025889,3.40072895055999,0.00289915455092945,0.0378514986501881,0.0280456649194331,"CXCR4/CCL5/STK39/ARRB2/CCRL2/SH2B3/TREM2/LYN/CXCL9/CCL4/CXCL10",11
"GO:1990869","cellular response to chemokine","11/962","53/11930",0.207547169811321,2.57384380025889,3.40072895055999,0.00289915455092945,0.0378514986501881,0.0280456649194331,"CXCR4/CCL5/STK39/ARRB2/CCRL2/SH2B3/TREM2/LYN/CXCL9/CCL4/CXCL10",11
"GO:0030857","negative regulation of epithelial cell differentiation","6/962","19/11930",0.315789473684211,3.9161833898676,3.76741406259834,0.00294001827071849,0.0381598852381233,0.0282741606783674,"SPRY1/ZEB1/SPRED1/JAG1/VEGFA/CAV1",6
"GO:0035590","purinergic nucleotide receptor signaling pathway","6/962","19/11930",0.315789473684211,3.9161833898676,3.76741406259834,0.00294001827071849,0.0381598852381233,0.0282741606783674,"P2RY1/PTAFR/GPR34/GNAI2/P2RY13/P2RX7",6
"GO:0019730","antimicrobial humoral response","12/962","61/11930",0.19672131147541,2.43958965270441,3.33827725494501,0.00305553862200606,0.0395433156169556,0.0292991986881611,"LYZ/TF/B2M/GAPDH/ADM/LGALS3/CCL5/CXCL9/RNASE6/HLA-E/CCL4/CXCL10",12
"GO:0002819","regulation of adaptive immune response","20/962","128/11930",0.15625,1.93769490644491,3.15874502574912,0.00308992957568243,0.0398718026296514,0.0295425876428123,"CD1D/PTPRC/B2M/CD274/EIF2AK4/ARID5A/NCKAP1L/SLC15A4/TNFAIP3/MR1/CYRIB/IL18BP/LOXL3/CLEC7A/TREM2/ANXA1/HLA-F/HLA-E/MEF2C/SAMSN1",20
"GO:0050918","positive chemotaxis","10/962","46/11930",0.217391304347826,2.69592334809726,3.41294781573975,0.00310960967568175,0.0399533982402105,0.0296030450417065,"IL16/VEGFC/CDH13/VEGFB/MET/LGALS3/CCL5/GPNMB/VEGFA/CXCL10",10
"GO:1901222","regulation of non-canonical NF-kappaB signal transduction","13/962","69/11930",0.188405797101449,2.33646690168429,3.29722006863338,0.00311430691208148,0.0399533982402105,0.0296030450417065,"NMI/RPS3/CCN3/AKIP1/SPI1/LAPTM5/NOD1/TRIM21/NOL3/CD86/TREM2/PTPN22/CD27",13
"GO:0002886","regulation of myeloid leukocyte mediated immunity","9/962","39/11930",0.230769230769231,2.86182632336478,3.44895965903662,0.00322761057700032,0.0411683124317101,0.0305032227766901,"STX4/CD300A/SPI1/CD84/GAB2/ITGB2/LYN/TYROBP/HLA-E",9
"GO:0009262","deoxyribonucleotide metabolic process","9/962","39/11930",0.230769230769231,2.86182632336478,3.44895965903662,0.00322761057700032,0.0411683124317101,0.0305032227766901,"TDG/UPP1/NT5C3A/DCK/TYMP/CMPK2/TYMS/RRM2/SAMHD1",9
"GO:0007265","Ras protein signal transduction","16/962","94/11930",0.170212765957447,2.11085062148892,3.20215938884991,0.00326633669598629,0.0415425465989521,0.0307805075984318,"PPP1CC/PPP1CB/DOK1/SPRY4/SPRY1/RASGRP3/CDKN2A/RALA/CCNA2/CDK2/CDKN1A/RAPGEF6/RASA3/RASSF1/GRAP/DOK3",16
"GO:0010324","membrane invagination","11/962","54/11930",0.203703703703704,2.52618002618003,3.32884355598703,0.00338141922873806,0.0428829842590105,0.0317736906109939,"CD36/CD300A/NCKAP1L/ELMO1/RAB31/MSR1/SNX33/ITGB2/TREM2/ARHGAP25/C3",11
"GO:0002706","regulation of lymphocyte mediated immunity","17/962","103/11930",0.16504854368932,2.04680782350685,3.15990559680554,0.00344623046489076,0.0435800458217329,0.0322901709542691,"SERPINB9/CD1D/PTPRC/B2M/CD274/CRTAM/ARID5A/INPP5D/NCKAP1L/CALHM6/SLC15A4/MR1/CYRIB/ARRB2/TREM2/HLA-F/HLA-E",17
"GO:0032602","chemokine production","12/962","62/11930",0.193548387096774,2.4002414324995,3.2736770546851,0.00351739112349832,0.0442061237245165,0.0327540567104766,"IL4R/TLR4/SIRPA/IL17RA/TLR3/TLR2/CLEC7A/TREM2/OAS1/HMOX1/TLR7/OAS3",12
"GO:0032642","regulation of chemokine production","12/962","62/11930",0.193548387096774,2.4002414324995,3.2736770546851,0.00351739112349832,0.0442061237245165,0.0327540567104766,"IL4R/TLR4/SIRPA/IL17RA/TLR3/TLR2/CLEC7A/TREM2/OAS1/HMOX1/TLR7/OAS3",12
"GO:1901988","negative regulation of cell cycle phase transition","28/962","203/11930",0.137931034482759,1.71051688293068,3.02381204500962,0.0035257030444542,0.0442061237245165,0.0327540567104766,"PRMT2/DYNC1I1/DTX3L/PARP9/CDT1/MBTPS2/AVEN/CCNB1/KNTC1/EIF2AK4/BUB1/RFC4/SLFN11/MACROH2A1/BRCA2/RFC5/CHFR/TRIP13/CDK2/TMSB4X/CDKN1A/CDC7/GPNMB/LYN/NUF2/CCND1/RFC2/CDKN2B",28
"GO:0002888","positive regulation of myeloid leukocyte mediated immunity","5/962","14/11930",0.357142857142857,4.42901692901693,3.8018434887929,0.00364523361841224,0.045255188334617,0.0335313499639253,"STX4/SPI1/ITGB2/TYROBP/HLA-E",5
"GO:0034143","regulation of toll-like receptor 4 signaling pathway","7/962","26/11930",0.269230769230769,3.33879737725892,3.53556354651334,0.00365027163024362,0.045255188334617,0.0335313499639253,"CD36/TNFAIP3/RAB7B/TREM2/LYN/PTPN22/NR1D1",7
"GO:0050860","negative regulation of T cell receptor signaling pathway","7/962","26/11930",0.269230769230769,3.33879737725892,3.53556354651334,0.00365027163024362,0.045255188334617,0.0335313499639253,"CBL/CD274/LAPTM5/LGALS3/NCK1/PTPN22/CSK",7
"GO:0090077","foam cell differentiation","7/962","26/11930",0.269230769230769,3.33879737725892,3.53556354651334,0.00365027163024362,0.045255188334617,0.0335313499639253,"SOAT1/CD36/ABCA1/MSR1/MAPK9/PRKCH/ABCG1",7
"GO:0042100","B cell proliferation","10/962","47/11930",0.212765957446809,2.63856327686115,3.33330406653464,0.00367072931354117,0.045381698161266,0.033625086073029,"PTPRC/CD300A/NCKAP1L/CDKN2A/MNDA/PCYT1A/LYN/TYROBP/MEF2C/TNFSF13B",10
"GO:0045786","negative regulation of cell cycle","37/962","291/11930",0.127147766323024,1.57679090668781,2.95007393050989,0.00371755147374441,0.0458325426818739,0.0339591345204257,"PRMT2/DYNC1I1/DTX3L/PARP9/ETS1/CDT1/MBTPS2/AVEN/PML/CCNB1/KNTC1/EIF2AK4/BUB1/RFC4/SLFN11/CDKN2A/MACROH2A1/NUPR1/BRCA2/RFC5/CHFR/TRIP13/CDK2/CEBPA/TMSB4X/NPM1/CDKN1A/CDC7/GPNMB/LYN/NUF2/CCND1/PTPRK/RUNX3/RFC2/CDKN2B/BAZ1B",37
"GO:0003158","endothelium development","17/962","104/11930",0.163461538461538,2.02712697905006,3.11564310376033,0.00381866576474352,0.0468183231987668,0.0346895380987988,"HPSE/MESP1/CD34/HEY1/DLL4/CDH5/CCM2/ZEB1/MET/ITGAX/HEY2/JAG1/RBPJ/VEGFA/FSTL1/PECAM1/CXCL10",17
"GO:0050921","positive regulation of chemotaxis","17/962","104/11930",0.163461538461538,2.02712697905006,3.11564310376033,0.00381866576474352,0.0468183231987668,0.0346895380987988,"IL16/VEGFC/CDH13/STX4/VEGFB/NCKAP1L/SPI1/MET/PDGFD/TMSB4X/CCL5/STK39/CAMK1D/TREM2/VEGFA/CCL4/CXCL10",17
"GO:0048525","negative regulation of viral process","11/962","55/11930",0.2,2.48024948024948,3.25855673760506,0.00392589404171685,0.0480000194161292,0.0355651033295177,"APOBEC3D/APOBEC3F/ISG20/SP100/TRIM21/CCL5/ISG15/OAS1/IFI16/OAS2/OAS3",11
"GO:0010232","vascular transport","13/962","71/11930",0.183098591549296,2.27065093262276,3.1802205076847,0.00403200357807781,0.0490265050455285,0.0363256669276146,"CD36/SLC1A3/ATP2A3/SLC7A1/SLC29A4/FABP5/SLC2A1/ATP2B4/ATP8A1/SLC7A5/SLCO2B1/SLC38A1/SLC1A4",13
"GO:0150104","transport across blood-brain barrier","13/962","71/11930",0.183098591549296,2.27065093262276,3.1802205076847,0.00403200357807781,0.0490265050455285,0.0363256669276146,"CD36/SLC1A3/ATP2A3/SLC7A1/SLC29A4/FABP5/SLC2A1/ATP2B4/ATP8A1/SLC7A5/SLCO2B1/SLC38A1/SLC1A4",13
"GO:0046631","alpha-beta T cell activation","20/962","131/11930",0.152671755725191,1.8933202139309,3.04471076641679,0.00405502532206023,0.0491713481518865,0.036432986885124,"CD247/PSMB10/PSMB8/CD274/PRDM1/CRTAM/CD300A/NCKAP1L/CLEC4A/CD3E/LGALS3/PSMA2/CLEC2B/CD86/LOXL3/CBFB/ANXA1/PSMB9/RUNX3/HLA-E",20
"GO:0051051","negative regulation of transport","35/962","273/11930",0.128205128205128,1.58990351298044,2.92007994902357,0.00411126399097444,0.0497170885903084,0.0368373474524668,"P2RY1/CD200/CD36/PEA15/B2M/RHBDF2/TCAF2/ANXA2/CD300A/SP100/NCKAP1L/VDAC1/CCN3/DYSF/SIRPA/SPI1/GJA1/INHBB/ARHGAP1/LGALS3/CD84/SNX33/SYT11/NMB/GNAI2/TLR2/STK39/ANXA1/DDX39A/MDFIC/HLA-F/CAV1/WDR41/CSK/APOC1",35
"GO:1903706","regulation of hemopoiesis","36/962","283/11930",0.127208480565371,1.57754383902794,2.91203754337078,0.00414476386785479,0.0499856263736385,0.0370363176638998,"IL4R/PSMB10/ETS1/CORO1C/TLR4/PSMB8/SLAMF8/PRDM1/CRTAM/IL2RG/CD2/INPP5D/NCKAP1L/HCLS1/ACTB/SPI1/CDKN2A/C1QC/TLR3/RHEX/PSMA2/ISG15/CD86/RAB7B/LOXL3/CBFB/TREM2/ANXA1/LYN/PSMB9/CD27/RUNX3/TYROBP/MEF2C/MAFB/TCF7",36
