"Gene_ID","log2FC_24455","SE_24455","p_24455","padj_24455","log2FC_63183","SE_63183","p_63183","padj_63183"
56603,-2.25645923736291,0.592142409029275,0.000138590741423143,0.00152161546823297,-3.17986424780422,1.09419321022527,0.00365933089121425,0.0392365492040049
23129,1.43212949695809,0.375548575741233,0.000137049447600359,0.00150783747319396,3.12460710333537,0.781000623145314,6.31355951397314e-05,0.00146753042849759
6521,-5.78473500868458,0.525099580234316,3.18356932155403e-28,2.5700767864122e-25,-6.77503719546343,0.842955527326393,9.18834238702718e-16,2.19982042948841e-13
6296,-2.75117187353498,0.416305918365348,3.88144039313846e-11,2.35703044050585e-09,-3.24976787155105,0.906941514616713,0.000339388979572873,0.00588192338020866
3683,1.18122573672327,0.343608909790434,0.000586668539520416,0.00505582557207371,2.58166904978777,0.865480449814823,0.00285501719473197,0.032416824638559
54972,1.62038136415726,0.46618777646983,0.000509307974541688,0.00449212252095767,3.37671399105719,0.851734834076296,7.35458778682792e-05,0.00168152164692291
9058,-6.25135754784807,0.588404281651479,2.29838225194857e-26,1.3714346967714e-23,-9.94565142698295,0.846744122296262,7.42538263445307e-32,1.55552484463499e-28
7021,-4.8787580595782,0.425430872289143,1.9145520725499e-30,2.02117789566729e-27,-6.23800232130213,1.34146657935605,3.31715869586322e-06,0.000111184525167944
10157,-1.03384813743399,0.385039343288434,0.00725199433940945,0.0384717318569986,-2.88065043554053,0.984069196525671,0.00341936013188481,0.0373322843324153
10178,1.11327597506612,0.391868778077874,0.00449806704628125,0.0262687115502825,-3.52951718077613,1.13056171088487,0.00179679014279478,0.0228991680631921
389434,-3.65644369113294,0.448881314204861,3.77155311188367e-16,5.88190851221494e-14,-4.88101338992813,1.0016538384696,1.09941655987061e-06,4.27497033106067e-05
56920,-1.38842231874864,0.290215662865147,1.71750550703925e-06,3.58767817025977e-05,-3.23861976759861,0.931993962110686,0.000510974433181907,0.00820608532916602
2326,-2.44556142303148,0.557181363150979,1.13786258308938e-05,0.000180323626908991,-3.54565251491918,0.729339802146934,1.16526163068274e-06,4.48933785485336e-05
9066,-1.32789660082601,0.435206624194224,0.00227938901190488,0.0152003570453754,-6.21426990419891,1.60179663876201,0.000104644583361264,0.00223121955795346
7305,2.15226160145129,0.43772261762697,8.79015797090714e-07,1.97117856197271e-05,3.83336768577061,0.766129072187395,5.62830801170712e-07,2.34638840716915e-05
240,2.82208993846039,0.465235504792594,1.31185363613474e-09,5.96154943785206e-08,3.83367281830573,0.932427182523296,3.93099692247868e-05,0.000967394675827021
55,-2.34151834786823,0.350441558459031,2.36310449098599e-11,1.4674771961218e-09,-5.8691009060886,0.899601722714038,6.84063364675514e-11,7.07667773370181e-09
1800,-4.61541432359371,0.887180819284979,1.9679708289685e-07,5.36946951426713e-06,-7.32773012056854,0.788799592893725,1.54689640690251e-20,7.20123246757755e-18
55349,-2.20857787640976,0.365706867586253,1.5487765470679e-09,6.901106925961e-08,-4.20333834978159,0.778072809491641,6.58127291408252e-08,3.52381957722393e-06
11136,-2.27191311428898,0.434210546199048,1.67427785249942e-07,4.61401390516105e-06,-3.46737471097849,0.957987708384816,0.000295246400888253,0.00522255763673991
2273,1.65009307424246,0.397085253767602,3.24557988161483e-05,0.000448112055284527,3.71410384766999,0.795964656304783,3.06870632631876e-06,0.000105170653011812
57476,-1.5712622622925,0.328745702882175,1.75672726699987e-06,3.65847117030444e-05,-3.15816133938993,0.777089732430245,4.82205566734905e-05,0.00115612061415025
4719,-0.962398312465249,0.208641951291861,3.97512275640314e-06,7.39222015025429e-05,-3.25888140528244,0.731438032481602,8.37196345721724e-06,0.000253259450504519
330,2.67596139186493,0.773983839139085,0.000545441649084936,0.00475580761883206,2.70251736809797,0.834599801554264,0.00120328750504087,0.0165837954744901
30846,1.07188560116582,0.322784029323202,0.000897753809578123,0.00717575613433324,2.5041671568703,0.731061438386525,0.000613927934546118,0.00959777822300223
1890,1.69844029493375,0.379503732721355,7.62596518028416e-06,0.000129208328560765,2.91243174164618,0.740325476122844,8.35478610838882e-05,0.00186193963285224
7431,2.13720280588157,0.385924484341448,3.06157972885314e-08,1.03143377673259e-06,4.63525073516429,0.803638446451997,8.02982728794074e-09,5.34015379042059e-07
8635,1.54744433516926,0.465429663537351,0.000884930359669153,0.00710226307496905,4.8289829471067,0.733968873763955,4.72748198088933e-11,5.17829219070094e-09
960,1.05370954239002,0.375452773833491,0.00500823607279156,0.0286030095143535,2.83015941608306,0.752557646547447,0.000169424251368628,0.00332579272886648
9168,1.54458859036608,0.323188684917881,1.75979903901635e-06,3.65931545628188e-05,3.2700830386025,0.716695040668644,5.04937128808131e-06,0.000161493155375868
26228,-1.14218828321299,0.433556123356585,0.00842700768573663,0.0430414043465015,-4.28190836322445,1.27053278066306,0.000751224883089828,0.0112912805521995
9099,-3.51762046914048,0.788016376226015,8.04839190166515e-06,0.000135528994427549,-5.25627638270851,0.786200849277031,2.29876586914058e-11,2.65689773799497e-09
846,-4.10428950574192,0.609116498363831,1.6046816700277e-11,1.04372754689385e-09,-6.10884157372679,0.951695602687793,1.37260004138561e-10,1.35314141726949e-08
1462,1.41720446739137,0.422591554542082,0.000797666088421742,0.0065084241364447,5.07741556860487,0.990790873261029,2.98156236859164e-07,1.34322590686095e-05
4481,2.00898339580675,0.367829353426452,4.71525642344166e-08,1.46465662775242e-06,2.42824801581745,0.785335595528065,0.00198821075214935,0.0246635262733316
2042,1.60480090212151,0.40649397191371,7.88370077808313e-05,0.000950754916330517,3.60107069748478,1.15294202269739,0.00178789576785536,0.0228242724219411
1356,4.94377180546724,0.957253065868315,2.41030855258896e-07,6.39827361232706e-06,7.107775055219,1.01369750019774,2.35386009086701e-12,3.34307976803731e-10
55885,-2.70841519948203,0.45642301318153,2.95637727131373e-09,1.21114393049282e-07,-3.5045021763572,1.24214063303603,0.0047823352223229,0.0475368659495312
1298,-3.07619417936148,0.427381170451215,6.12023178622784e-13,5.34994019326057e-11,-3.1291767185595,0.910667340327961,0.000590074954472012,0.00929423511465832
5954,1.81251581320782,0.302615832601673,2.10494470984712e-09,9.02758162435682e-08,2.59095315865502,0.741008235099798,0.000471361899084016,0.00768439111551461
23327,-0.868527192994251,0.186957713763357,3.39120765973004e-06,6.4820242231386e-05,-3.00312577203066,0.952882875650734,0.00162366820419629,0.0211594521260697
5733,-2.24494414350978,0.369524713570792,1.23817405694352e-09,5.66423358583096e-08,-7.02668052547162,1.18342264706234,2.89239216129925e-09,2.06270639281762e-07
91522,4.35782120482312,0.567332006828273,1.57538856134384e-14,1.83225700134601e-12,4.97845798675047,0.815039394065722,1.00734435097725e-09,7.85213208280362e-08
6515,1.43049034533509,0.407834009707337,0.000452286014521213,0.00406494647235699,3.74379548357823,0.863459951633532,1.45226495044503e-05,0.000406319003414161
10076,1.44551809512741,0.36751848133334,8.3827748880265e-05,0.000996925498815213,2.23535679007885,0.749039528290157,0.00284230270873272,0.0322943397258656
1301,-1.85849949079805,0.420078226443335,9.68116259681241e-06,0.000158171756522207,5.78853516562237,1.4639629684863,7.68497917148234e-05,0.00174044008020098
11178,1.44048738080793,0.297286545661295,1.26324407112486e-06,2.7475058054069e-05,2.79863533175441,0.887321096002231,0.00161033790208289,0.0210348035081896
6676,3.51359824890896,0.329814410344211,1.68365885434171e-26,1.10031114842789e-23,5.198949730587,0.741155248784562,2.30514026609679e-12,3.30186715551419e-10
56848,-1.40860257207854,0.531421330676697,0.00803412422030488,0.0414356711008884,-2.45489509196259,0.768995436986089,0.00141124980200655,0.018996895929179
9914,-1.1217596782739,0.367928215970574,0.00229715539971024,0.0152965360046693,-3.97594189364221,1.12229562565307,0.000396072804835161,0.00666444190384786
10954,2.04147590145415,0.32323998818434,2.68999933071197e-10,1.40906682498821e-08,3.56184488723994,0.851087622373387,2.85102405093659e-05,0.000728358415695828
84217,-2.26787743209024,0.497184288058658,5.08034426555385e-06,9.14995337276391e-05,-3.44678546307281,0.935379649525245,0.000228787656797541,0.00421809938423542
348158,-2.93140207986181,0.453524000263425,1.02234429360583e-10,5.70351751440912e-09,-4.94290412274608,0.90114316451301,4.13122110188015e-08,2.33902481237869e-06
2235,-1.47298515188198,0.244819425082234,1.78097823647999e-09,7.8286117176622e-08,-2.89916086258334,0.762451772981409,0.000143290308208062,0.00288316534952334
5214,2.6698110085281,0.328516857231609,4.40548156056717e-16,6.71786988191376e-14,3.77523305749251,0.746915534747661,4.31675710051214e-07,1.85498800634572e-05
5590,-0.898062105853096,0.335376600528899,0.00741136257423961,0.0391205922957171,-2.28385602430008,0.80579056802835,0.00459255144523519,0.046253948119409
2261,-1.87344092653395,0.411716439629404,5.35647772750502e-06,9.58439378517326e-05,-2.4472701165877,0.776636926493193,0.00162649979202465,0.0211634394522834
10610,-1.5733819495406,0.327724257292483,1.5792871174033e-06,3.34994380204681e-05,-3.78760334738841,0.923621307970361,4.11691372862301e-05,0.00100382094247988
6559,-7.12718219021067,0.775373678942389,3.85847694948945e-20,1.10320286780819e-17,-9.49699309203589,0.782282691663066,6.47438385751118e-34,1.8084033178005e-30
22846,2.22773950820836,0.388144775406834,9.49816642701833e-09,3.52304962282161e-07,3.48277393034003,0.79108100451869,1.06985764842752e-05,0.000314006030297668
51109,-0.917288793400602,0.295681970993514,0.00192035067122212,0.0132710656854351,-2.19431357489008,0.765985742387404,0.00417414424339114,0.0430523433044667
87,1.36289399902496,0.33945464332295,5.94579684446454e-05,0.00074793873412861,2.5595146435139,0.811318532089592,0.00160630595304894,0.0209985034845142
224,-1.25999517127589,0.266396619352583,2.24772539405011e-06,4.49676141515214e-05,-2.82208302615449,0.738954230339169,0.00013398140039456,0.00271182885170583
2213,1.5148981118531,0.379776572760348,6.63749875824966e-05,0.000820657954578544,3.46684848520702,1.19921258289871,0.00384094642278498,0.0407708061056627
2121,-1.0230286936586,0.293104093121075,0.000482432537799713,0.00428269089369693,-2.23213719947874,0.790458792921753,0.00474505605477417,0.0472253468504652
949,1.79219904676784,0.32875598506925,4.99588617944333e-08,1.53729914633812e-06,3.66378691657722,0.783226176742506,2.8994838978338e-06,0.0001003976252971
10644,-1.57922678277536,0.48211636769592,0.00105432817188942,0.00820272099263626,-3.89045628398064,1.09598168878034,0.000385603447904871,0.00652318701949585
4854,1.36634053423565,0.375545754156817,0.000274465144294134,0.00269054260020907,2.43545598378074,0.795053107232845,0.00218938270617356,0.0265114629861002
6557,-7.92967101024023,0.444102852040632,2.62003383819865e-71,1.79786721977192e-67,-10.4183126325608,0.814871276879794,1.98288087247672e-37,1.10770335139458e-33
56005,1.51123142288709,0.394821829665526,0.000129383660842071,0.00143538563009,2.12148792110996,0.739403181645143,0.00411525028314778,0.0427572718507586
38,-1.87668785172968,0.249390384325083,5.26795520030829e-14,5.43589602774669e-12,-3.2294559644334,0.804311367304208,5.94001147511881e-05,0.00139815522909433
6624,1.13063832255969,0.311604548653478,0.000285139303192029,0.00277873250901336,3.29916893746372,0.774402273851818,2.04172829838613e-05,0.00054399562086889
2329,-1.8904735221843,0.268201557402568,1.80591208977559e-12,1.42438721379771e-10,-3.12695592307807,0.789373636081181,7.45387950528772e-05,0.00169497376701651
10615,-2.67402085242063,0.490718288740846,5.05976134742356e-08,1.55347124680181e-06,-2.85872970446585,0.734787485742806,0.000100016001297875,0.00214893354583473
4162,1.97847966554118,0.357289532335382,3.06874203828751e-08,1.03143377673259e-06,2.90445825943088,0.85789944932435,0.000710367389280526,0.0107640570316025
10411,-2.15996736403534,0.269912210724297,1.21936896573782e-15,1.74318955060269e-13,-2.58189659989129,0.779912877803794,0.000931315779139795,0.013513351638618
8671,-2.17153654349855,0.304102490812389,9.27859999401489e-13,7.81223965140248e-11,-2.99998596098824,0.743184570929219,5.42167675061527e-05,0.00128882100232002
50509,2.0559866473577,0.487449587703758,2.46648622681424e-05,0.000352972439799777,3.67739753694131,1.01529836178869,0.0002923487390286,0.00518462700251885
260425,-1.03894965753257,0.26348674731156,8.04413816588579e-05,0.000962491300685411,-3.26860440167618,0.960406369198001,0.000665635855829815,0.0102062134564061
1286,-2.08500606675039,0.256924607335143,4.84806773448901e-16,7.23205234653556e-14,-2.3040748247299,0.797234373446974,0.00385138103282635,0.0408256133644129
4036,-1.33135980983593,0.50966381514445,0.00899533519146704,0.0453034789606215,-2.72809019821023,0.733575717590376,0.000200097140689509,0.00378210108176838
6561,-3.84457388336292,0.571986004062786,1.79928096226369e-11,1.15389401523864e-09,-6.40982391245459,1.09348835690609,4.57841358400038e-09,3.17064600224225e-07
22837,-1.66832209584754,0.244348845106773,8.63323580316385e-12,5.92412640813104e-10,-3.2966865340752,0.822486433218941,6.11844263922872e-05,0.00143011129973269
54437,3.05542277751193,0.504987640995261,1.44405739952064e-09,6.49778483640039e-08,6.38685531360933,0.855524944319838,8.30326440806094e-14,1.54616009127437e-11
80036,-2.16858623061534,0.287372017838426,4.47908253787495e-14,4.71138429990258e-12,-4.0542249710605,0.789380504563191,2.80710626924289e-07,1.2749131156163e-05
5019,-1.35179326097483,0.29877881493401,6.05686236650921e-06,0.000106025993772924,-2.84836641883792,0.800081124933005,0.000370717821087354,0.00634476689933682
2122,-2.28084289599631,0.296590021633744,1.46880769852477e-14,1.73775145297879e-12,-2.21886071902841,0.765761009818338,0.00376042963135204,0.0400897202238097
50507,-1.41071890548788,0.526624361578304,0.00738875313899785,0.0390763961771123,-3.49269785782574,0.805476500314184,1.44974697047557e-05,0.000406292800638798
79944,-1.50116431649597,0.29381257103217,3.23425946067992e-07,8.29663118474228e-06,-2.45902422118689,0.788201649014772,0.00180979547784855,0.0229949677128611
5744,2.88980157985161,0.698930132021302,3.55562202693438e-05,0.000482664260115207,8.43376198507338,1.16333816969496,4.17936370622651e-13,6.60773173138208e-11
22974,2.35712222241267,0.44284346992802,1.02239186613062e-07,2.98538424910141e-06,4.29332545953515,1.14682519688114,0.000181357864356755,0.00350967257361993
80307,1.76139909025701,0.447121286068236,8.16784106454446e-05,0.000973896183925354,3.38364118850709,0.801901437141963,2.44820247392525e-05,0.00063513042198937
9762,-1.70344011032805,0.308918012460078,3.50341582804559e-08,1.15026025894971e-06,-2.27189840831151,0.756337286721628,0.00266616091918644,0.0308305236955133
2160,-3.8050718168475,0.441664266724697,6.97564060176941e-18,1.36762416598119e-15,-5.75551544981537,0.848557572572342,1.1794655392047e-11,1.4751241023531e-09
6175,1.49230506861222,0.349496989455952,1.9559105402891e-05,0.000290193689242461,2.20420254195547,0.746201468309877,0.00313788357652528,0.0349652864753904
5037,-1.24574746455201,0.227742963530995,4.50108568714055e-08,1.41680963234672e-06,-2.31072036331202,0.81053022106096,0.00435991022653702,0.0444450945781837
4842,-1.52086355755619,0.50567127018525,0.00263308090012955,0.0171343775596861,-5.26304921130271,1.12714341510451,3.02125380929278e-06,0.000103969594640529
4069,2.39470773463832,0.519484431633367,4.03099814043706e-06,7.47586736207543e-05,4.08815747689764,0.906994383061191,6.56367321122207e-06,0.000203704813605316
9727,-1.44229736426709,0.273481888883006,1.33604680168164e-07,3.80095387630493e-06,-3.31044248917704,0.783621906463709,2.394287813738e-05,0.000622215034495623
1738,-1.13117644593392,0.295286782139044,0.00012774164255803,0.00142646566514761,-2.21609410104163,0.73684706881587,0.002633749101276,0.0305460215835879
23231,1.57410656541581,0.341385980618792,4.00873180480806e-06,7.4446326507694e-05,2.43142991910781,0.859435922641579,0.00466791532863988,0.0466763681340547
350,-3.36234872594926,0.569572887249339,3.56342850642453e-09,1.42995593047282e-07,-4.93622411586019,0.806857643206462,9.48535929189636e-10,7.49835548928732e-08
285,1.6686707764865,0.395769840475102,2.48381168995518e-05,0.000355081579509843,4.36710619576149,0.770605161279984,1.45223939474797e-08,9.36080000637739e-07
23428,-2.10605540967878,0.550076172027054,0.000128842121418358,0.00143538563009,-5.69760025326787,0.978495515783536,5.78639292380515e-09,3.97435077910043e-07
7301,-1.86812983629331,0.380257360406669,8.97830736968582e-07,2.00638394598125e-05,-2.4351324534105,0.796082571268105,0.00222155504242822,0.0267977188928322
825,-1.13660032180581,0.42433192753966,0.00739385503244334,0.039088315279373,-4.01209057683509,0.985052069021264,4.64167876149096e-05,0.001117670896032
6913,1.03421589012655,0.329998817725704,0.00172441576553685,0.0121500867716788,5.21153672351326,1.76950874782125,0.00322758015261529,0.0357036407773463
26227,-2.29399667672556,0.425553200136213,7.02140136331286e-08,2.1039675176879e-06,-2.37064927755349,0.743551520039647,0.00143122647097314,0.0192041028238902
54566,-1.57409471999292,0.276250526330422,1.21171601928278e-08,4.39936260545947e-07,-4.18549680288103,1.14619114459792,0.000260553834674065,0.00472578107716738
284422,-1.55626794646927,0.478983068178721,0.00115767322257106,0.00882171421797072,-2.31912003945309,0.801892721058497,0.00382727618713336,0.040673000393258
54209,3.70147320982847,0.490537950561202,4.49716805076682e-14,4.71138429990258e-12,6.18327370162238,0.917173619822704,1.56585999038771e-11,1.9016121433991e-09
6319,3.65367231147336,0.416917012896219,1.8919906292648e-18,3.99471990708155e-16,2.29541746412644,0.731666841585777,0.00170544089888255,0.0220026820818881
5064,-1.95738600930125,0.501700583320255,9.55975298938703e-05,0.00111848294992624,-2.90678288477763,0.733533410516538,7.41026306034969e-05,0.00168734509005979
91319,1.645117000111,0.485612059630611,0.000704765343642678,0.00587975658124749,3.53076383341496,1.04672106021199,0.000743091536169524,0.0111952904195033
56241,-2.91384456009037,0.562611843491,2.22913140513992e-07,5.96346966942306e-06,-2.84966123719121,0.725480991268388,8.56690020012273e-05,0.00189794416423009
3956,1.73972195543387,0.376951212790295,3.92633085869227e-06,7.32132672618108e-05,3.78376830938329,0.714253339340525,1.1738878757998e-07,5.90786393709575e-06
23464,-1.51172309259452,0.493879704484344,0.00220662776974057,0.0148218469803434,-3.11712818283901,0.920981292717691,0.000712891256308383,0.0107925425153317
55586,-4.73504572150348,0.774406054502947,9.69073147019055e-10,4.53909893163465e-08,-6.79147974982059,0.762061869827793,5.01294119324679e-19,1.90586058686136e-16
3162,1.32798691201624,0.472946718597535,0.00498657673670834,0.0285207235239242,2.49448743769657,0.761593763109194,0.00105530499508635,0.0150134604521665
23551,2.80773795436745,0.474403217335382,3.24963816156864e-09,1.31355258857303e-07,4.4923728299994,0.947214338591623,2.10867144938454e-06,7.56728582874422e-05
8542,1.82007937139271,0.432345743057022,2.55622327894438e-05,0.000363539982178578,5.26317600890824,0.934884534280155,1.80460043146215e-08,1.13114045267252e-06
5836,1.67190121899622,0.365048668310274,4.65107991908235e-06,8.45668118184814e-05,2.28589950955522,0.742663648383068,0.00208412995104396,0.0256445916663331
114088,1.93443736827438,0.524096222468503,0.000223377135408916,0.00226412688799997,3.10468057211597,0.987917123780647,0.00167424269721006,0.0216836424749176
5106,-3.52694612367992,0.490875371631587,6.72005948030742e-13,5.80038341558107e-11,-4.21747994329575,0.715999229203243,3.85398457495656e-09,2.70246558542665e-07
80344,-0.74008064136084,0.267917381292024,0.00573875387091567,0.0319248715542953,-2.07114797446832,0.7231905903255,0.00418455634138066,0.0431297538285354
958,0.990914793332409,0.319384032272815,0.00191841115692606,0.0132702997568817,2.53066904782784,0.83603395538037,0.00246999563709606,0.0291511668183752
655,-4.03381768026243,0.573268271988012,1.97090460102009e-12,1.54563969967999e-10,-9.58418316168598,1.73935065932369,3.58410801817797e-08,2.06228612528916e-06
57761,3.44563841583189,0.629809306419366,4.47697006787782e-08,1.41245832670242e-06,6.43204506450817,0.792008456157805,4.61663917440575e-16,1.17227660490706e-13
9770,1.58742654885554,0.28956335678218,4.20214039043203e-08,1.33805509787214e-06,3.42612249870122,0.884307785835307,0.000106907371721221,0.00227079929363237
113278,-2.09298085129259,0.461510246186108,5.75846326238193e-06,0.000102104844719547,-3.84683335079799,1.06035586262579,0.000285768945136176,0.00509489548035869
3055,1.48519820205646,0.403412452378536,0.00023178630275525,0.0023372778978788,3.06844384183186,0.952484402029148,0.00127514295230554,0.0173740819005598
26051,-2.03635456903483,0.377113860942031,6.67003008882185e-08,2.01185698767013e-06,-2.6732566056822,0.809352872379544,0.00095671533141049,0.0137998049887616
5355,1.50188151905942,0.303898253265947,7.73038734741765e-07,1.75940026460962e-05,2.6085338785534,0.809387320473539,0.00126922025690321,0.017307455073589
5973,-1.12110591319096,0.302993831711867,0.000215518908986725,0.00220073028789719,-3.4404690390337,0.898218918619152,0.000127974896826261,0.00261871953102724
140462,-1.17157643722719,0.314384448936203,0.000194101270069168,0.00201653734324698,-3.48679394230356,0.812120638053443,1.75923227327888e-05,0.000480962050046995
27344,-4.18534933959056,0.542592534731117,1.22304065419218e-14,1.48539910956934e-12,-3.05734351604539,0.728933863960253,2.73754938909055e-05,0.00070150749559279
7076,1.60402075957846,0.357916395453228,7.41023449716515e-06,0.000126490122187929,4.45579704746639,0.722328934432654,6.8873885599393e-10,5.60319149883605e-08
2564,1.52092028111473,0.483826613132994,0.00166927067458326,0.0118676535627741,5.11178247968726,0.924636831894442,3.23124278499921e-08,1.89344048369936e-06
2254,-4.4806186880361,0.421218476272673,1.99880125545759e-26,1.24688856499545e-23,-6.90991673520749,1.26580292937595,4.79039939051921e-08,2.66718615899373e-06
23078,-0.993697610001786,0.284371049358017,0.000475182302681976,0.00423276173177653,-2.47546742770887,0.792398100879214,0.00178398397157588,0.0228053298090314
11151,1.28448710061814,0.46446398779935,0.00568311246036151,0.0316746990528362,2.97068609932651,0.752355368388686,7.8637645722185e-05,0.0017737393064039
79153,-1.62196325497682,0.439260277425722,0.000222070918452741,0.00225255083876231,-2.82219910458918,0.80269127924094,0.000438231402602546,0.00725723327689334
1428,-2.64177285938613,0.416556826876853,2.26909289923207e-10,1.20235640729965e-08,-2.15515331669272,0.7429009585714,0.00371977655933945,0.0397574842844195
23475,-1.47049197280911,0.401332197056349,0.000248280675992684,0.00247991557301572,-5.03575875748183,0.940103289855793,8.48018379758779e-08,4.38640124270907e-06
50615,0.891509917763278,0.345917605795559,0.00995950838579951,0.0490940889798048,4.06826622721627,1.09515448603968,0.000203374504301707,0.00383391824251102
1512,-1.38578233802991,0.294023474387782,2.43893701638435e-06,4.84197006050902e-05,-2.5288760125913,0.710859371450488,0.000374413531468226,0.00638981300802037
80381,1.64881746878404,0.305090515849094,6.50419973879841e-08,1.97049971777637e-06,2.7358246916226,0.739427479867505,0.000215664947567728,0.00401592095143062
760,-1.22149605888008,0.30618609021839,6.62431267034688e-05,0.000820506020648381,-3.23994374721474,0.89448904746949,0.000292202199834405,0.00518462700251885
793,-7.53774309143486,0.60071688981292,4.08126785113616e-36,4.66760999908272e-33,-7.21156931922458,0.773514233567779,1.12963940004447e-20,5.56812550157215e-18
6422,-4.49843600013921,0.55595131698303,5.89727771430758e-16,8.70260638184486e-14,-5.92802777383352,0.954015762073782,5.17305581060105e-10,4.42322664948281e-08
54845,-2.49374323437259,0.385126407210958,9.47308648852547e-11,5.30647505993974e-09,-3.19553724444499,1.0810929258771,0.0031181924272622,0.0347689866190866
27294,-2.1816506837169,0.680088976143297,0.00133712590479096,0.00989790502554001,-3.38980604997088,0.806837887860951,2.65331377581644e-05,0.000682007447375885
10848,0.970183581185658,0.37543671636531,0.00976202400172536,0.0482963292716939,3.63546841278872,0.775464759278739,2.75732295954206e-06,9.64717650917857e-05
55723,2.84535219146126,0.51660431551175,3.63350091714552e-08,1.18166271532951e-06,4.4537907497793,1.21746988726628,0.000253958305645247,0.00461774573760594
27134,-2.42878629232083,0.562351885525013,1.56752306057551e-05,0.000239562210282163,-3.17402010194087,0.909547789474338,0.000483620396380354,0.00784607378793645
7040,1.14215157017651,0.32922430305608,0.000521971638560608,0.00459495751610378,3.10415994124322,0.8120033473483,0.000131922685726147,0.00268087779968234
6223,0.893483361801028,0.258500141751867,0.000547415010418447,0.00476695660087739,2.86739249735906,0.724611529592906,7.58510644774449e-05,0.00172014612933356
2639,-1.34254103291443,0.343318994687438,9.21140310890388e-05,0.00108512700658023,-2.24223276826509,0.737765925075199,0.00237191773000061,0.0282322224695172
199731,-2.23623606528298,0.573769444841264,9.72120436601161e-05,0.00113384010782803,-2.6433177269663,0.817496506090414,0.00122313307368329,0.0167882777902197
50617,-5.45369549281442,0.577889089244166,3.82617301559605e-21,1.25024758252477e-18,-8.12492180242737,0.889270249612946,6.44364197908568e-20,2.73351483833666e-17
858,2.23905212677679,0.222425791351627,7.76835399833745e-24,3.67630656114425e-21,2.18827427073145,0.738117246330498,0.00303007488981702,0.0340355395968119
857,2.45163162059431,0.360221951589957,1.00425182334029e-11,6.82294654629811e-10,3.35617157772541,0.864422649389372,0.000103363102826066,0.00220670349077966
4521,1.27319522642249,0.304896768104748,2.96909385780994e-05,0.000414525372376232,2.9160721880878,0.764219035289442,0.000135767464764839,0.00274135776143847
5919,1.18770880826599,0.438988669506759,0.00681899723954591,0.0364849583296406,2.54854572036383,0.741803326435225,0.000591224941826418,0.00930360450710698
259,-3.33962914987789,0.648262348905642,2.58186696099308e-07,6.77922302131459e-06,-5.74601519557168,1.06960101441138,7.78202505682141e-08,4.08848327704433e-06
7306,-3.52043849458052,0.445572205047907,2.76811688450003e-15,3.65284962719985e-13,-9.97295590925926,1.91644789117958,1.95174963405232e-07,9.26611108132659e-06
6456,-5.13597771674479,0.645276683086016,1.72956762574308e-15,2.39763495916142e-13,-7.92223210927889,1.33157406978488,2.68923134014515e-09,1.93428446478509e-07
5730,-3.27522891832165,0.481922826442496,1.07437825874358e-11,7.22782707009651e-10,-4.81289123333282,1.06493569967367,6.20094012981507e-06,0.000193883499320095
9124,1.35069631109699,0.414014513745599,0.00110458681233082,0.00851648843394842,2.4987192474483,0.765547646661272,0.00109865484632402,0.0154855816396503
2625,-3.24750157397505,0.39785986256195,3.28362519120164e-16,5.3648181100061e-14,-3.29673409745739,0.825357084330548,6.48822496938167e-05,0.00150604102855772
5264,-1.32692959254887,0.299416679075753,9.34862358973854e-06,0.000154207343924966,-2.77390219320187,0.822321143938012,0.000742840449770934,0.0111952904195033
8029,-1.76194402362019,0.46375314290307,0.000145096889820036,0.00158165982199379,-3.31556081466261,0.80983354987822,4.23763328686909e-05,0.00102776405578349
219699,1.49752358353684,0.379570394008281,7.96961808570965e-05,0.00095774990024763,3.64283493920173,0.742405068232612,9.25732335810261e-07,3.65904439052928e-05
9806,-1.05903066556405,0.369039939258723,0.00410872842867392,0.0244846673708732,-2.35228720114481,0.737266901461025,0.00142002074832881,0.0190843045078128
114815,-1.77471280286226,0.41543835056065,1.93810907589637e-05,0.000288488166568349,-8.1735669184266,1.43740557911763,1.29796114961387e-08,8.4312135296042e-07
6158,0.809460022594012,0.262076818806883,0.0020107731320048,0.013789765035104,2.59316525351288,0.710831218404194,0.000264213015207127,0.00477149345027613
64081,-1.05204704719685,0.252566352403081,3.10768501288472e-05,0.000432116201791589,-4.09634536725087,0.758465592026424,6.63324633502074e-08,3.54033679390486e-06
443,-0.934859143701416,0.246398429068791,0.000148182702712399,0.00160398869955411,-2.69014929574863,0.740090882682668,0.000278098762310148,0.00497402044563049
51655,-2.10410156136687,0.592447361363245,0.000382981171537034,0.00353465608485155,-2.70173897611253,0.871786499545294,0.00194120437349466,0.0242238600859248
8714,1.41570497064727,0.462917713092451,0.00222654824130535,0.0149204824529661,4.0370521671956,1.04866509653397,0.000118259755178991,0.00246200650564561
80157,-1.80056796096554,0.550988284977682,0.00108353264954568,0.00837769131400842,-5.03455044404685,1.13394147546034,9.00140810616878e-06,0.000269865113508556
6649,-1.08944338805595,0.418804817691012,0.00928670520346286,0.0464639964317624,-2.81064022568908,0.731714790942135,0.000122449734326039,0.00253663176461073
10891,-1.35869457618557,0.360987811001518,0.00016733469570384,0.00177885465828002,-4.40433685513657,0.924285549151095,1.88735920621107e-06,6.861226233599e-05
64231,1.42914707576475,0.304443659088059,2.67533200268222e-06,5.2753241960935e-05,2.68721015999891,0.865895280474931,0.00191317784951209,0.0239633389984851
10312,1.09371755503537,0.262460335780141,3.08400807270575e-05,0.00042925889239162,2.7215842638422,0.768711301104791,0.000399444649423193,0.00671443618824804
7450,3.80011475394436,0.502049361726256,3.75513931664451e-14,4.02621343606479e-12,4.96901981919219,0.781659547490517,2.05714736639218e-10,1.98136394904405e-08
9976,1.61671895146116,0.348865242648009,3.58282502654282e-06,6.77282240554733e-05,3.29444526181937,0.810726956267708,4.83279417215634e-05,0.00115703996473097
6404,1.45448868411948,0.429874028014506,0.000715621991820071,0.0059558497366517,2.66711807139878,0.795534343254485,0.000800528133754254,0.0119572647001671
1610,-4.85413693931914,0.63537065823969,2.17473845780313e-14,2.48717588290751e-12,-4.9772885363881,0.857100172742316,6.35543807335078e-09,4.29478978513249e-07
1594,-3.85694699680023,0.605884239751107,1.94255427857128e-10,1.04139120777782e-08,-6.29408430848138,0.940139351182406,2.15904945644519e-11,2.51274373892812e-09
397,1.32833895096447,0.371712168824302,0.000352148871820124,0.00330341156313013,2.30896514746834,0.758359015973748,0.00232923282668768,0.0278825806731849
79785,-2.04761263069356,0.478356894193524,1.86463473374818e-05,0.000279064853718211,-8.14380637597626,1.33670144121245,1.111853510899e-09,8.58689077841303e-08
7421,-2.67063755155251,0.548858333973714,1.13991946211305e-06,2.51111632392287e-05,-2.24782771940444,0.768927294496544,0.00346310008520116,0.0377096500086905
2597,1.56986125171868,0.241752124099508,8.37638426069279e-11,4.7307612178497e-09,3.21192312406566,0.709932937634956,6.06064030550741e-06,0.000190206499775278
2026,3.99152973161532,0.519506012564591,1.55020529659132e-14,1.8183775632837e-12,5.44036065365596,0.829282132661369,5.36904802551447e-11,5.73120228405077e-09
51559,2.68269021403843,0.486936792607108,3.60224199325184e-08,1.17707545512829e-06,3.91885809943716,0.879720357486119,8.40249059570331e-06,0.00025372493674485
135112,-1.10132689165465,0.353937342725939,0.00186048919673154,0.0129045767303749,-2.45021357305734,0.74193587252722,0.000958407416416899,0.0138107909645149
6492,-1.66494620349924,0.288288965841754,7.68304359339087e-09,2.9371055787102e-07,-7.45345412767614,1.3344643401028,2.33226272073125e-08,1.44230224858801e-06
6892,1.2550506627709,0.472065326825467,0.00784572879379843,0.0408013573194731,3.5215827336798,0.833558412999004,2.39197473925585e-05,0.000622215034495623
7422,3.45831026963346,0.394908521120696,2.00082260892238e-18,4.16049840679557e-16,2.51757522761679,0.713412251415201,0.000417258219211494,0.00694422094912158
3910,1.04439144169356,0.259761788807552,5.80565582344312e-05,0.000735704713951369,4.54082513354212,0.732177023713645,5.58163045104418e-10,4.67712723645247e-08
53405,-4.43587010216261,0.597434945860206,1.12900309535638e-13,1.09889634614688e-11,-5.78779968610261,0.840602582383827,5.76664931701043e-12,7.60970676407699e-10
9450,1.46827556239081,0.393552158621376,0.00019085120439923,0.00198728522699168,3.12597065273025,1.0009838209551,0.00179079627959978,0.0228401482875288
730,-3.68954539519302,0.615990262488277,2.10336513027741e-09,9.02758162435682e-08,-4.40506422528392,0.926470562678719,1.98768238432223e-06,7.16377829652821e-05
83697,-6.29547261587927,0.707596431327348,5.73858742752319e-19,1.29108809598899e-16,-5.71274078477446,1.08094806777466,1.25749075998003e-07,6.25349781795412e-06
4015,1.6890034943506,0.473277049133572,0.000358699983345393,0.00334656599009665,3.26483189454028,0.983247030233543,0.000898694130428397,0.0131817587880575
3003,2.55251048411098,0.5879542153367,1.41614925680069e-05,0.000219111977455836,3.35018841232468,1.14188880626778,0.00334731237562055,0.0367371369371479
1007,-1.25951913978126,0.460859496594699,0.00627644109975994,0.0342233384682718,-7.73157307528771,1.77777989547349,1.36756797729563e-05,0.000387696699318314
57561,0.726092238224947,0.222169118546885,0.0010823535912209,0.00837329238213962,2.26282724720077,0.774927804395464,0.00349976227091258,0.0379382379678033
4883,-1.62850973847979,0.487571670167603,0.000837657935642923,0.00678231121460972,-4.91028822377745,0.963315519384752,3.44569826982639e-07,1.52411658969985e-05
64902,-2.55754507018402,0.583677484465652,1.17714804027409e-05,0.000185691720743927,-3.89070079438459,0.857872184048778,5.75238632168629e-06,0.000181894796915359
5618,-2.4894830055679,0.498706775264604,5.97952543298028e-07,1.41244418317076e-05,-4.34034925463076,0.922626083540958,2.54685173894869e-06,8.96695132206745e-05
7903,2.30400394663597,0.269755631581217,1.32975172377346e-17,2.4332683542756e-15,3.50814454745119,0.868352892333802,5.34515000016434e-05,0.00127424422265653
2246,-3.28546008417921,0.56051290019874,4.58636853218953e-09,1.80871614183244e-07,-3.50074631065614,0.869074311177847,5.62217032530246e-05,0.00132894150185817
8614,2.74444475026481,0.435258121958371,2.8758623201552e-10,1.49501266976553e-08,3.80889655012433,0.73658738342275,2.32839169899044e-07,1.07497290587826e-05
3274,2.1572884605711,0.424522985779886,3.74118256289584e-07,9.38646974281216e-06,2.88850830354053,0.808624811505227,0.000354097321862957,0.00611785259494978
3827,-9.97168941800945,0.565978456439558,1.77664445400796e-69,8.12755616226843e-66,-8.77508802317192,0.750448968846683,1.38218039542686e-31,2.57377347188431e-28
3273,-3.57171254637774,0.509453638990269,2.36843008496378e-12,1.81588460815883e-10,-6.81824799844653,0.859993771192434,2.22250585856405e-15,5.0333750923885e-13
10686,-4.68664937281993,0.434627360616571,4.13506520614987e-27,3.15275749384449e-24,-7.29254450398055,1.04929571592171,3.65436083751896e-12,5.06144076660994e-10
942,1.65067767770745,0.396855327847418,3.19093033016319e-05,0.00044201231988317,3.2749008844759,0.964444393306225,0.000684696646978862,0.0104411566030198
5210,1.64872516376468,0.356653377955252,3.78656507511026e-06,7.1090039795914e-05,4.19343211684438,0.773554937785948,5.92705041099224e-08,3.25676845369898e-06
3373,-1.45472618094277,0.418359011843189,0.000506642560197598,0.00447148713578896,-2.64654484904272,0.784659255768424,0.000743921005665571,0.0111952904195033
59345,1.40163627541807,0.251789491934276,2.59610489487539e-08,8.86292128787808e-07,2.55793428164413,0.802366461625777,0.00143266710242364,0.0192080543756142
1154,-1.71264844673104,0.460716452589253,0.000201316284844325,0.00208047040150867,-2.84428632174156,0.830852689938843,0.000618580040307219,0.00964351897256621
7134,-3.34011177076189,0.60734085999049,3.80724952966664e-08,1.2236696146404e-06,-6.54720501381242,1.06573774484779,8.07965672928053e-10,6.47880225483313e-08
55240,1.46844580615616,0.434095811121295,0.00071758991223135,0.00596860845785639,2.712799056636,0.785458607063119,0.000552793791755257,0.00878963107782387
57669,-1.1701393017172,0.216908673711194,6.8669722976542e-08,2.06219535695856e-06,-2.3834869774035,0.791679456726738,0.00260670478737043,0.030379530967692
29842,-3.33933728407761,0.410442870876725,4.08764808556417e-16,6.30324520520029e-14,-5.34042393583889,0.873500474912469,9.72745364090339e-10,7.65363359473709e-08
2335,2.1564212708765,0.387147099723986,2.54694302639554e-08,8.7167695995642e-07,5.22527940097605,1.02005559463066,3.01441139604522e-07,1.3543839299282e-05
2744,-0.938889376857338,0.257696547902365,0.000269069246124819,0.00264710131456417,-3.06935614341841,0.718837950600432,1.95572853458807e-05,0.000526100393437584
80303,-2.68036209220895,0.35927003568784,8.61437991226992e-14,8.5669383997096e-12,-3.37987194191868,0.728349552278736,3.47646063234481e-06,0.000115599213764815
10578,1.39687823270458,0.445721928330703,0.00172459698566237,0.0121500867716788,3.22322168940291,0.931934609172703,0.000542920041564698,0.00864904655568704
9173,-2.15080688500686,0.422295072671087,3.52186021638274e-07,8.91771395011749e-06,-6.11818832505747,0.937526510088427,6.76020713454852e-11,7.03691374955892e-09
6549,-2.23568548061649,0.493393701162802,5.86383586609187e-06,0.00010357179334137,-4.96392310593052,1.23813564254579,6.09269488285558e-05,0.00142797006116461
5624,-4.40273276611939,0.920496874854146,1.72701661077285e-06,3.6020632167548e-05,-5.04536516463955,0.767286034738388,4.84577387620497e-11,5.27339768774799e-09
5334,-2.54894669309969,0.319874170666321,1.60492627714108e-15,2.24755185994737e-13,-3.88419125195058,0.790074345435346,8.82244262272245e-07,3.51200275330655e-05
6509,1.67765809483366,0.279642628671704,1.98178352027174e-09,8.57980978934048e-08,2.67109163847169,0.870497226154755,0.00215160399592166,0.0261674393088905
5341,1.29635617784787,0.401415415846849,0.0012402298806795,0.00934701531161201,2.91528721077598,0.855346906771986,0.000653666461868893,0.0100780094153273
51449,-0.81177564545987,0.28284869068566,0.0041047224328878,0.0244820559187102,-2.32753020959208,0.728086534815634,0.00138972372572621,0.0187912090755925
525,-4.6327095437626,0.476978804558121,2.66423475439521e-22,9.622094149821e-20,-7.41814922486778,0.836674269139238,7.56618952057113e-19,2.69791000372876e-16
23341,-0.570825598644953,0.182910748203068,0.00180368064118657,0.0125973094756461,-3.54273244037125,0.74329999312225,1.87712852102938e-06,6.83886888781118e-05
60676,-2.25389769186839,0.454106901125924,6.92826810682569e-07,1.5980428823206e-05,-9.12017256532507,1.61871690385906,1.75874219917791e-08,1.1129914932113e-06
9068,-2.11854564322725,0.533533353807815,7.16365401490589e-05,0.000877020407676792,-3.43541207485163,1.13764920365952,0.00252986426331135,0.0296904728213129
7827,-8.50622065883161,1.02509731942057,1.05910752928066e-16,1.79446811504294e-14,-7.91927035797084,0.888837767032845,5.11747278529513e-19,1.90586058686136e-16
5768,1.23740268402075,0.352290381441204,0.000443993955085723,0.00400616241919557,2.88759715348413,0.745030699984007,0.000106270752597056,0.00226301339615511
79971,-1.29265254523055,0.299385807119287,1.57676773559047e-05,0.000240172701478841,-2.04950431884685,0.725331691958503,0.00471907149610465,0.0471035849929827
1491,-2.12230881844118,0.308212833766091,5.74415607310209e-12,4.08460092990949e-10,-2.97769974217556,0.952630818526774,0.00177343414475691,0.0226877731541841
79814,-3.34640053334392,0.498230622648804,1.86052771761767e-11,1.18212418502708e-09,-4.84508108862712,0.723162336649024,2.08629821443565e-11,2.44505397033056e-09
914,1.68142475173977,0.549473516652991,0.00221288858663396,0.014850700715386,3.19517393261043,0.956741408079904,0.000838864072268583,0.012461637492818
51179,-5.34125928582507,0.763041300407106,2.56033909221283e-12,1.93837337365346e-10,-7.35989237803904,0.734321445166708,1.21132590203695e-23,8.45858783009885e-21
34,-1.34067759819749,0.241533766509883,2.84554135999377e-08,9.66638852092933e-07,-3.49347727878139,0.730178167062448,1.71483821423474e-06,6.28861567447704e-05
8934,-1.85627888935127,0.36767545786123,4.44853186859422e-07,1.08439878089853e-05,-3.47463386488777,0.754713648245378,4.14631301520487e-06,0.000134666782600423
3155,-0.588276406378415,0.209653019050733,0.00501680919619565,0.0286100192577937,-2.43581028262703,0.813445462327391,0.00274952835855163,0.0314898918320283
6513,2.67281446218578,0.350734351007589,2.52453158069759e-14,2.8398910994667e-12,2.47128886579408,0.792566060081259,0.00182029890084272,0.0230759374275515
57134,-2.60436617207399,0.451267678222935,7.86984833314489e-09,2.99185037462827e-07,-2.4806160719363,0.777290994768528,0.00141604288341591,0.0190461177232482
5629,-1.2513502935666,0.483776124944775,0.00969193377620545,0.0480394492539553,-4.42213119698068,1.54749590251565,0.00426852106332903,0.0437529935781843
54996,-1.01663022920845,0.345585073911397,0.0032634701046802,0.0202660016817335,-2.87622076570824,0.734481481964545,9.00346775579019e-05,0.00197240674665736
78989,-1.79004559754534,0.44449435287517,5.64569289020086e-05,0.000719419584262921,-2.81398505421661,0.803563692377306,0.000461984556746038,0.00757573305920435
11181,-3.06812849110474,0.631602427952653,1.1876344673128e-06,2.60368936571898e-05,-4.22008562748424,0.749114062096197,1.76654774863778e-08,1.1129914932113e-06
7139,-2.94387669881577,0.618484235715288,1.93760931579451e-06,3.97485056053271e-05,-6.24090901079304,0.799480015791086,5.89332847084363e-15,1.266234510806e-12
8828,1.32154540389245,0.278621456946518,2.10412732996108e-06,4.24662404064499e-05,3.58422930820717,0.790707026252907,5.81677146092712e-06,0.000182895446367125
6943,-3.29588912911029,0.328587241026091,1.11966174042058e-23,5.12207924184402e-21,-3.38617296285626,0.793155402104647,1.96137702279386e-05,0.000526774319310934
27253,1.38243001597185,0.297275803028164,3.31407398629512e-06,6.36116802628172e-05,2.87699701045648,0.959435252320949,0.00271191162467888,0.0313224858152952
687,-0.79311220689176,0.279086536635815,0.0044857563291252,0.0262191311162327,-2.26047153458292,0.730188756257306,0.00196325148693443,0.0244443771690447
84417,-2.50421891743014,0.631865682795509,7.39474405243884e-05,0.000901291894988194,-5.24306048108125,1.01320951974522,2.28271219469019e-07,1.05679485278489e-05
10783,1.62890607325493,0.234950988608734,4.12121451461731e-12,3.00848659567063e-10,2.19229519503444,0.73636138172629,0.00290894063994638,0.0329620934312788
54836,-2.21257505617743,0.546529335195401,5.1566663126497e-05,0.000666227593841965,-4.52810871074478,1.11029529386819,4.53677128883725e-05,0.00109555835777555
5228,1.6452845825561,0.298017748787551,3.37535797460409e-08,1.11087320967546e-06,3.98811863711512,0.763526896271696,1.75776465264516e-07,8.46235324471998e-06
4329,-3.67799303924786,0.429901344422863,1.17425006906627e-17,2.17789233885456e-15,-5.74923073330969,0.718954143355526,1.27841212875527e-15,3.01759279800135e-13
2103,-3.99255545092073,0.348693103525414,2.34994519226516e-30,2.15004318790981e-27,-5.29323550981883,1.06116704608393,6.09676305907827e-07,2.52268055471571e-05
4072,-1.64315286337671,0.370898178730465,9.41460257961531e-06,0.00015492326834849,-2.55668636776614,0.76366320441385,0.000814193367847785,0.0121397390140223
5507,2.75107383630021,0.275077392063679,1.50728297204699e-23,6.26847015405239e-21,2.61853374969825,0.739736120668931,0.000400397900459717,0.00671869750733106
7010,-1.00767178239886,0.333932596967809,0.00254793074907559,0.0166831114505312,-3.37976427285197,0.912703868350416,0.000213044770763648,0.0039803983425061
7045,1.97876679307852,0.487088819424923,4.85634192037879e-05,0.000634166242725664,7.87551431594744,1.224353620409,1.25616760985103e-10,1.25310196270794e-08
1475,2.60620359400722,0.439011741047016,2.91128893990165e-09,1.19624339554522e-07,4.19485594080313,1.05857570443987,7.40957352437561e-05,0.00168734509005979
847,-1.29467728728337,0.29238303531366,9.51030510277892e-06,0.000155751106480355,-2.33436665057225,0.767617093715748,0.00235749895802215,0.0281405448984994
7852,2.15250687777114,0.393361176265227,4.44764471165997e-08,1.40643953969635e-06,3.02130268200215,0.76439591623109,7.73271621444399e-05,0.00174888786825731
7512,-6.51646886655523,0.83285205666612,5.10564817360106e-15,6.42843261784413e-13,-7.45834918025443,0.735561060439139,3.68327611856477e-24,2.80581929413759e-21
5340,-4.70348556873133,0.943319254122006,6.1609779782605e-07,1.44288842617145e-05,-5.31752738346652,0.810889645955771,5.46637196540234e-11,5.79815998532771e-09
152007,1.04993547125604,0.33312749743751,0.00162293693087058,0.0116430666174949,2.63030692780597,0.854663360687529,0.0020867893242158,0.0256584756306182
48,-1.64161641890525,0.414181585260655,7.38531050879906e-05,0.000900942234868963,-2.83125949680315,0.735703002616246,0.00011890496208097,0.00247186489503842
79365,2.11949366754998,0.509500131150054,3.18321109663404e-05,0.00044172284216588,4.85357264759869,0.753532699394631,1.18617764296126e-10,1.19036833044239e-08
8082,1.46116980738802,0.397150411661312,0.000234026767043968,0.00235467987603477,3.07148057402417,0.755285213115776,4.76938010267828e-05,0.00114512952923761
10549,0.973332258242272,0.341517825890705,0.00437166313562554,0.0257378279497184,2.71509909012401,0.740130084169645,0.000244065527448932,0.00447515774017139
64333,1.14954851948159,0.399292441196897,0.00398984015893038,0.0239320657085492,3.06138000395717,0.903384697646665,0.000702020424367546,0.0106617526897783
10376,1.81341490516092,0.300734174148848,1.64000723319833e-09,7.26047073174642e-08,2.55174534312015,0.865698320561494,0.00320235631024078,0.035589051328465
1757,-2.65485226654085,0.421840140137568,3.10380131310414e-10,1.60137478274591e-08,-2.35997357629774,0.756159068458236,0.00180237124699261,0.0229528417388671
203447,-2.29030957389309,0.50460133487163,5.65619556336557e-06,0.000100628746108254,-3.54366949797282,1.07121408101727,0.000939355846557644,0.0135947017551464
7130,2.94378683247317,0.54274416274103,5.83144565245576e-08,1.77846133631784e-06,6.61263122132485,1.69382116927458,9.46265477965743e-05,0.00204912747916481
5208,-1.4143186950505,0.413419030309963,0.000623845669237695,0.00530462079592201,-3.52554797969822,0.809550845164282,1.33101402663892e-05,0.000379361633885063
56937,1.03352081508684,0.338982959071857,0.00229690684312796,0.0152965360046693,3.58749479696485,0.798462635487271,7.02258857571855e-06,0.00021515824852005
5105,-4.44338315217218,0.617314854830825,6.11378409951456e-13,5.34994019326057e-11,-6.00722744743933,0.848268758949443,1.42345087663167e-12,2.07440115143218e-10
5184,-2.31275450845394,0.3623692868068,1.74432032205188e-10,9.46207592879052e-09,-2.20752334832166,0.718976436808959,0.00213794067935751,0.0260431353065383
64344,-1.00792773365462,0.348703664688677,0.00384630265156789,0.0231927318058514,-3.12099826815858,1.05198768311223,0.00300952720973952,0.0338501117503521
4495,-4.28187860895835,0.640966541541093,2.38377908197104e-11,1.47364793337705e-09,-9.10546888064754,1.12268840069482,5.04471541197938e-16,1.26185650133377e-13
6555,-1.41127750731648,0.529626943157416,0.00770654270278779,0.0402912731630704,-2.88629768862657,0.901113866980907,0.0013598827365845,0.0184089457047008
8744,2.8826447132642,0.410409209928345,2.15866714926455e-12,1.66687109951249e-10,6.23152217868641,1.1837773575549,1.40877893984396e-07,6.96452101853832e-06
718,3.48333075977856,0.86834313549972,6.03423398030948e-05,0.000757674539302537,6.58009704526958,0.926208948443437,1.20904783978243e-12,1.82544439161385e-10
10616,1.09297462317529,0.354431318754096,0.00204415016675982,0.0139641199047346,2.85863271634945,0.744761788859768,0.000123879891551418,0.00255677721984017
55321,2.35402789210118,0.674006803214183,0.000478364427596264,0.00425199054684658,3.37374813982427,0.881569307176771,0.00012972503103669,0.00264806552392677
5639,-2.14948757070432,0.539034276032065,6.67270796109024e-05,0.000824268623384361,-3.38550525931464,0.957348444499415,0.000405719136030074,0.00678587525022755
65266,-2.94695788817723,0.413335716870619,1.00591055478236e-12,8.31968371842621e-11,-2.46461076105358,0.804636069929416,0.00219120523635093,0.0265143744086681
3306,-3.55722063817382,0.354875683847422,1.19745383548224e-23,5.3012440123091e-21,-2.77159902315522,0.744267577354754,0.000196146727962943,0.00372701021987636
83543,-2.60219875720984,0.451352573519212,8.14958335420391e-09,3.07266159211798e-07,-5.97537735274753,0.727575177601586,2.16218176245061e-16,5.94032855031307e-14
7103,-3.83874649045617,0.523818791307509,2.32940344520431e-13,2.20474019875751e-11,-3.86842950992915,1.1118342898436,0.000502684179336893,0.00809268411287895
7429,-2.03762198148435,0.613465922301766,0.000895376389844433,0.00716509946018951,-5.10339014124224,0.985830169218836,2.25792031023501e-07,1.04821292186228e-05
1892,-1.87150148342612,0.266974986328154,2.38274556792444e-12,1.81671112078861e-10,-2.36835013377955,0.766845690777312,0.00201216298837192,0.0249053467667097
65997,-3.24756185469944,0.460221932713363,1.70733199211216e-12,1.35441758726863e-10,-3.0209316043833,1.0043291224901,0.00263051033087589,0.0305460215835879
9514,2.01143392775855,0.438634047913755,4.52518401200706e-06,8.29153876913016e-05,2.81037355035555,0.910072379752764,0.00201456290392879,0.0249166492302159
5880,1.46663387729538,0.307065287843913,1.78555906757491e-06,3.70726363742785e-05,3.35698576402785,0.88845568230824,0.000157807249192357,0.00312242230131606
3976,1.44991723280737,0.44505962149696,0.00112277732455825,0.00862198920566925,4.97038703471894,0.940708337884792,1.26625214394266e-07,6.27843777524707e-06
84952,-1.24176309309821,0.236916781460952,1.59408507639679e-07,4.41073056219145e-06,-2.86993102895139,0.72011243247255,6.73685378052744e-05,0.00155728182769461
54567,1.5534581820449,0.392954065079331,7.7086537493424e-05,0.000932101885955728,3.01785470513336,0.780504678837163,0.000110389122043958,0.00233292723371336
8854,-1.96635560037959,0.41946843067455,2.76249403902298e-06,5.43158570079533e-05,-2.41523353020254,0.822421959850766,0.00331689777751392,0.036451075313676
8424,-1.80756734224825,0.55321643255657,0.00108548542211043,0.00838806415148849,-3.41746701899018,0.978420982016757,0.000477914456587828,0.00776854352856974
10749,-1.0692632905593,0.259886632991452,3.88280215216493e-05,0.000519372092946506,-2.02208608058422,0.7206550411257,0.00501762396409645,0.049348802825289
112399,4.09596281661584,0.435935173398925,5.67807826540095e-21,1.81223130498518e-18,5.95004670073808,0.721721928350552,1.66217272198915e-16,4.6427254413027e-14
1028,-1.89120407882635,0.447003186531948,2.32808390122818e-05,0.000337387787333216,-3.22607678949004,0.79939344137606,5.44499893936084e-05,0.00128888046927611
341,4.98469694484327,0.327573779551517,2.72668974848438e-52,5.34587001545709e-49,6.8534676313,0.801853977373101,1.26299604022383e-17,4.23331012762223e-15
1804,-1.92760432751936,0.45775605096732,2.54258491385547e-05,0.000361975470516105,-5.39442306551475,1.29919556981109,3.29401513285148e-05,0.000826413167836196
59272,-2.61602058266016,0.61878833430381,2.36144606144765e-05,0.000341141955234816,-2.65611022147034,0.836391990558829,0.0014948765588768,0.0198370899973778
25873,0.825010365735199,0.243083711392525,0.00068895991629109,0.00576541822632861,2.45920084673596,0.732001702484527,0.000780677753107551,0.0116711672295535
79709,1.33057065572993,0.35913861364284,0.000211478777968382,0.00216430630040125,2.54161119481928,0.728423320253767,0.000484477117952839,0.00785237139242904
84816,-0.935342650244652,0.312100330643528,0.00272713881539204,0.0175714803297842,2.90161823857847,0.809057457490174,0.000335251403884614,0.005822257282593
10095,1.51290482995442,0.302025856052075,5.46596555460018e-07,1.30395337958157e-05,2.41524861981597,0.758739631216916,0.0014563798671492,0.019432699198689
7837,1.62674552787007,0.308346933629828,1.32251199611978e-07,3.77342092198501e-06,3.45610882457564,0.838921170585594,3.79355652682445e-05,0.000936321264109734
445,-3.96594170943976,0.579453854883392,7.68639775858921e-12,5.3547270476588e-10,-3.59936501395415,0.709797991309461,3.95791133195691e-07,1.71841025938513e-05
9473,1.03019301153422,0.378016144597738,0.00642504914662025,0.0348668126734154,2.5413265618113,0.886667162231566,0.00415489216707901,0.0429710799700962
1852,-7.74353107754144,0.535380066852798,2.0570448415622e-47,3.52886042569995e-44,-5.01375131185894,0.826472995264824,1.30774112946552e-09,9.96201526759668e-08
54897,-1.49236518865309,0.352807586217355,2.33723411880293e-05,0.000338356551122905,-2.8013606304564,0.987077356497991,0.00453921264045615,0.0458821861528375
22927,-1.16289118666271,0.345797862440622,0.000771221936483759,0.00633408130239564,-2.572083815467,0.774861911825918,0.000902081122483727,0.0131919524709466
60401,2.93254598413449,0.385055082644045,2.61834145611482e-14,2.89791275352579e-12,3.89345038179538,0.918193262641385,2.23182812953178e-05,0.000586257172771523
51751,2.37859786392762,0.63628894826552,0.0001853164011609,0.00194143686223831,4.16333596145067,0.892993673758016,3.12811426155094e-06,0.000106552981523033
6569,-5.72178265700016,0.743023442754177,1.35348470147824e-14,1.61523687331195e-12,-9.76380907640768,0.753735270729186,2.23322884591117e-38,1.87133411143127e-34
80758,2.06124756201131,0.530480913238882,0.000102068808704138,0.00117614805260755,3.14555360188639,0.921378307826103,0.000640247216806582,0.00989843460005674
84440,-0.91165341156875,0.225557328015002,5.30466744652005e-05,0.000682298557038811,-2.89622592772635,0.800221298004071,0.000295422438070853,0.00522255763673991
9476,-3.97392872755013,0.504823586630923,3.49251420321066e-15,4.5218174457418e-13,-5.75792259632016,0.852768674441705,1.45787274094752e-11,1.78339337704668e-09
2538,-3.00403621067604,0.546639436482345,3.89689015576069e-08,1.24955421723504e-06,-9.56199323108161,0.897783410108861,1.73117876828299e-26,1.81330156110342e-23
4131,2.02685794244912,0.284292183980693,1.00742373116949e-12,8.31968371842621e-11,2.28678478049603,0.785324867253532,0.00359241577487919,0.0386767307843594
7153,2.15613222010709,0.386372590337585,2.39899613855488e-08,8.27231733807215e-07,6.09741265792209,0.959404561797854,2.07866759469216e-10,1.99065086968263e-08
2330,-1.27433657911307,0.213303365437691,2.31091636067677e-09,9.78858522652099e-08,-3.75831187855409,0.796953423186827,2.40705093543957e-06,8.49258244779616e-05
3958,1.46955905206712,0.296157791922656,6.97417768739759e-07,1.60593313056786e-05,2.10591988556028,0.736704216770726,0.00425556457215939,0.0436736109398771
10346,1.78175210932811,0.399386114949487,8.14917220130431e-06,0.000136763759977404,2.26131138241016,0.754356098615677,0.00272051209486813,0.031378569991669
23480,1.54567183550566,0.318559950763672,1.22185950958739e-06,2.66594593157032e-05,2.73815673424959,0.721902147403068,0.000148853200265114,0.00297688637618502
1644,-3.74401199499725,0.629627159121837,2.74111684102237e-09,1.15395974006721e-07,-2.60500277994231,0.711512869232575,0.000251020353485271,0.00458262538568591
10247,-1.77364895240744,0.325927197575802,5.27282224663494e-08,1.61527260073254e-06,-2.54216823861738,0.719154328304292,0.000407865962509423,0.00680819289411894
57127,-5.24686525512993,0.887985909629075,3.44764005420614e-09,1.38754874205059e-07,-7.45291739914213,1.0169721280245,2.32679527938454e-13,3.89947620872056e-11
57111,-4.74328495474053,0.721767022023174,4.97215084229594e-11,2.96686078955085e-09,-7.74678314302628,1.0261111613427,4.36419641768963e-14,8.70709140048341e-12
29958,-1.30402687414593,0.262370578987417,6.6893574878529e-07,1.55075577978536e-05,-3.13001938702626,0.875237099020725,0.000348630344204192,0.00602961397163885
9365,-2.36119627940863,0.423095510228836,2.39464096370475e-08,8.27231733807215e-07,-4.07362300935038,0.746122620412702,4.76877375571999e-08,2.66399597907037e-06
4017,1.99579596318953,0.408399475181552,1.0245064920851e-06,2.26779469312515e-05,4.22595487642788,0.778877856764158,5.77289738893004e-08,3.18249958358811e-06
27299,2.32315310429305,0.60922166375075,0.000137116086166282,0.00150783747319396,6.49424463439223,1.48213065408866,1.1775952434639e-05,0.000343494671100717
83876,-2.68196752199434,0.505849544898803,1.14598874681779e-07,3.30410705069901e-06,-3.6660633482936,0.922570610058279,7.07503432925388e-05,0.00162413049523149
891,1.21493114770912,0.308706229391742,8.30037523279492e-05,0.000988839841101366,2.52411559922366,0.837860364335992,0.00259043034843146,0.0302108714052629
10752,-2.63256270601363,0.334178188939408,3.33404794543969e-15,4.35775942887755e-13,-4.46482336420682,0.896152347469176,6.28606444316313e-07,2.58840673225973e-05
2947,-2.03974411239593,0.257933335975936,2.61497442063185e-15,3.51842244595603e-13,-2.1043282807251,0.737552604316731,0.00432918649031406,0.0442395343848618
10451,-1.05620686899127,0.391066382263838,0.00691650594629838,0.0369634453298283,-3.53532020241647,0.762451147431971,3.53874288205379e-06,0.000117437211802652
3158,-2.28238545569834,0.61723442527528,0.000217509435037226,0.00221282393361815,-6.51142778824455,1.17321195654507,2.85528361867531e-08,1.69686872926878e-06
5738,1.40706041592835,0.347321682715745,5.09613888082238e-05,0.000660428800759266,3.9826079466995,0.741349503055905,7.78224336402614e-08,4.08848327704433e-06
79679,-5.90236162627868,0.64343721937953,4.59291893931107e-20,1.28639223516541e-17,-4.22805505811744,1.02620276655071,3.78712738894054e-05,0.000936113096036203
4803,1.44060111434748,0.495766438361671,0.00366308428607756,0.0222837627403052,3.19775114966938,1.09523166263183,0.00350365141826315,0.0379558462305573
51303,1.57885075050664,0.402849430513704,8.8840385115972e-05,0.00105016834223221,3.04579466604755,0.855357795663146,0.000369666328050185,0.00633459917361252
3939,1.87480476904999,0.308852991381267,1.27737296437691e-09,5.82414171531852e-08,3.24185320666031,0.721677005192951,7.05206525013345e-06,0.000215667083078442
79746,-1.28088566017424,0.373447258575909,0.000603810240226092,0.00516626666886713,-2.03398227123864,0.725566101944942,0.00505819847937714,0.0496895359413139
284252,-0.930712616769096,0.290283303430679,0.0013449034278629,0.00994474926939137,-2.49749681809367,0.855263118249382,0.00349862649944016,0.0379382379678033
1794,1.64112159561066,0.367868575905179,8.15161437347101e-06,0.000136763759977404,3.39183576313008,0.959489441082389,0.000407709882389824,0.00680819289411894
1643,1.67031952858966,0.277996888251199,1.87350549462003e-09,8.16253632005247e-08,2.54443397526236,0.773594883444341,0.00100506901520881,0.0144335489510578
87769,-1.76310973315902,0.439759599407882,6.09098149831214e-05,0.000764100823426287,-5.61309545397389,0.736801452155944,2.57252037953462e-14,5.25766695617326e-12
1284,1.17947244558591,0.272965619462587,1.55354615886095e-05,0.000237956110314817,2.67071986595768,0.774480572071919,0.000563915378221343,0.00894948657538967
219855,1.14522143570126,0.354285580045769,0.00122720260555898,0.00926409711699197,3.29327396068905,0.999482854073758,0.000984294046360665,0.014147327549707
29968,-2.22450703438912,0.481702147344507,3.87430995754133e-06,7.25389220426975e-05,-4.15691661043005,0.949226145752183,1.19078084111629e-05,0.000345863017612962
8728,1.09137728847583,0.331365377715744,0.000989213471651183,0.00778885007741872,3.97870646767946,1.04702572647141,0.000144691232253335,0.0029005745948967
92558,-1.98899002499044,0.400557731772783,6.85061283052241e-07,1.58279142232474e-05,-2.72429292631278,0.945469429792197,0.00395889842047022,0.0415969771966523
29923,4.45283644755469,0.388780888608242,2.26278195695385e-30,2.15004318790981e-27,4.28744427061894,0.905214514849445,2.17564315743017e-06,7.79094095627611e-05
112609,-2.80115119648765,0.495412727414407,1.56594872458327e-08,5.59663549379709e-07,-4.24675640624408,1.29270036486263,0.00101916393357339,0.0145631011487005
967,1.15271005460416,0.387005821280134,0.00289630753228223,0.0184278741645996,2.06425029428576,0.717749732763403,0.00402746044692513,0.0421061819276471
3855,-1.47736523600565,0.549670618996364,0.00719399225373098,0.0382083396633916,-3.82548682268847,0.859144587911418,8.48092801326465e-06,0.00025563286434227
2016,-2.4473904028466,0.423862129586071,7.74000861667305e-09,2.95066328486725e-07,-3.26701459853503,0.852932896016966,0.000127971435466598,0.00261871953102724
4193,1.40127863024601,0.232917081270883,1.78545283272243e-09,7.8286117176622e-08,3.13239296631599,0.73341636589696,1.94632123914688e-05,0.000524411537730908
10457,2.50631517504604,0.486864300707402,2.63457950993091e-07,6.88704175129368e-06,2.41414305783733,0.778300094650063,0.0019233799282784,0.0240731323510214
313,1.35588040508716,0.48753987636036,0.00541807786099555,0.0304883050475572,3.06461989454183,0.86343858818542,0.000386227340893504,0.00652498387705064
80774,1.23764172815429,0.298227244132753,3.32481776767123e-05,0.000457671003445536,2.50943299790733,0.806479284477548,0.00186082647695345,0.0234478127272653
64108,1.94945989520721,0.41897915991805,3.27330220458746e-06,6.30938194603347e-05,3.38875825053299,0.845151879980858,6.08103333406389e-05,0.00142797006116461
6332,-1.57981517523856,0.329433490632584,1.6222811638507e-06,3.41475256022807e-05,-8.11853975217306,2.13011123433924,0.000138225587041341,0.0027876325068903
3142,1.76996087315866,0.356768607556583,7.00990026109446e-07,1.60876038767994e-05,3.51851589159733,0.869297264226521,5.17586263515507e-05,0.00123740773042174
229,-6.22693008336754,0.876263198220502,1.19253391939853e-12,9.62725618225027e-11,-7.7949262070112,0.787632641240877,4.30443810071565e-23,2.75973838976809e-20
1515,-2.10912107079415,0.483697727752161,1.29818157774636e-05,0.000203294374784698,-5.30386815381803,0.940429992733577,1.70215119212558e-08,1.08465216079211e-06
219,-2.16809230072588,0.452282867129664,1.63762100326206e-06,3.44176273334893e-05,-3.5240974001713,0.72858221466899,1.31863270660447e-06,4.98847980360819e-05
27283,-2.18869313950334,0.565484758399862,0.000108624663504601,0.00124499679365159,-3.41891406946529,1.02380122447293,0.00083950049104311,0.012461637492818
670,-1.634027150238,0.371389577864816,1.08367786287807e-05,0.000173540198251326,-2.69446102016961,0.843390619757535,0.00139929687207261,0.0188630521829475
347733,-2.89244900017082,0.630881120497558,4.54472085234922e-06,8.31623319701876e-05,-4.32755873092067,0.8092418125246,8.90933711789994e-08,4.56610338712187e-06
56649,-1.51262742682295,0.443825796280384,0.00065403559038352,0.00551788369408518,-6.66505202586906,0.837714665922032,1.7735805086991e-15,4.07170352675182e-13
54852,-1.26900494405294,0.279779980820902,5.74060472050988e-06,0.000101919869578626,-3.23797975134763,0.804805704548782,5.73868172086586e-05,0.00135266620196893
56924,-1.47355186339775,0.387447777121395,0.000142823346951349,0.00156183873590463,-3.18550795553506,1.08462703178414,0.00331445129494438,0.0364480900603496
106821730,-1.47355186339775,0.387447777121395,0.000142823346951349,0.00156183873590463,-3.18550795553506,1.08462703178414,0.00331445129494438,0.0364480900603496
64220,-3.07379668180393,0.440724473463222,3.07139717800311e-12,2.26622875650079e-10,-5.26976573216889,0.805098144720421,5.92987155590787e-11,6.21116983784125e-09
80031,-2.16871699876404,0.330584137673187,5.37150169267302e-11,3.19127659005388e-09,-3.29517329470783,0.850680006979264,0.000107250128446587,0.00227519607928651
54810,-1.498041026421,0.46816831803709,0.00137527015019037,0.010125647822539,-2.09230554376853,0.731415250099551,0.00422805390937856,0.0434978241051414
1629,-0.660033550111197,0.210451307373562,0.00171107632604642,0.0120796355445787,-3.27699467280661,0.831185885033584,8.061871860273e-05,0.00181354242290356
10669,1.90457559606038,0.543183136694153,0.000454343282602549,0.00407809497085506,2.38048221146304,0.847690589920724,0.00498197328722778,0.0491134648945002
6519,-1.15303036848003,0.373287143591331,0.00200928557744537,0.0137877176324301,-2.04567642132994,0.713687803769131,0.00415239693052862,0.0429710799700962
316,-2.97389053567848,0.485590231936108,9.10945938637565e-10,4.28144591159655e-08,-2.55660324898219,0.76064152813449,0.00077628644904684,0.0116158791067643
83478,-1.83471770385432,0.279801150329033,5.48201036591103e-11,3.24289268369668e-09,-3.11117971574102,0.730196610586433,2.03748894655297e-05,0.000543730529542694
84803,-2.13042839185372,0.417871937021357,3.4275247966005e-07,8.74337366329838e-06,-5.26687375159695,0.884401226447056,2.59596753922824e-09,1.88336883073273e-07
80144,-1.11689545658622,0.301087581727255,0.00020763879818238,0.00213136489622662,-3.68933758531728,0.995918025864137,0.000211842290629335,0.00396234927305471
1950,-4.17936130810008,0.537446671003024,7.46602930689592e-15,9.31488965525815e-13,-6.70039808969136,0.862081522028906,7.70440808577709e-15,1.63440727986757e-12
64098,0.95089187646415,0.366269188786333,0.00942733090045617,0.0470475233737675,2.68983419160248,0.891000240088177,0.00253700300945874,0.0297534173796494
283358,-1.99731266013688,0.436410756520089,4.7241179894246e-06,8.57589884746867e-05,-2.86759454701491,0.842467478249366,0.000664543112307744,0.0101987893948402
121506,-2.7016097494029,0.415205193447521,7.68268493042075e-11,4.3749862234479e-09,-3.67859981165217,0.805945817262561,5.01100530544781e-06,0.000160572539032504
23710,-1.39748100333355,0.320122447779303,1.26856852515926e-05,0.000199197190380843,-2.56960439122408,0.740662157555144,0.000521750419107394,0.00834352602463818
5288,-2.0909628890599,0.411528652107207,3.75521295331114e-07,9.40447857139455e-06,-7.77587049708724,2.02654545370931,0.000124542571858865,0.00256413877368883
144193,-1.89519179474437,0.420450737894936,6.5588511665476e-06,0.000113510306947918,-2.83213944285677,0.874384519779492,0.00119945733786779,0.0165582417836295
283375,-1.90539563115363,0.60823602121545,0.00173230974569196,0.012198162621794,-3.01731046872579,0.813649967777597,0.00020860242546103,0.00391485783684367
145407,-1.68525250468717,0.318674148914491,1.23441432537508e-07,3.53676455145044e-06,-3.21176301378508,0.84478610343094,0.000143610773856789,0.0028858188957625
145226,-3.35755579289488,0.518210759257004,9.22519142072545e-11,5.18879209254246e-09,-4.81375096699522,1.01361368569984,2.04325679333444e-06,7.34827051491241e-05
9990,-0.738361618038575,0.277956929497999,0.00789825421398939,0.0410434081154072,-3.16766085428236,0.765173381397749,3.47616487972245e-05,0.000868212328156015
6652,-2.13425618464833,0.359128854036091,2.80074110494435e-09,1.16476881588655e-07,-4.02901454168088,0.734310367475808,4.09278751561725e-08,2.32511952455015e-06
11001,-1.92767335350404,0.538755989751456,0.000346222581392475,0.0032701711679493,-2.77494129911347,0.844456953436654,0.00101597195007299,0.0145527127446779
5046,3.66206056274698,0.51398672250064,1.04220205036411e-12,8.51379817809344e-11,4.87940548817099,0.769796786913044,2.31917896214889e-10,2.18354608014905e-08
51458,-4.39186892322216,0.555466842937788,2.64457312290483e-15,3.52370112026659e-13,-7.54406972345984,0.863337899525157,2.36731361135397e-18,8.09669567605737e-16
374655,1.99067279557099,0.331465601357475,1.90544184321392e-09,8.27540628362906e-08,2.68261637872457,0.891870827156773,0.00263100333888411,0.0305460215835879
6524,-3.19061458663683,0.628782646825836,3.8898099063682e-07,9.65450688861853e-06,-7.84885202660114,0.799905529111715,9.97457999336615e-23,5.9701423610294e-20
2653,-1.08437054676288,0.394117202046064,0.00593427540361226,0.0327734388890039,-2.8742148005307,0.813620292372027,0.000411456777221745,0.00686129764125296
123920,1.02144473269899,0.33919683205982,0.00260077878003331,0.016964395426415,2.9339231552182,0.828849418182928,0.000400499958817574,0.00671869750733106
8996,2.90647420932578,0.354276923414853,2.32592787108471e-16,3.84590772322488e-14,2.35083273603538,0.787459467134782,0.00283265057676146,0.0322065067950783
6187,1.09809379418153,0.208583797457475,1.4055528897771e-07,3.96094617234104e-06,2.65122266449589,0.709429905122338,0.000186142210350426,0.00358569804972734
9123,2.84910556285225,0.349470531244026,3.56080123118274e-16,5.61706162031631e-14,4.83648225743324,0.719698556781944,1.81537581760126e-11,2.18876858468917e-09
5596,-2.6744011961511,0.55393142880671,1.37885775799157e-06,2.97842677265865e-05,-8.98163360691472,1.82587687145305,8.69521218473707e-07,3.46959669057163e-05
60681,1.41631844841938,0.449864089179248,0.00164208900317998,0.0117300860773413,3.89472080757078,0.772965907186871,4.68775782175097e-07,1.97392294810866e-05
641649,2.68913462510975,0.349113128178718,1.3315835570147e-14,1.60303971372542e-12,4.71989403789915,0.879868352356692,8.12554387532412e-08,4.21933113904876e-06
1292,1.07914366648682,0.413437123659748,0.00904956450948483,0.0454783389322887,2.36462891885096,0.818485209742157,0.00386431314199438,0.0409368040118103
7226,1.55013636688607,0.417110710608162,0.000202108169982184,0.00208708241146388,4.49927623116068,0.899190384777505,5.6241134084034e-07,2.34638840716915e-05
63976,-1.85426060966199,0.395054510788203,2.68329836400823e-06,5.28344142720932e-05,-4.0770028724473,1.06647900433274,0.000131911205434677,0.00268087779968234
3339,1.19169593865573,0.381123265760137,0.00176720557159415,0.0123866850176497,2.24300836169114,0.767800543934851,0.00348526444569483,0.0378545345725208
9970,-2.25314902007536,0.585763020580119,0.000119807483696935,0.00135551352535593,-5.83366187246406,1.16400510945295,5.39470620239447e-07,2.26024703114822e-05
57530,-2.0815454869167,0.36574135552789,1.26072317698619e-08,4.54360221676197e-07,-3.30919658500027,0.860491513874072,0.000120206277021591,0.00249323885718421
8416,-1.91959071811109,0.438049416492736,1.17523131822336e-05,0.00018560269978478,-2.35283791962864,0.757371058046244,0.0018926159190559,0.0237768742034916
8991,-2.66349708739017,0.398021337254394,2.20374255385354e-11,1.38734691784798e-09,-3.36004280600785,0.741084312188969,5.78894105464878e-06,0.000182362524689584
5313,-1.81242680437994,0.46372901227885,9.29190632428625e-05,0.00109367171864927,-4.98469322982811,0.911313577204887,4.5057096577043e-08,2.53393248837135e-06
2052,-1.71021629618276,0.463571638960288,0.000224945438027941,0.00227666017071937,-2.63407688584456,0.851301159732623,0.0019735937817859,0.0245366900511498
55224,-2.07937851783225,0.587410572597345,0.000400268778602491,0.00367444061373953,-3.54867452674774,0.903478464290892,8.57296815037996e-05,0.00189794416423009
22874,-0.949253738561944,0.207157063664418,4.59911508636676e-06,8.38386232031888e-05,-2.39560235920151,0.745623694308326,0.00131409400116765,0.0178467596155338
245973,-2.62868296633015,0.37190531014629,1.5701141574191e-12,1.25280504048952e-10,-4.63973052252099,0.784232385446265,3.29324476036055e-09,2.31897012348245e-07
130589,-1.49241270691864,0.299847159437356,6.44957411816606e-07,1.50023652877476e-05,-3.10926210285821,0.721395969072905,1.63208015073228e-05,0.000451353650926109
5746,-0.738212260769193,0.27734373231064,0.00777417677499548,0.040505999263492,-2.38933006792064,0.820369585007406,0.00358543090415215,0.038641952747708
57007,1.59992865816852,0.396671457696838,5.49791216247556e-05,0.000703199874350555,3.45541904785337,0.81329132271832,2.15028551561938e-05,0.000566613757173981
54756,-0.933039826167527,0.350679199668282,0.007798653687251,0.04060270227763,-3.46192369938375,0.85773028914362,5.4336673625457e-05,0.00128888046927611
1295,1.59325330350416,0.450999384559678,0.000411312130133226,0.00375572034194837,4.08712244211045,0.772583511701187,1.22181685667209e-07,6.11236677640824e-06
152404,-2.2595278847059,0.456123440204869,7.2791478333021e-07,1.6649837477373e-05,-5.53112661976354,1.04345256443832,1.15300415125048e-07,5.82023993096588e-06
185,-1.54686775937253,0.538683136188896,0.00408434891301865,0.0243817331371327,-3.00200594470032,1.01411421340025,0.00307414734514794,0.0343693364625313
10840,-2.91281828382607,0.474242060035687,8.14633785769156e-10,3.86852390169408e-08,-6.77237124276447,1.09101578722142,5.38684129178031e-10,4.55949864691648e-08
93109,1.48394206361727,0.36193399536093,4.13087585855588e-05,0.000549342444600978,3.76026799801902,1.04210999015234,0.000308184309575658,0.00542527399598576
55840,-1.63905730835028,0.368230882850817,8.54047238661222e-06,0.000142072052162262,-2.5103068975339,0.804472009755504,0.00180580884035901,0.0229791574453885
79966,-2.37140379258006,0.33762289009801,2.15876557871459e-12,1.66687109951249e-10,-2.56015619782708,0.90431277981366,0.00463952266645732,0.0464888641665091
287,-1.88284355804979,0.538236464402482,0.000468459470920712,0.00418808432311973,-4.95677777841298,0.981438298382333,4.40599516866419e-07,1.88367533243988e-05
9180,1.45995257037306,0.465055603117545,0.00169347604399071,0.0120036278066308,2.94288243045514,0.824724368505338,0.000359274269329181,0.00619452415605734
133688,-1.90768063914959,0.502987084465514,0.000149016325902545,0.0016077830634328,-5.32225825819135,1.06867059972453,6.34986545713382e-07,2.60826949010063e-05
10769,1.78579439777826,0.309593862964725,8.0130244661161e-09,3.02949718382858e-07,4.78655060938774,0.876313710275426,4.70421461974667e-08,2.63672016094764e-06
3001,1.4971367351651,0.511076093269261,0.00339637538433155,0.0209303348785659,3.10782059344321,0.930778697801233,0.000840966556227423,0.0124723526688632
1404,1.35305936485876,0.441944405787707,0.00220153491840184,0.0148034616463238,8.63365504903763,1.3903553613049,5.30942637155083e-10,4.51678561222438e-08
10184,1.79235412856012,0.315816682708431,1.38446555534343e-08,4.973928084171e-07,3.23643559298535,0.866161748475532,0.000186580421886181,0.00359001296256085
635,-2.15715954849574,0.499280849015942,1.55652543779414e-05,0.000238146656725606,-2.88998563579167,0.899921538234072,0.00132101372888557,0.0179193878398554
1393,-4.18812685050555,0.598354901474915,2.57056218307294e-12,1.93837337365346e-10,-4.27437519112315,1.00259849419687,2.01432463230904e-05,0.000539266238224717
153328,-2.97680461361719,0.45629821041348,6.85417391654847e-11,3.95238163154249e-09,-4.30846859786243,0.973026253007748,9.51524348148753e-06,0.000283243277986234
153830,1.03155308564519,0.271554554274712,0.000145459619946795,0.00158435541599192,2.53909575210623,0.826333695233203,0.00212114248640204,0.025928684850191
2561,-1.70766286734825,0.40050621129497,2.010142186125e-05,0.000296636466262145,-4.26045229453216,1.37542522137561,0.00195125609861166,0.0243311763070184
51473,-1.14689272715807,0.390056098387702,0.0032786535533941,0.0203392513874974,-2.56257367458052,0.823446074019221,0.00185817243158079,0.0234478127272653
4594,-1.1968427379249,0.305496675295466,8.93997923113318e-05,0.00105587155738444,-2.1668067228804,0.740600101043547,0.00343632954963959,0.0374687357985751
79930,1.45615240934347,0.320831181284119,5.66055027656458e-06,0.000100628746108254,2.82391043571882,0.968006910452959,0.00353141641950917,0.0381333812980375
4794,1.05833133194915,0.308240596584889,0.000595933169476478,0.00510842399618687,2.93228116776059,0.792972309800891,0.000217445711579726,0.00402671014404931
51302,-2.36766111692484,0.457127453015579,2.22561063709358e-07,5.96346966942306e-06,-4.95794665631016,1.29276858618602,0.000125493526808696,0.00258054725863429
154091,-3.91987254818277,0.514258981892212,2.49058732693414e-14,2.82486119626811e-12,-5.0927834590161,1.0787803585395,2.34836259599456e-06,8.3381798191256e-05
6581,-1.9135810136414,0.635387447726227,0.00259809894531486,0.0169549738114603,-2.5641134995834,0.822950481685562,0.00183473564599575,0.0232413716487095
3486,2.95032220213205,0.591199026357709,6.02530259698537e-07,1.420811904485e-05,4.95151386364603,0.71352467749117,3.93453570989907e-12,5.36088487497549e-10
135892,-1.76982379217746,0.648566445975131,0.00635605845588025,0.0345741364441144,-5.54449336797092,1.02404025294806,6.15181131089278e-08,3.34734434283286e-06
55281,1.18561919152636,0.224978901072006,1.36488581172967e-07,3.85425779427531e-06,2.31618245950239,0.720598147057875,0.00130785833469278,0.0177764783707351
79742,1.07811321375717,0.266696842957691,5.28917354106668e-05,0.0006809438806529,2.45651806485485,0.822474221170112,0.00281967836215572,0.0321243981450495
3561,1.61490506714958,0.530453818625611,0.0023315740103139,0.0154956521634615,2.57160385456066,0.894851063712144,0.00405593152702378,0.0422457156379064
2719,-3.79605778552377,0.491452679345722,1.12595757264814e-14,1.37970015419849e-12,-3.7185445479578,0.740072553411318,5.04568145350909e-07,2.11931266865561e-05
6134,0.786952507969932,0.244413966382916,0.00128301262394032,0.00957401962463529,2.25399412222365,0.72059424830228,0.001760206966771,0.0225875256938095
115111,-4.23353066969927,0.464843655635431,8.4357132904594e-20,2.14392091107898e-17,-5.08247820089177,0.938623075157282,6.13492222277928e-08,3.34734434283286e-06
245972,-3.29518139022933,0.881142565378013,0.000184262852138482,0.00193187424197749,-4.60624356900449,0.881399701735491,1.73164602996687e-07,8.36330138795816e-06
55630,-1.91420243170438,0.422123568790199,5.7686270038573e-06,0.00010215308000121,-3.74908752117983,0.849098752885679,1.00836069039706e-05,0.000296996780498493
1029,3.66319432276334,0.60260019540805,1.20949709077996e-09,5.5701394485806e-08,6.44404699422266,1.07689437369313,2.17833796527688e-09,1.615343626552e-07
4915,-1.21176635340142,0.46890957702808,0.00975990055611981,0.0482963292716939,-3.49740069947886,0.826887563981108,2.34110898547552e-05,0.000611131549650845
414328,-1.84112181189061,0.33453914582765,3.72415343986381e-08,1.20543117473328e-06,-3.00268525111744,0.765594173769527,8.78051355193359e-05,0.00193367446277076
549,-1.29326441142938,0.327857648258504,7.99362100273066e-05,0.000958117507785813,-2.67690967149576,0.804751436678374,0.000879816635167024,0.0129682031563449
54886,-3.81810434872957,0.377427193825857,4.68555506259525e-24,2.29659134568061e-21,-8.85788782598798,1.3996067473033,2.47010319697969e-10,2.29980330434347e-08
210,-1.45530628288496,0.377113614614336,0.000113821254278955,0.00129633435163849,-2.39870816003603,0.770051156229628,0.00183945874873732,0.023283602092212
92211,1.86745464916877,0.477949951362885,9.33649135114637e-05,0.0010970377337597,6.36878257080397,0.848391737894092,6.05490441054865e-14,1.17993189553936e-11
133,2.48491191392563,0.432647938769925,9.27412919256547e-09,3.44927233167394e-07,2.3838832985766,0.735680158068627,0.00119370487924935,0.0164924155575761
159963,-3.47622896967026,0.551828997489225,2.98669444715392e-10,1.54676960727322e-08,-6.60245668232939,0.71718344743772,3.38215078480831e-20,1.49161750006848e-17
10249,-4.03798431667213,0.793417626677989,3.59282621251329e-07,9.08065321188442e-06,-3.65489036358313,0.752124666013366,1.1772957343998e-06,4.49437339699461e-05
9376,-6.81001014812676,0.647467994894126,7.14406274253641e-26,3.92180468314279e-23,-10.1240341223849,0.80580693925225,3.33709399266518e-36,1.39815895557689e-32
26007,-1.54433904794006,0.255222199163361,1.43986146323507e-09,6.49778483640039e-08,-3.04554872955311,0.738740396454847,3.74581201752792e-05,0.000927268295446831
83706,1.47157295624756,0.424642444182803,0.000529364424911846,0.00464217084184676,3.66984390836918,0.791814523746613,3.5740937382073e-06,0.000118375962368807
7108,-1.16088562891164,0.26211508240973,9.47079873805664e-06,0.000155289416823285,-2.78598539985948,0.894486236955839,0.00184181548922714,0.0232958383275152
226,1.51495614085792,0.302929596461442,5.70286059282485e-07,1.35408406186727e-05,2.15859094448415,0.744748986453759,0.00375055062008272,0.040035336205074
2209,2.08700980502089,0.405529039594641,2.65549811574101e-07,6.90228335992985e-06,4.58480699957371,0.822906764771139,2.52587152962082e-08,1.52819786876951e-06
220108,-1.12658909844839,0.258995311805879,1.36234665040371e-05,0.000211742303852101,-3.22891305866298,0.872684074321195,0.000215617006571037,0.00401592095143062
11098,1.04406820295248,0.286155173395823,0.000263664528313561,0.00259952010529835,2.44554267840362,0.752374021836431,0.00115228700425752,0.0161329807053899
341640,-2.35917773862006,0.35095259412098,1.78986277623912e-11,1.15324303948853e-09,-4.2995730169696,0.921667328632404,3.08625296637096e-06,0.000105556149925328
339105,1.08859397628103,0.335491532022785,0.00117544147806554,0.00893726251798971,3.42753526064905,1.22081951105401,0.00499169535304777,0.0491514820339175
288,-1.31801193369251,0.344078242259148,0.000127852582994249,0.00142654377968543,-3.30882836323655,0.729189041031394,5.68757993234107e-06,0.000180185542695849
127124,-5.10023593492248,0.711125215512222,7.3875102443479e-13,6.33663691208941e-11,-8.47849232720786,1.30480036001946,8.14364402516225e-11,8.32191037912769e-09
5800,-2.2139520924142,0.524011608842255,2.38934612425233e-05,0.000343725222319067,-2.81579066340018,0.857128642301729,0.00101930411405369,0.0145631011487005
5860,-0.90320098328822,0.275179346775723,0.00102990789531604,0.0080722192777369,-2.91909798226429,0.814765557521015,0.000340001270278986,0.00588644761219579
4306,-1.43175800532343,0.278607155354526,2.76226376574124e-07,7.15269960774204e-06,-3.42381694663335,0.913797272026228,0.000179103735828374,0.00347749815938976
3758,-7.09689121582151,0.52098978524122,2.96586192687904e-42,4.52260989827644e-39,-9.2380699728875,1.03956057172002,6.30558936149078e-19,2.29729069802661e-16
2180,-1.01649200567683,0.354311038305393,0.00411868676912261,0.0245135648969309,-2.54089177127473,0.728439887072672,0.00048641464637277,0.00787615754450363
2555,-2.29867605122666,0.45230228428932,3.73151775076132e-07,9.37936806070482e-06,-4.48180507768039,1.21159266233466,0.000216363474123768,0.00401743159397522
130733,-2.32562145349591,0.382601472319335,1.21354684867794e-09,5.5701394485806e-08,-3.14466101164956,0.922764589576748,0.000654722736954067,0.0100850168645342
498,-0.799193918427063,0.207145152436828,0.000114255636851213,0.00129804996700832,-2.60836123997692,0.742783626787507,0.000445412762329121,0.00736160994464865
23171,-1.0984016503302,0.319644849264723,0.000589676343209866,0.00507062539737607,-2.80297861453468,0.760033841903347,0.000226054259492503,0.00417689452572752
2697,1.8309045926582,0.373494349039618,9.48202022966652e-07,2.10909636356472e-05,3.05274954809697,0.749297429142835,4.61828613562076e-05,0.00111363823520674
53354,-1.60828117523033,0.266658737141063,1.62712629880509e-09,7.22675771029162e-08,-3.18275220244484,0.84729396621807,0.000172393673091668,0.00336338249981753
5352,1.60588063085296,0.311727800149292,2.5834549986502e-07,6.77922302131459e-06,4.31397593227987,0.776539715326821,2.77002892467325e-08,1.65206102308182e-06
130013,-1.69087702562365,0.482021129066009,0.000451676025479573,0.00406212436021078,-2.83494907868558,0.780297379701256,0.000279965931530388,0.00500207787475243
22925,-1.2563658922525,0.367170030583239,0.000622183480703468,0.00529376694927117,-2.61011859383548,0.754929229056946,0.0005453441714624,0.00867941402615229
266977,-2.92464078622905,0.316443893898468,2.41458607825351e-20,7.20386507346766e-18,-5.34284142911076,1.04818698492524,3.44674615129927e-07,1.52411658969985e-05
79981,-1.97634481561822,0.533183683066127,0.000209988528637354,0.00215226479986486,-4.28180242358073,0.876821106317887,1.04311732039916e-06,4.09405226523875e-05
79888,2.3712904015715,0.416657930209461,1.26137601616607e-08,4.54360221676197e-07,4.80571618046816,0.761977933709515,2.84685539093302e-10,2.62145326904651e-08
146556,-2.35255244092698,0.649931881186625,0.000294955273114555,0.00285470110594087,-5.05365202442347,0.967611147961639,1.76225388293292e-07,8.46235324471998e-06
5789,-1.88416341905156,0.479111509160142,8.40250717196675e-05,0.000998406999377244,-4.61124040770759,1.05882014791485,1.33021794794543e-05,0.000379361633885063
83648,-2.21258921553932,0.684235929459381,0.0012221306831198,0.00923596998630842,-3.64083335692302,0.998170292297596,0.000264796863690184,0.00477688981548309
23643,1.67148928386515,0.390138964137695,1.83279672881431e-05,0.000275501668195483,3.33254422736838,0.84740730168038,8.40195124128076e-05,0.00186996415474933
23228,-1.0103071692101,0.384540099211517,0.00860621518307185,0.0436803613803543,-2.52545719472735,0.823940270124875,0.00217599107064929,0.026387434408836
56934,-3.4697437486681,0.496204149879158,2.69889967350964e-12,2.01441648046342e-10,-6.86519144762229,1.32442720195637,2.17739903359445e-07,1.01646324245151e-05
150696,-2.49039337751679,0.305446771256334,3.54181148468731e-16,5.61706162031631e-14,-3.42193698651522,0.8344982518917,4.12094282729372e-05,0.00100382094247988
9056,-1.2430895772693,0.472664715626175,0.00853947654625583,0.0434541253692306,-3.64372853026047,0.715831974030489,3.57684426174782e-07,1.57748244691136e-05
3778,1.97107761449571,0.447261834940628,1.04817911598985e-05,0.000169038897624497,3.57430873504986,0.776315895137365,4.14066989594879e-06,0.000134666782600423
56911,2.21974254357259,0.348304192462154,1.85366145464724e-10,9.97633325630538e-09,3.25424311161721,0.83355180932005,9.45891070249189e-05,0.00204912747916481
9073,-5.18016825362444,0.595542968651523,3.3710805643423e-18,6.90518054701997e-16,-12.6979711799535,1.78782178804078,1.22536435415759e-12,1.83356082243992e-10
118980,-2.28789683369229,0.401220025983898,1.18167196374845e-08,4.31310266768185e-07,-5.21708818912769,0.841139163065894,5.56057277122963e-10,4.67712723645247e-08
6854,-1.66226656828021,0.528536831539683,0.00166067246359078,0.0118149657285225,-4.10287034699501,1.18584021168408,0.000540406829030624,0.00861720080658823
10901,-1.47238159858393,0.367437549672482,6.14528470492043e-05,0.000769506270897153,-3.27854989210089,0.716464098626337,4.7391838181746e-06,0.00015303271986279
134265,1.56547787051593,0.364353467509865,1.73444696622905e-05,0.000262153636173209,2.1985213725848,0.78374460587041,0.00502931306468027,0.0494347552205142
3772,-2.75260659775376,0.360032061121958,2.08218205661808e-14,2.40133332311147e-12,-2.92941278516917,0.719743031665021,4.6996697472265e-05,0.00113001097982452
7780,-3.11215529614008,0.656111216663054,2.10228187926513e-06,4.24662404064499e-05,-7.28885808217995,1.06913659231414,9.26267298264077e-12,1.20335764741145e-09
3242,-5.79251544733566,0.645169832345857,2.75032246111521e-19,6.62200446602548e-17,-6.37130722385199,0.757552193757902,4.08659636233146e-17,1.24522306247842e-14
127262,-0.874009336517737,0.283566405302849,0.00205474388699049,0.0140085966741468,-2.37728067494395,0.8071065330326,0.00322499811428971,0.0356986416098951
254050,-1.7945036704164,0.475348009735676,0.000159920003310102,0.00170797052562478,-3.8577419862138,1.1346743425803,0.000674186086494846,0.01031843344618
64084,-3.5243971095551,0.547796215212598,1.24473802245725e-10,6.88821960492068e-09,-2.49473061741358,0.851993787584883,0.00341030543634818,0.0373063373418793
64849,-7.14222465789266,0.72641832464896,8.18851051023848e-23,3.21083194978608e-20,-7.25853761783745,0.718374103914299,5.29693706372839e-24,3.85962470656626e-21
340348,-1.67612314902347,0.311427911362564,7.36389393733979e-08,2.19700174774024e-06,-3.11488060515552,0.77182556307362,5.44324775521459e-05,0.00128888046927611
9507,2.00843445276151,0.499446974496331,5.78737365983993e-05,0.000734065768092821,3.09297854646983,0.935946840083335,0.000950944134842098,0.0137386834101886
2207,1.13913495577694,0.400207812158857,0.00442223613662562,0.0259251468342803,3.18636833102638,0.853916594833622,0.000190361987858216,0.00364603034801811
7135,-2.24406773078459,0.442102800424781,3.85674696592055e-07,9.61413965625228e-06,-5.14392155677341,1.047496113186,9.07596206452974e-07,3.60436133268848e-05
714,2.25176319847031,0.490148744691884,4.34744885504783e-06,8.00864269619818e-05,3.84731978148903,0.980513589444885,8.71702820278843e-05,0.00192221941645436
861,1.74062461220994,0.31840098973318,4.58313080204209e-08,1.43277647214637e-06,4.70422689982433,1.10447990730834,2.05138176379389e-05,0.0005448352928593
100506403,1.74062461220994,0.31840098973318,4.58313080204209e-08,1.43277647214637e-06,4.70422689982433,1.10447990730834,2.05138176379389e-05,0.0005448352928593
6493,-2.85270616082927,0.445839833712168,1.5691077854464e-10,8.57945627389097e-09,-3.21022535551915,0.960033685927516,0.000826192132839835,0.0122967619487236
3099,4.7209103241941,0.5150752539249,4.93283878542238e-20,1.32741724492425e-17,3.99096279311566,0.800166827154544,6.11139271564281e-07,2.52268055471571e-05
8659,-2.83682998502172,0.474795357092148,2.3030512386844e-09,9.78547219805099e-08,-3.17866777578398,0.741836412093822,1.82851406764201e-05,0.000497468624344357
10841,-3.70134549596206,0.603392484957141,8.5575127546719e-10,4.0497691394868e-08,-5.74714437817119,0.769373200966423,8.02530095294692e-14,1.51119122101615e-11
9673,-1.04321193582829,0.275008543997778,0.000148610410491839,0.00160466504609756,-2.35547013403067,0.796124754404535,0.00308970139898438,0.0345202038303861
5745,-4.76631861819501,0.442817070339433,5.11167502179133e-27,3.69224357889811e-24,-5.7643294045468,0.973734298581701,3.22298935380853e-09,2.27907504558976e-07
4634,-3.01967889173956,0.501809079485302,1.77038135836588e-09,7.8124481550525e-08,-5.30351324636757,0.835118957790962,2.14465392150413e-10,2.04217358355044e-08
1576,-2.03379696314782,0.426556643557394,1.86118151718514e-06,3.84681553341098e-05,-4.51470732684931,1.1212440720177,5.6609360976702e-05,0.00133622011353317
5731,-4.58575797111083,0.607252447861181,4.29778048290757e-14,4.57230537576926e-12,-3.31052069756048,0.909243774104572,0.000271622775032063,0.0048737966667691
57125,2.03598547185883,0.422530647682304,1.44604569974272e-06,3.0960267056582e-05,3.22691926821234,0.833194824864925,0.000107527285768817,0.00227819188647232
255877,1.58228441242163,0.340654448125783,3.40344928891166e-06,6.49637524909925e-05,2.74231891922587,0.819761937225757,0.000822047099100617,0.0122459442967353
2256,1.96428479838877,0.517154177319321,0.00014571682358463,0.00158589824494486,3.98000358044684,0.88462892797942,6.82527948248013e-06,0.000211042174994252
146325,-6.73840200990642,0.69706536068265,4.17158034302212e-22,1.43126921569089e-19,-7.98310001888531,1.50982043232787,1.24033260417924e-07,6.18652800995232e-06
124222,1.77991782034368,0.481218332124732,0.000216643455649592,0.00220728640336674,2.75065408760598,0.950142492828993,0.00379169248398544,0.0403716482459416
284541,-5.96863941269332,1.19159450037206,5.47272767880342e-07,1.30395337958157e-05,-9.58011427102489,1.07124667277145,3.78888905394693e-19,1.51185694416897e-16
10158,-1.59238720170964,0.471313398110866,0.000728515698723728,0.00604848726514486,-2.43614018622168,0.712252775408759,0.000625450035285091,0.00970970002984885
26027,-0.793707951445713,0.275611501608727,0.00397918587471489,0.0238830979027743,-4.76413576501787,1.15020962547365,3.44332776742632e-05,0.000862345869486254
338094,-6.07400689656973,0.854274530628114,1.15929839063625e-12,9.41432610242122e-11,-8.34656802761968,0.795901187295162,9.9188778081155e-26,9.23502628812265e-23
7809,-4.62892382098634,0.540979977004794,1.16292430814976e-17,2.17789233885456e-15,-8.00053906648354,0.995128518870866,9.00554980939868e-16,2.18730448196685e-13
205,-1.67006613033121,0.323206069661349,2.3764374995769e-07,6.32058686902971e-06,-2.76614767288954,0.768790463362425,0.000320610154870553,0.00562040333208745
388595,-4.3669711496026,0.906717961783126,1.46288695645554e-06,3.12720569943861e-05,-3.64991512857612,0.980736405226921,0.000197959223799067,0.00375293962856173
22977,-1.91685629559685,0.621574203509296,0.00204324365037267,0.0139641199047346,-3.70047255774684,0.743602897248418,6.47745235310641e-07,2.64125605804648e-05
7805,2.02981824049751,0.368150636929204,3.51660030220817e-08,1.15183347368747e-06,3.60424344218357,0.728623683517311,7.55030960791431e-07,3.04905153539846e-05
249,-3.08365635042831,0.808473047078483,0.000136639534509587,0.00150500880546515,-5.22562831336384,1.07985982754789,1.30380645284357e-06,4.94355030389264e-05
2634,1.9968786506305,0.336623699596335,2.99121158832293e-09,1.22176749518285e-07,2.13385059304321,0.744797413912244,0.00416998629828277,0.0430523433044667
25903,2.52813061628553,0.558508323513034,5.99469229602022e-06,0.00010561124142565,5.40050982634088,0.86633118297067,4.55339846059389e-10,3.95390698451259e-08
79762,-1.42318960037914,0.287505350207201,7.41629435516734e-07,1.69353117687715e-05,-2.04740809880726,0.724932996736339,0.00473881230385625,0.0472162636149387
148811,-3.00630129401077,0.590227578459716,3.51584953815582e-07,8.91771395011749e-06,-4.96182939564834,0.863353721444786,9.07564463337035e-09,5.96465601610407e-07
5284,-4.1442168116604,0.598509749622112,4.38365390941642e-12,3.18313578057307e-10,-7.4673937042044,0.773390119843295,4.66319643276892e-22,2.69484513850946e-19
83953,-3.35666433768453,0.522703585713975,1.34729096297954e-10,7.42579163692019e-09,-7.27170276984543,0.902771702447616,7.95676002554054e-16,1.9609903127652e-13
72,2.00164215691286,0.424219879477335,2.37698288459225e-06,4.73464631467983e-05,3.62804131394746,0.840291501026663,1.5773603191891e-05,0.000438391071132505
3625,3.6207379208923,0.548828842653989,4.1897334469336e-11,2.5330353227188e-09,6.74778842826108,0.877766240632156,1.50090672847322e-14,3.10539455092378e-12
79626,1.36793081249658,0.503643581336151,0.00660621109220669,0.0355962469687651,4.0059506043825,0.963990665179814,3.24448257669346e-05,0.000815206649217478
7039,1.66185558897908,0.390794225697794,2.11389619371302e-05,0.000309947770967067,2.39632534752221,0.83610853275188,0.00415634110815239,0.0429710799700962
151556,-1.68204586277716,0.326289366840684,2.53530658228493e-07,6.67841603364268e-06,-3.26519640530969,0.77138916051917,2.3071941261553e-05,0.000604160411878698
476,-1.74483506821675,0.231525615627195,4.8367654201116e-14,5.02877035042512e-12,-2.54726752812381,0.827427334668386,0.00208018124190814,0.025614810751755
6565,-2.2264012385649,0.482589761596453,3.96049432620624e-06,7.37501005873194e-05,-3.00624041870211,0.982063929264676,0.00220492037773933,0.0266418605699592
11167,1.22640224912592,0.238282631537084,2.64913049223262e-07,6.90228335992985e-06,2.36122291744916,0.739126273791282,0.00140018121102612,0.0188630521829475
8802,-2.26614821523027,0.28518159080878,1.92111780160786e-15,2.63654207092663e-13,-3.9333594296212,0.806382208267841,1.07283507820307e-06,4.20085118588909e-05
3428,1.22935607226087,0.256237575350659,1.60482113502143e-06,3.39037617032378e-05,2.55723877473452,0.870072490328892,0.00329156208804255,0.0362677771423439
6514,-1.86340223063107,0.553507348262048,0.000761187376162473,0.00626666799667294,-2.41703866027926,0.760852083526198,0.00148934144293195,0.0198094232080132
2168,-5.84460739606979,0.744919479338338,4.29658676308423e-15,5.5108744613615e-13,-7.88047714705092,0.768775386487039,1.17503324482314e-24,1.036441165789e-21
213,-6.61403305388757,0.972502815108268,1.03864715532816e-11,7.02186874863236e-10,-7.64217385097858,0.902801700575066,2.56256283818953e-17,7.95296122318859e-15
1776,-2.16573791298686,0.364315620191443,2.77006109880883e-09,1.16257854801383e-07,-2.9847639709425,0.788401046987044,0.00015318729019768,0.00304539240382316
64866,1.97855795514769,0.40231641457871,8.74708484189669e-07,1.96472982602603e-05,3.08664035213718,0.789381387873664,9.2219127761561e-05,0.00200975339682185
79442,-1.98368913528407,0.557639492178416,0.000374690850969645,0.00346980920290648,-5.85037430556574,1.21910033956904,1.59517414763756e-06,5.87549967917753e-05
28999,-2.21467438005737,0.478299344662067,3.65118161863108e-06,6.89254697855475e-05,-3.3260031227707,0.759097542841989,1.17852757254557e-05,0.000343494671100717
26508,1.95726100371801,0.441757786589969,9.39624236640145e-06,0.000154806758987387,2.6854281780181,0.805061370763608,0.00085090643231839,0.0125863556039046
116832,1.95749951671397,0.388502443540868,4.69005479819682e-07,1.13721399382426e-05,3.26605687417752,0.834971109830512,9.16940083095557e-05,0.00200091130893209
149461,-3.43751014384698,0.408154591595089,3.69862067078217e-17,6.34498376072681e-15,-6.45362671925869,1.07464647971298,1.90921263149322e-09,1.43482038077107e-07
51705,-1.29276453191006,0.412057086841245,0.0017048639068951,0.012048173150478,-2.36085696067609,0.740700675543469,0.00143593192233435,0.0192210727527167
133308,1.39824449892722,0.413020284660705,0.000710710728607372,0.00592575579550886,3.08482812316563,1.06901994062119,0.00390593818966019,0.0411436946074891
3248,-2.07765544571323,0.525141641796681,7.60967786894596e-05,0.000921758332510277,-3.09842400693489,0.84995224772958,0.000266966343485625,0.00480849288594979
4886,-1.05195153292714,0.363403612522547,0.00379497449194416,0.0229740758391891,-3.63335553761326,0.850066569289094,1.91823772622021e-05,0.000517677070108285
202151,-4.38226467859246,0.487608703490953,2.53477662280153e-19,6.21201328059432e-17,-3.84264614261022,1.18907205284044,0.0012308442844242,0.0168664917110917
134147,-1.19493521606776,0.343434341259173,0.000502593754960878,0.00444146599683393,-2.8275308724823,0.767754517334878,0.000230633636570561,0.00424746056624839
493869,0.978365054448056,0.323049376152557,0.00245745852213121,0.0161833784825954,3.50638567151441,0.895110136610847,8.95584253155472e-05,0.00196694346720083
133121,-3.39128009769289,0.644681637527625,1.43746227761623e-07,4.01786808513342e-06,-7.43292042922767,0.813650748812372,6.52429103964834e-20,2.73351483833666e-17
134288,-3.45437124660094,0.870719747045727,7.27037970262232e-05,0.000887710774366448,-9.29955116534251,1.00863365326174,2.97240673597841e-20,1.34633958076384e-17
9232,2.61900584986756,0.39045118126389,1.97797550835254e-11,1.25095557035163e-09,5.00092652540616,0.999776088964171,5.67248917916793e-07,2.35893911051303e-05
8645,-2.2577320727156,0.33500311344985,1.59002514369841e-11,1.03911928914842e-09,-3.94495080312295,0.918616477265365,1.75128426994923e-05,0.000479571455556849
222962,1.47361719631282,0.544168876794476,0.00676870697506872,0.0362970867384268,2.94851729879564,0.916655950930019,0.00129718446077243,0.0176457097224717
55536,1.84669429944135,0.437562807206648,2.4385876513557e-05,0.000349709267786892,3.30144982254428,0.844882792977663,9.32239375366868e-05,0.00202901294698355
2171,2.00604999218048,0.57075326476636,0.000440182798482975,0.00397438731998707,3.65929873147479,0.76415783190294,1.6789134697436e-06,6.1703751840862e-05
169026,-2.16888112432368,0.391694383741721,3.07385904024795e-08,1.03143377673259e-06,-4.94962352833676,1.60772296053063,0.00207937677864401,0.025614810751755
1672,-2.89877278670719,0.581082489199483,6.0826725853676e-07,1.43187990671672e-05,-2.93622679582403,0.784655890601702,0.000182520353054483,0.00352809526740493
115908,3.04211631710461,0.628695902232882,1.30643614771337e-06,2.83695090050923e-05,6.19819213836765,0.990087090826519,3.84362214651674e-10,3.37252688761644e-08
54769,2.64374524665402,0.61958397886258,1.98147231061449e-05,0.000293195837232713,2.61611341611364,0.910186861501536,0.00404975811528273,0.0422457156379064
2203,-5.41368107639691,0.758226406021568,9.3380598429767e-13,7.81436178567148e-11,-4.48549167754265,0.726745027453842,6.7418958617152e-10,5.51158208519439e-08
1536,0.80570899441045,0.251038128388621,0.00132962138256742,0.00985298264274039,2.48308242696971,0.868901013958651,0.00426686482845897,0.0437529935781843
364,-2.27602992635241,0.360950605214303,2.86977959895975e-10,1.49501266976553e-08,-6.17737350983027,0.818727088937281,4.51958577359222e-14,8.91102799760378e-12
220963,-3.92934554307407,0.579488235754309,1.19581184959856e-11,7.89005856917822e-10,-3.45038501978083,0.724892099609971,1.93727144234497e-06,7.01225315383572e-05
51084,-1.35276433352194,0.212906052693457,2.10048005427125e-10,1.11732512654336e-08,-2.33935922113406,0.714454212226759,0.00105912656140317,0.0150550483821508
120939,-5.51442722961055,0.556711001167105,3.94515712506614e-23,1.59245107012964e-20,-8.35633645392856,0.777930001072677,6.47979967273938e-27,7.7567830511028e-24
118471,-2.66130210534059,0.848102886706883,0.00170135503134982,0.0120295705565404,-3.08408759419932,0.841624432169224,0.000247874170964073,0.00453012348002933
26287,-4.89813494547637,0.732990125667371,2.35056573783509e-11,1.4663256448204e-09,-4.65099213450805,1.00165528149807,3.42877684145897e-06,0.000114467870689265
120071,-1.52454553103481,0.539153671980632,0.00468889637128822,0.0271750058275167,-3.05364468613565,0.891970633988494,0.000618245307342177,0.00964351897256621
4745,-5.21384178941531,0.485614192850537,6.85270015651518e-27,4.70232284740072e-24,-10.117441012754,1.69069027123488,2.17446272312666e-09,1.615343626552e-07
84706,-1.41819731164953,0.409221760320579,0.000529057534468191,0.00464217084184676,-2.41205627211893,0.742558327215239,0.00116094563908987,0.0162000732435529
81693,-1.96631335148891,0.589828386746765,0.00085697751109174,0.00690614172767061,-2.68844524645023,0.818297896744156,0.00101833560206895,0.0145631011487005
2200,1.06095073762332,0.331806418019412,0.00138624822738099,0.0101901414813478,3.29503806895466,0.852770915293408,0.000111582060838222,0.00235516846043799
2562,-1.60915672186299,0.57199766891059,0.00490476973913691,0.0280999719317417,-3.6399642628735,0.968964562539414,0.000172271555682073,0.00336338249981753
256764,-1.90487610690765,0.368003861683055,2.26402852424171e-07,6.04504425422046e-06,-4.54534277222363,0.894489070574028,3.74473595881699e-07,1.6385908598907e-05
283659,-1.13174556053004,0.308511372539699,0.000244065568836922,0.00244493128957512,-3.63959639227526,1.29240967425247,0.00486056739363939,0.0481147365327836
1014,-1.25145853046101,0.451534551364953,0.00557870883209868,0.031249877555805,-4.39516540596295,0.946368810547679,3.41327937899565e-06,0.000114177942340495
6236,1.87254790399646,0.570499636600844,0.00102965951867416,0.0080722192777369,3.05417966905115,0.791486563532452,0.00011395024963368,0.00239035065011898
4837,3.41645420191114,0.773017309428063,9.88678356267107e-06,0.000161339141039355,7.18878203971384,0.864488440312472,9.12518703066473e-17,2.59201710926966e-14
197257,-2.61846136534424,0.48014090005312,4.93804423632254e-08,1.52979049885532e-06,-6.91092345324643,1.055565644032,5.86540641276473e-11,6.18228591644806e-09
6340,-5.60929452444747,1.01824632122507,3.613300426705e-08,1.17788444313775e-06,-8.85331932932765,1.08567934602621,3.50234569932633e-16,9.1712205585953e-14
89797,-1.385803132925,0.306244684726188,6.03526865555319e-06,0.000105918193131473,-2.33871998476564,0.813796795794435,0.00405517177504226,0.0422457156379064
92292,-3.76004997396359,0.440675308690306,1.43252550946601e-17,2.58683948577784e-15,-4.73906493219344,0.90168228424768,1.47379561736429e-07,7.24320843149799e-06
58475,2.06335107718754,0.334076649229219,6.56293658793844e-10,3.19396247279671e-08,3.69704922588444,0.763553417142242,1.286035385427e-06,4.88722608262384e-05
79170,-1.40055246363129,0.543187109823858,0.00992596488415078,0.0489661905356166,-4.33361495006432,0.908212612675153,1.82780543657504e-06,6.6882513780701e-05
762,-3.02601762948185,0.550867870840698,3.94754962523227e-08,1.2628478101792e-06,-5.55893057932905,0.846651654398467,5.1760336566814e-11,5.59646116466604e-09
7846,1.25458196192702,0.444929607367359,0.00480638703625671,0.0277038453110403,2.45802852213975,0.739558662271373,0.000888500501993382,0.013061736765708
359,-11.3228801971902,0.677609034787384,1.10744433185778e-62,3.79964150260403e-59,-9.70176458788797,0.791848351527379,1.63804823115645e-34,5.4904100611902e-31
2819,-3.41126275199795,0.775003518514969,1.07450879029811e-05,0.000172474370035687,-2.57116649229322,0.751518492923611,0.000623236810890232,0.00968907765650222
558,1.53179706416983,0.278524179791492,3.80456307358949e-08,1.2236696146404e-06,3.39856446111246,0.775875346635248,1.18517653833536e-05,0.000344832875103511
3903,1.57910633639777,0.416264157747417,0.000148526764346139,0.00160466504609756,3.00672520004652,1.04885626531372,0.00414814791788577,0.0429658905783978
79850,1.81639123478831,0.437426145828315,3.2893123395678e-05,0.000453238178195065,3.10885407182415,0.810840837138755,0.000126019040086912,0.00258817780982421
2875,-2.39628907777136,0.615156242588334,9.80305901976845e-05,0.00114053130147697,-2.73557243220741,0.737776263851584,0.000209016659478412,0.00391530264006458
124935,-1.45950509627072,0.414001448128756,0.000422903979210424,0.00384621220058572,-3.02314600184387,0.868592842026153,0.000500460293701589,0.00806663036913003
124975,-2.23216619042886,0.400525514840072,2.50254999148155e-08,8.596399207879e-07,-8.42711363266005,0.825157929383304,1.73905105115292e-24,1.38784555077485e-21
3816,-5.83976006898914,0.851025216204883,6.78890780149175e-12,4.77799849577809e-10,-6.83838864879981,0.864075897795824,2.49035127904463e-15,5.4992620971008e-13
51129,4.26617100879184,0.583635276674634,2.67834300864912e-13,2.50051560889119e-11,7.77678677692012,0.817841462534137,1.9265731496645e-21,1.07624798050758e-18
11314,2.74897489778711,0.54642116448675,4.88254229296378e-07,1.17971849346188e-05,2.89503050317449,0.963288401496363,0.00265264804077568,0.030701469969171
55867,-2.05074374467129,0.584531267289139,0.000450885351702563,0.00405767250279736,-2.55558543859809,0.822619806382637,0.00189225249519145,0.0237768742034916
283234,1.38800730305985,0.401875963027687,0.000552705817181174,0.0048069294264857,2.9445011472192,0.89287067879552,0.000974485389271699,0.0140183696470424
132158,-1.45487848295777,0.368703067162838,7.94890461655671e-05,0.000956097869917829,-2.39552941510579,0.740775834298579,0.0012215004608253,0.0167810501373588
2299,-5.90329186235142,0.788536346647439,7.07929760158148e-14,7.14384413853708e-12,-9.56849104130282,1.52384262039743,3.40350521889609e-10,3.03400765763189e-08
8309,-1.87694983847834,0.389489978460986,1.44283949535186e-06,3.09398894284515e-05,-3.44718408957308,0.779731281247617,9.82497838044005e-06,0.000290400022359426
11170,-1.76595471890774,0.327167074788011,6.74948634074334e-08,2.03135856448161e-06,-4.64166261564271,0.892632963692796,1.99323117703526e-07,9.4097355763194e-06
1524,1.18873773723383,0.44045869233379,0.00695767792088406,0.0371485835774105,3.15537219456148,0.969396675056201,0.00113398125032159,0.0159566681562884
6338,-5.57460260931586,0.499268874414522,6.01301107557273e-29,5.15766025007251e-26,-6.51895167303058,1.1620873764027,2.02687606652276e-08,1.26276639400948e-06
23255,1.88374676457182,0.31693688544441,2.78825802338153e-09,1.16310191832487e-07,2.59026728506694,0.896985905687198,0.00388013304010845,0.0409748894890848
255743,-1.03037367891243,0.372999935514127,0.00573787682053288,0.0319248715542953,-2.94483579870005,0.75448997214059,9.49757315464029e-05,0.00205380423869183
255189,-3.75997748082006,0.608875088947096,6.60440346803509e-10,3.19650780261067e-08,-8.3409197950845,1.1869781798848,2.10990642768326e-12,3.04826912254687e-10
1285,-1.93873676804198,0.383772777220886,4.3770495382078e-07,1.06887238189259e-05,-3.32656009572688,0.937149434865464,0.000385731746304695,0.00652318701949585
5650,-1.38935660210772,0.527843889552877,0.00848500330425785,0.043241063998379,-7.85735207765553,1.61769339164947,1.19097556422792e-06,4.5362635183854e-05
25849,-1.14754691029596,0.431622613685545,0.00784471636837196,0.0408013573194731,-3.0136565460075,0.729565372009031,3.61572179788522e-05,0.000897716764603828
7369,-11.1068525264517,0.478712047884275,4.39400778831033e-119,6.0303362886771e-115,-9.82537091963218,0.719374122348251,1.80335098126474e-42,3.02223590950158e-38
2813,-2.87606780047821,0.513231993770479,2.09659383230964e-08,7.35899073008119e-07,-10.2161624151333,1.6671634674496,8.90628310311864e-10,7.10763802500787e-08
5724,1.74695950800958,0.424492457451736,3.86495718287537e-05,0.000517489486612503,2.76994753594557,0.883298063902586,0.00171318923703651,0.0220686690418869
143662,-7.45131095622486,0.743797141261772,1.27132133724914e-23,5.45237938512725e-21,-8.90168163411153,1.58939145442727,2.13505822692611e-08,1.3252385490761e-06
51181,-2.87875935637493,0.412479168772852,2.96943784807398e-12,2.20284135280905e-10,-3.10340405553488,0.902511577138934,0.000584664134556068,0.00922635238326284
4584,1.30057808509201,0.460840176266215,0.00476970557777321,0.027585098756578,5.16230773193402,0.904741207267107,1.15771341194584e-08,7.57895276203136e-07
4648,-1.67770043008502,0.586682205652048,0.00424120964661906,0.0251214334010358,-2.66117687898024,0.775548742231512,0.000600591731805934,0.00941563782351323
285596,1.49773142425805,0.502808321026936,0.0028944346331268,0.01842449949213,3.41813777618358,0.974054917982741,0.000449484101687187,0.00739970929290331
201931,-0.738278829585165,0.215006982065061,0.000595307213287691,0.00510842399618687,-2.51037171294331,0.743334064186403,0.000732335469818697,0.0110669162657273
866,-2.55018717833875,0.83314704546295,0.00220666248259458,0.0148218469803434,-2.83813958904315,0.765457529429052,0.000209093374476866,0.00391530264006458
153572,-5.19829693244052,0.56550002246314,3.84207099442527e-20,1.10320286780819e-17,-3.14156779968867,1.10184644289655,0.00435566504643999,0.0444288438912281
1056,-2.68817833473236,0.540935628457521,6.71265841009432e-07,1.55353328870378e-05,-3.69814956321919,1.11758368340661,0.0009361034248136,0.0135593407920926
5314,-1.38287209590933,0.302994579514047,5.01842618271979e-06,9.05416548789348e-05,-4.05480647562004,0.821662950909451,8.02008480982545e-07,3.22322784958908e-05
112464,1.89948021722392,0.380822685387867,6.10600983584457e-07,1.43491231142347e-05,3.55350905916578,0.728902955523897,1.08727457726178e-06,4.24746728212826e-05
90161,-5.2474040871309,0.49716941248534,4.83904580259204e-26,2.76712769144888e-23,-6.31506828096097,1.06246187353429,2.78477523325276e-09,1.99444650145654e-07
2525,-4.41315979444531,0.802413585878046,3.80099876538561e-08,1.2236696146404e-06,-4.99503746599613,0.878556128161914,1.30424751439029e-08,8.43933748790228e-07
81831,3.23215954899891,0.332761817892793,2.65063837049189e-22,9.622094149821e-20,5.1610084208148,0.828114236490302,4.59806086518104e-10,3.97210835255511e-08
7364,-1.91187867170598,0.479813749010988,6.75862910335307e-05,0.000832633983971432,-4.33358876612089,0.741943727493708,5.19323165450551e-09,3.58162013571431e-07
25928,-3.95658766297534,0.788357203819567,5.20019309702598e-07,1.24818180110525e-05,-7.85891451846056,1.53328783980566,2.96700172923895e-07,1.34026905607319e-05
50515,1.35232703872501,0.337540708633882,6.16481610412414e-05,0.000770937073896194,2.97848099801623,0.846958747525977,0.000436983930449777,0.00724373263146174
1184,-1.80381389293257,0.28258093959053,1.73251885642601e-10,9.43535269269467e-09,-3.72430930980197,0.770855141778791,1.355765063118e-06,5.09445441542478e-05
8862,2.18796839918931,0.293735167437865,9.42079003662069e-14,9.23506589018445e-12,3.42501916914349,0.734793716126298,3.14373751675629e-06,0.000106867945321133
84275,-0.987334411953437,0.373996765274646,0.00829171791970993,0.0424451834129426,-2.98250800101202,0.78714249855403,0.000151235522626274,0.003017328718683
10287,1.4011254651781,0.314300675654625,8.27609888010885e-06,0.000138344922083573,3.06422187467711,0.936309595083524,0.00106540989282361,0.0151187166755553
10243,-1.64260586443872,0.273137954549982,1.81187906693794e-09,7.91918099192875e-08,-2.74342789197701,0.930900213598279,0.00320800797754571,0.035590731883216
5053,-5.04977177523233,0.770604204394759,5.6391328246908e-11,3.32152184060328e-09,-9.08748239958643,0.778489169369478,1.74665291016951e-31,2.92721561215308e-28
2628,-3.12972343096654,0.522475571193565,2.09607155833036e-09,9.02758162435682e-08,-5.3012320488698,0.746945302653053,1.27295157928525e-12,1.88791110772048e-10
83660,-1.7798725976593,0.220496700440051,6.90962089863116e-16,1.00880465120015e-13,-2.51386314309157,0.735892553916307,0.000635310679849623,0.00983118345669421
11346,1.01735793038598,0.278355955293673,0.000257301158519985,0.00255329074441669,3.2762166986234,0.763570711104915,1.78148774512326e-05,0.000486253308151804
4118,-3.5320517199429,0.412843371697562,1.17432259600144e-17,2.17789233885456e-15,-6.66555787517523,0.817311904341607,3.47841611208593e-16,9.1712205585953e-14
3669,1.58147923147482,0.443112509925794,0.000358313452953927,0.00334523389682973,2.85081774424265,0.828284162611671,0.000577781725716564,0.00913722073067248
8801,-1.80766206908927,0.313625978326374,8.22647228917194e-09,3.08470234143704e-07,-3.10970183512457,0.777181463855879,6.30072002049163e-05,0.0014667681295913
27254,-3.43290043250561,0.589661324545084,5.82112039194574e-09,2.26957546190521e-07,-7.93531433417892,1.28337666563424,6.28337442492743e-10,5.18734344765314e-08
189,-5.19546316825274,0.611573575578747,1.97527491733475e-17,3.47547089301308e-15,-5.18657780268304,0.763126739276762,1.07204054135351e-11,1.38202518711873e-09
1521,1.88702307551693,0.541303436285583,0.00049016796437551,0.00434004202779967,3.11489084418495,0.923110391930834,0.00073992180745319,0.0111714861000973
283848,2.0624117021124,0.432599035307992,1.86534978535405e-06,3.84963315100737e-05,2.51849107375827,0.807395634411036,0.0018129509952733,0.0230001860180055
130,-2.43140225051764,0.519231803083776,2.83132735353707e-06,5.55101951427754e-05,-4.31201159596261,1.02460823176113,2.57129427479819e-05,0.000662958780789891
541471,1.53919951261346,0.379381515157896,4.96797765430331e-05,0.000645648914087676,4.41018564708277,0.761285048626786,6.91069204740885e-09,4.65125654708935e-07
22885,1.47375723667475,0.332466430866843,9.30170888198377e-06,0.000153618113954687,2.13527458277968,0.74538311821294,0.00417447687032391,0.0430523433044667
10655,-5.05108674572538,0.651435517870581,8.91978217098258e-15,1.10283865328437e-12,-8.17814825842845,1.28854418556498,2.19821866024041e-10,2.0813529111282e-08
713,2.2795691784516,0.468896677327597,1.16464458962458e-06,2.56147153012944e-05,4.39586956408479,0.789779201572009,2.60731757209029e-08,1.56057268538075e-06
712,1.70428081700694,0.434843375146358,8.88072167860506e-05,0.00105016834223221,3.57638994997753,0.723583277836594,7.70835839501533e-07,3.10539371014572e-05
1464,2.14851554877367,0.330655562713461,8.15328157061848e-11,4.62378662294083e-09,2.92387841507194,0.747491225490877,9.16908750539927e-05,0.00200091130893209
81033,-2.09094263348835,0.642317198197019,0.00113268013871053,0.00867122582512528,-3.63610811194089,0.79507988906672,4.80190600272978e-06,0.000154462845872838
6712,-2.78510570045594,0.396534242917707,2.16192841528143e-12,1.66687109951249e-10,-4.7402947264767,0.805201650943595,3.93054287264067e-09,2.74466533344104e-07
23612,1.8767886457739,0.30713844861527,9.92806691927682e-10,4.6344486530665e-08,2.88230478844599,0.773315126963027,0.000193614198770063,0.00369564960955295
340024,-5.67187276194046,0.889743254463731,1.83285904023041e-10,9.90321160162289e-09,-9.53713515939786,0.907585769866185,7.91513583441611e-26,7.80292714405763e-23
148808,-3.4132415806711,0.25217762944054,9.70914222931375e-42,1.33248267955102e-38,-4.51457227343227,0.893995544845228,4.42082377141196e-07,1.8852057400787e-05
5174,-1.39128075687343,0.418847862894043,0.000894755730945278,0.00716431018173454,-2.41470112737427,0.711494057944022,0.000689184843532939,0.0104905075320332
5095,-1.77561237515645,0.382753015059892,3.50005522149829e-06,6.64370864259577e-05,-3.4092745595589,0.758461040966706,6.95733179828e-06,0.000213681295583063
9537,0.926082005560592,0.356802230553887,0.00944520039262027,0.0471024455626165,2.36731996962191,0.799137729590457,0.00305307577594474,0.0342250815578983
378708,-1.44234403974311,0.529250268932811,0.00642510705705827,0.0348668126734154,-2.266698949676,0.763013835207658,0.00297104437547473,0.0334846890979025
254295,-1.55753955860628,0.432578558155431,0.000317491588987345,0.00304065217534007,-3.21033116885773,0.882519143884424,0.000275094120212977,0.00492553671009539
257629,-1.39842478391478,0.384146015845469,0.000272270893266195,0.00267285102946013,-3.17439899037896,0.907229834644429,0.000467003108096631,0.00763561472057701
126695,-1.02963741413262,0.331111668271139,0.00187316782215898,0.0129769587033366,-2.64764915949825,0.905029844832123,0.00343922291298056,0.0374759016896236
4482,-1.65493507535194,0.386317717974841,1.83669842850743e-05,0.000275707039040448,-3.57729814797895,0.74526546078361,1.5864018678781e-06,5.85933668373171e-05
10458,-1.13250314131926,0.283909844714568,6.63654551783032e-05,0.000820657954578544,-2.61383652113363,0.806174816887142,0.00118581570113986,0.0164156665392525
3234,-1.71193108403313,0.297857990141154,9.05864695016251e-09,3.37828453108778e-07,-2.38086760974988,0.783107941979215,0.0023635810285859,0.0281827079041717
379,-2.10233933919845,0.438956888317339,1.67282219443844e-06,3.50500943457605e-05,-2.54603337515495,0.813735608834859,0.00175508959857935,0.0225391161552424
3291,-3.3701850124966,0.465464673350186,4.47118259765985e-13,4.09083399801892e-11,-4.04326412669243,0.771570460782439,1.60311880400041e-07,7.76493295845172e-06
148252,-1.51929353810187,0.476711543705848,0.00143742336990945,0.0104820394944938,-3.19534352835938,1.06186441571104,0.00261951946668829,0.0305011892779024
220441,-1.9853169372359,0.390512951465721,3.69821810344781e-07,9.31272389939775e-06,-3.65478244622116,0.813670656435605,7.06495817802106e-06,0.00021566782168571
5827,-1.35745031362134,0.470996112321142,0.00395054523824734,0.0237378646452305,-2.17000002638218,0.758802025161913,0.00423947021158722,0.0435885161202394
6470,-1.88918867143471,0.321238792306354,4.07923023158022e-09,1.61801606064182e-07,-2.97626935534866,0.756483162149725,8.3422226869324e-05,0.00186161531305326
440556,-5.49936353913135,0.361113746277743,2.27400370244394e-52,5.20140446872344e-49,-6.35538432742076,0.871895625477548,3.11899821536617e-13,5.0748826302254e-11
124903827,-5.49936353913135,0.361113746277743,2.27400370244394e-52,5.20140446872344e-49,-6.35538432742076,0.871895625477548,3.11899821536617e-13,5.0748826302254e-11
441951,1.15967366015052,0.303112210133262,0.000130301014742436,0.00144330195829314,3.45078608405686,0.718289238037993,1.55392084431765e-06,5.77431472947216e-05
3766,-4.56015307702509,0.360513965628017,1.13260126114651e-36,1.41307451890679e-33,-8.40905983596317,0.90229940738937,1.16791579210515e-20,5.59231450282577e-18
440836,1.64433574797097,0.453049462738145,0.000283988400631333,0.00277004748419646,2.33400236585831,0.809517797350871,0.00393656407801887,0.0413882543183929
54762,-1.05428232076663,0.26217188493178,5.78679772428145e-05,0.000734065768092821,-2.59856696767687,0.815652527119217,0.00144316953270391,0.0192871436990309
152573,-1.64380894013176,0.598776043804085,0.00604589683818326,0.0332294305996104,-3.6559815267609,0.912456633035503,6.15611286969263e-05,0.00143691219475179
79861,-5.58989389097453,0.753900623999135,1.21965179975013e-13,1.17876769716695e-11,-3.45576772290021,1.2213584593353,0.00466286782087644,0.0466763681340547
2066,-3.47962683439454,0.428749023809969,4.8272929707513e-16,7.23205234653556e-14,-6.83501976770127,1.10303484921345,5.77111535318252e-10,4.78813477865733e-08
9242,2.10830089341559,0.510960681830636,3.68885220066947e-05,0.000497860240566586,4.43365386328271,0.877343068289572,4.33784587159989e-07,1.85928283790646e-05
51268,-1.12099180656732,0.385325322628916,0.00362344808266363,0.0221014228828781,-3.71546048257974,0.873793472852603,2.11771725999767e-05,0.000559598003670275
55600,-3.98359517468418,1.06271517435757,0.000177890437209831,0.00187509090650363,-3.91621073680836,1.11903003419234,0.000465873661571527,0.00762458661550509
284273,-0.769577937857716,0.233256608790116,0.000969345448181114,0.00764996948294285,-2.56961816951449,0.827683413127149,0.00190542542090308,0.0238840872317985
1104,0.973767095739864,0.363160547104588,0.00733218193488268,0.0388071210467913,2.45827417652376,0.832408051410945,0.0031448990697025,0.0350201750891323
389015,-2.81880965306754,0.509379983326006,3.13356800296857e-08,1.04635248838785e-06,-6.54669405341811,1.07317913285948,1.05882295907735e-09,8.21519165332284e-08
222166,-2.17960029672222,0.349303560960785,4.38002942898944e-10,2.17009111492603e-08,-2.8483001248204,0.73881555633619,0.000115623288591938,0.00241612305924226
146802,-3.58626535560843,0.709702056949728,4.34471978945829e-07,1.06286870571347e-05,-7.07358236234603,0.799632389092554,9.06774675500229e-19,3.1659659972309e-16
404201,-1.62451373582789,0.266195083003326,1.04279216965811e-09,4.81861270585452e-08,-3.44849597453505,0.917874449522639,0.000171931316698245,0.00336338249981753
55526,-0.955769948114713,0.271929385234814,0.000440130718864746,0.00397438731998707,-2.16229651315884,0.76591207425405,0.00475520237908463,0.0472952146415901
5912,1.61350040115355,0.332506577881338,1.21892164392992e-06,2.66377080275385e-05,2.48640672513732,0.870621767227431,0.00429153349584117,0.0439343302509202
388323,-3.10066800890876,0.544713558421982,1.25346088448321e-08,4.53891746138458e-07,-3.26690136306989,0.78237922873274,2.97203901514495e-05,0.000753935817483655
5069,-2.99961409180976,0.345041115498766,3.51449253257218e-18,7.09307287015008e-16,-3.34443051246107,1.01052052845615,0.000934254971846958,0.0135442725546567
345557,-1.83743372740339,0.397231521226255,3.73517339840345e-06,7.04141754391331e-05,-4.79421577432349,0.904354454805556,1.15007781775283e-07,5.82023993096588e-06
28970,-1.93953838903148,0.426386962420902,5.39590766746991e-06,9.62983573840794e-05,-3.61301812072317,0.773389231438619,2.98762844757972e-06,0.000103024002372404
18,-3.27093780911653,0.381484216190642,9.97419146140676e-18,1.92796906501896e-15,-4.56932682904442,0.811696407528145,1.80885280336676e-08,1.13114045267252e-06
1468,-1.72418856290796,0.582564219501002,0.00307984658625248,0.0193711340741196,-2.9610131865138,0.886913366714092,0.000842139446296547,0.0124787046688628
125061,-2.11244594691046,0.447311515687904,2.32918742029813e-06,4.65295024107301e-05,-2.86473280554425,0.727221240758136,8.17242961854776e-05,0.00183349060210498
64478,-1.15064164732593,0.299990191081343,0.000125259367031197,0.00140331392092747,-3.79345683360289,1.2374681674157,0.0021730745429896,0.0263711486357442
123876,-1.98666321347044,0.445845566340168,8.35245403195736e-06,0.000139451434470295,-4.85180877304277,0.859036117645816,1.62355091188727e-08,1.03851487527934e-06
157983,-1.99243067963059,0.500899528330276,6.95835538752599e-05,0.00085417235544192,-4.92035342434017,0.823569439375159,2.30903857868433e-09,1.6898330803568e-07
54097,-3.20837730289117,0.530907621167631,1.51093584606075e-09,6.75442460955627e-08,-2.92356842357093,0.84244946677128,0.000519840498340318,0.00832119205760684
128239,2.03462956751878,0.418114565682175,1.1376375171776e-06,2.51011853468575e-05,3.86519400166096,1.30455526415849,0.00304810804517327,0.0341922642095441
149563,-2.23156246661209,0.464876441289365,1.58400751725796e-06,3.35477147636546e-05,-5.34196433719105,1.50066918879082,0.000371248328858464,0.00634476689933682
256435,-1.01289479850172,0.351730405495815,0.00397993623605689,0.0238830979027743,-2.99087016756373,0.901228959352878,0.000904513250922304,0.0132020595732365
7113,-3.72533193532609,0.495840485005147,5.77142130561841e-14,5.86718414802274e-12,-7.66342585921805,0.915832485901869,5.8745927363562e-17,1.72723332751919e-14
124905021,-3.72533193532609,0.495840485005147,5.77142130561841e-14,5.86718414802274e-12,-7.66342585921805,0.915832485901869,5.8745927363562e-17,1.72723332751919e-14
3786,1.10997940186636,0.418865070913006,0.00804991858942749,0.0415015337044714,3.72390710798802,1.08879403356635,0.000625722061712319,0.00970970002984885
126382,1.66126191242481,0.441745522000769,0.000169454600253068,0.00179582620376301,2.29784725768878,0.799101060073848,0.0040333672471747,0.0421416469422698
5101,-0.971040903307576,0.270517191049516,0.00033122148612017,0.00315234651561249,-2.89974437833649,0.900548559962279,0.00128201513696969,0.0174535269540821
11156,1.808595959725,0.467295050847767,0.000108678676682789,0.00124499679365159,2.39413117962302,0.81922671049324,0.00347313771700051,0.0377662671657968
157313,1.70821907999323,0.566199811212981,0.0025529836531994,0.0167002610374207,4.92440876595858,1.10280229292676,7.99343913376481e-06,0.000242246015267205
138046,-3.00404951990945,0.460957610372797,7.17390686304853e-11,4.11944342211205e-09,-8.40851934008101,1.24257074562805,1.3144856883363e-11,1.63181227043171e-09
1188,-5.60301419433501,0.824812537216172,1.09767567758906e-11,7.34853707279621e-10,-7.62683121658354,0.853545427852402,4.05443904785848e-19,1.5801940465828e-16
286256,-1.83683239531379,0.476273778471727,0.000114940588055019,0.00130475155539047,-3.64823590198529,0.951697534571656,0.000126384962812511,0.00259251602420424
113277,-1.03693157112043,0.247233896375192,2.73918569546618e-05,0.000386357497272125,-2.36540097287516,0.780586860104304,0.00244322738007068,0.0288759151358284
27124,-2.88364295743575,0.494633349089366,5.5474044171269e-09,2.17521652058999e-07,-5.60084502488811,0.906583935941729,6.49325604887165e-10,5.33433716289412e-08
169611,1.99770654365796,0.251686696735471,2.0667137036136e-15,2.80827513548446e-13,3.21091742030525,0.814798945153053,8.12278796626115e-05,0.00182479629392186
56901,5.53741506017071,0.743060211814503,9.18135190342553e-14,9.0650988145764e-12,8.21635406035205,0.727685503271287,1.45243604974974e-29,2.028447979813e-26
5833,-1.12779998195878,0.311984428756992,0.000300435807533508,0.00290160522349744,-3.08111355466344,0.843987420994882,0.000261564366074821,0.00472875643047242
339983,-3.54821132162492,0.404790498864167,1.85867163639763e-18,3.98568899030016e-16,-6.12611833703148,0.928131566166584,4.09815280199743e-11,4.51848307951809e-09
8529,-6.37381994276739,0.967514230929039,4.46299155433407e-11,2.67467668522623e-09,-2.89111464235419,0.989897623144994,0.00349335807943227,0.0379178679101071
153768,1.18607360794471,0.447322799453082,0.00801365956312999,0.0413894802411514,2.91475189230289,0.96908341460474,0.00263197367225873,0.0305460215835879
153201,-6.11589026056398,0.630780852477857,3.14335339616742e-22,1.10613800023081e-19,-7.42298279930841,0.998515329433537,1.0534613533526e-13,1.89838266890712e-11
7058,1.75090937008546,0.481117532291313,0.000273427972101356,0.00268229127170765,5.47214487759642,0.860562813609575,2.03338932227517e-10,1.96980182959593e-08
257106,1.47424319087181,0.384263931362288,0.00012478087457033,0.00140138520671293,2.50494165919232,0.827975516291881,0.00248319838766021,0.0292452015311297
4051,-3.19020680925063,0.419259658963442,2.75918775285745e-14,3.02936741761725e-12,-3.46891034923946,0.805690812118697,1.66600996190535e-05,0.000459221397229798
613,-0.829624775382818,0.26590092091836,0.00180818942727238,0.0126148369722282,-2.22049131522145,0.780965981401782,0.00446542712069154,0.0453277365933795
11006,1.66292723104965,0.430957488123834,0.000114000882717102,0.00129730357745399,3.97542775394884,1.39955763218589,0.0045044457216761,0.045558241309336
7293,2.20405757869807,0.542547035534761,4.85651939015355e-05,0.000634166242725664,5.09667122360569,0.85600402157867,2.61623300647596e-09,1.88989004118667e-07
83715,-2.47016506309046,0.558255996633758,9.65365347172892e-06,0.000157910298266994,-3.10758927273791,0.798232777518683,9.8976828988826e-05,0.00213121130737816
1579,-4.31412491880816,0.641343992244481,1.73560948634451e-11,1.12356153729208e-09,-7.77203891090331,0.821845154183416,3.17460859903845e-21,1.66260204722767e-18
957,-1.39113987056099,0.375568225934,0.000212147901724181,0.00216953636606756,-2.92732311722783,0.734370437701201,6.71492916319806e-05,0.00155435770505575
2359,1.6689589994987,0.392576489422606,2.12536709614651e-05,0.00031129709741211,4.07100355866818,1.1644606067704,0.000472213804732121,0.00769079801118135
1282,1.78351901182484,0.352885131681183,4.32410449154663e-07,1.06161019753105e-05,3.57019214016914,0.818498818531513,1.2895066424776e-05,0.000370048661323322
2701,1.66143764438627,0.456193381167211,0.000270571048730332,0.00265996924983888,2.13568147999276,0.748034415433516,0.00430289994260048,0.0439977426101534
9636,1.39652354774909,0.458855866746956,0.00233850695090004,0.0155342059023001,2.5265011385959,0.738090630407741,0.000619288572489467,0.00964559218062358
124903372,-2.66837162030406,0.452681267955745,3.75607078308891e-09,1.50286633898286e-07,-6.52568654008032,0.895154114727475,3.09921502917087e-13,5.0748826302254e-11
51393,1.65111830433338,0.408634125030701,5.33194889380482e-05,0.000684524477255167,3.0755601940768,0.81604023086825,0.000163979691334908,0.00322930158293975
643236,-2.56830316794037,0.564604709284233,5.39394022592872e-06,9.62983573840794e-05,-7.83136022286334,1.0493762212366,8.46567000145175e-14,1.55907872037725e-11
342979,-2.74286864970303,0.436008038728714,3.1569742174995e-10,1.62270839554169e-08,-2.3691799425681,0.781326388731486,0.00242734986236302,0.0287287827283488
92737,-1.68095784371488,0.394072889127686,1.99364494695058e-05,0.000294518657179223,-5.47363775591231,1.23765860407772,9.75315657350966e-06,0.000288885315699359
10123,1.23732458862652,0.314429064161549,8.31457893413625e-05,0.000989672864632142,4.50844556861065,0.766719278377921,4.09826377602005e-09,2.84990882250291e-07
115273,3.21325725418712,0.435826243416032,1.67088167986183e-13,1.59244306766831e-11,5.49062825593277,0.996878266100052,3.63300038991653e-08,2.07800182711983e-06
253012,-2.21003096844814,0.562619026587325,8.56150751125074e-05,0.00101466432715376,-6.08580306505481,1.48456476055605,4.14248773923045e-05,0.00100760452861775
342527,-1.86015219093815,0.344393509040378,6.61816020516728e-08,2.00060860475145e-06,-5.73236006530478,1.16450780234369,8.54191611762012e-07,3.42473617739702e-05
25845,-2.80994081652374,0.308694605274294,8.81492255442543e-20,2.1995635843079e-17,-2.94901789858523,0.729697381636957,5.31271687679439e-05,0.00126831655467517
123688,-1.71822211794577,0.289061474466519,2.77910570781882e-09,1.16281849799102e-07,-2.72619301786426,0.79517429474734,0.000607101040397726,0.00949991254530858
5104,-5.24919938585951,0.508003458365188,4.99731081143017e-25,2.5401145768914e-22,-8.09041954670645,1.04235012015542,8.37917075947379e-15,1.75533153447527e-12
441168,2.41175698280911,0.482046109318632,5.63961681510585e-07,1.34138823519086e-05,4.11305429582144,0.960747107940937,1.85971888305119e-05,0.000505138229514665
57402,-2.41366776023421,0.337102570692124,8.06537507392368e-13,6.87510605680301e-11,-2.86924630425135,0.928221161276144,0.00199400636739266,0.0247171247863415
36,-2.19516254495522,0.324162580635997,1.27194280487939e-11,8.35222155701665e-10,-3.76923467200244,0.724527679659013,1.96801575374758e-07,9.31694237769936e-06
2104,-1.8597433695614,0.386187392811475,1.46721400925904e-06,3.13157777030654e-05,-3.34240179817202,0.809867294939464,3.673696565247e-05,0.000910761549363527
4311,-2.02501739290169,0.461754854120305,1.15729468147049e-05,0.000182980555397477,-3.63861716125001,0.99271016846153,0.000247013243180605,0.00451931762277704
125,-2.83544208248126,0.491545887893101,8.00191942473848e-09,3.02949718382858e-07,-3.70798116063273,0.805323924104523,4.1378585551688e-06,0.000134666782600423
3269,1.19543354821104,0.311280459030674,0.000122846744316232,0.00138192517950489,3.00842480843459,0.947339139604138,0.00149497253217305,0.0198370899973778
51284,1.96403907998246,0.421472115517647,3.1628585709988e-06,6.13094223564795e-05,3.83860492724117,1.11530029088211,0.00057792553102887,0.00913722073067248
2760,1.36011569761207,0.253424524400185,8.00810895080279e-08,2.36860532846589e-06,2.6763934675285,0.728946244236586,0.000241043928640929,0.00442459496176707
6273,-2.52291426067238,0.315902320701211,1.38965018874434e-15,1.96614012271416e-13,-2.38064174732124,0.844868005139981,0.00483587883231538,0.0479837142396528
79690,3.09840726608618,0.454628244080974,9.40969199548345e-12,6.42480661422959e-10,4.98374413907707,0.949594126105982,1.53518571331791e-07,7.47912132834151e-06
51703,1.32573660089859,0.411386327911454,0.00127029558896429,0.00951612263261239,2.97130184959263,1.02122785951066,0.00361962717265533,0.0388469466542444
5265,1.04285981471151,0.367226927806961,0.00451384412536252,0.0263496370805935,3.32505752673036,1.0282240314073,0.00122160517737202,0.0167810501373588
55753,-2.11981658382821,0.511360332894882,3.39153104953221e-05,0.000463599323942032,-4.45837931580601,0.849199205917927,1.52018057313786e-07,7.44932930561915e-06
50861,0.942459802654182,0.341470800337174,0.00578011575215937,0.0321159144059252,3.19993685040936,0.831558725184915,0.00011902828153804,0.00247186489503842
219972,0.999310830058863,0.331083673843015,0.00254194650740733,0.0166518729678559,2.40361936293126,0.789686167726351,0.00233637327603679,0.0279281595813842
4828,2.08189743939932,0.401081535193902,2.09495088066054e-07,5.68203673640024e-06,3.03001106109553,0.761515045792074,6.92276466354822e-05,0.0015951500281109
57565,-1.83920664039887,0.505965443203741,0.000277933213239724,0.00271871376942408,-6.68635102998264,1.77811750906113,0.000169673177587019,0.00332579272886648
6281,1.72086761662987,0.250900259190971,6.9455094298792e-12,4.8632740518195e-10,2.51189077144987,0.716394878617446,0.000454393712404274,0.00746586688841493
81553,1.04966101046682,0.372860761673632,0.00487536426535755,0.0279950997916152,2.59120679742408,0.915182348530026,0.00463511368525658,0.0464888641665091
116085,-5.10182387797006,1.07761026409146,2.19718289068763e-06,4.40849970640308e-05,-7.92226368194431,0.730564141524181,2.12868578676042e-27,2.74420346925523e-24
9356,-5.44250204710726,0.630883579428338,6.30962229644424e-18,1.25497473038262e-15,-9.02255598825486,0.749033466955857,2.04587480416719e-33,4.89811654900541e-30
85028,2.0518405428688,0.35798708670213,9.94847877361998e-09,3.68013268703937e-07,3.06795565802063,0.803639824467713,0.000134769583475651,0.00272449149513683
26275,-2.35095655487139,0.379785194424427,6.00776433492793e-10,2.9341835492011e-08,-3.1880059179207,0.733235674394854,1.37472427063008e-05,0.000388516088558002
4494,-2.51690524211409,0.401338402643473,3.58093460607916e-10,1.81345928169116e-08,-5.94533590663927,0.948722744037088,3.68841816377072e-10,3.27059259294357e-08
9358,2.10534526402975,0.64231352538016,0.00104636809655123,0.00815347699171511,3.90260019853853,1.29696043919779,0.00262078361239808,0.0305011892779024
4519,-2.29791975409944,0.432824568872549,1.10152750117392e-07,3.1893171785044e-06,-2.39067854219981,0.844476053890415,0.00464084192079299,0.0464888641665091
2710,-2.1218055624219,0.372126520148716,1.18521639940851e-08,4.31456495105635e-07,-3.94015110492999,0.739295741018913,9.84289281745019e-08,5.02917807096487e-06
919,1.95305966532503,0.472960354948162,3.63653712552787e-05,0.000492187726930418,2.95126362740749,0.970754004374284,0.00236439449330302,0.0281827079041717
56670,-2.03710357967431,0.501481588632545,4.86186017235494e-05,0.000634260161648281,-5.43340607328418,0.841830545615512,1.08738004087395e-10,1.09779530753051e-08
4535,-1.39142192595949,0.389779820957628,0.000357303139125912,0.00334034624071118,-2.10701366973043,0.744725752102518,0.00466575624449261,0.0466763681340547
3897,-2.92669559018805,0.63110531760601,3.52798149204678e-06,6.67834730991035e-05,-4.1196486350327,1.00047906819773,3.82712254203434e-05,0.000943216862969905
7052,1.22939723210488,0.408810835907013,0.0026362106792591,0.0171466139157118,3.15834811672331,0.9074556639827,0.000500584496920773,0.00806663036913003
2214,3.670379000699,0.434215633203428,2.84168079072274e-17,4.93661103441505e-15,3.70536760086347,0.861124456548509,1.68545858751972e-05,0.000463819383714992
196051,-3.25971916450395,0.569021993235725,1.01242114807745e-08,3.7350719989825e-07,-3.67885723230543,1.12459833717219,0.00107068186817042,0.0151806746435431
440590,-2.91126472625353,0.451451154612339,1.12827360080753e-10,6.26899874392003e-09,-3.81606955740917,1.20762133620824,0.00157775356031971,0.0207384877783514
1290,1.0584868936804,0.377688658198762,0.00507022109654089,0.0288370138122367,4.1923691569113,0.900145068099261,3.20169989704313e-06,0.00010839856277686
1306,1.23646727305825,0.436689265430346,0.00463363322033833,0.0269457552186116,3.39225931835648,0.819534633196289,3.48441989630146e-05,0.000868979063126729
643008,-3.48102131921631,0.371965634076736,8.09159223371272e-21,2.46775581812163e-18,-4.40372825138315,0.873050591029074,4.5573256988928e-07,1.92869245928648e-05
554235,-4.76469655981653,0.507621113089787,6.21304885443843e-21,1.93790641996166e-18,-3.51046821315953,0.730587088267676,1.54754412232864e-06,5.76339821024569e-05
399726,-1.40212716468724,0.446959194243654,0.00170665063985876,0.0120545925792186,-3.45077340084179,0.920767546368614,0.000178453584057836,0.00346949375316156
100170765,-2.84359509202068,0.395277988997062,6.29607560782012e-13,5.46881909124831e-11,-4.57292413048347,0.972158661498812,2.55255021982766e-06,8.96817382266074e-05
55366,-0.860313079712281,0.314104967557868,0.00616385642213067,0.033696729193607,-2.22912291804177,0.793697975955454,0.00497685681778124,0.0490919031248945
5699,1.57099733194086,0.301909714506726,1.95534420271126e-07,5.34564618287037e-06,2.39897861503293,0.752659418363336,0.00143589759960971,0.0192210727527167
613212,-6.24643581083434,0.856680251715534,3.06651069757042e-13,2.8435670819903e-11,-9.57225689170718,1.12470560683523,1.72588513480592e-17,5.61872934278817e-15
91750,-1.65614485558718,0.281459429228852,4.00144773527194e-09,1.59176431069194e-07,-2.78734202979458,0.847873682367557,0.00101099270404416,0.0145061872663323
192668,-1.78985207012416,0.60051590237412,0.00287755671952044,0.01835110985999,-2.21859396281728,0.722644127340415,0.00213982918533942,0.0260431353065383
2878,-1.86031746454723,0.530451327840545,0.000453109987968637,0.00406968682911098,-2.91778966877185,0.72783177531455,6.10076116590404e-05,0.00142797006116461
1733,-5.18117607666833,0.828446610362131,3.99851480698769e-10,2.00275975222989e-08,-8.19101141762695,0.962546545100076,1.74338520093672e-17,5.61872934278817e-15
388387,-2.89665774547987,0.517079548041736,2.11944308650103e-08,7.4024684258245e-07,-4.15970552679749,0.777199115646993,8.69033850104874e-08,4.46752708402073e-06
1773,-1.68177233008581,0.244064255643931,5.55204880085083e-12,3.98933600748046e-10,-4.52432037533839,0.896872235750825,4.54580572665302e-07,1.92868754868298e-05
100130691,-1.69212441115785,0.523636723797808,0.00123148628724385,0.00929132369771008,-4.50349159294197,0.817366098330523,3.59321885902759e-08,2.06228612528916e-06
155006,-6.33290093314135,0.693709304338099,6.91085163714202e-20,1.8239332282334e-17,-8.77393939062591,0.858839747216036,1.68070758063571e-24,1.38784555077485e-21
4515,1.96544813918852,0.359863017230764,4.71712495968062e-08,1.46465662775242e-06,2.4473496332347,0.786691532457172,0.00186493247798711,0.0234818958667062
55449,-0.762253396297188,0.226764924085811,0.000775412740421553,0.00635708748479414,-3.02468528130273,0.7715920878432,8.85278771972487e-05,0.00194703240675681
100507650,-3.41226083982071,0.637089567721097,8.50777749867284e-08,2.51098362132873e-06,-6.87410192589047,1.10554472468929,5.04040147888575e-10,4.3319019684434e-08
2642,-5.45915378009604,0.912895696647876,2.23081335841985e-09,9.53759580403553e-08,-9.67813710835518,1.4010902590462,4.93005695434715e-12,6.66313100789548e-10
51192,1.28538868464025,0.220268099242123,5.36087758723309e-09,2.10809982828616e-07,2.25672878670488,0.779367848573899,0.00378447980347572,0.0403204685482832
100507127,0.862072209020917,0.32464978776753,0.00792164686999639,0.0410896045625697,4.95627208306417,1.15552935058644,1.79334898028437e-05,0.000488694887163997
100507027,-1.86594269741614,0.456501709561483,4.36079771988798e-05,0.00057712235205152,-6.9681527246729,1.57561363681601,9.75649434249282e-06,0.000288885315699359
106614088,2.12721277909462,0.340667897996217,4.25860363105469e-10,2.11757522581864e-08,3.30854271410121,0.951523803278135,0.000506870128135297,0.00815224230078642
404266,-2.66256113155917,0.514031252934973,2.22165509420992e-07,5.96346966942306e-06,-4.95993780809822,1.27619887680787,0.000101702921333817,0.0021795898447998
101929023,-3.30775283113314,0.318594785273426,2.98435032419312e-25,1.57527784035486e-22,-6.26578082653912,1.12340471640527,2.44010992641727e-08,1.48704735479371e-06
101928820,-3.26730333183958,0.633323337266038,2.48296942915664e-07,6.57843097408219e-06,-3.98193171802744,1.02488273741743,0.000102222150544489,0.00218512885328456
100506385,3.33529261038389,0.577449080953131,7.65393115777111e-09,2.93414947511873e-07,7.54180585120247,1.24740835937475,1.48504623305891e-09,1.12614886062598e-07
100131213,-1.60230369247126,0.516546176320828,0.00192246302343567,0.0132782498911078,-3.6793911685048,1.1221330391452,0.00104202966154183,0.0148498087566152
5698,1.65407374654098,0.365507983202482,6.02783239125253e-06,0.000105918193131473,3.26823668940466,0.871949175134818,0.000178110820607386,0.00346685161737419
101929335,-1.43456494902145,0.229346527399634,3.97489033969273e-10,1.99821959787337e-08,-4.36822716042239,0.934572944428387,2.95338184489496e-06,0.000102053043997102
6173,0.985167617439206,0.246568280212459,6.45533767967716e-05,0.000801412744089574,2.18639271852109,0.719690006164415,0.00238181980151384,0.028289807266882
54658,-1.07257705689478,0.393043972710903,0.00635462845419797,0.0345741364441144,-2.65724537037996,0.938576928195321,0.00463819992133006,0.0464888641665091
80301,1.07935259234429,0.367758077823862,0.00333598451778178,0.0205951648772097,2.22795949552943,0.786284443101203,0.00460371811856802,0.0462829705753338
112817,-2.88279309064826,0.531366942091173,5.78767802537256e-08,1.76904439243236e-06,-4.0433615496451,0.855826881414275,2.30672337226579e-06,8.20772335367354e-05
95,-3.33375697517573,0.457786163558708,3.28065737539475e-13,3.02172763892064e-11,-4.36933934287776,0.710202883302026,7.63956374970663e-10,6.15535811929488e-08
54657,-2.25341204062548,0.792921426112479,0.00448440230307612,0.0262191311162327,-6.98079982361302,1.60811642975555,1.41849212134797e-05,0.000398867608417293
27350,1.50217252377145,0.354221484811837,2.22752404612107e-05,0.000324183881325191,3.60369250080797,0.77202553909165,3.04381233165161e-06,0.000104531251774896
100862662,-1.57651586092519,0.564880553267671,0.00525643752357965,0.0297727398157685,-6.96734581084095,1.44784805428656,1.49271968832523e-06,5.58403778050057e-05
100506211,2.55762679403524,0.549360741028973,3.22973128539368e-06,6.23750051564294e-05,4.2250191391913,0.810579714612468,1.86470812471174e-07,8.9033172256536e-06
100233209,1.13270838351542,0.412327811943806,0.00601236204925689,0.033124711667604,2.95145200059388,0.956630070845063,0.00203374635776017,0.0251353651988958
100506444,-1.34467721404884,0.425568434896154,0.00157920673139295,0.0114068595692826,-7.02742670298419,2.022386099564,0.000511197152792489,0.00820608532916602
5820,3.10758999908348,0.429903648814984,4.88094686961294e-13,4.43616654560053e-11,4.72832275023418,0.926520680018901,3.33762643935467e-07,1.49160750659053e-05
57733,-2.47344331971001,0.585346566717541,2.38299784243578e-05,0.000343363779901406,-4.16620508887384,0.755365074921984,3.47818498338703e-08,2.01003110815804e-06
283140,2.92364622133508,0.622059117115025,2.60226274320103e-06,5.13862645866057e-05,2.83576017349753,0.874646129188748,0.00118619083352436,0.0164156665392525
58510,-3.20829209442514,0.510663039757752,3.3295494317126e-10,1.70502747764268e-08,-2.39885587305702,0.726943034488897,0.000967114381675993,0.0139242868750068
149466,-1.50294876261111,0.500259984218255,0.00266161763079941,0.0172627790005156,-5.76853671388279,0.868903593726705,3.16100198675177e-11,3.55538471785053e-09
100505967,-2.27783318415126,0.534352032301417,2.01885692569469e-05,0.000297602496758689,-8.26934371998058,1.31334192273925,3.046112720577e-10,2.75944881535946e-08
102723548,-2.14696245201232,0.441805474437734,1.17670812426963e-06,2.58386276759623e-05,-3.81944414991852,1.07182352344989,0.000365941362321365,0.00628361812617188
440335,-2.91698683347938,0.575735459696218,4.05111294213688e-07,9.98159318094911e-06,-6.8012071697477,0.926562566426236,2.13184432334856e-13,3.60884636515136e-11
3975,-5.5399662967946,0.568651850435656,1.99035058815087e-22,7.58765874216182e-20,-9.3347132708663,2.13328135835672,1.21013735863047e-05,0.00035087702410533
338382,2.02160279295749,0.434037830694794,3.19816144883536e-06,6.19063014440289e-05,3.79942854637814,1.1067739767567,0.000597193822063003,0.00938871600746141
1602,-2.56455576194719,0.289727505191559,8.62633438674121e-19,1.90948085683284e-16,-3.13947901653148,0.944102141862906,0.000883045971064037,0.0129929476989133
4082,0.971627619936769,0.305452634421488,0.00146796176517772,0.0106650647248804,2.75476749453702,0.746321162739543,0.000223261091440508,0.00412983734155791
