"Gene_ID","Gene_Symbol","logFC_24455","p_24455","padj_24455","logFC_63183","p_63183","padj_63183","meta_log2FC","meta_pvalue","meta_padj"
18,"ABAT",-3.27093780911653,9.97419146140676e-18,1.92796906501896e-15,-4.56932682904442,1.80885280336676e-08,1.13114045267252e-06,-3.27093780911653,9.97419146140599e-18,1.89411300667799e-15
34,"ACADM",-1.34067759819749,2.84554135999377e-08,9.66638852092933e-07,-3.49347727878139,1.71483821423474e-06,6.28861567447704e-05,-1.34067759819749,2.8455413599936e-08,9.52020698679744e-07
36,"ACADSB",-2.19516254495522,1.27194280487939e-11,8.35222155701665e-10,-3.76923467200244,1.96801575374758e-07,9.31694237769936e-06,-2.19516254495522,1.27194280487939e-11,8.20555255415735e-10
38,"ACAT1",-1.87668785172968,5.26795520030829e-14,5.43589602774669e-12,-3.2294559644334,5.94001147511881e-05,0.00139815522909433,-1.87668785172968,5.26795520030765e-14,5.34043909516902e-12
48,"ACO1",-1.64161641890525,7.38531050879906e-05,0.00090094223486896,-2.83125949680315,0.00011890496208097,0.00247186489503842,-1.64161641890525,7.38531050879938e-05,0.000890663162702522
55,"ACP3",-2.34151834786823,2.36310449098599e-11,1.4674771961218e-09,-5.8691009060886,6.84063364675514e-11,7.07667773370181e-09,-2.34151834786823,2.36310449098606e-11,1.44170759511154e-09
72,"ACTG2",2.00164215691286,2.37698288459225e-06,4.73464631467983e-05,3.62804131394746,1.5773603191891e-05,0.0004383910711325,2.00164215691286,2.37698288459227e-06,4.67866572743906e-05
87,"ACTN1",1.36289399902496,5.94579684446454e-05,0.00074793873412861,2.5595146435139,0.00160630595304894,0.0209985034845142,1.36289399902496,5.94579684446422e-05,0.000739549620423534
95,"ACY1",-3.33375697517573,3.28065737539475e-13,3.02172763892064e-11,-4.36933934287776,7.63956374970663e-10,6.15535811929488e-08,-3.33375697517573,3.28065737539503e-13,2.96866465721149e-11
125,"ADH1B",-2.83544208248126,8.00191942473848e-09,3.02949718382858e-07,-3.70798116063273,4.1378585551688e-06,0.00013466678260042,-2.83544208248126,8.0019194247378e-09,2.98451958222783e-07
130,"ADH6",-2.43140225051764,2.83132735353707e-06,5.55101951427754e-05,-4.31201159596261,2.57129427479819e-05,0.00066295878078989,-2.43140225051764,2.83132735353719e-06,5.48488314766408e-05
133,"ADM",2.48491191392563,9.27412919256547e-09,3.44927233167394e-07,2.3838832985766,0.00119370487924935,0.0164924155575761,2.48491191392563,9.27412919256552e-09,3.39790988867828e-07
185,"AGTR1",-1.54686775937253,0.00408434891301865,0.0243817331371327,-3.00200594470032,0.00307414734514794,0.0343693364625313,-1.54686775937253,0.00408434891301873,0.0241850137875413
189,"AGXT",-5.19546316825274,1.97527491733475e-17,3.47547089301308e-15,-5.18657780268304,1.07204054135351e-11,1.38202518711873e-09,-5.19546316825274,1.97527491733481e-17,3.41443996287502e-15
205,"AK4",-1.67006613033121,2.3764374995769e-07,6.32058686902971e-06,-2.76614767288954,0.00032061015487055,0.00562040333208745,-1.67006613033121,2.37643749957699e-07,6.24590775960946e-06
210,"ALAD",-1.45530628288496,0.00011382125427895,0.00129633435163849,-2.39870816003603,0.00183945874873732,0.023283602092212,-1.45530628288496,0.000113821254278951,0.00128315382227684
213,"ALB",-6.61403305388757,1.03864715532816e-11,7.02186874863236e-10,-7.64217385097858,2.56256283818953e-17,7.95296122318859e-15,-6.61403305388757,1.0386471553282e-11,6.8985613769902e-10
219,"ALDH1B1",-2.16809230072588,1.63762100326206e-06,3.44176273334893e-05,-3.5240974001713,1.31863270660447e-06,4.98847980360819e-05,-2.16809230072588,1.63762100326204e-06,3.39692984415109e-05
224,"ALDH3A2",-1.25999517127589,2.24772539405011e-06,4.49676141515214e-05,-2.82208302615449,0.00013398140039456,0.00271182885170583,-1.25999517127589,2.24772539405029e-06,4.44370696304694e-05
226,"ALDOA",1.51495614085792,5.70286059282485e-07,1.35408406186727e-05,2.15859094448415,0.00375055062008272,0.040035336205074,1.51495614085792,5.70286059282495e-07,1.33724642387928e-05
229,"ALDOB",-6.22693008336754,1.19253391939853e-12,9.62725618225027e-11,-7.7949262070112,4.30443810071565e-23,2.75973838976809e-20,-6.22693008336754,1.19253391939852e-12,9.45819696191195e-11
240,"ALOX5",2.82208993846039,1.31185363613474e-09,5.96154943785206e-08,3.83367281830573,3.93099692247868e-05,0.00096739467582702,2.82208993846039,1.3118536361348e-09,5.87631979269286e-08
249,"ALPL",-3.08365635042831,0.00013663953450958,0.00150500880546515,-5.22562831336384,1.30380645284357e-06,4.94355030389264e-05,-3.08365635042831,0.00013663953450959,0.00149054275387767
259,"AMBP",-3.33962914987789,2.58186696099308e-07,6.77922302131459e-06,-5.74601519557168,7.78202505682141e-08,4.08848327704433e-06,-3.33962914987789,2.58186696099302e-07,6.69860072053845e-06
285,"ANGPT2",1.6686707764865,2.48381168995518e-05,0.00035508157950984,4.36710619576149,1.45223939474797e-08,9.36080000637739e-07,1.6686707764865,2.48381168995532e-05,0.000351408531119282
287,"ANK2",-1.88284355804979,0.00046845947092071,0.00418808432311973,-4.95677777841298,4.40599516866419e-07,1.88367533243988e-05,-1.88284355804979,0.000468459470920717,0.00415268839344117
288,"ANK3",-1.31801193369251,0.00012785258299424,0.00142654377968543,-3.30882836323655,5.68757993234107e-06,0.00018018554269584,-1.31801193369251,0.000127852582994246,0.00141182340418625
313,"AOAH",1.35588040508716,0.00541807786099555,0.0304883050475572,3.06461989454183,0.0003862273408935,0.00652498387705064,1.35588040508716,0.00541807786099547,0.0302380636291737
316,"AOX1",-2.97389053567848,9.10945938637565e-10,4.28144591159655e-08,-2.55660324898219,0.00077628644904684,0.0116158791067643,-2.97389053567848,9.10945938637595e-10,4.22071618235419e-08
330,"BIRC3",2.67596139186493,0.00054544164908493,0.00475580761883206,2.70251736809797,0.00120328750504087,0.0165837954744901,2.67596139186493,0.000545441649084933,0.00471724807864795
341,"APOC1",4.98469694484327,2.72668974848438e-52,5.34587001545709e-49,6.8534676313,1.26299604022383e-17,4.23331012762223e-15,4.98469694484327,2.72668974848416e-52,5.25199398268741e-49
350,"APOH",-3.36234872594926,3.56342850642453e-09,1.42995593047282e-07,-4.93622411586019,9.48535929189636e-10,7.49835548928732e-08,-3.36234872594926,3.56342850642471e-09,1.40896500152857e-07
359,"AQP2",-11.3228801971902,1.10744433185778e-62,3.79964150260403e-59,-9.70176458788797,1.63804823115645e-34,5.4904100611902e-31,-11.3228801971902,1.10744433185712e-62,3.73291798160738e-59
364,"AQP7",-2.27602992635241,2.86977959895975e-10,1.49501266976553e-08,-6.17737350983027,4.51958577359222e-14,8.91102799760378e-12,-2.27602992635241,2.8697795989599e-10,1.47434416968259e-08
379,"ARL4D",-2.10233933919845,1.67282219443844e-06,3.50500943457605e-05,-2.54603337515495,0.00175508959857935,0.0225391161552424,-2.10233933919845,1.67282219443852e-06,3.45930393368321e-05
397,"ARHGDIB",1.32833895096447,0.00035214887182012,0.00330341156313013,2.30896514746834,0.00232923282668768,0.0278825806731849,1.32833895096447,0.000352148871820122,0.00327449878534531
443,"ASPA",-0.934859143701416,0.00014818270271239,0.00160398869955411,-2.69014929574863,0.00027809876231014,0.00497402044563049,-0.934859143701416,0.000148182702712402,0.00158833834793422
445,"ASS1",-3.96594170943976,7.68639775858921e-12,5.3547270476588e-10,-3.59936501395415,3.95791133195691e-07,1.71841025938513e-05,-3.96594170943976,7.68639775858959e-12,5.26069548117073e-10
476,"ATP1A1",-1.74483506821675,4.8367654201116e-14,5.02877035042512e-12,-2.54726752812381,0.00208018124190814,0.025614810751755,-1.74483506821675,4.83676542011245e-14,4.94046273934668e-12
498,"ATP5F1A",-0.799193918427063,0.00011425563685121,0.00129804996700832,-2.60836123997692,0.00044541276232912,0.00736160994464865,-0.799193918427063,0.000114255636851217,0.00128482798304
525,"ATP6V1B1",-4.6327095437626,2.66423475439521e-22,9.622094149821e-20,-7.41814922486778,7.56618952057113e-19,2.69791000372876e-16,-4.6327095437626,2.66423475439534e-22,9.45312557724011e-20
549,"AUH",-1.29326441142938,7.99362100273066e-05,0.00095811750778581,-2.67690967149576,0.00087981663516702,0.0129682031563449,-1.29326441142938,7.99362100273079e-05,0.000947915496744233
558,"AXL",1.53179706416983,3.80456307358949e-08,1.2236696146404e-06,3.39856446111246,1.18517653833536e-05,0.00034483287510351,1.53179706416983,3.8045630735896e-08,1.20500341334495e-06
613,"BCR",-0.829624775382818,0.00180818942727238,0.0126148369722282,-2.22049131522145,0.00446542712069154,0.0453277365933795,-0.829624775382818,0.00180818942727235,0.0125013033056761
635,"BHMT",-2.15715954849574,1.55652543779414e-05,0.0002381466567256,-2.88998563579167,0.00132101372888557,0.0179193878398554,-2.15715954849574,1.55652543779413e-05,0.000235804859300879
655,"BMP7",-4.03381768026243,1.97090460102009e-12,1.54563969967999e-10,-9.58418316168598,3.58410801817797e-08,2.06228612528916e-06,-4.03381768026243,1.97090460102014e-12,1.51849752774598e-10
670,"BPHL",-1.634027150238,1.08367786287807e-05,0.00017354019825132,-2.69446102016961,0.00139929687207261,0.0188630521829475,-1.634027150238,1.08367786287809e-05,0.000171694813456936
687,"KLF9",-0.79311220689176,0.0044857563291252,0.0262191311162327,-2.26047153458292,0.00196325148693443,0.0244443771690447,-0.79311220689176,0.00448575632912522,0.0260135279938045
712,"C1QA",1.70428081700694,8.88072167860506e-05,0.00105016834223221,3.57638994997753,7.70835839501533e-07,3.10539371014572e-05,1.70428081700694,8.88072167860493e-05,0.00103888544017236
713,"C1QB",2.2795691784516,1.16464458962458e-06,2.56147153012944e-05,4.39586956408479,2.60731757209029e-08,1.56057268538075e-06,2.2795691784516,1.16464458962456e-06,2.5286478263942e-05
714,"C1QC",2.25176319847031,4.34744885504783e-06,8.00864269619818e-05,3.84731978148903,8.71702820278843e-05,0.00192221941645436,2.25176319847031,4.34744885504794e-06,7.91047947538615e-05
718,"C3",3.48333075977856,6.03423398030948e-05,0.00075767453930253,6.58009704526958,1.20904783978243e-12,1.82544439161385e-10,3.48333075977856,6.03423398030953e-05,0.000749167373448558
730,"C7",-3.68954539519302,2.10336513027741e-09,9.02758162435682e-08,-4.40506422528392,1.98768238432223e-06,7.16377829652821e-05,-3.68954539519302,2.10336513027744e-09,8.8968556498018e-08
760,"CA2",-1.22149605888008,6.62431267034688e-05,0.00082050602064838,-3.23994374721474,0.0002922021998344,0.00518462700251885,-1.22149605888008,6.62431267034713e-05,0.000811222595225162
762,"CA4",-3.02601762948185,3.94754962523227e-08,1.2628478101792e-06,-5.55893057932905,5.1760336566814e-11,5.59646116466604e-09,-3.02601762948185,3.94754962523235e-08,1.24357036441607e-06
793,"CALB1",-7.53774309143486,4.08126785113616e-36,4.66760999908272e-33,-7.21156931922458,1.12963940004447e-20,5.56812550157215e-18,-7.53774309143486,4.08126785113579e-36,4.58564453640532e-33
825,"CAPN3",-1.13660032180581,0.00739385503244334,0.039088315279373,-4.01209057683509,4.64167876149096e-05,0.001117670896032,-1.13660032180581,0.00739385503244338,0.038745179713344
846,"CASR",-4.10428950574192,1.6046816700277e-11,1.04372754689385e-09,-6.10884157372679,1.37260004138561e-10,1.35314141726949e-08,-4.10428950574192,1.60468167002768e-11,1.02539919227409e-09
847,"CAT",-1.29467728728337,9.51030510277892e-06,0.00015575110648035,-2.33436665057225,0.00235749895802215,0.0281405448984994,-1.29467728728337,9.51030510277841e-06,0.000153934506243411
857,"CAV1",2.45163162059431,1.00425182334029e-11,6.82294654629811e-10,3.35617157772541,0.00010336310282606,0.00220670349077966,2.45163162059431,1.00425182334024e-11,6.70313234361209e-10
858,"CAV2",2.23905212677679,7.76835399833745e-24,3.67630656114425e-21,2.18827427073145,0.00303007488981702,0.0340355395968119,2.23905212677679,7.76835399833689e-24,3.61174886067504e-21
861,"RUNX1",1.74062461220994,4.58313080204209e-08,1.43277647214637e-06,4.70422689982433,2.05138176379389e-05,0.0005448352928593,1.74062461220994,4.58313080204195e-08,1.41082996812629e-06
866,"SERPINA6",-2.55018717833875,0.00220666248259458,0.0148218469803434,-2.83813958904315,0.00020909337447686,0.00391530264006458,-2.55018717833875,0.00220666248259458,0.0146981953228453
891,"CCNB1",1.21493114770912,8.30037523279492e-05,0.00098883984110136,2.52411559922366,0.00259043034843146,0.0302108714052629,1.21493114770912,8.30037523279447e-05,0.000978268874683285
914,"CD2",1.68142475173977,0.00221288858663396,0.014850700715386,3.19517393261043,0.00083886407226858,0.012461637492818,1.68142475173977,0.00221288858663404,0.0147267407766963
919,"CD247",1.95305966532503,3.63653712552787e-05,0.00049218772693041,2.95126362740749,0.00236439449330302,0.0281827079041717,1.95305966532503,3.63653712552801e-05,0.000486905958922484
942,"CD86",1.65067767770745,3.19093033016319e-05,0.00044201231988317,3.2749008844759,0.00068469664697886,0.0104411566030198,1.65067767770745,3.19093033016325e-05,0.000437339551743943
949,"SCARB1",1.79219904676784,4.99588617944333e-08,1.53729914633812e-06,3.66378691657722,2.8994838978338e-06,0.0001003976252971,1.79219904676784,4.99588617944308e-08,1.51369737881868e-06
957,"ENTPD5",-1.39113987056099,0.00021214790172418,0.00216953636606756,-2.92732311722783,6.71492916319806e-05,0.00155435770505575,-1.39113987056099,0.000212147901724173,0.00214744005926954
958,"CD40",0.990914793332409,0.00191841115692606,0.0132702997568817,2.53066904782784,0.00246999563709606,0.0291511668183752,0.990914793332409,0.00191841115692605,0.0131566315507802
960,"CD44",1.05370954239002,0.00500823607279156,0.0286030095143535,2.83015941608306,0.00016942425136862,0.00332579272886648,1.05370954239002,0.00500823607279174,0.0283722886426265
967,"CD63",1.15271005460416,0.00289630753228223,0.0184278741645996,2.06425029428576,0.00402746044692513,0.0421061819276471,1.15271005460416,0.00289630753228213,0.0182737082160786
1007,"CDH9",-1.25951913978126,0.00627644109975994,0.0342233384682718,-7.73157307528771,1.36756797729563e-05,0.00038769669931831,-1.25951913978126,0.00627644109975997,0.0339324301685437
1014,"CDH16",-1.25145853046101,0.00557870883209868,0.031249877555805,-4.39516540596295,3.41327937899565e-06,0.00011417794234049,-1.25145853046101,0.0055787088320986,0.0309920606440813
1028,"CDKN1C",-1.89120407882635,2.32808390122818e-05,0.00033738778733321,-3.22607678949004,5.44499893936084e-05,0.00128888046927611,-1.89120407882635,2.32808390122805e-05,0.000333931438726147
1029,"CDKN2A",3.66319432276334,1.20949709077996e-09,5.5701394485806e-08,6.44404699422266,2.17833796527688e-09,1.615343626552e-07,3.66319432276334,1.20949709077987e-09,5.49068864453833e-08
1056,"CEL",-2.68817833473236,6.71265841009432e-07,1.55353328870378e-05,-3.69814956321919,0.0009361034248136,0.0135593407920926,-2.68817833473236,6.71265841009429e-07,1.53401310751358e-05
1104,"RCC1",0.973767095739864,0.00733218193488268,0.0388071210467913,2.45827417652376,0.0031448990697025,0.0350201750891323,0.973767095739864,0.00733218193488273,0.038466851761877
1154,"CISH",-1.71264844673104,0.00020131628484432,0.00208047040150867,-2.84428632174156,0.00061858004030721,0.00964351897256621,-1.71264844673104,0.000201316284844329,0.00205944420983011
1184,"CLCN5",-1.80381389293257,1.73251885642601e-10,9.43535269269467e-09,-3.72430930980197,1.355765063118e-06,5.09445441542478e-05,-1.80381389293257,1.732518856426e-10,9.3065943191999e-09
1188,"CLCNKB",-5.60301419433501,1.09767567758906e-11,7.34853707279621e-10,-7.62683121658354,4.05443904785848e-19,1.5801940465828e-16,-5.60301419433501,1.09767567758906e-11,7.21949324923574e-10
1282,"COL4A1",1.78351901182484,4.32410449154663e-07,1.06161019753105e-05,3.57019214016914,1.2895066424776e-05,0.00037004866132332,1.78351901182484,4.32410449154685e-07,1.04859533920011e-05
1284,"COL4A2",1.17947244558591,1.55354615886095e-05,0.00023795611031481,2.67071986595768,0.00056391537822134,0.00894948657538967,1.17947244558591,1.55354615886112e-05,0.000235618254892289
1285,"COL4A3",-1.93873676804198,4.3770495382078e-07,1.06887238189259e-05,-3.32656009572688,0.00038573174630469,0.00652318701949585,-1.93873676804198,4.377049538208e-07,1.05573808450194e-05
1286,"COL4A4",-2.08500606675039,4.84806773448901e-16,7.23205234653556e-14,-2.3040748247299,0.00385138103282635,0.0408256133644129,-2.08500606675039,4.84806773448894e-16,7.10505405044721e-14
1290,"COL5A2",1.0584868936804,0.00507022109654089,0.0288370138122367,4.1923691569113,3.20169989704313e-06,0.00010839856277686,1.0584868936804,0.00507022109654104,0.0286032598513234
1292,"COL6A2",1.07914366648682,0.00904956450948483,0.0454783389322887,2.36462891885096,0.00386431314199438,0.0409368040118103,1.07914366648682,0.00904956450948511,0.0450925013534558
1295,"COL8A1",1.59325330350416,0.00041131213013322,0.00375572034194837,4.08712244211045,1.22181685667209e-07,6.11236677640824e-06,1.59325330350416,0.000411312130133221,0.00372196070509142
1298,"COL9A2",-3.07619417936148,6.12023178622784e-13,5.34994019326057e-11,-3.1291767185595,0.00059007495447201,0.00929423511465832,-3.07619417936148,6.1202317862274e-13,5.25599268622319e-11
1301,"COL11A1",-1.85849949079805,9.68116259681241e-06,0.0001581717565222,5.78853516562237,7.68497917148234e-05,0.00174044008020098,-1.85849949079805,9.68116259681209e-06,0.000156324688973434
1306,"COL15A1",1.23646727305825,0.00463363322033833,0.0269457552186116,3.39225931835648,3.48441989630146e-05,0.00086897906312672,1.23646727305825,0.00463363322033827,0.0267331094179807
1356,"CP",4.94377180546724,2.41030855258896e-07,6.39827361232706e-06,7.107775055219,2.35386009086701e-12,3.34307976803731e-10,4.94377180546724,2.41030855258889e-07,6.32260510010818e-06
1393,"CRHBP",-4.18812685050555,2.57056218307294e-12,1.93837337365346e-10,-4.27437519112315,2.01432463230904e-05,0.00053926623822471,-4.18812685050555,2.57056218307296e-12,1.90433461067982e-10
1404,"HAPLN1",1.35305936485876,0.00220153491840184,0.0148034616463238,8.63365504903763,5.30942637155083e-10,4.51678561222438e-08,1.35305936485876,0.00220153491840189,0.0146801658282951
1428,"CRYM",-2.64177285938613,2.26909289923207e-10,1.20235640729965e-08,-2.15515331669272,0.00371977655933945,0.0397574842844195,-2.64177285938613,2.26909289923201e-10,1.18582091319167e-08
1462,"VCAN",1.41720446739137,0.00079766608842174,0.0065084241364447,5.07741556860487,2.98156236859164e-07,1.34322590686095e-05,1.41720446739137,0.000797666088421777,0.00645166878835682
1464,"CSPG4",2.14851554877367,8.15328157061848e-11,4.62378662294083e-09,2.92387841507194,9.16908750539927e-05,0.00200091130893209,2.14851554877367,8.15328157061872e-11,4.56143964384449e-09
1468,"SLC25A10",-1.72418856290796,0.00307984658625248,0.0193711340741196,-2.9610131865138,0.00084213944629654,0.0124787046688628,-1.72418856290796,0.00307984658625249,0.0192070173554312
1475,"CSTA",2.60620359400722,2.91128893990165e-09,1.19624339554522e-07,4.19485594080313,7.40957352437561e-05,0.00168734509005979,2.60620359400722,2.91128893990154e-09,1.1787660293301e-07
1491,"CTH",-2.12230881844118,5.74415607310209e-12,4.08460092990949e-10,-2.97769974217556,0.00177343414475691,0.0226877731541841,-2.12230881844118,5.74415607310156e-12,4.01287338516209e-10
1512,"CTSH",-1.38578233802991,2.43893701638435e-06,4.84197006050902e-05,-2.5288760125913,0.00037441353146822,0.00638981300802037,-1.38578233802991,2.43893701638439e-06,4.7845993957154e-05
1515,"CTSV",-2.10912107079415,1.29818157774636e-05,0.00020329437478469,-5.30386815381803,1.70215119212558e-08,1.08465216079211e-06,-2.10912107079415,1.29818157774641e-05,0.000201100256828801
1521,"CTSW",1.88702307551693,0.00049016796437551,0.00434004202779967,3.11489084418495,0.00073992180745319,0.0111714861000973,1.88702307551693,0.000490167964375507,0.00430549489490226
1524,"CX3CR1",1.18873773723383,0.00695767792088406,0.0371485835774105,3.15537219456148,0.00113398125032159,0.0159566681562884,1.18873773723383,0.00695767792088387,0.036825676820097
1536,"CYBB",0.80570899441045,0.00132962138256742,0.00985298264274039,2.48308242696971,0.00426686482845897,0.0437529935781843,0.80570899441045,0.00132962138256744,0.00976431650389807
1576,"CYP3A4",-2.03379696314782,1.86118151718514e-06,3.84681553341098e-05,-4.51470732684931,5.6609360976702e-05,0.00133622011353317,-2.03379696314782,1.86118151718513e-06,3.80216824184956e-05
1579,"CYP4A11",-4.31412491880816,1.73560948634451e-11,1.12356153729208e-09,-7.77203891090331,3.17460859903845e-21,1.66260204722767e-18,-4.31412491880816,1.73560948634443e-11,1.10383125964066e-09
1594,"CYP27B1",-3.85694699680023,1.94255427857128e-10,1.04139120777782e-08,-6.29408430848138,2.15904945644519e-11,2.51274373892812e-09,-3.85694699680023,1.94255427857124e-10,1.02711605246965e-08
1602,"DACH1",-2.56455576194719,8.62633438674121e-19,1.90948085683284e-16,-3.13947901653148,0.00088304597106403,0.0129929476989133,-2.56455576194719,8.62633438674135e-19,1.87594946026506e-16
1610,"DAO",-4.85413693931914,2.17473845780313e-14,2.48717588290751e-12,-4.9772885363881,6.35543807335078e-09,4.29478978513249e-07,-4.85413693931914,2.17473845780301e-14,2.4434998855465e-12
1629,"DBT",-0.660033550111197,0.00171107632604642,0.0120796355445787,-3.27699467280661,8.061871860273e-05,0.00181354242290356,-0.660033550111197,0.00171107632604644,0.0119722065926747
1643,"DDB2",1.67031952858966,1.87350549462003e-09,8.16253632005247e-08,2.54443397526236,0.00100506901520881,0.0144335489510578,1.67031952858966,1.87350549462001e-09,8.04473712865018e-08
1644,"DDC",-3.74401199499725,2.74111684102237e-09,1.15395974006721e-07,-2.60500277994231,0.00025102035348527,0.00458262538568591,-3.74401199499725,2.74111684102224e-09,1.13718394976932e-07
1672,"DEFB1",-2.89877278670719,6.0826725853676e-07,1.43187990671672e-05,-2.93622679582403,0.00018252035305448,0.00352809526740493,-2.89877278670719,6.08267258536749e-07,1.41401162876741e-05
1733,"DIO1",-5.18117607666833,3.99851480698769e-10,2.00275975222989e-08,-8.19101141762695,1.74338520093672e-17,5.61872934278817e-15,-5.18117607666833,3.99851480698769e-10,1.97479762427161e-08
1738,"DLD",-1.13117644593392,0.00012774164255803,0.00142646566514761,-2.21609410104163,0.002633749101276,0.0305460215835879,-1.13117644593392,0.000127741642558032,0.00141175456279503
1757,"SARDH",-2.65485226654085,3.10380131310414e-10,1.60137478274591e-08,-2.35997357629774,0.00180237124699261,0.0229528417388671,-2.65485226654085,3.1038013131038e-10,1.57919068319164e-08
1773,"DNASE1",-1.68177233008581,5.55204880085083e-12,3.98933600748046e-10,-4.52432037533839,4.54580572665302e-07,1.92868754868298e-05,-1.68177233008581,5.55204880085117e-12,3.91928136030766e-10
1776,"DNASE1L3",-2.16573791298686,2.77006109880883e-09,1.16257854801383e-07,-2.9847639709425,0.00015318729019768,0.00304539240382316,-2.16573791298686,2.77006109880907e-09,1.14566668083566e-07
1794,"DOCK2",1.64112159561066,8.15161437347101e-06,0.0001367637599774,3.39183576313008,0.00040770988238982,0.00680819289411894,1.64112159561066,8.15161437347138e-06,0.000135188458299526
1800,"DPEP1",-4.61541432359371,1.9679708289685e-07,5.36946951426713e-06,-7.32773012056854,1.54689640690251e-20,7.20123246757755e-18,-4.61541432359371,1.96797082896857e-07,5.29623766207251e-06
1804,"DPP6",-1.92760432751936,2.54258491385547e-05,0.0003619754705161,-5.39442306551475,3.29401513285148e-05,0.00082641316783619,-1.92760432751936,2.5425849138555e-05,0.000358220192199726
1852,"DUSP9",-7.74353107754144,2.0570448415622e-47,3.52886042569995e-44,-5.01375131185894,1.30774112946552e-09,9.96201526759668e-08,-7.74353107754144,2.0570448415623e-47,3.46689194984807e-44
1890,"TYMP",1.69844029493375,7.62596518028416e-06,0.00012920832856076,2.91243174164618,8.35478610838882e-05,0.00186193963285224,1.69844029493375,7.62596518028438e-06,0.00012772781183326
1892,"ECHS1",-1.87150148342612,2.38274556792444e-12,1.81671112078861e-10,-2.36835013377955,0.00201216298837192,0.0249053467667097,-1.87150148342612,2.3827455679242e-12,1.784808805129e-10
1950,"EGF",-4.17936130810008,7.46602930689592e-15,9.31488965525815e-13,-6.70039808969136,7.70440808577709e-15,1.63440727986757e-12,-4.17936130810008,7.46602930689555e-15,9.15131574044298e-13
2016,"EMX1",-2.4473904028466,7.74000861667305e-09,2.95066328486725e-07,-3.26701459853503,0.00012797143546659,0.00261871953102724,-2.4473904028466,7.74000861667337e-09,2.90692301333167e-07
2026,"ENO2",3.99152973161532,1.55020529659132e-14,1.8183775632837e-12,5.44036065365596,5.36904802551447e-11,5.73120228405077e-09,3.99152973161532,1.55020529659115e-14,1.7864459840973e-12
2042,"EPHA3",1.60480090212151,7.88370077808313e-05,0.00095075491633051,3.60107069748478,0.00178789576785536,0.0228242724219411,1.60480090212151,7.8837007780832e-05,0.000939840297001731
2052,"EPHX1",-1.71021629618276,0.00022494543802794,0.00227666017071937,-2.63407688584456,0.0019735937817859,0.0245366900511498,-1.71021629618276,0.000224945438027945,0.00225497348768088
2066,"ERBB4",-3.47962683439454,4.8272929707513e-16,7.23205234653556e-14,-6.83501976770127,5.77111535318252e-10,4.78813477865733e-08,-3.47962683439454,4.82729297075102e-16,7.10505405044721e-14
2103,"ESRRB",-3.99255545092073,2.34994519226516e-30,2.15004318790981e-27,-5.29323550981883,6.09676305907827e-07,2.52268055471571e-05,-3.99255545092073,2.34994519226531e-30,2.11228740182088e-27
2104,"ESRRG",-1.8597433695614,1.46721400925904e-06,3.13157777030654e-05,-3.34240179817202,3.673696565247e-05,0.00091076154936352,-1.8597433695614,1.46721400925909e-06,3.0910072635688e-05
2121,"EVC",-1.0230286936586,0.00048243253779971,0.00428269089369693,-2.23213719947874,0.00474505605477417,0.0472253468504652,-1.0230286936586,0.000482432537799717,0.00424870770234913
2122,"MECOM",-2.28084289599631,1.46880769852477e-14,1.73775145297879e-12,-2.21886071902841,0.00376042963135204,0.0400897202238097,-2.28084289599631,1.46880769852483e-14,1.70723570682847e-12
2160,"F11",-3.8050718168475,6.97564060176941e-18,1.36762416598119e-15,-5.75551544981537,1.1794655392047e-11,1.4751241023531e-09,-3.8050718168475,6.97564060176995e-18,1.34360803190949e-15
2168,"FABP1",-5.84460739606979,4.29658676308423e-15,5.5108744613615e-13,-7.88047714705092,1.17503324482314e-24,1.036441165789e-21,-5.84460739606979,4.29658676308426e-15,5.41410087165095e-13
2171,"FABP5",2.00604999218048,0.00044018279848297,0.00397438731998707,3.65929873147479,1.6789134697436e-06,6.1703751840862e-05,2.00604999218048,0.000440182798482963,0.00393827781814585
2180,"ACSL1",-1.01649200567683,0.00411868676912261,0.0245135648969309,-2.54089177127473,0.00048641464637277,0.00787615754450363,-1.01649200567683,0.00411868676912247,0.0243150687494944
2200,"FBN1",1.06095073762332,0.00138624822738099,0.0101901414813478,3.29503806895466,0.00011158206083822,0.00235516846043799,1.06095073762332,0.00138624822738106,0.01009773428127
2203,"FBP1",-5.41368107639691,9.3380598429767e-13,7.81436178567148e-11,-4.48549167754265,6.7418958617152e-10,5.51158208519439e-08,-5.41368107639691,9.33805984297718e-13,7.67713785749154e-11
2207,"FCER1G",1.13913495577694,0.00442223613662562,0.0259251468342803,3.18636833102638,0.00019036198785821,0.00364603034801811,1.13913495577694,0.00442223613662556,0.0257226099353418
2209,"FCGR1A",2.08700980502089,2.65549811574101e-07,6.90228335992985e-06,4.58480699957371,2.52587152962082e-08,1.52819786876951e-06,2.08700980502089,2.65549811574091e-07,6.81982497038755e-06
2213,"FCGR2B",1.5148981118531,6.63749875824966e-05,0.00082065795457854,3.46684848520702,0.00384094642278498,0.0407708061056627,1.5148981118531,6.63749875824949e-05,0.000811363515480307
2214,"FCGR3A",3.670379000699,2.84168079072274e-17,4.93661103441505e-15,3.70536760086347,1.68545858751972e-05,0.00046381938371499,3.670379000699,2.84168079072296e-17,4.84992178497692e-15
2235,"FECH",-1.47298515188198,1.78097823647999e-09,7.8286117176622e-08,-2.89916086258334,0.00014329030820806,0.00288316534952334,-1.47298515188198,1.78097823647994e-09,7.71578863576822e-08
2246,"FGF1",-3.28546008417921,4.58636853218953e-09,1.80871614183244e-07,-3.50074631065614,5.62217032530246e-05,0.00132894150185817,-3.28546008417921,4.58636853218975e-09,1.78207512736353e-07
2254,"FGF9",-4.4806186880361,1.99880125545759e-26,1.24688856499545e-23,-6.90991673520749,4.79039939051921e-08,2.66718615899373e-06,-4.4806186880361,1.99880125545724e-26,1.22499260578773e-23
2256,"FGF11",1.96428479838877,0.00014571682358463,0.00158589824494486,3.98000358044684,6.82527948248013e-06,0.00021104217499425,1.96428479838877,0.000145716823584628,0.00157050354307877
2261,"FGFR3",-1.87344092653395,5.35647772750502e-06,9.58439378517326e-05,-2.4472701165877,0.00162649979202465,0.0211634394522834,-1.87344092653395,5.35647772750536e-06,9.46545074704519e-05
2273,"FHL1",1.65009307424246,3.24557988161483e-05,0.00044811205528452,3.71410384766999,3.06870632631876e-06,0.00010517065301181,1.65009307424246,3.24557988161469e-05,0.000443365284131823
2299,"FOXI1",-5.90329186235142,7.07929760158148e-14,7.14384413853708e-12,-9.56849104130282,3.40350521889609e-10,3.03400765763189e-08,-5.90329186235142,7.07929760158196e-14,7.01839482074482e-12
2326,"FMO1",-2.44556142303148,1.13786258308938e-05,0.00018032362690899,-3.54565251491918,1.16526163068274e-06,4.48933785485336e-05,-2.44556142303148,1.13786258308938e-05,0.000178393037299931
2329,"FMO4",-1.8904735221843,1.80591208977559e-12,1.42438721379771e-10,-3.12695592307807,7.45387950528772e-05,0.00169497376701651,-1.8904735221843,1.80591208977568e-12,1.39937429347388e-10
2330,"FMO5",-1.27433657911307,2.31091636067677e-09,9.78858522652099e-08,-3.75831187855409,2.40705093543957e-06,8.49258244779616e-05,-1.27433657911307,2.31091636067657e-09,9.646466034366e-08
2335,"FN1",2.1564212708765,2.54694302639554e-08,8.7167695995642e-07,5.22527940097605,3.01441139604522e-07,1.3543839299282e-05,2.1564212708765,2.54694302639547e-08,8.58510820622252e-07
2359,"FPR3",1.6689589994987,2.12536709614651e-05,0.00031129709741211,4.07100355866818,0.00047221380473212,0.00769079801118135,1.6689589994987,2.12536709614654e-05,0.000308132522121976
2525,"FUT3",-4.41315979444531,3.80099876538561e-08,1.2236696146404e-06,-4.99503746599613,1.30424751439029e-08,8.43933748790228e-07,-4.41315979444531,3.80099876538567e-08,1.20500341334495e-06
2538,"G6PC1",-3.00403621067604,3.89689015576069e-08,1.24955421723504e-06,-9.56199323108161,1.73117876828299e-26,1.81330156110342e-23,-3.00403621067604,3.89689015576051e-08,1.23048641616204e-06
2555,"GABRA2",-2.29867605122666,3.73151775076132e-07,9.37936806070482e-06,-4.48180507768039,0.00021636347412376,0.00401743159397522,-2.29867605122666,3.73151775076111e-07,9.26557160838159e-06
2561,"GABRB2",-1.70766286734825,2.010142186125e-05,0.00029663646626214,-4.26045229453216,0.00195125609861166,0.0243311763070184,-1.70766286734825,2.01014218612502e-05,0.000293637563331784
2562,"GABRB3",-1.60915672186299,0.00490476973913691,0.0280999719317417,-3.6399642628735,0.00017227155568207,0.00336338249981753,-1.60915672186299,0.00490476973913681,0.0278740956979278
2564,"GABRE",1.52092028111473,0.00166927067458326,0.0118676535627741,5.11178247968726,3.23124278499921e-08,1.89344048369936e-06,1.52092028111473,0.00166927067458322,0.011762754390763
2597,"GAPDH",1.56986125171868,8.37638426069279e-11,4.7307612178497e-09,3.21192312406566,6.06064030550741e-06,0.00019020649977527,1.56986125171868,8.37638426069308e-11,4.66689210689772e-09
2625,"GATA3",-3.24750157397505,3.28362519120164e-16,5.3648181100061e-14,-3.29673409745739,6.48822496938167e-05,0.00150604102855772,-3.24750157397505,3.28362519120159e-16,5.27060933963941e-14
2628,"GATM",-3.12972343096654,2.09607155833036e-09,9.02758162435682e-08,-5.3012320488698,1.27295157928525e-12,1.88791110772048e-10,-3.12972343096654,2.09607155833029e-09,8.8968556498018e-08
2634,"GBP2",1.9968786506305,2.99121158832293e-09,1.22176749518285e-07,2.13385059304321,0.00416998629828277,0.0430523433044667,1.9968786506305,2.99121158832274e-09,1.20389569687628e-07
2639,"GCDH",-1.34254103291443,9.21140310890388e-05,0.00108512700658023,-2.24223276826509,0.00237191773000061,0.0282322224695172,-1.34254103291443,9.21140310890428e-05,0.00107344293964872
2642,"GCGR",-5.45915378009604,2.23081335841985e-09,9.53759580403553e-08,-9.67813710835518,4.93005695434715e-12,6.66313100789548e-10,-5.45915378009604,2.23081335841985e-09,9.39939265986715e-08
2653,"GCSH",-1.08437054676288,0.00593427540361226,0.0327734388890039,-2.8742148005307,0.00041145677722174,0.00686129764125296,-1.08437054676288,0.00593427540361251,0.0324987145681996
2697,"GJA1",1.8309045926582,9.48202022966652e-07,2.10909636356472e-05,3.05274954809697,4.61828613562076e-05,0.00111363823520674,1.8309045926582,9.48202022966575e-07,2.08218369310396e-05
2701,"GJA4",1.66143764438627,0.00027057104873033,0.00265996924983888,2.13568147999276,0.00430289994260048,0.0439977426101534,1.66143764438627,0.000270571048730318,0.00263401404334359
2710,"GK",-2.1218055624219,1.18521639940851e-08,4.31456495105635e-07,-3.94015110492999,9.84289281745019e-08,5.02917807096487e-06,-2.1218055624219,1.18521639940854e-08,4.25007253011313e-07
2719,"GPC3",-3.79605778552377,1.12595757264814e-14,1.37970015419849e-12,-3.7185445479578,5.04568145350909e-07,2.11931266865561e-05,-3.79605778552377,1.12595757264819e-14,1.35547196000139e-12
2744,"GLS",-0.938889376857338,0.00026906924612481,0.00264710131456417,-3.06935614341841,1.95572853458807e-05,0.00052610039343758,-0.938889376857338,0.000269069246124828,0.00262128659357012
2760,"GM2A",1.36011569761207,8.00810895080279e-08,2.36860532846589e-06,2.6763934675285,0.00024104392864092,0.00442459496176707,1.36011569761207,8.0081089508024e-08,2.33203742945289e-06
2813,"GP2",-2.87606780047821,2.09659383230964e-08,7.35899073008119e-07,-10.2161624151333,8.90628310311864e-10,7.10763802500787e-08,-2.87606780047821,2.09659383230972e-08,7.2483011900082e-07
2819,"GPD1",-3.41126275199795,1.07450879029811e-05,0.00017247437003568,-2.57116649229322,0.00062323681089023,0.00968907765650222,-3.41126275199795,1.07450879029807e-05,0.000170643133328491
2875,"GPT",-2.39628907777136,9.80305901976845e-05,0.00114053130147697,-2.73557243220741,0.00020901665947841,0.00391530264006458,-2.39628907777136,9.80305901976883e-05,0.00112815151147861
2878,"GPX3",-1.86031746454723,0.00045310998796863,0.00406968682911098,-2.91778966877185,6.10076116590404e-05,0.00142797006116461,-1.86031746454723,0.000453109987968638,0.00403252935167073
2947,"GSTM3",-2.03974411239593,2.61497442063185e-15,3.51842244595603e-13,-2.1043282807251,0.00432918649031406,0.0442395343848618,-2.03974411239593,2.61497442063117e-15,3.45663726601668e-13
3001,"GZMA",1.4971367351651,0.00339637538433155,0.0209303348785659,3.10782059344321,0.00084096655622742,0.0124723526688632,1.4971367351651,0.00339637538433158,0.020767949799067
3003,"GZMK",2.55251048411098,1.41614925680069e-05,0.00021911197745583,3.35018841232468,0.00334731237562055,0.0367371369371479,2.55251048411098,1.41614925680066e-05,0.000216730311344419
3055,"HCK",1.48519820205646,0.00023178630275525,0.0023372778978788,3.06844384183186,0.00127514295230554,0.0173740819005598,1.48519820205646,0.000231786302755259,0.00231494423707345
3099,"HK2",4.7209103241941,4.93283878542238e-20,1.32741724492425e-17,3.99096279311566,6.11139271564281e-07,2.52268055471571e-05,4.7209103241941,4.93283878542246e-20,1.30410716360492e-17
3142,"HLX",1.76996087315866,7.00990026109446e-07,1.60876038767994e-05,3.51851589159733,5.17586263515507e-05,0.00123740773042174,1.76996087315866,7.00990026109513e-07,1.58847874319909e-05
3155,"HMGCL",-0.588276406378415,0.00501680919619565,0.0286100192577937,-2.43581028262703,0.00274952835855163,0.0314898918320283,-0.588276406378415,0.00501680919619554,0.0283787860912581
3158,"HMGCS2",-2.28238545569834,0.00021750943503722,0.00221282393361815,-6.51142778824455,2.85528361867531e-08,1.69686872926878e-06,-2.28238545569834,0.000217509435037226,0.00219020142838455
3162,"HMOX1",1.32798691201624,0.00498657673670834,0.0285207235239242,2.49448743769657,0.00105530499508635,0.0150134604521665,1.32798691201624,0.00498657673670823,0.0282910081475017
3234,"HOXD8",-1.71193108403313,9.05864695016251e-09,3.37828453108778e-07,-2.38086760974988,0.0023635810285859,0.0281827079041717,-1.71193108403313,9.05864695016194e-09,3.32800372831154e-07
3242,"HPD",-5.79251544733566,2.75032246111521e-19,6.62200446602548e-17,-6.37130722385199,4.08659636233146e-17,1.24522306247842e-14,-5.79251544733566,2.75032246111513e-19,6.50571890231846e-17
3248,"HPGD",-2.07765544571323,7.60967786894596e-05,0.00092175833251027,-3.09842400693489,0.00026696634348562,0.00480849288594979,-2.07765544571323,7.60967786894593e-05,0.000911201480523961
3269,"HRH1",1.19543354821104,0.00012284674431623,0.00138192517950489,3.00842480843459,0.00149497253217305,0.0198370899973778,1.19543354821104,0.000122846744316224,0.00136774785599971
3273,"HRG",-3.57171254637774,2.36843008496378e-12,1.81588460815883e-10,-6.81824799844653,2.22250585856405e-15,5.0333750923885e-13,-3.57171254637774,2.36843008496393e-12,1.78399680645635e-10
3274,"HRH2",2.1572884605711,3.74118256289584e-07,9.38646974281216e-06,2.88850830354053,0.00035409732186295,0.00611785259494978,2.1572884605711,3.74118256289621e-07,9.27249347344294e-06
3291,"HSD11B2",-3.3701850124966,4.47118259765985e-13,4.09083399801892e-11,-4.04326412669243,1.60311880400041e-07,7.76493295845172e-06,-3.3701850124966,4.47118259765982e-13,4.01899699761649e-11
3306,"HSPA2",-3.55722063817382,1.19745383548224e-23,5.3012440123091e-21,-2.77159902315522,0.00019614672796294,0.00372701021987636,-3.55722063817382,1.19745383548204e-23,5.20815163348528e-21
3339,"HSPG2",1.19169593865573,0.00176720557159415,0.0123866850176497,2.24300836169114,0.00348526444569483,0.0378545345725208,1.19169593865573,0.00176720557159414,0.01227575101587
3373,"HYAL1",-1.45472618094277,0.00050664256019759,0.00447148713578896,-2.64654484904272,0.00074392100566557,0.0111952904195033,-1.45472618094277,0.000506642560197611,0.00443575431113272
3428,"IFI16",1.22935607226087,1.60482113502143e-06,3.39037617032378e-05,2.55723877473452,0.00329156208804255,0.0362677771423439,1.22935607226087,1.60482113502121e-06,3.34628393156737e-05
3486,"IGFBP3",2.95032220213205,6.02530259698537e-07,1.420811904485e-05,4.95151386364603,3.93453570989907e-12,5.36088487497549e-10,2.95032220213205,6.0253025969854e-07,1.40309421269696e-05
3561,"IL2RG",1.61490506714958,0.0023315740103139,0.0154956521634615,2.57160385456066,0.00405593152702378,0.0422457156379064,1.61490506714958,0.00233157401031387,0.0153649131872248
3625,"INHBB",3.6207379208923,4.1897334469336e-11,2.5330353227188e-09,6.74778842826108,1.50090672847322e-14,3.10539455092378e-12,3.6207379208923,4.18973344693347e-11,2.48855401167419e-09
3669,"ISG20",1.58147923147482,0.00035831345295392,0.00334523389682973,2.85081774424265,0.00057778172571656,0.00913722073067248,1.58147923147482,0.000358313452953937,0.00331581351144676
3683,"ITGAL",1.18122573672327,0.00058666853952041,0.00505582557207371,2.58166904978777,0.00285501719473197,0.032416824638559,1.18122573672327,0.000586668539520397,0.00501425809466623
3758,"KCNJ1",-7.09689121582151,2.96586192687904e-42,4.52260989827644e-39,-9.2380699728875,6.30558936149078e-19,2.29729069802661e-16,-7.09689121582151,2.96586192687846e-42,4.44319070667804e-39
3766,"KCNJ10",-4.56015307702509,1.13260126114651e-36,1.41307451890679e-33,-8.40905983596317,1.16791579210515e-20,5.59231450282577e-18,-4.56015307702509,1.13260126114613e-36,1.38826025491211e-33
3772,"KCNJ15",-2.75260659775376,2.08218205661808e-14,2.40133332311147e-12,-2.92941278516917,4.6996697472265e-05,0.00113001097982452,-2.75260659775376,2.08218205661837e-14,2.35916476213323e-12
3778,"KCNMA1",1.97107761449571,1.04817911598985e-05,0.00016903889762449,3.57430873504986,4.14066989594879e-06,0.00013466678260042,1.97107761449571,1.04817911598979e-05,0.000167249692554915
3786,"KCNQ3",1.10997940186636,0.00804991858942749,0.0415015337044714,3.72390710798802,0.00062572206171231,0.00970970002984885,1.10997940186636,0.00804991858942737,0.0411280986514775
3816,"KLK1",-5.83976006898914,6.78890780149175e-12,4.77799849577809e-10,-6.83838864879981,2.49035127904463e-15,5.4992620971008e-13,-5.83976006898914,6.78890780149167e-12,4.69409455833396e-10
3827,"KNG1",-9.97168941800945,1.77664445400796e-69,8.12755616226843e-66,-8.77508802317192,1.38218039542686e-31,2.57377347188431e-28,-9.97168941800945,1.77664445400841e-69,7.98483239113179e-66
3855,"KRT7",-1.47736523600565,0.00719399225373098,0.0382083396633916,-3.82548682268847,8.48092801326465e-06,0.00025563286434227,-1.47736523600565,0.00719399225373083,0.037874501193695
3897,"L1CAM",-2.92669559018805,3.52798149204678e-06,6.67834730991035e-05,-4.1196486350327,3.82712254203434e-05,0.0009432168629699,-2.92669559018805,3.52798149204669e-06,6.59747218547372e-05
3903,"LAIR1",1.57910633639777,0.00014852676434613,0.00160466504609756,3.00672520004652,0.00414814791788577,0.0429658905783978,1.57910633639777,0.000148526764346135,0.00158898823525876
3910,"LAMA4",1.04439144169356,5.80565582344312e-05,0.00073570471395136,4.54082513354212,5.58163045104418e-10,4.67712723645247e-08,1.04439144169356,5.80565582344283e-05,0.000727487522931967
3939,"LDHA",1.87480476904999,1.27737296437691e-09,5.82414171531852e-08,3.24185320666031,7.05206525013345e-06,0.00021566708307844,1.87480476904999,1.27737296437681e-09,5.74093989289753e-08
3956,"LGALS1",1.73972195543387,3.92633085869227e-06,7.32132672618108e-05,3.78376830938329,1.1738878757998e-07,5.90786393709575e-06,1.73972195543387,3.92633085869257e-06,7.232065432753e-05
3958,"LGALS3",1.46955905206712,6.97417768739759e-07,1.60593313056786e-05,2.10591988556028,0.00425556457215939,0.0436736109398771,1.46955905206712,6.97417768739778e-07,1.58571395883953e-05
3975,"LHX1",-5.5399662967946,1.99035058815087e-22,7.58765874216182e-20,-9.3347132708663,1.21013735863047e-05,0.00035087702410533,-5.5399662967946,1.99035058815073e-22,7.45441582778787e-20
3976,"LIF",1.44991723280737,0.00112277732455825,0.00862198920566925,4.97038703471894,1.26625214394266e-07,6.27843777524707e-06,1.44991723280737,0.00112277732455826,0.00854702363486772
4015,"LOX",1.6890034943506,0.00035869998334539,0.00334656599009665,3.26483189454028,0.00089869413042839,0.0131817587880575,1.6890034943506,0.000358699983345395,0.00331711376916733
4017,"LOXL2",1.99579596318953,1.0245064920851e-06,2.26779469312515e-05,4.22595487642788,5.77289738893004e-08,3.18249958358811e-06,1.99579596318953,1.02450649208512e-06,2.23880405717726e-05
4036,"LRP2",-1.33135980983593,0.00899533519146704,0.0453034789606215,-2.72809019821023,0.0002000971406895,0.00378210108176838,-1.33135980983593,0.00899533519146727,0.0449200386616864
4051,"CYP4F3",-3.19020680925063,2.75918775285745e-14,3.02936741761725e-12,-3.46891034923946,1.66600996190535e-05,0.00045922139722979,-3.19020680925063,2.7591877528575e-14,2.97617027774222e-12
4069,"LYZ",2.39470773463832,4.03099814043706e-06,7.47586736207543e-05,4.08815747689764,6.56367321122207e-06,0.00020370481360531,2.39470773463832,4.03099814043706e-06,7.38450379449903e-05
4072,"EPCAM",-1.64315286337671,9.41460257961531e-06,0.00015492326834849,-2.55668636776614,0.00081419336784778,0.0121397390140223,-1.64315286337671,9.41460257961543e-06,0.000153120731701996
4082,"MARCKS",0.971627619936769,0.00146796176517772,0.0106650647248804,2.75476749453702,0.0002232610914405,0.00412983734155791,0.971627619936769,0.00146796176517773,0.0105672869620349
4118,"MAL",-3.5320517199429,1.17432259600144e-17,2.17789233885456e-15,-6.66555787517523,3.47841611208593e-16,9.1712205585953e-14,-3.5320517199429,1.17432259600155e-17,2.13964750836336e-15
4131,"MAP1B",2.02685794244912,1.00742373116949e-12,8.31968371842621e-11,2.28678478049603,0.00359241577487919,0.0386767307843594,2.02685794244912,1.00742373116959e-12,8.17358609556537e-11
4162,"MCAM",1.97847966554118,3.06874203828751e-08,1.03143377673259e-06,2.90445825943088,0.00071036738928052,0.0107640570316025,1.97847966554118,3.06874203828742e-08,1.01580493724665e-06
4193,"MDM2",1.40127863024601,1.78545283272243e-09,7.8286117176622e-08,3.13239296631599,1.94632123914688e-05,0.0005244115377309,1.40127863024601,1.78545283272245e-09,7.71578863576822e-08
4306,"NR3C2",-1.43175800532343,2.76226376574124e-07,7.15269960774204e-06,-3.42381694663335,0.00017910373582837,0.00347749815938976,-1.43175800532343,2.76226376574123e-07,7.0670972207759e-06
4311,"MME",-2.02501739290169,1.15729468147049e-05,0.00018298055539747,-3.63861716125001,0.0002470132431806,0.00451931762277704,-2.02501739290169,1.15729468147048e-05,0.000181018610095898
4329,"ALDH6A1",-3.67799303924786,1.17425006906627e-17,2.17789233885456e-15,-5.74923073330969,1.27841212875527e-15,3.01759279800135e-13,-3.67799303924786,1.17425006906615e-17,2.13964750836336e-15
4481,"MSR1",2.00898339580675,4.71525642344166e-08,1.46465662775242e-06,2.42824801581745,0.00198821075214935,0.0246635262733316,2.00898339580675,4.71525642344163e-08,1.44219945195868e-06
4482,"MSRA",-1.65493507535194,1.83669842850743e-05,0.00027570703904044,-3.57729814797895,1.5864018678781e-06,5.85933668373171e-05,-1.65493507535194,1.83669842850749e-05,0.000272951364521342
4494,"MT1F",-2.51690524211409,3.58093460607916e-10,1.81345928169116e-08,-5.94533590663927,3.68841816377072e-10,3.27059259294357e-08,-2.51690524211409,3.58093460607916e-10,1.78821264050983e-08
4495,"MT1G",-4.28187860895835,2.38377908197104e-11,1.47364793337705e-09,-9.10546888064754,5.04471541197938e-16,1.26185650133377e-13,-4.28187860895835,2.38377908197107e-11,1.44776997127099e-09
4515,"MTCP1",1.96544813918852,4.71712495968062e-08,1.46465662775242e-06,2.4473496332347,0.00186493247798711,0.0234818958667062,1.96544813918852,4.7171249596809e-08,1.44219945195868e-06
4519,"MT-CYB",-2.29791975409944,1.10152750117392e-07,3.1893171785044e-06,-2.39067854219981,0.00464084192079299,0.0464888641665091,-2.29791975409944,1.10152750117397e-07,3.13993558104198e-06
4521,"NUDT1",1.27319522642249,2.96909385780994e-05,0.00041452537237623,2.9160721880878,0.00013576746476483,0.00274135776143847,1.27319522642249,2.96909385781016e-05,0.000410166931197279
4535,"MT-ND1",-1.39142192595949,0.00035730313912591,0.00334034624071118,-2.10701366973043,0.00466575624449261,0.0466763681340547,-1.39142192595949,0.000357303139125896,0.0033110090892333
4584,"MUC3A",1.30057808509201,0.00476970557777321,0.027585098756578,5.16230773193402,1.15771341194584e-08,7.57895276203136e-07,1.30057808509201,0.0047697055777731,0.0273659320447296
4594,"MMUT",-1.1968427379249,8.93997923113318e-05,0.00105587155738444,-2.1668067228804,0.00343632954963959,0.0374687357985751,-1.1968427379249,8.93997923113344e-05,0.00104452114361674
4634,"MYL3",-3.01967889173956,1.77038135836588e-09,7.8124481550525e-08,-5.30351324636757,2.14465392150413e-10,2.04217358355044e-08,-3.01967889173956,1.77038135836581e-09,7.70001672736974e-08
4648,"MYO7B",-1.67770043008502,0.00424120964661906,0.0251214334010358,-2.66117687898024,0.00060059173180593,0.00941563782351323,-1.67770043008502,0.00424120964661909,0.0249168756711831
4719,"NDUFS1",-0.962398312465249,3.97512275640314e-06,7.39222015025429e-05,-3.25888140528244,8.37196345721724e-06,0.00025325945050451,-0.962398312465249,3.97512275640338e-06,7.30198639299547e-05
4745,"NELL1",-5.21384178941531,6.85270015651518e-27,4.70232284740072e-24,-10.117441012754,2.17446272312666e-09,1.615343626552e-07,-5.21384178941531,6.85270015651478e-27,4.61974781051444e-24
4794,"NFKBIE",1.05833133194915,0.00059593316947647,0.00510842399618687,2.93228116776059,0.00021744571157972,0.00402671014404931,1.05833133194915,0.000595933169476503,0.00506618343256727
4803,"NGF",1.44060111434748,0.00366308428607756,0.0222837627403052,3.19775114966938,0.00350365141826315,0.0379558462305573,1.44060111434748,0.00366308428607755,0.0221080418214788
4828,"NMB",2.08189743939932,2.09495088066054e-07,5.68203673640024e-06,3.03001106109553,6.92276466354822e-05,0.0015951500281109,2.08189743939932,2.09495088066044e-07,5.60440927062394e-06
4837,"NNMT",3.41645420191114,9.88678356267107e-06,0.00016133914103935,7.18878203971384,9.12518703066473e-17,2.59201710926966e-14,3.41645420191114,9.88678356267103e-06,0.000159453950688389
4842,"NOS1",-1.52086355755619,0.00263308090012955,0.0171343775596861,-5.26304921130271,3.02125380929278e-06,0.00010396959464052,-1.52086355755619,0.00263308090012947,0.0169865214241366
4854,"NOTCH3",1.36634053423565,0.00027446514429413,0.00269054260020907,2.43545598378074,0.00218938270617356,0.0265114629861002,1.36634053423565,0.000274465144294145,0.00266422861088405
4883,"NPR3",-1.62850973847979,0.00083765793564292,0.00678231121460972,-4.91028822377745,3.44569826982639e-07,1.52411658969985e-05,-1.62850973847979,0.000837657935642941,0.00672270353944868
4886,"NPY1R",-1.05195153292714,0.00379497449194416,0.0229740758391891,-3.63335553761326,1.91823772622021e-05,0.00051767707010828,-1.05195153292714,0.00379497449194416,0.0227918223050704
4915,"NTRK2",-1.21176635340142,0.00975990055611981,0.0482963292716939,-3.49740069947886,2.34110898547552e-05,0.00061113154965084,-1.21176635340142,0.00975990055611981,0.0478797270335622
5019,"OXCT1",-1.35179326097483,6.05686236650921e-06,0.00010602599377292,-2.84836641883792,0.00037071782108735,0.00634476689933682,-1.35179326097483,6.05686236650911e-06,0.000104832702551531
5037,"PEBP1",-1.24574746455201,4.50108568714055e-08,1.41680963234672e-06,-2.31072036331202,0.00435991022653702,0.0444450945781837,-1.24574746455201,4.50108568714028e-08,1.39512961654511e-06
5046,"PCSK6",3.66206056274698,1.04220205036411e-12,8.51379817809344e-11,4.87940548817099,2.31917896214889e-10,2.18354608014905e-08,3.66206056274698,1.04220205036408e-12,8.36429181253504e-11
5053,"PAH",-5.04977177523233,5.6391328246908e-11,3.32152184060328e-09,-9.08748239958643,1.74665291016951e-31,2.92721561215308e-28,-5.04977177523233,5.63913282469103e-11,3.26319432941241e-09
5064,"PALM",-1.95738600930125,9.55975298938703e-05,0.00111848294992624,-2.90678288477763,7.41026306034969e-05,0.00168734509005979,-1.95738600930125,9.559752989387e-05,0.00110638754983609
5069,"PAPPA",-2.99961409180976,3.51449253257218e-18,7.09307287015008e-16,-3.34443051246107,0.00093425497184695,0.0135442725546567,-2.99961409180976,3.51449253257152e-18,6.96851512009732e-16
5095,"PCCA",-1.77561237515645,3.50005522149829e-06,6.64370864259577e-05,-3.4092745595589,6.95733179828e-06,0.00021368129558306,-1.77561237515645,3.50005522149804e-06,6.56330328730277e-05
5101,"PCDH9",-0.971040903307576,0.00033122148612017,0.00315234651561249,-2.89974437833649,0.00128201513696969,0.0174535269540821,-0.971040903307576,0.000331221486120173,0.00312297852962118
5104,"SERPINA5",-5.24919938585951,4.99731081143017e-25,2.5401145768914e-22,-8.09041954670645,8.37917075947379e-15,1.75533153447527e-12,-5.24919938585951,4.99731081143054e-25,2.49550895075993e-22
5105,"PCK1",-4.44338315217218,6.11378409951456e-13,5.34994019326057e-11,-6.00722744743933,1.42345087663167e-12,2.07440115143218e-10,-4.44338315217218,6.11378409951444e-13,5.25599268622319e-11
5106,"PCK2",-3.52694612367992,6.72005948030742e-13,5.80038341558107e-11,-4.21747994329575,3.85398457495656e-09,2.70246558542665e-07,-3.52694612367992,6.72005948030729e-13,5.69852591025052e-11
5174,"PDZK1",-1.39128075687343,0.00089475573094527,0.00716431018173454,-2.41470112737427,0.00068918484353293,0.0104905075320332,-1.39128075687343,0.000894755730945274,0.00710482421692293
5184,"PEPD",-2.31275450845394,1.74432032205188e-10,9.46207592879052e-09,-2.20752334832166,0.00213794067935751,0.0260431353065383,-2.31275450845394,1.74432032205177e-10,9.33280591358095e-09
5208,"PFKFB2",-1.4143186950505,0.00062384566923769,0.00530462079592201,-3.52554797969822,1.33101402663892e-05,0.00037936163388506,-1.4143186950505,0.000623845669237684,0.00526035719720556
5210,"PFKFB4",1.64872516376468,3.78656507511026e-06,7.1090039795914e-05,4.19343211684438,5.92705041099224e-08,3.25676845369898e-06,1.64872516376468,3.78656507511034e-06,7.02259379748455e-05
5214,"PFKP",2.6698110085281,4.40548156056717e-16,6.71786988191376e-14,3.77523305749251,4.31675710051214e-07,1.85498800634572e-05,2.6698110085281,4.40548156056737e-16,6.59990087568109e-14
5228,"PGF",1.6452845825561,3.37535797460409e-08,1.11087320967546e-06,3.98811863711512,1.75776465264516e-07,8.46235324471998e-06,1.6452845825561,3.37535797460451e-08,1.09398922047098e-06
5264,"PHYH",-1.32692959254887,9.34862358973854e-06,0.00015420734392496,-2.77390219320187,0.00074284044977093,0.0111952904195033,-1.32692959254887,9.34862358973797e-06,0.000152415346868727
5265,"SERPINA1",1.04285981471151,0.00451384412536252,0.0263496370805935,3.32505752673036,0.00122160517737202,0.0167810501373588,1.04285981471151,0.00451384412536239,0.0261426805593905
5284,"PIGR",-4.1442168116604,4.38365390941642e-12,3.18313578057307e-10,-7.4673937042044,4.66319643276892e-22,2.69484513850946e-19,-4.1442168116604,4.3836539094162e-12,3.12723839474384e-10
5288,"PIK3C2G",-2.0909628890599,3.75521295331114e-07,9.40447857139455e-06,-7.77587049708724,0.00012454257185886,0.00256413877368883,-2.0909628890599,3.75521295331107e-07,9.29019013752169e-06
5313,"PKLR",-1.81242680437994,9.29190632428625e-05,0.00109367171864927,-4.98469322982811,4.5057096577043e-08,2.53393248837135e-06,-1.81242680437994,9.29190632428657e-05,0.00108188923117751
5314,"PKHD1",-1.38287209590933,5.01842618271979e-06,9.05416548789348e-05,-4.05480647562004,8.02008480982545e-07,3.22322784958908e-05,-1.38287209590933,5.01842618271972e-06,8.94217223344388e-05
5334,"PLCL1",-2.54894669309969,1.60492627714108e-15,2.24755185994737e-13,-3.88419125195058,8.82244262272245e-07,3.51200275330655e-05,-2.54894669309969,1.60492627714128e-15,2.20808377496897e-13
5340,"PLG",-4.70348556873133,6.1609779782605e-07,1.44288842617145e-05,-5.31752738346652,5.46637196540234e-11,5.79815998532771e-09,-4.70348556873133,6.16097797826059e-07,1.42484504426908e-05
5341,"PLEK",1.29635617784787,0.0012402298806795,0.00934701531161201,2.91528721077598,0.00065366646186889,0.0100780094153273,1.29635617784787,0.00124022988067946,0.00926427672088708
5352,"PLOD2",1.60588063085296,2.5834549986502e-07,6.77922302131459e-06,4.31397593227987,2.77002892467325e-08,1.65206102308182e-06,1.60588063085296,2.58345499865015e-07,6.69860072053845e-06
5355,"PLP2",1.50188151905942,7.73038734741765e-07,1.75940026460962e-05,2.6085338785534,0.00126922025690321,0.017307455073589,1.50188151905942,7.73038734741727e-07,1.73714687675378e-05
5507,"PPP1R3C",2.75107383630021,1.50728297204699e-23,6.26847015405239e-21,2.61853374969825,0.00040039790045971,0.00671869750733106,2.75107383630021,1.50728297204688e-23,6.15839282185094e-21
5590,"PRKCZ",-0.898062105853096,0.00741136257423961,0.0391205922957171,-2.28385602430008,0.00459255144523519,0.046253948119409,-0.898062105853096,0.00741136257423971,0.0387766401197028
5596,"MAPK4",-2.6744011961511,1.37885775799157e-06,2.97842677265865e-05,-8.98163360691472,8.69521218473707e-07,3.46959669057163e-05,-2.6744011961511,1.37885775799154e-06,2.93999206194307e-05
5618,"PRLR",-2.4894830055679,5.97952543298028e-07,1.41244418317076e-05,-4.34034925463076,2.54685173894869e-06,8.96695132206745e-05,-2.4894830055679,5.97952543298001e-07,1.39484327703926e-05
5624,"PROC",-4.40273276611939,1.72701661077285e-06,3.6020632167548e-05,-5.04536516463955,4.84577387620497e-11,5.27339768774799e-09,-4.40273276611939,1.72701661077287e-06,3.56045335826462e-05
5629,"PROX1",-1.2513502935666,0.00969193377620545,0.0480394492539553,-4.42213119698068,0.00426852106332903,0.0437529935781843,-1.2513502935666,0.00969193377620524,0.0476255317631293
5639,"PRRG2",-2.14948757070432,6.67270796109024e-05,0.00082426862338436,-3.38550525931464,0.00040571913603007,0.00678587525022755,-2.14948757070432,6.67270796109058e-05,0.000814928636226307
5650,"KLK7",-1.38935660210772,0.00848500330425785,0.043241063998379,-7.85735207765553,1.19097556422792e-06,4.5362635183854e-05,-1.38935660210772,0.008485003304258,0.0428637315666207
5698,"PSMB9",1.65407374654098,6.02783239125253e-06,0.00010591819313147,3.26823668940466,0.00017811082060738,0.00346685161737419,1.65407374654098,6.02783239125238e-06,0.000104727834340823
5699,"PSMB10",1.57099733194086,1.95534420271126e-07,5.34564618287037e-06,2.39897861503293,0.00143589759960971,0.0192210727527167,1.57099733194086,1.95534420271128e-07,5.27278117703125e-06
5724,"PTAFR",1.74695950800958,3.86495718287537e-05,0.0005174894866125,2.76994753594557,0.00171318923703651,0.0220686690418869,1.74695950800958,3.86495718287555e-05,0.000511898012737829
5730,"PTGDS",-3.27522891832165,1.07437825874358e-11,7.22782707009651e-10,-4.81289123333282,6.20094012981507e-06,0.00019388349932009,-3.27522891832165,1.07437825874358e-11,7.10090297188219e-10
5731,"PTGER1",-4.58575797111083,4.29778048290757e-14,4.57230537576926e-12,-3.31052069756048,0.00027162277503206,0.0048737966667691,-4.58575797111083,4.29778048290781e-14,4.49201350783302e-12
5733,"PTGER3",-2.24494414350978,1.23817405694352e-09,5.66423358583096e-08,-7.02668052547162,2.89239216129925e-09,2.06270639281762e-07,-2.24494414350978,1.23817405694351e-09,5.58337819724726e-08
5738,"PTGFRN",1.40706041592835,5.09613888082238e-05,0.00066042880075926,3.9826079466995,7.78224336402614e-08,4.08848327704433e-06,1.40706041592835,5.09613888082259e-05,0.000653148674240789
5744,"PTHLH",2.88980157985161,3.55562202693438e-05,0.0004826642601152,8.43376198507338,4.17936370622651e-13,6.60773173138208e-11,2.88980157985161,3.55562202693431e-05,0.000477494539732622
5745,"PTH1R",-4.76631861819501,5.11167502179133e-27,3.69224357889811e-24,-5.7643294045468,3.22298935380853e-09,2.27907504558976e-07,-4.76631861819501,5.11167502179103e-27,3.62740601677939e-24
5746,"PTH2R",-0.738212260769193,0.00777417677499548,0.040505999263492,-2.38933006792064,0.00358543090415215,0.038641952747708,-0.738212260769193,0.0077741767749955,0.0401452414619932
5768,"QSOX1",1.23740268402075,0.00044399395508572,0.00400616241919557,2.88759715348413,0.00010627075259705,0.00226301339615511,1.23740268402075,0.000443993955085737,0.00396974170850198
5789,"PTPRD",-1.88416341905156,8.40250717196675e-05,0.00099840699937724,-4.61124040770759,1.33021794794543e-05,0.00037936163388506,-1.88416341905156,8.40250717196655e-05,0.000987715816910418
5800,"PTPRO",-2.2139520924142,2.38934612425233e-05,0.00034372522231906,-2.81579066340018,0.00101930411405369,0.0145631011487005,-2.2139520924142,2.38934612425238e-05,0.000340185362125606
5820,"PVT1",3.10758999908348,4.88094686961294e-13,4.43616654560053e-11,4.72832275023418,3.33762643935467e-07,1.49160750659053e-05,3.10758999908348,4.88094686961284e-13,4.35826534059536e-11
5827,"PXMP2",-1.35745031362134,0.00395054523824734,0.0237378646452305,-2.17000002638218,0.00423947021158722,0.0435885161202394,-1.35745031362134,0.00395054523824724,0.0235478344152465
5833,"PCYT2",-1.12779998195878,0.0003004358075335,0.00290160522349744,-3.08111355466344,0.00026156436607482,0.00472875643047242,-1.12779998195878,0.000300435807533494,0.00287492973241597
5836,"PYGL",1.67190121899622,4.65107991908235e-06,8.45668118184814e-05,2.28589950955522,0.00208412995104396,0.0256445916663331,1.67190121899622,4.65107991908243e-06,8.35242909803565e-05
5860,"QDPR",-0.90320098328822,0.00102990789531604,0.0080722192777369,-2.91909798226429,0.00034000127027898,0.00588644761219579,-0.90320098328822,0.00102990789531605,0.00800360124066067
5880,"RAC2",1.46663387729538,1.78555906757491e-06,3.70726363742785e-05,3.35698576402785,0.00015780724919235,0.00312242230131606,1.46663387729538,1.78555906757494e-06,3.66433682010851e-05
5912,"RAP2B",1.61350040115355,1.21892164392992e-06,2.66377080275385e-05,2.48640672513732,0.00429153349584117,0.0439343302509202,1.61350040115355,1.21892164392989e-06,2.62955528401707e-05
5919,"RARRES2",1.18770880826599,0.00681899723954591,0.0364849583296406,2.54854572036383,0.00059122494182641,0.00930360450710698,1.18770880826599,0.00681899723954569,0.0361685837060561
5954,"RCN1",1.81251581320782,2.10494470984712e-09,9.02758162435682e-08,2.59095315865502,0.00047136189908401,0.00768439111551461,1.81251581320782,2.10494470984705e-09,8.8968556498018e-08
5973,"RENBP",-1.12110591319096,0.00021551890898672,0.00220073028789719,-3.4404690390337,0.00012797489682626,0.00261871953102724,-1.12110591319096,0.000215518908986741,0.00217829194143046
6134,"RPL10",0.786952507969932,0.00128301262394032,0.00957401962463529,2.25399412222365,0.001760206966771,0.0225875256938095,0.786952507969932,0.0012830126239403,0.00948840311688601
6158,"RPL28",0.809460022594012,0.0020107731320048,0.013789765035104,2.59316525351288,0.00026421301520712,0.00477149345027613,0.809460022594012,0.00201077313200478,0.0136774158142428
6173,"RPL36A",0.985167617439206,6.45533767967716e-05,0.00080141274408957,2.18639271852109,0.00238181980151384,0.028289807266882,0.985167617439206,6.45533767967702e-05,0.000792354454845252
6175,"RPLP0",1.49230506861222,1.9559105402891e-05,0.00029019368924246,2.20420254195547,0.00313788357652528,0.0349652864753904,1.49230506861222,1.95591054028919e-05,0.000287271697328095
6187,"RPS2",1.09809379418153,1.4055528897771e-07,3.96094617234104e-06,2.65122266449589,0.00018614221035042,0.00358569804972734,1.09809379418153,1.405552889777e-07,3.89939703968381e-06
6223,"RPS19",0.893483361801028,0.00054741501041844,0.00476695660087739,2.86739249735906,7.58510644774449e-05,0.00172014612933356,0.893483361801028,0.000547415010418455,0.00472824893367843
6236,"RRAD",1.87254790399646,0.00102965951867416,0.0080722192777369,3.05417966905115,0.00011395024963368,0.00239035065011898,1.87254790399646,0.00102965951867419,0.00800360124066067
6273,"S100A2",-2.52291426067238,1.38965018874434e-15,1.96614012271416e-13,-2.38064174732124,0.00483587883231538,0.0479837142396528,-2.52291426067238,1.38965018874411e-15,1.93161376235432e-13
6281,"S100A10",1.72086761662987,6.9455094298792e-12,4.8632740518195e-10,2.51189077144987,0.00045439371240427,0.00746586688841493,1.72086761662987,6.94550942987877e-12,4.77787263484977e-10
6296,"ACSM3",-2.75117187353498,3.88144039313846e-11,2.35703044050585e-09,-3.24976787155105,0.00033938897957287,0.00588192338020866,-2.75117187353498,3.88144039313832e-11,2.3156398593223e-09
6319,"SCD",3.65367231147336,1.8919906292648e-18,3.99471990708155e-16,2.29541746412644,0.00170544089888255,0.0220026820818881,3.65367231147336,1.89199062926483e-18,3.9245707160581e-16
6332,"SCN7A",-1.57981517523856,1.6222811638507e-06,3.41475256022807e-05,-8.11853975217306,0.00013822558704134,0.0027876325068903,-1.57981517523856,1.62228116385076e-06,3.37029536705698e-05
6338,"SCNN1B",-5.57460260931586,6.01301107557273e-29,5.15766025007251e-26,-6.51895167303058,2.02687606652276e-08,1.26276639400948e-06,-5.57460260931586,6.01301107557309e-29,5.067089270747e-26
6340,"SCNN1G",-5.60929452444747,3.613300426705e-08,1.17788444313775e-06,-8.85331932932765,3.50234569932633e-16,9.1712205585953e-14,-5.60929452444747,3.6133004267052e-08,1.15995546793491e-06
6404,"SELPLG",1.45448868411948,0.00071562199182007,0.0059558497366517,2.66711807139878,0.00080052813375425,0.0119572647001671,1.45448868411948,0.000715621991820052,0.00590497632540377
6422,"SFRP1",-4.49843600013921,5.89727771430758e-16,8.70260638184486e-14,-5.92802777383352,5.17305581060105e-10,4.42322664948281e-08,-4.49843600013921,5.89727771430758e-16,8.54978445397947e-14
6456,"SH3GL2",-5.13597771674479,1.72956762574308e-15,2.39763495916142e-13,-7.92223210927889,2.68923134014515e-09,1.93428446478509e-07,-5.13597771674479,1.72956762574314e-15,2.35553134322169e-13
6470,"SHMT1",-1.88918867143471,4.07923023158022e-09,1.61801606064182e-07,-2.97626935534866,8.3422226869324e-05,0.00186161531305326,-1.88918867143471,4.07923023157989e-09,1.59421046992439e-07
6492,"SIM1",-1.66494620349924,7.68304359339087e-09,2.9371055787102e-07,-7.45345412767614,2.33226272073125e-08,1.44230224858801e-06,-1.66494620349924,7.68304359339083e-09,2.89358873658348e-07
6493,"SIM2",-2.85270616082927,1.5691077854464e-10,8.57945627389097e-09,-3.21022535551915,0.00082619213283983,0.0122967619487236,-2.85270616082927,1.56910778544642e-10,8.46251210846965e-09
6509,"SLC1A4",1.67765809483366,1.98178352027174e-09,8.57980978934048e-08,2.67109163847169,0.00215160399592166,0.0261674393088905,1.67765809483366,1.98178352027178e-09,8.45581873538747e-08
6513,"SLC2A1",2.67281446218578,2.52453158069759e-14,2.8398910994667e-12,2.47128886579408,0.00182029890084272,0.0230759374275515,2.67281446218578,2.52453158069747e-14,2.79002125430688e-12
6514,"SLC2A2",-1.86340223063107,0.00076118737616247,0.00626666799667294,-2.41703866027926,0.00148934144293195,0.0198094232080132,-1.86340223063107,0.000761187376162473,0.00621252384551975
6515,"SLC2A3",1.43049034533509,0.00045228601452121,0.00406494647235699,3.74379548357823,1.45226495044503e-05,0.00040631900341416,1.43049034533509,0.000452286014521195,0.00402785491003254
6519,"SLC3A1",-1.15303036848003,0.00200928557744537,0.0137877176324301,-2.04567642132994,0.00415239693052862,0.0429710799700962,-1.15303036848003,0.00200928557744538,0.0136755161235215
6521,"SLC4A1",-5.78473500868458,3.18356932155403e-28,2.5700767864122e-25,-6.77503719546343,9.18834238702718e-16,2.19982042948841e-13,-5.78473500868458,3.1835693215544e-28,2.52494500955988e-25
6524,"SLC5A2",-3.19061458663683,3.8898099063682e-07,9.65450688861853e-06,-7.84885202660114,9.97457999336615e-23,5.9701423610294e-20,-3.19061458663683,3.88980990636801e-07,9.53670532812097e-06
6549,"SLC9A2",-2.23568548061649,5.86383586609187e-06,0.00010357179334137,-4.96392310593052,6.09269488285558e-05,0.00142797006116461,-2.23568548061649,5.86383586609221e-06,0.000102412045314147
6555,"SLC10A2",-1.41127750731648,0.00770654270278779,0.0402912731630704,-2.88629768862657,0.0013598827365845,0.0184089457047008,-1.41127750731648,0.00770654270278779,0.0399336338438462
6557,"SLC12A1",-7.92967101024023,2.62003383819865e-71,1.79786721977192e-67,-10.4183126325608,1.98288087247672e-37,1.10770335139458e-33,-7.92967101024023,2.62003383819832e-71,1.7662958120214e-67
6559,"SLC12A3",-7.12718219021067,3.85847694948945e-20,1.10320286780819e-17,-9.49699309203589,6.47438385751118e-34,1.8084033178005e-30,-7.12718219021067,3.85847694948926e-20,1.08383009812424e-17
6561,"SLC13A1",-3.84457388336292,1.79928096226369e-11,1.15389401523864e-09,-6.40982391245459,4.57841358400038e-09,3.17064600224225e-07,-3.84457388336292,1.79928096226359e-11,1.1336310847757e-09
6565,"SLC15A2",-2.2264012385649,3.96049432620624e-06,7.37501005873194e-05,-3.00624041870211,0.00220492037773933,0.0266418605699592,-2.2264012385649,3.96049432620608e-06,7.28504024559845e-05
6569,"SLC34A1",-5.72178265700016,1.35348470147824e-14,1.61523687331195e-12,-9.76380907640768,2.23322884591117e-38,1.87133411143127e-34,-5.72178265700016,1.35348470147817e-14,1.58687254174175e-12
6581,"SLC22A3",-1.9135810136414,0.00259809894531486,0.0169549738114603,-2.5641134995834,0.00183473564599575,0.0232413716487095,-1.9135810136414,0.00259809894531489,0.0168091017656817
6624,"FSCN1",1.13063832255969,0.00028513930319202,0.00277873250901336,3.29916893746372,2.04172829838613e-05,0.00054399562086889,1.13063832255969,0.000285139303192038,0.00275336957045008
6649,"SOD3",-1.08944338805595,0.00928670520346286,0.0464639964317624,-2.81064022568908,0.00012244973432603,0.00253663176461073,-1.08944338805595,0.00928670520346326,0.0460679346057009
6652,"SORD",-2.13425618464833,2.80074110494435e-09,1.16476881588655e-07,-4.02901454168088,4.09278751561725e-08,2.32511952455015e-06,-2.13425618464833,2.80074110494444e-09,1.14779307957343e-07
6676,"SPAG4",3.51359824890896,1.68365885434171e-26,1.10031114842789e-23,5.198949730587,2.30514026609679e-12,3.30186715551419e-10,3.51359824890896,1.68365885434145e-26,1.08098915871837e-23
6712,"SPTBN2",-2.78510570045594,2.16192841528143e-12,1.66687109951249e-10,-4.7402947264767,3.93054287264067e-09,2.74466533344104e-07,-2.78510570045594,2.16192841528165e-12,1.63760004624957e-10
6854,"SYN2",-1.66226656828021,0.00166067246359078,0.0118149657285225,-4.10287034699501,0.00054040682903062,0.00861720080658823,-1.66226656828021,0.00166067246359072,0.0117106939469632
6892,"TAPBP",1.2550506627709,0.00784572879379843,0.0408013573194731,3.5215827336798,2.39197473925585e-05,0.00062221503449562,1.2550506627709,0.00784572879379862,0.0404372940851631
6913,"TBX15",1.03421589012655,0.00172441576553685,0.0121500867716788,5.21153672351326,0.00322758015261529,0.0357036407773463,1.03421589012655,0.00172441576553692,0.0120418131318929
6943,"TCF21",-3.29588912911029,1.11966174042058e-23,5.12207924184402e-21,-3.38617296285626,1.96137702279386e-05,0.00052677431931093,-3.29588912911029,1.11966174042066e-23,5.03213308203059e-21
7010,"TEK",-1.00767178239886,0.00254793074907559,0.0166831114505312,-3.37976427285197,0.00021304477076364,0.0039803983425061,-1.00767178239886,0.00254793074907556,0.0165400819883417
7021,"TFAP2B",-4.8787580595782,1.9145520725499e-30,2.02117789566729e-27,-6.23800232130213,3.31715869586322e-06,0.00011118452516794,-4.8787580595782,1.9145520725501e-30,1.98568504570715e-27
7039,"TGFA",1.66185558897908,2.11389619371302e-05,0.00030994777096706,2.39632534752221,0.00415634110815239,0.0429710799700962,1.66185558897908,2.11389619371309e-05,0.000306799379761395
7040,"TGFB1",1.14215157017651,0.0005219716385606,0.00459495751610378,3.10415994124322,0.00013192268572614,0.00268087779968234,1.14215157017651,0.000521971638560608,0.00455812409502116
7045,"TGFBI",1.97876679307852,4.85634192037879e-05,0.00063416624272566,7.87551431594744,1.25616760985103e-10,1.25310196270794e-08,1.97876679307852,4.85634192037901e-05,0.000627207384458247
7052,"TGM2",1.22939723210488,0.0026362106792591,0.0171466139157118,3.15834811672331,0.00050058449692077,0.00806663036913003,1.22939723210488,0.00263621067925921,0.0169985789519139
7058,"THBS2",1.75090937008546,0.00027342797210135,0.00268229127170765,5.47214487759642,2.03338932227517e-10,1.96980182959593e-08,1.75090937008546,0.000273427972101367,0.00265607301717776
7076,"TIMP1",1.60402075957846,7.41023449716515e-06,0.00012649012218792,4.45579704746639,6.8873885599393e-10,5.60319149883605e-08,1.60402075957846,7.41023449716481e-06,0.000125046547841393
7103,"TSPAN8",-3.83874649045617,2.32940344520431e-13,2.20474019875751e-11,-3.86842950992915,0.00050268417933689,0.00809268411287895,-3.83874649045617,2.32940344520432e-13,2.16602390701309e-11
7108,"TM7SF2",-1.16088562891164,9.47079873805664e-06,0.00015528941682328,-2.78598539985948,0.00184181548922714,0.0232958383275152,-1.16088562891164,9.47079873805601e-06,0.000153479302145684
7113,"TMPRSS2",-3.72533193532609,5.77142130561841e-14,5.86718414802274e-12,-7.66342585921805,5.8745927363562e-17,1.72723332751919e-14,-3.72533193532609,5.77142130561829e-14,5.7641535899001e-12
7130,"TNFAIP6",2.94378683247317,5.83144565245576e-08,1.77846133631784e-06,6.61263122132485,9.46265477965743e-05,0.00204912747916481,2.94378683247317,5.83144565245559e-08,1.75112208757369e-06
7134,"TNNC1",-3.34011177076189,3.80724952966664e-08,1.2236696146404e-06,-6.54720501381242,8.07965672928053e-10,6.47880225483313e-08,-3.34011177076189,3.80724952966661e-08,1.20500341334495e-06
7135,"TNNI1",-2.24406773078459,3.85674696592055e-07,9.61413965625228e-06,-5.14392155677341,9.07596206452974e-07,3.60436133268848e-05,-2.24406773078459,3.85674696592073e-07,9.49701867404685e-06
7139,"TNNT2",-2.94387669881577,1.93760931579451e-06,3.97485056053271e-05,-6.24090901079304,5.89332847084363e-15,1.266234510806e-12,-2.94387669881577,1.93760931579441e-06,3.92853930900091e-05
7153,"TOP2A",2.15613222010709,2.39899613855488e-08,8.27231733807215e-07,6.09741265792209,2.07866759469216e-10,1.99065086968263e-08,2.15613222010709,2.39899613855474e-08,8.14752265393794e-07
7226,"TRPM2",1.55013636688607,0.00020210816998218,0.00208708241146388,4.49927623116068,5.6241134084034e-07,2.34638840716915e-05,1.55013636688607,0.000202108169982178,0.00206597760111426
7293,"TNFRSF4",2.20405757869807,4.85651939015355e-05,0.00063416624272566,5.09667122360569,2.61623300647596e-09,1.88989004118667e-07,2.20405757869807,4.8565193901536e-05,0.000627207384458247
7301,"TYRO3",-1.86812983629331,8.97830736968582e-07,2.00638394598125e-05,-2.4351324534105,0.00222155504242822,0.0267977188928322,-1.86812983629331,8.97830736968549e-07,1.98081338918649e-05
7305,"TYROBP",2.15226160145129,8.79015797090714e-07,1.97117856197271e-05,3.83336768577061,5.62830801170712e-07,2.34638840716915e-05,2.15226160145129,8.79015797090747e-07,1.94610344699089e-05
7306,"TYRP1",-3.52043849458052,2.76811688450003e-15,3.65284962719985e-13,-9.97295590925926,1.95174963405232e-07,9.26611108132659e-06,-3.52043849458052,2.76811688449989e-15,3.58870384170308e-13
7364,"UGT2B7",-1.91187867170598,6.75862910335307e-05,0.00083263398397143,-4.33358876612089,5.19323165450551e-09,3.58162013571431e-07,-1.91187867170598,6.7586291033529e-05,0.000823185150862757
7369,"UMOD",-11.1068525264517,4.39400778831033e-119,6.0303362886771e-115,-9.82537091963218,1.80335098126474e-42,3.02223590950158e-38,-11.1068525264517,4.39400778831323e-119,5.92444070098273e-115
7421,"VDR",-2.67063755155251,1.13991946211305e-06,2.51111632392287e-05,-2.24782771940444,0.00346310008520116,0.0377096500086905,-2.67063755155251,1.13991946211299e-06,2.47895711414022e-05
7422,"VEGFA",3.45831026963346,2.00082260892238e-18,4.16049840679557e-16,2.51757522761679,0.00041725821921149,0.00694422094912158,3.45831026963346,2.00082260892241e-18,4.08743806607589e-16
7429,"VIL1",-2.03762198148435,0.00089537638984443,0.00716509946018951,-5.10339014124224,2.25792031023501e-07,1.04821292186228e-05,-2.03762198148435,0.000895376389844405,0.00710556790127846
7431,"VIM",2.13720280588157,3.06157972885314e-08,1.03143377673259e-06,4.63525073516429,8.02982728794074e-09,5.34015379042059e-07,2.13720280588157,3.06157972885313e-08,1.01580493724665e-06
7450,"VWF",3.80011475394436,3.75513931664451e-14,4.02621343606479e-12,4.96901981919219,2.05714736639218e-10,1.98136394904405e-08,3.80011475394436,3.75513931664472e-14,3.95551120361881e-12
7512,"XPNPEP2",-6.51646886655523,5.10564817360106e-15,6.42843261784413e-13,-7.45834918025443,3.68327611856477e-24,2.80581929413759e-21,-6.51646886655523,5.10564817360106e-15,6.31554626831772e-13
7780,"SLC30A2",-3.11215529614008,2.10228187926513e-06,4.24662404064499e-05,-7.28885808217995,9.26267298264077e-12,1.20335764741145e-09,-3.11215529614008,2.1022818792651e-06,4.19673798666663e-05
7805,"LAPTM5",2.02981824049751,3.51660030220817e-08,1.15183347368747e-06,3.60424344218357,7.55030960791431e-07,3.04905153539846e-05,2.02981824049751,3.51660030220806e-08,1.13431392044668e-06
7809,"BSND",-4.62892382098634,1.16292430814976e-17,2.17789233885456e-15,-8.00053906648354,9.00554980939868e-16,2.18730448196685e-13,-4.62892382098634,1.16292430814978e-17,2.13964750836336e-15
7827,"NPHS2",-8.50622065883161,1.05910752928066e-16,1.79446811504294e-14,-7.91927035797084,5.11747278529513e-19,1.90586058686136e-16,-8.50622065883161,1.05910752928066e-16,1.76295639719644e-14
7837,"PXDN",1.62674552787007,1.32251199611978e-07,3.77342092198501e-06,3.45610882457564,3.79355652682445e-05,0.00093632126410973,1.62674552787007,1.32251199611987e-07,3.71488109243422e-06
7846,"TUBA1A",1.25458196192702,0.00480638703625671,0.0277038453110403,2.45802852213975,0.00088850050199338,0.013061736765708,1.25458196192702,0.00480638703625671,0.0274828313867045
7852,"CXCR4",2.15250687777114,4.44764471165997e-08,1.40643953969635e-06,3.02130268200215,7.73271621444399e-05,0.00174888786825731,2.15250687777114,4.4476447116599e-08,1.38493287869077e-06
7903,"ST8SIA4",2.30400394663597,1.32975172377346e-17,2.4332683542756e-15,3.50814454745119,5.34515000016434e-05,0.00127424422265653,2.30400394663597,1.32975172377318e-17,2.3905389988845e-15
8029,"CUBN",-1.76194402362019,0.00014509688982003,0.00158165982199379,-3.31556081466261,4.23763328686909e-05,0.00102776405578349,-1.76194402362019,0.000145096889820039,0.00156632615327749
8082,"SSPN",1.46116980738802,0.00023402676704396,0.00235467987603477,3.07148057402417,4.76938010267828e-05,0.00114512952923761,1.46116980738802,0.000234026767043979,0.00233213813751218
8309,"ACOX2",-1.87694983847834,1.44283949535186e-06,3.09398894284515e-05,-3.44718408957308,9.82497838044005e-06,0.00029040002235942,-1.87694983847834,1.44283949535176e-06,3.05397251425869e-05
8416,"ANXA9",-1.91959071811109,1.17523131822336e-05,0.00018560269978478,-2.35283791962864,0.0018926159190559,0.0237768742034916,-1.91959071811109,1.17523131822331e-05,0.000183611168755561
8424,"BBOX1",-1.80756734224825,0.00108548542211043,0.00838806415148849,-3.41746701899018,0.00047791445658782,0.00776854352856974,-1.80756734224825,0.00108548542211042,0.00831568178767889
8529,"CYP4F2",-6.37381994276739,4.46299155433407e-11,2.67467668522623e-09,-2.89111464235419,0.00349335807943227,0.0379178679101071,-6.37381994276739,4.46299155433407e-11,2.62770808415224e-09
8542,"APOL1",1.82007937139271,2.55622327894438e-05,0.00036353998217857,5.26317600890824,1.80460043146215e-08,1.13114045267252e-06,1.82007937139271,2.55622327894429e-05,0.000359765746033465
8614,"STC2",2.74444475026481,2.8758623201552e-10,1.49501266976553e-08,3.80889655012433,2.32839169899044e-07,1.07497290587826e-05,2.74444475026481,2.87586232015517e-10,1.47434416968259e-08
8635,"RNASET2",1.54744433516926,0.00088493035966915,0.00710226307496905,4.8289829471067,4.72748198088933e-11,5.17829219070094e-09,1.54744433516926,0.000884930359669133,0.00704344754327246
8645,"KCNK5",-2.2577320727156,1.59002514369841e-11,1.03911928914842e-09,-3.94495080312295,1.75128426994923e-05,0.00047957145555684,-2.2577320727156,1.59002514369855e-11,1.0208718577375e-09
8659,"ALDH4A1",-2.83682998502172,2.3030512386844e-09,9.78547219805099e-08,-3.17866777578398,1.82851406764201e-05,0.00049746862434435,-2.83682998502172,2.30305123868452e-09,9.64349063701349e-08
8671,"SLC4A4",-2.17153654349855,9.27859999401489e-13,7.81223965140248e-11,-2.99998596098824,5.42167675061527e-05,0.00128882100232002,-2.17153654349855,9.27859999401477e-13,7.67505298891418e-11
8714,"ABCC3",1.41570497064727,0.00222654824130535,0.0149204824529661,4.0370521671956,0.00011825975517899,0.00246200650564561,1.41570497064727,0.00222654824130542,0.0147957367853726
8728,"ADAM19",1.09137728847583,0.00098921347165118,0.00778885007741872,3.97870646767946,0.00014469123225333,0.0029005745948967,1.09137728847583,0.000989213471651246,0.00772296771179719
8744,"TNFSF9",2.8826447132642,2.15866714926455e-12,1.66687109951249e-10,6.23152217868641,1.40877893984396e-07,6.96452101853832e-06,2.8826447132642,2.15866714926458e-12,1.63760004624957e-10
8801,"SUCLG2",-1.80766206908927,8.22647228917194e-09,3.08470234143704e-07,-3.10970183512457,6.30072002049163e-05,0.0014667681295913,-1.80766206908927,8.22647228917219e-09,3.03883632533996e-07
8802,"SUCLG1",-2.26614821523027,1.92111780160786e-15,2.63654207092663e-13,-3.9333594296212,1.07283507820307e-06,4.20085118588909e-05,-2.26614821523027,1.92111780160768e-15,2.59024313190764e-13
8828,"NRP2",1.32154540389245,2.10412732996108e-06,4.24662404064499e-05,3.58422930820717,5.81677146092712e-06,0.00018289544636712,1.32154540389245,2.10412732996117e-06,4.19673798666663e-05
8854,"ALDH1A2",-1.96635560037959,2.76249403902298e-06,5.43158570079533e-05,-2.41523353020254,0.00331689777751392,0.036451075313676,-1.96635560037959,2.762494039023e-06,5.36696068128922e-05
8862,"APLN",2.18796839918931,9.42079003662069e-14,9.23506589018445e-12,3.42501916914349,3.14373751675629e-06,0.00010686794532113,2.18796839918931,9.4207900366217e-14,9.07289371884075e-12
8934,"RAB29",-1.85627888935127,4.44853186859422e-07,1.08439878089853e-05,-3.47463386488777,4.14631301520487e-06,0.00013466678260042,-1.85627888935127,4.44853186859416e-07,1.07106348543313e-05
8991,"SELENBP1",-2.66349708739017,2.20374255385354e-11,1.38734691784798e-09,-3.36004280600785,5.78894105464878e-06,0.00018236252468958,-2.66349708739017,2.20374255385363e-11,1.36298444282608e-09
8996,"NOL3",2.90647420932578,2.32592787108471e-16,3.84590772322488e-14,2.35083273603538,0.00283265057676146,0.0322065067950783,2.90647420932578,2.32592787108436e-16,3.77837174528078e-14
9056,"SLC7A7",-1.2430895772693,0.00853947654625583,0.0434541253692306,-3.64372853026047,3.57684426174782e-07,1.57748244691136e-05,-1.2430895772693,0.00853947654625559,0.0430743592492196
9058,"SLC13A2",-6.25135754784807,2.29838225194857e-26,1.3714346967714e-23,-9.94565142698295,7.42538263445307e-32,1.55552484463499e-28,-6.25135754784807,2.29838225194848e-26,1.34735164795745e-23
9066,"SYT7",-1.32789660082601,0.00227938901190488,0.0152003570453754,-6.21426990419891,0.00010464458336126,0.00223121955795346,-1.32789660082601,0.00227938901190496,0.0150725856044701
9068,"ANGPTL1",-2.11854564322725,7.16365401490589e-05,0.00087702040767679,-3.43541207485163,0.00252986426331135,0.0296904728213129,-2.11854564322725,7.16365401490573e-05,0.000867033636292405
9073,"CLDN8",-5.18016825362444,3.3710805643423e-18,6.90518054701997e-16,-12.6979711799535,1.22536435415759e-12,1.83356082243992e-10,-5.18016825362444,3.37108056434225e-18,6.78392227597411e-16
9099,"USP2",-3.51762046914048,8.04839190166515e-06,0.00013552899442754,-5.25627638270851,2.29876586914058e-11,2.65689773799497e-09,-3.51762046914048,8.04839190166531e-06,0.000133970948160683
9123,"SLC16A3",2.84910556285225,3.56080123118274e-16,5.61706162031631e-14,4.83648225743324,1.81537581760126e-11,2.18876858468917e-09,2.84910556285225,3.56080123118295e-16,5.51842333333789e-14
9124,"PDLIM1",1.35069631109699,0.00110458681233082,0.00851648843394842,2.4987192474483,0.00109865484632402,0.0154855816396503,1.35069631109699,0.00110458681233082,0.00844282539152858
9168,"TMSB10",1.54458859036608,1.75979903901635e-06,3.65931545628188e-05,3.2700830386025,5.04937128808131e-06,0.00016149315537586,1.54458859036608,1.75979903901634e-06,3.61697720168557e-05
9173,"IL1RL1",-2.15080688500686,3.52186021638274e-07,8.91771395011749e-06,-6.11818832505747,6.76020713454852e-11,7.03691374955892e-09,-2.15080688500686,3.52186021638289e-07,8.80987779174221e-06
9180,"OSMR",1.45995257037306,0.00169347604399071,0.0120036278066308,2.94288243045514,0.00035927426932918,0.00619452415605734,1.45995257037306,0.00169347604399068,0.011897254121029
9232,"PTTG1",2.61900584986756,1.97797550835254e-11,1.25095557035163e-09,5.00092652540616,5.67248917916793e-07,2.35893911051303e-05,2.61900584986756,1.97797550835231e-11,1.22898819258591e-09
9242,"MSC",2.10830089341559,3.68885220066947e-05,0.00049786024056658,4.43365386328271,4.33784587159989e-07,1.85928283790646e-05,2.10830089341559,3.6888522006696e-05,0.000492507500567085
9356,"SLC22A6",-5.44250204710726,6.30962229644424e-18,1.25497473038262e-15,-9.02255598825486,2.04587480416719e-33,4.89811654900541e-30,-5.44250204710726,6.30962229644424e-18,1.23293677424576e-15
9358,"ITGBL1",2.10534526402975,0.00104636809655123,0.00815347699171511,3.90260019853853,0.00262078361239808,0.0305011892779024,2.10534526402975,0.00104636809655123,0.00808370283144253
9365,"KL",-2.36119627940863,2.39464096370475e-08,8.27231733807215e-07,-4.07362300935038,4.76877375571999e-08,2.66399597907037e-06,-2.36119627940863,2.39464096370482e-08,8.14752265393794e-07
9376,"SLC22A8",-6.81001014812676,7.14406274253641e-26,3.92180468314279e-23,-10.1240341223849,3.33709399266518e-36,1.39815895557689e-32,-6.81001014812676,7.14406274253654e-26,3.85293591830481e-23
9450,"LY86",1.46827556239081,0.00019085120439923,0.00198728522699168,3.12597065273025,0.00179079627959978,0.0228401482875288,1.46827556239081,0.000190851204399223,0.0019673140588033
9473,"THEMIS2",1.03019301153422,0.00642504914662025,0.0348668126734154,2.5413265618113,0.00415489216707901,0.0429710799700962,1.03019301153422,0.0064250491466201,0.0345689219674038
9476,"NAPSA",-3.97392872755013,3.49251420321066e-15,4.5218174457418e-13,-5.75792259632016,1.45787274094752e-11,1.78339337704668e-09,-3.97392872755013,3.49251420321061e-15,4.44241216998949e-13
9507,"ADAMTS4",2.00843445276151,5.78737365983993e-05,0.00073406576809282,3.09297854646983,0.00095094413484209,0.0137386834101886,2.00843445276151,5.78737365983989e-05,0.000725871247029035
9514,"GAL3ST1",2.01143392775855,4.52518401200706e-06,8.29153876913016e-05,2.81037355035555,0.00201456290392879,0.0249166492302159,2.01143392775855,4.52518401200722e-06,8.18967195085816e-05
9537,"TP53I11",0.926082005560592,0.00944520039262027,0.0471024455626165,2.36731996962191,0.00305307577594474,0.0342250815578983,0.926082005560592,0.00944520039262036,0.0466995368147049
9636,"ISG15",1.39652354774909,0.00233850695090004,0.0155342059023001,2.5265011385959,0.00061928857248946,0.00964559218062358,1.39652354774909,0.00233850695090002,0.0154030724079067
9673,"SLC25A44",-1.04321193582829,0.00014861041049183,0.00160466504609756,-2.35547013403067,0.00308970139898438,0.0345202038303861,-1.04321193582829,0.000148610410491826,0.00158898823525876
9727,"RAB11FIP3",-1.44229736426709,1.33604680168164e-07,3.80095387630493e-06,-3.31044248917704,2.394287813738e-05,0.00062221503449562,-1.44229736426709,1.33604680168169e-07,3.74195462747032e-06
9762,"LZTS3",-1.70344011032805,3.50341582804559e-08,1.15026025894971e-06,-2.27189840831151,0.00266616091918644,0.0308305236955133,-1.70344011032805,3.50341582804517e-08,1.1327711177346e-06
9770,"RASSF2",1.58742654885554,4.20214039043203e-08,1.33805509787214e-06,3.42612249870122,0.00010690737172122,0.00227079929363237,1.58742654885554,4.20214039043203e-08,1.31761532288826e-06
9806,"SPOCK2",-1.05903066556405,0.00410872842867392,0.0244846673708732,-2.35228720114481,0.00142002074832881,0.0190843045078128,-1.05903066556405,0.00410872842867377,0.0242867099534452
9914,"ATP2C2",-1.1217596782739,0.00229715539971024,0.0152965360046693,-3.97594189364221,0.00039607280483516,0.00666444190384786,-1.1217596782739,0.00229715539971034,0.01516775036939
9970,"NR1I3",-2.25314902007536,0.00011980748369693,0.00135551352535593,-5.83366187246406,5.39470620239447e-07,2.26024703114822e-05,-2.25314902007536,0.00011980748369694,0.00134166470322744
9976,"CLEC2B",1.61671895146116,3.58282502654282e-06,6.77282240554733e-05,3.29444526181937,4.83279417215634e-05,0.00115703996473097,1.61671895146116,3.582825026543e-06,6.69075205441541e-05
9990,"SLC12A6",-0.738361618038575,0.00789825421398939,0.0410434081154072,-3.16766085428236,3.47616487972245e-05,0.00086821232815601,-0.738361618038575,0.00789825421398934,0.0406769142731926
10076,"PTPRU",1.44551809512741,8.3827748880265e-05,0.00099692549881521,2.23535679007885,0.00284230270873272,0.0322943397258656,1.44551809512741,8.38277488802676e-05,0.000986256141494457
10095,"ARPC1B",1.51290482995442,5.46596555460018e-07,1.30395337958157e-05,2.41524861981597,0.0014563798671492,0.019432699198689,1.51290482995442,5.46596555460044e-07,1.28776243094775e-05
10123,"ARL4C",1.23732458862652,8.31457893413625e-05,0.00098967286463214,4.50844556861065,4.09826377602005e-09,2.84990882250291e-07,1.23732458862652,8.31457893413629e-05,0.000979087054750738
10157,"AASS",-1.03384813743399,0.00725199433940945,0.0384717318569986,-2.88065043554053,0.00341936013188481,0.0373322843324153,-1.03384813743399,0.0072519943394094,0.0381351948823155
10158,"PDZK1IP1",-1.59238720170964,0.00072851569872372,0.00604848726514486,-2.43614018622168,0.00062545003528509,0.00970970002984885,-1.59238720170964,0.000728515698723749,0.00599668935646661
10178,"TENM1",1.11327597506612,0.00449806704628125,0.0262687115502825,-3.52951718077613,0.00179679014279478,0.0228991680631921,1.11327597506612,0.00449806704628105,0.026062500208426
10184,"LHFPL2",1.79235412856012,1.38446555534343e-08,4.973928084171e-07,3.23643559298535,0.00018658042188618,0.00359001296256085,1.79235412856012,1.38446555534354e-08,4.89940920805693e-07
10243,"GPHN",-1.64260586443872,1.81187906693794e-09,7.91918099192875e-08,-2.74342789197701,0.00320800797754571,0.035590731883216,-1.64260586443872,1.81187906693813e-09,7.80497299026415e-08
10247,"RIDA",-1.77364895240744,5.27282224663494e-08,1.61527260073254e-06,-2.54216823861738,0.00040786596250942,0.00680819289411894,-1.77364895240744,5.27282224663478e-08,1.59045777072431e-06
10249,"GLYAT",-4.03798431667213,3.59282621251329e-07,9.08065321188442e-06,-3.65489036358313,1.1772957343998e-06,4.49437339699461e-05,-4.03798431667213,3.59282621251329e-07,8.97075478209568e-06
10287,"RGS19",1.4011254651781,8.27609888010885e-06,0.00013834492208357,3.06422187467711,0.00106540989282361,0.0151187166755553,1.4011254651781,8.27609888010892e-06,0.000136748334804545
10312,"TCIRG1",1.09371755503537,3.08400807270575e-05,0.00042925889239162,2.7215842638422,0.00039944464942319,0.00671443618824804,1.09371755503537,3.08400807270565e-05,0.000424736270115324
10346,"TRIM22",1.78175210932811,8.14917220130431e-06,0.0001367637599774,2.26131138241016,0.00272051209486813,0.031378569991669,1.78175210932811,8.14917220130451e-06,0.000135188458299526
10376,"TUBA1B",1.81341490516092,1.64000723319833e-09,7.26047073174642e-08,2.55174534312015,0.00320235631024078,0.035589051328465,1.81341490516092,1.64000723319841e-09,7.15605745152563e-08
10411,"RAPGEF3",-2.15996736403534,1.21936896573782e-15,1.74318955060269e-13,-2.58189659989129,0.00093131577913979,0.013513351638618,-2.15996736403534,1.21936896573785e-15,1.7125783088587e-13
10451,"VAV3",-1.05620686899127,0.00691650594629838,0.0369634453298283,-3.53532020241647,3.53874288205379e-06,0.00011743721180265,-1.05620686899127,0.00691650594629817,0.0366425342530209
10457,"GPNMB",2.50631517504604,2.63457950993091e-07,6.88704175129368e-06,2.41414305783733,0.0019233799282784,0.0240731323510214,2.50631517504604,2.63457950993088e-07,6.80498764988467e-06
10458,"BAIAP2",-1.13250314131926,6.63654551783032e-05,0.00082065795457854,-2.61383652113363,0.00118581570113986,0.0164156665392525,-1.13250314131926,6.63654551783004e-05,0.000811363515480307
10549,"PRDX4",0.973332258242272,0.00437166313562554,0.0257378279497184,2.71509909012401,0.00024406552744893,0.00447515774017139,0.973332258242272,0.00437166313562554,0.0255377323922437
10578,"GNLY",1.39687823270458,0.00172459698566237,0.0121500867716788,3.22322168940291,0.00054292004156469,0.00864904655568704,1.39687823270458,0.00172459698566233,0.0120418131318929
10610,"ST6GALNAC2",-1.5733819495406,1.5792871174033e-06,3.34994380204681e-05,-3.78760334738841,4.11691372862301e-05,0.00100382094247988,-1.5733819495406,1.57928711740313e-06,3.30644847887367e-05
10615,"SPAG5",-2.67402085242063,5.05976134742356e-08,1.55347124680181e-06,-2.85872970446585,0.00010001600129787,0.00214893354583473,-2.67402085242063,5.05976134742338e-08,1.5296135033029e-06
10616,"RBCK1",1.09297462317529,0.00204415016675982,0.0139641199047346,2.85863271634945,0.00012387989155141,0.00255677721984017,1.09297462317529,0.00204415016675973,0.0138498877881515
10644,"IGF2BP2",-1.57922678277536,0.00105432817188942,0.00820272099263626,-3.89045628398064,0.00038560344790487,0.00652318701949585,-1.57922678277536,0.00105432817188941,0.00813244092768016
10655,"DMRT2",-5.05108674572538,8.91978217098258e-15,1.10283865328437e-12,-8.17814825842845,2.19821866024041e-10,2.0813529111282e-08,-5.05108674572538,8.91978217098308e-15,1.08347227938167e-12
10669,"CGREF1",1.90457559606038,0.00045434328260254,0.00407809497085506,2.38048221146304,0.00498197328722778,0.0491134648945002,1.90457559606038,0.000454343282602537,0.00404083804705146
10686,"CLDN16",-4.68664937281993,4.13506520614987e-27,3.15275749384449e-24,-7.29254450398055,3.65436083751896e-12,5.06144076660994e-10,-4.68664937281993,4.13506520614947e-27,3.09739356525074e-24
10749,"KIF1C",-1.0692632905593,3.88280215216493e-05,0.0005193720929465,-2.02208608058422,0.00501762396409645,0.049348802825289,-1.0692632905593,3.88280215216487e-05,0.00051375683432423
10752,"CHL1",-2.63256270601363,3.33404794543969e-15,4.35775942887755e-13,-4.46482336420682,6.28606444316313e-07,2.58840673225973e-05,-2.63256270601363,3.33404794543976e-15,4.28123509032041e-13
10769,"PLK2",1.78579439777826,8.0130244661161e-09,3.02949718382858e-07,4.78655060938774,4.70421461974667e-08,2.63672016094764e-06,1.78579439777826,8.0130244661164e-09,2.98451958222783e-07
10783,"NEK6",1.62890607325493,4.12121451461731e-12,3.00848659567063e-10,2.19229519503444,0.00290894063994638,0.0329620934312788,1.62890607325493,4.12121451461684e-12,2.95565613300951e-10
10840,"ALDH1L1",-2.91281828382607,8.14633785769156e-10,3.86852390169408e-08,-6.77237124276447,5.38684129178031e-10,4.55949864691648e-08,-2.91281828382607,8.14633785769147e-10,3.81378726858521e-08
10841,"FTCD",-3.70134549596206,8.5575127546719e-10,4.0497691394868e-08,-5.74714437817119,8.02530095294692e-14,1.51119122101615e-11,-3.70134549596206,8.55751275467214e-10,3.99242022391849e-08
10848,"PPP1R13L",0.970183581185658,0.00976202400172536,0.0482963292716939,3.63546841278872,2.75732295954206e-06,9.64717650917857e-05,0.970183581185658,0.00976202400172533,0.0478797270335622
10891,"PPARGC1A",-1.35869457618557,0.00016733469570384,0.00177885465828002,-4.40433685513657,1.88735920621107e-06,6.861226233599e-05,-1.35869457618557,0.000167334695703837,0.00176125972066732
10901,"DHRS4",-1.47238159858393,6.14528470492043e-05,0.00076950627089715,-3.27854989210089,4.7391838181746e-06,0.00015303271986279,-1.47238159858393,6.14528470492085e-05,0.00076085283449447
10954,"PDIA5",2.04147590145415,2.68999933071197e-10,1.40906682498821e-08,3.56184488723994,2.85102405093659e-05,0.00072835841569582,2.04147590145415,2.68999933071203e-10,1.38962685731764e-08
11001,"SLC27A2",-1.92767335350404,0.00034622258139247,0.0032701711679493,-2.77494129911347,0.00101597195007299,0.0145527127446779,-1.92767335350404,0.00034622258139248,0.00323949969806718
11006,"LILRB4",1.66292723104965,0.0001140008827171,0.00129730357745399,3.97542775394884,0.0045044457216761,0.045558241309336,1.66292723104965,0.000114000882717102,0.00128410518101478
11098,"PRSS23",1.04406820295248,0.00026366452831356,0.00259952010529835,2.44554267840362,0.00115228700425752,0.0161329807053899,1.04406820295248,0.000263664528313568,0.0025742134940274
11136,"SLC7A9",-2.27191311428898,1.67427785249942e-07,4.61401390516105e-06,-3.46737471097849,0.00029524640088825,0.00522255763673991,-2.27191311428898,1.67427785249938e-07,4.54211031896361e-06
11151,"CORO1A",1.28448710061814,0.00568311246036151,0.0316746990528362,2.97068609932651,7.8637645722185e-05,0.0017737393064039,1.28448710061814,0.00568311246036167,0.0314118060957077
11156,"PTP4A3",1.808595959725,0.00010867867668278,0.00124499679365159,2.39413117962302,0.00347313771700051,0.0377662671657968,1.808595959725,0.000108678676682785,0.00123239242869133
11167,"FSTL1",1.22640224912592,2.64913049223262e-07,6.90228335992985e-06,2.36122291744916,0.00140018121102612,0.0188630521829475,1.22640224912592,2.64913049223275e-07,6.81982497038755e-06
11170,"FAM107A",-1.76595471890774,6.74948634074334e-08,2.03135856448161e-06,-4.64166261564271,1.99323117703526e-07,9.4097355763194e-06,-1.76595471890774,6.74948634074287e-08,2.00007306224695e-06
11178,"LZTS1",1.44048738080793,1.26324407112486e-06,2.7475058054069e-05,2.79863533175441,0.00161033790208289,0.0210348035081896,1.44048738080793,1.26324407112472e-06,2.71215283614246e-05
11181,"TREH",-3.06812849110474,1.1876344673128e-06,2.60368936571898e-05,-4.22008562748424,1.76654774863778e-08,1.1129914932113e-06,-3.06812849110474,1.18763446731279e-06,2.57028499563055e-05
11314,"CD300A",2.74897489778711,4.88254229296378e-07,1.17971849346188e-05,2.89503050317449,0.00265264804077568,0.030701469969171,2.74897489778711,4.8825422929636e-07,1.16515606612439e-05
11346,"SYNPO",1.01735793038598,0.00025730115851998,0.00255329074441669,3.2762166986234,1.78148774512326e-05,0.0004862533081518,1.01735793038598,0.000257301158519964,0.00252856524805006
22837,"COBLL1",-1.66832209584754,8.63323580316385e-12,5.92412640813104e-10,-3.2966865340752,6.11844263922872e-05,0.00143011129973269,-1.66832209584754,8.63323580316438e-12,5.82009591670327e-10
22846,"VASH1",2.22773950820836,9.49816642701833e-09,3.52304962282161e-07,3.48277393034003,1.06985764842752e-05,0.00031400603029766,2.22773950820836,9.49816642701808e-09,3.47056308768251e-07
22874,"PLEKHA6",-0.949253738561944,4.59911508636676e-06,8.38386232031888e-05,-2.39560235920151,0.00131409400116765,0.0178467596155338,-0.949253738561944,4.59911508636684e-06,8.28062507472705e-05
22885,"ABLIM3",1.47375723667475,9.30170888198377e-06,0.00015361811395468,2.13527458277968,0.00417447687032391,0.0430523433044667,1.47375723667475,9.30170888198384e-06,0.000151834068832673
22925,"PLA2R1",-1.2563658922525,0.00062218348070346,0.00529376694927117,-2.61011859383548,0.0005453441714624,0.00867941402615229,-1.2563658922525,0.00062218348070349,0.00524962444951511
22927,"HABP4",-1.16289118666271,0.00077122193648375,0.00633408130239564,-2.572083815467,0.00090208112248372,0.0131919524709466,-1.16289118666271,0.000771221936483739,0.00627921821836368
22974,"TPX2",2.35712222241267,1.02239186613062e-07,2.98538424910141e-06,4.29332545953515,0.00018135786435675,0.00350967257361993,2.35712222241267,1.02239186613061e-07,2.93921311962452e-06
22977,"AKR7A3",-1.91685629559685,0.00204324365037267,0.0139641199047346,-3.70047255774684,6.47745235310641e-07,2.64125605804648e-05,-1.91685629559685,0.00204324365037263,0.0138498877881515
23078,"VWA8",-0.993697610001786,0.00047518230268197,0.00423276173177653,-2.47546742770887,0.00178398397157588,0.0228053298090314,-0.993697610001786,0.000475182302681982,0.00419930822261269
23129,"PLXND1",1.43212949695809,0.00013704944760035,0.00150783747319396,3.12460710333537,6.31355951397314e-05,0.00146753042849759,1.43212949695809,0.000137049447600358,0.00149332487058159
23171,"GPD1L",-1.0984016503302,0.00058967634320986,0.00507062539737607,-2.80297861453468,0.0002260542594925,0.00417689452572752,-1.0984016503302,0.000589676343209892,0.00502884638551485
23228,"PLCL2",-1.0103071692101,0.00860621518307185,0.0436803613803543,-2.52545719472735,0.00217599107064929,0.026387434408836,-1.0103071692101,0.00860621518307199,0.0432976116840894
23231,"SEL1L3",1.57410656541581,4.00873180480806e-06,7.4446326507694e-05,2.43142991910781,0.00466791532863988,0.0466763681340547,1.57410656541581,4.00873180480818e-06,7.35370488765017e-05
23255,"MTCL1",1.88374676457182,2.78825802338153e-09,1.16310191832487e-07,2.59026728506694,0.00388013304010845,0.0409748894890848,1.88374676457182,2.78825802338147e-09,1.14616106491623e-07
23327,"NEDD4L",-0.868527192994251,3.39120765973004e-06,6.4820242231386e-05,-3.00312577203066,0.00162366820419629,0.0211594521260697,-0.868527192994251,3.39120765972987e-06,6.40387295184003e-05
23341,"DNAJC16",-0.570825598644953,0.00180368064118657,0.0125973094756461,-3.54273244037125,1.87712852102938e-06,6.83886888781118e-05,-0.570825598644953,0.00180368064118654,0.0124840996330175
23428,"SLC7A8",-2.10605540967878,0.00012884212141835,0.00143538563009,-5.69760025326787,5.78639292380515e-09,3.97435077910043e-07,-2.10605540967878,0.000128842121418355,0.00142050635519181
23464,"GCAT",-1.51172309259452,0.00220662776974057,0.0148218469803434,-3.11712818283901,0.00071289125630838,0.0107925425153317,-1.51172309259452,0.00220662776974055,0.0146981953228453
23475,"QPRT",-1.47049197280911,0.00024828067599268,0.00247991557301572,-5.03575875748183,8.48018379758779e-08,4.38640124270907e-06,-1.47049197280911,0.000248280675992688,0.00245602960705019
23480,"SEC61G",1.54567183550566,1.22185950958739e-06,2.66594593157032e-05,2.73815673424959,0.00014885320026511,0.00297688637618502,1.54567183550566,1.22185950958735e-06,2.63168239101696e-05
23551,"RASD2",2.80773795436745,3.24963816156864e-09,1.31355258857303e-07,4.4923728299994,2.10867144938454e-06,7.56728582874422e-05,2.80773795436745,3.24963816156843e-09,1.29429272054232e-07
23612,"PHLDA3",1.8767886457739,9.92806691927682e-10,4.6344486530665e-08,2.88230478844599,0.00019361419877006,0.00369564960955295,1.8767886457739,9.92806691927709e-10,4.56860499223935e-08
23643,"LY96",1.67148928386515,1.83279672881431e-05,0.00027550166819548,3.33254422736838,8.40195124128076e-05,0.00186996415474933,1.67148928386515,1.83279672881441e-05,0.000272754948064069
23710,"GABARAPL1",-1.39748100333355,1.26856852515926e-05,0.00019919719038084,-2.56960439122408,0.00052175041910739,0.00834352602463818,-1.39748100333355,1.26856852515932e-05,0.000197051951897732
25845,"SLC9A3-OT1",-2.80994081652374,8.81492255442543e-20,2.1995635843079e-17,-2.94901789858523,5.31271687679439e-05,0.00126831655467517,-2.80994081652374,8.81492255442428e-20,2.16093819638732e-17
25849,"PARM1",-1.14754691029596,0.00784471636837196,0.0408013573194731,-3.0136565460075,3.61572179788522e-05,0.00089771676460382,-1.14754691029596,0.00784471636837211,0.0404372940851631
25873,"RPL36",0.825010365735199,0.00068895991629109,0.00576541822632861,2.45920084673596,0.00078067775310755,0.0116711672295535,0.825010365735199,0.000688959916291094,0.00571645941621712
25903,"OLFML2B",2.52813061628553,5.99469229602022e-06,0.00010561124142565,5.40050982634088,4.55339846059389e-10,3.95390698451259e-08,2.52813061628553,5.99469229602027e-06,0.000104426920190234
25928,"SOSTDC1",-3.95658766297534,5.20019309702598e-07,1.24818180110525e-05,-7.85891451846056,2.96700172923895e-07,1.34026905607319e-05,-3.95658766297534,5.20019309702605e-07,1.2327284912735e-05
26007,"TKFC",-1.54433904794006,1.43986146323507e-09,6.49778483640039e-08,-3.04554872955311,3.74581201752792e-05,0.00092726829544683,-1.54433904794006,1.43986146323504e-09,6.40467957820301e-08
26027,"ACOT11",-0.793707951445713,0.00397918587471489,0.0238830979027743,-4.76413576501787,3.44332776742632e-05,0.00086234586948625,-0.793707951445713,0.00397918587471481,0.0236916027685458
26051,"PPP1R16B",-2.03635456903483,6.67003008882185e-08,2.01185698767013e-06,-2.6732566056822,0.00095671533141049,0.0137998049887616,-2.03635456903483,6.67003008882192e-08,1.98088140281026e-06
26227,"PHGDH",-2.29399667672556,7.02140136331286e-08,2.1039675176879e-06,-2.37064927755349,0.00143122647097314,0.0192041028238902,-2.29399667672556,7.02140136331223e-08,2.07154386392864e-06
26228,"STAP1",-1.14218828321299,0.00842700768573663,0.0430414043465015,-4.28190836322445,0.00075122488308982,0.0112912805521995,-1.14218828321299,0.00842700768573682,0.042666670907544
26275,"HIBCH",-2.35095655487139,6.00776433492793e-10,2.9341835492011e-08,-3.1880059179207,1.37472427063008e-05,0.000388516088558,-2.35095655487139,6.00776433492779e-10,2.89295309027969e-08
26287,"ANKRD2",-4.89813494547637,2.35056573783509e-11,1.4663256448204e-09,-4.65099213450805,3.42877684145897e-06,0.00011446787068926,-4.89813494547637,2.35056573783499e-11,1.44057626560132e-09
26508,"HEYL",1.95726100371801,9.39624236640145e-06,0.00015480675898738,2.6854281780181,0.00085090643231839,0.0125863556039046,1.95726100371801,9.39624236640152e-06,0.000153006685780425
27124,"INPP5J",-2.88364295743575,5.5474044171269e-09,2.17521652058999e-07,-5.60084502488811,6.49325604887165e-10,5.33433716289412e-08,-2.88364295743575,5.54740441712652e-09,2.14314194143601e-07
27134,"TJP3",-2.42878629232083,1.56752306057551e-05,0.00023956221028216,-3.17402010194087,0.00048362039638035,0.00784607378793645,-2.42878629232083,1.56752306057547e-05,0.000237204415552628
27253,"PCDH17",1.38243001597185,3.31407398629512e-06,6.36116802628172e-05,2.87699701045648,0.00271191162467888,0.0313224858152952,1.38243001597185,3.31407398629511e-06,6.28462159735822e-05
27254,"CSDC2",-3.43290043250561,5.82112039194574e-09,2.26957546190521e-07,-7.93531433417892,6.28337442492743e-10,5.18734344765314e-08,-3.43290043250561,5.82112039194574e-09,2.23607311238189e-07
27283,"TINAG",-2.18869313950334,0.0001086246635046,0.00124499679365159,-3.41891406946529,0.00083950049104311,0.012461637492818,-2.18869313950334,0.000108624663504605,0.00123239242869133
27294,"DHDH",-2.1816506837169,0.00133712590479096,0.00989790502554001,-3.38980604997088,2.65331377581644e-05,0.00068200744737588,-2.1816506837169,0.00133712590479093,0.00980874242344727
27299,"ADAMDEC1",2.32315310429305,0.00013711608616628,0.00150783747319396,6.49424463439223,1.1775952434639e-05,0.00034349467110071,2.32315310429305,0.000137116086166284,0.00149332487058159
27344,"PCSK1N",-4.18534933959056,1.22304065419218e-14,1.48539910956934e-12,-3.05734351604539,2.73754938909055e-05,0.00070150749559279,-4.18534933959056,1.22304065419213e-14,1.45931479119226e-12
27350,"APOBEC3C",1.50217252377145,2.22752404612107e-05,0.00032418388132519,3.60369250080797,3.04381233165161e-06,0.00010453125177489,1.50217252377145,2.22752404612123e-05,0.000320872934977057
28970,"BKGD",-1.93953838903148,5.39590766746991e-06,9.62983573840794e-05,-3.61301812072317,2.98762844757972e-06,0.0001030240023724,-1.93953838903148,5.39590766747005e-06,9.51019909549002e-05
28999,"KLF15",-2.21467438005737,3.65118161863108e-06,6.89254697855475e-05,-3.3260031227707,1.17852757254557e-05,0.00034349467110071,-2.21467438005737,3.65118161863113e-06,6.80897396459247e-05
29842,"TFCP2L1",-3.33933728407761,4.08764808556417e-16,6.30324520520029e-14,-5.34042393583889,9.72745364090339e-10,7.65363359473709e-08,-3.33933728407761,4.08764808556381e-16,6.19255720647829e-14
29923,"HILPDA",4.45283644755469,2.26278195695385e-30,2.15004318790981e-27,4.28744427061894,2.17564315743017e-06,7.79094095627611e-05,4.45283644755469,2.26278195695399e-30,2.11228740182088e-27
29958,"DMGDH",-1.30402687414593,6.6893574878529e-07,1.55075577978536e-05,-3.13001938702626,0.00034863034420419,0.00602961397163885,-1.30402687414593,6.68935748785211e-07,1.53128365040255e-05
29968,"PSAT1",-2.22450703438912,3.87430995754133e-06,7.25389220426975e-05,-4.15691661043005,1.19078084111629e-05,0.00034586301761296,-2.22450703438912,3.8743099575414e-06,7.16561332750764e-05
30846,"EHD2",1.07188560116582,0.00089775380957812,0.00717575613433324,2.5041671568703,0.00061392793454611,0.00959777822300223,1.07188560116582,0.000897753809578156,0.00711605797445166
50507,"NOX4",-1.41071890548788,0.00738875313899785,0.0390763961771123,-3.49269785782574,1.44974697047557e-05,0.00040629280063879,-1.41071890548788,0.00738875313899803,0.0387334986676168
50509,"COL5A3",2.0559866473577,2.46648622681424e-05,0.00035297243979977,3.67739753694131,0.0002923487390286,0.00518462700251885,2.0559866473577,2.46648622681423e-05,0.000349323884413196
50515,"CHST11",1.35232703872501,6.16481610412414e-05,0.00077093707389619,2.97848099801623,0.00043698393044977,0.00724373263146174,1.35232703872501,6.16481610412406e-05,0.000762258622650187
50615,"IL21R",0.891509917763278,0.00995950838579951,0.0490940889798048,4.06826622721627,0.0002033745043017,0.00383391824251102,0.891509917763278,0.00995950838579954,0.048668857126822
50617,"ATP6V0A4",-5.45369549281442,3.82617301559605e-21,1.25024758252477e-18,-8.12492180242737,6.44364197908568e-20,2.73351483833666e-17,-5.45369549281442,3.82617301559598e-21,1.22829263736382e-18
50861,"STMN3",0.942459802654182,0.00578011575215937,0.0321159144059252,3.19993685040936,0.00011902828153804,0.00247186489503842,0.942459802654182,0.0057801157521594,0.0318485086580978
51084,"CRYL1",-1.35276433352194,2.10048005427125e-10,1.11732512654336e-08,-2.33935922113406,0.00105912656140317,0.0150550483821508,-1.35276433352194,2.10048005427089e-10,1.10197558644881e-08
51109,"RDH11",-0.917288793400602,0.00192035067122212,0.0132710656854351,-2.19431357489008,0.00417414424339114,0.0430523433044667,-0.917288793400602,0.00192035067122212,0.0131572696061988
51129,"ANGPTL4",4.26617100879184,2.67834300864912e-13,2.50051560889119e-11,7.77678677692012,1.9265731496645e-21,1.07624798050758e-18,4.26617100879184,2.67834300864882e-13,2.45660535956545e-11
51179,"HAO2",-5.34125928582507,2.56033909221283e-12,1.93837337365346e-10,-7.35989237803904,1.21132590203695e-23,8.45858783009885e-21,-5.34125928582507,2.5603390922128e-12,1.90433461067982e-10
51181,"DCXR",-2.87875935637493,2.96943784807398e-12,2.20284135280905e-10,-3.10340405553488,0.00058466413455606,0.00922635238326284,-2.87875935637493,2.96943784807398e-12,2.16415840570711e-10
51192,"CKLF",1.28538868464025,5.36087758723309e-09,2.10809982828616e-07,2.25672878670488,0.00378447980347572,0.0403204685482832,1.28538868464025,5.36087758723266e-09,2.0770319686396e-07
51268,"PIPOX",-1.12099180656732,0.00362344808266363,0.0221014228828781,-3.71546048257974,2.11771725999767e-05,0.00055959800367027,-1.12099180656732,0.00362344808266352,0.0219277156636231
51284,"TLR7",1.96403907998246,3.1628585709988e-06,6.13094223564795e-05,3.83860492724117,0.00057792553102887,0.00913722073067248,1.96403907998246,3.16285857099891e-06,6.05750314101964e-05
51302,"CYP39A1",-2.36766111692484,2.22561063709358e-07,5.96346966942306e-06,-4.95794665631016,0.00012549352680869,0.00258054725863429,-2.36766111692484,2.22561063709346e-07,5.89321151676518e-06
51303,"FKBP11",1.57885075050664,8.8840385115972e-05,0.00105016834223221,3.04579466604755,0.00036966632805018,0.00633459917361252,1.57885075050664,8.88403851159777e-05,0.00103888544017236
51393,"TRPV2",1.65111830433338,5.33194889380482e-05,0.00068452447725516,3.0755601940768,0.0001639796913349,0.00322930158293975,1.65111830433338,5.33194889380506e-05,0.000676936600142878
51449,"PCYOX1",-0.81177564545987,0.0041047224328878,0.0244820559187102,-2.32753020959208,0.00138972372572621,0.0187912090755925,-0.81177564545987,0.00410472243288781,0.0242843231955359
51458,"RHCG",-4.39186892322216,2.64457312290483e-15,3.52370112026659e-13,-7.54406972345984,2.36731361135397e-18,8.09669567605737e-16,-4.39186892322216,2.6445731229046e-15,3.46182324428376e-13
51473,"DCDC2",-1.14689272715807,0.0032786535533941,0.0203392513874974,-2.56257367458052,0.00185817243158079,0.0234478127272653,-1.14689272715807,0.00327865355339421,0.0201734313206236
51559,"NT5DC3",2.68269021403843,3.60224199325184e-08,1.17707545512829e-06,3.91885809943716,8.40249059570331e-06,0.00025372493674485,2.68269021403843,3.60224199325202e-08,1.15916536503621e-06
51655,"RASD1",-2.10410156136687,0.00038298117153703,0.00353465608485155,-2.70173897611253,0.00194120437349466,0.0242238600859248,-2.10410156136687,0.000382981171537034,0.00350321243950735
51703,"ACSL5",1.32573660089859,0.00127029558896429,0.00951612263261239,2.97130184959263,0.00361962717265533,0.0388469466542444,1.32573660089859,0.00127029558896423,0.00943138514647837
51705,"EMCN",-1.29276453191006,0.0017048639068951,0.012048173150478,-2.36085696067609,0.00143593192233435,0.0192210727527167,-1.29276453191006,0.00170486390689507,0.0119411324969695
51751,"HIGD1B",2.37859786392762,0.0001853164011609,0.00194143686223831,4.16333596145067,3.12811426155094e-06,0.00010655298152303,2.37859786392762,0.000185316401160903,0.00192201618219419
53354,"PANK1",-1.60828117523033,1.62712629880509e-09,7.22675771029162e-08,-3.18275220244484,0.00017239367309166,0.00336338249981753,-1.60828117523033,1.62712629880513e-09,7.12290385934726e-08
53405,"CLIC5",-4.43587010216261,1.12900309535638e-13,1.09889634614688e-11,-5.78779968610261,5.76664931701043e-12,7.60970676407699e-10,-4.43587010216261,1.12900309535632e-13,1.07959920104179e-11
54097,"FAM3B",-3.20837730289117,1.51093584606075e-09,6.75442460955627e-08,-2.92356842357093,0.00051984049834031,0.00832119205760684,-3.20837730289117,1.51093584606072e-09,6.6574993504695e-08
54209,"TREM2",3.70147320982847,4.49716805076682e-14,4.71138429990258e-12,6.18327370162238,1.56585999038771e-11,1.9016121433991e-09,3.70147320982847,4.49716805076691e-14,4.62865013957941e-12
54437,"SEMA5B",3.05542277751193,1.44405739952064e-09,6.49778483640039e-08,6.38685531360933,8.30326440806094e-14,1.54616009127437e-11,3.05542277751193,1.44405739952067e-09,6.40467957820301e-08
54566,"EPB41L4B",-1.57409471999292,1.21171601928278e-08,4.39936260545947e-07,-4.18549680288103,0.00026055383467406,0.00472578107716738,-1.57409471999292,1.21171601928287e-08,4.33357217188089e-07
54567,"DLL4",1.5534581820449,7.7086537493424e-05,0.00093210188595572,3.01785470513336,0.00011038912204395,0.00233292723371336,1.5534581820449,7.7086537493427e-05,0.000921416476084997
54657,"UGT1A4",-2.25341204062548,0.00448440230307612,0.0262191311162327,-6.98079982361302,1.41849212134797e-05,0.00039886760841729,-2.25341204062548,0.0044844023030761,0.0260135279938045
54658,"UGT1A1",-1.07257705689478,0.00635462845419797,0.0345741364441144,-2.65724537037996,0.00463819992133006,0.0464888641665091,-1.07257705689478,0.00635462845419806,0.0342794944642534
54756,"IL17RD",-0.933039826167527,0.007798653687251,0.04060270227763,-3.46192369938375,5.4336673625457e-05,0.00128888046927611,-0.933039826167527,0.00779865368725098,0.0402408142614638
54762,"GRAMD1C",-1.05428232076663,5.78679772428145e-05,0.00073406576809282,-2.59856696767687,0.00144316953270391,0.0192871436990309,-1.05428232076663,5.78679772428182e-05,0.000725871247029035
54769,"DIRAS2",2.64374524665402,1.98147231061449e-05,0.00029319583723271,2.61611341611364,0.00404975811528273,0.0422457156379064,2.64374524665402,1.98147231061451e-05,0.000290236461840968
54810,"GIPC2",-1.498041026421,0.00137527015019037,0.010125647822539,-2.09230554376853,0.00422805390937856,0.0434978241051414,-1.498041026421,0.00137527015019039,0.0100339650622386
54836,"BSPRY",-2.21257505617743,5.1566663126497e-05,0.00066622759384196,-4.52810871074478,4.53677128883725e-05,0.00109555835777555,-2.21257505617743,5.15666631264986e-05,0.000658867048227089
54845,"ESRP1",-2.49374323437259,9.47308648852547e-11,5.30647505993974e-09,-3.19553724444499,0.0031181924272622,0.0347689866190866,-2.49374323437259,9.4730864885262e-11,5.23465676740978e-09
54852,"PAQR5",-1.26900494405294,5.74060472050988e-06,0.00010191986957862,-3.23797975134763,5.73868172086586e-05,0.00135266620196893,-1.26900494405294,5.74060472050961e-06,0.000100781996675301
54886,"PLPPR1",-3.81810434872957,4.68555506259525e-24,2.29659134568061e-21,-8.85788782598798,2.47010319697969e-10,2.29980330434347e-08,-3.81810434872957,4.68555506259499e-24,2.25626210389173e-21
54897,"CASZ1",-1.49236518865309,2.33723411880293e-05,0.0003383565511229,-2.8013606304564,0.00453921264045615,0.0458821861528375,-1.49236518865309,2.33723411880302e-05,0.000334887647436994
54972,"TMEM132A",1.62038136415726,0.00050930797454168,0.00449212252095767,3.37671399105719,7.35458778682792e-05,0.00168152164692291,1.62038136415726,0.000509307974541692,0.00445619689860197
54996,"MTARC2",-1.01663022920845,0.0032634701046802,0.0202660016817335,-2.87622076570824,9.00346775579019e-05,0.00197240674665736,-1.01663022920845,0.00326347010468013,0.0201011271911385
55224,"ETNK2",-2.07937851783225,0.00040026877860249,0.00367444061373953,-3.54867452674774,8.57296815037996e-05,0.00189794416423009,-2.07937851783225,0.000400268778602491,0.00364158160721821
55240,"STEAP3",1.46844580615616,0.00071758991223135,0.00596860845785639,2.712799056636,0.00055279379175525,0.00878963107782387,1.46844580615616,0.000717589912231357,0.00591759314166079
55281,"TMEM140",1.18561919152636,1.36488581172967e-07,3.85425779427531e-06,2.31618245950239,0.00130785833469278,0.0177764783707351,1.18561919152636,1.36488581172984e-07,3.79438255660896e-06
55321,"TMEM74B",2.35402789210118,0.00047836442759626,0.00425199054684658,3.37374813982427,0.00012972503103669,0.00264806552392677,2.35402789210118,0.000478364427596258,0.00421830449789427
55349,"CHDH",-2.20857787640976,1.5487765470679e-09,6.901106925961e-08,-4.20333834978159,6.58127291408252e-08,3.52381957722393e-06,-2.20857787640976,1.54877654706796e-09,6.80200462023365e-08
55366,"LGR4",-0.860313079712281,0.00616385642213067,0.033696729193607,-2.22912291804177,0.00497685681778124,0.0490919031248945,-0.860313079712281,0.00616385642213068,0.0334110334762913
55449,"DHRS4-AS1",-0.762253396297188,0.00077541274042155,0.00635708748479414,-3.02468528130273,8.85278771972487e-05,0.00194703240675681,-0.762253396297188,0.000775412740421577,0.00630192283249194
55526,"DHTKD1",-0.955769948114713,0.00044013071886474,0.00397438731998707,-2.16229651315884,0.00475520237908463,0.0472952146415901,-0.955769948114713,0.000440130718864746,0.00393827781814585
55536,"CDCA7L",1.84669429944135,2.4385876513557e-05,0.00034970926778689,3.30144982254428,9.32239375366868e-05,0.00202901294698355,1.84669429944135,2.43858765135574e-05,0.000346099761086626
55586,"MIOX",-4.73504572150348,9.69073147019055e-10,4.53909893163465e-08,-6.79147974982059,5.01294119324679e-19,1.90586058686136e-16,-4.73504572150348,9.69073147019017e-10,4.47466206892377e-08
55600,"ITLN1",-3.98359517468418,0.00017789043720983,0.00187509090650363,-3.91621073680836,0.00046587366157152,0.00762458661550509,-3.98359517468418,0.000177890437209828,0.00185642164465953
55630,"SLC39A4",-1.91420243170438,5.7686270038573e-06,0.00010215308000121,-3.74908752117983,1.00836069039706e-05,0.00029699678049849,-1.91420243170438,5.76862700385718e-06,0.000101010906354554
55723,"ASF1B",2.84535219146126,3.63350091714552e-08,1.18166271532951e-06,4.4537907497793,0.00025395830564524,0.00461774573760594,2.84535219146126,3.63350091714567e-08,1.16366966427257e-06
55753,"OGDHL",-2.11981658382821,3.39153104953221e-05,0.00046359932394203,-4.45837931580601,1.52018057313786e-07,7.44932930561915e-06,-2.11981658382821,3.39153104953234e-05,0.000458656099707568
55840,"EAF2",-1.63905730835028,8.54047238661222e-06,0.00014207205216226,-2.5103068975339,0.00180580884035901,0.0229791574453885,-1.63905730835028,8.54047238661208e-06,0.000140428279498403
55867,"SLC22A11",-2.05074374467129,0.00045088535170256,0.00405767250279736,-2.55558543859809,0.00189225249519145,0.0237768742034916,-2.05074374467129,0.000450885351702574,0.0040206925906123
55885,"LMO3",-2.70841519948203,2.95637727131373e-09,1.21114393049282e-07,-3.5045021763572,0.0047823352223229,0.0475368659495312,-2.70841519948203,2.95637727131392e-09,1.19343816614148e-07
56005,"MYDGF",1.51123142288709,0.00012938366084207,0.00143538563009,2.12148792110996,0.00411525028314778,0.0427572718507586,1.51123142288709,0.000129383660842072,0.00142050635519181
56241,"SUSD2",-2.91384456009037,2.22913140513992e-07,5.96346966942306e-06,-2.84966123719121,8.56690020012273e-05,0.00189794416423009,-2.91384456009037,2.22913140513999e-07,5.89321151676518e-06
56603,"CYP26B1",-2.25645923736291,0.00013859074142314,0.00152161546823297,-3.17986424780422,0.00365933089121425,0.0392365492040049,-2.25645923736291,0.000138590741423142,0.00150695077952276
56649,"TMPRSS4",-1.51262742682295,0.00065403559038352,0.00551788369408518,-6.66505202586906,1.7735805086991e-15,4.07170352675182e-13,-1.51262742682295,0.000654035590383505,0.00547136793914756
56670,"SUCNR1",-2.03710357967431,4.86186017235494e-05,0.00063426016164828,-5.43340607328418,1.08738004087395e-10,1.09779530753051e-08,-2.03710357967431,4.86186017235481e-05,0.000627296274678085
56848,"SPHK2",-1.40860257207854,0.00803412422030488,0.0414356711008884,-2.45489509196259,0.00141124980200655,0.018996895929179,-1.40860257207854,0.00803412422030474,0.0410629631775469
56901,"COXFA4L2",5.53741506017071,9.18135190342553e-14,9.0650988145764e-12,8.21635406035205,1.45243604974974e-29,2.028447979813e-26,5.53741506017071,9.18135190342597e-14,8.90591134632319e-12
56911,"MAP3K7CL",2.21974254357259,1.85366145464724e-10,9.97633325630538e-09,3.25424311161721,9.45891070249189e-05,0.00204912747916481,2.21974254357259,1.85366145464719e-10,9.83973125708977e-09
56920,"SEMA3G",-1.38842231874864,1.71750550703925e-06,3.58767817025977e-05,-3.23861976759861,0.0005109744331819,0.00820608532916602,-1.38842231874864,1.71750550703928e-06,3.54626749638754e-05
56924,"PAK6",-1.47355186339775,0.00014282334695134,0.00156183873590463,-3.18550795553506,0.00331445129494438,0.0364480900603496,-1.47355186339775,0.000142823346951351,0.00154673669634141
56934,"CA10",-3.4697437486681,2.69889967350964e-12,2.01441648046342e-10,-6.86519144762229,2.17739903359445e-07,1.01646324245151e-05,-3.4697437486681,2.69889967350964e-12,1.97904236418619e-10
56937,"PMEPA1",1.03352081508684,0.00229690684312796,0.0152965360046693,3.58749479696485,7.02258857571855e-06,0.00021515824852005,1.03352081508684,0.00229690684312788,0.01516775036939
57007,"ACKR3",1.59992865816852,5.49791216247556e-05,0.00070319987435055,3.45541904785337,2.15028551561938e-05,0.00056661375717398,1.59992865816852,5.49791216247581e-05,0.000695387895747292
57111,"RAB25",-4.74328495474053,4.97215084229594e-11,2.96686078955085e-09,-7.74678314302628,4.36419641768963e-14,8.70709140048341e-12,-4.74328495474053,4.97215084229615e-11,2.91476129594257e-09
57125,"PLXDC1",2.03598547185883,1.44604569974272e-06,3.0960267056582e-05,3.22691926821234,0.00010752728576881,0.00227819188647232,2.03598547185883,1.44604569974268e-06,3.05596146859412e-05
57127,"RHBG",-5.24686525512993,3.44764005420614e-09,1.38754874205059e-07,-7.45291739914213,2.32679527938454e-13,3.89947620872056e-11,-5.24686525512993,3.44764005420616e-09,1.36719208384887e-07
57134,"MAN1C1",-2.60436617207399,7.86984833314489e-09,2.99185037462827e-07,-2.4806160719363,0.00141604288341591,0.0190461177232482,-2.60436617207399,7.86984833314497e-09,2.94747680766093e-07
57402,"S100A14",-2.41366776023421,8.06537507392368e-13,6.87510605680301e-11,-2.86924630425135,0.00199400636739266,0.0247171247863415,-2.41366776023421,8.06537507392415e-13,6.75437590818132e-11
57476,"GRAMD1B",-1.5712622622925,1.75672726699987e-06,3.65847117030444e-05,-3.15816133938993,4.82205566734905e-05,0.00115612061415025,-1.5712622622925,1.75672726699975e-06,3.61617614365765e-05
57530,"CGN",-2.0815454869167,1.26072317698619e-08,4.54360221676197e-07,-3.30919658500027,0.00012020627702159,0.00249323885718421,-2.0815454869167,1.26072317698614e-08,4.47556126999123e-07
57561,"ARRDC3",0.726092238224947,0.0010823535912209,0.00837329238213962,2.26282724720077,0.00349976227091258,0.0379382379678033,0.726092238224947,0.00108235359122093,0.00830112256566086
57565,"KLHL14",-1.83920664039887,0.00027793321323972,0.00271871376942408,-6.68635102998264,0.00016967317758701,0.00332579272886648,-1.83920664039887,0.000277933213239724,0.00269207867393046
57669,"EPB41L5",-1.1701393017172,6.8669722976542e-08,2.06219535695856e-06,-2.3834869774035,0.00260670478737043,0.030379530967692,-1.1701393017172,6.86697229765491e-08,2.03042516423862e-06
57733,"GBA3",-2.47344331971001,2.38299784243578e-05,0.0003433637799014,-4.16620508887384,3.47818498338703e-08,2.01003110815804e-06,-2.47344331971001,2.38299784243587e-05,0.000339830277857985
57761,"TRIB3",3.44563841583189,4.47697006787782e-08,1.41245832670242e-06,6.43204506450817,4.61663917440575e-16,1.17227660490706e-13,3.44563841583189,4.4769700678778e-08,1.39085224482019e-06
58475,"MS4A7",2.06335107718754,6.56293658793844e-10,3.19396247279671e-08,3.69704922588444,1.286035385427e-06,4.88722608262384e-05,2.06335107718754,6.56293658793855e-10,3.14904177989948e-08
58510,"PRODH2",-3.20829209442514,3.3295494317126e-10,1.70502747764268e-08,-2.39885587305702,0.00096711438167599,0.0139242868750068,-3.20829209442514,3.32954943171243e-10,1.68136011190182e-08
59272,"ACE2",-2.61602058266016,2.36144606144765e-05,0.00034114195523481,-2.65611022147034,0.0014948765588768,0.0198370899973778,-2.61602058266016,2.36144606144757e-05,0.000337639207279933
59345,"GNB4",1.40163627541807,2.59610489487539e-08,8.86292128787808e-07,2.55793428164413,0.00143266710242364,0.0192080543756142,1.40163627541807,2.59610489487542e-08,8.72899807920331e-07
60401,"EDA2R",2.93254598413449,2.61834145611482e-14,2.89791275352579e-12,3.89345038179538,2.23182812953178e-05,0.00058625717277152,2.93254598413449,2.61834145611475e-14,2.8470240203867e-12
60676,"PAPPA2",-2.25389769186839,6.92826810682569e-07,1.5980428823206e-05,-9.12017256532507,1.75874219917791e-08,1.1129914932113e-06,-2.25389769186839,6.92826810682616e-07,1.57793646764083e-05
60681,"FKBP10",1.41631844841938,0.00164208900317998,0.0117300860773413,3.89472080757078,4.68775782175097e-07,1.97392294810866e-05,1.41631844841938,0.00164208900317991,0.011626939897855
63976,"PRDM16",-1.85426060966199,2.68329836400823e-06,5.28344142720932e-05,-4.0770028724473,0.00013191120543467,0.00268087779968234,-1.85426060966199,2.68329836400809e-06,5.22062219941142e-05
64081,"PBLD",-1.05204704719685,3.10768501288472e-05,0.00043211620179158,-4.09634536725087,6.63324633502074e-08,3.54033679390486e-06,-1.05204704719685,3.10768501288463e-05,0.000427560377844117
64084,"CLSTN2",-3.5243971095551,1.24473802245725e-10,6.88821960492068e-09,-2.49473061741358,0.00341030543634818,0.0373063373418793,-3.5243971095551,1.2447380224572e-10,6.79465698655482e-09
64098,"PARVG",0.95089187646415,0.00942733090045617,0.0470475233737675,2.68983419160248,0.00253700300945874,0.0297534173796494,0.95089187646415,0.00942733090045625,0.0466453954241657
64108,"RTP4",1.94945989520721,3.27330220458746e-06,6.30938194603347e-05,3.38875825053299,6.08103333406389e-05,0.00142797006116461,1.94945989520721,3.27330220458742e-06,6.23360644413166e-05
64220,"STRA6",-3.07379668180393,3.07139717800311e-12,2.26622875650079e-10,-5.26976573216889,5.92987155590787e-11,6.21116983784125e-09,-3.07379668180393,3.07139717800305e-12,2.22643269629113e-10
64231,"MS4A6A",1.42914707576475,2.67533200268222e-06,5.2753241960935e-05,2.68721015999891,0.00191317784951209,0.0239633389984851,1.42914707576475,2.67533200268237e-06,5.21264470985063e-05
64333,"ARHGAP9",1.14954851948159,0.00398984015893038,0.0239320657085492,3.06138000395717,0.00070202042436754,0.0106617526897783,1.14954851948159,0.00398984015893032,0.0237400771680748
64344,"HIF3A",-1.00792773365462,0.00384630265156789,0.0231927318058514,-3.12099826815858,0.00300952720973952,0.0338501117503521,-1.00792773365462,0.00384630265156798,0.0230078521078488
64478,"CSMD1",-1.15064164732593,0.00012525936703119,0.00140331392092747,-3.79345683360289,0.0021730745429896,0.0263711486357442,-1.15064164732593,0.000125259367031196,0.00138887503756711
64849,"SLC13A3",-7.14222465789266,8.18851051023848e-23,3.21083194978608e-20,-7.25853761783745,5.29693706372839e-24,3.85962470656626e-21,-7.14222465789266,8.18851051023776e-23,3.15444820598673e-20
64866,"CDCP1",1.97855795514769,8.74708484189669e-07,1.96472982602603e-05,3.08664035213718,9.2219127761561e-05,0.00200975339682185,1.97855795514769,8.74708484189681e-07,1.93975238360682e-05
64902,"AGXT2",-2.55754507018402,1.17714804027409e-05,0.00018569172074392,-3.89070079438459,5.75238632168629e-06,0.00018189479691535,-2.55754507018402,1.17714804027408e-05,0.000183697766516383
65266,"WNK4",-2.94695788817723,1.00591055478236e-12,8.31968371842621e-11,-2.46461076105358,0.00219120523635093,0.0265143744086681,-2.94695788817723,1.0059105547824e-12,8.17358609556537e-11
65997,"RASL11B",-3.24756185469944,1.70733199211216e-12,1.35441758726863e-10,-3.0209316043833,0.00263051033087589,0.0305460215835879,-3.24756185469944,1.70733199211218e-12,1.3306333670317e-10
78989,"COLEC11",-1.79004559754534,5.64569289020086e-05,0.00071941958426292,-2.81398505421661,0.00046198455674603,0.00757573305920435,-1.79004559754534,5.64569289020067e-05,0.000711410067650239
79153,"GDPD3",-1.62196325497682,0.00022207091845274,0.00225255083876231,-2.82219910458918,0.00043823140260254,0.00725723327689334,-1.62196325497682,0.000222070918452735,0.00222947296611931
79170,"PRR15L",-1.40055246363129,0.00992596488415078,0.0489661905356166,-4.33361495006432,1.82780543657504e-06,6.6882513780701e-05,-1.40055246363129,0.00992596488415099,0.0485425406358389
79365,"BHLHE41",2.11949366754998,3.18321109663404e-05,0.00044172284216588,4.85357264759869,1.18617764296126e-10,1.19036833044239e-08,2.11949366754998,3.18321109663406e-05,0.000437059421750683
79442,"LRRC2",-1.98368913528407,0.00037469085096964,0.00346980920290648,-5.85037430556574,1.59517414763756e-06,5.87549967917753e-05,-1.98368913528407,0.000374690850969641,0.00343904475399841
79626,"TNFAIP8L2",1.36793081249658,0.00660621109220669,0.0355962469687651,4.0059506043825,3.24448257669346e-05,0.00081520664921747,1.36793081249658,0.00660621109220676,0.0352898352441457
79679,"VTCN1",-5.90236162627868,4.59291893931107e-20,1.28639223516541e-17,-4.22805505811744,3.78712738894054e-05,0.0009361130960362,-5.90236162627868,4.5929189393116e-20,1.26380257262731e-17
79690,"GAL3ST4",3.09840726608618,9.40969199548345e-12,6.42480661422959e-10,4.98374413907707,1.53518571331791e-07,7.47912132834151e-06,3.09840726608618,9.4096919954842e-12,6.31198393906037e-10
79709,"COLGALT1",1.33057065572993,0.00021147877796838,0.00216430630040125,2.54161119481928,0.00048447711795283,0.00785237139242904,1.33057065572993,0.000211478777968388,0.00214227525420569
79742,"DIPK2B",1.07811321375717,5.28917354106668e-05,0.0006809438806529,2.45651806485485,0.00281967836215572,0.0321243981450495,1.07811321375717,5.2891735410668e-05,0.000673408185592102
79746,"ECHDC3",-1.28088566017424,0.00060381024022609,0.00516626666886713,-2.03398227123864,0.00505819847937714,0.0496895359413139,-1.28088566017424,0.000603810240226109,0.00512345718626093
79762,"C1orf115",-1.42318960037914,7.41629435516734e-07,1.69353117687715e-05,-2.04740809880726,0.00473881230385625,0.0472162636149387,-1.42318960037914,7.41629435516666e-07,1.6721387423196e-05
79785,"RERGL",-2.04761263069356,1.86463473374818e-05,0.00027906485371821,-8.14380637597626,1.111853510899e-09,8.58689077841303e-08,-2.04761263069356,1.86463473374819e-05,0.000276273297968427
79814,"AGMAT",-3.34640053334392,1.86052771761767e-11,1.18212418502708e-09,-4.84508108862712,2.08629821443565e-11,2.44505397033056e-09,-3.34640053334392,1.86052771761778e-11,1.16136551928891e-09
79850,"TLCD3A",1.81639123478831,3.2893123395678e-05,0.00045323817819506,3.10885407182415,0.00012601904008691,0.00258817780982421,1.81639123478831,3.28931233956787e-05,0.00044843072067132
79861,"TUBAL3",-5.58989389097453,1.21965179975013e-13,1.17876769716695e-11,-3.45576772290021,0.00466286782087644,0.0466763681340547,-5.58989389097453,1.21965179975018e-13,1.15806797295997e-11
79888,"LPCAT1",2.3712904015715,1.26137601616607e-08,4.54360221676197e-07,4.80571618046816,2.84685539093302e-10,2.62145326904651e-08,2.3712904015715,1.26137601616604e-08,4.47556126999123e-07
79930,"DOK3",1.45615240934347,5.66055027656458e-06,0.00010062874610825,2.82391043571882,0.00353141641950917,0.0381333812980375,1.45615240934347,5.66055027656477e-06,9.95061269607859e-05
79944,"L2HGDH",-1.50116431649597,3.23425946067992e-07,8.29663118474228e-06,-2.45902422118689,0.00180979547784855,0.0229949677128611,-1.50116431649597,3.23425946067957e-07,8.19690231359824e-06
79966,"SCD5",-2.37140379258006,2.15876557871459e-12,1.66687109951249e-10,-2.56015619782708,0.00463952266645732,0.0464888641665091,-2.37140379258006,2.1587655787143e-12,1.63760004624957e-10
79971,"WLS",-1.29265254523055,1.57676773559047e-05,0.00024017270147884,-2.04950431884685,0.00471907149610465,0.0471035849929827,-1.29265254523055,1.57676773559037e-05,0.000237802677617058
79981,"FRMD1",-1.97634481561822,0.00020998852863735,0.00215226479986486,-4.28180242358073,1.04311732039916e-06,4.09405226523875e-05,-1.97634481561822,0.000209988528637362,0.00213038023447521
80031,"SEMA6D",-2.16871699876404,5.37150169267302e-11,3.19127659005388e-09,-3.29517329470783,0.00010725012844658,0.00227519607928651,-2.16871699876404,5.37150169267308e-11,3.1352362477191e-09
80036,"TRPM3",-2.16858623061534,4.47908253787495e-14,4.71138429990258e-12,-4.0542249710605,2.80710626924289e-07,1.2749131156163e-05,-2.16858623061534,4.47908253787492e-14,4.62865013957941e-12
80144,"FRAS1",-1.11689545658622,0.00020763879818238,0.00213136489622662,-3.68933758531728,0.00021184229062933,0.00396234927305471,-1.11689545658622,0.000207638798182394,0.00210971659072587
80157,"CWH43",-1.80056796096554,0.00108353264954568,0.00837769131400842,-5.03455044404685,9.00140810616878e-06,0.00026986511350855,-1.80056796096554,0.00108353264954571,0.00830544099705786
80301,"PLEKHO2",1.07935259234429,0.00333598451778178,0.0205951648772097,2.22795949552943,0.00460371811856802,0.0462829705753338,1.07935259234429,0.00333598451778173,0.020435747048274
80303,"EFHD1",-2.68036209220895,8.61437991226992e-14,8.5669383997096e-12,-3.37987194191868,3.47646063234481e-06,0.00011559921376481,-2.68036209220895,8.61437991226946e-14,8.41649886645863e-12
80307,"FER1L4",1.76139909025701,8.16784106454446e-05,0.00097389618392535,3.38364118850709,2.44820247392525e-05,0.00063513042198937,1.76139909025701,8.16784106454472e-05,0.000963490823038114
80344,"DCAF11",-0.74008064136084,0.00573875387091567,0.0319248715542953,-2.07114797446832,0.00418455634138066,0.0431297538285354,-0.74008064136084,0.00573875387091569,0.0316594183476089
80381,"CD276",1.64881746878404,6.50419973879841e-08,1.97049971777637e-06,2.7358246916226,0.00021566494756772,0.00401592095143062,1.64881746878404,6.50419973879845e-08,1.94017975836769e-06
80758,"PRR7",2.06124756201131,0.00010206880870413,0.00117614805260755,3.14555360188639,0.00064024721680658,0.00989843460005674,2.06124756201131,0.000102068808704139,0.00116330832439384
80774,"LIMD2",1.23764172815429,3.32481776767123e-05,0.00045767100344553,2.50943299790733,0.00186082647695345,0.0234478127272653,1.23764172815429,3.32481776767145e-05,0.000452813312742568
81033,"KCNH6",-2.09094263348835,0.00113268013871053,0.00867122582512528,-3.63610811194089,4.80190600272978e-06,0.00015446284587283,-2.09094263348835,0.0011326801387105,0.00859565910749579
81553,"CYRIA",1.04966101046682,0.00487536426535755,0.0279950997916152,2.59120679742408,0.00463511368525658,0.0464888641665091,1.04966101046682,0.00487536426535764,0.0277706294199807
81693,"AMN",-1.96631335148891,0.00085697751109174,0.00690614172767061,-2.68844524645023,0.00101833560206895,0.0145631011487005,-1.96631335148891,0.000856977511091743,0.00684921623120923
81831,"NETO2",3.23215954899891,2.65063837049189e-22,9.622094149821e-20,5.1610084208148,4.59806086518104e-10,3.97210835255511e-08,3.23215954899891,2.65063837049184e-22,9.45312557724011e-20
83478,"ARHGAP24",-1.83471770385432,5.48201036591103e-11,3.24289268369668e-09,-3.11117971574102,2.03748894655297e-05,0.00054373052954269,-1.83471770385432,5.48201036591116e-11,3.18594593808535e-09
83543,"AIF1L",-2.60219875720984,8.14958335420391e-09,3.07266159211798e-07,-5.97537735274753,2.16218176245061e-16,5.94032855031307e-14,-2.60219875720984,8.1495833542045e-09,3.02702017533717e-07
83648,"FAM167A",-2.21258921553932,0.0012221306831198,0.00923596998630842,-3.64083335692302,0.00026479686369018,0.00477688981548309,-2.21258921553932,0.00122213068311978,0.00915443777805776
83660,"TLN2",-1.7798725976593,6.90962089863116e-16,1.00880465120015e-13,-2.51386314309157,0.00063531067984962,0.00983118345669421,-1.7798725976593,6.90962089863246e-16,9.91089559321931e-14
83697,"SLC4A9",-6.29547261587927,5.73858742752319e-19,1.29108809598899e-16,-5.71274078477446,1.25749075998003e-07,6.25349781795412e-06,-6.29547261587927,5.73858742752246e-19,1.26841597188992e-16
83706,"FERMT3",1.47157295624756,0.00052936442491184,0.00464217084184676,3.66984390836918,3.5740937382073e-06,0.0001183759623688,1.47157295624756,0.000529364424911846,0.0046047874458622
83715,"ESPN",-2.47016506309046,9.65365347172892e-06,0.00015791029826699,-3.10758927273791,9.8976828988826e-05,0.00213121130737816,-2.47016506309046,9.65365347172864e-06,0.000156067397792946
83876,"MRO",-2.68196752199434,1.14598874681779e-07,3.30410705069901e-06,-3.6660633482936,7.07503432925388e-05,0.00162413049523149,-2.68196752199434,1.14598874681775e-07,3.25291921544079e-06
83953,"FCAMR",-3.35666433768453,1.34729096297954e-10,7.42579163692019e-09,-7.27170276984543,7.95676002554054e-16,1.9609903127652e-13,-3.35666433768453,1.34729096297951e-10,7.32480808623096e-09
84217,"ZMYND12",-2.26787743209024,5.08034426555385e-06,9.14995337276391e-05,-3.44678546307281,0.00022878765679754,0.00421809938423542,-2.26787743209024,5.08034426555385e-06,9.03671262961247e-05
84275,"SLC25A33",-0.987334411953437,0.00829171791970993,0.0424451834129426,-2.98250800101202,0.00015123552262627,0.003017328718683,-0.987334411953437,0.00829171791971002,0.0420764895413813
84417,"ECRG4",-2.50421891743014,7.39474405243884e-05,0.00090129189498819,-5.24306048108125,2.28271219469019e-07,1.05679485278489e-05,-2.50421891743014,7.39474405243876e-05,0.000891003878990454
84440,"RAB11FIP4",-0.91165341156875,5.30466744652005e-05,0.00068229855703881,-2.89622592772635,0.00029542243807085,0.00522255763673991,-0.91165341156875,5.30466744652006e-05,0.000674743690390849
84706,"GPT2",-1.41819731164953,0.00052905753446819,0.00464217084184676,-2.41205627211893,0.00116094563908987,0.0162000732435529,-1.41819731164953,0.000529057534468179,0.0046047874458622
84803,"GPAT3",-2.13042839185372,3.4275247966005e-07,8.74337366329838e-06,-5.26687375159695,2.59596753922824e-09,1.88336883073273e-07,-2.13042839185372,3.42752479660069e-07,8.63800314627423e-06
84816,"RTN4IP1",-0.935342650244652,0.00272713881539204,0.0175714803297842,2.90161823857847,0.00033525140388461,0.005822257282593,-0.935342650244652,0.00272713881539209,0.0174265462786405
84952,"CGNL1",-1.24176309309821,1.59408507639679e-07,4.41073056219145e-06,-2.86993102895139,6.73685378052744e-05,0.00155728182769461,-1.24176309309821,1.59408507639679e-07,4.34203011819353e-06
85028,"SNHG12",2.0518405428688,9.94847877361998e-09,3.68013268703937e-07,3.06795565802063,0.00013476958347565,0.00272449149513683,2.0518405428688,9.94847877361878e-09,3.62527944066762e-07
87769,"GGACT",-1.76310973315902,6.09098149831214e-05,0.00076410082342628,-5.61309545397389,2.57252037953462e-14,5.25766695617326e-12,-1.76310973315902,6.09098149831193e-05,0.00075551705190193
89797,"NAV2",-1.385803132925,6.03526865555319e-06,0.00010591819313147,-2.33871998476564,0.00405517177504226,0.0422457156379064,-1.385803132925,6.03526865555289e-06,0.000104727834340823
90161,"HS6ST2",-5.2474040871309,4.83904580259204e-26,2.76712769144888e-23,-6.31506828096097,2.78477523325276e-09,1.99444650145654e-07,-5.2474040871309,4.83904580259204e-26,2.71853560651452e-23
91319,"DERL3",1.645117000111,0.00070476534364267,0.00587975658124749,3.53076383341496,0.00074309153616952,0.0111952904195033,1.645117000111,0.000704765343642667,0.00582966326891661
91522,"COL23A1",4.35782120482312,1.57538856134384e-14,1.83225700134601e-12,4.97845798675047,1.00734435097725e-09,7.85213208280362e-08,4.35782120482312,1.575388561344e-14,1.80008169259332e-12
91750,"LIN52",-1.65614485558718,4.00144773527194e-09,1.59176431069194e-07,-2.78734202979458,0.00101099270404416,0.0145061872663323,-1.65614485558718,4.00144773527217e-09,1.56835813414752e-07
92211,"CDHR1",1.86745464916877,9.33649135114637e-05,0.0010970377337597,6.36878257080397,6.05490441054865e-14,1.17993189553936e-11,1.86745464916877,9.33649135114667e-05,0.00108520614558199
92292,"GLYATL1",-3.76004997396359,1.43252550946601e-17,2.58683948577784e-15,-4.73906493219344,1.47379561736429e-07,7.24320843149799e-06,-3.76004997396359,1.43252550946593e-17,2.54141334791172e-15
92558,"BICDL1",-1.98899002499044,6.85061283052241e-07,1.58279142232474e-05,-2.72429292631278,0.00395889842047022,0.0415969771966523,-1.98899002499044,6.85061283052222e-07,1.56289023339985e-05
92737,"DNER",-1.68095784371488,1.99364494695058e-05,0.00029451865717922,-5.47363775591231,9.75315657350966e-06,0.00028888531569935,-1.68095784371488,1.99364494695044e-05,0.000291543544682568
93109,"TMEM44",1.48394206361727,4.13087585855588e-05,0.00054934244460097,3.76026799801902,0.00030818430957565,0.00542527399598576,1.48394206361727,4.13087585855588e-05,0.000543381455618624
112399,"EGLN3",4.09596281661584,5.67807826540095e-21,1.81223130498518e-18,5.95004670073808,1.66217272198915e-16,4.6427254413027e-14,4.09596281661584,5.67807826540124e-21,1.78040765703267e-18
112464,"CAVIN3",1.89948021722392,6.10600983584457e-07,1.43491231142347e-05,3.55350905916578,1.08727457726178e-06,4.24746728212826e-05,1.89948021722392,6.10600983584429e-07,1.4169936422838e-05
112609,"MRAP2",-2.80115119648765,1.56594872458327e-08,5.59663549379709e-07,-4.24675640624408,0.00101916393357339,0.0145631011487005,-2.80115119648765,1.5659487245833e-08,5.51271191998869e-07
112817,"HOGA1",-2.88279309064826,5.78767802537256e-08,1.76904439243236e-06,-4.0433615496451,2.30672337226579e-06,8.20772335367354e-05,-2.88279309064826,5.78767802537233e-08,1.74185854500212e-06
113277,"TMEM106A",-1.03693157112043,2.73918569546618e-05,0.00038635749727212,-2.36540097287516,0.00244322738007068,0.0288759151358284,-1.03693157112043,2.73918569546603e-05,0.000382323403022448
113278,"SLC52A3",-2.09298085129259,5.75846326238193e-06,0.00010210484471954,-3.84683335079799,0.00028576894513617,0.00509489548035869,-2.09298085129259,5.7584632623818e-06,0.000100964057433932
114088,"TRIM9",1.93443736827438,0.00022337713540891,0.00226412688799997,3.10468057211597,0.00167424269721006,0.0216836424749176,1.93443736827438,0.000223377135408918,0.00224091809279646
114815,"SORCS1",-1.77471280286226,1.93810907589637e-05,0.00028848816656834,-8.1735669184266,1.29796114961387e-08,8.4312135296042e-07,-1.77471280286226,1.93810907589644e-05,0.000285590433555319
115111,"SLC26A7",-4.23353066969927,8.4357132904594e-20,2.14392091107898e-17,-5.08247820089177,6.13492222277928e-08,3.34734434283286e-06,-4.23353066969927,8.43571329046022e-20,2.10627263509769e-17
115273,"RAB42",3.21325725418712,1.67088167986183e-13,1.59244306766831e-11,5.49062825593277,3.63300038991653e-08,2.07800182711983e-06,3.21325725418712,1.67088167986169e-13,1.5644790062205e-11
115908,"CTHRC1",3.04211631710461,1.30643614771337e-06,2.83695090050923e-05,6.19819213836765,3.84362214651674e-10,3.37252688761644e-08,3.04211631710461,1.30643614771343e-06,2.80042584731641e-05
116085,"SLC22A12",-5.10182387797006,2.19718289068763e-06,4.40849970640308e-05,-7.92226368194431,2.12868578676042e-27,2.74420346925523e-24,-5.10182387797006,2.19718289068759e-06,4.35656131105012e-05
116832,"RPL39L",1.95749951671397,4.69005479819682e-07,1.13721399382426e-05,3.26605687417752,9.16940083095557e-05,0.00200091130893209,1.95749951671397,4.69005479819669e-07,1.12319731517027e-05
118471,"PRAP1",-2.66130210534059,0.00170135503134982,0.0120295705565404,-3.08408759419932,0.00024787417096407,0.00453012348002933,-2.66130210534059,0.00170135503134982,0.0119227494218761
118980,"SFXN2",-2.28789683369229,1.18167196374845e-08,4.31310266768185e-07,-5.21708818912769,5.56057277122963e-10,4.67712723645247e-08,-2.28789683369229,1.18167196374854e-08,4.24866215659241e-07
120071,"LARGE2",-1.52454553103481,0.00468889637128822,0.0271750058275167,-3.05364468613565,0.00061824530734217,0.00964351897256621,-1.52454553103481,0.0046888963712882,0.0269596544878801
120939,"TMEM52B",-5.51442722961055,3.94515712506614e-23,1.59245107012964e-20,-8.35633645392856,6.47979967273938e-27,7.7567830511028e-24,-5.51442722961055,3.94515712506628e-23,1.56448686815496e-20
121506,"ERP27",-2.7016097494029,7.68268493042075e-11,4.3749862234479e-09,-3.67859981165217,5.01100530544781e-06,0.0001605725390325,-2.7016097494029,7.68268493042066e-11,4.31606837153591e-09
123688,"HYKK",-1.71822211794577,2.77910570781882e-09,1.16281849799102e-07,-2.72619301786426,0.00060710104039772,0.00949991254530858,-1.71822211794577,2.77910570781895e-09,1.14589242380804e-07
123876,"ACSM2A",-1.98666321347044,8.35245403195736e-06,0.00013945143447029,-4.85180877304277,1.62355091188727e-08,1.03851487527934e-06,-1.98666321347044,8.35245403195784e-06,0.000137841049832176
123920,"CMTM3",1.02144473269899,0.00260077878003331,0.016964395426415,2.9339231552182,0.00040049995881757,0.00671869750733106,1.02144473269899,0.00260077878003326,0.0168183694442151
124222,"PAQR4",1.77991782034368,0.00021664345564959,0.00220728640336674,2.75065408760598,0.00379169248398544,0.0403716482459416,1.77991782034368,0.000216643455649585,0.0021847447363675
124935,"SLC43A2",-1.45950509627072,0.00042290397921042,0.00384621220058572,-3.02314600184387,0.00050046029370158,0.00806663036913003,-1.45950509627072,0.00042290397921041,0.00381150691958152
124975,"GGT6",-2.23216619042886,2.50254999148155e-08,8.596399207879e-07,-8.42711363266005,1.73905105115292e-24,1.38784555077485e-21,-2.23216619042886,2.5025499914813e-08,8.46660885088191e-07
125061,"AFMID",-2.11244594691046,2.32918742029813e-06,4.65295024107301e-05,-2.86473280554425,8.17242961854776e-05,0.00183349060210498,-2.11244594691046,2.32918742029803e-06,4.59801376103637e-05
126382,"NR2C2AP",1.66126191242481,0.00016945460025306,0.00179582620376301,2.29784725768878,0.0040333672471747,0.0421416469422698,1.66126191242481,0.000169454600253067,0.00177802052545689
126695,"KDF1",-1.02963741413262,0.00187316782215898,0.0129769587033366,-2.64764915949825,0.00343922291298056,0.0374759016896236,-1.02963741413262,0.00187316782215896,0.0128659815314158
127124,"ATP6V1G3",-5.10023593492248,7.3875102443479e-13,6.33663691208941e-11,-8.47849232720786,8.14364402516225e-11,8.32191037912769e-09,-5.10023593492248,7.38751024434747e-13,6.22536253903356e-11
127262,"TPRG1L",-0.874009336517737,0.00205474388699049,0.0140085966741468,-2.37728067494395,0.00322499811428971,0.0356986416098951,-0.874009336517737,0.00205474388699047,0.0138937371255228
128239,"IQGAP3",2.03462956751878,1.1376375171776e-06,2.51011853468575e-05,3.86519400166096,0.00304810804517327,0.0341922642095441,2.03462956751878,1.13763751717761e-06,2.47799138030788e-05
130013,"ACMSD",-1.69087702562365,0.00045167602547957,0.00406212436021078,-2.83494907868558,0.00027996593153038,0.00500207787475243,-1.69087702562365,0.000451676025479591,0.00402508119731746
130589,"GALM",-1.49241270691864,6.44957411816606e-07,1.50023652877476e-05,-3.10926210285821,1.63208015073228e-05,0.0004513536509261,-1.49241270691864,6.44957411816626e-07,1.48142432428e-05
130733,"TMEM178A",-2.32562145349591,1.21354684867794e-09,5.5701394485806e-08,-3.14466101164956,0.00065472273695406,0.0100850168645342,-2.32562145349591,1.21354684867791e-09,5.49068864453833e-08
132158,"GLYCTK",-1.45487848295777,7.94890461655671e-05,0.00095609786991782,-2.39552941510579,0.0012215004608253,0.0167810501373588,-1.45487848295777,7.94890461655712e-05,0.000945940696778814
133121,"ENPP6",-3.39128009769289,1.43746227761623e-07,4.01786808513342e-06,-7.43292042922767,6.52429103964834e-20,2.73351483833666e-17,-3.39128009769289,1.43746227761615e-07,3.95536814063236e-06
133308,"SLC9B2",1.39824449892722,0.00071071072860737,0.00592575579550886,3.08482812316563,0.00390593818966019,0.0411436946074891,1.39824449892722,0.000710710728607357,0.00587523773992213
133688,"UGT3A1",-1.90768063914959,0.00014901632590254,0.0016077830634328,-5.32225825819135,6.34986545713382e-07,2.60826949010063e-05,-1.90768063914959,0.000149016325902541,0.00159206586540726
134147,"CMBL",-1.19493521606776,0.00050259375496087,0.00444146599683393,-2.8275308724823,0.00023063363657056,0.00424746056624839,-1.19493521606776,0.000502593754960871,0.00440602834729351
134265,"AFAP1L1",1.56547787051593,1.73444696622905e-05,0.0002621536361732,2.1985213725848,0.00502931306468027,0.0494347552205142,1.56547787051593,1.73444696622906e-05,0.000259551037132812
134288,"TMEM174",-3.45437124660094,7.27037970262232e-05,0.00088771077436644,-9.29955116534251,2.97240673597841e-20,1.34633958076384e-17,-3.45437124660094,7.27037970262214e-05,0.000877587551749814
135112,"NCOA7",-1.10132689165465,0.00186048919673154,0.0129045767303749,-2.45021357305734,0.00095840741641689,0.0138107909645149,-1.10132689165465,0.00186048919673148,0.0127943371235344
135892,"TRIM50",-1.76982379217746,0.00635605845588025,0.0345741364441144,-5.54449336797092,6.15181131089278e-08,3.34734434283286e-06,-1.76982379217746,0.00635605845588026,0.0342794944642534
138046,"RALYL",-3.00404951990945,7.17390686304853e-11,4.11944342211205e-09,-8.40851934008101,1.3144856883363e-11,1.63181227043171e-09,-3.00404951990945,7.17390686304866e-11,4.0641086653145e-09
140462,"ASB9",-1.17157643722719,0.00019410127006916,0.00201653734324698,-3.48679394230356,1.75923227327888e-05,0.00048096205004699,-1.17157643722719,0.000194101270069169,0.00199623754717208
143662,"MUC15",-7.45131095622486,1.27132133724914e-23,5.45237938512725e-21,-8.90168163411153,2.13505822692611e-08,1.3252385490761e-06,-7.45131095622486,1.27132133724923e-23,5.35663299691606e-21
144193,"AMDHD1",-1.89519179474437,6.5588511665476e-06,0.00011351030694791,-2.83213944285677,0.00119945733786779,0.0165582417836295,-1.89519179474437,6.55885116654757e-06,0.000112224606952488
145226,"RDH12",-3.35755579289488,9.22519142072545e-11,5.18879209254246e-09,-4.81375096699522,2.04325679333444e-06,7.34827051491241e-05,-3.35755579289488,9.22519142072463e-11,5.11865250722758e-09
145407,"ARMH4",-1.68525250468717,1.23441432537508e-07,3.53676455145044e-06,-3.21176301378508,0.00014361077385678,0.0028858188957625,-1.68525250468717,1.23441432537513e-07,3.48192643285206e-06
146325,"PRR35",-6.73840200990642,4.17158034302212e-22,1.43126921569089e-19,-7.98310001888531,1.24033260417924e-07,6.18652800995232e-06,-6.73840200990642,4.17158034302212e-22,1.40613544412418e-19
146556,"C16orf89",-2.35255244092698,0.00029495527311455,0.00285470110594087,-5.05365202442347,1.76225388293292e-07,8.46235324471998e-06,-2.35255244092698,0.000294955273114556,0.00282850778620452
146802,"SLC47A2",-3.58626535560843,4.34471978945829e-07,1.06286870571347e-05,-7.07358236234603,9.06774675500229e-19,3.1659659972309e-16,-3.58626535560843,4.34471978945815e-07,1.04981822439542e-05
148252,"DIRAS1",-1.51929353810187,0.00143742336990945,0.0104820394944938,-3.19534352835938,0.00261951946668829,0.0305011892779024,-1.51929353810187,0.00143742336990943,0.0103862697194474
148808,"SLC60A1",-3.4132415806711,9.70914222931375e-42,1.33248267955102e-38,-4.51457227343227,4.42082377141196e-07,1.8852057400787e-05,-3.4132415806711,9.70914222931093e-42,1.30908364677799e-38
148811,"PM20D1",-3.00630129401077,3.51584953815582e-07,8.91771395011749e-06,-4.96182939564834,9.07564463337035e-09,5.96465601610407e-07,-3.00630129401077,3.51584953815577e-07,8.80987779174221e-06
149461,"CLDN19",-3.43751014384698,3.69862067078217e-17,6.34498376072681e-15,-6.45362671925869,1.90921263149322e-09,1.43482038077107e-07,-3.43751014384698,3.69862067078183e-17,6.23356281301893e-15
149466,"C1orf210",-1.50294876261111,0.00266161763079941,0.0172627790005156,-5.76853671388279,3.16100198675177e-11,3.55538471785053e-09,-1.50294876261111,0.0026616176307995,0.0171133001984118
149563,"SRARP",-2.23156246661209,1.58400751725796e-06,3.35477147636546e-05,-5.34196433719105,0.00037124832885846,0.00634476689933682,-2.23156246661209,1.58400751725798e-06,3.31118966747121e-05
150696,"PROM2",-2.49039337751679,3.54181148468731e-16,5.61706162031631e-14,-3.42193698651522,4.12094282729372e-05,0.00100382094247988,-2.49039337751679,3.54181148468652e-16,5.51842333333789e-14
151556,"GPR155",-1.68204586277716,2.53530658228493e-07,6.67841603364268e-06,-3.26519640530969,2.3071941261553e-05,0.00060416041187869,-1.68204586277716,2.53530658228482e-07,6.59913873531781e-06
152007,"GLIPR2",1.04993547125604,0.00162293693087058,0.0116430666174949,2.63030692780597,0.0020867893242158,0.0256584756306182,1.04993547125604,0.00162293693087064,0.0115350862619551
152404,"IGSF11",-2.2595278847059,7.2791478333021e-07,1.6649837477373e-05,-5.53112661976354,1.15300415125048e-07,5.82023993096588e-06,-2.2595278847059,7.2791478333024e-07,1.64396566560161e-05
152573,"SHISA3",-1.64380894013176,0.00604589683818326,0.0332294305996104,-3.6559815267609,6.15611286969263e-05,0.00143691219475179,-1.64380894013176,0.00604589683818332,0.0329494046359037
153201,"SLC36A2",-6.11589026056398,3.14335339616742e-22,1.10613800023081e-19,-7.42298279930841,1.0534613533526e-13,1.89838266890712e-11,-6.11589026056398,3.14335339616769e-22,1.08671368821869e-19
153328,"SLC25A48",-2.97680461361719,6.85417391654847e-11,3.95238163154249e-09,-4.30846859786243,9.51524348148753e-06,0.00028324327798623,-2.97680461361719,6.85417391654807e-11,3.89935978551973e-09
153572,"IRX2",-5.19829693244052,3.84207099442527e-20,1.10320286780819e-17,-3.14156779968867,0.00435566504643999,0.0444288438912281,-5.19829693244052,3.84207099442501e-20,1.08383009812424e-17
153768,"PRELID2",1.18607360794471,0.00801365956312999,0.0413894802411514,2.91475189230289,0.00263197367225873,0.0305460215835879,1.18607360794471,0.00801365956313017,0.0410174567863002
153830,"RNF145",1.03155308564519,0.00014545961994679,0.00158435541599192,2.53909575210623,0.00212114248640204,0.025928684850191,1.03155308564519,0.000145459619946801,0.00156898564459418
154091,"SLC2A12",-3.91987254818277,2.49058732693414e-14,2.82486119626811e-12,-5.0927834590161,2.34836259599456e-06,8.3381798191256e-05,-3.91987254818277,2.49058732693399e-14,2.77525528339264e-12
155006,"TMEM213",-6.33290093314135,6.91085163714202e-20,1.8239332282334e-17,-8.77393939062591,1.68070758063571e-24,1.38784555077485e-21,-6.33290093314135,6.91085163714122e-20,1.79190408891491e-17
157313,"CDCA2",1.70821907999323,0.0025529836531994,0.0167002610374207,4.92440876595858,7.99343913376481e-06,0.0002422460152672,1.70821907999323,0.00255298365319943,0.0165569401616585
157983,"DOCK8-AS1",-1.99243067963059,6.95835538752599e-05,0.00085417235544192,-4.92035342434017,2.30903857868433e-09,1.6898330803568e-07,-1.99243067963059,6.95835538752629e-05,0.000844459997209873
159963,"SLC5A12",-3.47622896967026,2.98669444715392e-10,1.54676960727322e-08,-6.60245668232939,3.38215078480831e-20,1.49161750006848e-17,-3.47622896967026,2.98669444715382e-10,1.52536368299148e-08
169026,"SLC30A8",-2.16888112432368,3.07385904024795e-08,1.03143377673259e-06,-4.94962352833676,0.00207937677864401,0.025614810751755,-2.16888112432368,3.07385904024797e-08,1.01580493724665e-06
169611,"OLFML2A",1.99770654365796,2.0667137036136e-15,2.80827513548446e-13,3.21091742030525,8.12278796626115e-05,0.00182479629392186,1.99770654365796,2.06671370361351e-15,2.75896048176445e-13
192668,"CYS1",-1.78985207012416,0.00287755671952044,0.01835110985999,-2.21859396281728,0.00213982918533942,0.0260431353065383,-1.78985207012416,0.00287755671952049,0.0181979818242471
196051,"PLPP4",-3.25971916450395,1.01242114807745e-08,3.7350719989825e-07,-3.67885723230543,0.00107068186817042,0.0151806746435431,-3.25971916450395,1.01242114807746e-08,3.67937313733919e-07
197257,"LDHD",-2.61846136534424,4.93804423632254e-08,1.52979049885532e-06,-6.91092345324643,5.86540641276473e-11,6.18228591644806e-09,-2.61846136534424,4.93804423632274e-08,1.50632693299411e-06
199731,"CADM4",-2.23623606528298,9.72120436601161e-05,0.00113384010782803,-2.6433177269663,0.00122313307368329,0.0167882777902197,-2.23623606528298,9.72120436601163e-05,0.00112155245988538
201931,"TMEM192",-0.738278829585165,0.00059530721328769,0.00510842399618687,-2.51037171294331,0.00073233546981869,0.0110669162657273,-0.738278829585165,0.000595307213287702,0.00506618343256727
202151,"RANBP3L",-4.38226467859246,2.53477662280153e-19,6.21201328059432e-17,-3.84264614261022,0.0012308442844242,0.0168664917110917,-4.38226467859246,2.53477662280157e-19,6.10292735807742e-17
203447,"NRK",-2.29030957389309,5.65619556336557e-06,0.00010062874610825,-3.54366949797282,0.00093935584655764,0.0135947017551464,-2.29030957389309,5.6561955633656e-06,9.95061269607859e-05
219699,"UNC5B",1.49752358353684,7.96961808570965e-05,0.00095774990024763,3.64283493920173,9.25732335810261e-07,3.65904439052928e-05,1.49752358353684,7.96961808570939e-05,0.000947569317897881
219855,"SLC37A2",1.14522143570126,0.00122720260555898,0.00926409711699197,3.29327396068905,0.00098429404636066,0.014147327549707,1.14522143570126,0.00122720260555898,0.00918222682061693
219972,"MPEG1",0.999310830058863,0.00254194650740733,0.0166518729678559,2.40361936293126,0.00233637327603679,0.0279281595813842,0.999310830058863,0.00254194650740735,0.0165091834101028
220108,"FAM124A",-1.12658909844839,1.36234665040371e-05,0.0002117423038521,-3.22891305866298,0.00021561700657103,0.00401592095143062,-1.12658909844839,1.3623466504036e-05,0.000209447205101389
220441,"RNF152",-1.9853169372359,3.69821810344781e-07,9.31272389939775e-06,-3.65478244622116,7.06495817802106e-06,0.00021566782168571,-1.9853169372359,3.6982181034481e-07,9.19982927837469e-06
220963,"SLC16A9",-3.92934554307407,1.19581184959856e-11,7.89005856917822e-10,-3.45038501978083,1.93727144234497e-06,7.01225315383572e-05,-3.92934554307407,1.19581184959856e-11,7.7515053692968e-10
222166,"MTURN",-2.17960029672222,4.38002942898944e-10,2.17009111492603e-08,-2.8483001248204,0.00011562328859193,0.00241612305924226,-2.17960029672222,4.38002942898959e-10,2.13970785474879e-08
222962,"SLC29A4",1.47361719631282,0.00676870697506872,0.0362970867384268,2.94851729879564,0.00129718446077243,0.0176457097224717,1.47361719631282,0.00676870697506878,0.0359829771054148
245972,"ATP6V0D2",-3.29518139022933,0.00018426285213848,0.00193187424197749,-4.60624356900449,1.73164602996687e-07,8.36330138795816e-06,-3.29518139022933,0.000184262852138483,0.00191256045833962
245973,"ATP6V1C2",-2.62868296633015,1.5701141574191e-12,1.25280504048952e-10,-4.63973052252099,3.29324476036055e-09,2.31897012348245e-07,-2.62868296633015,1.57011415741892e-12,1.23080518514415e-10
253012,"HEPACAM2",-2.21003096844814,8.56150751125074e-05,0.00101466432715376,-6.08580306505481,4.14248773923045e-05,0.00100760452861775,-2.21003096844814,8.56150751125111e-05,0.00100378091977564
254050,"LRRC43",-1.7945036704164,0.0001599200033101,0.00170797052562478,-3.8577419862138,0.00067418608649484,0.01031843344618,-1.7945036704164,0.000159920003310105,0.00169113835657266
254295,"PHYHD1",-1.55753955860628,0.00031749158898734,0.00304065217534007,-3.21033116885773,0.00027509412021297,0.00492553671009539,-1.55753955860628,0.000317491588987354,0.00301248352872378
255189,"PLA2G4F",-3.75997748082006,6.60440346803509e-10,3.19650780261067e-08,-8.3409197950845,2.10990642768326e-12,3.04826912254687e-10,-3.75997748082006,6.60440346803509e-10,3.15147233124355e-08
255743,"NPNT",-1.03037367891243,0.00573787682053288,0.0319248715542953,-2.94483579870005,9.49757315464029e-05,0.00205380423869183,-1.03037367891243,0.00573787682053268,0.0316594183476089
255877,"BCL6B",1.58228441242163,3.40344928891166e-06,6.49637524909925e-05,2.74231891922587,0.00082204709910061,0.0122459442967353,1.58228441242163,3.40344928891192e-06,6.41800094579014e-05
256435,"ST6GALNAC3",-1.01289479850172,0.00397993623605689,0.0238830979027743,-2.99087016756373,0.0009045132509223,0.0132020595732365,-1.01289479850172,0.00397993623605698,0.0236916027685458
256764,"WDR72",-1.90487610690765,2.26402852424171e-07,6.04504425422046e-06,-4.54534277222363,3.74473595881699e-07,1.6385908598907e-05,-1.90487610690765,2.26402852424167e-07,5.97375667169285e-06
257106,"ARHGAP30",1.47424319087181,0.00012478087457033,0.00140138520671293,2.50494165919232,0.00248319838766021,0.0292452015311297,1.47424319087181,0.000124780874570337,0.00138699137001802
257629,"ANKS4B",-1.39842478391478,0.00027227089326619,0.00267285102946013,-3.17439899037896,0.00046700310809663,0.00763561472057701,-1.39842478391478,0.000272270893266176,0.00264674005328612
260425,"MAGI3",-1.03894965753257,8.04413816588579e-05,0.00096249130068541,-3.26860440167618,0.00066563585582981,0.0102062134564061,-1.03894965753257,8.04413816588519e-05,0.00095223103503626
266977,"ADGRF1",-2.92464078622905,2.41458607825351e-20,7.20386507346766e-18,-5.34284142911076,3.44674615129927e-07,1.52411658969985e-05,-2.92464078622905,2.41458607825355e-20,7.07736175936797e-18
283140,"LINC02762",2.92364622133508,2.60226274320103e-06,5.13862645866057e-05,2.83576017349753,0.00118619083352436,0.0164156665392525,2.92364622133508,2.60226274320112e-06,5.07761339603195e-05
283234,"CCDC88B",1.38800730305985,0.00055270581718117,0.0048069294264857,2.9445011472192,0.00097448538927169,0.0140183696470424,1.38800730305985,0.000552705817181182,0.00476783911263844
283358,"B4GALNT3",-1.99731266013688,4.7241179894246e-06,8.57589884746867e-05,-2.86759454701491,0.00066454311230774,0.0101987893948402,-1.99731266013688,4.72411798942464e-06,8.47011740045377e-05
283375,"SLC39A5",-1.90539563115363,0.00173230974569196,0.012198162621794,-3.01731046872579,0.00020860242546103,0.00391485783684367,-1.90539563115363,0.00173230974569197,0.0120894059529839
283659,"PRTG",-1.13174556053004,0.00024406556883692,0.00244493128957512,-3.63959639227526,0.00486056739363939,0.0481147365327836,-1.13174556053004,0.000244065568836907,0.0024214393411538
283848,"CES4A",2.0624117021124,1.86534978535405e-06,3.84963315100737e-05,2.51849107375827,0.0018129509952733,0.0230001860180055,2.0624117021124,1.86534978535412e-06,3.80491848047346e-05
284252,"KCTD1",-0.930712616769096,0.0013449034278629,0.00994474926939137,-2.49749681809367,0.00349862649944016,0.0379382379678033,-0.930712616769096,0.00134490342786291,0.00985507223797585
284273,"PTGR3",-0.769577937857716,0.00096934544818111,0.00764996948294285,-2.56961816951449,0.00190542542090308,0.0238840872317985,-0.769577937857716,0.000969345448181106,0.00758542349264414
284422,"SMIM24",-1.55626794646927,0.00115767322257106,0.00882171421797072,-2.31912003945309,0.00382727618713336,0.040673000393258,-1.55626794646927,0.00115767322257106,0.00874448630808159
284541,"CYP4A22",-5.96863941269332,5.47272767880342e-07,1.30395337958157e-05,-9.58011427102489,3.78888905394693e-19,1.51185694416897e-16,-5.96863941269332,5.47272767880337e-07,1.28776243094775e-05
285596,"FAM153A",1.49773142425805,0.0028944346331268,0.01842449949213,3.41813777618358,0.00044948410168718,0.00739970929290331,1.49773142425805,0.00289443463312669,0.0182704410854154
286256,"LCN12",-1.83683239531379,0.00011494058805501,0.00130475155539047,-3.64823590198529,0.00012638496281251,0.00259251602420424,-1.83683239531379,0.000114940588055018,0.00129145329062151
338094,"FAM151A",-6.07400689656973,1.15929839063625e-12,9.41432610242122e-11,-8.34656802761968,9.9188778081155e-26,9.23502628812265e-23,-6.07400689656973,1.15929839063624e-12,9.24900603606416e-11
338382,"RAB7B",2.02160279295749,3.19816144883536e-06,6.19063014440289e-05,3.79942854637814,0.000597193822063,0.00938871600746141,2.02160279295749,3.1981614488354e-06,6.11642706590748e-05
339105,"PRSS53",1.08859397628103,0.00117544147806554,0.00893726251798971,3.42753526064905,0.00499169535304777,0.0491514820339175,1.08859397628103,0.00117544147806549,0.00885884709265345
339983,"NAT8L",-3.54821132162492,1.85867163639763e-18,3.98568899030016e-16,-6.12611833703148,4.09815280199743e-11,4.51848307951809e-09,-3.54821132162492,1.85867163639736e-18,3.91569838649151e-16
340024,"SLC6A19",-5.67187276194046,1.83285904023041e-10,9.90321160162289e-09,-9.53713515939786,7.91513583441611e-26,7.80292714405763e-23,-5.67187276194046,1.83285904023038e-10,9.76776222902221e-09
340348,"TSPAN33",-1.67612314902347,7.36389393733979e-08,2.19700174774024e-06,-3.11488060515552,5.44324775521459e-05,0.00128888046927611,-1.67612314902347,7.36389393733972e-08,2.16312378991615e-06
341640,"FREM2",-2.35917773862006,1.78986277623912e-11,1.15324303948853e-09,-4.2995730169696,3.08625296637096e-06,0.00010555614992532,-2.35917773862006,1.78986277623933e-11,1.13299154047112e-09
342527,"SMTNL2",-1.86015219093815,6.61816020516728e-08,2.00060860475145e-06,-5.73236006530478,8.54191611762012e-07,3.42473617739702e-05,-1.86015219093815,6.61816020516761e-08,1.96981576261092e-06
342979,"PALM3",-2.74286864970303,3.1569742174995e-10,1.62270839554169e-08,-2.3691799425681,0.00242734986236302,0.0287287827283488,-2.74286864970303,3.15697421749955e-10,1.60020614190024e-08
345557,"PLCXD3",-1.83743372740339,3.73517339840345e-06,7.04141754391331e-05,-4.79421577432349,1.15007781775283e-07,5.82023993096588e-06,-1.83743372740339,3.73517339840351e-06,6.9559865926346e-05
347733,"TUBB2B",-2.89244900017082,4.54472085234922e-06,8.31623319701876e-05,-4.32755873092067,8.90933711789994e-08,4.56610338712187e-06,-2.89244900017082,4.54472085234937e-06,8.21400418930652e-05
348158,"ACSM2B",-2.93140207986181,1.02234429360583e-10,5.70351751440912e-09,-4.94290412274608,4.13122110188015e-08,2.33902481237869e-06,-2.93140207986181,1.02234429360588e-10,5.6262318819135e-09
374655,"ZNF710",1.99067279557099,1.90544184321392e-09,8.27540628362906e-08,2.68261637872457,0.00263100333888411,0.0305460215835879,1.99067279557099,1.90544184321377e-09,8.15589599112739e-08
378708,"CENPS",-1.44234403974311,0.00642510705705827,0.0348668126734154,-2.266698949676,0.00297104437547473,0.0334846890979025,-1.44234403974311,0.00642510705705807,0.0345689219674038
388323,"GLTPD2",-3.10066800890876,1.25346088448321e-08,4.53891746138458e-07,-3.26690136306989,2.97203901514495e-05,0.00075393581748365,-3.10066800890876,1.25346088448313e-08,4.47100875806509e-07
388387,"LINC00671",-2.89665774547987,2.11944308650103e-08,7.4024684258245e-07,-4.15970552679749,8.69033850104874e-08,4.46752708402073e-06,-2.89665774547987,2.11944308650101e-08,7.29102978055342e-07
388595,"TMEM82",-4.3669711496026,1.46288695645554e-06,3.12720569943861e-05,-3.64991512857612,0.00019795922379906,0.00375293962856173,-4.3669711496026,1.46288695645556e-06,3.08671437150083e-05
389015,"SLC9A4",-2.81880965306754,3.13356800296857e-08,1.04635248838785e-06,-6.54669405341811,1.05882295907735e-09,8.21519165332284e-08,-2.81880965306754,3.13356800296861e-08,1.03048530204941e-06
389434,"IYD",-3.65644369113294,3.77155311188367e-16,5.88190851221494e-14,-4.88101338992813,1.09941655987061e-06,4.27497033106067e-05,-3.65644369113294,3.77155311188378e-16,5.77861938721921e-14
399726,"MIR1915HG",-1.40212716468724,0.00170665063985876,0.0120545925792186,-3.45077340084179,0.00017845358405783,0.00346949375316156,-1.40212716468724,0.00170665063985876,0.0119474405904546
404201,"WDFY3-AS2",-1.62451373582789,1.04279216965811e-09,4.81861270585452e-08,-3.44849597453505,0.00017193131669824,0.00336338249981753,-1.62451373582789,1.04279216965801e-09,4.74998879172263e-08
404266,"HOXB-AS3",-2.66256113155917,2.22165509420992e-07,5.96346966942306e-06,-4.95993780809822,0.00010170292133381,0.0021795898447998,-2.66256113155917,2.22165509421004e-07,5.89321151676518e-06
414328,"IDNK",-1.84112181189061,3.72415343986381e-08,1.20543117473328e-06,-3.00268525111744,8.78051355193359e-05,0.00193367446277076,-1.84112181189061,3.7241534398636e-08,1.18706290377496e-06
440335,"SMIM22",-2.91698683347938,4.05111294213688e-07,9.98159318094911e-06,-6.8012071697477,2.13184432334856e-13,3.60884636515136e-11,-2.91698683347938,4.05111294213669e-07,9.85941440412076e-06
440556,"PRDM16-DT",-5.49936353913135,2.27400370244394e-52,5.20140446872344e-49,-6.35538432742076,3.11899821536617e-13,5.0748826302254e-11,-5.49936353913135,2.27400370244425e-52,5.1100653200093e-49
440590,"ZYG11A",-2.91126472625353,1.12827360080753e-10,6.26899874392003e-09,-3.81606955740917,0.00157775356031971,0.0207384877783514,-2.91126472625353,1.12827360080754e-10,6.18394835759676e-09
440836,"CIMAP1B",1.64433574797097,0.00028398840063133,0.00277004748419646,2.33400236585831,0.00393656407801887,0.0413882543183929,1.64433574797097,0.000283988400631328,0.00274481405427397
441168,"CALHM6",2.41175698280911,5.63961681510585e-07,1.34138823519086e-05,4.11305429582144,1.85971888305119e-05,0.00050513822951466,2.41175698280911,5.63961681510567e-07,1.32472044456568e-05
441951,"ZFAS1",1.15967366015052,0.00013030101474243,0.00144330195829314,3.45078608405686,1.55392084431765e-06,5.77431472947216e-05,1.15967366015052,0.000130301014742442,0.00142833218030272
493869,"GPX8",0.978365054448056,0.00245745852213121,0.0161833784825954,3.50638567151441,8.95584253155472e-05,0.00196694346720083,0.978365054448056,0.00245745852213122,0.0160454785733149
541471,"MIR4435-2HG",1.53919951261346,4.96797765430331e-05,0.00064564891408767,4.41018564708277,6.91069204740885e-09,4.65125654708935e-07,1.53919951261346,4.96797765430353e-05,0.000638543781820539
554235,"ASPDH",-4.76469655981653,6.21304885443843e-21,1.93790641996166e-18,-3.51046821315953,1.54754412232864e-06,5.76339821024569e-05,-4.76469655981653,6.21304885443885e-21,1.90387585691816e-18
613212,"CTXN3",-6.24643581083434,3.06651069757042e-13,2.8435670819903e-11,-9.57225689170718,1.72588513480592e-17,5.61872934278817e-15,-6.24643581083434,3.06651069757056e-13,2.79363268482053e-11
641649,"TMEM91",2.68913462510975,1.3315835570147e-14,1.60303971372542e-12,4.71989403789915,8.12554387532412e-08,4.21933113904876e-06,2.68913462510975,1.33158355701465e-14,1.57488957010776e-12
643008,"SMIM5",-3.48102131921631,8.09159223371272e-21,2.46775581812163e-18,-4.40372825138315,4.5573256988928e-07,1.92869245928648e-05,-3.48102131921631,8.09159223371367e-21,2.42442084638136e-18
643236,"TMEM72",-2.56830316794037,5.39394022592872e-06,9.62983573840794e-05,-7.83136022286334,8.46567000145175e-14,1.55907872037725e-11,-2.56830316794037,5.39394022592888e-06,9.51019909549002e-05
100130691,"LOC100130691",-1.69212441115785,0.00123148628724385,0.00929132369771008,-4.50349159294197,3.59321885902759e-08,2.06228612528916e-06,-1.69212441115785,0.00123148628724389,0.00920916783744282
100131213,"ZNF503-AS2",-1.60230369247126,0.00192246302343567,0.0132782498911078,-3.6793911685048,0.00104202966154183,0.0148498087566152,-1.60230369247126,0.00192246302343561,0.0131643316124847
100170765,"ERICH4",-2.84359509202068,6.29607560782012e-13,5.46881909124831e-11,-4.57292413048347,2.55255021982766e-06,8.96817382266074e-05,-2.84359509202068,6.29607560782016e-13,5.37278401393919e-11
100233209,"PCED1B-AS1",1.13270838351542,0.00601236204925689,0.033124711667604,2.95145200059388,0.00203374635776017,0.0251353651988958,1.13270838351542,0.00601236204925669,0.0328463036912998
100505967,"LINC00645",-2.27783318415126,2.01885692569469e-05,0.00029760249675868,-8.26934371998058,3.046112720577e-10,2.75944881535946e-08,-2.27783318415126,2.01885692569463e-05,0.000294591427804553
100506211,"MIR210HG",2.55762679403524,3.22973128539368e-06,6.23750051564294e-05,4.2250191391913,1.86470812471174e-07,8.9033172256536e-06,2.55762679403524,3.22973128539369e-06,6.16263727700612e-05
100506385,"LINC01426",3.33529261038389,7.65393115777111e-09,2.93414947511873e-07,7.54180585120247,1.48504623305891e-09,1.12614886062598e-07,3.33529261038389,7.65393115777127e-09,2.89069898600084e-07
100506403,"LOC100506403",1.74062461220994,4.58313080204209e-08,1.43277647214637e-06,4.70422689982433,2.05138176379389e-05,0.0005448352928593,1.74062461220994,4.58313080204195e-08,1.41082996812629e-06
100506444,"LOC100506444",-1.34467721404884,0.00157920673139295,0.0114068595692826,-7.02742670298419,0.00051119715279248,0.00820608532916602,-1.34467721404884,0.00157920673139292,0.011301722059114
100507027,"MRLN",-1.86594269741614,4.36079771988798e-05,0.00057712235205152,-6.9681527246729,9.75649434249282e-06,0.00028888531569935,-1.86594269741614,4.36079771988799e-05,0.000570841122885921
100507127,"LINC00707",0.862072209020917,0.00792164686999639,0.0410896045625697,4.95627208306417,1.79334898028437e-05,0.00048869488716399,0.862072209020917,0.00792164686999647,0.0407218872827999
100507650,"RNF212B",-3.41226083982071,8.50777749867284e-08,2.51098362132873e-06,-6.87410192589047,5.04040147888575e-10,4.3319019684434e-08,-3.41226083982071,8.50777749867309e-08,2.47220612100451e-06
100862662,"ALDH1L1-AS2",-1.57651586092519,0.00525643752357965,0.0297727398157685,-6.96734581084095,1.49271968832523e-06,5.58403778050057e-05,-1.57651586092519,0.00525643752357972,0.0295302279710106
101928820,"LINC02535",-3.26730333183958,2.48296942915664e-07,6.57843097408219e-06,-3.98193171802744,0.00010222215054448,0.00218512885328456,-3.26730333183958,2.48296942915664e-07,6.50055860452796e-06
101929023,"LINC01762",-3.30775283113314,2.98435032419312e-25,1.57527784035486e-22,-6.26578082653912,2.44010992641727e-08,1.48704735479371e-06,-3.30775283113314,2.98435032419295e-25,1.5476152085036e-22
101929335,"ADAMTS9-AS1",-1.43456494902145,3.97489033969273e-10,1.99821959787337e-08,-4.36822716042239,2.95338184489496e-06,0.0001020530439971,-1.43456494902145,3.97489033969296e-10,1.97034729595883e-08
102723548,"PAQR5-DT",-2.14696245201232,1.17670812426963e-06,2.58386276759623e-05,-3.81944414991852,0.00036594136232136,0.00628361812617188,-2.14696245201232,1.17670812426971e-06,2.55073241793062e-05
106614088,"MIR34AHG",2.12721277909462,4.25860363105469e-10,2.11757522581864e-08,3.30854271410121,0.00050687012813529,0.00815224230078642,2.12721277909462,4.25860363105488e-10,2.08795464572775e-08
106821730,"BUB1B-PAK6",-1.47355186339775,0.00014282334695134,0.00156183873590463,-3.18550795553506,0.00331445129494438,0.0364480900603496,-1.47355186339775,0.000142823346951351,0.00154673669634141
124903372,"LOC124903372",-2.66837162030406,3.75607078308891e-09,1.50286633898286e-07,-6.52568654008032,3.09921502917087e-13,5.0748826302254e-11,-2.66837162030406,3.75607078308901e-09,1.48079246691196e-07
124903827,"LOC124903827",-5.49936353913135,2.27400370244394e-52,5.20140446872344e-49,-6.35538432742076,3.11899821536617e-13,5.0748826302254e-11,-5.49936353913135,2.27400370244425e-52,5.1100653200093e-49
124905021,"LOC124905021",-3.72533193532609,5.77142130561841e-14,5.86718414802274e-12,-7.66342585921805,5.8745927363562e-17,1.72723332751919e-14,-3.72533193532609,5.77142130561829e-14,5.7641535899001e-12
