"Gene_ID","Gene_Symbol","logFC_24455","SE_24455","p_24455","padj_24455","logFC_63183","SE_63183","p_63183","padj_63183","meta_log2FC","meta_SE","meta_pvalue","meta_padj","ci_lower","ci_upper","tau2","I2","Q","Q_pvalue"
9,"NAT1",-0.850367271810059,0.315683223039787,0.00706560985028006,0.0376284166027332,-1.69653920424418,1.17677378382058,0.149390755429909,0.499048919557113,-0.850367271810059,0.315683223039787,0.00706560985027999,0.0373005550553348,-1.46909501949157,-0.231639524128551,0,0,0,1
18,"ABAT",-3.27093780911653,0.381484216190642,9.97419146140676e-18,1.92796906501896e-15,-4.56932682904442,0.811696407528145,1.80885280336676e-08,1.13114045267252e-06,-3.27093780911653,0.381484216190642,9.97419146140599e-18,1.89411300667799e-15,-4.01863313352068,-2.52324248471238,0,0,0,1
20,"ABCA2",-1.04300925460298,0.331325825114808,0.00164399234686618,0.0117327878150762,0.211866648455225,0.844749760059201,0.801965621729508,0.954505637458014,-1.04300925460298,0.331325825114808,0.00164399234686611,0.0116295639101762,-1.69239593897602,-0.39362257022994,0,0,0,1
26,"AOC1",-1.55236781762419,0.580668603163406,0.00750834308340347,0.039510928096867,-0.684848217103608,0.710484507094091,0.335087453629422,0.730755456477082,-1.55236781762419,0.580668603163406,0.00750834308340339,0.0391624718737052,-2.69045736677765,-0.414278268470733,0,0,0,1
28,"ABO",-1.8956630921344,0.539103574597944,0.00043756587875906,0.00396356065681382,-2.48163392984549,0.941169800012661,0.00837033264235272,0.0719745534906051,-1.8956630921344,0.539103574597944,0.000437565878759052,0.0039276389180787,-2.95228668228317,-0.839039501985628,0,0,0,1
34,"ACADM",-1.34067759819749,0.241533766509883,2.84554135999377e-08,9.66638852092933e-07,-3.49347727878139,0.730178167062448,1.71483821423474e-06,6.28861567447704e-05,-1.34067759819749,0.241533766509883,2.8455413599936e-08,9.52020698679744e-07,-1.81407508160717,-0.867280114787813,0,0,0,1
36,"ACADSB",-2.19516254495522,0.324162580635997,1.27194280487939e-11,8.35222155701665e-10,-3.76923467200244,0.724527679659013,1.96801575374758e-07,9.31694237769936e-06,-2.19516254495522,0.324162580635997,1.27194280487939e-11,8.20555255415735e-10,-2.83050952813733,-1.5598155617731,0,0,0,1
38,"ACAT1",-1.87668785172968,0.249390384325083,5.26795520030829e-14,5.43589602774669e-12,-3.2294559644334,0.804311367304208,5.94001147511881e-05,0.00139815522909433,-1.87668785172968,0.249390384325083,5.26795520030765e-14,5.34043909516902e-12,-2.36548402309745,-1.38789168036191,0,0,0,1
39,"ACAT2",-0.824342524074203,0.268900031370106,0.00217226729102549,0.0146497279125474,-1.18294131906996,0.784009322352891,0.131340754090807,0.464964025730426,-0.824342524074203,0.268900031370106,0.0021722672910255,0.0145281150222702,-1.3513769010013,-0.297308147147105,0,0,0,1
48,"ACO1",-1.64161641890525,0.414181585260655,7.38531050879906e-05,0.00090094223486896,-2.83125949680315,0.735703002616246,0.00011890496208097,0.00247186489503842,-1.64161641890525,0.414181585260655,7.38531050879938e-05,0.000890663162702522,-2.45339740907584,-0.829835428734661,0,0,0,1
51,"ACOX1",-0.889554831553992,0.201555902042229,1.01741037818204e-05,0.00016524189384817,-1.67327764457953,0.756123628416743,0.0268998290274876,0.165862485162496,-0.889554831553992,0.201555902042229,1.01741037818201e-05,0.000163306477726524,-1.28459714042824,-0.49451252267974,0,0,0,1
55,"ACP3",-2.34151834786823,0.350441558459031,2.36310449098599e-11,1.4674771961218e-09,-5.8691009060886,0.899601722714038,6.84063364675514e-11,7.07667773370181e-09,-2.34151834786823,0.350441558459031,2.36310449098606e-11,1.44170759511154e-09,-3.02837118113402,-1.65466551460244,0,0,0,1
93,"ACVR2B",-1.27100746239292,0.317613114470945,6.28763986275199e-05,0.00078518261579989,-0.509774115687888,0.890109356622707,0.566841380382583,0.875793562226898,-1.27100746239292,0.317613114470945,6.28763986275176e-05,0.000776339269867051,-1.89351772777357,-0.64849719701227,0,0,0,1
95,"ACY1",-3.33375697517573,0.457786163558708,3.28065737539475e-13,3.02172763892064e-11,-4.36933934287776,0.710202883302026,7.63956374970663e-10,6.15535811929488e-08,-3.33375697517573,0.457786163558708,3.28065737539503e-13,2.96866465721149e-11,-4.23100136837156,-2.4365125819799,0,0,0,1
125,"ADH1B",-2.83544208248126,0.491545887893101,8.00191942473848e-09,3.02949718382858e-07,-3.70798116063273,0.805323924104523,4.1378585551688e-06,0.00013466678260042,-2.83544208248126,0.491545887893101,8.0019194247378e-09,2.98451958222783e-07,-3.7988543195005,-1.87202984546202,0,0,0,1
130,"ADH6",-2.43140225051764,0.519231803083776,2.83132735353707e-06,5.55101951427754e-05,-4.31201159596261,1.02460823176113,2.57129427479819e-05,0.00066295878078989,-2.43140225051764,0.519231803083776,2.83132735353719e-06,5.48488314766408e-05,-3.44907788418963,-1.41372661684565,0,0,0,1
132,"ADK",-1.11359075104671,0.247102674906812,6.58773643164486e-06,0.0001137233896703,-0.933340809293701,0.776234831604761,0.229210560923113,0.624506550237432,-1.11359075104671,0.247102674906812,6.58773643164525e-06,0.000112433481402371,-1.59790309434757,-0.629278407745849,0,0,0,1
153,"ADRB1",-2.4586252494163,0.55919689946882,1.09905248687554e-05,0.00017552324417236,-5.15579432284269,2.05073226969088,0.011932861700446,0.0934062724137197,-2.4586252494163,0.55919689946882,1.09905248687552e-05,0.000173652501183532,-3.55463103264165,-1.36261946619095,0,0,0,1
185,"AGTR1",-1.54686775937253,0.538683136188896,0.00408434891301865,0.0243817331371327,-3.00200594470032,1.01411421340025,0.00307414734514794,0.0343693364625313,-1.54686775937253,0.538683136188896,0.00408434891301873,0.0241850137875413,-2.60266730538185,-0.491068213363209,0,0,0,1
189,"AGXT",-5.19546316825274,0.611573575578747,1.97527491733475e-17,3.47547089301308e-15,-5.18657780268304,0.763126739276762,1.07204054135351e-11,1.38202518711873e-09,-5.19546316825274,0.611573575578747,1.97527491733481e-17,3.41443996287502e-15,-6.39412535028347,-3.99680098622201,0,0,0,1
191,"AHCY",-1.21739717346862,0.32689548535748,0.00019599968751659,0.00203471990278193,-0.681108477926144,0.722514854171408,0.345838817034613,0.735546108029652,-1.21739717346862,0.32689548535748,0.000195999687516595,0.00201422544724562,-1.85810055147802,-0.576693795459219,0,0,0,1
205,"AK4",-1.67006613033121,0.323206069661349,2.3764374995769e-07,6.32058686902971e-06,-2.76614767288954,0.768790463362425,0.00032061015487055,0.00562040333208745,-1.67006613033121,0.323206069661349,2.37643749957699e-07,6.24590775960946e-06,-2.3035383864522,-1.03659387421022,0,0,0,1
210,"ALAD",-1.45530628288496,0.377113614614336,0.00011382125427895,0.00129633435163849,-2.39870816003603,0.770051156229628,0.00183945874873732,0.023283602092212,-1.45530628288496,0.377113614614336,0.000113821254278951,0.00128315382227684,-2.19443538560878,-0.716177180161143,0,0,0,1
211,"ALAS1",-0.711591210515657,0.252951443323442,0.00490582430402603,0.0280999719317417,-0.766415042968247,0.750206588015088,0.306967737744882,0.717707564087136,-0.711591210515657,0.252951443323442,0.004905824304026,0.0278740956979278,-1.20736692926703,-0.215815491764286,0,0,0,1
213,"ALB",-6.61403305388757,0.972502815108268,1.03864715532816e-11,7.02186874863236e-10,-7.64217385097858,0.902801700575066,2.56256283818953e-17,7.95296122318859e-15,-6.61403305388757,0.972502815108268,1.0386471553282e-11,6.8985613769902e-10,-8.52010354636359,-4.70796256141155,0,0,0,1
217,"ALDH2",-1.38470247553412,0.219048620716383,2.59138813618891e-10,1.36261343988723e-08,-2.20500060589851,0.831580529440911,0.00801166144638736,0.0694606488256626,-1.38470247553412,0.219048620716383,2.59138813618936e-10,1.34383408616312e-08,-1.8140298830014,-0.955375068066835,0,0,0,1
219,"ALDH1B1",-2.16809230072588,0.452282867129664,1.63762100326206e-06,3.44176273334893e-05,-3.5240974001713,0.72858221466899,1.31863270660447e-06,4.98847980360819e-05,-2.16809230072588,0.452282867129664,1.63762100326204e-06,3.39692984415109e-05,-3.05455043112454,-1.28163417032722,0,0,0,1
223,"ALDH9A1",-1.11215199189609,0.313033240884663,0.0003811194495342,0.00352221099354039,-1.92809620493272,0.720869746731733,0.00748005135011213,0.0661571707901249,-1.11215199189609,0.313033240884663,0.000381119449534211,0.00349091952314523,-1.72568586999388,-0.498618113798299,0,0,0,1
224,"ALDH3A2",-1.25999517127589,0.266396619352583,2.24772539405011e-06,4.49676141515214e-05,-2.82208302615449,0.738954230339169,0.00013398140039456,0.00271182885170583,-1.25999517127589,0.266396619352583,2.24772539405029e-06,4.44370696304694e-05,-1.78212295081018,-0.737867391741601,0,0,0,1
229,"ALDOB",-6.22693008336754,0.876263198220502,1.19253391939853e-12,9.62725618225027e-11,-7.7949262070112,0.787632641240877,4.30443810071565e-23,2.75973838976809e-20,-6.22693008336754,0.876263198220502,1.19253391939852e-12,9.45819696191195e-11,-7.9443743928576,-4.50948577387747,0,0,0,1
249,"ALPL",-3.08365635042831,0.808473047078483,0.00013663953450958,0.00150500880546515,-5.22562831336384,1.07985982754789,1.30380645284357e-06,4.94355030389264e-05,-3.08365635042831,0.808473047078483,0.00013663953450959,0.00149054275387767,-4.66823440517349,-1.49907829568313,0,0,0,1
259,"AMBP",-3.33962914987789,0.648262348905642,2.58186696099308e-07,6.77922302131459e-06,-5.74601519557168,1.06960101441138,7.78202505682141e-08,4.08848327704433e-06,-3.33962914987789,0.648262348905642,2.58186696099302e-07,6.69860072053845e-06,-4.61020000626629,-2.06905829348949,0,0,0,1
267,"AMFR",-0.668186075994614,0.222359497948251,0.0026559740275392,0.0172424728258978,-1.1528344310896,0.725845083563753,0.112226400513965,0.425424620269972,-0.668186075994614,0.222359497948251,0.00265597402753916,0.0170933163786685,-1.10400268359359,-0.232369468395634,0,0,0,1
274,"BIN1",-1.01642647314737,0.325667136561414,0.00180201690616061,0.0125973094756461,-1.73719292838496,0.718878680856744,0.0156691733016336,0.111969174419783,-1.01642647314737,0.325667136561414,0.00180201690616052,0.0124840996330175,-1.65472233175603,-0.378130614538711,0,0,0,1
287,"ANK2",-1.88284355804979,0.538236464402482,0.00046845947092071,0.00418808432311973,-4.95677777841298,0.981438298382333,4.40599516866419e-07,1.88367533243988e-05,-1.88284355804979,0.538236464402482,0.000468459470920717,0.00415268839344117,-2.93776764344483,-0.827919472654751,0,0,0,1
288,"ANK3",-1.31801193369251,0.344078242259148,0.00012785258299424,0.00142654377968543,-3.30882836323655,0.729189041031394,5.68757993234107e-06,0.00018018554269584,-1.31801193369251,0.344078242259148,0.000127852582994246,0.00141182340418625,-1.99239289638429,-0.643630971000732,0,0,0,1
292,"SLC25A5",-1.07351321790553,0.358020922487176,0.00271343289557278,0.01753618741813,-0.778107933945218,0.774696375119258,0.315184049661517,0.725772119851246,-1.07351321790553,0.358020922487176,0.00271343289557286,0.0173837479212574,-1.7752213316922,-0.371805104118859,0,0,0,1
316,"AOX1",-2.97389053567848,0.485590231936108,9.10945938637565e-10,4.28144591159655e-08,-2.55660324898219,0.76064152813449,0.00077628644904684,0.0116158791067643,-2.97389053567848,0.485590231936108,9.10945938637595e-10,4.22071618235419e-08,-3.9256299015177,-2.02215116983926,0,0,0,1
327,"APEH",-1.13754547211652,0.29202775703439,9.80637522400776e-05,0.00114053130147697,-1.84913254270002,0.822831874724119,0.0246222214987486,0.155386209714638,-1.13754547211652,0.29202775703439,9.80637522400754e-05,0.00112815151147861,-1.70990935838994,-0.565181585843102,0,0,0,1
347,"APOD",-3.26921192956704,0.611624389575374,9.03521372946946e-08,2.64955712015468e-06,0.409457962946735,0.87866317531017,0.641214748441123,0.907588832338878,-3.26921192956704,0.611624389575374,9.03521372946929e-08,2.60860356990224e-06,-4.46797370520107,-2.07045015393301,0,0,0,1
350,"APOH",-3.36234872594926,0.569572887249339,3.56342850642453e-09,1.42995593047282e-07,-4.93622411586019,0.806857643206462,9.48535929189636e-10,7.49835548928732e-08,-3.36234872594926,0.569572887249339,3.56342850642471e-09,1.40896500152857e-07,-4.47869107152846,-2.24600638037006,0,0,0,1
358,"AQP1",-2.61784773923908,0.493961233325628,1.15991324185288e-07,3.33724304637084e-06,-1.94075793267574,0.856621233217902,0.0234761092476926,0.150915272298458,-2.61784773923908,0.493961233325628,1.15991324185286e-07,3.28552736132398e-06,-3.5859939663163,-1.64970151216186,0,0,0,1
359,"AQP2",-11.3228801971902,0.677609034787384,1.10744433185778e-62,3.79964150260403e-59,-9.70176458788797,0.791848351527379,1.63804823115645e-34,5.4904100611902e-31,-11.3228801971902,0.677609034787384,1.10744433185712e-62,3.73291798160738e-59,-12.6509695009724,-9.99479089340798,0,0,0,1
360,"AQP3",-1.75492959913118,0.393624704300531,8.25803404997381e-06,0.00013821129183151,-0.576387919870029,0.833631559245319,0.489302854540715,0.835101483147314,-1.75492959913118,0.393624704300531,8.25803404997419e-06,0.000136617267602211,-2.52641984298545,-0.983439355276911,0,0,0,1
364,"AQP7",-2.27602992635241,0.360950605214303,2.86977959895975e-10,1.49501266976553e-08,-6.17737350983027,0.818727088937281,4.51958577359222e-14,8.91102799760378e-12,-2.27602992635241,0.360950605214303,2.8697795989599e-10,1.47434416968259e-08,-2.98348011277038,-1.56857973993444,0,0,0,1
368,"ABCC6",-1.56118993094591,0.364466825583732,1.83984534354831e-05,0.00027570703904044,-1.19583472513799,0.877253111728566,0.172832674819415,0.540065275463783,-1.56118993094591,0.364466825583732,1.83984534354821e-05,0.000272951364521342,-2.27553178264967,-0.846848079242154,0,0,0,1
379,"ARL4D",-2.10233933919845,0.438956888317339,1.67282219443844e-06,3.50500943457605e-05,-2.54603337515495,0.813735608834859,0.00175508959857935,0.0225391161552424,-2.10233933919845,0.438956888317339,1.67282219443852e-06,3.45930393368321e-05,-2.96267903106621,-1.24199964733069,0,0,0,1
402,"ARL2",-0.975008927654685,0.274212532245521,0.00037701888060688,0.00348901356537353,-0.773192417540717,0.762740786760122,0.310724621195483,0.722351772314482,-0.975008927654685,0.274212532245521,0.00037701888060689,0.00345805820899503,-1.51245561496543,-0.437562240343936,0,0,0,1
403,"ARL3",-0.546380165498401,0.205862529805272,0.00795197702199816,0.0411528000407812,-0.609283930325203,0.740673328525021,0.410730851906274,0.78531954366142,-0.546380165498401,0.205862529805272,0.00795197702199822,0.040783843232291,-0.949863309683037,-0.142897021313764,0,0,0,1
435,"ASL",-0.910226757868862,0.245052297437074,0.00020367159125614,0.00209534401679108,-0.54212514604046,0.777263535290747,0.485502954170119,0.833551451341541,-0.910226757868862,0.245052297437074,0.000203671591256142,0.00207409672576024,-1.39052043517432,-0.4299330805634,0,0,0,1
443,"ASPA",-0.934859143701416,0.246398429068791,0.00014818270271239,0.00160398869955411,-2.69014929574863,0.740090882682668,0.00027809876231014,0.00497402044563049,-0.934859143701416,0.246398429068791,0.000148182702712402,0.00158833834793422,-1.41779119052349,-0.451927096879338,0,0,0,1
445,"ASS1",-3.96594170943976,0.579453854883392,7.68639775858921e-12,5.3547270476588e-10,-3.59936501395415,0.709797991309461,3.95791133195691e-07,1.71841025938513e-05,-3.96594170943976,0.579453854883392,7.68639775858959e-12,5.26069548117073e-10,-5.10165039571411,-2.83023302316541,0,0,0,1
476,"ATP1A1",-1.74483506821675,0.231525615627195,4.8367654201116e-14,5.02877035042512e-12,-2.54726752812381,0.827427334668386,0.00208018124190814,0.025614810751755,-1.74483506821675,0.231525615627195,4.83676542011245e-14,4.94046273934668e-12,-2.19861693634452,-1.29105320008898,0,0,0,1
498,"ATP5F1A",-0.799193918427063,0.207145152436828,0.00011425563685121,0.00129804996700832,-2.60836123997692,0.742783626787507,0.00044541276232912,0.00736160994464865,-0.799193918427063,0.207145152436828,0.000114255636851217,0.00128482798304,-1.2051909567753,-0.393196880078821,0,0,0,1
501,"ALDH7A1",-1.23195746189165,0.275642956728193,7.8440875754532e-06,0.0001324136013352,-1.41365795519132,0.717826121671019,0.0489117809756925,0.253310425640182,-1.23195746189165,0.275642956728193,7.8440875754534e-06,0.00013089335740079,-1.77220772967104,-0.691707194112259,0,0,0,1
523,"ATP6V1A",-0.959469854919621,0.253654862582999,0.00015521107489809,0.00166806326695494,-1.39107548550284,0.721368862940569,0.0538074989985,0.27047386794117,-0.959469854919621,0.253654862582999,0.000155211074898091,0.00165170554289737,-1.45662425008576,-0.462315459753486,0,0,0,1
525,"ATP6V1B1",-4.6327095437626,0.476978804558121,2.66423475439521e-22,9.622094149821e-20,-7.41814922486778,0.836674269139238,7.56618952057113e-19,2.69791000372876e-16,-4.6327095437626,0.476978804558121,2.66423475439534e-22,9.45312557724011e-20,-5.56757082208548,-3.69784826543971,0,0,0,1
526,"ATP6V1B2",-0.903052043545136,0.294784601036302,0.00218815258995994,0.0147351354978461,-1.81521088114057,0.718675249872171,0.0115443892734739,0.0912605753934662,-0.903052043545136,0.294784601036302,0.00218815258995995,0.0146126108818375,-1.4808192447733,-0.325284842316976,0,0,0,1
528,"ATP6V1C1",-0.598838720242919,0.205744323353998,0.00360739478359738,0.0220328820694662,-1.80886726155242,0.742837430996654,0.0148885701612434,0.10804201464458,-0.598838720242919,0.205744323353998,0.0036073947835973,0.0218600017380865,-1.00209018404032,-0.19558725644552,0,0,0,1
549,"AUH",-1.29326441142938,0.327857648258504,7.99362100273066e-05,0.00095811750778581,-2.67690967149576,0.804751436678374,0.00087981663516702,0.0129682031563449,-1.29326441142938,0.327857648258504,7.99362100273079e-05,0.000947915496744233,-1.93585359407205,-0.650675228786711,0,0,0,1
563,"AZGP1",-4.0868165780179,0.78402513955674,1.86202990713172e-07,5.11089968909515e-06,-2.14214101844695,0.853159018297157,0.0120446181651339,0.0941052474729502,-4.0868165780179,0.78402513955674,1.86202990713177e-07,5.03121227211575e-06,-5.6234776145231,-2.5501555415127,0,0,0,1
573,"BAG1",-1.19248645979508,0.363801368404737,0.00104600817163968,0.00815347699171511,-2.13198193739652,0.837332273613581,0.0108915255798595,0.0874609857177121,-1.19248645979508,0.363801368404737,0.00104600817163972,0.00808370283144253,-1.90552403939475,-0.479448880195408,0,0,0,1
594,"BCKDHB",-1.7292258238569,0.36290697226398,1.88920503067486e-06,3.88717388920268e-05,-2.26864914169257,0.835511076801594,0.0066219128786302,0.0604447919024856,-1.7292258238569,0.36290697226398,1.88920503067492e-06,3.8419534583092e-05,-2.44051041923278,-1.01794122848102,0,0,0,1
613,"BCR",-0.829624775382818,0.26590092091836,0.00180818942727238,0.0126148369722282,-2.22049131522145,0.780965981401782,0.00446542712069154,0.0453277365933795,-0.829624775382818,0.26590092091836,0.00180818942727235,0.0125013033056761,-1.35078100383884,-0.308468546926799,0,0,0,1
617,"BCS1L",-0.776007914513452,0.285254780996809,0.00652024312314243,0.0352298490637822,0.114371939674829,0.835869282319606,0.891165221366598,0.977580826637898,-0.776007914513452,0.285254780996809,0.00652024312314236,0.0349274684264317,-1.33509701168506,-0.216918817341846,0,0,0,1
622,"BDH1",-2.30643951889191,0.430682455237253,8.54082542132346e-08,2.5153280704344e-06,-2.15244637837693,0.789382953007416,0.0063962360524568,0.0589304672914368,-2.30643951889191,0.430682455237253,8.54082542132358e-08,2.47647202485389e-06,-3.15056161993021,-1.46231741785361,0,0,0,1
634,"CEACAM1",-1.58171074040842,0.482980457235599,0.00105700899780537,0.00821891868888439,-1.85317240846803,0.77183836250385,0.0163510022405523,0.115476800062965,-1.58171074040842,0.482980457235599,0.00105700899780534,0.00814845758571146,-2.52833504182688,-0.635086438989959,0,0,0,1
635,"BHMT",-2.15715954849574,0.499280849015942,1.55652543779414e-05,0.0002381466567256,-2.88998563579167,0.899921538234072,0.00132101372888557,0.0179193878398554,-2.15715954849574,0.499280849015942,1.55652543779413e-05,0.000235804859300879,-3.13573203073757,-1.17858706625391,0,0,0,1
653,"BMP5",-2.16100558990267,0.67354626138466,0.00133475879299893,0.00988571488133696,-2.67781261753904,1.50103609215521,0.0744275375810716,0.333994541618246,-2.16100558990267,0.67354626138466,0.00133475879299895,0.00979670811431948,-3.48113200413821,-0.840879175667135,0,0,0,1
654,"BMP6",-1.3286355070356,0.439411788728777,0.00249730061005082,0.0164142497951808,-2.11912503208513,1.24729673015837,0.0893240346653781,0.372759183146277,-1.3286355070356,0.439411788728777,0.00249730061005084,0.0162740957589732,-2.18986678732633,-0.467404226744874,0,0,0,1
655,"BMP7",-4.03381768026243,0.573268271988012,1.97090460102009e-12,1.54563969967999e-10,-9.58418316168598,1.73935065932369,3.58410801817797e-08,2.06228612528916e-06,-4.03381768026243,0.573268271988012,1.97090460102014e-12,1.51849752774598e-10,-5.15740284683845,-2.91023251368641,0,0,0,1
658,"BMPR1B",-1.59791020132367,0.388564850992823,3.91671430459411e-05,0.00052238082717443,-3.39306998914844,1.2214642363267,0.0054716348747871,0.0528220788401826,-1.59791020132367,0.388564850992823,3.91671430459429e-05,0.000516722690497504,-2.35948331492777,-0.836337087719564,0,0,0,1
670,"BPHL",-1.634027150238,0.371389577864816,1.08367786287807e-05,0.00017354019825132,-2.69446102016961,0.843390619757535,0.00139929687207261,0.0188630521829475,-1.634027150238,0.371389577864816,1.08367786287809e-05,0.000171694813456936,-2.36193734708657,-0.906116953389427,0,0,0,1
671,"BPI",-1.50727838268797,0.549341159465006,0.00607338370275674,0.0333404471746534,-2.16335717714642,1.01248507545808,0.0326239822904026,0.190636443237398,-1.50727838268797,0.549341159465006,0.00607338370275672,0.0330591168608271,-2.58396727046486,-0.430589494911084,0,0,0,1
678,"ZFP36L2",-0.580020053431182,0.159608445157704,0.00027904076644493,0.00272760361730077,-0.316156761263475,0.744030189456148,0.670891610992311,0.916542097191736,-0.580020053431182,0.159608445157704,0.000279040766444936,0.00270086622683207,-0.892846857568718,-0.267193249293646,0,0,0,1
687,"KLF9",-0.79311220689176,0.279086536635815,0.0044857563291252,0.0262191311162327,-2.26047153458292,0.730188756257306,0.00196325148693443,0.0244443771690447,-0.79311220689176,0.279086536635815,0.00448575632912522,0.0260135279938045,-1.34011176726798,-0.246112646515544,0,0,0,1
726,"CAPN5",-1.71683271121529,0.342160393804829,5.2314031993258e-07,1.25298041025388e-05,-0.598575919227252,0.753753282277379,0.427121433962968,0.798096567263394,-1.71683271121529,0.342160393804829,5.231403199326e-07,1.23745630414934e-05,-2.3874547600088,-1.04621066242178,0,0,0,1
727,"C5",-0.859093107222743,0.33214300167661,0.00969517376038853,0.0480394492539553,-2.26859714040396,0.897542414926269,0.0114856434697426,0.090839027328653,-0.859093107222743,0.33214300167661,0.00969517376038859,0.0476255317631293,-1.51008142822593,-0.208104786219561,0,0,0,1
730,"C7",-3.68954539519302,0.615990262488277,2.10336513027741e-09,9.02758162435682e-08,-4.40506422528392,0.926470562678719,1.98768238432223e-06,7.16377829652821e-05,-3.68954539519302,0.615990262488277,2.10336513027744e-09,8.8968556498018e-08,-4.89686412449742,-2.48222666588862,0,0,0,1
740,"MRPL49",-0.919525977412101,0.310136252209499,0.00302771803527445,0.0191133405317877,-1.18163417025819,0.730613786195445,0.105809849874412,0.410768502637695,-0.919525977412101,0.310136252209499,0.00302771803527444,0.018952053049956,-1.52738186204295,-0.311670092781252,0,0,0,1
744,"MPPED2",-1.31729612762952,0.370892304303339,0.00038275910098211,0.00353465608485155,-2.30954993045247,1.14566061036724,0.0438092736908286,0.234418779624712,-1.31729612762952,0.370892304303339,0.00038275910098212,0.00350321243950735,-2.04423168620713,-0.590360569051906,0,0,0,1
757,"TMEM50B",-0.67508141827578,0.260899635123816,0.00966713104127877,0.0480096584375298,-0.40399624163455,0.765310267384577,0.597578765320558,0.889652885138778,-0.67508141827578,0.260899635123816,0.00966713104127876,0.0475969379480147,-1.1864353066981,-0.16372752985346,0,0,0,1
760,"CA2",-1.22149605888008,0.30618609021839,6.62431267034688e-05,0.00082050602064838,-3.23994374721474,0.89448904746949,0.0002922021998344,0.00518462700251885,-1.22149605888008,0.30618609021839,6.62431267034713e-05,0.000811222595225162,-1.82160976827526,-0.621382349484904,0,0,0,1
762,"CA4",-3.02601762948185,0.550867870840698,3.94754962523227e-08,1.2628478101792e-06,-5.55893057932905,0.846651654398467,5.1760336566814e-11,5.59646116466604e-09,-3.02601762948185,0.550867870840698,3.94754962523235e-08,1.24357036441607e-06,-4.10569881656988,-1.94633644239382,0,0,0,1
767,"CA8",-3.242521544928,0.525101459130036,6.61474946037184e-10,3.19650780261067e-08,1.79754033204377,1.39901373548927,0.198840325640572,0.580131148758686,-3.242521544928,0.525101459130036,6.61474946037176e-10,3.15147233124355e-08,-4.2717014930523,-2.2133415968037,0,0,0,1
778,"CACNA1F",-1.0288895141606,0.328768425900944,0.00175088255631942,0.0122848221896359,3.04187722724885,1.4760012034523,0.0393134639626887,0.217013946821706,-1.0288895141606,0.328768425900944,0.0017508825563194,0.0121749094929626,-1.67326378818038,-0.384515240140824,0,0,0,1
788,"SLC25A20",-0.89172503367046,0.283692725879399,0.00167067230277467,0.0118676535627741,-1.61731657323815,0.810686217304941,0.0460432068241022,0.242959100492799,-0.89172503367046,0.283692725879399,0.00167067230277469,0.011762754390763,-1.44775255907008,-0.335697508270844,0,0,0,1
793,"CALB1",-7.53774309143486,0.60071688981292,4.08126785113616e-36,4.66760999908272e-33,-7.21156931922458,0.773514233567779,1.12963940004447e-20,5.56812550157215e-18,-7.53774309143486,0.60071688981292,4.08126785113579e-36,4.58564453640532e-33,-8.7151265603731,-6.36035962249662,0,0,0,1
825,"CAPN3",-1.13660032180581,0.42433192753966,0.00739385503244334,0.039088315279373,-4.01209057683509,0.985052069021264,4.64167876149096e-05,0.001117670896032,-1.13660032180581,0.42433192753966,0.00739385503244338,0.038745179713344,-1.968275617274,-0.304925026337617,0,0,0,1
828,"CAPS",-1.17374054252268,0.342431844624754,0.00060880345643647,0.00519603149013318,-0.422451274556298,0.768668384404951,0.582601674923286,0.882739655666857,-1.17374054252268,0.342431844624754,0.00060880345643647,0.0051528543648041,-1.84489462514681,-0.502586459898546,0,0,0,1
846,"CASR",-4.10428950574192,0.609116498363831,1.6046816700277e-11,1.04372754689385e-09,-6.10884157372679,0.951695602687793,1.37260004138561e-10,1.35314141726949e-08,-4.10428950574192,0.609116498363831,1.60468167002768e-11,1.02539919227409e-09,-5.29813590492418,-2.91044310655966,0,0,0,1
847,"CAT",-1.29467728728337,0.29238303531366,9.51030510277892e-06,0.00015575110648035,-2.33436665057225,0.767617093715748,0.00235749895802215,0.0281405448984994,-1.29467728728337,0.29238303531366,9.51030510277841e-06,0.000153934506243411,-1.86773750618865,-0.721617068378094,0,0,0,1
866,"SERPINA6",-2.55018717833875,0.83314704546295,0.00220666248259458,0.0148218469803434,-2.83813958904315,0.765457529429052,0.00020909337447686,0.00391530264006458,-2.55018717833875,0.83314704546295,0.00220666248259458,0.0146981953228453,-4.18312538127209,-0.917248975405413,0,0,0,1
873,"CBR1",-0.740149784867152,0.252477173229264,0.00337273659176038,0.0208033424653121,-0.467998566042599,0.721299700932267,0.516450342444129,0.85048986924927,-0.740149784867152,0.252477173229264,0.00337273659176041,0.0206421277651864,-1.23499595131499,-0.245303618419314,0,0,0,1
892,"CCNC",-0.931139804025707,0.311055208966275,0.00275809026780291,0.01772928844746,-0.891656450929551,0.776798988860647,0.251026382652493,0.654472798206772,-0.931139804025707,0.311055208966275,0.00275809026780287,0.0175826624495442,-1.54079681080319,-0.321482797248228,0,0,0,1
957,"ENTPD5",-1.39113987056099,0.375568225934,0.00021214790172418,0.00216953636606756,-2.92732311722783,0.734370437701201,6.71492916319806e-05,0.00155435770505575,-1.39113987056099,0.375568225934,0.000212147901724173,0.00214744005926954,-2.12724006712923,-0.655039673992748,0,0,0,1
1007,"CDH9",-1.25951913978126,0.460859496594699,0.00627644109975994,0.0342233384682718,-7.73157307528771,1.77777989547349,1.36756797729563e-05,0.00038769669931831,-1.25951913978126,0.460859496594699,0.00627644109975997,0.0339324301685437,-2.16278715504013,-0.35625112452239,0,0,0,1
1014,"CDH16",-1.25145853046101,0.451534551364953,0.00557870883209868,0.031249877555805,-4.39516540596295,0.946368810547679,3.41327937899565e-06,0.00011417794234049,-1.25145853046101,0.451534551364953,0.0055787088320986,0.0309920606440813,-2.13644998891177,-0.366467072010251,0,0,0,1
1028,"CDKN1C",-1.89120407882635,0.447003186531948,2.32808390122818e-05,0.00033738778733321,-3.22607678949004,0.79939344137606,5.44499893936084e-05,0.00128888046927611,-1.89120407882635,0.447003186531948,2.32808390122805e-05,0.000333931438726147,-2.76731422540361,-1.01509393224909,0,0,0,1
1036,"CDO1",-2.70541118253035,0.621904356090176,1.36010575130278e-05,0.00021163368855872,1.20740788466718,1.38118115843611,0.382017500180937,0.762310918202294,-2.70541118253035,0.621904356090176,1.36010575130274e-05,0.000209341390922544,-3.92432132229567,-1.48650104276503,0,0,0,1
1040,"CDS1",-0.744008274363403,0.279199425763613,0.00770360543197297,0.0402912656053343,-2.02112944150306,0.887157825776047,0.0227142291150567,0.147602856044682,-0.744008274363403,0.279199425763613,0.00770360543197306,0.0399336338438462,-1.29122909336435,-0.196787455362457,0,0,0,1
1056,"CEL",-2.68817833473236,0.540935628457521,6.71265841009432e-07,1.55353328870378e-05,-3.69814956321919,1.11758368340661,0.0009361034248136,0.0135593407920926,-2.68817833473236,0.540935628457521,6.71265841009429e-07,1.53401310751358e-05,-3.74839268446364,-1.62796398500108,0,0,0,1
1114,"CHGB",-4.04936247437972,0.452946681301857,3.8902155694547e-19,9.04903702969428e-17,-1.98179113480732,1.12102259161746,0.0770872743844227,0.341142231689607,-4.04936247437972,0.452946681301857,3.89021556945495e-19,8.8901316140612e-17,-4.9371216566483,-3.16160329211114,0,0,0,1
1124,"CHN2",-1.40032056757606,0.310252366633153,6.37698326943075e-06,0.00011092233002492,-0.360697244993683,0.868110757753651,0.677778254623137,0.919130722242537,-1.40032056757606,0.310252366633153,6.37698326943048e-06,0.000109669471201188,-2.00840403229536,-0.792237102856764,0,0,0,1
1154,"CISH",-1.71264844673104,0.460716452589253,0.00020131628484432,0.00208047040150867,-2.84428632174156,0.830852689938843,0.00061858004030721,0.00964351897256621,-1.71264844673104,0.460716452589253,0.000201316284844329,0.00205944420983011,-2.61563610089103,-0.809660792571049,0,0,0,1
1184,"CLCN5",-1.80381389293257,0.28258093959053,1.73251885642601e-10,9.43535269269467e-09,-3.72430930980197,0.770855141778791,1.355765063118e-06,5.09445441542478e-05,-1.80381389293257,0.28258093959053,1.732518856426e-10,9.3065943191999e-09,-2.3576623572475,-1.24996542861764,0,0,0,1
1188,"CLCNKB",-5.60301419433501,0.824812537216172,1.09767567758906e-11,7.34853707279621e-10,-7.62683121658354,0.853545427852402,4.05443904785848e-19,1.5801940465828e-16,-5.60301419433501,0.824812537216172,1.09767567758906e-11,7.21949324923574e-10,-7.21961706127581,-3.98641132739421,0,0,0,1
1259,"CNGA1",-1.87918864621984,0.588781937284528,0.00141460327528519,0.0103567723899967,-2.1283118139344,1.2116133402962,0.0789871645124249,0.345896495966482,-1.87918864621984,0.588781937284528,0.00141460327528523,0.0102624756418224,-3.03318003804524,-0.725197254394444,0,0,0,1
1267,"CNP",-0.995662217625644,0.280646320618716,0.0003885408509281,0.00357874807928675,-0.702169851557255,0.738635728245739,0.341791842665445,0.731438206525394,-0.995662217625644,0.280646320618716,0.00038854085092811,0.00354684921669852,-1.54571889843201,-0.44560553681928,0,0,0,1
1272,"CNTN1",-3.99521897622762,0.598401620983964,2.44742414301888e-11,1.50620847259153e-09,-3.86574643864828,1.43086996093336,0.00689910417660901,0.0623299659815582,-3.99521897622762,0.598401620983964,2.44742414301906e-11,1.47975873185318e-09,-5.16806460164658,-2.82237335080866,0,0,0,1
1285,"COL4A3",-1.93873676804198,0.383772777220886,4.3770495382078e-07,1.06887238189259e-05,-3.32656009572688,0.937149434865464,0.00038573174630469,0.00652318701949585,-1.93873676804198,0.383772777220886,4.377049538208e-07,1.05573808450194e-05,-2.69091758964183,-1.18655594644213,0,0,0,1
1286,"COL4A4",-2.08500606675039,0.256924607335143,4.84806773448901e-16,7.23205234653556e-14,-2.3040748247299,0.797234373446974,0.00385138103282635,0.0408256133644129,-2.08500606675039,0.256924607335143,4.84806773448894e-16,7.10505405044721e-14,-2.58856904386937,-1.58144308963141,0,0,0,1
1287,"COL4A5",-2.10614307269786,0.408980326102893,2.6084532344065e-07,6.83175805133489e-06,-1.99521473427698,0.87278368544343,0.022252165355517,0.145375145085111,-2.10614307269786,0.408980326102893,2.60845323440643e-07,6.75043665249555e-06,-2.90772978224498,-1.30455636315074,0,0,0,1
1294,"COL7A1",-1.83186933661098,0.348194324229441,1.43231522382415e-07,4.01786808513342e-06,0.411201922025332,0.878000898542789,0.639542297541121,0.907159489165607,-1.83186933661098,0.348194324229441,1.43231522382409e-07,3.95536814063236e-06,-2.51431767172195,-1.14942100150001,0,0,0,1
1298,"COL9A2",-3.07619417936148,0.427381170451215,6.12023178622784e-13,5.34994019326057e-11,-3.1291767185595,0.910667340327961,0.00059007495447201,0.00929423511465832,-3.07619417936148,0.427381170451215,6.1202317862274e-13,5.25599268622319e-11,-3.91384588111644,-2.23854247760652,0,0,0,1
1301,"COL11A1",-1.85849949079805,0.420078226443335,9.68116259681241e-06,0.0001581717565222,5.78853516562237,1.4639629684863,7.68497917148234e-05,0.00174044008020098,-1.85849949079805,0.420078226443335,9.68116259681209e-06,0.000156324688973434,-2.68183768531645,-1.03516129627965,0,0,0,1
1317,"SLC31A1",-0.993963936738164,0.329601111108554,0.00256423049490797,0.0167658405488885,-1.56242705748784,0.777880863918372,0.0445829068912305,0.237270541946692,-0.993963936738164,0.329601111108554,0.00256423049490802,0.0166218845013677,-1.63997024377531,-0.347957629701014,0,0,0,1
1329,"COX5B",-0.692230137305743,0.23478043696717,0.00319408072105912,0.0199475793525334,-0.574904447721558,0.78852070546634,0.465945147781867,0.821630337928904,-0.692230137305743,0.23478043696717,0.00319408072105916,0.0197772470765541,-1.15239133803597,-0.232068936575513,0,0,0,1
1349,"COX7B",-0.91338891914305,0.268422545959584,0.00066698467326558,0.00561232229055605,0.217206092996029,0.719456251962229,0.762725911088739,0.945660727578629,-0.91338891914305,0.268422545959584,0.000666984673265597,0.00556494699853963,-1.43948744186238,-0.387290396423718,0,0,0,1
1368,"CPM",-0.717933149901209,0.255200398458884,0.0049049106503926,0.0280999719317417,-1.40696379140889,0.741837412159297,0.0578816487615032,0.282975073393825,-0.717933149901209,0.255200398458884,0.00490491065039266,0.0278740956979278,-1.21811673972089,-0.217749560081525,0,0,0,1
1393,"CRHBP",-4.18812685050555,0.598354901474915,2.57056218307294e-12,1.93837337365346e-10,-4.27437519112315,1.00259849419687,2.01432463230904e-05,0.00053926623822471,-4.18812685050555,0.598354901474915,2.57056218307296e-12,1.90433461067982e-10,-5.3608809073694,-3.0153727936417,0,0,0,1
1428,"CRYM",-2.64177285938613,0.416556826876853,2.26909289923207e-10,1.20235640729965e-08,-2.15515331669272,0.7429009585714,0.00371977655933945,0.0397574842844195,-2.64177285938613,0.416556826876853,2.26909289923201e-10,1.18582091319167e-08,-3.45820923757905,-1.82533648119321,0,0,0,1
1429,"CRYZ",-1.2964989820257,0.359828126060695,0.00031443688077195,0.0030177145116883,-1.98333473895134,0.717762763178011,0.00572345862429158,0.0544996835707401,-1.2964989820257,0.359828126060695,0.000314436880771966,0.00298981132824289,-2.0017491497292,-0.5912488143222,0,0,0,1
1468,"SLC25A10",-1.72418856290796,0.582564219501002,0.00307984658625248,0.0193711340741196,-2.9610131865138,0.886913366714092,0.00084213944629654,0.0124787046688628,-1.72418856290796,0.582564219501002,0.00307984658625249,0.0192070173554312,-2.86599345181161,-0.58238367400431,0,0,0,1
1490,"CCN2",-1.20509370747718,0.384987922662517,0.00174680356158341,0.0122750292264059,-0.677034129004026,0.839185546367955,0.419795980875352,0.792454604124448,-1.20509370747718,0.384987922662517,0.00174680356158341,0.0121653679859655,-1.9596561703786,-0.450531244575755,0,0,0,1
1491,"CTH",-2.12230881844118,0.308212833766091,5.74415607310209e-12,4.08460092990949e-10,-2.97769974217556,0.952630818526774,0.00177343414475691,0.0226877731541841,-2.12230881844118,0.308212833766091,5.74415607310156e-12,4.01287338516209e-10,-2.72639487219575,-1.51822276468661,0,0,0,1
1497,"CTNS",-0.834775561997356,0.242418913949942,0.00057418375702946,0.00495915536908265,-1.64555997012616,0.792465398606581,0.0378470817461299,0.211515050925498,-0.834775561997356,0.242418913949942,0.000574183757029445,0.00491850037867091,-1.30990790251056,-0.359643221484155,0,0,0,1
1512,"CTSH",-1.38578233802991,0.294023474387782,2.43893701638435e-06,4.84197006050902e-05,-2.5288760125913,0.710859371450488,0.00037441353146822,0.00638981300802037,-1.38578233802991,0.294023474387782,2.43893701638439e-06,4.7845993957154e-05,-1.9620577584393,-0.809506917620522,0,0,0,1
1515,"CTSV",-2.10912107079415,0.483697727752161,1.29818157774636e-05,0.00020329437478469,-5.30386815381803,0.940429992733577,1.70215119212558e-08,1.08465216079211e-06,-2.10912107079415,0.483697727752161,1.29818157774641e-05,0.000201100256828801,-3.05715119659225,-1.16109094499605,0,0,0,1
1545,"CYP1B1",-1.85417822611431,0.523864948535511,0.00040100685835317,0.00367875543050735,0.513682266342429,0.747572386242258,0.491998406461066,0.83684170241358,-1.85417822611431,0.523864948535511,0.000401006858353186,0.00364583646067162,-2.88093465800684,-0.82742179422178,0,0,0,1
1576,"CYP3A4",-2.03379696314782,0.426556643557394,1.86118151718514e-06,3.84681553341098e-05,-4.51470732684931,1.1212440720177,5.6609360976702e-05,0.00133622011353317,-2.03379696314782,0.426556643557394,1.86118151718513e-06,3.80216824184956e-05,-2.8698326218866,-1.19776130440904,0,0,0,1
1579,"CYP4A11",-4.31412491880816,0.641343992244481,1.73560948634451e-11,1.12356153729208e-09,-7.77203891090331,0.821845154183416,3.17460859903845e-21,1.66260204722767e-18,-4.31412491880816,0.641343992244481,1.73560948634443e-11,1.10383125964066e-09,-5.57113604530848,-3.05711379230784,0,0,0,1
1582,"CYP8B1",-1.55473421626925,0.583109502339517,0.00766953896467753,0.0401896726808837,-1.25265472272139,1.1898557172034,0.292442441772333,0.701590355464625,-1.55473421626925,0.583109502339517,0.00766953896467745,0.03983374185699,-2.69760783989778,-0.411860592640722,0,0,0,1
1591,"CYP24A1",-3.28247761366531,0.828977705325427,7.50536054928165e-05,0.00091073004578551,-3.63444335506886,1.34478095076387,0.00687935826972458,0.0622442281192547,-3.28247761366531,0.828977705325427,7.50536054928171e-05,0.000900309397561969,-4.9072440600898,-1.65771116724082,0,0,0,1
1593,"CYP27A1",-1.51201267170128,0.452344705077759,0.00082993966389237,0.00673571374763984,-1.2838785872149,0.726092869461117,0.0770272036729886,0.340966430627474,-1.51201267170128,0.452344705077759,0.000829939663892358,0.00667665661590732,-2.39859200225108,-0.62543334115148,0,0,0,1
1594,"CYP27B1",-3.85694699680023,0.605884239751107,1.94255427857128e-10,1.04139120777782e-08,-6.29408430848138,0.940139351182406,2.15904945644519e-11,2.51274373892812e-09,-3.85694699680023,0.605884239751107,1.94255427857124e-10,1.02711605246965e-08,-5.04445828551283,-2.66943570808763,0,0,0,1
1595,"CYP51A1",-1.16138278215226,0.364204435891705,0.00142854266798901,0.0104339114292076,-0.839731950925394,0.762017800269667,0.270468326761251,0.676587920717459,-1.16138278215226,0.364204435891705,0.00142854266798908,0.010338722915994,-1.87521035950973,-0.447555204794791,0,0,0,1
1602,"DACH1",-2.56455576194719,0.289727505191559,8.62633438674121e-19,1.90948085683284e-16,-3.13947901653148,0.944102141862906,0.00088304597106403,0.0129929476989133,-2.56455576194719,0.289727505191559,8.62633438674135e-19,1.87594946026506e-16,-3.13241123745329,-1.99670028644109,0,0,0,1
1607,"DGKB",-1.24997049171032,0.429543986528863,0.00361435511195735,0.0220655736461311,-1.71545137608179,1.50463448378522,0.254239768987854,0.658344296734771,-1.24997049171032,0.429543986528863,0.00361435511195726,0.0218923405096675,-2.09186123508265,-0.408079748337991,0,0,0,1
1610,"DAO",-4.85413693931914,0.63537065823969,2.17473845780313e-14,2.48717588290751e-12,-4.9772885363881,0.857100172742316,6.35543807335078e-09,4.29478978513249e-07,-4.85413693931914,0.63537065823969,2.17473845780301e-14,2.4434998855465e-12,-6.09944054630244,-3.60883333233584,0,0,0,1
1629,"DBT",-0.660033550111197,0.210451307373562,0.00171107632604642,0.0120796355445787,-3.27699467280661,0.831185885033584,8.061871860273e-05,0.00181354242290356,-0.660033550111197,0.210451307373562,0.00171107632604644,0.0119722065926747,-1.07251053306275,-0.247556567159647,0,0,0,1
1634,"DCN",-3.01271302158207,0.476341667873695,2.5374271216332e-10,1.339371146819e-08,0.0555186941907237,1.17981308640895,0.962467643149168,0.992772016057161,-3.01271302158207,0.476341667873695,2.53742712163336e-10,1.3209316556364e-08,-3.94632553495025,-2.07910050821389,0,0,0,1
1644,"DDC",-3.74401199499725,0.629627159121837,2.74111684102237e-09,1.15395974006721e-07,-2.60500277994231,0.711512869232575,0.00025102035348527,0.00458262538568591,-3.74401199499725,0.629627159121837,2.74111684102224e-09,1.13718394976932e-07,-4.97805855056432,-2.50996543943018,0,0,0,1
1672,"DEFB1",-2.89877278670719,0.581082489199483,6.0826725853676e-07,1.43187990671672e-05,-2.93622679582403,0.784655890601702,0.00018252035305448,0.00352809526740493,-2.89877278670719,0.581082489199483,6.08267258536749e-07,1.41401162876741e-05,-4.03767353758506,-1.75987203582932,0,0,0,1
1733,"DIO1",-5.18117607666833,0.828446610362131,3.99851480698769e-10,2.00275975222989e-08,-8.19101141762695,0.962546545100076,1.74338520093672e-17,5.61872934278817e-15,-5.18117607666833,0.828446610362131,3.99851480698769e-10,1.97479762427161e-08,-6.80490159609239,-3.55745055724427,0,0,0,1
1738,"DLD",-1.13117644593392,0.295286782139044,0.00012774164255803,0.00142646566514761,-2.21609410104163,0.73684706881587,0.002633749101276,0.0305460215835879,-1.13117644593392,0.295286782139044,0.000127741642558032,0.00141175456279503,-1.70992790403717,-0.552424987830668,0,0,0,1
1743,"DLST",-1.04977328477548,0.389160404077546,0.00698552245597982,0.0372452642524736,-1.55671367369202,0.71964514742012,0.0305282263933849,0.181942583971101,-1.04977328477548,0.389160404077546,0.00698552245598004,0.0369211286844292,-1.81251366097652,-0.287032908574436,0,0,0,1
1757,"SARDH",-2.65485226654085,0.421840140137568,3.10380131310414e-10,1.60137478274591e-08,-2.35997357629774,0.756159068458236,0.00180237124699261,0.0229528417388671,-2.65485226654085,0.421840140137568,3.1038013131038e-10,1.57919068319164e-08,-3.48164374844381,-1.82806078463789,0,0,0,1
1773,"DNASE1",-1.68177233008581,0.244064255643931,5.55204880085083e-12,3.98933600748046e-10,-4.52432037533839,0.896872235750825,4.54580572665302e-07,1.92868754868298e-05,-1.68177233008581,0.244064255643931,5.55204880085117e-12,3.91928136030766e-10,-2.16012948106149,-1.20341517911013,0,0,0,1
1776,"DNASE1L3",-2.16573791298686,0.364315620191443,2.77006109880883e-09,1.16257854801383e-07,-2.9847639709425,0.788401046987044,0.00015318729019768,0.00304539240382316,-2.16573791298686,0.364315620191443,2.77006109880907e-09,1.14566668083566e-07,-2.87978340756746,-1.45169241840626,0,0,0,1
1800,"DPEP1",-4.61541432359371,0.887180819284979,1.9679708289685e-07,5.36946951426713e-06,-7.32773012056854,0.788799592893725,1.54689640690251e-20,7.20123246757755e-18,-4.61541432359371,0.887180819284979,1.96797082896857e-07,5.29623766207251e-06,-6.35425677716701,-2.87657187002041,0,0,0,1
1804,"DPP6",-1.92760432751936,0.45775605096732,2.54258491385547e-05,0.0003619754705161,-5.39442306551475,1.29919556981109,3.29401513285148e-05,0.00082641316783619,-1.92760432751936,0.45775605096732,2.5425849138555e-05,0.000358220192199726,-2.82478970112059,-1.03041895391813,0,0,0,1
1807,"DPYS",-2.08038126310137,0.479814085586084,1.45226338468606e-05,0.00022419418100597,-2.1361270128794,1.06897731973659,0.0456851961180236,0.241984260980391,-2.08038126310137,0.479814085586084,1.4522633846861e-05,0.000222005297230417,-3.02079959012511,-1.13996293607763,0,0,0,1
1827,"RCAN1",-1.43813779586861,0.29981770960815,1.61295024842148e-06,3.40032706748639e-05,-0.00173565967127411,0.788038576135845,0.998242655909504,0.999801305969085,-1.43813779586861,0.29981770960815,1.61295024842145e-06,3.35608151226334e-05,-2.02576970862787,-0.850505883109347,0,0,0,1
1852,"DUSP9",-7.74353107754144,0.535380066852798,2.0570448415622e-47,3.52886042569995e-44,-5.01375131185894,0.826472995264824,1.30774112946552e-09,9.96201526759668e-08,-7.74353107754144,0.535380066852798,2.0570448415623e-47,3.46689194984807e-44,-8.79285672661357,-6.69420542846931,0,0,0,1
1875,"E2F5",-0.904124918596272,0.255555334750915,0.00040334847873698,0.00369529674378266,-0.672792465301477,0.961746269986144,0.484206518140252,0.832815800612746,-0.904124918596272,0.255555334750915,0.000403348478736999,0.00366218689482219,-1.40500417076514,-0.403245666427401,0,0,0,1
1892,"ECHS1",-1.87150148342612,0.266974986328154,2.38274556792444e-12,1.81671112078861e-10,-2.36835013377955,0.766845690777312,0.00201216298837192,0.0249053467667097,-1.87150148342612,0.266974986328154,2.3827455679242e-12,1.784808805129e-10,-2.39476284140238,-1.34824012544987,0,0,0,1
1950,"EGF",-4.17936130810008,0.537446671003024,7.46602930689592e-15,9.31488965525815e-13,-6.70039808969136,0.862081522028906,7.70440808577709e-15,1.63440727986757e-12,-4.17936130810008,0.537446671003024,7.46602930689555e-15,9.15131574044298e-13,-5.23273742687695,-3.12598518932321,0,0,0,1
1962,"EHHADH",-1.52604077869323,0.364113523609674,2.7758983792501e-05,0.00039113377163068,-2.13121532188588,0.840895975855611,0.0112621507581943,0.089492300942783,-1.52604077869323,0.364113523609674,2.77589837925005e-05,0.000387046927067513,-2.23969017125217,-0.812391386134294,0,0,0,1
2002,"ELK1",-1.71874332480592,0.533313048861604,0.00126959087752807,0.00951612263261239,0.511819699413767,0.883749654986894,0.56249095251358,0.872608152658992,-1.71874332480592,0.533313048861604,0.00126959087752804,0.00943138514647837,-2.76401769305991,-0.673468956551926,0,0,0,1
2016,"EMX1",-2.4473904028466,0.423862129586071,7.74000861667305e-09,2.95066328486725e-07,-3.26701459853503,0.852932896016966,0.00012797143546659,0.00261871953102724,-2.4473904028466,0.423862129586071,7.74000861667337e-09,2.90692301333167e-07,-3.27814491124575,-1.61663589444745,0,0,0,1
2018,"EMX2",-1.39283176492678,0.338320310217919,3.83998256074897e-05,0.00051464766273163,-1.71427528319067,0.773846470457583,0.0267418557149061,0.165314186619738,-1.39283176492678,0.338320310217919,3.83998256074875e-05,0.000509090313338991,-2.05592738819232,-0.72973614166124,0,0,0,1
2043,"EPHA4",-1.29417889846545,0.403823658316987,0.00135150733756657,0.00997745384656459,-0.799329268809412,0.882121749059344,0.364859675751524,0.74951142375889,-1.29417889846545,0.403823658316987,0.00135150733756656,0.00988734315377643,-2.08565872487195,-0.502699072058947,0,0,0,1
2052,"EPHX1",-1.71021629618276,0.463571638960288,0.00022494543802794,0.00227666017071937,-2.63407688584456,0.851301159732623,0.0019735937817859,0.0245366900511498,-1.71021629618276,0.463571638960288,0.000224945438027945,0.00225497348768088,-2.61880001279913,-0.80163257956639,0,0,0,1
2053,"EPHX2",-1.54115245422867,0.236750030973317,7.53417472714112e-11,4.30829224813687e-09,-1.9359860194419,0.726447021876682,0.00769868396811733,0.0675509134144913,-1.54115245422867,0.236750030973317,7.53417472714215e-11,4.25034635339153e-09,-2.00517398827511,-1.07713092018223,0,0,0,1
2057,"EPOR",-0.655879982115661,0.232590113302669,0.0048039182689372,0.0277038453110403,-0.534152604100802,0.789055848316166,0.498436675493324,0.841303277731154,-0.655879982115661,0.232590113302669,0.00480391826893715,0.0274828313867045,-1.11174822734898,-0.200011736882339,0,0,0,1
2063,"NR2F6",-1.14362569538053,0.376532968805843,0.00238745386270278,0.0158057968218683,0.0633398763743296,0.741314636463008,0.931909498735355,0.987476751768616,-1.14362569538053,0.376532968805843,0.00238745386270275,0.0156718794697279,-1.88161675323193,-0.405634637529134,0,0,0,1
2064,"ERBB2",-1.54597152153708,0.21686238738409,1.01237771857853e-12,8.31968371842621e-11,-1.05298427717374,0.725093050973085,0.146444412319274,0.492952594837394,-1.54597152153708,0.21686238738409,1.01237771857852e-12,8.17358609556537e-11,-1.97101399041127,-1.12092905266289,0,0,0,1
2066,"ERBB4",-3.47962683439454,0.428749023809969,4.8272929707513e-16,7.23205234653556e-14,-6.83501976770127,1.10303484921345,5.77111535318252e-10,4.78813477865733e-08,-3.47962683439454,0.428749023809969,4.82729297075102e-16,7.10505405044721e-14,-4.31995947946879,-2.63929418932029,0,0,0,1
2070,"EYA4",-2.55337791733963,0.438212811188215,5.65006341964484e-09,2.20915870003435e-07,-3.43338520115909,1.45942114437401,0.0186443588413216,0.127430999111627,-2.55337791733963,0.438212811188215,5.65006341964526e-09,2.17656585963077e-07,-3.41225924483258,-1.69449658984668,0,0,0,1
2099,"ESR1",-0.944080476196501,0.344325074913478,0.00610981396105596,0.0334680829491075,1.17698548055462,0.966197575180662,0.223162295038183,0.615938225056803,-0.944080476196501,0.344325074913478,0.00610981396105595,0.0331848152613875,-1.61894522200097,-0.269215730392028,0,0,0,1
2103,"ESRRB",-3.99255545092073,0.348693103525414,2.34994519226516e-30,2.15004318790981e-27,-5.29323550981883,1.06116704608393,6.09676305907827e-07,2.52268055471571e-05,-3.99255545092073,0.348693103525414,2.34994519226531e-30,2.11228740182088e-27,-4.67598137548804,-3.30912952635342,0,0,0,1
2104,"ESRRG",-1.8597433695614,0.386187392811475,1.46721400925904e-06,3.13157777030654e-05,-3.34240179817202,0.809867294939464,3.673696565247e-05,0.00091076154936352,-1.8597433695614,0.386187392811475,1.46721400925909e-06,3.0910072635688e-05,-2.61665675075531,-1.10282998836749,0,0,0,1
2108,"ETFA",-0.853497827926973,0.264145372690954,0.00123285858478973,0.00929656660310676,-1.73820762104249,0.768411653458003,0.023692542392581,0.151898744436597,-0.853497827926973,0.264145372690954,0.00123285858478972,0.00921431945605313,-1.37121324508415,-0.335782410769793,0,0,0,1
2121,"EVC",-1.0230286936586,0.293104093121075,0.00048243253779971,0.00428269089369693,-2.23213719947874,0.790458792921753,0.00474505605477417,0.0472253468504652,-1.0230286936586,0.293104093121075,0.000482432537799717,0.00424870770234913,-1.59750215989718,-0.448555227420019,0,0,0,1
2122,"MECOM",-2.28084289599631,0.296590021633744,1.46880769852477e-14,1.73775145297879e-12,-2.21886071902841,0.765761009818338,0.00376042963135204,0.0400897202238097,-2.28084289599631,0.296590021633744,1.46880769852483e-14,1.70723570682847e-12,-2.8621486565724,-1.69953713542022,0,0,0,1
2139,"EYA2",-1.42628312980302,0.396841835506258,0.00032553405823763,0.00310252042725923,-0.331129461971053,0.90595930440291,0.714737106037807,0.931266026649693,-1.42628312980302,0.396841835506258,0.000325534058237644,0.00307365245603513,-2.20407883495405,-0.648487424651986,0,0,0,1
2152,"F3",-2.00662088978108,0.518624019141336,0.00010922686806162,0.00125023314201651,0.246432814033429,0.929214774281723,0.790851203595667,0.951313464269577,-2.00662088978108,0.518624019141336,0.000109226868061626,0.00123756795132345,-3.02310528881551,-0.99013649074665,0,0,0,1
2160,"F11",-3.8050718168475,0.441664266724697,6.97564060176941e-18,1.36762416598119e-15,-5.75551544981537,0.848557572572342,1.1794655392047e-11,1.4751241023531e-09,-3.8050718168475,0.441664266724697,6.97564060176995e-18,1.34360803190949e-15,-4.6707178728862,-2.9394257608088,0,0,0,1
2168,"FABP1",-5.84460739606979,0.744919479338338,4.29658676308423e-15,5.5108744613615e-13,-7.88047714705092,0.768775386487039,1.17503324482314e-24,1.036441165789e-21,-5.84460739606979,0.744919479338338,4.29658676308426e-15,5.41410087165095e-13,-7.30462274695526,-4.38459204518432,0,0,0,1
2180,"ACSL1",-1.01649200567683,0.354311038305393,0.00411868676912261,0.0245135648969309,-2.54089177127473,0.728439887072672,0.00048641464637277,0.00787615754450363,-1.01649200567683,0.354311038305393,0.00411868676912247,0.0243150687494944,-1.71092888008039,-0.322055131273268,0,0,0,1
2185,"PTK2B",-0.88524742450095,0.276545515529321,0.00136908177298158,0.0100854955729464,-1.489630672979,0.757809986155684,0.0493327283234402,0.254468203746548,-0.88524742450095,0.276545515529321,0.00136908177298158,0.00999422281814325,-1.42726667502448,-0.343228173977419,0,0,0,1
2192,"FBLN1",-2.51739200125551,0.491531589718904,3.03072336746632e-07,7.81835479231349e-06,0.962605782649478,0.898828124583849,0.284189009254163,0.692457633918364,-2.51739200125551,0.491531589718904,3.03072336746639e-07,7.72462063583164e-06,-3.48077621436828,-1.55400778814274,0,0,0,1
2203,"FBP1",-5.41368107639691,0.758226406021568,9.3380598429767e-13,7.81436178567148e-11,-4.48549167754265,0.726745027453842,6.7418958617152e-10,5.51158208519439e-08,-5.41368107639691,0.758226406021568,9.33805984297718e-13,7.67713785749154e-11,-6.89977752432643,-3.92758462846739,0,0,0,1
2205,"FCER1A",-1.98484441851571,0.531634438109528,0.00018885519276112,0.00196948986736598,0.912025218159515,1.46624614349382,0.533932846449018,0.858997847138245,-1.98484441851571,0.531634438109528,0.000188855192761128,0.0019497201868287,-3.02682877015157,-0.942860066879847,0,0,0,1
2222,"FDFT1",-0.954060768259717,0.265391500001924,0.00032449335265142,0.00309475105753176,-1.58102618936242,0.757415656141094,0.036852379681975,0.207405236064016,-0.954060768259717,0.265391500001924,0.000324493352651424,0.00306597328226991,-1.47421855006655,-0.433902986452884,0,0,0,1
2230,"FDX1",-0.711388782362498,0.255361661916901,0.00533943445639246,0.0301557195389013,-1.24364639767336,0.744090732426268,0.0946498194431913,0.38538297474452,-0.711388782362498,0.255361661916901,0.00533943445639243,0.029909262474258,-1.21188844275192,-0.210889121973079,0,0,0,1
2235,"FECH",-1.47298515188198,0.244819425082234,1.78097823647999e-09,7.8286117176622e-08,-2.89916086258334,0.762451772981409,0.00014329030820806,0.00288316534952334,-1.47298515188198,0.244819425082234,1.78097823647994e-09,7.71578863576822e-08,-1.95282240775896,-0.993147896004999,0,0,0,1
2239,"GPC4",-1.15482218640258,0.357035826733576,0.00121868106353741,0.00922005452921026,1.04980084779694,0.890350667580027,0.238363556854844,0.637450949214469,-1.15482218640258,0.357035826733576,0.00121868106353735,0.00913875238024142,-1.85459954799087,-0.455044824814288,0,0,0,1
2246,"FGF1",-3.28546008417921,0.56051290019874,4.58636853218953e-09,1.80871614183244e-07,-3.50074631065614,0.869074311177847,5.62217032530246e-05,0.00132894150185817,-3.28546008417921,0.56051290019874,4.58636853218975e-09,1.78207512736353e-07,-4.38404518143883,-2.18687498691959,0,0,0,1
2254,"FGF9",-4.4806186880361,0.421218476272673,1.99880125545759e-26,1.24688856499545e-23,-6.90991673520749,1.26580292937595,4.79039939051921e-08,2.66718615899373e-06,-4.4806186880361,0.421218476272673,1.99880125545724e-26,1.22499260578773e-23,-5.30619173115338,-3.65504564491882,0,0,0,1
2261,"FGFR3",-1.87344092653395,0.411716439629404,5.35647772750502e-06,9.58439378517326e-05,-2.4472701165877,0.776636926493193,0.00162649979202465,0.0211634394522834,-1.87344092653395,0.411716439629404,5.35647772750536e-06,9.46545074704519e-05,-2.68039032005064,-1.06649153301726,0,0,0,1
2272,"FHIT",-1.04431147995657,0.319910117244179,0.00109699938691012,0.00846274288136849,-1.98952244422605,0.808658431764857,0.0138830438679143,0.103223572396795,-1.04431147995657,0.319910117244179,0.00109699938691014,0.00838958748366952,-1.67132378804515,-0.417299171867993,0,0,0,1
2296,"FOXC1",-1.79204772694889,0.27448925129565,6.63595174155301e-11,3.85897464835057e-09,-1.56333668106865,0.851620520061404,0.0663991027804024,0.310919967448104,-1.79204772694889,0.27448925129565,6.63595174155301e-11,3.80734201410039e-09,-2.33003677363173,-1.25405868026605,0,0,0,1
2299,"FOXI1",-5.90329186235142,0.788536346647439,7.07929760158148e-14,7.14384413853708e-12,-9.56849104130282,1.52384262039743,3.40350521889609e-10,3.03400765763189e-08,-5.90329186235142,0.788536346647439,7.07929760158196e-14,7.01839482074482e-12,-7.44879470228119,-4.35778902242165,0,0,0,1
2326,"FMO1",-2.44556142303148,0.557181363150979,1.13786258308938e-05,0.00018032362690899,-3.54565251491918,0.729339802146934,1.16526163068274e-06,4.48933785485336e-05,-2.44556142303148,0.557181363150979,1.13786258308938e-05,0.000178393037299931,-3.53761682766433,-1.35350601839863,0,0,0,1
2329,"FMO4",-1.8904735221843,0.268201557402568,1.80591208977559e-12,1.42438721379771e-10,-3.12695592307807,0.789373636081181,7.45387950528772e-05,0.00169497376701651,-1.8904735221843,0.268201557402568,1.80591208977568e-12,1.39937429347388e-10,-2.41613891529089,-1.36480812907771,0,0,0,1
2330,"FMO5",-1.27433657911307,0.213303365437691,2.31091636067677e-09,9.78858522652099e-08,-3.75831187855409,0.796953423186827,2.40705093543957e-06,8.49258244779616e-05,-1.27433657911307,0.213303365437691,2.31091636067657e-09,9.646466034366e-08,-1.69240349315213,-0.85626966507401,0,0,0,1
2348,"FOLR1",-3.15823291942317,0.503916056736648,3.67175695267204e-10,1.85261736832614e-08,-1.78965279011195,0.715256815626313,0.0123454800135902,0.095653212920831,-3.15823291942317,0.503916056736648,3.67175695267223e-10,1.82680070084427e-08,-4.14589024185844,-2.1705755969879,0,0,0,1
2353,"FOS",-2.04534584760745,0.725897902843351,0.00483724399827519,0.0278349419842049,1.64649527468277,0.753751427478048,0.0289328042851081,0.175365232193174,-2.04534584760745,0.725897902843351,0.00483724399827527,0.0276124304948118,-3.46807959363357,-0.622612101581327,0,0,0,1
2354,"FOSB",-2.3957513406734,0.888364985772567,0.00700072579961909,0.0372973450597719,1.92639093429656,1.11205845584726,0.0832246313336635,0.356868718927798,-2.3957513406734,0.888364985772567,0.00700072579961902,0.0369724974368442,-4.13691471791407,-0.654587963432732,0,0,0,1
2444,"FRK",-0.987553145626323,0.260064511455846,0.00014625763308301,0.00158824609576465,-1.30331922453067,0.785027903222432,0.0968701516237935,0.390815327651217,-0.987553145626323,0.260064511455846,0.00014625763308301,0.00157279876334081,-1.49727022173679,-0.477836069515861,0,0,0,1
2525,"FUT3",-4.41315979444531,0.802413585878046,3.80099876538561e-08,1.2236696146404e-06,-4.99503746599613,0.878556128161914,1.30424751439029e-08,8.43933748790228e-07,-4.41315979444531,0.802413585878046,3.80099876538567e-08,1.20500341334495e-06,-5.98586152347192,-2.8404580654187,0,0,0,1
2528,"FUT6",-1.57198810497967,0.510426462565785,0.00207171408459062,0.014103275841727,-2.7720047425864,1.08044255329567,0.0102991666850998,0.0839920849029627,-1.57198810497967,0.510426462565785,0.00207171408459055,0.0139874416637628,-2.57240558836479,-0.571570621594549,0,0,0,1
2538,"G6PC1",-3.00403621067604,0.546639436482345,3.89689015576069e-08,1.24955421723504e-06,-9.56199323108161,0.897783410108861,1.73117876828299e-26,1.81330156110342e-23,-3.00403621067604,0.546639436482345,3.89689015576051e-08,1.23048641616204e-06,-4.07542981871071,-1.93264260264137,0,0,0,1
2555,"GABRA2",-2.29867605122666,0.45230228428932,3.73151775076132e-07,9.37936806070482e-06,-4.48180507768039,1.21159266233466,0.00021636347412376,0.00401743159397522,-2.29867605122666,0.45230228428932,3.73151775076111e-07,9.26557160838159e-06,-3.18517223855892,-1.4121798638944,0,0,0,1
2561,"GABRB2",-1.70766286734825,0.40050621129497,2.010142186125e-05,0.00029663646626214,-4.26045229453216,1.37542522137561,0.00195125609861166,0.0243311763070184,-1.70766286734825,0.40050621129497,2.01014218612502e-05,0.000293637563331784,-2.49264061707098,-0.92268511762552,0,0,0,1
2562,"GABRB3",-1.60915672186299,0.57199766891059,0.00490476973913691,0.0280999719317417,-3.6399642628735,0.968964562539414,0.00017227155568207,0.00336338249981753,-1.60915672186299,0.57199766891059,0.00490476973913681,0.0278740956979278,-2.73025155216861,-0.488061891557368,0,0,0,1
2584,"GALK1",-0.818892924867553,0.254222039056685,0.00127667484685522,0.00954484086426133,-0.372537913116278,0.738742468213899,0.614060006249217,0.89815252615907,-0.818892924867553,0.254222039056685,0.00127667484685525,0.00945966607341164,-1.31715896549499,-0.320626884240116,0,0,0,1
2591,"GALNT3",-1.70313691720174,0.44040586637922,0.00011009280112208,0.00125909466883286,-1.41954212627756,1.76100289753112,0.420185947693328,0.793095652369917,-1.70313691720174,0.44040586637922,0.00011009280112208,0.00124633185350882,-2.56631655388517,-0.83995728051831,0,0,0,1
2619,"GAS1",-2.1570525459102,0.405475167649277,1.03873290278202e-07,3.02024795715686e-06,-1.87980062927276,1.09913417060535,0.0872185747385106,0.366983704253753,-2.1570525459102,0.405475167649277,1.03873290278207e-07,2.97351077032072e-06,-2.95176927112812,-1.36233582069228,0,0,0,1
2620,"GAS2",-1.38693858951376,0.411159803922844,0.00074290552321298,0.00614692548501387,-2.16176913351789,1.09475170037886,0.0483060458971162,0.251269360148121,-1.38693858951376,0.411159803922844,0.000742905523212993,0.00609408274091284,-2.19279699709308,-0.581080181934435,0,0,0,1
2625,"GATA3",-3.24750157397505,0.39785986256195,3.28362519120164e-16,5.3648181100061e-14,-3.29673409745739,0.825357084330548,6.48822496938167e-05,0.00150604102855772,-3.24750157397505,0.39785986256195,3.28362519120159e-16,5.27060933963941e-14,-4.02729257549053,-2.46771057245957,0,0,0,1
2628,"GATM",-3.12972343096654,0.522475571193565,2.09607155833036e-09,9.02758162435682e-08,-5.3012320488698,0.746945302653053,1.27295157928525e-12,1.88791110772048e-10,-3.12972343096654,0.522475571193565,2.09607155833029e-09,8.8968556498018e-08,-4.15375673330792,-2.10569012862516,0,0,0,1
2639,"GCDH",-1.34254103291443,0.343318994687438,9.21140310890388e-05,0.00108512700658023,-2.24223276826509,0.737765925075199,0.00237191773000061,0.0282322224695172,-1.34254103291443,0.343318994687438,9.21140310890428e-05,0.00107344293964872,-2.01543389771031,-0.669648168118554,0,0,0,1
2642,"GCGR",-5.45915378009604,0.912895696647876,2.23081335841985e-09,9.53759580403553e-08,-9.67813710835518,1.4010902590462,4.93005695434715e-12,6.66313100789548e-10,-5.45915378009604,0.912895696647876,2.23081335841985e-09,9.39939265986715e-08,-7.24839646716748,-3.6699110930246,0,0,0,1
2643,"GCH1",-1.22432318806443,0.335280110470883,0.00026056818453446,0.00258011382723733,-1.97325875766472,0.84007472962927,0.0188285280048215,0.128375915202648,-1.22432318806443,0.335280110470883,0.000260568184534447,0.00255508424151124,-1.88146012931997,-0.567186246808889,0,0,0,1
2653,"GCSH",-1.08437054676288,0.394117202046064,0.00593427540361226,0.0327734388890039,-2.8742148005307,0.813620292372027,0.00041145677722174,0.00686129764125296,-1.08437054676288,0.394117202046064,0.00593427540361251,0.0324987145681996,-1.85682606846086,-0.311915025064899,0,0,0,1
2674,"GFRA1",-1.5190038494851,0.455828438483417,0.00086099618832756,0.00693038808715981,1.93266622647248,1.29950670380737,0.136953898161673,0.47480411917032,-1.5190038494851,0.455828438483417,0.000860996188327551,0.00687318626833651,-2.41241117204173,-0.625596526928471,0,0,0,1
2690,"GHR",-1.04038956367582,0.358390798811478,0.00369668963215494,0.0224682765773669,-1.06441444316182,0.81206196520003,0.18994048286552,0.566946583383873,-1.04038956367582,0.358390798811478,0.00369668963215483,0.0222909062210839,-1.74282262173686,-0.337956505614783,0,0,0,1
2700,"GJA3",-1.42141220499526,0.405578715547291,0.00045720470876053,0.00410109635492132,-3.35545483349781,2.03209781567892,0.0986922264878929,0.394557019014932,-1.42141220499526,0.405578715547291,0.000457204708760524,0.00406360651827168,-2.21633188036397,-0.626492529626554,0,0,0,1
2705,"GJB1",-3.00538907396756,0.334931156083559,2.88141007586988e-19,6.81801239331694e-17,-1.9084942211457,0.736138007405484,0.00952599468092519,0.079228856008747,-3.00538907396756,0.334931156083559,2.88141007586983e-19,6.69828483671603e-17,-3.6618420771917,-2.34893607074342,0,0,0,1
2710,"GK",-2.1218055624219,0.372126520148716,1.18521639940851e-08,4.31456495105635e-07,-3.94015110492999,0.739295741018913,9.84289281745019e-08,5.02917807096487e-06,-2.1218055624219,0.372126520148716,1.18521639940854e-08,4.25007253011313e-07,-2.8511601396056,-1.3924509852382,0,0,0,1
2719,"GPC3",-3.79605778552377,0.491452679345722,1.12595757264814e-14,1.37970015419849e-12,-3.7185445479578,0.740072553411318,5.04568145350909e-07,2.11931266865561e-05,-3.79605778552377,0.491452679345722,1.12595757264819e-14,1.35547196000139e-12,-4.7592873371471,-2.83282823390044,0,0,0,1
2731,"GLDC",-2.76284093840739,0.466451892499714,3.15929689982504e-09,1.28659319445694e-07,-2.27777305749967,1.09046036073663,0.036724123687279,0.206877172731129,-2.76284093840739,0.466451892499714,3.15929689982523e-09,1.26776190774832e-07,-3.67706984822738,-1.8486120285874,0,0,0,1
2744,"GLS",-0.938889376857338,0.257696547902365,0.00026906924612481,0.00264710131456417,-3.06935614341841,0.718837950600432,1.95572853458807e-05,0.00052610039343758,-0.938889376857338,0.257696547902365,0.000269069246124828,0.00262128659357012,-1.44396532968627,-0.433813424028402,0,0,0,1
2745,"GLRX",-0.661036676953234,0.231864639809944,0.00435875330855785,0.0256736182002781,-0.986727148390061,0.899734855037325,0.272778421329595,0.680117412590958,-0.661036676953234,0.231864639809944,0.00435875330855781,0.0254742396442501,-1.11548302026908,-0.206590333637392,0,0,0,1
2766,"GMPR",-2.12530063597349,0.446731820862215,1.96061762033349e-06,4.01006203002337e-05,-1.73692556629072,0.81334477036998,0.0327174004227697,0.190982554400974,-2.12530063597349,0.446731820862215,1.96061762033349e-06,3.96326947150771e-05,-3.00087891561143,-1.24972235633555,0,0,0,1
2770,"GNAI1",-1.26033551839475,0.327576290448143,0.00011935047402602,0.00135145701776661,-0.689862621921514,0.906958246138272,0.446876138557998,0.809928788524044,-1.26033551839475,0.327576290448143,0.000119350474026023,0.00133765788968651,-1.90237324986234,-0.618297786927158,0,0,0,1
2803,"GOLGA4",-0.662639718446078,0.157991941657587,2.73913397760436e-05,0.00038635749727212,-1.03092452198663,0.733404847629372,0.159822410729639,0.516081653452413,-0.662639718446078,0.157991941657587,2.73913397760451e-05,0.000382323403022448,-0.972298233942502,-0.352981202949654,0,0,0,1
2813,"GP2",-2.87606780047821,0.513231993770479,2.09659383230964e-08,7.35899073008119e-07,-10.2161624151333,1.6671634674496,8.90628310311864e-10,7.10763802500787e-08,-2.87606780047821,0.513231993770479,2.09659383230972e-08,7.2483011900082e-07,-3.88198402398203,-1.87015157697439,0,0,0,1
2819,"GPD1",-3.41126275199795,0.775003518514969,1.07450879029811e-05,0.00017247437003568,-2.57116649229322,0.751518492923611,0.00062323681089023,0.00968907765650222,-3.41126275199795,0.775003518514969,1.07450879029807e-05,0.000170643133328491,-4.93024173617911,-1.89228376781679,0,0,0,1
2823,"GPM6A",-1.9993719661728,0.460456673201445,1.4109511417339e-05,0.00021855410236067,-2.42043649187454,1.0233939111807,0.0180248439066392,0.12415879943747,-1.9993719661728,0.460456673201445,1.41095114173397e-05,0.000216180161863627,-2.90185046208876,-1.09689347025684,0,0,0,1
2824,"GPM6B",-1.80835226972964,0.547397379086284,0.00095470399826956,0.00756552672789901,-0.204454037733961,1.21239676672975,0.86608276974278,0.971466510817164,-1.80835226972964,0.547397379086284,0.000954703998269571,0.00750185382318049,-2.88123141797038,-0.735473121488904,0,0,0,1
2850,"GPR27",-2.10714995508723,0.566601593968299,0.00020007087238666,0.0020691579899281,-1.47108131632479,1.40195614606804,0.294037200232123,0.703301058549843,-2.10714995508723,0.566601593968299,0.00020007087238666,0.00204825783780511,-3.21766867284808,-0.996631237326377,0,0,0,1
2873,"GPS1",-0.612345222173803,0.202079257362468,0.00244373198142467,0.0161033376276095,-0.449554772269463,0.843785409624456,0.594183597649772,0.88800914382281,-0.612345222173803,0.202079257362468,0.00244373198142472,0.0159661902784912,-1.00841328862684,-0.216277155720765,0,0,0,1
2875,"GPT",-2.39628907777136,0.615156242588334,9.80305901976845e-05,0.00114053130147697,-2.73557243220741,0.737776263851584,0.00020901665947841,0.00391530264006458,-2.39628907777136,0.615156242588334,9.80305901976883e-05,0.00112815151147861,-3.60197315810948,-1.19060499743324,0,0,0,1
2878,"GPX3",-1.86031746454723,0.530451327840545,0.00045310998796863,0.00406968682911098,-2.91778966877185,0.72783177531455,6.10076116590404e-05,0.00142797006116461,-1.86031746454723,0.530451327840545,0.000453109987968638,0.00403252935167073,-2.89998296266615,-0.820651966428313,0,0,0,1
2886,"GRB7",-1.12244349801378,0.349268701550449,0.00131038239401698,0.00972091241918326,-0.700517521230187,0.765385793874482,0.360061653867774,0.745524247241169,-1.12244349801378,0.349268701550449,0.00131038239401691,0.00963352552809704,-1.80699757397973,-0.437889422047831,0,0,0,1
2888,"GRB14",-1.33489855150371,0.503486064330679,0.00801797801347811,0.0413894802411514,-1.4361001473956,0.894990224446681,0.108582148518548,0.417429358608098,-1.33489855150371,0.503486064330679,0.00801797801347814,0.0410174567863002,-2.32171310430966,-0.348083998697763,0,0,0,1
2898,"GRIK2",-1.0744886001248,0.373540544836071,0.00402114846073558,0.0240882765059516,-2.14358489296649,1.77096510381863,0.226123550989769,0.619947607224217,-1.0744886001248,0.373540544836071,0.0040211484607356,0.0238947310251644,-1.80661461476897,-0.342362585480632,0,0,0,1
2901,"GRIK5",-2.42482451292383,0.489230768276187,7.18104448565396e-07,1.64528638599524e-05,-2.75990948548553,1.05013894581417,0.00858538191125116,0.0731853588253602,-2.42482451292383,0.489230768276187,7.18104448565435e-07,1.62453058389392e-05,-3.38369919887402,-1.46594982697364,0,0,0,1
2938,"GSTA1",-6.58249330783634,1.03525716765969,2.03976119791726e-10,1.08924835331582e-08,-2.3728621134026,1.12447836391526,0.0348420613270111,0.199357495998422,-6.58249330783634,1.03525716765969,2.0397611979172e-10,1.07430079029366e-08,-8.61156007118628,-4.5534265444864,0,0,0,1
2939,"GSTA2",-4.2127132832186,1.06820220415091,8.02201529886406e-05,0.00096068183212574,-1.98063682863188,1.08281581485161,0.0673765482828464,0.313634740779245,-4.2127132832186,1.06820220415091,8.02201529886377e-05,0.000950446680795959,-6.30635113156069,-2.11907543487651,0,0,0,1
2947,"GSTM3",-2.03974411239593,0.257933335975936,2.61497442063185e-15,3.51842244595603e-13,-2.1043282807251,0.737552604316731,0.00432918649031406,0.0442395343848618,-2.03974411239593,0.257933335975936,2.61497442063117e-15,3.45663726601668e-13,-2.54528416132103,-1.53420406347083,0,0,0,1
3005,"H1-0",-1.21359628387679,0.349174954014504,0.00050969116337906,0.0044926149815121,-0.829927836476598,0.728351862477476,0.25451132947691,0.658437074823021,-1.21359628387679,0.349174954014504,0.000509691163379076,0.00445665755891056,-1.89796661804865,-0.529225949704933,0,0,0,1
3029,"HAGH",-1.20845136599724,0.293230223169568,3.76954431404899e-05,0.00050669173522045,-1.68042919662298,0.728213904332404,0.0210211811542596,0.139081711395277,-1.20845136599724,0.293230223169568,3.76954431404889e-05,0.00050123043379015,-1.78317204258824,-0.633730689406244,0,0,0,1
3033,"HADH",-2.44884797060561,0.472083747982732,2.13345595691434e-07,5.77505908337129e-06,-0.261084959184959,0.724658050620288,0.718632433186223,0.93180355495303,-2.44884797060561,0.472083747982732,2.13345595691436e-07,5.69611617169828e-06,-3.37411511433845,-1.52358082687277,0,0,0,1
3081,"HGD",-1.86629808928248,0.423095395264954,1.02867025252509e-05,0.0001666761575638,-1.42604432978631,0.831250346266549,0.0862460235034176,0.364415520532744,-1.86629808928248,0.423095395264954,1.02867025252507e-05,0.000164721627254104,-2.69554982602653,-1.03704635253843,0,0,0,1
3084,"NRG1",-1.24923086706589,0.324879520123883,0.0001204478980304,0.00136163669898621,-1.4629944825963,1.00029918485119,0.143588661904997,0.488230203469273,-1.24923086706589,0.324879520123883,0.0001204478980304,0.00134771702003642,-1.88598302582336,-0.612478708308424,0,0,0,1
3091,"HIF1A",-0.956099883235619,0.223683036763714,1.91694572819139e-05,0.00028579021055932,-0.189345012519707,0.842776720429764,0.822237512233141,0.958966715645771,-0.956099883235619,0.223683036763714,1.91694572819144e-05,0.000282921927379726,-1.39451057924505,-0.517689187226191,0,0,0,1
3155,"HMGCL",-0.588276406378415,0.209653019050733,0.00501680919619565,0.0286100192577937,-2.43581028262703,0.813445462327391,0.00274952835855163,0.0314898918320283,-0.588276406378415,0.209653019050733,0.00501680919619554,0.0283787860912581,-0.999188772967942,-0.177364039788889,0,0,0,1
3158,"HMGCS2",-2.28238545569834,0.61723442527528,0.00021750943503722,0.00221282393361815,-6.51142778824455,1.17321195654507,2.85528361867531e-08,1.69686872926878e-06,-2.28238545569834,0.61723442527528,0.000217509435037226,0.00219020142838455,-3.49214269925617,-1.07262821214051,0,0,0,1
3164,"NR4A1",-1.57199228895782,0.524931923790914,0.00274751507539847,0.0176877104025591,-0.203707678674819,0.769041903835464,0.791098039986079,0.951313464269577,-1.57199228895782,0.524931923790914,0.00274751507539856,0.0175416616789511,-2.60083995392334,-0.543144623992304,0,0,0,1
3172,"HNF4A",-1.95215489935501,0.527572917637709,0.00021538200934298,0.00220073028789719,-1.56702293548485,0.878541854741298,0.0744783797777626,0.334093057811409,-1.95215489935501,0.527572917637709,0.000215382009342989,0.00217829194143046,-2.98617881714364,-0.918130981566384,0,0,0,1
3213,"HOXB3",-0.678778080384063,0.246359995228932,0.0058651158610625,0.0324961041894315,-1.25932898580412,0.858174109371634,0.142253241373959,0.485334383039925,-0.678778080384063,0.246359995228932,0.0058651158610626,0.0322246769171586,-1.16163479826423,-0.195921362503897,0,0,0,1
3215,"HOXB5",-2.22142763463509,0.487592646395257,5.21595622595114e-06,9.369605136774e-05,-0.94821301410179,0.931346654565782,0.308625851085781,0.719691412616499,-2.22142763463509,0.487592646395257,5.21595622595082e-06,9.2535181308546e-05,-3.17709166069637,-1.26576360857381,0,0,0,1
3216,"HOXB6",-1.43970507836253,0.350065840106054,3.91110235937732e-05,0.00052213977412543,-1.61896223756718,0.805356186668202,0.0444053974754808,0.236551193989696,-1.43970507836253,0.350065840106054,3.91110235937717e-05,0.00051648768963254,-2.12582151718815,-0.753588639536907,0,0,0,1
3218,"HOXB8",-1.69148144759285,0.473067775548449,0.00034948117841907,0.00329252283284002,-2.67711701611251,1.00641796084104,0.00781302231868925,0.0681874131317493,-1.69148144759285,0.473067775548449,0.000349481178419076,0.00326156715649305,-2.61867724991429,-0.764285645271412,0,0,0,1
3234,"HOXD8",-1.71193108403313,0.297857990141154,9.05864695016251e-09,3.37828453108778e-07,-2.38086760974988,0.783107941979215,0.0023635810285859,0.0281827079041717,-1.71193108403313,0.297857990141154,9.05864695016194e-09,3.32800372831154e-07,-2.29572201721728,-1.12814015084898,0,0,0,1
3236,"HOXD10",-1.52200989317806,0.396807297934724,0.00012523780693723,0.00140331392092747,-1.30902300395057,0.832346102438851,0.115790446108596,0.433347942459573,-1.52200989317806,0.396807297934724,0.000125237806937236,0.00138887503756711,-2.29973790593277,-0.744281880423346,0,0,0,1
3242,"HPD",-5.79251544733566,0.645169832345857,2.75032246111521e-19,6.62200446602548e-17,-6.37130722385199,0.757552193757902,4.08659636233146e-17,1.24522306247842e-14,-5.79251544733566,0.645169832345857,2.75032246111513e-19,6.50571890231846e-17,-7.05702508264528,-4.52800581202604,0,0,0,1
3248,"HPGD",-2.07765544571323,0.525141641796681,7.60967786894596e-05,0.00092175833251027,-3.09842400693489,0.84995224772958,0.00026696634348562,0.00480849288594979,-2.07765544571323,0.525141641796681,7.60967786894593e-05,0.000911201480523961,-3.10691415041696,-1.0483967410095,0,0,0,1
3273,"HRG",-3.57171254637774,0.509453638990269,2.36843008496378e-12,1.81588460815883e-10,-6.81824799844653,0.859993771192434,2.22250585856405e-15,5.0333750923885e-13,-3.57171254637774,0.509453638990269,2.36843008496393e-12,1.78399680645635e-10,-4.57022333059154,-2.57320176216394,0,0,0,1
3291,"HSD11B2",-3.3701850124966,0.465464673350186,4.47118259765985e-13,4.09083399801892e-11,-4.04326412669243,0.771570460782439,1.60311880400041e-07,7.76493295845172e-06,-3.3701850124966,0.465464673350186,4.47118259765982e-13,4.01899699761649e-11,-4.28247900833867,-2.45789101665453,0,0,0,1
3303,"HSPA1A",-1.27506462597718,0.475855050700059,0.00737271042753074,0.039006583618902,2.15562651952368,1.06198498082951,0.0423759723752994,0.229016098367508,-1.27506462597718,0.475855050700059,0.00737271042753077,0.0386644320087115,-2.20772338721078,-0.342405864743583,0,0,0,1
3306,"HSPA2",-3.55722063817382,0.354875683847422,1.19745383548224e-23,5.3012440123091e-21,-2.77159902315522,0.744267577354754,0.00019614672796294,0.00372701021987636,-3.55722063817382,0.354875683847422,1.19745383548204e-23,5.20815163348528e-21,-4.25276419750379,-2.86167707884385,0,0,0,1
3373,"HYAL1",-1.45472618094277,0.418359011843189,0.00050664256019759,0.00447148713578896,-2.64654484904272,0.784659255768424,0.00074392100566557,0.0111952904195033,-1.45472618094277,0.418359011843189,0.000506642560197611,0.00443575431113272,-2.27469477676319,-0.634757585122354,0,0,0,1
3417,"IDH1",-1.03036063311742,0.332409776170128,0.00193736319308252,0.0133475765370806,-2.026917533899,0.735461933646489,0.00585167807063598,0.0553120545887131,-1.03036063311742,0.332409776170128,0.00193736319308249,0.0132394667675272,-1.68187182251989,-0.378849443714948,0,0,0,1
3481,"IGF2",-2.48482033598903,0.556775862813079,8.08677360406289e-06,0.00013600843252715,2.29674414619957,0.922050097807916,0.0127416259908936,0.0974164735316543,-2.48482033598903,0.556775862813079,8.08677360406289e-06,0.000134443857587645,-3.57608097456388,-1.39355969741418,0,0,0,1
3485,"IGFBP2",-2.1487927587492,0.565767527745075,0.00014586032861878,0.00158620217905242,-1.01635179298623,0.763532972531251,0.183150484555236,0.556659225727457,-2.1487927587492,0.565767527745075,0.000145860328618778,0.00157079457728993,-3.25767673675181,-1.03990878074659,0,0,0,1
3549,"IHH",-2.04001831257378,0.645135589318624,0.00156606529495216,0.0113178936850571,-0.225106905735526,0.938991088135392,0.810537452623898,0.95698472622216,-2.04001831257378,0.645135589318624,0.00156606529495212,0.0112136263259902,-3.30446083278331,-0.775575792364254,0,0,0,1
3598,"IL13RA2",-2.94790480770093,0.770167919093974,0.00012939193965449,0.00143538563009,-2.35729524956312,1.17407702739446,0.0446660524730001,0.237562162296099,-2.94790480770093,0.770167919093974,0.0001293919396545,0.00142050635519181,-4.45740619117328,-1.43840342422858,0,0,0,1
3633,"INPP5B",-1.2547309145406,0.264058144835546,2.01691482192913e-06,4.10684555135836e-05,-0.141622188593794,0.867386347980655,0.870302204935001,0.973106089459211,-1.2547309145406,0.264058144835546,2.01691482192914e-06,4.05881530508517e-05,-1.77227536824273,-0.737186460838469,0,0,0,1
3694,"ITGB6",-1.21759063845899,0.318561075940856,0.00013228909264472,0.00146178382242851,0.150813875383176,0.873251689354554,0.862884265464396,0.970717720122064,-1.21759063845899,0.318561075940856,0.000132289092644722,0.00144777097088376,-1.8419588741794,-0.593222402738583,0,0,0,1
3707,"ITPKB",-0.739895285515653,0.277884725974849,0.00775400119971324,0.0404315776842191,-1.46900357353946,0.771731895044978,0.0569733216579265,0.280498207304697,-0.739895285515653,0.277884725974849,0.00775400119971321,0.0400717509297559,-1.28453934028014,-0.195251230751167,0,0,0,1
3728,"JUP",-1.29982523370331,0.29186444479357,8.4472363326258e-06,0.00014083733113155,-1.1825786599398,0.721584453381457,0.101241622367881,0.400734140118873,-1.29982523370331,0.29186444479357,8.4472363326251e-06,0.000139208874320598,-1.87186903386649,-0.727781433540134,0,0,0,1
3753,"KCNE1",-1.17929661741493,0.452601092989443,0.00917139648343911,0.0459876672775734,-2.6892934915844,1.73409192311816,0.120940809856014,0.443863726681049,-1.17929661741493,0.452601092989443,0.00917139648343946,0.0455965850981616,-2.0663784590377,-0.292214775792158,0,0,0,1
3758,"KCNJ1",-7.09689121582151,0.52098978524122,2.96586192687904e-42,4.52260989827644e-39,-9.2380699728875,1.03956057172002,6.30558936149078e-19,2.29729069802661e-16,-7.09689121582151,0.52098978524122,2.96586192687846e-42,4.44319070667804e-39,-8.11801243120756,-6.07577000043546,0,0,0,1
3760,"KCNJ3",-1.07115995026366,0.342648016253964,0.00177127264605911,0.0124088544127183,-1.85696998149702,0.946677714688488,0.0498131369232634,0.256551432605093,-1.07115995026366,0.342648016253964,0.00177127264605902,0.0122976668830143,-1.74273772149552,-0.399582179031795,0,0,0,1
3766,"KCNJ10",-4.56015307702509,0.360513965628017,1.13260126114651e-36,1.41307451890679e-33,-8.40905983596317,0.90229940738937,1.16791579210515e-20,5.59231450282577e-18,-4.56015307702509,0.360513965628017,1.13260126114613e-36,1.38826025491211e-33,-5.26674746557971,-3.85355868847047,0,0,0,1
3772,"KCNJ15",-2.75260659775376,0.360032061121958,2.08218205661808e-14,2.40133332311147e-12,-2.92941278516917,0.719743031665021,4.6996697472265e-05,0.00113001097982452,-2.75260659775376,0.360032061121958,2.08218205661837e-14,2.35916476213323e-12,-3.45825647083252,-2.046956724675,0,0,0,1
3773,"KCNJ16",-2.09469662536973,0.464382841204394,6.46108051102779e-06,0.00011195943047139,-1.50109817371941,0.753616510252397,0.0463864803053639,0.244232178271314,-2.09469662536973,0.464382841204394,6.46108051102755e-06,0.000110692183646994,-3.00487026916873,-1.18452298157073,0,0,0,1
3795,"KHK",-1.33986882680477,0.415248995645868,0.00125242602959074,0.00941921715793744,-1.95399900824323,0.798421344252852,0.0143919750842151,0.10560206236268,-1.33986882680477,0.415248995645868,0.00125242602959075,0.00933565806755755,-2.1537419028871,-0.525995750722439,0,0,0,1
3801,"KIFC3",-1.09956714266332,0.406781109927483,0.00686975365843713,0.0367278921731169,-0.789448258344818,0.732134945355689,0.280907729240376,0.6892727136661,-1.09956714266332,0.406781109927483,0.00686975365843721,0.0364091543147441,-1.89684346771242,-0.302290817614225,0,0,0,1
3816,"KLK1",-5.83976006898914,0.851025216204883,6.78890780149175e-12,4.77799849577809e-10,-6.83838864879981,0.864075897795824,2.49035127904463e-15,5.4992620971008e-13,-5.83976006898914,0.851025216204883,6.78890780149167e-12,4.69409455833396e-10,-7.50773884268612,-4.17178129529216,0,0,0,1
3827,"KNG1",-9.97168941800945,0.565978456439558,1.77664445400796e-69,8.12755616226843e-66,-8.77508802317192,0.750448968846683,1.38218039542686e-31,2.57377347188431e-28,-9.97168941800945,0.565978456439558,1.77664445400841e-69,7.98483239113179e-66,-11.0809868086566,-8.86239202736235,0,0,0,1
3855,"KRT7",-1.47736523600565,0.549670618996364,0.00719399225373098,0.0382083396633916,-3.82548682268847,0.859144587911418,8.48092801326465e-06,0.00025563286434227,-1.47736523600565,0.549670618996364,0.00719399225373083,0.037874501193695,-2.55469985259836,-0.400030619412938,0,0,0,1
3897,"L1CAM",-2.92669559018805,0.63110531760601,3.52798149204678e-06,6.67834730991035e-05,-4.1196486350327,1.00047906819773,3.82712254203434e-05,0.0009432168629699,-2.92669559018805,0.63110531760601,3.52798149204669e-06,6.59747218547372e-05,-4.16363928314754,-1.68975189722856,0,0,0,1
3898,"LAD1",-1.67203029297233,0.403769821356814,3.45722291239616e-05,0.00047117107497244,-1.69437379384834,0.880841724359043,0.0544066418814021,0.272749300415919,-1.67203029297233,0.403769821356814,3.4572229123962e-05,0.00046613736527838,-2.46340460087586,-0.880655985068803,0,0,0,1
3945,"LDHB",-1.43807795984567,0.292736919615683,8.99100937611824e-07,2.00638394598125e-05,-1.62120973586825,0.715218924788814,0.023406592765745,0.150526127460138,-1.43807795984567,0.292736919615683,8.99100937611905e-07,1.98081338918649e-05,-2.01183177923761,-0.864324140453735,0,0,0,1
3975,"LHX1",-5.5399662967946,0.568651850435656,1.99035058815087e-22,7.58765874216182e-20,-9.3347132708663,2.13328135835672,1.21013735863047e-05,0.00035087702410533,-5.5399662967946,0.568651850435656,1.99035058815073e-22,7.45441582778787e-20,-6.65450344339054,-4.42542915019866,0,0,0,1
3983,"ABLIM1",-0.849498592753256,0.221694977987795,0.00012719099503186,0.00142263179773211,-0.902126022428894,0.728852538664982,0.215814476592268,0.603505547092115,-0.849498592753256,0.221694977987795,0.000127190995031867,0.00140797716421565,-1.28401276516273,-0.414984420343778,0,0,0,1
3993,"LLGL2",-1.24508393311775,0.348201442362539,0.0003492151969958,0.00329252283284002,-1.51111161093365,0.84202156009947,0.0727137193265095,0.329175910911122,-1.24508393311775,0.348201442362539,0.000349215196995829,0.00326156715649305,-1.92754621951323,-0.562621646722274,0,0,0,1
4023,"LPL",-1.59435942041727,0.52988259519811,0.00262202437388108,0.0170786248254124,-2.10935152008778,0.773408909518401,0.00638465966036713,0.0588885587496383,-1.59435942041727,0.52988259519811,0.00262202437388102,0.0169313958970488,-2.63291022304018,-0.555808617794358,0,0,0,1
4036,"LRP2",-1.33135980983593,0.50966381514445,0.00899533519146704,0.0453034789606215,-2.72809019821023,0.733575717590376,0.0002000971406895,0.00378210108176838,-1.33135980983593,0.50966381514445,0.00899533519146727,0.0449200386616864,-2.33028253174233,-0.332437087929528,0,0,0,1
4043,"LRPAP1",-0.874261124772354,0.3155696918009,0.00559837572720505,0.0313344651224152,-0.566161031122566,0.738093821763203,0.443046822147654,0.807619512634254,-0.874261124772354,0.3155696918009,0.00559837572720508,0.0310757101399366,-1.49276635531452,-0.255755894230185,0,0,0,1
4051,"CYP4F3",-3.19020680925063,0.419259658963442,2.75918775285745e-14,3.02936741761725e-12,-3.46891034923946,0.805690812118697,1.66600996190535e-05,0.00045922139722979,-3.19020680925063,0.419259658963442,2.7591877528575e-14,2.97617027774222e-12,-4.01194064098952,-2.36847297751174,0,0,0,1
4058,"LTK",-1.34391636729769,0.417217553885651,0.00127681529524185,0.00954484086426133,-1.55354625060881,1.37668283107055,0.259121180328389,0.664211052481411,-1.34391636729769,0.417217553885651,0.00127681529524179,0.00945966607341164,-2.16164774663147,-0.526184987963915,0,0,0,1
4059,"BCAM",-2.02832067433084,0.354928623107072,1.09879391540821e-08,4.02129271868328e-07,-1.61906155722035,0.762664136374069,0.0337620278246233,0.195109594590642,-2.02832067433084,0.354928623107072,1.09879391540822e-08,3.96124020359601e-07,-2.72396799270309,-1.33267335595859,0,0,0,1
4060,"LUM",-1.69165550974074,0.578173256707401,0.00343502608912412,0.0211158986999085,1.39564182826121,1.39999931161994,0.31881911472106,0.729143501022424,-1.69165550974074,0.578173256707401,0.00343502608912416,0.0209515122655032,-2.82485426971148,-0.558456749770003,0,0,0,1
4070,"TACSTD2",-3.57714571094837,0.390080844969366,4.71846507258793e-20,1.29512429312394e-17,-0.781990574766146,0.833586114500657,0.348190900811789,0.736133632736819,-3.57714571094837,0.390080844969366,4.7184650725877e-20,1.272381291474e-17,-4.34169011814728,-2.81260130374946,0,0,0,1
4072,"EPCAM",-1.64315286337671,0.370898178730465,9.41460257961531e-06,0.00015492326834849,-2.55668636776614,0.76366320441385,0.00081419336784778,0.0121397390140223,-1.64315286337671,0.370898178730465,9.41460257961543e-06,0.000153120731701996,-2.37009993561992,-0.916205791133499,0,0,0,1
4091,"SMAD6",-1.76272219166496,0.534852551246728,0.00098171150005114,0.00774310840615054,-1.07646893451671,0.913426423758283,0.238599123300487,0.637748438180681,-1.76272219166496,0.534852551246728,0.000981711500051121,0.00767773558885688,-2.81101392914791,-0.71443045418201,0,0,0,1
4118,"MAL",-3.5320517199429,0.412843371697562,1.17432259600144e-17,2.17789233885456e-15,-6.66555787517523,0.817311904341607,3.47841611208593e-16,9.1712205585953e-14,-3.5320517199429,0.412843371697562,1.17432259600155e-17,2.13964750836336e-15,-4.3412098597262,-2.7228935801596,0,0,0,1
4121,"MAN1A1",-0.754166017996132,0.285694774228546,0.00829644308967582,0.0424535365259921,-0.574007966680542,0.84444280825561,0.496664294896923,0.839883812553708,-0.754166017996132,0.285694774228546,0.00829644308967574,0.0420846283589534,-1.31411748605538,-0.19421454993688,0,0,0,1
4128,"MAOA",-1.53684421500889,0.464946830579263,0.00094834418406006,0.00753187244331034,-0.670850341105698,0.855989449564511,0.433208339657928,0.802579987212825,-1.53684421500889,0.464946830579263,0.000948344184060095,0.00746876438883309,-2.44812325767029,-0.625565172347489,0,0,0,1
4135,"MAP6",-1.83295728393877,0.331872850450171,3.33125222430852e-08,1.09951282639223e-06,-1.09386114045306,0.870243194138819,0.20876801404998,0.595530748504446,-1.83295728393877,0.331872850450171,3.33125222430855e-08,1.08280775886592e-06,-2.48341611826775,-1.18249844960979,0,0,0,1
4190,"MDH1",-0.770765889665083,0.288149178793363,0.00747549084383048,0.039383353681662,-1.42527315058091,0.72330008145089,0.0487794582273456,0.253016075652147,-0.770765889665083,0.288149178793363,0.00747549084383051,0.0390364225590112,-1.33552790227487,-0.206003877055299,0,0,0,1
4212,"MEIS2",-1.06920633044411,0.391002911007661,0.0062470790423795,0.0341016790303854,-1.66171048355003,0.99736032589703,0.0956918124422822,0.38764783290312,-1.06920633044411,0.391002911007661,0.00624707904237941,0.0338120528387485,-1.83555795386945,-0.302854707018775,0,0,0,1
4232,"MEST",-1.20231604043177,0.382044692706879,0.00164923374884215,0.0117502618659606,0.840696825861185,1.09787552190083,0.443825804602781,0.807871908258717,-1.20231604043177,0.382044692706879,0.00164923374884217,0.0116466685976632,-1.95110987862192,-0.453522202241615,0,0,0,1
4237,"MFAP2",-1.10858901982556,0.428525635453368,0.00968200502755913,0.0480389866226398,1.4790787733934,1.13066815272267,0.190823868042005,0.567978820983763,-1.10858901982556,0.428525635453368,0.00968200502755942,0.0476255317631293,-1.9484838317663,-0.268694207884818,0,0,0,1
4239,"MFAP4",-1.65206455913449,0.60722505594581,0.00651479569456088,0.035221975489114,-0.121767628636938,1.01583816317142,0.904586825204263,0.980874853082893,-1.65206455913449,0.60722505594581,0.00651479569456089,0.0349197881076299,-2.8422037992986,-0.461925318970383,0,0,0,1
4255,"MGMT",-0.771201427647866,0.263467893611843,0.00342119827992837,0.0210455065861663,-0.191298406013185,0.743986119415212,0.797081267281923,0.952843501192183,-0.771201427647866,0.263467893611843,0.00342119827992843,0.0208818544175079,-1.28758901020971,-0.254813845086023,0,0,0,1
4306,"NR3C2",-1.43175800532343,0.278607155354526,2.76226376574124e-07,7.15269960774204e-06,-3.42381694663335,0.913797272026228,0.00017910373582837,0.00347749815938976,-1.43175800532343,0.278607155354526,2.76226376574123e-07,7.0670972207759e-06,-1.97781799565346,-0.885698014993403,0,0,0,1
4311,"MME",-2.02501739290169,0.461754854120305,1.15729468147049e-05,0.00018298055539747,-3.63861716125001,0.99271016846153,0.0002470132431806,0.00451931762277704,-2.02501739290169,0.461754854120305,1.15729468147048e-05,0.000181018610095898,-2.93004027666403,-1.11999450913935,0,0,0,1
4313,"MMP2",-1.25776037496753,0.438285182747608,0.00410821727415105,0.0244846673708732,2.17413795453614,0.80778925551625,0.00711385806594704,0.0636984041308754,-1.25776037496753,0.438285182747608,0.00410821727415106,0.0242867099534452,-2.1167835481104,-0.398737201824662,0,0,0,1
4329,"ALDH6A1",-3.67799303924786,0.429901344422863,1.17425006906627e-17,2.17789233885456e-15,-5.74923073330969,0.718954143355526,1.27841212875527e-15,3.01759279800135e-13,-3.67799303924786,0.429901344422863,1.17425006906615e-17,2.13964750836336e-15,-4.52058419122202,-2.8354018872737,0,0,0,1
4337,"MOCS1",-1.05290789881633,0.298288357273055,0.00041582304083049,0.0037918640613672,-1.88778898219399,0.772921082099419,0.0145896294988529,0.106539259595327,-1.05290789881633,0.298288357273055,0.000415823040830474,0.00375773596482391,-1.63754233607913,-0.468273461553526,0,0,0,1
4482,"MSRA",-1.65493507535194,0.386317717974841,1.83669842850743e-05,0.00027570703904044,-3.57729814797895,0.74526546078361,1.5864018678781e-06,5.85933668373171e-05,-1.65493507535194,0.386317717974841,1.83669842850749e-05,0.000272951364521342,-2.41210388917233,-0.89776626153155,0,0,0,1
4494,"MT1F",-2.51690524211409,0.401338402643473,3.58093460607916e-10,1.81345928169116e-08,-5.94533590663927,0.948722744037088,3.68841816377072e-10,3.27059259294357e-08,-2.51690524211409,0.401338402643473,3.58093460607916e-10,1.78821264050983e-08,-3.30351405690813,-1.73029642732005,0,0,0,1
4495,"MT1G",-4.28187860895835,0.640966541541093,2.38377908197104e-11,1.47364793337705e-09,-9.10546888064754,1.12268840069482,5.04471541197938e-16,1.26185650133377e-13,-4.28187860895835,0.640966541541093,2.38377908197107e-11,1.44776997127099e-09,-5.53814994567409,-3.02560727224261,0,0,0,1
4508,"MT-ATP6",-1.6236856422481,0.347094452326081,2.89776920028144e-06,5.66509750778669e-05,-1.82085661990177,0.73490348704039,0.0132239209370836,0.0997388348265457,-1.6236856422481,0.347094452326081,2.89776920028137e-06,5.59751033343749e-05,-2.30397826804087,-0.943393016455326,0,0,0,1
4509,"MT-ATP8",-2.50160995920471,0.62948462922284,7.06576220884202e-05,0.00086658195312017,0.223794760614388,0.877440620060314,0.798681373825095,0.953561982713913,-2.50160995920471,0.62948462922284,7.06576220884191e-05,0.000856723667822081,-3.73537716130303,-1.26784275710639,0,0,0,1
4513,"MT-CO2",-1.34226795144367,0.315599610762568,2.108574932005e-05,0.000309542747374,-1.36694058354638,0.721434316782713,0.0581249951986311,0.28373258620148,-1.34226795144367,0.315599610762568,2.1085749320052e-05,0.000306400939547676,-1.96083182207316,-0.723704080814177,0,0,0,1
4514,"MT-CO3",-2.18525409386895,0.473346187510289,3.90061886379598e-06,7.29320072026377e-05,-2.00558519213234,0.718483893619308,0.00524784834950171,0.0512570850856561,-2.18525409386895,0.473346187510289,3.90061886379578e-06,7.20438960829569e-05,-3.11299557360846,-1.25751261412944,0,0,0,1
4519,"MT-CYB",-2.29791975409944,0.432824568872549,1.10152750117392e-07,3.1893171785044e-06,-2.39067854219981,0.844476053890415,0.00464084192079299,0.0464888641665091,-2.29791975409944,0.432824568872549,1.10152750117397e-07,3.13993558104198e-06,-3.14624032071371,-1.44959918748517,0,0,0,1
4534,"MTM1",-0.6701172225746,0.232616957330086,0.00396698137965123,0.0238261936342816,-1.34405422096625,0.896193072110657,0.133682452137998,0.469190411598055,-0.6701172225746,0.232616957330086,0.0039669813796512,0.0236353556967906,-1.12603808113486,-0.214196364014341,0,0,0,1
4535,"MT-ND1",-1.39142192595949,0.389779820957628,0.00035730313912591,0.00334034624071118,-2.10701366973043,0.744725752102518,0.00466575624449261,0.0466763681340547,-1.39142192595949,0.389779820957628,0.000357303139125896,0.0033110090892333,-2.15537633693691,-0.627467514982069,0,0,0,1
4536,"MT-ND2",-1.05114802740051,0.363572204375315,0.00383813877524205,0.0231638595212937,-1.82310127749126,0.746033331240503,0.0145364495161092,0.106243505207359,-1.05114802740051,0.363572204375315,0.00383813877524204,0.0229794072409362,-1.76373645375596,-0.338559601045057,0,0,0,1
4537,"MT-ND3",-1.83332003243447,0.361533150687391,3.95814619228932e-07,9.80534266118747e-06,-1.65106137748817,0.780491922258195,0.0343949134687974,0.198015924020466,-1.83332003243447,0.361533150687391,3.95814619228917e-07,9.68560528323682e-06,-2.54191198699905,-1.12472807786989,0,0,0,1
4538,"MT-ND4",-1.29152865023596,0.411399148520768,0.00169319237519158,0.0120036278066308,-1.89712924967788,0.747170151995444,0.0111142508821661,0.0886970145401054,-1.29152865023596,0.411399148520768,0.00169319237519157,0.011897254121029,-2.09785616460711,-0.48520113586481,0,0,0,1
4539,"MT-ND4L",-1.68609248185574,0.520029922421159,0.00118569566000715,0.00900525027002661,-1.82295288970577,0.892595242261808,0.0411211572321516,0.224478656043527,-1.68609248185574,0.520029922421159,0.00118569566000719,0.00892614996308034,-2.70533240068437,-0.66685256302711,0,0,0,1
4540,"MT-ND5",-1.35943256556354,0.334883697351761,4.91953958066377e-05,0.00064117532008575,-1.4477469861716,0.74741786205231,0.0527455743995421,0.266816505089624,-1.35943256556354,0.334883697351761,4.91953958066369e-05,0.000634131473863179,-2.0157925513826,-0.703072579744477,0,0,0,1
4541,"MT-ND6",-2.38023377851527,0.556628112143171,1.90140126621291e-05,0.00028425741805562,-1.59012591358083,0.729042116917988,0.0291747882348199,0.176408066335588,-2.38023377851527,0.556628112143171,1.90140126621284e-05,0.000281411561716221,-3.47120483109841,-1.28926272593213,0,0,0,1
4547,"MTTP",-2.90594098660709,0.410888505559014,1.52348544542448e-12,1.22270843584827e-10,-0.886055896273015,1.00903346604491,0.379876756377554,0.760394603728154,-2.90594098660709,0.410888505559014,1.52348544542448e-12,1.20123709126656e-10,-3.71126765916424,-2.10061431404994,0,0,0,1
4594,"MMUT",-1.1968427379249,0.305496675295466,8.93997923113318e-05,0.00105587155738444,-2.1668067228804,0.740600101043547,0.00343632954963959,0.0374687357985751,-1.1968427379249,0.305496675295466,8.93997923113344e-05,0.00104452114361674,-1.79560521890074,-0.59808025694906,0,0,0,1
4613,"MYCN",-2.14912684945308,0.441179188997416,1.10852784461752e-06,2.4498286859148e-05,-3.1383669635691,1.31306432579237,0.0168433695821458,0.118009210212032,-2.14912684945308,0.441179188997416,1.10852784461752e-06,2.41849205970518e-05,-3.01382217061661,-1.28443152828956,0,0,0,1
4616,"GADD45B",-1.25289367660218,0.404159971691815,0.00193524256807608,0.0133463663338071,-0.23983293088745,0.806250026555935,0.766109852487763,0.94604761044437,-1.25289367660218,0.404159971691815,0.00193524256807606,0.0132316813110393,-2.04503266511087,-0.460754688093495,0,0,0,1
4621,"MYH3",-1.17046950371702,0.375083183298265,0.0018050764323086,0.0126006454511715,-0.789042551839455,1.05335779966252,0.45381282724098,0.81367809690078,-1.17046950371702,0.375083183298265,0.00180507643230855,0.012487350198469,-1.90561903418825,-0.435319973245785,0,0,0,1
4628,"MYH10",-0.96949469364965,0.341696358496318,0.00454970010344245,0.0265138361866854,-1.95790618504654,0.748861932237299,0.00893558330534254,0.075536577512421,-0.96949469364965,0.341696358496318,0.00454970010344239,0.0263051485826388,-1.63920724995092,-0.29978213734838,0,0,0,1
4634,"MYL3",-3.01967889173956,0.501809079485302,1.77038135836588e-09,7.8124481550525e-08,-5.30351324636757,0.835118957790962,2.14465392150413e-10,2.04217358355044e-08,-3.01967889173956,0.501809079485302,1.77038135836581e-09,7.70001672736974e-08,-4.00320661464595,-2.03615116883317,0,0,0,1
4646,"MYO6",-1.01851854525485,0.217890142844457,2.94729465899012e-06,5.75372288762168e-05,-2.21714029829167,0.833248786453535,0.00779463764829297,0.0681462693199098,-1.01851854525485,0.217890142844457,2.94729465899023e-06,5.68503202963739e-05,-1.44557537781627,-0.591461712693427,0,0,0,1
4648,"MYO7B",-1.67770043008502,0.586682205652048,0.00424120964661906,0.0251214334010358,-2.66117687898024,0.775548742231512,0.00060059173180593,0.00941563782351323,-1.67770043008502,0.586682205652048,0.00424120964661909,0.0249168756711831,-2.82757642353355,-0.527824436636485,0,0,0,1
4674,"NAP1L2",-2.32962960219129,0.423213240441294,3.69957778182706e-08,1.20030745810389e-06,-1.57882991240308,1.22207433504122,0.196382686247471,0.576378568566164,-2.32962960219129,0.423213240441294,3.69957778182719e-08,1.18202386806578e-06,-3.15911231123672,-1.50014689314586,0,0,0,1
4675,"NAP1L3",-1.57632613035521,0.45909710541639,0.00059576456130107,0.00510842399618687,-0.172770379157881,1.15387341524588,0.880977014331983,0.974905541957191,-1.57632613035521,0.45909710541639,0.000595764561301072,0.00506618343256727,-2.47613992237792,-0.676512338332497,0,0,0,1
4705,"NDUFA10",-0.747669020656897,0.233274231452128,0.00135011981518386,0.00997628475016491,-1.48088567938217,0.818054370086038,0.0702565047975752,0.322061362141242,-0.747669020656897,0.233274231452128,0.00135011981518385,0.00988623080936446,-1.20487811282433,-0.290459928489466,0,0,0,1
4711,"NDUFB5",-0.814757071353927,0.293804688944266,0.00555208224694808,0.0311388544164754,0.573383239876094,0.73012631755264,0.432265619058047,0.801985996877428,-0.814757071353927,0.293804688944266,0.00555208224694809,0.0308823122671622,-1.39060368017368,-0.238910462534172,0,0,0,1
4719,"NDUFS1",-0.962398312465249,0.208641951291861,3.97512275640314e-06,7.39222015025429e-05,-3.25888140528244,0.731438032481602,8.37196345721724e-06,0.00025325945050451,-0.962398312465249,0.208641951291861,3.97512275640338e-06,7.30198639299547e-05,-1.37132902266146,-0.553467602269041,0,0,0,1
4720,"NDUFS2",-0.510210095474727,0.195896763438088,0.00920125669785479,0.0461037046080172,-1.37089475438734,0.720485647064756,0.0570748613147638,0.280706890805412,-0.510210095474727,0.195896763438088,0.0092012566978549,0.0457113279503234,-0.894160696501342,-0.126259494448112,0,0,0,1
4722,"NDUFS3",-0.72874270580125,0.254761023107364,0.00422979840623269,0.0250754873983315,-0.548971166138281,0.806209196560232,0.495916460977172,0.83954659574794,-0.72874270580125,0.254761023107364,0.00422979840623271,0.0248715097737617,-1.22806513575626,-0.22942027584624,0,0,0,1
4745,"NELL1",-5.21384178941531,0.485614192850537,6.85270015651518e-27,4.70232284740072e-24,-10.117441012754,1.69069027123488,2.17446272312666e-09,1.615343626552e-07,-5.21384178941531,0.485614192850537,6.85270015651478e-27,4.61974781051444e-24,-6.16562811778385,-4.26205546104677,0,0,0,1
4780,"NFE2L2",-0.777735252065451,0.237038814615465,0.00103422879288732,0.00809683739508592,-1.3410441936867,0.744843267720449,0.071791490224624,0.326146268548245,-0.777735252065451,0.237038814615465,0.00103422879288733,0.00802792562723075,-1.24232279164983,-0.313147712481073,0,0,0,1
4835,"NQO2",-1.09284623112313,0.365949802314064,0.00282349394563866,0.0180566779636276,-1.94170265647953,0.714415795877421,0.00656999239874963,0.0601082624362932,-1.09284623112313,0.365949802314064,0.00282349394563869,0.0179064764200595,-1.81009466380825,-0.375597798438012,0,0,0,1
4842,"NOS1",-1.52086355755619,0.50567127018525,0.00263308090012955,0.0171343775596861,-5.26304921130271,1.12714341510451,3.02125380929278e-06,0.00010396959464052,-1.52086355755619,0.50567127018525,0.00263308090012947,0.0169865214241366,-2.5119610351359,-0.529766079976477,0,0,0,1
4860,"PNP",-1.40868819557242,0.285817203200925,8.28068133218613e-07,1.87222521586363e-05,-1.44437952439566,0.727578218199706,0.0471235624875135,0.247335979871042,-1.40868819557242,0.285817203200925,8.28068133218623e-07,1.84848388082561e-05,-1.9688796200082,-0.848496771136641,0,0,0,1
4862,"NPAS2",-1.02737117477561,0.394738970121201,0.00925037451126564,0.0463328977345291,-0.190277243608932,0.917284215106667,0.835669816841738,0.963178955477865,-1.02737117477561,0.394738970121201,0.00925037451126575,0.0459384160351367,-1.8010453395076,-0.253697010043624,0,0,0,1
4881,"NPR1",-0.947756222804482,0.255215559597552,0.00020437053980909,0.00210095976654684,-0.478637665410688,0.769888397997863,0.534140818801777,0.859040205788281,-0.947756222804482,0.255215559597552,0.000204370539809093,0.00207964376471397,-1.44796952790992,-0.447542917699044,0,0,0,1
4883,"NPR3",-1.62850973847979,0.487571670167603,0.00083765793564292,0.00678231121460972,-4.91028822377745,0.963315519384752,3.44569826982639e-07,1.52411658969985e-05,-1.62850973847979,0.487571670167603,0.000837657935642941,0.00672270353944868,-2.58413265189033,-0.672886825069246,0,0,0,1
4886,"NPY1R",-1.05195153292714,0.363403612522547,0.00379497449194416,0.0229740758391891,-3.63335553761326,0.850066569289094,1.91823772622021e-05,0.00051767707010828,-1.05195153292714,0.363403612522547,0.00379497449194416,0.0227918223050704,-1.76420952532308,-0.339693540531199,0,0,0,1
4900,"NRGN",-1.00623642161818,0.338620507366236,0.00296275965675957,0.0187810224154126,-1.42412379242107,0.909548271128525,0.117407519671125,0.436785525435862,-1.00623642161818,0.338620507366236,0.00296275965675952,0.0186232580196218,-1.66992042048268,-0.342552422753677,0,0,0,1
4914,"NTRK1",-2.35622115167514,0.336965198982713,2.70076240458518e-12,2.01441648046342e-10,0.146458932392583,1.48116866782455,0.921233026362969,0.985225078551763,-2.35622115167514,0.336965198982713,2.70076240458547e-12,1.97904236418619e-10,-3.01666080572463,-1.69578149762565,0,0,0,1
4915,"NTRK2",-1.21176635340142,0.46890957702808,0.00975990055611981,0.0482963292716939,-3.49740069947886,0.826887563981108,2.34110898547552e-05,0.00061113154965084,-1.21176635340142,0.46890957702808,0.00975990055611981,0.0478797270335622,-2.13081223638237,-0.292720470420473,0,0,0,1
4929,"NR4A2",-1.50256709330142,0.497027945482116,0.00250196370989861,0.0164291626577266,0.253040206578052,1.23739431448604,0.837967168527664,0.963754622934732,-1.50256709330142,0.497027945482116,0.00250196370989863,0.0162887381460953,-2.4767239657563,-0.528410220846535,0,0,0,1
4942,"OAT",-1.38873427794724,0.426259460631916,0.00112218072844384,0.00862198920566925,-1.41263958241325,0.82572461170343,0.0871202946462453,0.36672310194923,-1.38873427794724,0.426259460631916,0.00112218072844378,0.00854702363486772,-2.22418746885526,-0.553281087039216,0,0,0,1
4953,"ODC1",-0.927191030813405,0.276652103766906,0.00080383952963198,0.00654711792561979,-0.93252832862502,0.738430593586327,0.206642481598385,0.592290294015279,-0.927191030813405,0.276652103766906,0.000803839529631985,0.00648992118444793,-1.46941919044378,-0.384962871183032,0,0,0,1
4968,"OGG1",-0.885035984597334,0.222149753096802,6.77759591620088e-05,0.00083422176102189,-1.14834158531854,0.769988001615534,0.135862819393195,0.473222682105585,-0.885035984597334,0.222149753096802,6.7775959162011e-05,0.000824750232293678,-1.32044149984153,-0.449630469353137,0,0,0,1
4982,"TNFRSF11B",-1.39189179980966,0.403298537964158,0.00055795685915082,0.00484032865675469,-1.26116811750689,1.44111834853678,0.381502338414337,0.762112957312757,-1.39189179980966,0.403298537964158,0.000557956859150803,0.00480085024373343,-2.18234240923707,-0.601441190382251,0,0,0,1
5000,"ORC4",-0.584571553309886,0.211048958230413,0.0056084074565704,0.0313778165242447,-1.46622567450123,0.75333436635607,0.0516169610970047,0.262374477107886,-0.584571553309886,0.211048958230413,0.00560840745657046,0.0311185834308393,-0.998219910416194,-0.170923196203578,0,0,0,1
5010,"CLDN11",-0.966921420226908,0.300517277213413,0.00129302406106058,0.00962335261062654,-0.895282462499788,0.911120449679996,0.325795963763599,0.730755456477082,-0.966921420226908,0.300517277213413,0.00129302406106056,0.00953711346568899,-1.55592446029724,-0.377918380156579,0,0,0,1
5017,"OVOL1",-2.00455973616071,0.583718984453551,0.00059448584938547,0.00510558435354584,-2.03029176983931,1.18771365196006,0.0873746907388989,0.367406159929185,-2.00455973616071,0.583718984453551,0.000594485849385457,0.00506345717451934,-3.14862792278197,-0.860491549539455,0,0,0,1
5019,"OXCT1",-1.35179326097483,0.29877881493401,6.05686236650921e-06,0.00010602599377292,-2.84836641883792,0.800081124933005,0.00037071782108735,0.00634476689933682,-1.35179326097483,0.29877881493401,6.05686236650911e-06,0.000104832702551531,-1.93738897758905,-0.766197544360612,0,0,0,1
5037,"PEBP1",-1.24574746455201,0.227742963530995,4.50108568714055e-08,1.41680963234672e-06,-2.31072036331202,0.81053022106096,0.00435991022653702,0.0444450945781837,-1.24574746455201,0.227742963530995,4.50108568714028e-08,1.39512961654511e-06,-1.69211547080518,-0.799379458298841,0,0,0,1
5053,"PAH",-5.04977177523233,0.770604204394759,5.6391328246908e-11,3.32152184060328e-09,-9.08748239958643,0.778489169369478,1.74665291016951e-31,2.92721561215308e-28,-5.04977177523233,0.770604204394759,5.63913282469103e-11,3.26319432941241e-09,-6.5601282621812,-3.53941528828346,0,0,0,1
5064,"PALM",-1.95738600930125,0.501700583320255,9.55975298938703e-05,0.00111848294992624,-2.90678288477763,0.733533410516538,7.41026306034969e-05,0.00168734509005979,-1.95738600930125,0.501700583320255,9.559752989387e-05,0.00110638754983609,-2.94070108363169,-0.974070934970814,0,0,0,1
5067,"CNTN3",-1.72666038661044,0.482463018834998,0.00034511600028468,0.00326196417899936,-3.34357372384725,1.77256393811592,0.0592555751030802,0.287261840657368,-1.72666038661044,0.482463018834998,0.000345116000284697,0.00323138821655457,-2.67227052739951,-0.781050245821375,0,0,0,1
5069,"PAPPA",-2.99961409180976,0.345041115498766,3.51449253257218e-18,7.09307287015008e-16,-3.34443051246107,1.01052052845615,0.00093425497184695,0.0135442725546567,-2.99961409180976,0.345041115498766,3.51449253257152e-18,6.96851512009732e-16,-3.67588225137287,-2.32334593224665,0,0,0,1
5071,"PRKN",-1.82798123443174,0.44141623918673,3.4553345493085e-05,0.00047117107497244,-2.22842513442903,0.895441483407958,0.0128235299623238,0.0977750403269266,-1.82798123443174,0.44141623918673,3.45533454930859e-05,0.00046613736527838,-2.69314116542885,-0.962821303434631,0,0,0,1
5087,"PBX1",-1.04410290344195,0.293214581915625,0.00036960936026064,0.00342969496972078,-1.78514460991748,0.829892737586297,0.0314718885217679,0.185663997692811,-1.04410290344195,0.293214581915625,0.00036960936026062,0.00339934720627144,-1.61879292373854,-0.469412883145356,0,0,0,1
5091,"PC",-1.71690949619148,0.436761812693928,8.45942303967201e-05,0.00100430036156106,-1.96899305325138,0.881629706095441,0.0255254728802372,0.159978085265481,-1.71690949619148,0.436761812693928,8.459423039672e-05,0.000993540077037435,-2.57294691889401,-0.860872073488952,0,0,0,1
5095,"PCCA",-1.77561237515645,0.382753015059892,3.50005522149829e-06,6.64370864259577e-05,-3.4092745595589,0.758461040966706,6.95733179828e-06,0.00021368129558306,-1.77561237515645,0.382753015059892,3.50005522149804e-06,6.56330328730277e-05,-2.52579449964796,-1.02543025066495,0,0,0,1
5096,"PCCB",-1.48775717636474,0.326637738913659,5.24449104685294e-06,9.40854838261565e-05,-1.63240271376956,0.725241646283794,0.0243956899512466,0.154955119112782,-1.48775717636474,0.326637738913659,5.24449104685289e-06,9.29191495199968e-05,-2.12795538062711,-0.847558972102371,0,0,0,1
5099,"PCDH7",-1.31608514748774,0.422014014507274,0.00181723803988164,0.0126469446548355,1.50847829416269,1.1149285809014,0.176061382915989,0.54580331414892,-1.31608514748774,0.422014014507274,0.0018172380398817,0.0125393144788766,-2.14321741689316,-0.488952878082319,0,0,0,1
5101,"PCDH9",-0.971040903307576,0.270517191049516,0.00033122148612017,0.00315234651561249,-2.89974437833649,0.900548559962279,0.00128201513696969,0.0174535269540821,-0.971040903307576,0.270517191049516,0.000331221486120173,0.00312297852962118,-1.50124485496357,-0.440836951651584,0,0,0,1
5104,"SERPINA5",-5.24919938585951,0.508003458365188,4.99731081143017e-25,2.5401145768914e-22,-8.09041954670645,1.04235012015542,8.37917075947379e-15,1.75533153447527e-12,-5.24919938585951,0.508003458365188,4.99731081143054e-25,2.49550895075993e-22,-6.24486786827707,-4.25353090344195,0,0,0,1
5105,"PCK1",-4.44338315217218,0.617314854830825,6.11378409951456e-13,5.34994019326057e-11,-6.00722744743933,0.848268758949443,1.42345087663167e-12,2.07440115143218e-10,-4.44338315217218,0.617314854830825,6.11378409951444e-13,5.25599268622319e-11,-5.65329803476217,-3.23346826958219,0,0,0,1
5106,"PCK2",-3.52694612367992,0.490875371631587,6.72005948030742e-13,5.80038341558107e-11,-4.21747994329575,0.715999229203243,3.85398457495656e-09,2.70246558542665e-07,-3.52694612367992,0.490875371631587,6.72005948030729e-13,5.69852591025052e-11,-4.48904417297554,-2.5648480743843,0,0,0,1
5121,"PCP4",-5.29684519599385,0.601916301268155,1.3685313358676e-18,2.98122604022966e-16,-1.26994479177513,1.11689005207695,0.255523013981604,0.659832078785469,-5.29684519599385,0.601916301268155,1.36853133586755e-18,2.92887428595273e-16,-6.47657946818699,-4.1171109238007,0,0,0,1
5136,"PDE1A",-1.77325445418579,0.301113667700801,3.88570167487375e-09,1.55021423796417e-07,-1.23412581175449,0.87683700193381,0.159286702802916,0.515444265741278,-1.77325445418579,0.301113667700801,3.88570167487344e-09,1.52743194409092e-07,-2.36342639813212,-1.18308251023946,0,0,0,1
5146,"PDE6C",-1.43206822079215,0.468665055983696,0.00224586274712383,0.0150278987525731,0.0128860476115822,1.86217321086164,0.994478764744256,0.999788219457048,-1.43206822079215,0.468665055983696,0.00224586274712386,0.014902050895409,-2.35063485133264,-0.513501590251658,0,0,0,1
5156,"PDGFRA",-3.604810634402,0.59585267382664,1.44993846716574e-09,6.5029266416283e-08,-1.26662261044142,1.29488394151477,0.327987965627671,0.730755456477082,-3.604810634402,0.59585267382664,1.4499384671658e-09,6.40967880419555e-08,-4.77266041519411,-2.43696085360989,0,0,0,1
5160,"PDHA1",-1.1200765696283,0.261083544851516,1.78586356695679e-05,0.0002690361316456,-1.11424236330294,0.725292904891813,0.124473312396322,0.450355838180042,-1.1200765696283,0.261083544851516,1.78586356695681e-05,0.000266358390191136,-1.63179091449332,-0.608362224763281,0,0,0,1
5162,"PDHB",-0.930605112236663,0.213429018412366,1.29910497439653e-05,0.00020329437478469,-1.58387554806389,0.732142383477171,0.0305147611186042,0.181927030091315,-0.930605112236663,0.213429018412366,1.29910497439654e-05,0.000201100256828801,-1.34891830158064,-0.51229192289269,0,0,0,1
5164,"PDK2",-0.872786534844513,0.276757518423097,0.00161261929876843,0.0115888919288363,-1.65494301616636,0.736227786151435,0.0245845965171939,0.155300886932398,-0.872786534844513,0.276757518423097,0.00161261929876841,0.011481515350648,-1.41522130340446,-0.330351766284562,0,0,0,1
5167,"ENPP1",-1.1415694719391,0.350976000377537,0.00114371625336419,0.00873962241713263,0.201290130309517,1.04449003571277,0.847181250746557,0.966172887462507,-1.1415694719391,0.350976000377537,0.00114371625336424,0.0086633293506236,-1.82946979211699,-0.453669151761211,0,0,0,1
5174,"PDZK1",-1.39128075687343,0.418847862894043,0.00089475573094527,0.00716431018173454,-2.41470112737427,0.711494057944022,0.00068918484353293,0.0104905075320332,-1.39128075687343,0.418847862894043,0.000894755730945274,0.00710482421692293,-2.21220748314732,-0.570354030599535,0,0,0,1
5178,"PEG3",-1.33600883241643,0.333988571114024,6.32987828788678e-05,0.00078973863293598,-2.78288273790395,1.05000794942244,0.00804097456015513,0.0696427352215193,-1.33600883241643,0.333988571114024,6.32987828788664e-05,0.000780839423198312,-1.99061440304791,-0.681403261784948,0,0,0,1
5184,"PEPD",-2.31275450845394,0.3623692868068,1.74432032205188e-10,9.46207592879052e-09,-2.20752334832166,0.718976436808959,0.00213794067935751,0.0260431353065383,-2.31275450845394,0.3623692868068,1.74432032205177e-10,9.33280591358095e-09,-3.02298525969873,-1.60252375720915,0,0,0,1
5208,"PFKFB2",-1.4143186950505,0.413419030309963,0.00062384566923769,0.00530462079592201,-3.52554797969822,0.809550845164282,1.33101402663892e-05,0.00037936163388506,-1.4143186950505,0.413419030309963,0.000623845669237684,0.00526035719720556,-2.2246051049815,-0.6040322851195,0,0,0,1
5217,"PFN2",-0.678084225569965,0.214050712687143,0.00153561663951301,0.0111154022999349,-0.0113930600626473,0.724484491668606,0.987453186134079,0.997933301961106,-0.678084225569965,0.214050712687143,0.00153561663951299,0.0110131484843371,-1.0976159133019,-0.258552537838034,0,0,0,1
5243,"ABCB1",-1.89271049170134,0.47925159307228,7.83785823888531e-05,0.00094629847505132,-1.53126918348211,1.22677961569126,0.21195696828977,0.599101366516944,-1.89271049170134,0.47925159307228,7.83785823888522e-05,0.000935440107477633,-2.83202635365645,-0.953394629746226,0,0,0,1
5245,"PHB1",-0.71218240427411,0.208541331150464,0.00063766564450711,0.00540814805047867,-1.52557060405847,0.731675662358639,0.0370659698793632,0.208242906204575,-0.71218240427411,0.208541331150464,0.000637665644507113,0.00536286521593568,-1.12091590261706,-0.30344890593116,0,0,0,1
5264,"PHYH",-1.32692959254887,0.299416679075753,9.34862358973854e-06,0.00015420734392496,-2.77390219320187,0.822321143938012,0.00074284044977093,0.0111952904195033,-1.32692959254887,0.299416679075753,9.34862358973797e-06,0.000152415346868727,-1.91377549990793,-0.740083685189807,0,0,0,1
5270,"SERPINE2",-0.972075666032278,0.308383941253492,0.00162067186014242,0.0116328978078424,1.90386636192764,0.762950710910924,0.0125815603938787,0.0966999804958102,-0.972075666032278,0.308383941253492,0.00162067186014241,0.0115250626003692,-1.57649708429964,-0.367654247764918,0,0,0,1
5284,"PIGR",-4.1442168116604,0.598509749622112,4.38365390941642e-12,3.18313578057307e-10,-7.4673937042044,0.773390119843295,4.66319643276892e-22,2.69484513850946e-19,-4.1442168116604,0.598509749622112,4.3836539094162e-12,3.12723839474384e-10,-5.31727436531582,-2.97115925800498,0,0,0,1
5288,"PIK3C2G",-2.0909628890599,0.411528652107207,3.75521295331114e-07,9.40447857139455e-06,-7.77587049708724,2.02654545370931,0.00012454257185886,0.00256413877368883,-2.0909628890599,0.411528652107207,3.75521295331107e-07,9.29019013752169e-06,-2.89754422579634,-1.28438155232346,0,0,0,1
5313,"PKLR",-1.81242680437994,0.46372901227885,9.29190632428625e-05,0.00109367171864927,-4.98469322982811,0.911313577204887,4.5057096577043e-08,2.53393248837135e-06,-1.81242680437994,0.46372901227885,9.29190632428657e-05,0.00108188923117751,-2.72131896703282,-0.903534641727062,0,0,0,1
5314,"PKHD1",-1.38287209590933,0.302994579514047,5.01842618271979e-06,9.05416548789348e-05,-4.05480647562004,0.821662950909451,8.02008480982545e-07,3.22322784958908e-05,-1.38287209590933,0.302994579514047,5.01842618271972e-06,8.94217223344388e-05,-1.97673055926772,-0.78901363255094,0,0,0,1
5324,"PLAG1",-1.4754736653895,0.417534115100606,0.00040966206284222,0.00374314390841993,-3.30532954701847,1.50749644390719,0.0283365534391829,0.172876701524305,-1.4754736653895,0.417534115100606,0.000409662062842231,0.00370951886722753,-2.29382549330349,-0.657121837475511,0,0,0,1
5327,"PLAT",-2.28519510020113,0.439345203591526,1.97829333505538e-07,5.38692415283731e-06,-0.887766374768265,0.921532152769941,0.335367349770411,0.730755456477082,-2.28519510020113,0.439345203591526,1.97829333505543e-07,5.31341215867577e-06,-3.14629587602094,-1.42409432438132,0,0,0,1
5328,"PLAU",-1.86075744771103,0.42789147159988,1.36967608231594e-05,0.00021264066237221,1.63076834153558,0.946375901495603,0.0848574472392096,0.360682400206552,-1.86075744771103,0.42789147159988,1.36967608231596e-05,0.000210334198381162,-2.69940932133864,-1.02210557408342,0,0,0,1
5334,"PLCL1",-2.54894669309969,0.319874170666321,1.60492627714108e-15,2.24755185994737e-13,-3.88419125195058,0.790074345435346,8.82244262272245e-07,3.51200275330655e-05,-2.54894669309969,0.319874170666321,1.60492627714128e-15,2.20808377496897e-13,-3.1758885471903,-1.92200483900908,0,0,0,1
5340,"PLG",-4.70348556873133,0.943319254122006,6.1609779782605e-07,1.44288842617145e-05,-5.31752738346652,0.810889645955771,5.46637196540234e-11,5.79815998532771e-09,-4.70348556873133,0.943319254122006,6.16097797826059e-07,1.42484504426908e-05,-6.55235733273365,-2.85461380472901,0,0,0,1
5364,"PLXNB1",-1.47953422564069,0.271377113658961,4.98207021287794e-08,1.53649284497836e-06,-0.736175726892931,0.728959902446948,0.312543780184242,0.723869708693714,-1.47953422564069,0.271377113658961,4.98207021287781e-08,1.51291109640161e-06,-2.01142359464069,-0.947644856640694,0,0,0,1
5442,"POLRMT",-0.823557744081372,0.302064801580394,0.00640240402766758,0.0347887731806453,0.489259124190886,0.898509091597955,0.58608142791362,0.88359227431249,-0.823557744081372,0.302064801580394,0.00640240402766761,0.034491925187741,-1.41559387617618,-0.231521611986562,0,0,0,1
5446,"PON3",-2.28474734034699,0.554963806388023,3.83952034753228e-05,0.00051464766273163,-2.51257488840874,1.31660521906548,0.0563429222822813,0.278457987180405,-2.28474734034699,0.554963806388023,3.83952034753249e-05,0.000509090313338991,-3.37245641359077,-1.19703826710321,0,0,0,1
5465,"PPARA",-0.95904252058463,0.224746479359538,1.9792454821303e-05,0.00029319583723271,-1.57753256171909,0.775609107730666,0.0419589229294651,0.227422247533928,-0.95904252058463,0.224746479359538,1.97924548213038e-05,0.000290236461840968,-1.3995375257815,-0.518547515387761,0,0,0,1
5502,"PPP1R1A",-4.35440003787946,1.0518644779373,3.47765116325293e-05,0.00047348496591749,-0.781152065379089,0.743522193980625,0.293437614628641,0.703010602495845,-4.35440003787946,1.0518644779373,3.47765116325297e-05,0.000468423283058339,-6.41601653125359,-2.29278354450533,0,0,0,1
5564,"PRKAB1",-0.584692857524265,0.201879691428582,0.00377658558871543,0.0228844105443573,-1.84672201474233,0.813246846520267,0.0231590078547406,0.149507631986748,-0.584692857524265,0.201879691428582,0.00377658558871547,0.0227030647760285,-0.980369781934345,-0.189015933114185,0,0,0,1
5577,"PRKAR2B",-1.20802812023432,0.372747856284831,0.00119164644892584,0.00904043994751699,-1.77847722450166,1.1983054024105,0.137766417071781,0.476734954306417,-1.20802812023432,0.372747856284831,0.00119164644892588,0.00896094203617826,-1.9386004938671,-0.477455746601539,0,0,0,1
5578,"PRKCA",-1.43497018361077,0.232697651120201,6.97420348633118e-10,3.35838486478628e-08,-0.689325496730642,0.760792465431135,0.364902790860428,0.74951142375889,-1.43497018361077,0.232697651120201,6.97420348633121e-10,3.31102766219027e-08,-1.89104919909343,-0.978891168128109,0,0,0,1
5587,"PRKD1",-0.824435477852658,0.318308720171239,0.00959620127756764,0.0477340581128446,-1.74180246988706,0.812771205577273,0.032109761591468,0.188288136638003,-0.824435477852658,0.318308720171239,0.00959620127756755,0.047324645876168,-1.44830910535332,-0.200561850351991,0,0,0,1
5590,"PRKCZ",-0.898062105853096,0.335376600528899,0.00741136257423961,0.0391205922957171,-2.28385602430008,0.80579056802835,0.00459255144523519,0.046253948119409,-0.898062105853096,0.335376600528899,0.00741136257423971,0.0387766401197028,-1.55538816414721,-0.240736047558977,0,0,0,1
5596,"MAPK4",-2.6744011961511,0.55393142880671,1.37885775799157e-06,2.97842677265865e-05,-8.98163360691472,1.82587687145305,8.69521218473707e-07,3.46959669057163e-05,-2.6744011961511,0.55393142880671,1.37885775799154e-06,2.93999206194307e-05,-3.76008684651706,-1.58871554578514,0,0,0,1
5602,"MAPK10",-1.7033141856727,0.345699959606347,8.34393923483073e-07,1.88342470491475e-05,-1.88401646680112,0.789268280228333,0.0169845547244302,0.118880080109419,-1.7033141856727,0.345699959606347,8.34393923483119e-07,1.85952616038395e-05,-2.38087365595809,-1.02575471538731,0,0,0,1
5618,"PRLR",-2.4894830055679,0.498706775264604,5.97952543298028e-07,1.41244418317076e-05,-4.34034925463076,0.922626083540958,2.54685173894869e-06,8.96695132206745e-05,-2.4894830055679,0.498706775264604,5.97952543298001e-07,1.39484327703926e-05,-3.46693032393263,-1.51203568720317,0,0,0,1
5624,"PROC",-4.40273276611939,0.920496874854146,1.72701661077285e-06,3.6020632167548e-05,-5.04536516463955,0.767286034738388,4.84577387620497e-11,5.27339768774799e-09,-4.40273276611939,0.920496874854146,1.72701661077287e-06,3.56045335826462e-05,-6.20687348871519,-2.59859204352359,0,0,0,1
5629,"PROX1",-1.2513502935666,0.483776124944775,0.00969193377620545,0.0480394492539553,-4.42213119698068,1.54749590251565,0.00426852106332903,0.0437529935781843,-1.2513502935666,0.483776124944775,0.00969193377620524,0.0476255317631293,-2.19953407503871,-0.303166512094492,0,0,0,1
5638,"PRRG1",-0.783534495271604,0.30227419989723,0.00953832865221767,0.0474978310678648,-0.186669336610681,0.874840750173504,0.831034307848534,0.961398737449883,-0.783534495271604,0.30227419989723,0.00953832865221756,0.0470909136645366,-1.37598104052584,-0.191087950017372,0,0,0,1
5639,"PRRG2",-2.14948757070432,0.539034276032065,6.67270796109024e-05,0.00082426862338436,-3.38550525931464,0.957348444499415,0.00040571913603007,0.00678587525022755,-2.14948757070432,0.539034276032065,6.67270796109058e-05,0.000814928636226307,-3.20597533815979,-1.09299980324885,0,0,0,1
5649,"RELN",-1.56344162096347,0.417161174806211,0.00017838393640816,0.00187740885219755,0.172005109621757,1.93527757167836,0.929178247869919,0.987249032143926,-1.56344162096347,0.417161174806211,0.000178383936408157,0.00185869444713383,-2.38106249933206,-0.745820742594879,0,0,0,1
5650,"KLK7",-1.38935660210772,0.527843889552877,0.00848500330425785,0.043241063998379,-7.85735207765553,1.61769339164947,1.19097556422792e-06,4.5362635183854e-05,-1.38935660210772,0.527843889552877,0.008485003304258,0.0428637315666207,-2.4239116150909,-0.354801589124543,0,0,0,1
5652,"PRSS8",-2.00229411056369,0.422194232309012,2.1100312029492e-06,4.25228608359396e-05,-2.20341348191503,0.807997585053544,0.00639120640266895,0.0589165171079917,-2.00229411056369,0.422194232309012,2.11003120294923e-06,4.20229700286034e-05,-2.82977960036989,-1.17480862075749,0,0,0,1
5730,"PTGDS",-3.27522891832165,0.481922826442496,1.07437825874358e-11,7.22782707009651e-10,-4.81289123333282,1.06493569967367,6.20094012981507e-06,0.00019388349932009,-3.27522891832165,0.481922826442496,1.07437825874358e-11,7.10090297188219e-10,-4.21978030147669,-2.33067753516661,0,0,0,1
5731,"PTGER1",-4.58575797111083,0.607252447861181,4.29778048290757e-14,4.57230537576926e-12,-3.31052069756048,0.909243774104572,0.00027162277503206,0.0048737966667691,-4.58575797111083,0.607252447861181,4.29778048290781e-14,4.49201350783302e-12,-5.77595089844253,-3.39556504377913,0,0,0,1
5733,"PTGER3",-2.24494414350978,0.369524713570792,1.23817405694352e-09,5.66423358583096e-08,-7.02668052547162,1.18342264706234,2.89239216129925e-09,2.06270639281762e-07,-2.24494414350978,0.369524713570792,1.23817405694351e-09,5.58337819724726e-08,-2.96919927350601,-1.52068901351355,0,0,0,1
5743,"PTGS2",-1.88987331198261,0.50912557844021,0.00020562932035916,0.0021123179585398,-1.62018042729132,1.65403554651138,0.327317280753395,0.730755456477082,-1.88987331198261,0.50912557844021,0.000205629320359169,0.00209087490678935,-2.88774110933354,-0.892005514631676,0,0,0,1
5745,"PTH1R",-4.76631861819501,0.442817070339433,5.11167502179133e-27,3.69224357889811e-24,-5.7643294045468,0.973734298581701,3.22298935380853e-09,2.27907504558976e-07,-4.76631861819501,0.442817070339433,5.11167502179103e-27,3.62740601677939e-24,-5.63422412779984,-3.89841310859018,0,0,0,1
5746,"PTH2R",-0.738212260769193,0.27734373231064,0.00777417677499548,0.040505999263492,-2.38933006792064,0.820369585007406,0.00358543090415215,0.038641952747708,-0.738212260769193,0.27734373231064,0.0077741767749955,0.0401452414619932,-1.28179598743597,-0.194628534102421,0,0,0,1
5764,"PTN",-1.46848831083678,0.4786546740094,0.00215533123840518,0.0145713132590506,-0.693878314103054,1.03168504873031,0.501222187597177,0.843371751198905,-1.46848831083678,0.4786546740094,0.0021553312384052,0.0144506867664929,-2.40663423292696,-0.530342388746596,0,0,0,1
5783,"PTPN13",-1.46308495541727,0.345911077303556,2.34048654745956e-05,0.00033847036224799,-2.06704552143366,0.798455173561578,0.00963093436821004,0.0798899310188643,-1.46308495541727,0.345911077303556,2.34048654745956e-05,0.000334997665811011,-2.14105820878569,-0.78511170204885,0,0,0,1
5789,"PTPRD",-1.88416341905156,0.479111509160142,8.40250717196675e-05,0.00099840699937724,-4.61124040770759,1.05882014791485,1.33021794794543e-05,0.00037936163388506,-1.88416341905156,0.479111509160142,8.40250717196655e-05,0.000987715816910418,-2.82320472158407,-0.94512211651905,0,0,0,1
5800,"PTPRO",-2.2139520924142,0.524011608842255,2.38934612425233e-05,0.00034372522231906,-2.81579066340018,0.857128642301729,0.00101930411405369,0.0145631011487005,-2.2139520924142,0.524011608842255,2.38934612425238e-05,0.000340185362125606,-3.24099597322591,-1.18690821160249,0,0,0,1
5825,"ABCD3",-1.40143799501199,0.316401048719911,9.45355185153517e-06,0.00015519204020391,-1.45733083027001,0.740829072892512,0.0491645327541538,0.254082385838324,-1.40143799501199,0.316401048719911,9.45355185153524e-06,0.000153384163194043,-2.02157265517372,-0.781303334850261,0,0,0,1
5827,"PXMP2",-1.35745031362134,0.470996112321142,0.00395054523824734,0.0237378646452305,-2.17000002638218,0.758802025161913,0.00423947021158722,0.0435885161202394,-1.35745031362134,0.470996112321142,0.00395054523824724,0.0235478344152465,-2.28058573062916,-0.43431489661352,0,0,0,1
5833,"PCYT2",-1.12779998195878,0.311984428756992,0.0003004358075335,0.00290160522349744,-3.08111355466344,0.843987420994882,0.00026156436607482,0.00472875643047242,-1.12779998195878,0.311984428756992,0.000300435807533494,0.00287492973241597,-1.73927822605979,-0.516321737857774,0,0,0,1
5860,"QDPR",-0.90320098328822,0.275179346775723,0.00102990789531604,0.0080722192777369,-2.91909798226429,0.814765557521015,0.00034000127027898,0.00588644761219579,-0.90320098328822,0.275179346775723,0.00102990789531605,0.00800360124066067,-1.4425425922579,-0.363859374318545,0,0,0,1
5891,"MOK",-0.76080378840242,0.286528775601569,0.00792510807906747,0.0410896045625697,-0.28196096005145,0.816365198973378,0.729804339378631,0.936111977974976,-0.76080378840242,0.286528775601569,0.00792510807906749,0.0407218872827999,-1.32238986911585,-0.199217707688986,0,0,0,1
5950,"RBP4",-4.36924747323564,0.976544461727081,7.67007785164148e-06,0.0001297954974549,-2.11694492574463,1.10816042209201,0.0560915703938526,0.277625111704245,-4.36924747323564,0.976544461727081,7.67007785164135e-06,0.000128307270066601,-6.28323944752277,-2.45525549894851,0,0,0,1
5973,"RENBP",-1.12110591319096,0.302993831711867,0.00021551890898672,0.00220073028789719,-3.4404690390337,0.898218918619152,0.00012797489682626,0.00261871953102724,-1.12110591319096,0.302993831711867,0.000215518908986741,0.00217829194143046,-1.71496291088401,-0.527248915497911,0,0,0,1
5976,"UPF1",-0.670503646085912,0.22235515452788,0.00256587604948303,0.0167671348851735,-0.101482426168304,0.729809214927148,0.889407980505877,0.97685852172789,-0.670503646085912,0.22235515452788,0.00256587604948299,0.0166230231787487,-1.1063117407374,-0.234695551434429,0,0,0,1
5997,"RGS2",-1.46510616251619,0.361016924075606,4.94364122482539e-05,0.00064349965678294,-0.612541966634971,0.820447012061697,0.455307824854915,0.814689899157984,-1.46510616251619,0.361016924075606,4.94364122482509e-05,0.000636422201772422,-2.17268633151381,-0.757525993518571,0,0,0,1
6092,"ROBO2",-1.15162449953262,0.358579567914906,0.00131984750415864,0.00978583854515027,-1.51258449860889,1.33204137618752,0.256149687181661,0.660737664687926,-1.15162449953262,0.358579567914906,0.00131984750415859,0.00969782228804923,-1.85442753823777,-0.44882146082747,0,0,0,1
6273,"S100A2",-2.52291426067238,0.315902320701211,1.38965018874434e-15,1.96614012271416e-13,-2.38064174732124,0.844868005139981,0.00483587883231538,0.0479837142396528,-2.52291426067238,0.315902320701211,1.38965018874411e-15,1.93161376235432e-13,-3.14207143187938,-1.90375708946538,0,0,0,1
6296,"ACSM3",-2.75117187353498,0.416305918365348,3.88144039313846e-11,2.35703044050585e-09,-3.24976787155105,0.906941514616713,0.00033938897957287,0.00588192338020866,-2.75117187353498,0.416305918365348,3.88144039313832e-11,2.3156398593223e-09,-3.56711648008193,-1.93522726698803,0,0,0,1
6297,"SALL2",-1.14259313454979,0.423531521090793,0.00698044122863548,0.0372326371635419,-0.462584010827469,0.973341674111448,0.634606317693361,0.904589961078758,-1.14259313454979,0.423531521090793,0.00698044122863525,0.0369087408179173,-1.97269966220521,-0.312486606894369,0,0,0,1
6326,"SCN2A",-2.13371733995131,0.320105111480467,2.63447748293263e-11,1.6140879007039e-09,-2.5597118533878,0.99547089127735,0.0101300603579275,0.0827741011889358,-2.13371733995131,0.320105111480467,2.63447748293273e-11,1.58574374564205e-09,-2.7611118297202,-1.50632285018242,0,0,0,1
6332,"SCN7A",-1.57981517523856,0.329433490632584,1.6222811638507e-06,3.41475256022807e-05,-8.11853975217306,2.13011123433924,0.00013822558704134,0.0027876325068903,-1.57981517523856,0.329433490632584,1.62228116385076e-06,3.37029536705698e-05,-2.22549295217974,-0.934137398297382,0,0,0,1
6337,"SCNN1A",-2.24377338365714,0.49936654791993,7.01478924200095e-06,0.00012079167823992,-2.25958076941128,0.88738208804726,0.0108857604118188,0.0874565957534376,-2.24377338365714,0.49936654791993,7.01478924200098e-06,0.000119419701199368,-3.2225138326643,-1.26503293464998,0,0,0,1
6338,"SCNN1B",-5.57460260931586,0.499268874414522,6.01301107557273e-29,5.15766025007251e-26,-6.51895167303058,1.1620873764027,2.02687606652276e-08,1.26276639400948e-06,-5.57460260931586,0.499268874414522,6.01301107557309e-29,5.067089270747e-26,-6.55315162177017,-4.59605359686155,0,0,0,1
6340,"SCNN1G",-5.60929452444747,1.01824632122507,3.613300426705e-08,1.17788444313775e-06,-8.85331932932765,1.08567934602621,3.50234569932633e-16,9.1712205585953e-14,-5.60929452444747,1.01824632122507,3.6133004267052e-08,1.15995546793491e-06,-7.60502064143901,-3.61356840745593,0,0,0,1
6342,"SCP2",-0.463936623230804,0.145265526940691,0.00140454936841783,0.0103025310166576,-0.724866698797857,0.849972044551389,0.393763346655398,0.771551493814781,-0.463936623230804,0.145265526940691,0.00140454936841778,0.0102089159754054,-0.748651824229791,-0.179221422231817,0,0,0,1
6387,"CXCL12",-1.45345569671615,0.411539347340854,0.00041281334193649,0.00376692174517055,-1.30179214675464,0.959802219887755,0.174999627976687,0.543215181563493,-1.45345569671615,0.411539347340854,0.000412813341936512,0.00373303976480885,-2.26005799572534,-0.646853397706957,0,0,0,1
6388,"SDF2",-0.800448974374277,0.244141452795277,0.00104313088420211,0.00814793867660202,-0.0982870024538794,0.73620587558065,0.893794185293363,0.97813670981916,-0.800448974374277,0.244141452795277,0.0010431308842021,0.00807842257995227,-1.27895742898631,-0.321940519762248,0,0,0,1
6390,"SDHB",-1.5706366676754,0.420458848589209,0.00018732020099919,0.00195916097846585,-0.7857729288368,0.732885474415668,0.283646678968044,0.692255048515373,-1.5706366676754,0.420458848589209,0.000187320200999206,0.00193952891101899,-2.39472086789143,-0.746552467459371,0,0,0,1
6392,"SDHD",-1.73687947367127,0.415351129535892,2.89320249111059e-05,0.00040434125242364,-1.77646943995917,0.777323361933104,0.0222912961896988,0.145466119367187,-1.73687947367127,0.415351129535892,2.89320249111075e-05,0.000400092812180987,-2.55095272849965,-0.922806218842891,0,0,0,1
6422,"SFRP1",-4.49843600013921,0.55595131698303,5.89727771430758e-16,8.70260638184486e-14,-5.92802777383352,0.954015762073782,5.17305581060105e-10,4.42322664948281e-08,-4.49843600013921,0.55595131698303,5.89727771430758e-16,8.54978445397947e-14,-5.58808055858356,-3.40879144169486,0,0,0,1
6456,"SH3GL2",-5.13597771674479,0.645276683086016,1.72956762574308e-15,2.39763495916142e-13,-7.92223210927889,1.33157406978488,2.68923134014515e-09,1.93428446478509e-07,-5.13597771674479,0.645276683086016,1.72956762574314e-15,2.35553134322169e-13,-6.40069677565685,-3.87125865783273,0,0,0,1
6470,"SHMT1",-1.88918867143471,0.321238792306354,4.07923023158022e-09,1.61801606064182e-07,-2.97626935534866,0.756483162149725,8.3422226869324e-05,0.00186161531305326,-1.88918867143471,0.321238792306354,4.07923023157989e-09,1.59421046992439e-07,-2.51880513479231,-1.25957220807711,0,0,0,1
6492,"SIM1",-1.66494620349924,0.288288965841754,7.68304359339087e-09,2.9371055787102e-07,-7.45345412767614,1.3344643401028,2.33226272073125e-08,1.44230224858801e-06,-1.66494620349924,0.288288965841754,7.68304359339083e-09,2.89358873658348e-07,-2.22998219368938,-1.0999102133091,0,0,0,1
6493,"SIM2",-2.85270616082927,0.445839833712168,1.5691077854464e-10,8.57945627389097e-09,-3.21022535551915,0.960033685927516,0.00082619213283983,0.0122967619487236,-2.85270616082927,0.445839833712168,1.56910778544642e-10,8.46251210846965e-09,-3.72653617777845,-1.97887614388009,0,0,0,1
6505,"SLC1A1",-0.997478268862616,0.304675672256285,0.00106073421277815,0.00824321423339037,-2.02940274333527,0.813820683224081,0.0126428922937612,0.0970201597344391,-0.997478268862616,0.304675672256285,0.00106073421277814,0.00817250250907868,-1.59463161345046,-0.400324924274768,0,0,0,1
6514,"SLC2A2",-1.86340223063107,0.553507348262048,0.00076118737616247,0.00626666799667294,-2.41703866027926,0.760852083526198,0.00148934144293195,0.0198094232080132,-1.86340223063107,0.553507348262048,0.000761187376162473,0.00621252384551975,-2.94825669840295,-0.778547762859187,0,0,0,1
6519,"SLC3A1",-1.15303036848003,0.373287143591331,0.00200928557744537,0.0137877176324301,-2.04567642132994,0.713687803769131,0.00415239693052862,0.0429710799700962,-1.15303036848003,0.373287143591331,0.00200928557744538,0.0136755161235215,-1.88465972581087,-0.42140101114919,0,0,0,1
6521,"SLC4A1",-5.78473500868458,0.525099580234316,3.18356932155403e-28,2.5700767864122e-25,-6.77503719546343,0.842955527326393,9.18834238702718e-16,2.19982042948841e-13,-5.78473500868458,0.525099580234316,3.1835693215544e-28,2.52494500955988e-25,-6.81391127424094,-4.75555874312822,0,0,0,1
6524,"SLC5A2",-3.19061458663683,0.628782646825836,3.8898099063682e-07,9.65450688861853e-06,-7.84885202660114,0.799905529111715,9.97457999336615e-23,5.9701423610294e-20,-3.19061458663683,0.628782646825836,3.88980990636801e-07,9.53670532812097e-06,-4.42300592851924,-1.95822324475442,0,0,0,1
6526,"SLC5A3",-1.53892604150898,0.376262918657478,4.3132028151425e-05,0.00057192652594218,-1.23357447656876,0.85415302228327,0.148680525092383,0.497849534470179,-1.53892604150898,0.376262918657478,4.31320281514266e-05,0.000565709275842106,-2.27638781079556,-0.801464272222399,0,0,0,1
6549,"SLC9A2",-2.23568548061649,0.493393701162802,5.86383586609187e-06,0.00010357179334137,-4.96392310593052,1.23813564254579,6.09269488285558e-05,0.00142797006116461,-2.23568548061649,0.493393701162802,5.86383586609221e-06,0.000102412045314147,-3.2027193650945,-1.26865159613848,0,0,0,1
6555,"SLC10A2",-1.41127750731648,0.529626943157416,0.00770654270278779,0.0402912731630704,-2.88629768862657,0.901113866980907,0.0013598827365845,0.0184089457047008,-1.41127750731648,0.529626943157416,0.00770654270278779,0.0399336338438462,-2.44932724114706,-0.373227773485902,0,0,0,1
6557,"SLC12A1",-7.92967101024023,0.444102852040632,2.62003383819865e-71,1.79786721977192e-67,-10.4183126325608,0.814871276879794,1.98288087247672e-37,1.10770335139458e-33,-7.92967101024023,0.444102852040632,2.62003383819832e-71,1.7662958120214e-67,-8.80009660567139,-7.05924541480907,0,0,0,1
6559,"SLC12A3",-7.12718219021067,0.775373678942389,3.85847694948945e-20,1.10320286780819e-17,-9.49699309203589,0.782282691663066,6.47438385751118e-34,1.8084033178005e-30,-7.12718219021067,0.775373678942389,3.85847694948926e-20,1.08383009812424e-17,-8.64688667549808,-5.60747770492326,0,0,0,1
6561,"SLC13A1",-3.84457388336292,0.571986004062786,1.79928096226369e-11,1.15389401523864e-09,-6.40982391245459,1.09348835690609,4.57841358400038e-09,3.17064600224225e-07,-3.84457388336292,0.571986004062786,1.79928096226359e-11,1.1336310847757e-09,-4.96564585098696,-2.72350191573888,0,0,0,1
6563,"SLC14A1",-1.02148369198373,0.371098918581882,0.00591256393438586,0.0327061779264456,1.19973528855018,1.08486824895205,0.268777987869339,0.674893448409455,-1.02148369198373,0.371098918581882,0.00591256393438604,0.0324325059102225,-1.74882420710598,-0.29414317686148,0,0,0,1
6564,"SLC15A1",-1.70514726006148,0.525934482355434,0.00118640447328016,0.00900564988456691,1.22840341447118,0.821551140882123,0.134855854967178,0.471334572136589,-1.70514726006148,0.525934482355434,0.00118640447328016,0.00892650196051137,-2.73595990370585,-0.674334616417113,0,0,0,1
6565,"SLC15A2",-2.2264012385649,0.482589761596453,3.96049432620624e-06,7.37501005873194e-05,-3.00624041870211,0.982063929264676,0.00220492037773933,0.0266418605699592,-2.2264012385649,0.482589761596453,3.96049432620608e-06,7.28504024559845e-05,-3.17225979060172,-1.28054268652808,0,0,0,1
6567,"SLC16A2",-1.57379580349761,0.364846843569468,1.60632462283436e-05,0.000244132880662,-0.508546885384374,0.758035061593918,0.502300068399616,0.843947039031238,-1.57379580349761,0.364846843569468,1.60632462283444e-05,0.000241719585822285,-2.28888247676689,-0.858709130228334,0,0,0,1
6569,"SLC34A1",-5.72178265700016,0.743023442754177,1.35348470147824e-14,1.61523687331195e-12,-9.76380907640768,0.753735270729186,2.23322884591117e-38,1.87133411143127e-34,-5.72178265700016,0.743023442754177,1.35348470147817e-14,1.58687254174175e-12,-7.1780818444673,-4.26548346953301,0,0,0,1
6581,"SLC22A3",-1.9135810136414,0.635387447726227,0.00259809894531486,0.0169549738114603,-2.5641134995834,0.822950481685562,0.00183473564599575,0.0232413716487095,-1.9135810136414,0.635387447726227,0.00259809894531489,0.0168091017656817,-3.15891752741363,-0.668244499869169,0,0,0,1
6609,"SMPD1",-1.16301825366496,0.351201526654107,0.00092783643781605,0.00738181291164495,-1.08775671503492,0.841159957394185,0.195954779565274,0.576040370239332,-1.16301825366496,0.351201526654107,0.000927836437816094,0.00732008115334956,-1.85136059722249,-0.474675910107426,0,0,0,1
6638,"SNRPN",-1.07510961218188,0.335447555520089,0.0013506220537603,0.00997628475016491,-1.37466158423218,0.722774618281375,0.0571812373981449,0.280861769506304,-1.07510961218188,0.335447555520089,0.00135062205376024,0.00988623080936446,-1.73257473970325,-0.417644484660505,0,0,0,1
6649,"SOD3",-1.08944338805595,0.418804817691012,0.00928670520346286,0.0464639964317624,-2.81064022568908,0.731714790942135,0.00012244973432603,0.00253663176461073,-1.08944338805595,0.418804817691012,0.00928670520346326,0.0460679346057009,-1.9102857472822,-0.268601028829703,0,0,0,1
6652,"SORD",-2.13425618464833,0.359128854036091,2.80074110494435e-09,1.16476881588655e-07,-4.02901454168088,0.734310367475808,4.09278751561725e-08,2.32511952455015e-06,-2.13425618464833,0.359128854036091,2.80074110494444e-09,1.14779307957343e-07,-2.83813580436821,-1.43037656492845,0,0,0,1
6695,"SPOCK1",-1.99833085655702,0.589657337204189,0.00070155759044189,0.00585655497033124,1.48821231552377,1.02785299663692,0.147649384235496,0.495783616590399,-1.99833085655702,0.589657337204189,0.000701557590441889,0.0058066918305267,-3.15403800069702,-0.842623712417019,0,0,0,1
6710,"SPTB",-1.35244331039629,0.406736173362773,0.00088383038702111,0.00710169100203616,-2.92141326346712,1.1744231093194,0.0128633435769111,0.0978560031799609,-1.35244331039629,0.406736173362773,0.000883830387021099,0.00704295810177629,-2.14963156139696,-0.555255059395615,0,0,0,1
6712,"SPTBN2",-2.78510570045594,0.396534242917707,2.16192841528143e-12,1.66687109951249e-10,-4.7402947264767,0.805201650943595,3.93054287264067e-09,2.74466533344104e-07,-2.78510570045594,0.396534242917707,2.16192841528165e-12,1.63760004624957e-10,-3.5622985352115,-2.00791286570038,0,0,0,1
6732,"SRPK1",-0.54172242087268,0.205395644170757,0.00835299254532597,0.0427110542816891,-0.950298982697424,0.78804564921727,0.22785862739471,0.622442173839926,-0.54172242087268,0.205395644170757,0.00835299254532616,0.0423396234919672,-0.944290486028768,-0.139154355716592,0,0,0,1
6751,"SSTR1",-2.05633271842798,0.537121537271839,0.00012896279955594,0.00143538563009,-2.03817158859158,1.39477484032704,0.143935664113482,0.48864169546366,-2.05633271842798,0.537121537271839,0.000128962799555947,0.00142050635519181,-3.10907158680157,-1.00359385005439,0,0,0,1
6752,"SSTR2",-1.83528636217602,0.421558706455755,1.33936815362508e-05,0.00020888055159489,-2.10927353935906,0.806023813712024,0.00887356150200534,0.0751649627347568,-1.83528636217602,0.421558706455755,1.33936815362505e-05,0.00020662129079321,-2.66152624419859,-1.00904648015345,0,0,0,1
6787,"NEK4",-1.12152477031817,0.385657618747436,0.00363650583888971,0.022161370396502,-1.20420075154101,0.923583083438939,0.192289550189552,0.570368242765787,-1.12152477031817,0.385657618747436,0.00363650583888984,0.021986999204373,-1.87739981342662,-0.365649727209717,0,0,0,1
6821,"SUOX",-0.847088902845942,0.203761861697777,3.22102118911319e-05,0.00044561789112287,-1.92121722720003,0.73208834132498,0.00868280381282751,0.073828061440475,-0.847088902845942,0.203761861697777,3.22102118911331e-05,0.000440903844597104,-1.24645481319642,-0.447722992495468,0,0,0,1
6832,"SUPV3L1",-1.10362465381689,0.42275489314259,0.00903955888639832,0.0454594745903007,0.00779313486061461,0.791257817078709,0.992141725080933,0.999005531907095,-1.10362465381689,0.42275489314259,0.00903955888639812,0.0450741022430865,-1.93220901866445,-0.275040288969335,0,0,0,1
6844,"VAMP2",-0.783438407508069,0.225991442416856,0.00052694272584157,0.00463277512456741,-0.682949737249055,0.738348921821638,0.354982122085135,0.740819569395402,-0.783438407508069,0.225991442416856,0.000526942725841574,0.00459558135350708,-1.22637349545936,-0.340503319556774,0,0,0,1
6854,"SYN2",-1.66226656828021,0.528536831539683,0.00166067246359078,0.0118149657285225,-4.10287034699501,1.18584021168408,0.00054040682903062,0.00861720080658823,-1.66226656828021,0.528536831539683,0.00166067246359072,0.0117106939469632,-2.6981797226009,-0.626353413959518,0,0,0,1
6926,"TBX3",-1.16539660459656,0.258328367140612,6.44317031427221e-06,0.00011179022679275,-1.51467173301875,0.970673023047931,0.118657222785706,0.438882453468474,-1.16539660459656,0.258328367140612,6.44317031427213e-06,0.000110525782884645,-1.6717109003772,-0.65908230881592,0,0,0,1
6943,"TCF21",-3.29588912911029,0.328587241026091,1.11966174042058e-23,5.12207924184402e-21,-3.38617296285626,0.793155402104647,1.96137702279386e-05,0.00052677431931093,-3.29588912911029,0.328587241026091,1.11966174042066e-23,5.03213308203059e-21,-3.93990828730081,-2.65186997091977,0,0,0,1
7008,"TEF",-1.00241844678268,0.376355763157406,0.00773355439978483,0.0403863396433208,-1.37774585081623,0.825053810180383,0.0949419102190983,0.38591595279211,-1.00241844678268,0.376355763157406,0.00773355439978503,0.040027452580538,-1.74006218794528,-0.264774705620078,0,0,0,1
7010,"TEK",-1.00767178239886,0.333932596967809,0.00254793074907559,0.0166831114505312,-3.37976427285197,0.912703868350416,0.00021304477076364,0.0039803983425061,-1.00767178239886,0.333932596967809,0.00254793074907556,0.0165400819883417,-1.66216764571969,-0.353175919078025,0,0,0,1
7020,"TFAP2A",-2.36985145798403,0.39885230659808,2.82121404488966e-09,1.16973841547026e-07,-1.49206142292031,1.00953191515248,0.139414870098308,0.480652912564809,-2.36985145798403,0.39885230659808,2.82121404488956e-09,1.15267966567412e-07,-3.15158761406699,-1.58811530190107,0,0,0,1
7021,"TFAP2B",-4.8787580595782,0.425430872289143,1.9145520725499e-30,2.02117789566729e-27,-6.23800232130213,1.34146657935605,3.31715869586322e-06,0.00011118452516794,-4.8787580595782,0.425430872289143,1.9145520725501e-30,1.98568504570715e-27,-5.71258724717638,-4.04492887198002,0,0,0,1
7029,"TFDP2",-0.61808809985172,0.224186309630148,0.00583292236653944,0.0323569226185882,-1.27000074164184,0.746872805635023,0.0890511256435036,0.37207873713774,-0.61808809985172,0.224186309630148,0.00583292236653943,0.0320870225491845,-1.05748519255375,-0.178691007149685,0,0,0,1
7067,"THRA",-0.760378214087483,0.262781682007184,0.00380884660642105,0.0230383399671377,-1.10776025927448,0.737632344659246,0.133154370580494,0.468317753737355,-0.760378214087483,0.262781682007184,0.00380884660642101,0.0228552806274902,-1.27542084661842,-0.245335581556545,0,0,0,1
7068,"THRB",-1.84417845280807,0.381951701176571,1.37701630038127e-06,2.97842677265865e-05,-1.74629297611994,0.848521358095089,0.0395860584868137,0.218187550174995,-1.84417845280807,0.381951701176571,1.37701630038118e-06,2.93999206194307e-05,-2.59279003094795,-1.09556687466819,0,0,0,1
7089,"TLE2",-1.02319441294516,0.339903683525086,0.00261034382596039,0.0170135709176256,-0.371231631393485,0.896440388834459,0.678788074590432,0.91958958532578,-1.02319441294516,0.339903683525086,0.0026103438259604,0.0168669756754669,-1.68939339086683,-0.356995435023491,0,0,0,1
7103,"TSPAN8",-3.83874649045617,0.523818791307509,2.32940344520431e-13,2.20474019875751e-11,-3.86842950992915,1.1118342898436,0.00050268417933689,0.00809268411287895,-3.83874649045617,0.523818791307509,2.32940344520432e-13,2.16602390701309e-11,-4.86541245584419,-2.81208052506815,0,0,0,1
7105,"TSPAN6",-1.38096330636123,0.246595873278099,2.14219385148312e-08,7.46179401465846e-07,0.121375959703198,0.737565705861218,0.869288025769504,0.973003516343694,-1.38096330636123,0.246595873278099,2.14219385148312e-08,7.34941468181855e-07,-1.86428233672251,-0.897644275999953,0,0,0,1
7108,"TM7SF2",-1.16088562891164,0.26211508240973,9.47079873805664e-06,0.00015528941682328,-2.78598539985948,0.894486236955839,0.00184181548922714,0.0232958383275152,-1.16088562891164,0.26211508240973,9.47079873805601e-06,0.000153479302145684,-1.67462175023946,-0.647149507583821,0,0,0,1
7113,"TMPRSS2",-3.72533193532609,0.495840485005147,5.77142130561841e-14,5.86718414802274e-12,-7.66342585921805,0.915832485901869,5.8745927363562e-17,1.72723332751919e-14,-3.72533193532609,0.495840485005147,5.77142130561829e-14,5.7641535899001e-12,-4.69716142801305,-2.75350244263913,0,0,0,1
7134,"TNNC1",-3.34011177076189,0.60734085999049,3.80724952966664e-08,1.2236696146404e-06,-6.54720501381242,1.06573774484779,8.07965672928053e-10,6.47880225483313e-08,-3.34011177076189,0.60734085999049,3.80724952966661e-08,1.20500341334495e-06,-4.53047798268283,-2.14974555884095,0,0,0,1
7135,"TNNI1",-2.24406773078459,0.442102800424781,3.85674696592055e-07,9.61413965625228e-06,-5.14392155677341,1.047496113186,9.07596206452974e-07,3.60436133268848e-05,-2.24406773078459,0.442102800424781,3.85674696592073e-07,9.49701867404685e-06,-3.11057329708146,-1.37756216448772,0,0,0,1
7139,"TNNT2",-2.94387669881577,0.618484235715288,1.93760931579451e-06,3.97485056053271e-05,-6.24090901079304,0.799480015791086,5.89332847084363e-15,1.266234510806e-12,-2.94387669881577,0.618484235715288,1.93760931579441e-06,3.92853930900091e-05,-4.15608352582352,-1.73166987180802,0,0,0,1
7164,"TPD52L1",-1.2537451440686,0.443074936422395,0.00465995584379281,0.0270415365751427,-0.835434250642282,0.754794295332435,0.268364409635067,0.674391834019206,-1.2537451440686,0.443074936422395,0.00465995584379289,0.0268275767044661,-2.12215606190887,-0.385334226228332,0,0,0,1
7172,"TPMT",-1.12129845280327,0.209555046121177,8.75401371969231e-08,2.57259281132885e-06,-1.73441402948114,0.823871307414537,0.0352738860997876,0.201278534949384,-1.12129845280327,0.209555046121177,8.75401371969243e-08,2.53284049318912e-06,-1.53201879597941,-0.710578109627133,0,0,0,1
7227,"TRPS1",-0.955584428662274,0.333692660880565,0.00418768921612949,0.0248580652258483,0.147487964640742,0.81065710179993,0.855632705981378,0.968496452035891,-0.955584428662274,0.333692660880565,0.0041876892161295,0.0246561631882419,-1.60961002589352,-0.301558831431029,0,0,0,1
7259,"TSPYL1",-0.953224171261722,0.241368793522709,7.83985256582159e-05,0.00094629847505132,-1.35720798605142,0.731885740699483,0.0636821367686121,0.30148274861728,-0.953224171261722,0.241368793522709,7.83985256582159e-05,0.000935440107477633,-1.42629831355812,-0.480150028965328,0,0,0,1
7263,"TST",-1.60629876179891,0.316343389789774,3.82019003475338e-07,9.54977924170409e-06,-1.0292293433951,0.743143455340887,0.166062483513168,0.52829179217866,-1.60629876179891,0.316343389789774,3.82019003475361e-07,9.43363044662692e-06,-2.22632041253418,-0.986277111063637,0,0,0,1
7280,"TUBB2A",-1.2417014691443,0.30854049645824,5.71120322519952e-05,0.00072709232896695,-1.31545794517374,0.776187162436926,0.090119249395586,0.374580481304719,-1.2417014691443,0.30854049645824,5.71120322519966e-05,0.000718993026007162,-1.84642972997456,-0.636973208314042,0,0,0,1
7290,"HIRA",-0.960853549751403,0.36314055249185,0.00814606594651498,0.0419027770052367,-1.07744762996402,0.815244069645887,0.18629277379173,0.560616893087589,-0.960853549751403,0.36314055249185,0.00814606594651501,0.0415406229791459,-1.67259595396141,-0.2491111455414,0,0,0,1
7301,"TYRO3",-1.86812983629331,0.380257360406669,8.97830736968582e-07,2.00638394598125e-05,-2.4351324534105,0.796082571268105,0.00222155504242822,0.0267977188928322,-1.86812983629331,0.380257360406669,8.97830736968549e-07,1.98081338918649e-05,-2.61342056754665,-1.12283910503997,0,0,0,1
7306,"TYRP1",-3.52043849458052,0.445572205047907,2.76811688450003e-15,3.65284962719985e-13,-9.97295590925926,1.91644789117958,1.95174963405232e-07,9.26611108132659e-06,-3.52043849458052,0.445572205047907,2.76811688449989e-15,3.58870384170308e-13,-4.39374396898651,-2.64713302017453,0,0,0,1
7345,"UCHL1",-1.38312806413371,0.51866666058984,0.00766001548230369,0.040170444202956,-0.335353961322398,0.790315585712768,0.671325764155526,0.916781981867866,-1.38312806413371,0.51866666058984,0.00766001548230381,0.0398149532567087,-2.39969603887146,-0.366560089395964,0,0,0,1
7364,"UGT2B7",-1.91187867170598,0.479813749010988,6.75862910335307e-05,0.00083263398397143,-4.33358876612089,0.741943727493708,5.19323165450551e-09,3.58162013571431e-07,-1.91187867170598,0.479813749010988,6.7586291033529e-05,0.000823185150862757,-2.85229633905466,-0.971461004357302,0,0,0,1
7369,"UMOD",-11.1068525264517,0.478712047884275,4.39400778831033e-119,6.0303362886771e-115,-9.82537091963218,0.719374122348251,1.80335098126474e-42,3.02223590950158e-38,-11.1068525264517,0.478712047884275,4.39400778831323e-119,5.92444070098273e-115,-12.0451108992703,-10.1685941536331,0,0,0,1
7384,"UQCRC1",-0.89873587636939,0.286050273145697,0.00167866330886358,0.0119120864792367,-1.02072120428981,0.772646876494207,0.186477768138086,0.560973059814428,-0.89873587636939,0.286050273145697,0.0016786633088636,0.0118066861728784,-1.4593841095028,-0.338087643235979,0,0,0,1
7385,"UQCRC2",-0.678929448280452,0.228151429733542,0.00292240308440528,0.0185841746044211,-0.689927045830439,0.739834732072212,0.351056432282864,0.738173418901635,-0.678929448280452,0.228151429733542,0.00292240308440527,0.0184285412909207,-1.12609803357952,-0.231760862981389,0,0,0,1
7388,"UQCRH",-1.13972553260282,0.334766639517191,0.00066276232557867,0.00558021481978016,-1.14702571847764,0.761663906275027,0.132080697644169,0.466162709739537,-1.13972553260282,0.334766639517191,0.000662762325578676,0.00553314206549677,-1.79585608928202,-0.483594975923622,0,0,0,1
7421,"VDR",-2.67063755155251,0.548858333973714,1.13991946211305e-06,2.51111632392287e-05,-2.24782771940444,0.768927294496544,0.00346310008520116,0.0377096500086905,-2.67063755155251,0.548858333973714,1.13991946211299e-06,2.47895711414022e-05,-3.74638011875565,-1.59489498434937,0,0,0,1
7429,"VIL1",-2.03762198148435,0.613465922301766,0.00089537638984443,0.00716509946018951,-5.10339014124224,0.985830169218836,2.25792031023501e-07,1.04821292186228e-05,-2.03762198148435,0.613465922301766,0.000895376389844405,0.00710556790127846,-3.23999309493846,-0.835250868030241,0,0,0,1
7442,"TRPV1",-0.887610073104611,0.241351489892668,0.00023537825568209,0.00236654298972972,-1.24073449347175,0.84876080875034,0.143790875248815,0.488590203995023,-0.887610073104611,0.241351489892668,0.000235378255682093,0.00234387372330994,-1.36065030090932,-0.414569845299899,0,0,0,1
7490,"WT1",-3.60333442936237,0.643890977532672,2.19117139257071e-08,7.61307245357984e-07,-2.18876611274607,1.3709116123199,0.110360002588163,0.421569166105823,-3.60333442936237,0.643890977532672,2.19117139257064e-08,7.49836646853551e-07,-4.8653375552967,-2.34133130342804,0,0,0,1
7512,"XPNPEP2",-6.51646886655523,0.83285205666612,5.10564817360106e-15,6.42843261784413e-13,-7.45834918025443,0.735561060439139,3.68327611856477e-24,2.80581929413759e-21,-6.51646886655523,0.83285205666612,5.10564817360106e-15,6.31554626831772e-13,-8.14882890207094,-4.88410883103952,0,0,0,1
7703,"PCGF2",-0.938142400748525,0.333569456798558,0.00491679664373622,0.0281510709798231,-1.8437875401144,0.875244936054857,0.0351526079404703,0.200791600707001,-0.938142400748525,0.333569456798558,0.00491679664373623,0.0279246710815061,-1.59192652241629,-0.284358279080762,0,0,0,1
7780,"SLC30A2",-3.11215529614008,0.656111216663054,2.10228187926513e-06,4.24662404064499e-05,-7.28885808217995,1.06913659231414,9.26267298264077e-12,1.20335764741145e-09,-3.11215529614008,0.656111216663054,2.1022818792651e-06,4.19673798666663e-05,-4.39810965065242,-1.82620094162774,0,0,0,1
7782,"SLC30A4",-1.4007968542722,0.463058381100638,0.0024855280439152,0.0163589051902643,-1.19688858463761,0.893173667502432,0.180232288738115,0.552398121243978,-1.4007968542722,0.463058381100638,0.00248552804391523,0.0162192950850707,-2.30837460396887,-0.493219104575527,0,0,0,1
7802,"DNALI1",-1.1999781036216,0.34861240353207,0.0005770983985733,0.00498119397611323,-0.0268685075597904,0.833926260558399,0.974297177241457,0.99534620068518,-1.1999781036216,0.34861240353207,0.000577098398573308,0.00494032870346915,-1.8832458591084,-0.516710348134799,0,0,0,1
7809,"BSND",-4.62892382098634,0.540979977004794,1.16292430814976e-17,2.17789233885456e-15,-8.00053906648354,0.995128518870866,9.00554980939868e-16,2.18730448196685e-13,-4.62892382098634,0.540979977004794,1.16292430814978e-17,2.13964750836336e-15,-5.68922509227304,-3.56862254969964,0,0,0,1
7827,"NPHS2",-8.50622065883161,1.02509731942057,1.05910752928066e-16,1.79446811504294e-14,-7.91927035797084,0.888837767032845,5.11747278529513e-19,1.90586058686136e-16,-8.50622065883161,1.02509731942057,1.05910752928066e-16,1.76295639719644e-14,-10.5153744855445,-6.49706683211874,0,0,0,1
7832,"BTG2",-1.65870745026316,0.396463796346495,2.86732934024597e-05,0.00040195329791149,-1.19936960937866,0.772756755338689,0.120646394164992,0.443304740147137,-1.65870745026316,0.396463796346495,2.86732934024592e-05,0.000397738698503454,-2.43576221227631,-0.881652688250007,0,0,0,1
7849,"PAX8",-1.340477895675,0.485458574998365,0.00575786180422354,0.0320181910053338,-1.51278036137299,0.721035391521171,0.0358992516189436,0.203875146689893,-1.340477895675,0.485458574998365,0.00575786180422345,0.0317518407796911,-2.29195921865793,-0.388996572692068,0,0,0,1
7869,"SEMA3B",-1.68072782888212,0.404658524808847,3.27503765057614e-05,0.00045172479112067,-1.00654123904412,0.805629214606458,0.211524209139966,0.598806456246063,-1.68072782888212,0.404658524808847,3.2750376505764e-05,0.000446936565209732,-2.47384396354457,-0.887611694219672,0,0,0,1
7915,"ALDH5A1",-1.3288432148113,0.271650657551164,9.99506134998416e-07,2.21602943404172e-05,-2.12935387159357,0.873505165990039,0.0147805517176967,0.107616688478418,-1.3288432148113,0.271650657551164,9.99506134998411e-07,2.18771773022461e-05,-1.86126871998821,-0.796417709634395,0,0,0,1
7957,"EPM2A",-1.12123326519544,0.280887614014156,6.5587366154878e-05,0.00081311744635008,-1.75903763587915,0.845215923856333,0.0374183904942388,0.209800871961508,-1.12123326519544,0.280887614014156,6.55873661548768e-05,0.000803922234423822,-1.67176287236657,-0.570703658024306,0,0,0,1
8013,"NR4A3",-1.40082688278102,0.532402152726699,0.00850978984968527,0.0433351969933509,0.330956206047982,1.47011750095296,0.821884147623712,0.958922057228195,-1.40082688278102,0.532402152726699,0.00850978984968551,0.0429567564744701,-2.44431592741694,-0.357337838145097,0,0,0,1
8029,"CUBN",-1.76194402362019,0.46375314290307,0.00014509688982003,0.00158165982199379,-3.31556081466261,0.80983354987822,4.23763328686909e-05,0.00102776405578349,-1.76194402362019,0.46375314290307,0.000145096889820039,0.00156632615327749,-2.67088348142746,-0.853004565812916,0,0,0,1
8100,"IFT88",-1.06105676806441,0.264847604130555,6.16794598614122e-05,0.00077093707389619,-1.72662773721483,0.784208321784503,0.027683237260315,0.169693991677256,-1.06105676806441,0.264847604130555,6.16794598614073e-05,0.000762258622650187,-1.58014853355202,-0.5419650025768,0,0,0,1
8106,"PABPN1",-1.08186682191855,0.394523625790572,0.00610272220783616,0.0334605723301699,-0.351065255211701,0.746823538137078,0.638299348783875,0.906463320577473,-1.08186682191855,0.394523625790572,0.00610272220783631,0.0331777362635747,-1.85511891951823,-0.308614724318871,0,0,0,1
8228,"PNPLA4",-0.658697448641605,0.2334863531974,0.00478534684713531,0.0276335957971978,-0.679458822476432,0.80492774602379,0.398600122041657,0.775752709624524,-0.658697448641605,0.2334863531974,0.00478534684713529,0.0274135922719704,-1.11632229179011,-0.201072605493102,0,0,0,1
8309,"ACOX2",-1.87694983847834,0.389489978460986,1.44283949535186e-06,3.09398894284515e-05,-3.44718408957308,0.779731281247617,9.82497838044005e-06,0.00029040002235942,-1.87694983847834,0.389489978460986,1.44283949535176e-06,3.05397251425869e-05,-2.64033616860115,-1.11356350835553,0,0,0,1
8416,"ANXA9",-1.91959071811109,0.438049416492736,1.17523131822336e-05,0.00018560269978478,-2.35283791962864,0.757371058046244,0.0018926159190559,0.0237768742034916,-1.91959071811109,0.438049416492736,1.17523131822331e-05,0.000183611168755561,-2.77815179788564,-1.06102963833654,0,0,0,1
8424,"BBOX1",-1.80756734224825,0.55321643255657,0.00108548542211043,0.00838806415148849,-3.41746701899018,0.978420982016757,0.00047791445658782,0.00776854352856974,-1.80756734224825,0.55321643255657,0.00108548542211042,0.00831568178767889,-2.89185162571486,-0.723283058781641,0,0,0,1
8425,"LTBP4",-1.71483929382981,0.437030399300981,8.71470262092992e-05,0.00103192906617465,0.602617713214771,0.739462233667351,0.415106376302569,0.788640946320188,-1.71483929382981,0.437030399300981,8.71470262093002e-05,0.00102085434785403,-2.57140313660889,-0.858275451050729,0,0,0,1
8502,"PKP4",-0.945256594490697,0.222254336312952,2.10887837944257e-05,0.000309542747374,-1.9302637500304,0.778854967064716,0.0131997040046535,0.0996458736099043,-0.945256594490697,0.222254336312952,2.10887837944258e-05,0.000306400939547676,-1.38086708907194,-0.509646099909458,0,0,0,1
8505,"PARG",-1.00785709525627,0.269052862159781,0.00017971630752866,0.0018890675851207,-1.43894403178125,0.810875374050909,0.0759711724875329,0.337648297556037,-1.00785709525627,0.269052862159781,0.000179716307528668,0.00187021483017156,-1.53519101502686,-0.48052317548568,0,0,0,1
8508,"NIPSNAP1",-0.964593886478799,0.324292242728753,0.00293505951762754,0.0186226337586317,-1.39851170040248,0.71916132280963,0.0518180157891468,0.263077287673527,-0.964593886478799,0.324292242728753,0.00293505951762756,0.0184663590649428,-1.60019500269288,-0.328992770264722,0,0,0,1
8529,"CYP4F2",-6.37381994276739,0.967514230929039,4.46299155433407e-11,2.67467668522623e-09,-2.89111464235419,0.989897623144994,0.00349335807943227,0.0379178679101071,-6.37381994276739,0.967514230929039,4.46299155433407e-11,2.62770808415224e-09,-8.27011298991828,-4.47752689561651,0,0,0,1
8537,"BCAS1",-1.21364453278409,0.379961541229046,0.00140255532882804,0.0102934060603401,-0.244378828063173,1.91800770856665,0.898613646469249,0.978904304159416,-1.21364453278409,0.379961541229046,0.00140255532882808,0.0101999209809002,-1.95835546910335,-0.468933596464829,0,0,0,1
8604,"SLC25A12",-0.910500382817158,0.335443863982724,0.00664129403247581,0.035717037479235,-0.975218806070877,0.795883627516581,0.220451514836984,0.611679956482287,-0.910500382817158,0.335443863982724,0.00664129403247593,0.0354089538122748,-1.56795827505825,-0.253042490576066,0,0,0,1
8645,"KCNK5",-2.2577320727156,0.33500311344985,1.59002514369841e-11,1.03911928914842e-09,-3.94495080312295,0.918616477265365,1.75128426994923e-05,0.00047957145555684,-2.2577320727156,0.33500311344985,1.59002514369855e-11,1.0208718577375e-09,-2.91432610978609,-1.60113803564511,0,0,0,1
8659,"ALDH4A1",-2.83682998502172,0.474795357092148,2.3030512386844e-09,9.78547219805099e-08,-3.17866777578398,0.741836412093822,1.82851406764201e-05,0.00049746862434435,-2.83682998502172,0.474795357092148,2.30305123868452e-09,9.64349063701349e-08,-3.76741178494916,-1.90624818509428,0,0,0,1
8661,"EIF3A",-0.668527892708713,0.255030910763072,0.00875796602953056,0.0444177109346923,-0.8304658058548,0.728190914271882,0.254098599052313,0.658096702769987,-0.668527892708713,0.255030910763072,0.00875796602953053,0.0440282087905146,-1.16837929274878,-0.168676492668644,0,0,0,1
8671,"SLC4A4",-2.17153654349855,0.304102490812389,9.27859999401489e-13,7.81223965140248e-11,-2.99998596098824,0.743184570929219,5.42167675061527e-05,0.00128882100232002,-2.17153654349855,0.304102490812389,9.27859999401477e-13,7.67505298891418e-11,-2.76756647309975,-1.57550661389734,0,0,0,1
8723,"SNX4",-0.883593040956761,0.284887266595107,0.00192508214548252,0.0132829700173967,-1.31480295243285,0.808648015268887,0.103965103805216,0.40665051851838,-0.883593040956761,0.284887266595107,0.0019250821454825,0.0131688901915477,-1.44196182313723,-0.325224258776291,0,0,0,1
8727,"CTNNAL1",-1.14884943733844,0.290017439899834,7.45391957855928e-05,0.00090609027720237,-0.662532348001732,0.768080096093906,0.388367128177687,0.767596990615421,-1.14884943733844,0.290017439899834,7.45391957855909e-05,0.000895732599623103,-1.71727317443062,-0.580425700246256,0,0,0,1
8801,"SUCLG2",-1.80766206908927,0.313625978326374,8.22647228917194e-09,3.08470234143704e-07,-3.10970183512457,0.777181463855879,6.30072002049163e-05,0.0014667681295913,-1.80766206908927,0.313625978326374,8.22647228917219e-09,3.03883632533996e-07,-2.4223576912251,-1.19296644695344,0,0,0,1
8802,"SUCLG1",-2.26614821523027,0.28518159080878,1.92111780160786e-15,2.63654207092663e-13,-3.9333594296212,0.806382208267841,1.07283507820307e-06,4.20085118588909e-05,-2.26614821523027,0.28518159080878,1.92111780160768e-15,2.59024313190764e-13,-2.82509386226932,-1.70720256819122,0,0,0,1
8803,"SUCLA2",-1.4933522939772,0.310393442027305,1.50057357298071e-06,3.1879058383262e-05,-2.07150961632556,0.743031763524685,0.00530484126400244,0.0515982790153319,-1.4933522939772,0.310393442027305,1.50057357298076e-06,3.14653708934674e-05,-2.10171226138814,-0.884992326566261,0,0,0,1
8836,"GGH",-2.57190259325083,0.449264242104133,1.0361723804921e-08,3.81244765412162e-07,-2.26001930958274,0.835139104281564,0.00680664214297398,0.0618279217745804,-2.57190259325083,0.449264242104133,1.03617238049216e-08,3.7555677973591e-07,-3.45244432731661,-1.69136085918505,0,0,0,1
8854,"ALDH1A2",-1.96635560037959,0.41946843067455,2.76249403902298e-06,5.43158570079533e-05,-2.41523353020254,0.822421959850766,0.00331689777751392,0.036451075313676,-1.96635560037959,0.41946843067455,2.762494039023e-06,5.36696068128922e-05,-2.78849861715324,-1.14421258360594,0,0,0,1
8934,"RAB29",-1.85627888935127,0.36767545786123,4.44853186859422e-07,1.08439878089853e-05,-3.47463386488777,0.754713648245378,4.14631301520487e-06,0.00013466678260042,-1.85627888935127,0.36767545786123,4.44853186859416e-07,1.07106348543313e-05,-2.57690954475856,-1.13564823394399,0,0,0,1
8991,"SELENBP1",-2.66349708739017,0.398021337254394,2.20374255385354e-11,1.38734691784798e-09,-3.36004280600785,0.741084312188969,5.78894105464878e-06,0.00018236252468958,-2.66349708739017,0.398021337254394,2.20374255385363e-11,1.36298444282608e-09,-3.44360457348725,-1.88338960129309,0,0,0,1
9027,"NAT8",-3.16619984179582,0.769061981229127,3.83897414552745e-05,0.00051464766273163,-1.63368717959316,0.845919435214039,0.053451373308293,0.269585570592943,-3.16619984179582,0.769061981229127,3.83897414552745e-05,0.000509090313338991,-4.67353362688393,-1.65886605670771,0,0,0,1
9037,"SEMA5A",-1.08052999967995,0.302175070371898,0.00034910382089294,0.00329252283284002,-1.44997168459644,0.868210131398998,0.0949055170253059,0.385861610826565,-1.08052999967995,0.302175070371898,0.000349103820892959,0.00326156715649305,-1.67278225463473,-0.488277744725174,0,0,0,1
9052,"GPRC5A",-2.07501440100989,0.453892657939572,4.84020693328635e-06,8.75191040216362e-05,-0.630980569905943,0.83539058413735,0.450061773611388,0.811506537580488,-2.07501440100989,0.453892657939572,4.84020693328639e-06,8.64377616973515e-05,-2.96462766341861,-1.18540113860117,0,0,0,1
9056,"SLC7A7",-1.2430895772693,0.472664715626175,0.00853947654625583,0.0434541253692306,-3.64372853026047,0.715831974030489,3.57684426174782e-07,1.57748244691136e-05,-1.2430895772693,0.472664715626175,0.00853947654625559,0.0430743592492196,-2.16949539665947,-0.31668375787913,0,0,0,1
9058,"SLC13A2",-6.25135754784807,0.588404281651479,2.29838225194857e-26,1.3714346967714e-23,-9.94565142698295,0.846744122296262,7.42538263445307e-32,1.55552484463499e-28,-6.25135754784807,0.588404281651479,2.29838225194848e-26,1.34735164795745e-23,-7.40460874823413,-5.09810634746201,0,0,0,1
9066,"SYT7",-1.32789660082601,0.435206624194224,0.00227938901190488,0.0152003570453754,-6.21426990419891,1.60179663876201,0.00010464458336126,0.00223121955795346,-1.32789660082601,0.435206624194224,0.00227938901190496,0.0150725856044701,-2.18088591007995,-0.474907291572073,0,0,0,1
9068,"ANGPTL1",-2.11854564322725,0.533533353807815,7.16365401490589e-05,0.00087702040767679,-3.43541207485163,1.13764920365952,0.00252986426331135,0.0296904728213129,-2.11854564322725,0.533533353807815,7.16365401490573e-05,0.000867033636292405,-3.16425180124143,-1.07283948521307,0,0,0,1
9071,"CLDN10",-2.89685224803389,0.513549453098209,1.69218823335407e-08,6.00092798825612e-07,-2.23402939101161,0.814829987787478,0.0061119851285541,0.0569640468147738,-2.89685224803389,0.513549453098209,1.69218823335407e-08,5.91082226692043e-07,-3.90339068038662,-1.89031381568116,0,0,0,1
9073,"CLDN8",-5.18016825362444,0.595542968651523,3.3710805643423e-18,6.90518054701997e-16,-12.6979711799535,1.78782178804078,1.22536435415759e-12,1.83356082243992e-10,-5.18016825362444,0.595542968651523,3.37108056434225e-18,6.78392227597411e-16,-6.34741102342749,-4.01292548382139,0,0,0,1
9075,"CLDN2",-1.73702758848607,0.665322021434884,0.0090328777047883,0.0454425269869922,-1.08786690286416,1.21993895261882,0.372532949313738,0.754483270827708,-1.73702758848607,0.665322021434884,0.00903287770478822,0.0450574510150424,-3.04103478861983,-0.433020388352312,0,0,0,1
9099,"USP2",-3.51762046914048,0.788016376226015,8.04839190166515e-06,0.00013552899442754,-5.25627638270851,0.786200849277031,2.29876586914058e-11,2.65689773799497e-09,-3.51762046914048,0.788016376226015,8.04839190166531e-06,0.000133970948160683,-5.06210418577124,-1.97313675250973,0,0,0,1
9104,"RGN",-2.40598351941483,0.443969433852866,5.98479448476082e-08,1.82118225075072e-06,-1.29091767990703,0.748965213945984,0.0847797801447285,0.360604735822084,-2.40598351941483,0.443969433852866,5.98479448476133e-08,1.79317742306749e-06,-3.27614762000308,-1.53581941882657,0,0,0,1
9121,"SLC16A5",-1.77598762162549,0.389587147272765,5.14858952251737e-06,9.2607133167796e-05,-1.1188257281424,0.839302493685684,0.182517922161093,0.555705726765373,-1.77598762162549,0.389587147272765,5.1485895225173e-06,9.14603854177876e-05,-2.53956439911981,-1.01241084413117,0,0,0,1
9122,"SLC16A4",-1.51309789382973,0.375065611515439,5.47835355999055e-05,0.00070135190538535,-1.4102958465246,0.801431735924881,0.0784552100244207,0.344554308917366,-1.51309789382973,0.375065611515439,5.4783535599909e-05,0.000693564704688801,-2.24821298423948,-0.777982803419978,0,0,0,1
9131,"AIFM1",-1.06962132320268,0.334996372689407,0.00140835110201267,0.0103248987841998,-1.80562014744207,0.722614617300884,0.0124638588034701,0.0960817891846158,-1.06962132320268,0.334996372689407,0.00140835110201266,0.0102310333558387,-1.72620214862548,-0.413040497779885,0,0,0,1
9145,"SYNGR1",-1.54875512941167,0.388871332411151,6.81387534688614e-05,0.00083793571022101,-0.57149034566208,0.849305046891357,0.501016171353551,0.843347471377669,-1.54875512941167,0.388871332411151,6.81387534688601e-05,0.000828417324635384,-2.31092893555763,-0.786581323265711,0,0,0,1
9173,"IL1RL1",-2.15080688500686,0.422295072671087,3.52186021638274e-07,8.91771395011749e-06,-6.11818832505747,0.937526510088427,6.76020713454852e-11,7.03691374955892e-09,-2.15080688500686,0.422295072671087,3.52186021638289e-07,8.80987779174221e-06,-2.97849001829092,-1.3231237517228,0,0,0,1
9194,"SLC16A7",-0.928268433487641,0.348240669539313,0.00768523157179703,0.0402411743957812,-1.49238766118472,0.912407013201781,0.101910764068149,0.401420841301429,-0.928268433487641,0.348240669539313,0.00768523157179706,0.0398845178146804,-1.61080760373681,-0.245729263238473,0,0,0,1
9211,"LGI1",-1.47297470313018,0.54739576957942,0.00712644576263643,0.0379082719559777,4.29966773877235,3.43606696461825,0.210812611857103,NA,-1.47297470313018,0.54739576957942,0.00712644576263625,0.0375775784973111,-2.54585069679543,-0.400098709464931,0,0,0,1
9213,"XPR1",-0.651833193353202,0.18481277047378,0.00042030920173945,0.00382514819938479,-1.14879576963659,0.754981933123552,0.128104269951481,0.457858703373185,-0.651833193353202,0.18481277047378,0.00042030920173944,0.00379065482746011,-1.01405956736488,-0.289606819341526,0,0,0,1
9254,"CACNA2D2",-1.31871092260007,0.386956899364209,0.0006546456786144,0.00551788369408518,-2.46134931502852,1.1688196437379,0.0352180926448128,0.201097108904401,-1.31871092260007,0.386956899364209,0.000654645678614414,0.00547136793914756,-2.07713250892321,-0.56028933627693,0,0,0,1
9258,"MFHAS1",-1.07723268605931,0.264398644029456,4.61579883874342e-05,0.000606774169185,-2.03881211482106,0.812355978915358,0.0120815947235915,0.0942184485680177,-1.07723268605931,0.264398644029456,4.61579883874337e-05,0.000600142871193605,-1.59544450591827,-0.55902086620035,0,0,0,1
9332,"CD163",-1.30581295551371,0.451898581270908,0.0038571379767388,0.0232376477580173,1.41848809038628,0.876264686659379,0.105492558051731,0.410197164823425,-1.30581295551371,0.451898581270908,0.00385713797673868,0.0230522124735672,-2.19151789946944,-0.420108011557984,0,0,0,1
9356,"SLC22A6",-5.44250204710726,0.630883579428338,6.30962229644424e-18,1.25497473038262e-15,-9.02255598825486,0.749033466955857,2.04587480416719e-33,4.89811654900541e-30,-5.44250204710726,0.630883579428338,6.30962229644424e-18,1.23293677424576e-15,-6.67901114122452,-4.20599295299,0,0,0,1
9365,"KL",-2.36119627940863,0.423095510228836,2.39464096370475e-08,8.27231733807215e-07,-4.07362300935038,0.746122620412702,4.76877375571999e-08,2.66399597907037e-06,-2.36119627940863,0.423095510228836,2.39464096370482e-08,8.14752265393794e-07,-3.19044824147775,-1.53194431733951,0,0,0,1
9376,"SLC22A8",-6.81001014812676,0.647467994894126,7.14406274253641e-26,3.92180468314279e-23,-10.1240341223849,0.80580693925225,3.33709399266518e-36,1.39815895557689e-32,-6.81001014812676,0.647467994894126,7.14406274253654e-26,3.85293591830481e-23,-8.07902409926161,-5.54099619699191,0,0,0,1
9380,"GRHPR",-1.55945933977079,0.372159686904495,2.7859048285196e-05,0.00039214110632413,-1.32108166342432,0.748278413906265,0.0774806401013642,0.342430919688492,-1.55945933977079,0.372159686904495,2.78590482851943e-05,0.000388040855402143,-2.2888789226013,-0.830039756940277,0,0,0,1
9394,"HS6ST1",-1.36682032548311,0.399274071326792,0.00061874083742028,0.00526774147193298,-0.917643816027912,0.768992369807312,0.232749244399409,0.630968066465497,-1.36682032548311,0.399274071326792,0.000618740837420309,0.00522384640634817,-2.1493831252443,-0.584257525721921,0,0,0,1
9445,"ITM2B",-0.708216074889984,0.240006762136086,0.00316934458308095,0.0198250159791262,-1.58522659578595,0.7099764592221,0.0255629579789042,0.16011657848833,-0.708216074889984,0.240006762136086,0.00316934458308095,0.0196560593439192,-1.17862068472278,-0.237811465057184,0,0,0,1
9456,"HOMER1",-0.889167198124061,0.280132275858208,0.00150303115536338,0.0109025367738938,-1.19609787230969,1.02552792183406,0.243483455754404,0.644838690737683,-0.889167198124061,0.280132275858208,0.00150303115536338,0.0108024355371879,-1.43821636971339,-0.340118026534734,0,0,0,1
9470,"EIF4E2",-0.744140344090504,0.21920654825246,0.00068703982082075,0.00575415412195291,-0.637766729109474,0.755598240849439,0.398638482921797,0.775752709624524,-0.744140344090504,0.21920654825246,0.000687039820820768,0.00570532309653011,-1.17377728384067,-0.314503404340341,0,0,0,1
9476,"NAPSA",-3.97392872755013,0.504823586630923,3.49251420321066e-15,4.5218174457418e-13,-5.75792259632016,0.852768674441705,1.45787274094752e-11,1.78339337704668e-09,-3.97392872755013,0.504823586630923,3.49251420321061e-15,4.44241216998949e-13,-4.96336477589307,-2.98449267920719,0,0,0,1
9477,"MED20",-0.842786728050362,0.266837747466412,0.00158624699439465,0.0114396498954662,-1.06465416216363,0.812415366867179,0.190033475706113,0.566946583383873,-0.842786728050362,0.266837747466412,0.00158624699439465,0.0113340584130488,-1.36577910280032,-0.3197943533004,0,0,0,1
9479,"MAPK8IP1",-1.54643552897355,0.432880662300096,0.00035368508736451,0.00331329292763859,-1.28665690245163,0.78662359988458,0.101908597176557,0.401420841301429,-1.54643552897355,0.432880662300096,0.000353685087364497,0.00328425346620903,-2.39486603668558,-0.698005021261517,0,0,0,1
9481,"SLC25A27",-1.05407081986541,0.346652552075567,0.00236018916046654,0.0156479401150932,-1.91926427800771,0.863421500624808,0.0262253072645361,0.162962522968617,-1.05407081986541,0.346652552075567,0.00236018916046647,0.0155155682352849,-1.73349733708242,-0.374644302648403,0,0,0,1
9513,"FXR2",-0.755419656355826,0.262616265171692,0.00402092936906199,0.0240882765059516,-0.464909915570769,0.762756784481907,0.542184684798395,0.862912928066126,-0.755419656355826,0.262616265171692,0.00402092936906206,0.0238947310251644,-1.27013807784676,-0.240701234864889,0,0,0,1
9524,"TECR",-1.03107109373314,0.378464869234234,0.00644280205575279,0.0349352095666342,-0.435446514155516,0.984705734297891,0.658337403705948,0.912449932353992,-1.03107109373314,0.378464869234234,0.00644280205575301,0.0346364833005255,-1.7728486068459,-0.28929358062038,0,0,0,1
9530,"BAG4",-0.533790718597532,0.207291921022224,0.0100220484344504,0.0492807569739869,-0.647973906563108,0.840039170257354,0.440492665941124,0.805452759005531,-0.533790718597532,0.207291921022224,0.0100220484344506,0.0488529569926599,-0.940075418087212,-0.127506019107852,0,0,0,1
9531,"BAG3",-1.50373386421857,0.406609625239338,0.00021711243470019,0.00221042363043428,-0.465699858516804,0.737805302371524,0.527912285899161,0.855223006223686,-1.50373386421857,0.406609625239338,0.000217112434700191,0.00218783778554759,-2.300674085455,-0.706793642982139,0,0,0,1
9547,"CXCL14",-2.55648077184663,0.495586418359453,2.48940848705554e-07,6.58278267367056e-06,0.172125977464552,0.735750020792401,0.815026686786768,0.957466747805774,-2.55648077184663,0.495586418359453,2.48940848705538e-07,6.5047857811953e-06,-3.52781230305836,-1.5851492406349,0,0,0,1
9630,"GNA14",-1.28378054808811,0.399250141931704,0.00130226907901008,0.00967641626439322,-1.35705641452429,0.961864541967844,0.158285835190937,0.513991922488843,-1.28378054808811,0.399250141931704,0.00130226907901013,0.00958956526067375,-2.06629644709675,-0.501264649079465,0,0,0,1
9649,"RALGPS1",-1.04345822076348,0.271466679305948,0.00012115357283196,0.00136736154074497,-1.10198031671029,0.943807137055571,0.242971954241751,0.644298572964794,-1.04345822076348,0.271466679305948,0.000121153572831966,0.00135336671291913,-1.57552313520582,-0.511393306321137,0,0,0,1
9673,"SLC25A44",-1.04321193582829,0.275008543997778,0.00014861041049183,0.00160466504609756,-2.35547013403067,0.796124754404535,0.00308970139898438,0.0345202038303861,-1.04321193582829,0.275008543997778,0.000148610410491826,0.00158898823525876,-1.58221877750473,-0.504205094151846,0,0,0,1
9700,"ESPL1",-0.970268376020511,0.329278089735399,0.00321233126402854,0.0200158435395244,-2.69389049687924,0.982537435731923,0.006110933577785,0.0569640468147738,-0.970268376020511,0.329278089735399,0.00321233126402854,0.0198535227182512,-1.61564157280004,-0.324895179240981,0,0,0,1
9703,"BLTP2",-0.809966295589295,0.291033318911542,0.00538470748886067,0.0303489632760262,-1.04959127957331,0.753514090558354,0.163641402004341,0.523868455953064,-0.809966295589295,0.291033318911542,0.00538470748886072,0.0301003362654681,-1.38038111895708,-0.239551472221513,0,0,0,1
9710,"GARRE1",-1.55008606603915,0.474056548372176,0.00107610737233257,0.00833436657894595,-0.835154363524859,0.925534881753383,0.366872141532924,0.749957099838884,-1.55008606603915,0.474056548372176,0.00107610737233256,0.0082626171418906,-2.47921982748398,-0.620952304594315,0,0,0,1
9719,"ADAMTSL2",-1.21629669552361,0.363005729781604,0.00080628910798218,0.00656317420993329,-1.11912885756202,0.871721396914765,0.199206753131889,0.580710728080941,-1.21629669552361,0.363005729781604,0.000806289107982147,0.00650580253915218,-1.92777485207723,-0.504818538969988,0,0,0,1
9720,"CCDC144A",-0.936590251584615,0.341043858740647,0.00602815878821358,0.0331717927864648,0.190512845284388,1.38753310338585,0.890791078451009,0.977525385264567,-0.936590251584615,0.341043858740647,0.00602815878821357,0.0328926203729193,-1.60502393186485,-0.268156571304381,0,0,0,1
9725,"TMEM63A",-0.761221332528266,0.2487006087786,0.00220750912473199,0.0148218469803434,-0.974055718588995,0.766045581715814,0.203537479291634,0.587398875385874,-0.761221332528266,0.2487006087786,0.00220750912473201,0.0146981953228453,-1.24866556866751,-0.273777096389024,0,0,0,1
9727,"RAB11FIP3",-1.44229736426709,0.273481888883006,1.33604680168164e-07,3.80095387630493e-06,-3.31044248917704,0.783621906463709,2.394287813738e-05,0.00062221503449562,-1.44229736426709,0.273481888883006,1.33604680168169e-07,3.74195462747032e-06,-1.97831201690177,-0.906282711632413,0,0,0,1
9737,"GPRASP1",-1.07429680026688,0.360470004887254,0.00287997394616287,0.0183579946294191,-1.83086110564321,0.788869947684163,0.0202940999466992,0.135989132749593,-1.07429680026688,0.360470004887254,0.00287997394616301,0.0182047298247144,-1.78080502735288,-0.367788573180885,0,0,0,1
9754,"STARD8",-1.27481187558614,0.275831376601967,3.8059483043749e-06,7.13563313240999e-05,-1.92563502010765,0.784853884032042,0.0141475536336717,0.104265106133115,-1.27481187558614,0.275831376601967,3.80594830437482e-06,7.04884628954474e-05,-1.8154314395321,-0.734192311640181,0,0,0,1
9762,"LZTS3",-1.70344011032805,0.308918012460078,3.50341582804559e-08,1.15026025894971e-06,-2.27189840831151,0.756337286721628,0.00266616091918644,0.0308305236955133,-1.70344011032805,0.308918012460078,3.50341582804517e-08,1.1327711177346e-06,-2.3089082889255,-1.0979719317306,0,0,0,1
9801,"MRPL19",-1.35886649397224,0.319963515403374,2.1670802424663e-05,0.00031673066291381,-1.97131809310498,0.797779986951726,0.0134734049932882,0.100863863594176,-1.35886649397224,0.319963515403374,2.16708024246642e-05,0.000313505825205737,-1.98598346052968,-0.7317495274148,0,0,0,1
9806,"SPOCK2",-1.05903066556405,0.369039939258723,0.00410872842867392,0.0244846673708732,-2.35228720114481,0.737266901461025,0.00142002074832881,0.0190843045078128,-1.05903066556405,0.369039939258723,0.00410872842867377,0.0242867099534452,-1.782335655368,-0.335725675760104,0,0,0,1
9829,"DNAJC6",-1.06042319741632,0.388878492688848,0.00639371765223801,0.0347652064418837,-1.58678848873218,0.867604732350551,0.0674100667640571,0.313638342281741,-1.06042319741632,0.388878492688848,0.00639371765223799,0.0344688105178428,-1.82261103744868,-0.298235357383955,0,0,0,1
9836,"LCMT2",-0.737879838568581,0.283157933578356,0.00916345521756716,0.0459646415957207,-1.30143020368005,0.844392362838064,0.123252934871369,0.447999098196684,-0.737879838568581,0.283157933578356,0.00916345521756724,0.0455739087784799,-1.29285919031894,-0.182900486818218,0,0,0,1
9848,"MFAP3L",-1.3141313285973,0.391790294269707,0.0007960338371963,0.00649896988797273,-1.20995354405192,0.91700524183734,0.187014715633092,0.562184685075335,-1.3141313285973,0.391790294269707,0.000796033837196314,0.00644233146873824,-2.08202619485828,-0.546236462336325,0,0,0,1
9852,"EPM2AIP1",-0.514515959710865,0.179573025451121,0.00416721556394316,0.0247579508223186,-0.665017135463898,0.76360881450922,0.38381575135568,0.763395226319705,-0.514515959710865,0.179573025451121,0.00416721556394322,0.0245570661925902,-0.866472622189957,-0.162559297231773,0,0,0,1
9854,"C2CD2L",-0.830493142425063,0.277399659564454,0.00275480784171296,0.0177247926955784,-0.987833837770651,0.81030615621278,0.22281110945331,0.615577214528193,-0.830493142425063,0.277399659564454,0.00275480784171293,0.0175783597396192,-1.37418648449506,-0.286799800355061,0,0,0,1
9870,"AREL1",-1.54235105748085,0.363247364741468,2.17613289152048e-05,0.00031771540216199,-1.17938784469032,0.772792769887498,0.126975683032986,0.455410148055742,-1.54235105748085,0.363247364741468,2.1761328915206e-05,0.000314478025470228,-2.25430280985321,-0.830399305108488,0,0,0,1
9901,"SRGAP3",-1.3038798701922,0.311648420570671,2.86655258714406e-05,0.00040195329791149,-0.0114967076579318,0.986729193769482,0.990703793850456,0.998689015406905,-1.3038798701922,0.311648420570671,2.86655258714416e-05,0.000397738698503454,-1.91469955034951,-0.693060190034893,0,0,0,1
9914,"ATP2C2",-1.1217596782739,0.367928215970574,0.00229715539971024,0.0152965360046693,-3.97594189364221,1.12229562565307,0.00039607280483516,0.00666444190384786,-1.1217596782739,0.367928215970574,0.00229715539971034,0.01516775036939,-1.8428857304723,-0.4006336260755,0,0,0,1
9915,"ARNT2",-2.12421048063399,0.342616495135304,5.64755066391176e-10,2.76810661826875e-08,-2.10593427825013,0.830309347262586,0.0112022746281187,0.0893144245921221,-2.12421048063399,0.342616495135304,5.64755066391179e-10,2.72924464521587e-08,-2.79572647160853,-1.45269448965945,0,0,0,1
9940,"DLEC1",-1.78353809085226,0.551224744110212,0.00121390976462907,0.00919394842764175,-2.38318688152749,1.29712287452318,0.0661675508841899,0.309948893849358,-1.78353809085226,0.551224744110212,0.00121390976462909,0.00911292121054534,-2.86391873669558,-0.703157445008937,0,0,0,1
9953,"HS3ST3B1",-1.32803655878687,0.349335705965636,0.00014376147117715,0.00157084588410456,-1.03820100039995,1.21269997039278,0.391938566588792,0.770719519109569,-1.32803655878687,0.349335705965636,0.000143761471177151,0.00155564680247313,-2.01272196099339,-0.643351156580349,0,0,0,1
9963,"SLC23A1",-1.89258944242309,0.532942744178572,0.00038347022693048,0.00353679125967336,-2.73252779269961,1.02344229892609,0.00758651860125484,0.066832730974886,-1.89258944242309,0.532942744178572,0.000383470226930485,0.00350530784386693,-2.93713802683503,-0.848040858011145,0,0,0,1
9970,"NR1I3",-2.25314902007536,0.585763020580119,0.00011980748369693,0.00135551352535593,-5.83366187246406,1.16400510945295,5.39470620239447e-07,2.26024703114822e-05,-2.25314902007536,0.585763020580119,0.00011980748369694,0.00134166470322744,-3.40122344388779,-1.10507459626293,0,0,0,1
9990,"SLC12A6",-0.738361618038575,0.277956929497999,0.00789825421398939,0.0410434081154072,-3.16766085428236,0.765173381397749,3.47616487972245e-05,0.00086821232815601,-0.738361618038575,0.277956929497999,0.00789825421398934,0.0406769142731926,-1.28314718910799,-0.193576046969158,0,0,0,1
10040,"TOM1L1",-0.794969857458472,0.221010558133296,0.00032193714429475,0.00307464535024441,-1.90923395447402,0.763551367843763,0.0124030166322211,0.0959216223993506,-0.794969857458472,0.221010558133296,0.000321937144294751,0.00304609018703588,-1.22814259160283,-0.361797123314116,0,0,0,1
10053,"AP1M2",-2.96996050225332,0.499997161627753,2.85100804688515e-09,1.17853115769433e-07,-1.07383768648541,0.717834396198218,0.134669109927636,0.471271583478231,-2.96996050225332,0.499997161627753,2.85100804688507e-09,1.16133357994415e-07,-3.94993693141597,-1.98998407309067,0,0,0,1
10102,"TSFM",-0.655008136635778,0.250945403772982,0.00904993760012244,0.0454783389322887,-0.661991865731749,0.76159650582344,0.384728999502082,0.763568065448314,-0.655008136635778,0.250945403772982,0.00904993760012247,0.0450925013534558,-1.14685209011668,-0.163164183154871,0,0,0,1
10110,"SGK2",-1.68757479368555,0.347637211068705,1.20743518194587e-06,2.64287726268344e-05,-2.26483667931645,0.829443826454414,0.00632290095855054,0.0584798549472122,-1.68757479368555,0.347637211068705,1.20743518194594e-06,2.60895008945145e-05,-2.36893120706616,-1.00621838030494,0,0,0,1
10114,"HIPK3",-0.68214658930753,0.250957642423978,0.00656432673951577,0.0354395997018232,-1.24132205647524,0.770538086932911,0.107183909357057,0.413996993882486,-0.68214658930753,0.250957642423978,0.00656432673951587,0.0351350400014319,-1.17401453010361,-0.190278648511452,0,0,0,1
10117,"ENAM",-1.91730459110207,0.43247166426346,9.27737553043302e-06,0.00015340084551766,-2.75371385045286,1.18976838848439,0.0206405454098364,0.137376846911616,-1.91730459110207,0.43247166426346,9.27737553043356e-06,0.000151620429426468,-2.76493347739255,-1.06967570481159,0,0,0,1
10140,"TOB1",-1.19924385024554,0.253276739145202,2.19146842380951e-06,4.40347183724182e-05,-2.05448350899998,0.821874217562816,0.012427950989906,0.0960258324757189,-1.19924385024554,0.253276739145202,2.19146842380951e-06,4.3516301558503e-05,-1.69565713709188,-0.702830563399198,0,0,0,1
10152,"ABI2",-0.594056188168663,0.177072686457643,0.00079401730705235,0.00649022842286271,-0.724574253908629,0.756484883846809,0.338154930681585,0.730755456477082,-0.594056188168663,0.177072686457643,0.000794017307052359,0.0064337351868912,-0.941112276271397,-0.247000100065929,0,0,0,1
10157,"AASS",-1.03384813743399,0.385039343288434,0.00725199433940945,0.0384717318569986,-2.88065043554053,0.984069196525671,0.00341936013188481,0.0373322843324153,-1.03384813743399,0.385039343288434,0.0072519943394094,0.0381351948823155,-1.78851138291027,-0.279184891957705,0,0,0,1
10158,"PDZK1IP1",-1.59238720170964,0.471313398110866,0.00072851569872372,0.00604848726514486,-2.43614018622168,0.712252775408759,0.00062545003528509,0.00970970002984885,-1.59238720170964,0.471313398110866,0.000728515698723749,0.00599668935646661,-2.51614448743813,-0.668629915981155,0,0,0,1
10171,"RCL1",-0.512801657516882,0.198242302724419,0.0096888154801857,0.0480394492539553,-0.546408510978615,0.965230346438489,0.571331710575088,0.876914454397489,-0.512801657516882,0.198242302724419,0.00968881548018584,0.0476255317631293,-0.90134943106903,-0.124253883964734,0,0,0,1
10217,"CTDSPL",-1.02779876915339,0.321639563098436,0.00139589466845602,0.0102554916648236,-1.17473654773973,0.78810612020286,0.136071356066177,0.473270317524905,-1.02779876915339,0.321639563098436,0.00139589466845606,0.0101624448244023,-1.65820072882952,-0.397396809477257,0,0,0,1
10243,"GPHN",-1.64260586443872,0.273137954549982,1.81187906693794e-09,7.91918099192875e-08,-2.74342789197701,0.930900213598279,0.00320800797754571,0.035590731883216,-1.64260586443872,0.273137954549982,1.81187906693813e-09,7.80497299026415e-08,-2.17794641816762,-1.10726531070982,0,0,0,1
10247,"RIDA",-1.77364895240744,0.325927197575802,5.27282224663494e-08,1.61527260073254e-06,-2.54216823861738,0.719154328304292,0.00040786596250942,0.00680819289411894,-1.77364895240744,0.325927197575802,5.27282224663478e-08,1.59045777072431e-06,-2.41245452123808,-1.1348433835768,0,0,0,1
10249,"GLYAT",-4.03798431667213,0.793417626677989,3.59282621251329e-07,9.08065321188442e-06,-3.65489036358313,0.752124666013366,1.1772957343998e-06,4.49437339699461e-05,-4.03798431667213,0.793417626677989,3.59282621251329e-07,8.97075478209568e-06,-5.59305428966024,-2.48291434368403,0,0,0,1
10327,"AKR1A1",-0.806883265403129,0.286465217234448,0.00485215697556305,0.0279079855189533,-1.17741374951151,0.71078377582421,0.09762048411209,0.392668784185386,-0.806883265403129,0.286465217234448,0.00485215697556305,0.0276846642490247,-1.36834477400609,-0.245421756800168,0,0,0,1
10351,"ABCA8",-2.17822441604902,0.442518674268916,8.55183928629851e-07,1.9240236453305e-05,-2.08318049702135,0.874136284388973,0.0171661261007079,0.119769819867512,-2.17822441604902,0.442518674268916,8.55183928629866e-07,1.89957906255626e-05,-3.04554508010251,-1.31090375199553,0,0,0,1
10391,"CORO2B",-1.83571179233907,0.494119602260496,0.00020311024925014,0.00209113657967665,-0.49200729348432,1.00064083650957,0.622936953714235,0.900603899870329,-1.83571179233907,0.494119602260496,0.00020311024925014,0.00206994368151144,-2.8041684168249,-0.867255167853242,0,0,0,1
10406,"WFDC2",-1.20962525475161,0.46018620991551,0.00857482185558076,0.043569365104032,1.62319739917859,0.731646295048744,0.0265170275599351,0.164227222792666,-1.20962525475161,0.46018620991551,0.00857482185558059,0.0431880175864001,-2.111573652368,-0.307676857135221,0,0,0,1
10411,"RAPGEF3",-2.15996736403534,0.269912210724297,1.21936896573782e-15,1.74318955060269e-13,-2.58189659989129,0.779912877803794,0.00093131577913979,0.013513351638618,-2.15996736403534,0.269912210724297,1.21936896573785e-15,1.7125783088587e-13,-2.68898557604255,-1.63094915202813,0,0,0,1
10418,"SPON1",-1.98744980314783,0.599642831339006,0.00091843528003592,0.00731632533769512,0.301954185374251,0.810788352338591,0.709579809808855,0.930868730535154,-1.98744980314783,0.599642831339006,0.00091843528003591,0.00725522007602525,-3.16272815615991,-0.812171450135752,0,0,0,1
10435,"CDC42EP2",-1.27071174184103,0.348607579679144,0.00026728113107273,0.00263139615698865,-0.447870699217575,0.882734637619451,0.611897117749473,0.896881575971853,-1.27071174184103,0.348607579679144,0.000267281131072729,0.00260574945065336,-1.95397004274983,-0.587453440932231,0,0,0,1
10446,"LRRN2",-1.72245408455671,0.561113576051387,0.00214269104026027,0.0144929974551661,-2.28800152202631,1.01266341499401,0.0238591402685181,0.152733129014551,-1.72245408455671,0.561113576051387,0.00214269104026022,0.0143730862168301,-2.82221648485391,-0.622691684259515,0,0,0,1
10451,"VAV3",-1.05620686899127,0.391066382263838,0.00691650594629838,0.0369634453298283,-3.53532020241647,0.762451147431971,3.53874288205379e-06,0.00011743721180265,-1.05620686899127,0.391066382263838,0.00691650594629817,0.0366425342530209,-1.82268289379277,-0.289730844189774,0,0,0,1
10455,"ECI2",-1.49201434979897,0.333119755956647,7.50241597865615e-06,0.00012774585222218,-2.10863554271872,0.774287035514748,0.00646283690085514,0.0593808572485917,-1.49201434979897,0.333119755956647,7.50241597865587e-06,0.000126285985817999,-2.14491707401277,-0.83911162558517,0,0,0,1
10458,"BAIAP2",-1.13250314131926,0.283909844714568,6.63654551783032e-05,0.00082065795457854,-2.61383652113363,0.806174816887142,0.00118581570113986,0.0164156665392525,-1.13250314131926,0.283909844714568,6.63654551783004e-05,0.000811363515480307,-1.68895621181617,-0.576050070822347,0,0,0,1
10516,"FBLN5",-2.53409607191016,0.482412618778858,1.49670879899228e-07,4.16649727330023e-06,-1.68973267502187,0.804040379485399,0.0355925375275177,0.2026126769871,-2.53409607191016,0.482412618778858,1.4967087989923e-07,4.10165136927097e-06,-3.47960743040437,-1.58858471341595,0,0,0,1
10529,"NEBL",-1.03008549254504,0.348937322493661,0.00315656957914534,0.0197541089394394,-0.891327252625378,0.768586347839112,0.24617220752065,0.647966079132805,-1.03008549254504,0.348937322493661,0.00315656957914527,0.0195858387646644,-1.71399007749445,-0.346180907595626,0,0,0,1
10602,"CDC42EP3",-0.788553064664997,0.252129421108748,0.00176256293848155,0.0123604567029743,-0.496650821231389,0.785111945514581,0.527004035113154,0.855141089163283,-0.788553064664997,0.252129421108748,0.00176256293848156,0.0122498124224468,-1.28271764948108,-0.294388479848918,0,0,0,1
10610,"ST6GALNAC2",-1.5733819495406,0.327724257292483,1.5792871174033e-06,3.34994380204681e-05,-3.78760334738841,0.923621307970361,4.11691372862301e-05,0.00100382094247988,-1.5733819495406,0.327724257292483,1.57928711740313e-06,3.30644847887367e-05,-2.215709690694,-0.931054208387195,0,0,0,1
10614,"HEXIM1",-0.844744335244901,0.234514132154987,0.00031565180966461,0.00302514346078012,-1.0492744521565,0.735026513977494,0.153426379937996,0.505722721191852,-0.844744335244901,0.234514132154987,0.00031565180966462,0.00299713616176625,-1.30438358813434,-0.38510508235546,0,0,0,1
10615,"SPAG5",-2.67402085242063,0.490718288740846,5.05976134742356e-08,1.55347124680181e-06,-2.85872970446585,0.734787485742806,0.00010001600129787,0.00214893354583473,-2.67402085242063,0.490718288740846,5.05976134742338e-08,1.5296135033029e-06,-3.63581102490782,-1.71223067993345,0,0,0,1
10644,"IGF2BP2",-1.57922678277536,0.48211636769592,0.00105432817188942,0.00820272099263626,-3.89045628398064,1.09598168878034,0.00038560344790487,0.00652318701949585,-1.57922678277536,0.48211636769592,0.00105432817188941,0.00813244092768016,-2.52415749981663,-0.634296065734087,0,0,0,1
10655,"DMRT2",-5.05108674572538,0.651435517870581,8.91978217098258e-15,1.10283865328437e-12,-8.17814825842845,1.28854418556498,2.19821866024041e-10,2.0813529111282e-08,-5.05108674572538,0.651435517870581,8.91978217098308e-15,1.08347227938167e-12,-6.32787689900192,-3.77429659244884,0,0,0,1
10681,"GNB5",-0.647506880172772,0.187588469966554,0.00055698135570456,0.00483492228063846,-2.09520470221872,0.810505787867303,0.00973625370312424,0.0803812843120994,-0.647506880172772,0.187588469966554,0.000556981355704569,0.00479551699806175,-1.01517352522219,-0.279840235123353,0,0,0,1
10686,"CLDN16",-4.68664937281993,0.434627360616571,4.13506520614987e-27,3.15275749384449e-24,-7.29254450398055,1.04929571592171,3.65436083751896e-12,5.06144076660994e-10,-4.68664937281993,0.434627360616571,4.13506520614947e-27,3.09739356525074e-24,-5.53850334632411,-3.83479539931575,0,0,0,1
10699,"CORIN",-1.40808086917787,0.406879897496473,0.00053881413431013,0.00471299246607538,-0.156193363436899,1.48161216155109,0.916041577794539,0.983371675769415,-1.40808086917787,0.406879897496473,0.00053881413431013,0.0046749234059868,-2.20555081430431,-0.610610924051434,0,0,0,1
10749,"KIF1C",-1.0692632905593,0.259886632991452,3.88280215216493e-05,0.0005193720929465,-2.02208608058422,0.7206550411257,0.00501762396409645,0.049348802825289,-1.0692632905593,0.259886632991452,3.88280215216487e-05,0.00051375683432423,-1.57863173128592,-0.559894849832675,0,0,0,1
10752,"CHL1",-2.63256270601363,0.334178188939408,3.33404794543969e-15,4.35775942887755e-13,-4.46482336420682,0.896152347469176,6.28606444316313e-07,2.58840673225973e-05,-2.63256270601363,0.334178188939408,3.33404794543976e-15,4.28123509032041e-13,-3.28753992075369,-1.97758549127357,0,0,0,1
10766,"TOB2",-0.623636973913329,0.205088341205725,0.00235933899047685,0.0156479401150932,-1.19349562517799,0.748316518358688,0.110732922923327,0.422150376540501,-0.623636973913329,0.205088341205725,0.00235933899047686,0.0155155682352849,-1.02560273632561,-0.221671211501046,0,0,0,1
10788,"IQGAP2",-1.31457165637131,0.324726276758584,5.16030262499278e-05,0.00066622759384196,-2.40691329449112,0.871200659805831,0.00573159089461408,0.054546128224212,-1.31457165637131,0.324726276758584,5.160302624993e-05,0.000658867048227089,-1.95102346365192,-0.678119849090699,0,0,0,1
10810,"WASF3",-1.21868045935484,0.416528985385766,0.00343571858036255,0.0211158986999085,-1.08690892660901,1.00760134159997,0.280717343525693,0.689156724992004,-1.21868045935484,0.416528985385766,0.00343571858036249,0.0209515122655032,-2.03506226922795,-0.402298649481728,0,0,0,1
10840,"ALDH1L1",-2.91281828382607,0.474242060035687,8.14633785769156e-10,3.86852390169408e-08,-6.77237124276447,1.09101578722142,5.38684129178031e-10,4.55949864691648e-08,-2.91281828382607,0.474242060035687,8.14633785769147e-10,3.81378726858521e-08,-3.8423156414501,-1.98332092620204,0,0,0,1
10841,"FTCD",-3.70134549596206,0.603392484957141,8.5575127546719e-10,4.0497691394868e-08,-5.74714437817119,0.769373200966423,8.02530095294692e-14,1.51119122101615e-11,-3.70134549596206,0.603392484957141,8.55751275467214e-10,3.99242022391849e-08,-4.88397303502018,-2.51871795690394,0,0,0,1
10891,"PPARGC1A",-1.35869457618557,0.360987811001518,0.00016733469570384,0.00177885465828002,-4.40433685513657,0.924285549151095,1.88735920621107e-06,6.861226233599e-05,-1.35869457618557,0.360987811001518,0.000167334695703837,0.00176125972066732,-2.0662176846065,-0.651171467764643,0,0,0,1
10901,"DHRS4",-1.47238159858393,0.367437549672482,6.14528470492043e-05,0.00076950627089715,-3.27854989210089,0.716464098626337,4.7391838181746e-06,0.00015303271986279,-1.47238159858393,0.367437549672482,6.14528470492085e-05,0.00076085283449447,-2.19254596250964,-0.752217234658218,0,0,0,1
10908,"PNPLA6",-0.788497366768556,0.204318886797903,0.00011378177933061,0.00129633435163849,0.648806938436797,0.79637365604683,0.415243103752665,0.788640946320188,-0.788497366768556,0.204318886797903,0.000113781779330616,0.00128315382227684,-1.18895502625376,-0.38803970728335,0,0,0,1
10935,"PRDX3",-0.717040496553087,0.198928195581441,0.00031273135388484,0.00300554979041711,-1.26063943213224,0.736236302025798,0.0868458969855301,0.366058950598717,-0.717040496553087,0.198928195581441,0.000312731353884839,0.0029777943816591,-1.10693259540225,-0.327148397703923,0,0,0,1
10938,"EHD1",-0.954261283267546,0.325541653198074,0.00337543181087855,0.0208106137342755,-1.18268986382024,0.839448434951469,0.158867923010667,0.514884455953544,-0.954261283267546,0.325541653198074,0.00337543181087859,0.0206492500481289,-1.5923111990034,-0.316211367531693,0,0,0,1
10994,"HACL2",-0.914736751892378,0.282636915397377,0.00121031667343874,0.00917570061858681,-0.450869388835434,0.771515294922649,0.55895484445795,0.869782947880664,-0.914736751892378,0.282636915397377,0.00121031667343872,0.00909492365116746,-1.46869492677273,-0.360778577012025,0,0,0,1
11001,"SLC27A2",-1.92767335350404,0.538755989751456,0.00034622258139247,0.0032701711679493,-2.77494129911347,0.844456953436654,0.00101597195007299,0.0145527127446779,-1.92767335350404,0.538755989751456,0.00034622258139248,0.00323949969806718,-2.98361568987212,-0.871731017135956,0,0,0,1
11033,"ADAP1",-1.13908496096443,0.396092186018393,0.00402995136776227,0.0241199531492234,-1.10748711175988,0.812529768411729,0.172879005254607,0.540065275463783,-1.13908496096443,0.396092186018393,0.00402995136776219,0.0239259508108928,-1.91541138011822,-0.36275854181064,0,0,0,1
11035,"RIPK3",-2.54494759936433,0.632769506833042,5.77259503255631e-05,0.00073354716876669,1.83811015063127,1.09124358917648,0.0921009487464319,0.379315035900829,-2.54494759936433,0.632769506833042,5.7725950325564e-05,0.00072536718382067,-3.78515304327226,-1.3047421554564,0,0,0,1
11056,"DDX52",-1.21863495887677,0.3536882868128,0.00056999224011822,0.00492605384343986,-0.285438163608169,0.80619458698219,0.723296792307857,0.933158656065233,-1.21863495887677,0.3536882868128,0.000569992240118244,0.00488569953815276,-1.91185126278353,-0.525418654970009,0,0,0,1
11112,"HIBADH",-0.87147865853293,0.267648253081501,0.00112970042980618,0.00866145737355306,-1.39274709283272,0.748452407428092,0.06276735716061,0.299010272499904,-0.87147865853293,0.267648253081501,0.00112970042980618,0.00858610535235442,-1.39605959509773,-0.346897721968127,0,0,0,1
11136,"SLC7A9",-2.27191311428898,0.434210546199048,1.67427785249942e-07,4.61401390516105e-06,-3.46737471097849,0.957987708384816,0.00029524640088825,0.00522255763673991,-2.27191311428898,0.434210546199048,1.67427785249938e-07,4.54211031896361e-06,-3.12295014654658,-1.42087608203138,0,0,0,1
11162,"NUDT6",-1.02280108777028,0.283659960862215,0.00031127725703654,0.00299787303548741,-1.9712454422914,0.90102619597526,0.0286857647570385,0.174173217375263,-1.02280108777028,0.283659960862215,0.000311277257036554,0.0029702415121188,-1.57876439491626,-0.466837780624297,0,0,0,1
11163,"NUDT4",-1.16598377430204,0.229784345019191,3.89022319251388e-07,9.65450688861853e-06,-1.25448369371207,0.722382431783523,0.0824591779521153,0.355618467138317,-1.16598377430204,0.229784345019191,3.89022319251393e-07,9.53670532812097e-06,-1.61635281475078,-0.7156147338533,0,0,0,1
11170,"FAM107A",-1.76595471890774,0.327167074788011,6.74948634074334e-08,2.03135856448161e-06,-4.64166261564271,0.892632963692796,1.99323117703526e-07,9.4097355763194e-06,-1.76595471890774,0.327167074788011,6.74948634074287e-08,2.00007306224695e-06,-2.40719040241956,-1.12471903539592,0,0,0,1
11181,"TREH",-3.06812849110474,0.631602427952653,1.1876344673128e-06,2.60368936571898e-05,-4.22008562748424,0.749114062096197,1.76654774863778e-08,1.1129914932113e-06,-3.06812849110474,0.631602427952653,1.18763446731279e-06,2.57028499563055e-05,-4.30604650243999,-1.83021047976949,0,0,0,1
11212,"PLPBP",-0.668097710199992,0.206584670342832,0.00122063484077141,0.00922974796404784,-2.0882328616575,0.758149230668073,0.00588030266876132,0.0553951615659196,-0.668097710199992,0.206584670342832,0.00122063484077143,0.00914831548533698,-1.07299622383002,-0.263199196569961,0,0,0,1
11228,"RASSF8",-0.945973624674934,0.304544490373201,0.00189513694070393,0.0131225324794252,-0.263985637379939,0.806717809421847,0.743490774065084,0.939144293917968,-0.945973624674934,0.304544490373201,0.00189513694070396,0.0130102501891606,-1.54286985749651,-0.349077391853355,0,0,0,1
11240,"PADI2",-1.70747541175469,0.510960385295105,0.00083267537047321,0.00675392244939388,0.0218256359982375,0.820837822008686,0.978787178471278,0.99623339092488,-1.70747541175469,0.510960385295105,0.000832675370473202,0.00669467025646403,-2.70893936445981,-0.706011459049575,0,0,0,1
11244,"ZHX1",-0.693324209232683,0.245837854310722,0.00479862479341799,0.0276939977564628,-0.808302577559897,0.795068350262954,0.309322150498144,0.719890281932842,-0.693324209232683,0.245837854310722,0.00479862479341794,0.0274734004626981,-1.1751575497183,-0.211490868747063,0,0,0,1
11320,"MGAT4A",-0.865304339614393,0.334440512516966,0.00967259585979086,0.0480096584375298,-0.984447571825085,0.751302634435879,0.190087287549017,0.566946583383873,-0.865304339614393,0.334440512516966,0.00967259585979086,0.0475969379480147,-1.52079569911876,-0.209812980110023,0,0,0,1
22800,"RRAS2",-1.00882449429675,0.248237433454447,4.82491853008927e-05,0.00063124100959909,-1.1799988823598,0.78770109314849,0.134125781518321,0.470205230998098,-1.00882449429675,0.248237433454447,4.82491853008925e-05,0.000624322231681319,-1.49536092348212,-0.522288065111375,0,0,0,1
22837,"COBLL1",-1.66832209584754,0.244348845106773,8.63323580316385e-12,5.92412640813104e-10,-3.2966865340752,0.822486433218941,6.11844263922872e-05,0.00143011129973269,-1.66832209584754,0.244348845106773,8.63323580316438e-12,5.82009591670327e-10,-2.14723703192077,-1.18940715977431,0,0,0,1
22841,"RAB11FIP2",-1.21247373449971,0.455485036724458,0.00776917786311284,0.0404953273806914,-0.358716261376564,0.823573125974102,0.663155336290876,0.914567172555858,-1.21247373449971,0.455485036724458,0.00776917786311301,0.040134798899752,-2.10520800197655,-0.319739467022868,0,0,0,1
22873,"DZIP1",-1.01827508766048,0.374687282194501,0.00657440609390635,0.0354666467109948,0.366638619929366,0.850053382976927,0.66624118813157,0.914871282352901,-1.01827508766048,0.374687282194501,0.00657440609390654,0.035161728426871,-1.7526486662269,-0.283901509094062,0,0,0,1
22874,"PLEKHA6",-0.949253738561944,0.207157063664418,4.59911508636676e-06,8.38386232031888e-05,-2.39560235920151,0.745623694308326,0.00131409400116765,0.0178467596155338,-0.949253738561944,0.207157063664418,4.59911508636684e-06,8.28062507472705e-05,-1.35527412248727,-0.543233354636613,0,0,0,1
22925,"PLA2R1",-1.2563658922525,0.367170030583239,0.00062218348070346,0.00529376694927117,-2.61011859383548,0.754929229056946,0.0005453441714624,0.00867941402615229,-1.2563658922525,0.367170030583239,0.00062218348070349,0.00524962444951511,-1.97600592839812,-0.536725856106881,0,0,0,1
22927,"HABP4",-1.16289118666271,0.345797862440622,0.00077122193648375,0.00633408130239564,-2.572083815467,0.774861911825918,0.00090208112248372,0.0131919524709466,-1.16289118666271,0.345797862440622,0.000771221936483739,0.00627921821836368,-1.84064254297726,-0.485139830348155,0,0,0,1
22937,"SCAP",-0.717884965362854,0.218742914181504,0.00103122543613933,0.00807793258309141,-0.461672235961126,0.739935702586196,0.532669871105823,0.858201727539175,-0.717884965362854,0.218742914181504,0.0010312254361393,0.00800922382227317,-1.14661319903194,-0.28915673169377,0,0,0,1
22949,"PTGR1",-1.09851554615901,0.322048588625503,0.00064719334712214,0.00547600585444158,-1.38134218510338,1.0143661292656,0.17326773673288,0.540441838806316,-1.09851554615901,0.322048588625503,0.000647193347122111,0.00543006092050244,-1.72971918113695,-0.467311911181068,0,0,0,1
22977,"AKR7A3",-1.91685629559685,0.621574203509296,0.00204324365037267,0.0139641199047346,-3.70047255774684,0.743602897248418,6.47745235310641e-07,2.64125605804648e-05,-1.91685629559685,0.621574203509296,0.00204324365037263,0.0138498877881515,-3.13511934819424,-0.69859324299946,0,0,0,1
22978,"NT5C2",-0.794060562026629,0.231918544575159,0.00061734564542415,0.00526225276901498,-0.836468488278888,0.752205506497024,0.266129024837936,0.672418720696029,-0.794060562026629,0.231918544575159,0.00061734564542417,0.00521843386475241,-1.24861255674089,-0.33950856731237,0,0,0,1
23024,"PDZRN3",-0.885045764191247,0.299759216294472,0.00315189325630337,0.0197338426320746,-2.13390693587218,0.896683629257305,0.0173231252191358,0.120436976738792,-0.885045764191247,0.299759216294472,0.00315189325630334,0.0195658272443545,-1.47256303216236,-0.29752849622013,0,0,0,1
23051,"ZHX3",-1.02179856439955,0.240854987221004,2.21161050302119e-05,0.00032255199302298,-1.36435688652429,0.802668022387534,0.0891728222887651,0.372494349136943,-1.02179856439955,0.240854987221004,2.21161050302121e-05,0.000319262788139561,-1.49386566484957,-0.549731463949527,0,0,0,1
23072,"HECW1",-1.83384141502454,0.364362886331027,4.82842323838156e-07,1.16869983286682e-05,-1.34219774418247,1.43158345571368,0.348469728422872,0.736295402467277,-1.83384141502454,0.364362886331027,4.82842323838189e-07,1.15428422913303e-05,-2.54797954953641,-1.11970328051267,0,0,0,1
23078,"VWA8",-0.993697610001786,0.284371049358017,0.00047518230268197,0.00423276173177653,-2.47546742770887,0.792398100879214,0.00178398397157588,0.0228053298090314,-0.993697610001786,0.284371049358017,0.000475182302681982,0.00419930822261269,-1.55105462498936,-0.436340595014211,0,0,0,1
23171,"GPD1L",-1.0984016503302,0.319644849264723,0.00058967634320986,0.00507062539737607,-2.80297861453468,0.760033841903347,0.0002260542594925,0.00417689452572752,-1.0984016503302,0.319644849264723,0.000589676343209892,0.00502884638551485,-1.72489404273279,-0.471909257927609,0,0,0,1
23205,"ACSBG1",-1.14949141572638,0.394553137934282,0.00357515441925332,0.0218749082700992,-0.277788607862658,1.7358721990109,0.872858812703978,0.973787833983889,-1.14949141572638,0.394553137934282,0.00357515441925341,0.0217036501732525,-1.92280135606484,-0.376181475387923,0,0,0,1
23228,"PLCL2",-1.0103071692101,0.384540099211517,0.00860621518307185,0.0436803613803543,-2.52545719472735,0.823940270124875,0.00217599107064929,0.026387434408836,-1.0103071692101,0.384540099211517,0.00860621518307199,0.0432976116840894,-1.76399191427613,-0.256622424144068,0,0,0,1
23242,"COBL",-0.88275186089839,0.215597058174144,4.23167601853703e-05,0.00056165881700582,-0.809175087002021,0.853321494723516,0.342994456790795,0.732807453271609,-0.88275186089839,0.215597058174144,4.23167601853694e-05,0.000555556842823111,-1.3053143300925,-0.460189391704281,0,0,0,1
23286,"WWC1",-0.958416878216618,0.338566897976561,0.00464310144386793,0.0269893791679981,0.450648920585026,0.886914798400772,0.611377276103781,0.896761135142961,-0.958416878216618,0.338566897976561,0.0046431014438679,0.0267762774883109,-1.62199580460812,-0.294837951825112,0,0,0,1
23294,"ANKS1A",-0.856452092607775,0.27186419583927,0.00163106343762086,0.0116891460145737,-1.53904217802917,0.812765350294757,0.0582798051731954,0.284340976680519,-0.856452092607775,0.27186419583927,0.00163106343762087,0.0115806362977579,-1.38929612513869,-0.323608060076862,0,0,0,1
23327,"NEDD4L",-0.868527192994251,0.186957713763357,3.39120765973004e-06,6.4820242231386e-05,-3.00312577203066,0.952882875650734,0.00162366820419629,0.0211594521260697,-0.868527192994251,0.186957713763357,3.39120765972987e-06,6.40387295184003e-05,-1.23495757860238,-0.502096807386123,0,0,0,1
23341,"DNAJC16",-0.570825598644953,0.182910748203068,0.00180368064118657,0.0125973094756461,-3.54273244037125,0.74329999312225,1.87712852102938e-06,6.83886888781118e-05,-0.570825598644953,0.182910748203068,0.00180368064118654,0.0124840996330175,-0.929324077508241,-0.212327119781665,0,0,0,1
23345,"SYNE1",-1.0202339285999,0.26619791800373,0.00012678869392957,0.00141928877282996,-1.39272220649804,0.769176779376588,0.0701925761597243,0.322061362141242,-1.0202339285999,0.26619791800373,0.000126788693929572,0.00140467704211374,-1.54197226064676,-0.498495596553043,0,0,0,1
23363,"OBSL1",-1.17473827679242,0.320269310184184,0.00024448369686985,0.00244733351994301,-1.09145792114892,0.90285555762638,0.226703037609078,0.620701879969048,-1.17473827679242,0.320269310184184,0.000244483696869849,0.00242380418007072,-1.80245459010691,-0.547021963477932,0,0,0,1
23366,"MATCAP2",-1.07153337467495,0.384768263520702,0.00535475648728086,0.0302298140812187,-1.12210303553049,0.982495511343913,0.253414607799103,0.657121369658852,-1.07153337467495,0.384768263520702,0.00535475648728083,0.0299826336038237,-1.82566531356954,-0.317401435780358,0,0,0,1
23370,"ARHGEF18",-0.732172759266242,0.242288561203649,0.00251190241739809,0.0164865369566578,-0.297153461797665,0.758349459738184,0.695174674742336,0.926254760216792,-0.732172759266242,0.242288561203649,0.00251190241739806,0.016345550334835,-1.20704961309142,-0.257295905441061,0,0,0,1
23373,"CRTC1",-0.807054964060342,0.304272332354275,0.00799194409520436,0.041295723178684,-0.143272708139776,0.801690883810811,0.858162938345291,0.968873126093285,-0.807054964060342,0.304272332354275,0.00799194409520448,0.0409249457788234,-1.40341777696672,-0.210692151153962,0,0,0,1
23406,"COTL1",-1.21309856812554,0.307810701332777,8.11243894539371e-05,0.00096813140944855,-1.66411674566743,0.842492584167706,0.0482420369155909,0.251161967261011,-1.21309856812554,0.307810701332777,8.11243894539321e-05,0.000957793470234121,-1.8163964567938,-0.609800679457282,0,0,0,1
23411,"SIRT1",-1.48274402634558,0.480860738434861,0.0020456689881979,0.013967542882601,-0.0121708778625626,0.89194315897426,0.989112922620186,0.998669855932162,-1.48274402634558,0.480860738434861,0.00204566898819784,0.0138532169602569,-2.42521375525724,-0.540274297433917,0,0,0,1
23413,"NCS1",-1.78881006524059,0.323884483901232,3.33282815344774e-08,1.09951282639223e-06,-1.13329229625026,0.869779086868099,0.19258647995431,0.570643001689228,-1.78881006524059,0.323884483901232,3.33282815344774e-08,1.08280775886592e-06,-2.42361198883835,-1.15400814164283,0,0,0,1
23428,"SLC7A8",-2.10605540967878,0.550076172027054,0.00012884212141835,0.00143538563009,-5.69760025326787,0.978495515783536,5.78639292380515e-09,3.97435077910043e-07,-2.10605540967878,0.550076172027054,0.000128842121418355,0.00142050635519181,-3.18418489560546,-1.0279259237521,0,0,0,1
23429,"RYBP",-1.59280701683949,0.597033949045203,0.00763345276488926,0.0400561049277443,-0.242462478679031,1.33270525508189,0.855635651770588,0.968496452035891,-1.59280701683949,0.597033949045203,0.00763345276488914,0.0397017603986233,-2.76297205451581,-0.422641979163171,0,0,0,1
23460,"ABCA6",-1.12699311758481,0.34503210999215,0.00108946311810665,0.00841262869572172,-1.28237434592732,1.17080475210146,0.273388257101075,0.68062856359554,-1.12699311758481,0.34503210999215,0.00108946311810664,0.00833994907503776,-1.80324362667929,-0.450742608490333,0,0,0,1
23464,"GCAT",-1.51172309259452,0.493879704484344,0.00220662776974057,0.0148218469803434,-3.11712818283901,0.920981292717691,0.00071289125630838,0.0107925425153317,-1.51172309259452,0.493879704484344,0.00220662776974055,0.0146981953228453,-2.47970952607912,-0.543736659109921,0,0,0,1
23475,"QPRT",-1.47049197280911,0.401332197056349,0.00024828067599268,0.00247991557301572,-5.03575875748183,0.940103289855793,8.48018379758779e-08,4.38640124270907e-06,-1.47049197280911,0.401332197056349,0.000248280675992688,0.00245602960705019,-2.25708862487589,-0.683895320742334,0,0,0,1
23513,"SCRIB",-2.09379149511995,0.633774285440429,0.00095422505312906,0.00756552672789901,0.854654017184506,0.78817077731494,0.27820906201731,0.686105240926499,-2.09379149511995,0.633774285440429,0.000954225053129037,0.00750185382318049,-3.3359662689108,-0.851616721329101,0,0,0,1
23530,"NNT",-0.709205600385751,0.253647833422269,0.00517354507202571,0.0293395589125954,-1.97646441075725,0.740006928065798,0.00756542991253243,0.0666959704913892,-0.709205600385751,0.253647833422269,0.0051735450720257,0.0291009212374312,-1.20634621865001,-0.212064982121489,0,0,0,1
23576,"DDAH1",-1.12865410092319,0.262157310548751,1.66793411262855e-05,0.00025293621836148,-1.95553823612647,0.794440350214406,0.0138346079212556,0.102954793140463,-1.12865410092319,0.262157310548751,1.66793411262865e-05,0.000250431577289221,-1.64247298788262,-0.614835213963756,0,0,0,1
23598,"PATZ1",-0.583103272689785,0.217015127803266,0.00721132418834037,0.0382855756908252,-0.209573490815305,0.757236867386156,0.781963773128053,0.948799389738132,-0.583103272689785,0.217015127803266,0.00721132418834034,0.0379509305352821,-1.00844510728454,-0.157761438095027,0,0,0,1
23710,"GABARAPL1",-1.39748100333355,0.320122447779303,1.26856852515926e-05,0.00019919719038084,-2.56960439122408,0.740662157555144,0.00052175041910739,0.00834352602463818,-1.39748100333355,0.320122447779303,1.26856852515932e-05,0.000197051951897732,-2.02490947162379,-0.770052535043312,0,0,0,1
23731,"TMEM245",-0.656014256186136,0.24264584670433,0.00685954037523678,0.0366875807130747,-2.0098394376844,0.742831954238063,0.00681719138901625,0.0618902006980083,-0.656014256186136,0.24264584670433,0.0068595403752367,0.0363693208333922,-1.13159137672485,-0.180437135647422,0,0,0,1
23743,"BHMT2",-1.58585737458287,0.27263296099419,5.99769893952972e-09,2.33179660753841e-07,-1.94858391716127,0.8226740116358,0.0178556552080436,0.123348279320529,-1.58585737458287,0.27263296099419,5.99769893952959e-09,2.29735723868402e-07,-2.12020815913,-1.05150659003574,0,0,0,1
23767,"FLRT3",-1.41245718515761,0.225909281751417,4.04398970602164e-10,2.01817144456149e-08,0.251246793893654,0.78701589248506,0.749544680748276,0.94052255949838,-1.41245718515761,0.225909281751417,4.04398970602235e-10,1.9899676352664e-08,-1.8552312411637,-0.969683129151521,0,0,0,1
23768,"FLRT2",-0.856822466121176,0.269249138136887,0.0014612737799821,0.0106220981760987,1.00385414940145,0.953813209735402,0.29258667879848,0.701590355464625,-0.856822466121176,0.269249138136887,0.00146127377998209,0.0105247619527236,-1.38454107973792,-0.329103852504428,0,0,0,1
23779,"ARHGAP8",-1.44376412450384,0.409211213873507,0.00041845338867347,0.00381232327894079,-1.16324123613551,0.80829286511444,0.150112738564774,0.500345939858202,-1.44376412450384,0.409211213873507,0.000418453388673469,0.00377796735559391,-2.24580336576583,-0.641724883241849,0,0,0,1
23788,"MTCH2",-0.68360649148292,0.240066526181364,0.00440542583499423,0.0258818767805911,-1.02069851524582,0.778933089712171,0.190067240884738,0.566946583383873,-0.68360649148292,0.240066526181364,0.00440542583499422,0.025680223317435,-1.15412823669204,-0.213084746273805,0,0,0,1
25805,"BAMBI",-1.11560541907168,0.400043785607626,0.00529187072407125,0.0299363700812671,0.20110562165432,0.795664233076785,0.80045996352365,0.954025089316506,-1.11560541907168,0.400043785607626,0.00529187072407127,0.0296921735217033,-1.89967683110169,-0.33153400704167,0,0,0,1
25813,"SAMM50",-0.968922403345129,0.330955561417355,0.00341533097063347,0.0210282648007958,0.135843845765863,0.752846188775932,0.856806862783606,0.968496452035891,-0.968922403345129,0.330955561417355,0.00341533097063345,0.0208649331567969,-1.61758338420638,-0.32026142248388,0,0,0,1
25840,"TMT1A",-1.2248125995276,0.299994359073125,4.4499105179416e-05,0.00058778221316872,-0.991951918324121,0.715866947893458,0.165849158793706,0.528114393354308,-1.2248125995276,0.299994359073125,4.44991051794131e-05,0.000581377359625996,-1.8127907388761,-0.636834460179098,0,0,0,1
25845,"SLC9A3-OT1",-2.80994081652374,0.308694605274294,8.81492255442543e-20,2.1995635843079e-17,-2.94901789858523,0.729697381636957,5.31271687679439e-05,0.00126831655467517,-2.80994081652374,0.308694605274294,8.81492255442428e-20,2.16093819638732e-17,-3.41497112508316,-2.20491050796432,0,0,0,1
25847,"ANAPC13",-1.15744032994521,0.328390472281907,0.00042414574992261,0.00385495117346889,-0.406341817834429,0.74999310303625,0.587960375062367,0.884401089772671,-1.15744032994521,0.328390472281907,0.000424145749922614,0.00382014505424623,-1.80107382848385,-0.513806831406574,0,0,0,1
25849,"PARM1",-1.14754691029596,0.431622613685545,0.00784471636837196,0.0408013573194731,-3.0136565460075,0.729565372009031,3.61572179788522e-05,0.00089771676460382,-1.14754691029596,0.431622613685545,0.00784471636837211,0.0404372940851631,-1.99351168803267,-0.301582132559247,0,0,0,1
25864,"ABHD14A",-1.72293059963981,0.311501394124476,3.18314825799312e-08,1.06032831778392e-06,-2.00159929265751,0.761263262700261,0.00855576057663529,0.0730071239836206,-1.72293059963981,0.311501394124476,3.18314825799347e-08,1.04424301611985e-06,-2.3334621132578,-1.11239908602182,0,0,0,1
25874,"MPC2",-0.578919446168814,0.21875228294306,0.0081338817015032,0.0418557902030109,0.0935562282466883,0.723404039088909,0.897098301878648,0.978615533501547,-0.578919446168814,0.21875228294306,0.00813388170150336,0.0414941834965455,-1.00766604227313,-0.150172850064501,0,0,0,1
25878,"MXRA5",-1.01914206634389,0.356460809354072,0.00424901323332685,0.0251459498120646,1.95657094887338,1.09730452260823,0.0745748834386675,0.334260623575456,-1.01914206634389,0.356460809354072,0.0042490132333269,0.0249409862537861,-1.71779241457787,-0.320491718109911,0,0,0,1
25915,"NDUFAF3",-1.03918860632639,0.311773934546526,0.00085869310899464,0.00691590623699674,-0.86945264650872,0.719709219437466,0.227023795776552,0.621174170354162,-1.03918860632639,0.311773934546526,0.000858693108994675,0.00685886207853981,-1.65025428935593,-0.428122923296851,0,0,0,1
25928,"SOSTDC1",-3.95658766297534,0.788357203819567,5.20019309702598e-07,1.24818180110525e-05,-7.85891451846056,1.53328783980566,2.96700172923895e-07,1.34026905607319e-05,-3.95658766297534,0.788357203819567,5.20019309702605e-07,1.2327284912735e-05,-5.50173938941439,-2.41143593653629,0,0,0,1
25953,"PNKD",-0.897451910838153,0.207291492395059,1.4950263983569e-05,0.00023001953241087,-0.491447624849057,0.760857286776235,0.518335689672862,0.851478908373602,-0.897451910838153,0.207291492395059,1.4950263983569e-05,0.000227767694113515,-1.30373577023403,-0.491168051442279,0,0,0,1
25961,"NUDT13",-0.817755427383273,0.315120394866801,0.00945751974900425,0.0471467493771647,-2.55648827946736,1.02300058941111,0.0124540942128636,0.0960764387827074,-0.817755427383273,0.315120394866801,0.00945751974900417,0.0467433060028678,-1.43538005211624,-0.200130802650303,0,0,0,1
25983,"NGDN",-0.90816438966955,0.350539200526696,0.00957631000577299,0.0476523852499016,0.0754351634624601,0.769955209174416,0.921953380624151,0.985333633434102,-0.90816438966955,0.350539200526696,0.00957631000577289,0.0472438301528854,-1.59520859787134,-0.221120181467762,0,0,0,1
25994,"HIGD1A",-0.749628587145513,0.264073077506401,0.0045295388427861,0.0264187807388,-0.861488830761837,0.750611194790625,0.251085629803665,0.65452544250733,-0.749628587145513,0.264073077506401,0.00452953884278604,0.026211061037461,-1.26720230834471,-0.232054865946313,0,0,0,1
26007,"TKFC",-1.54433904794006,0.255222199163361,1.43986146323507e-09,6.49778483640039e-08,-3.04554872955311,0.738740396454847,3.74581201752792e-05,0.00092726829544683,-1.54433904794006,0.255222199163361,1.43986146323504e-09,6.40467957820301e-08,-2.04456536635536,-1.04411272952476,0,0,0,1
26009,"ZZZ3",-1.17609497978063,0.447255621082272,0.00854901089370213,0.0434704058929856,-0.852485726893131,0.787961921215845,0.279302760173686,0.687347277202761,-1.17609497978063,0.447255621082272,0.00854901089370223,0.0430902107961821,-2.05269988898498,-0.299490070576284,0,0,0,1
26027,"ACOT11",-0.793707951445713,0.275611501608727,0.00397918587471489,0.0238830979027743,-4.76413576501787,1.15020962547365,3.44332776742632e-05,0.00086234586948625,-0.793707951445713,0.275611501608727,0.00397918587471481,0.0236916027685458,-1.33389656832382,-0.253519334567605,0,0,0,1
26051,"PPP1R16B",-2.03635456903483,0.377113860942031,6.67003008882185e-08,2.01185698767013e-06,-2.6732566056822,0.809352872379544,0.00095671533141049,0.0137998049887616,-2.03635456903483,0.377113860942031,6.67003008882192e-08,1.98088140281026e-06,-2.77548415455206,-1.2972249835176,0,0,0,1
26061,"HACL1",-0.959951369270856,0.304746241242141,0.00163269161730894,0.0116947075970501,-1.31175559086768,0.769432010437098,0.0882249668429198,0.369732988077143,-0.959951369270856,0.304746241242141,0.00163269161730894,0.0115860953032508,-1.55724302652941,-0.362659712012305,0,0,0,1
26073,"POLDIP2",-1.0996014545922,0.249866494601358,1.07874415808687e-05,0.00017295192553252,-1.08965408761318,0.729104214880804,0.135042174070631,0.471729175118031,-1.0996014545922,0.249866494601358,1.07874415808693e-05,0.000171114205688071,-1.58933078495413,-0.609872124230266,0,0,0,1
26084,"ARHGEF26",-1.05746422172074,0.408703908383002,0.00967144352691022,0.0480096584375298,-2.59524260900329,1.44546696176285,0.0725843503645062,0.32885675257063,-1.05746422172074,0.408703908383002,0.00967144352691006,0.0475969379480147,-1.85850916249218,-0.256419280949298,0,0,0,1
26108,"PYGO1",-1.3777124235833,0.377491746637988,0.00026259875502309,0.00259433849273107,0.443680740992771,1.12908611985836,0.69435225708585,0.925821423860431,-1.3777124235833,0.377491746637988,0.000262598755023086,0.00256911176904919,-2.11758265145488,-0.637842195711725,0,0,0,1
26227,"PHGDH",-2.29399667672556,0.425553200136213,7.02140136331286e-08,2.1039675176879e-06,-2.37064927755349,0.743551520039647,0.00143122647097314,0.0192041028238902,-2.29399667672556,0.425553200136213,7.02140136331223e-08,2.07154386392864e-06,-3.1280656224983,-1.45992773095282,0,0,0,1
26228,"STAP1",-1.14218828321299,0.433556123356585,0.00842700768573663,0.0430414043465015,-4.28190836322445,1.27053278066306,0.00075122488308982,0.0112912805521995,-1.14218828321299,0.433556123356585,0.00842700768573682,0.042666670907544,-1.9919426702687,-0.292433896157278,0,0,0,1
26275,"HIBCH",-2.35095655487139,0.379785194424427,6.00776433492793e-10,2.9341835492011e-08,-3.1880059179207,0.733235674394854,1.37472427063008e-05,0.000388516088558,-2.35095655487139,0.379785194424427,6.00776433492779e-10,2.89295309027969e-08,-3.09532185780481,-1.60659125193797,0,0,0,1
26287,"ANKRD2",-4.89813494547637,0.732990125667371,2.35056573783509e-11,1.4663256448204e-09,-4.65099213450805,1.00165528149807,3.42877684145897e-06,0.00011446787068926,-4.89813494547637,0.732990125667371,2.35056573783499e-11,1.44057626560132e-09,-6.33476919280791,-3.46150069814483,0,0,0,1
26521,"TIMM8B",-1.34922460991099,0.465610907281271,0.00375848502749437,0.0228034697247271,1.06756472871282,0.721435307027428,0.138932267459624,0.479581023760214,-1.34922460991099,0.465610907281271,0.00375848502749427,0.0226230596543327,-2.2618052189913,-0.43664400083068,0,0,0,1
26872,"STEAP1",-1.7725431810671,0.667448272587527,0.00791437046483212,0.0410896045625697,0.651417696583198,0.853706011456577,0.445435446337354,0.808869069798213,-1.7725431810671,0.667448272587527,0.00791437046483221,0.0407218872827999,-3.08071775688213,-0.464368605252075,0,0,0,1
26999,"CYFIP2",-1.6743775217849,0.373505001884191,7.36428823669032e-06,0.00012586238077252,-0.52467608191624,0.712464180158841,0.461472395504715,0.819173379542795,-1.6743775217849,0.373505001884191,7.36428823669014e-06,0.000124426940219666,-2.40643387352348,-0.942321170046321,0,0,0,1
27018,"BEX3",-0.867305264261322,0.334891800323497,0.00960296411309316,0.0477503911188734,0.262985703142425,0.72497659077563,0.716791187060397,0.931266026649693,-0.867305264261322,0.334891800323497,0.00960296411309321,0.0473406819513111,-1.52368113161316,-0.210929396909489,0,0,0,1
27034,"ACAD8",-1.10532513849939,0.299293033373058,0.00022151927788781,0.00224861728530497,-1.86326368459708,0.748094368672836,0.0127498893542068,0.0974352009517335,-1.10532513849939,0.299293033373058,0.000221519277887809,0.00222559197001589,-1.69192870473433,-0.518721572264452,0,0,0,1
27068,"PPA2",-0.988590060340641,0.309145492900264,0.00138473136961076,0.0101898409203957,-0.64605797849102,0.750796264432027,0.389515103246226,0.768280665731787,-0.988590060340641,0.309145492900264,0.00138473136961074,0.0100975300467613,-1.59450409240804,-0.382676028273241,0,0,0,1
27069,"GHITM",-0.809719113542579,0.26611748240559,0.00234455853013025,0.0155668704729112,-1.32788794930917,0.712308902393858,0.0622932896417543,0.297572233238237,-0.809719113542579,0.26611748240559,0.00234455853013024,0.0154353919246807,-1.33129979471401,-0.288138432371151,0,0,0,1
27098,"CLUL1",-2.53729592346059,0.351388196336567,5.16912336405821e-13,4.63666987244019e-11,-3.76693468374001,1.38502959235647,0.00653312246943375,0.0598298357733553,-2.53729592346059,0.351388196336567,5.16912336405757e-13,4.5552477331757e-11,-3.22600413287275,-1.84858771404843,0,0,0,1
27109,"DMAC2L",-0.709905227170537,0.195767854117481,0.00028755532647945,0.00279688823572216,-1.0850781640267,0.811421327870942,0.181139037884742,0.554062627470413,-0.709905227170537,0.195767854117481,0.000287555326479454,0.00277134272117404,-1.09360317057149,-0.326207283769583,0,0,0,1
27115,"PDE7B",-1.69059801914331,0.374694821148853,6.4239408842497e-06,0.00011159767682967,-2.17615975275344,0.932322619812594,0.0195890530722349,0.132101410414745,-1.69059801914331,0.374694821148853,6.42394088425021e-06,0.000110336299289612,-2.42498637378874,-0.956209664497881,0,0,0,1
27124,"INPP5J",-2.88364295743575,0.494633349089366,5.5474044171269e-09,2.17521652058999e-07,-5.60084502488811,0.906583935941729,6.49325604887165e-10,5.33433716289412e-08,-2.88364295743575,0.494633349089366,5.54740441712652e-09,2.14314194143601e-07,-3.85310650720334,-1.91417940766816,0,0,0,1
27134,"TJP3",-2.42878629232083,0.562351885525013,1.56752306057551e-05,0.00023956221028216,-3.17402010194087,0.909547789474338,0.00048362039638035,0.00784607378793645,-2.42878629232083,0.562351885525013,1.56752306057547e-05,0.000237204415552628,-3.53097573458805,-1.32659685005361,0,0,0,1
27151,"CPAMD8",-1.09654174177351,0.402844504423129,0.00648886295218143,0.0351155974588872,-0.900876480465831,0.923735873681474,0.329434617739114,0.730755456477082,-1.09654174177351,0.402844504423129,0.00648886295218144,0.034814699237669,-1.88610246181273,-0.306981021734291,0,0,0,1
27254,"CSDC2",-3.43290043250561,0.589661324545084,5.82112039194574e-09,2.26957546190521e-07,-7.93531433417892,1.28337666563424,6.28337442492743e-10,5.18734344765314e-08,-3.43290043250561,0.589661324545084,5.82112039194574e-09,2.23607311238189e-07,-4.58861539169016,-2.27718547332106,0,0,0,1
27283,"TINAG",-2.18869313950334,0.565484758399862,0.0001086246635046,0.00124499679365159,-3.41891406946529,1.02380122447293,0.00083950049104311,0.012461637492818,-2.18869313950334,0.565484758399862,0.000108624663504605,0.00123239242869133,-3.2970228997734,-1.08036337923328,0,0,0,1
27284,"SULT1B1",-1.35711765602148,0.452762035241196,0.00272275949010726,0.0175597515236053,-1.36046118700564,1.40622896934831,0.333317358807357,0.730755456477082,-1.35711765602148,0.452762035241196,0.00272275949010727,0.0174150693572658,-2.24451493866128,-0.469720373381681,0,0,0,1
27294,"DHDH",-2.1816506837169,0.680088976143297,0.00133712590479096,0.00989790502554001,-3.38980604997088,0.806837887860951,2.65331377581644e-05,0.00068200744737588,-2.1816506837169,0.680088976143297,0.00133712590479093,0.00980874242344727,-3.51460058324048,-0.848700784193318,0,0,0,1
27324,"TOX3",-1.79577657595846,0.525930435344568,0.00063904945166874,0.00541377449055667,-2.67537134136616,0.974437737466299,0.00604088413095016,0.0565420315379376,-1.79577657595846,0.525930435344568,0.000639049451668736,0.00536841355566952,-2.82658128760728,-0.764971864309635,0,0,0,1
27344,"PCSK1N",-4.18534933959056,0.542592534731117,1.22304065419218e-14,1.48539910956934e-12,-3.05734351604539,0.728933863960253,2.73754938909055e-05,0.00070150749559279,-4.18534933959056,0.542592534731117,1.22304065419213e-14,1.45931479119226e-12,-5.24881116594385,-3.12188751323727,0,0,0,1
27346,"TMEM97",-0.894266873192445,0.322070796846712,0.00549280593719772,0.0308316027329658,0.821372112171869,0.788136221314767,0.297332759579428,0.706066001216,-0.894266873192445,0.322070796846712,0.00549280593719776,0.0305778292531946,-1.52551403548412,-0.263019710900773,0,0,0,1
27443,"CECR2",-1.01925846229504,0.373331412774605,0.00633015504426155,0.0344742253283514,-3.73230266715542,1.55507897989423,0.0163918142071177,0.1155940843508,-1.01925846229504,0.373331412774605,0.0063301550442618,0.0341808091556996,-1.75097458563072,-0.287542338959358,0,0,0,1
28512,"NKIRAS1",-0.770080794886559,0.277671691307999,0.00554824060524564,0.0311300302806178,-1.34505319833667,0.855648273042044,0.115957567774563,0.433586095121353,-0.770080794886559,0.277671691307999,0.00554824060524571,0.0308736805945225,-1.31430730937656,-0.225854280396557,0,0,0,1
28970,"BKGD",-1.93953838903148,0.426386962420902,5.39590766746991e-06,9.62983573840794e-05,-3.61301812072317,0.773389231438619,2.98762844757972e-06,0.0001030240023724,-1.93953838903148,0.426386962420902,5.39590766747005e-06,9.51019909549002e-05,-2.77524147885388,-1.10383529920908,0,0,0,1
28992,"MACROD1",-1.67593562085347,0.314085506439986,9.50605010816323e-08,2.78168511054227e-06,-1.9942283942754,0.915572460532426,0.0293969652417139,0.17732534288605,-1.67593562085347,0.314085506439986,9.50605010816258e-08,2.73867678650334e-06,-2.29153190154187,-1.06033934016507,0,0,0,1
28999,"KLF15",-2.21467438005737,0.478299344662067,3.65118161863108e-06,6.89254697855475e-05,-3.3260031227707,0.759097542841989,1.17852757254557e-05,0.00034349467110071,-2.21467438005737,0.478299344662067,3.65118161863113e-06,6.80897396459247e-05,-3.15212386942413,-1.27722489069061,0,0,0,1
29098,"RANGRF",-0.895600102310783,0.214003529936406,2.85193500210723e-05,0.00040061367419569,-0.316831713994499,0.849410290800427,0.709146975838263,0.93038371840136,-0.895600102310783,0.214003529936406,2.85193500210714e-05,0.000396418965292892,-1.31503931355058,-0.476160891070988,0,0,0,1
29763,"PACSIN3",-1.52389975891825,0.440298736324553,0.00053805553529811,0.00470935852450973,-1.66210207211469,0.844518523935726,0.0490558292891675,0.253742791067024,-1.52389975891825,0.440298736324553,0.000538055535298128,0.00467134757400172,-2.38686942455287,-0.660930093283628,0,0,0,1
29842,"TFCP2L1",-3.33933728407761,0.410442870876725,4.08764808556417e-16,6.30324520520029e-14,-5.34042393583889,0.873500474912469,9.72745364090339e-10,7.65363359473709e-08,-3.33933728407761,0.410442870876725,4.08764808556381e-16,6.19255720647829e-14,-4.14379052870721,-2.53488403944801,0,0,0,1
29915,"HCFC2",-1.72756148549593,0.569316376250559,0.00240975526930706,0.0159457479826278,-0.309564212218449,0.862191355964642,0.719562538842802,0.93197338868451,-1.72756148549593,0.569316376250559,0.00240975526930704,0.0158105743533172,-2.84340107875588,-0.61172189223598,0,0,0,1
29946,"SERTAD3",-1.06633627092611,0.397482218093657,0.00730245785079957,0.0386796339422514,0.782900229217145,0.832216820434675,0.34683775944635,0.73562192450526,-1.06633627092611,0.397482218093657,0.00730245785079971,0.0383407473529332,-1.84538710288477,-0.287285438967447,0,0,0,1
29958,"DMGDH",-1.30402687414593,0.262370578987417,6.6893574878529e-07,1.55075577978536e-05,-3.13001938702626,0.875237099020725,0.00034863034420419,0.00602961397163885,-1.30402687414593,0.262370578987417,6.68935748785211e-07,1.53128365040255e-05,-1.81826375956419,-0.789789988727671,0,0,0,1
29968,"PSAT1",-2.22450703438912,0.481702147344507,3.87430995754133e-06,7.25389220426975e-05,-4.15691661043005,0.949226145752183,1.19078084111629e-05,0.00034586301761296,-2.22450703438912,0.481702147344507,3.8743099575414e-06,7.16561332750764e-05,-3.16862589445996,-1.28038817431828,0,0,0,1
50486,"G0S2",-1.65599445961282,0.37701515260196,1.12115634480309e-05,0.00017808738051015,-0.0469134130529273,0.896557991563086,0.958268830407164,0.992601779777726,-1.65599445961282,0.37701515260196,1.12115634480308e-05,0.000176183578053379,-2.39493058033853,-0.917058338887106,0,0,0,1
50507,"NOX4",-1.41071890548788,0.526624361578304,0.00738875313899785,0.0390763961771123,-3.49269785782574,0.805476500314184,1.44974697047557e-05,0.00040629280063879,-1.41071890548788,0.526624361578304,0.00738875313899803,0.0387334986676168,-2.44288368756275,-0.378554123413005,0,0,0,1
50617,"ATP6V0A4",-5.45369549281442,0.577889089244166,3.82617301559605e-21,1.25024758252477e-18,-8.12492180242737,0.889270249612946,6.44364197908568e-20,2.73351483833666e-17,-5.45369549281442,0.577889089244166,3.82617301559598e-21,1.22829263736382e-18,-6.58633729479164,-4.3210536908372,0,0,0,1
50808,"AK3",-0.924849723141963,0.286544471786952,0.00124835248176506,0.00939790974204264,-1.5287491995743,0.749447115053937,0.0413666636658171,0.224976278440964,-0.924849723141963,0.286544471786952,0.00124835248176508,0.00931463005624713,-1.48646656781344,-0.363232878470483,0,0,0,1
50855,"PARD6A",-1.08910804430653,0.364361954643234,0.00279816310280599,0.017928100104066,-1.60371697341808,0.976583274857073,0.100554519869643,0.399272670065654,-1.08910804430653,0.364361954643234,0.00279816310280603,0.0177792804501101,-1.80324435274389,-0.374971735869175,0,0,0,1
51069,"MRPL2",-0.649122469054541,0.221054674910735,0.00331961013160966,0.0205217700208158,-0.591055996671768,0.826731302525027,0.474651561025342,0.826644387773376,-0.649122469054541,0.221054674910735,0.0033196101316096,0.0203631953614615,-1.08238167049379,-0.21586326761529,0,0,0,1
51084,"CRYL1",-1.35276433352194,0.212906052693457,2.10048005427125e-10,1.11732512654336e-08,-2.33935922113406,0.714454212226759,0.00105912656140317,0.0150550483821508,-1.35276433352194,0.212906052693457,2.10048005427089e-10,1.10197558644881e-08,-1.7700525288917,-0.935476138152177,0,0,0,1
51086,"TNNI3K",-1.22238301589859,0.431422977172356,0.00460593386303797,0.0267960306639818,-1.85908356737972,1.2109641066483,0.124732382289848,0.450515085085249,-1.22238301589859,0.431422977172356,0.00460593386303782,0.0265846773438951,-2.06795651325945,-0.376809518537726,0,0,0,1
51097,"SCCPDH",-0.914902560549335,0.283840935284742,0.00126725760251256,0.00950893566806034,-0.601628842078242,0.746669596249627,0.4203871561785,0.793118130180737,-0.914902560549335,0.283840935284742,0.00126725760251255,0.00942439837544221,-1.47122057104559,-0.358584550053077,0,0,0,1
51109,"RDH11",-0.917288793400602,0.295681970993514,0.00192035067122212,0.0132710656854351,-2.19431357489008,0.765985742387404,0.00417414424339114,0.0430523433044667,-0.917288793400602,0.295681970993514,0.00192035067122212,0.0131572696061988,-1.49681480742571,-0.337762779375498,0,0,0,1
51115,"RMDN1",-0.722732966336089,0.235676029846373,0.00216481169244353,0.0146118817719754,-1.19067117234705,0.760658110890717,0.117508568122284,0.436785525435862,-0.722732966336089,0.235676029846373,0.00216481169244351,0.0144906501996021,-1.18464949685437,-0.260816435817811,0,0,0,1
51179,"HAO2",-5.34125928582507,0.763041300407106,2.56033909221283e-12,1.93837337365346e-10,-7.35989237803904,0.734321445166708,1.21132590203695e-23,8.45858783009885e-21,-5.34125928582507,0.763041300407106,2.5603390922128e-12,1.90433461067982e-10,-6.83679275333961,-3.84572581831053,0,0,0,1
51181,"DCXR",-2.87875935637493,0.412479168772852,2.96943784807398e-12,2.20284135280905e-10,-3.10340405553488,0.902511577138934,0.00058466413455606,0.00922635238326284,-2.87875935637493,0.412479168772852,2.96943784807398e-12,2.16415840570711e-10,-3.68720367154274,-2.07031504120712,0,0,0,1
51201,"ZDHHC2",-0.904388014443034,0.241097872038037,0.00017604360275679,0.00185958408601076,-1.95339302468112,0.863529536461225,0.0236910210130134,0.151898744436597,-0.904388014443034,0.241097872038037,0.000176043602756791,0.00184109114012843,-1.37693116038683,-0.431844868499235,0,0,0,1
51218,"GLRX5",-1.10018159135548,0.369726830948441,0.00292358153387826,0.0185841746044211,-1.62065172178277,0.753840388157548,0.0315662458628334,0.186012206193821,-1.10018159135548,0.369726830948441,0.00292358153387817,0.0184285412909207,-1.82483286413255,-0.375530318578407,0,0,0,1
51250,"MTRES1",-0.90090144398846,0.3286007897143,0.006113535556627,0.0334680829491075,-0.746796649415515,0.786020354730347,0.342062276803738,0.731668372297874,-0.90090144398846,0.3286007897143,0.00611353555662699,0.0331848152613875,-1.54494715711991,-0.256855730857012,0,0,0,1
51268,"PIPOX",-1.12099180656732,0.385325322628916,0.00362344808266363,0.0221014228828781,-3.71546048257974,0.873793472852603,2.11771725999767e-05,0.00055959800367027,-1.12099180656732,0.385325322628916,0.00362344808266352,0.0219277156636231,-1.87621556125127,-0.365768051883368,0,0,0,1
51292,"GMPR2",-0.502988407618481,0.184205822858596,0.00632233281952341,0.0344589736358774,-0.704629115523619,0.782452611961827,0.367833464870224,0.750847564672668,-0.502988407618481,0.184205822858596,0.0063223328195233,0.0341659372367265,-0.864025186163894,-0.141951629073068,0,0,0,1
51302,"CYP39A1",-2.36766111692484,0.457127453015579,2.22561063709358e-07,5.96346966942306e-06,-4.95794665631016,1.29276858618602,0.00012549352680869,0.00258054725863429,-2.36766111692484,0.457127453015579,2.22561063709346e-07,5.89321151676518e-06,-3.2636144611799,-1.47170777266978,0,0,0,1
51310,"SLC22A17",-3.25336946767946,0.731334371029708,8.64563546956468e-06,0.00014347364109347,-1.34933353231149,0.756106982595787,0.0743294392526734,0.333785389184232,-3.25336946767946,0.731334371029708,8.64563546956468e-06,0.000141811560871217,-4.68675849555394,-1.81998043980498,0,0,0,1
51368,"TEX264",-0.757229940175617,0.235192314288354,0.00128360507937401,0.00957401962463529,-1.38059753336497,0.778422523862407,0.0761320287471079,0.338114402379654,-0.757229940175617,0.235192314288354,0.00128360507937403,0.00948840311688601,-1.21819840562142,-0.296261474729818,0,0,0,1
51399,"TRAPPC4",-0.608314479621788,0.234330835437889,0.00943258694265743,0.0470566423849621,-0.240381298481573,0.744367293001003,0.746745438952689,0.940248445635471,-0.608314479621788,0.234330835437889,0.00943258694265756,0.0466542809053015,-1.06759447754723,-0.149034481696343,0,0,0,1
51449,"PCYOX1",-0.81177564545987,0.28284869068566,0.0041047224328878,0.0244820559187102,-2.32753020959208,0.728086534815634,0.00138972372572621,0.0187912090755925,-0.81177564545987,0.28284869068566,0.00410472243288781,0.0242843231955359,-1.36614889227807,-0.257402398641667,0,0,0,1
51458,"RHCG",-4.39186892322216,0.555466842937788,2.64457312290483e-15,3.52370112026659e-13,-7.54406972345984,0.863337899525157,2.36731361135397e-18,8.09669567605737e-16,-4.39186892322216,0.555466842937788,2.6445731229046e-15,3.46182324428376e-13,-5.48056392998639,-3.30317391645793,0,0,0,1
51473,"DCDC2",-1.14689272715807,0.390056098387702,0.0032786535533941,0.0203392513874974,-2.56257367458052,0.823446074019221,0.00185817243158079,0.0234478127272653,-1.14689272715807,0.390056098387702,0.00327865355339421,0.0201734313206236,-1.91138863194818,-0.382396822367962,0,0,0,1
51495,"HACD3",-0.90374763302538,0.249603581315909,0.00029377088078535,0.00284655835833954,-1.47241118453766,0.733887900857499,0.0448225226839921,0.238243151811298,-0.90374763302538,0.249603581315909,0.000293770880785355,0.0028204567405393,-1.39296166281678,-0.414533603233984,0,0,0,1
51557,"LGSN",-1.36973053663224,0.395893343726316,0.0005404816888892,0.00472360392604022,-3.05727012689074,1.67633197065787,0.0681844901006458,0.316447344186098,-1.36973053663224,0.395893343726316,0.000540481688889192,0.00468539157639572,-2.14566723205496,-0.593793841209525,0,0,0,1
51574,"LARP7",-0.977057383350514,0.355008725003942,0.00591951491719202,0.0327314354244735,-0.491636154670924,0.759460615112624,0.517406022895654,0.850952653357043,-0.977057383350514,0.355008725003942,0.00591951491719205,0.0324574296984548,-1.67286169855572,-0.281253068145304,0,0,0,1
51606,"ATP6V1H",-0.906861964669456,0.317932143318616,0.00433937605327498,0.0255890885872206,-0.316749479092284,0.740924198444107,0.669010876124895,0.915928571247771,-0.906861964669456,0.317932143318616,0.00433937605327493,0.0253905839493699,-1.52999751510157,-0.283726414237342,0,0,0,1
51629,"SLC25A39",-0.786172530889874,0.206898893583832,0.00014481823470156,0.00157987714868381,-0.372449170884831,0.721310951445969,0.605609727782398,0.894536702618122,-0.786172530889874,0.206898893583832,0.00014481823470156,0.00156457071993681,-1.19168691075537,-0.380658151024378,0,0,0,1
51655,"RASD1",-2.10410156136687,0.592447361363245,0.00038298117153703,0.00353465608485155,-2.70173897611253,0.871786499545294,0.00194120437349466,0.0242238600859248,-2.10410156136687,0.592447361363245,0.000382981171537034,0.00350321243950735,-3.26527705237462,-0.942926070359123,0,0,0,1
51660,"MPC1",-1.37317997357299,0.220132020628301,4.43246609808552e-10,2.18817139316999e-08,-1.81808846621249,0.732350526961437,0.0130449926538728,0.0987894405270013,-1.37317997357299,0.220132020628301,4.43246609808554e-10,2.1575068736638e-08,-1.80463080584849,-0.941729141297492,0,0,0,1
51705,"EMCN",-1.29276453191006,0.412057086841245,0.0017048639068951,0.012048173150478,-2.36085696067609,0.740700675543469,0.00143593192233435,0.0192210727527167,-1.29276453191006,0.412057086841245,0.00170486390689507,0.0119411324969695,-2.10038158169339,-0.485147482126727,0,0,0,1
51710,"ZNF44",-1.58278327231343,0.340647193129027,3.3777701421707e-06,6.46534413265701e-05,-1.38705484384841,0.809223954293395,0.0865185165770145,0.36513820682805,-1.58278327231343,0.340647193129027,3.37777014217083e-06,6.38744387473904e-05,-2.25043950228098,-0.915127042345877,0,0,0,1
51733,"UPB1",-1.60003366465864,0.416789502309413,0.00012356206443632,0.00138883355636698,-1.44336179937862,0.766484342471168,0.0596876774091703,0.288855265867827,-1.60003366465864,0.416789502309413,0.000123562064436315,0.00137457699240498,-2.41692607831946,-0.783141250997817,0,0,0,1
51734,"MSRB1",-1.23779456758774,0.402984812099256,0.00212938870021571,0.0144172326205034,-0.39989617223806,0.729915847160341,0.583783825147066,0.883056503712273,-1.23779456758774,0.402984812099256,0.00212938870021569,0.0142980815961196,-2.02763028561892,-0.447958849556557,0,0,0,1
51759,"C9orf78",-0.579641851406591,0.223457824080681,0.00948760499504052,0.0472623923600494,-1.8149839005348,0.739979517167538,0.0141769286936615,0.104327299499159,-0.579641851406591,0.223457824080681,0.00948760499504043,0.0468576476733077,-1.01761113866841,-0.141672564144769,0,0,0,1
53343,"NUDT9",-1.3077633523829,0.325542220655016,5.88974655440795e-05,0.0007436143671821,-1.44165032856516,0.760636615540129,0.0580499263681118,0.28346699184242,-1.3077633523829,0.325542220655016,5.88974655440777e-05,0.000735291229565555,-1.94581438031392,-0.669712324451877,0,0,0,1
53354,"PANK1",-1.60828117523033,0.266658737141063,1.62712629880509e-09,7.22675771029162e-08,-3.18275220244484,0.84729396621807,0.00017239367309166,0.00336338249981753,-1.60828117523033,0.266658737141063,1.62712629880513e-09,7.12290385934726e-08,-2.13092269618975,-1.08563965427091,0,0,0,1
53358,"SHC3",-1.29118044857425,0.397487290503016,0.0011607371520245,0.00884015353739412,-0.372939581111314,1.15812411904774,0.747437247210333,0.940319396117269,-1.29118044857425,0.397487290503016,0.00116073715202452,0.00876272061631948,-2.07024122227257,-0.512119674875929,0,0,0,1
53373,"TPCN1",-0.822934849257145,0.266669535525905,0.002028875957413,0.0138805053038564,-1.43978294271497,0.736589999338492,0.050623224801011,0.259210089960325,-0.822934849257145,0.266669535525905,0.00202887595741298,0.0137671537663811,-1.34559753466194,-0.300272163852347,0,0,0,1
53405,"CLIC5",-4.43587010216261,0.597434945860206,1.12900309535638e-13,1.09889634614688e-11,-5.78779968610261,0.840602582383827,5.76664931701043e-12,7.60970676407699e-10,-4.43587010216261,0.597434945860206,1.12900309535632e-13,1.07959920104179e-11,-5.60682107915425,-3.26491912517097,0,0,0,1
54033,"RBM11",-1.7841469528151,0.504250018380629,0.00040283592598837,0.00369306629810588,-0.0560269723697403,1.51863610174727,0.970570357542159,0.994680010056096,-1.7841469528151,0.504250018380629,0.000402835925988387,0.00365999783699557,-2.77245882804479,-0.795835077585407,0,0,0,1
54039,"PCBP3",-2.71643478432518,0.668218889573976,4.79939522870107e-05,0.00062850095533104,1.80757093871465,1.54857999540968,0.24311178643896,0.644459706060146,-2.71643478432518,0.668218889573976,4.79939522870105e-05,0.000621616194702942,-4.02611974167952,-1.40674982697084,0,0,0,1
54097,"FAM3B",-3.20837730289117,0.530907621167631,1.51093584606075e-09,6.75442460955627e-08,-2.92356842357093,0.84244946677128,0.00051984049834031,0.00832119205760684,-3.20837730289117,0.530907621167631,1.51093584606072e-09,6.6574993504695e-08,-4.24893711949756,-2.16781748628478,0,0,0,1
54414,"SIAE",-0.93076580249941,0.348890765416694,0.00763529368194252,0.0400561049277443,-1.16747660803736,0.72216257996163,0.105956103593007,0.410940616445154,-0.93076580249941,0.348890765416694,0.00763529368194246,0.0397017603986233,-1.61457913725474,-0.246952467744077,0,0,0,1
54502,"RBM47",-0.777849482953425,0.217314659327982,0.0003444240730295,0.00325991446776338,-1.65302201121116,1.04783296052486,0.114666147311327,0.43092147002092,-0.777849482953425,0.217314659327982,0.000344424073029499,0.00322939483773069,-1.20377838854886,-0.351920577357989,0,0,0,1
54532,"USP53",-0.918627966377043,0.28027051182795,0.00104675993450472,0.00815347699171511,-1.84917281074856,0.816574797903416,0.023540432130359,0.151212764305361,-0.918627966377043,0.28027051182795,0.00104675993450474,0.00808370283144253,-1.46794807548843,-0.369307857265654,0,0,0,1
54566,"EPB41L4B",-1.57409471999292,0.276250526330422,1.21171601928278e-08,4.39936260545947e-07,-4.18549680288103,1.14619114459792,0.00026055383467406,0.00472578107716738,-1.57409471999292,0.276250526330422,1.21171601928287e-08,4.33357217188089e-07,-2.11553580231078,-1.03265363767506,0,0,0,1
54623,"PAF1",-0.774792036649652,0.290809893401096,0.0077158792833581,0.04030937468017,0.213790873395212,0.735640876612928,0.771343083239997,0.947175231262847,-0.774792036649652,0.290809893401096,0.00771587928335814,0.0399513058285399,-1.34476895406373,-0.204815119235572,0,0,0,1
54657,"UGT1A4",-2.25341204062548,0.792921426112479,0.00448440230307612,0.0262191311162327,-6.98079982361302,1.60811642975555,1.41849212134797e-05,0.00039886760841729,-2.25341204062548,0.792921426112479,0.0044844023030761,0.0260135279938045,-3.80750947837608,-0.699314602874884,0,0,0,1
54658,"UGT1A1",-1.07257705689478,0.393043972710903,0.00635462845419797,0.0345741364441144,-2.65724537037996,0.938576928195321,0.00463819992133006,0.0464888641665091,-1.07257705689478,0.393043972710903,0.00635462845419806,0.0342794944642534,-1.84292908774869,-0.302225026040866,0,0,0,1
54662,"TBC1D13",-1.56699046902168,0.317296612575821,7.86988809619165e-07,1.78818450715454e-05,-2.0917834675413,0.77325261702318,0.00682684622681609,0.0619442966514406,-1.56699046902168,0.317296612575821,7.86988809619158e-07,1.76555243262814e-05,-2.18888040208685,-0.945100535956512,0,0,0,1
54681,"P4HTM",-0.811592803820951,0.27343264147932,0.00299584864347999,0.0189644957486713,-0.698886415915884,0.778798287857754,0.369510421823958,0.752445341354522,-0.811592803820951,0.27343264147932,0.00299584864348001,0.0188049475139855,-1.34751093331807,-0.275674674323831,0,0,0,1
54756,"IL17RD",-0.933039826167527,0.350679199668282,0.007798653687251,0.04060270227763,-3.46192369938375,0.85773028914362,5.4336673625457e-05,0.00128888046927611,-0.933039826167527,0.350679199668282,0.00779865368725098,0.0402408142614638,-1.62035842764469,-0.245721224690364,0,0,0,1
54762,"GRAMD1C",-1.05428232076663,0.26217188493178,5.78679772428145e-05,0.00073406576809282,-2.59856696767687,0.815652527119217,0.00144316953270391,0.0192871436990309,-1.05428232076663,0.26217188493178,5.78679772428182e-05,0.000725871247029035,-1.5681297729919,-0.540434868541362,0,0,0,1
54806,"AHI1",-0.6674782304886,0.225834613945266,0.00312055040737765,0.0195733244016686,-0.447871690674083,0.870969877952951,0.607096934132317,0.895488741585242,-0.6674782304886,0.225834613945266,0.00312055040737766,0.0194070023720817,-1.11010594028383,-0.224850520693372,0,0,0,1
54810,"GIPC2",-1.498041026421,0.46816831803709,0.00137527015019037,0.010125647822539,-2.09230554376853,0.731415250099551,0.00422805390937856,0.0434978241051414,-1.498041026421,0.46816831803709,0.00137527015019039,0.0100339650622386,-2.41563406847639,-0.58044798436561,0,0,0,1
54836,"BSPRY",-2.21257505617743,0.546529335195401,5.1566663126497e-05,0.00066622759384196,-4.52810871074478,1.11029529386819,4.53677128883725e-05,0.00109555835777555,-2.21257505617743,0.546529335195401,5.15666631264986e-05,0.000658867048227089,-3.28375286965503,-1.14139724269983,0,0,0,1
54845,"ESRP1",-2.49374323437259,0.385126407210958,9.47308648852547e-11,5.30647505993974e-09,-3.19553724444499,1.0810929258771,0.0031181924272622,0.0347689866190866,-2.49374323437259,0.385126407210958,9.4730864885262e-11,5.23465676740978e-09,-3.24857712200137,-1.73890934674381,0,0,0,1
54852,"PAQR5",-1.26900494405294,0.279779980820902,5.74060472050988e-06,0.00010191986957862,-3.23797975134763,0.804805704548782,5.73868172086586e-05,0.00135266620196893,-1.26900494405294,0.279779980820902,5.74060472050961e-06,0.000100781996675301,-1.81736363005722,-0.720646258048665,0,0,0,1
54858,"PGPEP1",-0.801306269108362,0.264319678225934,0.00243277386874645,0.0160516291224405,0.327363617042364,0.897969259232483,0.715439924741847,0.931266026649693,-0.801306269108362,0.264319678225934,0.00243277386874643,0.0159151334654576,-1.31936331883641,-0.283249219380316,0,0,0,1
54886,"PLPPR1",-3.81810434872957,0.377427193825857,4.68555506259525e-24,2.29659134568061e-21,-8.85788782598798,1.3996067473033,2.47010319697969e-10,2.29980330434347e-08,-3.81810434872957,0.377427193825857,4.68555506259499e-24,2.25626210389173e-21,-4.55784805541427,-3.07836064204487,0,0,0,1
54893,"MTMR10",-0.84455773873049,0.31617851857779,0.00755936474101566,0.0397489355194249,-1.38413899938627,0.846619782214398,0.102069933875312,0.401667614623933,-0.84455773873049,0.31617851857779,0.00755936474101563,0.0393981116363022,-1.46425624782819,-0.224859229632793,0,0,0,1
54894,"RNF43",-1.73231177990087,0.278831992207774,5.20672473666296e-10,2.56118603175492e-08,-2.73175109404119,1.00439197568942,0.00653202712993249,0.0598298357733553,-1.73231177990087,0.278831992207774,5.2067247366626e-10,2.52526149728136e-08,-2.27881244236566,-1.18581111743608,0,0,0,1
54897,"CASZ1",-1.49236518865309,0.352807586217355,2.33723411880293e-05,0.0003383565511229,-2.8013606304564,0.987077356497991,0.00453921264045615,0.0458821861528375,-1.49236518865309,0.352807586217355,2.33723411880302e-05,0.000334887647436994,-2.18385535111162,-0.800875026194564,0,0,0,1
54899,"PXK",-0.751219642888604,0.278218053776856,0.00693163334536926,0.0370298700007193,-1.69884220287994,0.859551702591739,0.0481063031032395,0.250766262428364,-0.751219642888604,0.278218053776856,0.00693163334536918,0.0367082531011833,-1.29651700814007,-0.205922277637138,0,0,0,1
54931,"TRMT10C",-1.76110555306122,0.568577055925712,0.00195232066290269,0.0134304003898128,-0.0859630124584697,0.789737374393421,0.913321365437345,0.982751381275407,-1.76110555306122,0.568577055925712,0.00195232066290272,0.0133214268714157,-2.87549610511143,-0.646715001011009,0,0,0,1
54951,"COMMD8",-0.793663270963754,0.268798157358202,0.00315072658657205,0.0197338426320746,-1.25597835128097,0.761535732885047,0.0990922486062042,0.395920414675076,-0.793663270963754,0.268798157358202,0.00315072658657202,0.0195658272443545,-1.32049797849656,-0.266828563430948,0,0,0,1
54996,"MTARC2",-1.01663022920845,0.345585073911397,0.0032634701046802,0.0202660016817335,-2.87622076570824,0.734481481964545,9.00346775579019e-05,0.00197240674665736,-1.01663022920845,0.345585073911397,0.00326347010468013,0.0201011271911385,-1.6939645276694,-0.339295930747499,0,0,0,1
55020,"TTC38",-1.23401084682857,0.344257718195564,0.00033765295082933,0.00320466742543694,-1.31864366146635,0.717234508746002,0.0659871162804045,0.30974355593851,-1.23401084682857,0.344257718195564,0.000337652950829341,0.00317473830964575,-1.90874357589181,-0.559278117765325,0,0,0,1
55022,"PID1",-1.4741286719677,0.39544978774183,0.00019321485423079,0.00200884898444202,-1.62280086826887,0.946043377707793,0.086280038410648,0.364415520532744,-1.4741286719677,0.39544978774183,0.000193214854230799,0.00198863807602585,-2.2491960136357,-0.699061330299704,0,0,0,1
55061,"SUSD4",-3.913097275376,0.428753603029287,7.06315998839943e-20,1.82895863548668e-17,-1.54231336319585,0.905206947467938,0.0884139643395095,0.370199916529617,-3.913097275376,0.428753603029287,7.06315998839804e-20,1.79684124761454e-17,-4.75343889555519,-3.07275565519681,0,0,0,1
55081,"IFT57",-1.1744997365874,0.326666098176118,0.00032387659021117,0.00309101691520037,-0.23668202754416,0.78135919740281,0.761957949856723,0.945340041578977,-1.1744997365874,0.326666098176118,0.000323876590211171,0.00306229177126032,-1.81475352398282,-0.534245949191983,0,0,0,1
55083,"KIF26B",-1.44931705532404,0.363701535651904,6.75063560499018e-05,0.0008323964334491,1.20542652735158,1.07102851163541,0.260383568833543,0.665309990864666,-1.44931705532404,0.363701535651904,6.7506356049899e-05,0.000822954971628199,-2.16215896632368,-0.736475144324398,0,0,0,1
55084,"SOBP",-0.981116103647484,0.3573041354941,0.00603478939911233,0.0331816705582602,-1.16453523672491,0.932659951036603,0.211805126101114,0.599095714485835,-0.981116103647484,0.3573041354941,0.00603478939911234,0.0329021696191798,-1.68141934074314,-0.280812866551828,0,0,0,1
55088,"CCDC186",-0.801062196760192,0.228612351006025,0.00045829133944908,0.00410815829039791,-1.71531257141495,0.864405216648813,0.0472129593960956,0.247495147488009,-0.801062196760192,0.228612351006025,0.000458291339449087,0.00407058111316998,-1.24913417115303,-0.352990222367354,0,0,0,1
55160,"ARHGEF10L",-1.09086718306523,0.321650908544089,0.00069520527218602,0.005814135987496,-1.10411802028462,0.748439765200237,0.140151714858196,0.48184948871195,-1.09086718306523,0.321650908544089,0.000695205272186042,0.00576473104851439,-1.72129137940623,-0.460442986724229,0,0,0,1
55170,"PRMT6",-0.929869436463331,0.272103579807414,0.00063237114935908,0.00536809447876387,-1.08967970150192,0.838688099500597,0.193852343656839,0.572475659831131,-0.929869436463331,0.272103579807414,0.000632371149359082,0.00532320858740814,-1.46318265295028,-0.396556219976379,0,0,0,1
55175,"KLHL11",-1.23507293078567,0.304813389863273,5.0803695798188e-05,0.00065900748689445,-2.91993004872174,1.86662629685244,0.117751340802883,0.437039457980828,-1.23507293078567,0.304813389863273,5.08036957981924e-05,0.000651747126971483,-1.83249619692325,-0.637649664648089,0,0,0,1
55203,"LGI2",-1.56517582066434,0.499359133688714,0.00172224095347193,0.0121459582967362,-0.304441470957573,1.14118789882268,0.78964168252465,0.950670121263429,-1.56517582066434,0.499359133688714,0.00172224095347193,0.0120378303658176,-2.54390173804534,-0.586449903283339,0,0,0,1
55224,"ETNK2",-2.07937851783225,0.587410572597345,0.00040026877860249,0.00367444061373953,-3.54867452674774,0.903478464290892,8.57296815037996e-05,0.00189794416423009,-2.07937851783225,0.587410572597345,0.000400268778602491,0.00364158160721821,-3.2306820842611,-0.928074951403403,0,0,0,1
55246,"CCDC25",-0.750821378795964,0.239818535790866,0.00174337011062965,0.012257177970431,-2.05436849864799,0.772643342643737,0.00784001085947083,0.0683259188735682,-0.750821378795964,0.239818535790866,0.00174337011062965,0.0121477308535502,-1.22085707177119,-0.280785685820737,0,0,0,1
55248,"PACC1",-0.884514023535635,0.331423786156816,0.00761157732268343,0.0399775304923488,-1.82632355481658,0.802719137337458,0.0228956549537248,0.148493916938651,-0.884514023535635,0.331423786156816,0.00761157732268339,0.0396242845721004,-1.5340927080229,-0.234935339048371,0,0,0,1
55283,"MCOLN3",-1.59273981141765,0.511873598015903,0.00186083921228592,0.0129045767303749,-1.61683722175564,0.90691086615542,0.074619488914196,0.334371126928613,-1.59273981141765,0.511873598015903,0.00186083921228591,0.0127943371235344,-2.59599362816575,-0.589485994669547,0,0,0,1
55295,"KLHL26",-0.757226258026181,0.263441279993987,0.00404841466806634,0.0242093433135261,-0.675593435559695,0.870794898312789,0.437846228559517,0.804492426578642,-0.757226258026181,0.263441279993987,0.00404841466806631,0.024014419256286,-1.27356167885553,-0.240890837196834,0,0,0,1
55316,"RSAD1",-0.673253103432617,0.253309182911481,0.00786452231449746,0.040883600092486,-0.424046909791903,0.767591421423909,0.580648087340162,0.881710223420772,-0.673253103432617,0.253309182911481,0.00786452231449744,0.0405186680803856,-1.16972997889239,-0.176776227972845,0,0,0,1
55323,"LARP6",-0.981362771893765,0.283046621442202,0.00052602431947228,0.00462766523104977,-1.57747277601063,0.775137466270325,0.0418420425644076,0.226935531176993,-0.981362771893765,0.283046621442202,0.000526024319472294,0.00459054103523944,-1.53612395586622,-0.426601587921307,0,0,0,1
55325,"UFSP2",-0.870520407230647,0.247656188178322,0.00043969444501645,0.00397438731998707,-0.966198735326535,0.752548220711917,0.199175982489726,0.580710728080941,-0.870520407230647,0.247656188178322,0.000439694445016459,0.00393827781814585,-1.35591761660863,-0.385123197852662,0,0,0,1
55329,"MNS1",-0.867768673611401,0.308297635792868,0.00488211523852071,0.028010932079205,-1.23465728420427,0.977004603168817,0.206331636543971,0.591899713326232,-0.867768673611401,0.308297635792868,0.00488211523852069,0.0277862219337165,-1.47202093628427,-0.263516410938533,0,0,0,1
55333,"SYNJ2BP",-0.680538659209056,0.196763972562618,0.00054288019474212,0.00473949605129829,-0.0566989473221608,0.741245391443044,0.939028102516926,0.988508428389922,-0.680538659209056,0.196763972562618,0.000542880194742128,0.00470112631066673,-1.06618895888681,-0.294888359531297,0,0,0,1
55347,"ABHD10",-1.17980369453026,0.248358329858317,2.03005435541133e-06,4.12747644054298e-05,-0.928240343252154,0.748056662043953,0.214654135897402,0.602088018205277,-1.17980369453026,0.248358329858317,2.03005435541115e-06,4.07916883368235e-05,-1.66657707631308,-0.69303031274744,0,0,0,1
55349,"CHDH",-2.20857787640976,0.365706867586253,1.5487765470679e-09,6.901106925961e-08,-4.20333834978159,0.778072809491641,6.58127291408252e-08,3.52381957722393e-06,-2.20857787640976,0.365706867586253,1.54877654706796e-09,6.80200462023365e-08,-2.92535016577777,-1.49180558704175,0,0,0,1
55353,"LAPTM4B",-0.822518926987481,0.214691324402229,0.00012753542810776,0.00142532265093722,0.62758045867605,0.731494165110914,0.39092381778351,0.769586780480893,-0.822518926987481,0.214691324402229,0.000127535428107757,0.00141063181064552,-1.24330619060906,-0.401731663365907,0,0,0,1
55366,"LGR4",-0.860313079712281,0.314104967557868,0.00616385642213067,0.033696729193607,-2.22912291804177,0.793697975955454,0.00497685681778124,0.0490919031248945,-0.860313079712281,0.314104967557868,0.00616385642213068,0.0334110334762913,-1.47594750349082,-0.244678655933738,0,0,0,1
55384,"MEG3",-1.89296593575559,0.453923038199847,3.04285128971294e-05,0.00042439116971565,0.0772431025616795,0.792644060443516,0.922369100625194,0.985463710147751,-1.89296593575559,0.453923038199847,3.04285128971296e-05,0.000419925935918115,-2.78263874238029,-1.00329312913089,0,0,0,1
55432,"YOD1",-0.88868578910358,0.246072411997806,0.00030445363820169,0.00293627669056928,-1.33487842331409,0.87595284973108,0.127529735883173,0.456584243466374,-0.88868578910358,0.246072411997806,0.000304453638201697,0.00290924762854251,-1.37097885420818,-0.406392723998978,0,0,0,1
55449,"DHRS4-AS1",-0.762253396297188,0.226764924085811,0.00077541274042155,0.00635708748479414,-3.02468528130273,0.7715920878432,8.85278771972487e-05,0.00194703240675681,-0.762253396297188,0.226764924085811,0.000775412740421577,0.00630192283249194,-1.20670448046234,-0.317802312132039,0,0,0,1
55526,"DHTKD1",-0.955769948114713,0.271929385234814,0.00044013071886474,0.00397438731998707,-2.16229651315884,0.76591207425405,0.00475520237908463,0.0472952146415901,-0.955769948114713,0.271929385234814,0.000440130718864746,0.00393827781814585,-1.48874174951307,-0.42279814671636,0,0,0,1
55540,"IL17RB",-1.8673613255963,0.476693473178306,8.95385070893401e-05,0.00105660057720903,-1.59227764465698,0.755769549511164,0.0351323542308638,0.200744331590538,-1.8673613255963,0.476693473178306,8.95385070893371e-05,0.00104523609617795,-2.80166336469109,-0.93305928650151,0,0,0,1
55556,"ENOSF1",-0.827630683919336,0.24572198863992,0.00075671990473483,0.00624112017582988,-1.95934884101664,0.740336363879369,0.00813137035992881,0.0702441421969315,-0.827630683919336,0.24572198863992,0.000756719904734852,0.00618729804459673,-1.30923693186314,-0.346024435975533,0,0,0,1
55586,"MIOX",-4.73504572150348,0.774406054502947,9.69073147019055e-10,4.53909893163465e-08,-6.79147974982059,0.762061869827793,5.01294119324679e-19,1.90586058686136e-16,-4.73504572150348,0.774406054502947,9.69073147019017e-10,4.47466206892377e-08,-6.25285369773902,-3.21723774526794,0,0,0,1
55600,"ITLN1",-3.98359517468418,1.06271517435757,0.00017789043720983,0.00187509090650363,-3.91621073680836,1.11903003419234,0.00046587366157152,0.00762458661550509,-3.98359517468418,1.06271517435757,0.000177890437209828,0.00185642164465953,-6.06647864224922,-1.90071170711914,0,0,0,1
55604,"CARMIL1",-1.43547311605254,0.254434888256538,1.68272429567183e-08,5.98282596730575e-07,-1.06419600646311,0.854815041565762,0.213152701463733,0.600631769178398,-1.43547311605254,0.254434888256538,1.68272429567164e-08,5.89303160481577e-07,-1.93415633344583,-0.936789898659252,0,0,0,1
55612,"FERMT1",-2.03036090087986,0.605641414828626,0.00080110057612824,0.00652868426768652,-0.211299779771995,1.257367054752,0.866544415666784,0.971661228217394,-2.03036090087986,0.605641414828626,0.000801100576128254,0.00647168308444413,-3.21739626148985,-0.84332554026987,0,0,0,1
55615,"PRR5",-1.48587384226457,0.417330338778216,0.00037025346279141,0.00343216721229966,-0.723177603722712,0.764033961278298,0.343880638010669,0.733520629905588,-1.48587384226457,0.417330338778216,0.000370253462791434,0.00340175683627133,-2.30382627592577,-0.667921408603367,0,0,0,1
55630,"SLC39A4",-1.91420243170438,0.422123568790199,5.7686270038573e-06,0.00010215308000121,-3.74908752117983,0.849098752885679,1.00836069039706e-05,0.00029699678049849,-1.91420243170438,0.422123568790199,5.76862700385718e-06,0.000101010906354554,-2.74154942355869,-1.08685543985007,0,0,0,1
55652,"SLC48A1",-1.0849866131405,0.304350562786539,0.00036396169399164,0.00338644765311272,-0.815104103841823,0.776662510338835,0.293949951003481,0.703255849945374,-1.0849866131405,0.304350562786539,0.000363961693991638,0.00335656328323478,-1.68150275487661,-0.488470471404387,0,0,0,1
55664,"CDC37L1",-0.744977009387147,0.261097269257903,0.00432739231805141,0.0255547040331057,-1.24295698712259,0.803496948419797,0.12187908976221,0.445684413119108,-0.744977009387147,0.261097269257903,0.00432739231805142,0.0253569016185516,-1.25671825359439,-0.2332357651799,0,0,0,1
55753,"OGDHL",-2.11981658382821,0.511360332894882,3.39153104953221e-05,0.00046359932394203,-4.45837931580601,0.849199205917927,1.52018057313786e-07,7.44932930561915e-06,-2.11981658382821,0.511360332894882,3.39153104953234e-05,0.000458656099707568,-3.12206441942459,-1.11756874823183,0,0,0,1
55799,"CACNA2D3",-1.99366794522275,0.436831723148103,5.0205624717917e-06,9.05416548789348e-05,-1.6621292648742,1.01093550193009,0.100145291623034,0.398654380596301,-1.99366794522275,0.436831723148103,5.0205624717919e-06,8.94217223344388e-05,-2.8498423898976,-1.1374935005479,0,0,0,1
55825,"PECR",-1.57450862488326,0.347918431635588,6.02498002372237e-06,0.00010591819313147,-1.11213962760209,0.754006996909403,0.140219921829217,0.481861368857772,-1.57450862488326,0.347918431635588,6.02498002372234e-06,0.000104727834340823,-2.25641622044667,-0.892601029319847,0,0,0,1
55840,"EAF2",-1.63905730835028,0.368230882850817,8.54047238661222e-06,0.00014207205216226,-2.5103068975339,0.804472009755504,0.00180580884035901,0.0229791574453885,-1.63905730835028,0.368230882850817,8.54047238661208e-06,0.000140428279498403,-2.36077657673327,-0.917338039967291,0,0,0,1
55856,"ACOT13",-1.24494730652638,0.400067320557375,0.00185922379518268,0.0129045767303749,-1.46047411813006,0.736929763253487,0.0474975709044704,0.248443130707871,-1.24494730652638,0.400067320557375,0.00185922379518272,0.0127943371235344,-2.02906484621028,-0.460829766842484,0,0,0,1
55862,"ECHDC1",-0.831672788822303,0.228730202688034,0.00027685843524516,0.00271206649914676,-1.42250870839922,0.73024816510986,0.0514173746937354,0.261518598631961,-0.831672788822303,0.228730202688034,0.00027685843524516,0.00268552682187805,-1.2799757482674,-0.38336982937721,0,0,0,1
55867,"SLC22A11",-2.05074374467129,0.584531267289139,0.00045088535170256,0.00405767250279736,-2.55558543859809,0.822619806382637,0.00189225249519145,0.0237768742034916,-2.05074374467129,0.584531267289139,0.000450885351702574,0.0040206925906123,-3.19640397639556,-0.905083512947022,0,0,0,1
55885,"LMO3",-2.70841519948203,0.45642301318153,2.95637727131373e-09,1.21114393049282e-07,-3.5045021763572,1.24214063303603,0.0047823352223229,0.0475368659495312,-2.70841519948203,0.45642301318153,2.95637727131392e-09,1.19343816614148e-07,-3.60298786703308,-1.81384253193098,0,0,0,1
55890,"GPRC5C",-0.775634602029991,0.277039365539227,0.00511458356245905,0.0290772762266727,-0.372885425980724,0.74074985859789,0.614690713339168,0.898657657103508,-0.775634602029991,0.277039365539227,0.005114583562459,0.0288414597125197,-1.3186217807867,-0.232647423273279,0,0,0,1
55902,"ACSS2",-1.077091202328,0.31850514406074,0.00072036830770692,0.00598808882796479,-0.834112069385417,0.718976672854639,0.245992675800931,0.647966079132805,-1.077091202328,0.31850514406074,0.000720368307706968,0.00593687401761189,-1.70134981357779,-0.452832591078209,0,0,0,1
55937,"APOM",-3.09687340644162,0.56036066413762,3.26548780101047e-08,1.08512238695079e-06,-2.1750927379996,1.11537008284189,0.0511631820775306,0.260859071626813,-3.09687340644162,0.56036066413762,3.26548780101029e-08,1.06865466070441e-06,-4.1951601265043,-1.99858668637894,0,0,0,1
56241,"SUSD2",-2.91384456009037,0.562611843491,2.22913140513992e-07,5.96346966942306e-06,-2.84966123719121,0.725480991268388,8.56690020012273e-05,0.00189794416423009,-2.91384456009037,0.562611843491,2.22913140513999e-07,5.89321151676518e-06,-4.01654351060842,-1.81114560957232,0,0,0,1
56242,"ZNF253",-1.06962080848947,0.381435055413519,0.00504413481200526,0.0287243594024731,-2.09300487308369,1.095309184894,0.0560199500818959,0.277434498647309,-1.06962080848947,0.381435055413519,0.00504413481200521,0.0284918599372712,-1.81721977954101,-0.322021837437933,0,0,0,1
56603,"CYP26B1",-2.25645923736291,0.592142409029275,0.00013859074142314,0.00152161546823297,-3.17986424780422,1.09419321022527,0.00365933089121425,0.0392365492040049,-2.25645923736291,0.592142409029275,0.000138590741423142,0.00150695077952276,-3.41703703277907,-1.09588144194675,0,0,0,1
56606,"SLC2A9",-1.10373230671345,0.376929625089486,0.00340910362089654,0.0209993438479283,-1.37949146658714,0.770479177341663,0.0733843038291928,0.331170384604361,-1.10373230671345,0.376929625089486,0.00340910362089648,0.0208363300637114,-1.84250079659503,-0.364963816831872,0,0,0,1
56649,"TMPRSS4",-1.51262742682295,0.443825796280384,0.00065403559038352,0.00551788369408518,-6.66505202586906,0.837714665922032,1.7735805086991e-15,4.07170352675182e-13,-1.51262742682295,0.443825796280384,0.000654035590383505,0.00547136793914756,-2.38251000294231,-0.642744850703587,0,0,0,1
56666,"PANX2",-1.53897312940207,0.412120517499247,0.0001882534682151,0.00196470767892323,-1.46412811011991,1.24745756168185,0.240519331320522,0.640734934605092,-1.53897312940207,0.412120517499247,0.000188253468215095,0.00194499732716025,-2.3467145009906,-0.731231757813537,0,0,0,1
56667,"MUC13",-3.76384353591854,0.890665969679582,2.38013522977112e-05,0.0003433637799014,-3.57884151853331,1.44108941296062,0.0130124707917215,0.0986769221712494,-3.76384353591854,0.890665969679582,2.38013522977113e-05,0.000339830277857985,-5.50951675874597,-2.01817031309112,0,0,0,1
56670,"SUCNR1",-2.03710357967431,0.501481588632545,4.86186017235494e-05,0.00063426016164828,-5.43340607328418,0.841830545615512,1.08738004087395e-10,1.09779530753051e-08,-2.03710357967431,0.501481588632545,4.86186017235481e-05,0.000627296274678085,-3.01998943230403,-1.05421772704459,0,0,0,1
56731,"SLC2A4RG",-0.747495439632826,0.271764485131975,0.00594995643998796,0.0328468230822183,-0.809356710210933,0.782073852484655,0.30072249434333,0.709705143895539,-0.747495439632826,0.271764485131975,0.00594995643998798,0.0325713612181721,-1.28014404276857,-0.214846836497084,0,0,0,1
56848,"SPHK2",-1.40860257207854,0.531421330676697,0.00803412422030488,0.0414356711008884,-2.45489509196259,0.768995436986089,0.00141124980200655,0.018996895929179,-1.40860257207854,0.531421330676697,0.00803412422030474,0.0410629631775469,-2.45016924082122,-0.367035903335863,0,0,0,1
56892,"TCIM",-1.53745860577812,0.424572981499957,0.0002932532581619,0.00284424573499224,-0.918942385393835,0.777725911216824,0.237373922842161,0.636096829694878,-1.53745860577812,0.424572981499957,0.000293253258161912,0.00281819934411765,-2.36960635832683,-0.705310853229414,0,0,0,1
56920,"SEMA3G",-1.38842231874864,0.290215662865147,1.71750550703925e-06,3.58767817025977e-05,-3.23861976759861,0.931993962110686,0.0005109744331819,0.00820608532916602,-1.38842231874864,0.290215662865147,1.71750550703928e-06,3.54626749638754e-05,-1.95723456571375,-0.819610071783534,0,0,0,1
56922,"MCCC1",-0.717082455933758,0.265020381838174,0.00681475750418184,0.0364849583296406,-1.21563360788384,0.753749332964393,0.106791805648277,0.413044973657854,-0.717082455933758,0.265020381838174,0.00681475750418174,0.0361685837060561,-1.23651285950563,-0.197652052361884,0,0,0,1
56924,"PAK6",-1.47355186339775,0.387447777121395,0.00014282334695134,0.00156183873590463,-3.18550795553506,1.08462703178414,0.00331445129494438,0.0364480900603496,-1.47355186339775,0.387447777121395,0.000142823346951351,0.00154673669634141,-2.23293555244579,-0.714168174349714,0,0,0,1
56934,"CA10",-3.4697437486681,0.496204149879158,2.69889967350964e-12,2.01441648046342e-10,-6.86519144762229,1.32442720195637,2.17739903359445e-07,1.01646324245151e-05,-3.4697437486681,0.496204149879158,2.69889967350964e-12,1.97904236418619e-10,-4.44228601141057,-2.49720148592564,0,0,0,1
56944,"OLFML3",-1.42348588158584,0.386611711199702,0.00023145471693844,0.0023372778978788,1.07223780298744,0.786234999327139,0.172642328327456,0.539696470889728,-1.42348588158584,0.386611711199702,0.000231454716938442,0.00231494423707345,-2.18123091153866,-0.665740851633024,0,0,0,1
56975,"FAM20C",-1.03204234355764,0.271582289834353,0.00014463237124341,0.00157910474379052,0.119987833110585,0.746273586622714,0.872264603157873,0.973637744081546,-1.03204234355764,0.271582289834353,0.000144632371243412,0.00156381576702079,-1.56433385047189,-0.49975083664339,0,0,0,1
57111,"RAB25",-4.74328495474053,0.721767022023174,4.97215084229594e-11,2.96686078955085e-09,-7.74678314302628,1.0261111613427,4.36419641768963e-14,8.70709140048341e-12,-4.74328495474053,0.721767022023174,4.97215084229615e-11,2.91476129594257e-09,-6.15792232313468,-3.32864758634638,0,0,0,1
57127,"RHBG",-5.24686525512993,0.887985909629075,3.44764005420614e-09,1.38754874205059e-07,-7.45291739914213,1.0169721280245,2.32679527938454e-13,3.89947620872056e-11,-5.24686525512993,0.887985909629075,3.44764005420616e-09,1.36719208384887e-07,-6.98728565678196,-3.5064448534779,0,0,0,1
57134,"MAN1C1",-2.60436617207399,0.451267678222935,7.86984833314489e-09,2.99185037462827e-07,-2.4806160719363,0.777290994768528,0.00141604288341591,0.0190461177232482,-2.60436617207399,0.451267678222935,7.86984833314497e-09,2.94747680766093e-07,-3.48883456877795,-1.71989777537003,0,0,0,1
57161,"PELI2",-0.909226782078516,0.270523898906073,0.00077665026926724,0.00636343181816341,-0.89442409034583,0.879532999652463,0.309186407734812,0.719888467820868,-0.909226782078516,0.270523898906073,0.000776650269267232,0.00630817806056029,-1.43944388089177,-0.379009683265259,0,0,0,1
57210,"SLC45A4",-0.745668137767685,0.22319025736656,0.00083491385212977,0.00676807897615417,-0.650668507038582,0.776809583077026,0.402246135292784,0.778691803106778,-0.745668137767685,0.22319025736656,0.000834913852129778,0.00670866714437771,-1.18311300390637,-0.308223271629002,0,0,0,1
57224,"NHSL1",-0.976071124236935,0.251097481529601,0.00010139889332187,0.00117137913463755,-0.733281756243167,0.850842309873653,0.388780861283223,0.767896951076824,-0.976071124236935,0.251097481529601,0.000101398893321874,0.0011586112531007,-1.46821314464366,-0.483929103830206,0,0,0,1
57291,"DANCR",-1.44447042627342,0.31870941209083,5.83589898065704e-06,0.0001032111824878,0.117073175003908,0.729790219020673,0.872549989758383,0.973637744081546,-1.44447042627342,0.31870941209083,5.83589898065675e-06,0.000102056324197399,-2.06912939550538,-0.819811457041459,0,0,0,1
57393,"CLTRN",-2.0992686897152,0.558073355288558,0.00016880575524529,0.00179033244589367,-2.04080900205423,0.842204656031482,0.0153855264094032,0.110806204166389,-2.0992686897152,0.558073355288558,0.000168805755245292,0.0017725918987323,-3.1930723668122,-1.0054650126182,0,0,0,1
57402,"S100A14",-2.41366776023421,0.337102570692124,8.06537507392368e-13,6.87510605680301e-11,-2.86924630425135,0.928221161276144,0.00199400636739266,0.0247171247863415,-2.41366776023421,0.337102570692124,8.06537507392415e-13,6.75437590818132e-11,-3.07437665788664,-1.75295886258178,0,0,0,1
57418,"WDR18",-0.790781060329507,0.297893724542654,0.00794085220601061,0.0411504220972302,-0.130704132904372,0.829646983854126,0.874817816526152,0.974327284954977,-0.790781060329507,0.297893724542654,0.00794085220601064,0.0407818906664528,-1.3746420316536,-0.20692008900541,0,0,0,1
57462,"MYORG",-1.63059897391113,0.343496957535543,2.0639976919038e-06,4.18409221915624e-05,-2.20485105640012,0.844096950651401,0.0089992477431605,0.0759037138205231,-1.63059897391113,0.343496957535543,2.06399769190374e-06,4.13504916492393e-05,-2.30384063947988,-0.957357308342381,0,0,0,1
57465,"TBC1D24",-1.32025415647694,0.288078324321372,4.58419059226999e-06,8.37728784132001e-05,-1.30570129716667,0.980133159200923,0.182805235081808,0.5558741602605,-1.32025415647694,0.288078324321372,4.58419059227026e-06,8.27424923100133e-05,-1.88487729687348,-0.755631016080402,0,0,0,1
57476,"GRAMD1B",-1.5712622622925,0.328745702882175,1.75672726699987e-06,3.65847117030444e-05,-3.15816133938993,0.777089732430245,4.82205566734905e-05,0.00115612061415025,-1.5712622622925,0.328745702882175,1.75672726699975e-06,3.61617614365765e-05,-2.21559200001387,-0.926932524571132,0,0,0,1
57484,"RNF150",-1.70391555518811,0.472926050319138,0.00031466026952727,0.00301774810551522,-2.20376043384835,0.879585332483444,0.012229436604847,0.0949736459965849,-1.70391555518811,0.472926050319138,0.000314660269527265,0.00298982693025801,-2.6308335811644,-0.776997529211822,0,0,0,1
57530,"CGN",-2.0815454869167,0.36574135552789,1.26072317698619e-08,4.54360221676197e-07,-3.30919658500027,0.860491513874072,0.00012020627702159,0.00249323885718421,-2.0815454869167,0.36574135552789,1.26072317698614e-08,4.47556126999123e-07,-2.79838537140822,-1.36470560242518,0,0,0,1
57531,"HACE1",-0.541599049964462,0.193511599670457,0.0051293894395481,0.0291252547241862,-1.72721858539903,0.973943255402756,0.0761577539232433,0.338114402379654,-0.541599049964462,0.193511599670457,0.00512938943954824,0.0288887041827188,-0.92087481590929,-0.162323284019633,0,0,0,1
57545,"CC2D2A",-0.592748853663511,0.214792997119691,0.00578671431785778,0.0321395658835614,-1.79124328775972,0.772148305453112,0.0203507424397189,0.136193035009593,-0.592748853663511,0.214792997119691,0.00578671431785782,0.0318718419720903,-1.01373539214952,-0.171762315177501,0,0,0,1
57546,"PDP2",-1.38588711072465,0.309607014464487,7.59555197573572e-06,0.00012885210792953,-2.26285249827113,0.844329384475105,0.00736092024189315,0.0654091528811704,-1.38588711072465,0.309607014464487,7.59555197573622e-06,0.00012737665085678,-1.99270570843602,-0.779068513013284,0,0,0,1
57565,"KLHL14",-1.83920664039887,0.505965443203741,0.00027793321323972,0.00271871376942408,-6.68635102998264,1.77811750906113,0.00016967317758701,0.00332579272886648,-1.83920664039887,0.505965443203741,0.000277933213239724,0.00269207867393046,-2.83088068650005,-0.847532594297691,0,0,0,1
57573,"ZNF471",-0.793030520566135,0.264483114089003,0.00271386553965728,0.01753618741813,-2.51504916781593,0.899718447962898,0.00518397743341304,0.0507466575972951,-0.793030520566135,0.264483114089003,0.00271386553965724,0.0173837479212574,-1.31140789869958,-0.274653142432691,0,0,0,1
57577,"CCDC191",-0.699422032941489,0.261386119896492,0.00745468184953652,0.0393190060349882,0.288384155309776,0.914354092446632,0.752460561831465,0.942022610916962,-0.699422032941489,0.261386119896492,0.00745468184953656,0.038973042022994,-1.21172941399728,-0.187114651885696,0,0,0,1
57630,"SH3RF1",-0.679614005384391,0.205096980003788,0.00092095694272194,0.00733133009391877,-1.35308195295266,0.785079688720994,0.0847988104227479,0.360604735822084,-0.679614005384391,0.205096980003788,0.000920956942721959,0.00727005998754109,-1.08159669952975,-0.277631311239035,0,0,0,1
57669,"EPB41L5",-1.1701393017172,0.216908673711194,6.8669722976542e-08,2.06219535695856e-06,-2.3834869774035,0.791679456726738,0.00260670478737043,0.030379530967692,-1.1701393017172,0.216908673711194,6.86697229765491e-08,2.03042516423862e-06,-1.59527249012549,-0.74500611330891,0,0,0,1
57670,"KIAA1549",-1.30210619663295,0.287649144539548,5.99071546979658e-06,0.00010561124142565,-1.51053181885183,0.856193033645232,0.0776912229225333,0.342819169288767,-1.30210619663295,0.287649144539548,5.99071546979683e-06,0.000104426920190234,-1.86588816011422,-0.73832423315168,0,0,0,1
57733,"GBA3",-2.47344331971001,0.585346566717541,2.38299784243578e-05,0.0003433637799014,-4.16620508887384,0.755365074921984,3.47818498338703e-08,2.01003110815804e-06,-2.47344331971001,0.585346566717541,2.38299784243587e-05,0.000339830277857985,-3.62070150895056,-1.32618513046946,0,0,0,1
57805,"CCAR2",-0.743534361962865,0.264990682779275,0.00501780212427204,0.0286100192577937,-0.721577214754424,0.783084002845406,0.356812561883234,0.742097668961907,-0.743534361962865,0.264990682779275,0.00501780212427199,0.0283787860912581,-1.26290655644892,-0.224162167476808,0,0,0,1
58473,"PLEKHB1",-1.78577591858391,0.402138081769321,8.96653379609286e-06,0.00014843993946631,-1.74163302814751,0.795507970335932,0.0285725380451178,0.173621162109547,-1.78577591858391,0.402138081769321,8.96653379609231e-06,0.000146718173753292,-2.5739520756638,-0.997599761504018,0,0,0,1
58510,"PRODH2",-3.20829209442514,0.510663039757752,3.3295494317126e-10,1.70502747764268e-08,-2.39885587305702,0.726943034488897,0.00096711438167599,0.0139242868750068,-3.20829209442514,0.510663039757752,3.32954943171243e-10,1.68136011190182e-08,-4.20917326058608,-2.2074109282642,0,0,0,1
59272,"ACE2",-2.61602058266016,0.61878833430381,2.36144606144765e-05,0.00034114195523481,-2.65611022147034,0.836391990558829,0.0014948765588768,0.0198370899973778,-2.61602058266016,0.61878833430381,2.36144606144757e-05,0.000337639207279933,-3.82882343194916,-1.40321773337116,0,0,0,1
59277,"NTN4",-2.00911260195924,0.382702055065788,1.52257193644934e-07,4.22991442425725e-06,-1.80367660810564,0.808823705816113,0.0257474638784231,0.161008114603915,-2.00911260195924,0.382702055065788,1.52257193644932e-07,4.16406438522235e-06,-2.75919484669765,-1.25903035722083,0,0,0,1
59307,"SIGIRR",-1.38983282337004,0.412403778171081,0.0007514695987079,0.00621275227269115,-0.748971660715006,0.743635768747547,0.313850487389402,0.725271921639874,-1.38983282337004,0.412403778171081,0.000751469598707918,0.00615930978685645,-2.1981293756736,-0.581536271066476,0,0,0,1
59352,"LGR6",-1.39526123983673,0.425361722039214,0.0010374240931313,0.00811722249380497,1.29637416700778,1.8760576972068,0.489559411646838,0.835101483147314,-1.39526123983673,0.425361722039214,0.00103742409313132,0.0080480949641482,-2.22895489543553,-0.561567584237933,0,0,0,1
60526,"LDAH",-0.701029397763767,0.266219411170723,0.0084565398750788,0.0431280391102124,-1.21709017700834,0.802307375294213,0.129269865975201,0.460649305523791,-0.701029397763767,0.266219411170723,0.00845653987507882,0.0427519786785481,-1.22280985564384,-0.17924893988369,0,0,0,1
60676,"PAPPA2",-2.25389769186839,0.454106901125924,6.92826810682569e-07,1.5980428823206e-05,-9.12017256532507,1.61871690385906,1.75874219917791e-08,1.1129914932113e-06,-2.25389769186839,0.454106901125924,6.92826810682616e-07,1.57793646764083e-05,-3.14393086320629,-1.36386452053049,0,0,0,1
60677,"CELF6",-1.19765549618088,0.379787720511376,0.00161332622412163,0.0115888919288363,-1.75064962113007,0.929489252552135,0.0596389598722316,0.288702867850586,-1.19765549618088,0.379787720511376,0.00161332622412165,0.011481515350648,-1.94202575015374,-0.453285242208019,0,0,0,1
60686,"C14orf93",-2.17081381886504,0.386352403074713,1.9235472283786e-08,6.76891337494047e-07,-0.573924234330325,0.850834772547064,0.499966460525799,0.84269716503589,-2.17081381886504,0.386352403074713,1.92354722837857e-08,6.66714325969876e-07,-2.92805061423198,-1.4135770234981,0,0,0,1
63891,"RNF123",-1.21075487921909,0.339356077647751,0.00035999003319801,0.00335404155845864,-0.934988743141365,0.764141643468867,0.221110554536833,0.612787637166643,-1.21075487921909,0.339356077647751,0.000359990033198026,0.00332448329973218,-1.87588056934346,-0.54562918909472,0,0,0,1
63917,"GALNT11",-1.00076395075048,0.364833395125628,0.00608675005140103,0.0333871133914579,-1.5006464926136,1.03410758415443,0.1467377538096,0.493612608610013,-1.00076395075048,0.364833395125628,0.00608675005140097,0.0331051435833156,-1.71582426555418,-0.285703635946778,0,0,0,1
63933,"MCUR1",-0.737492573738632,0.155357847858758,2.06397705233103e-06,4.18409221915624e-05,-1.61086404901588,0.749077696691419,0.0315185908733568,0.185796716302,-0.737492573738632,0.155357847858758,2.06397705233111e-06,4.13504916492393e-05,-1.04198836025745,-0.432996787219813,0,0,0,1
63951,"DMRTA1",-1.0875628945668,0.367227768420459,0.0030609615094928,0.0192877115501741,-1.71701326810262,1.03946314593239,0.0985698271944015,0.394255783759183,-1.0875628945668,0.367227768420459,0.00306096150949294,0.0191246265210812,-1.80731609479392,-0.367809694339685,0,0,0,1
63976,"PRDM16",-1.85426060966199,0.395054510788203,2.68329836400823e-06,5.28344142720932e-05,-4.0770028724473,1.06647900433274,0.00013191120543467,0.00268087779968234,-1.85426060966199,0.395054510788203,2.68329836400809e-06,5.22062219941142e-05,-2.62855322273696,-1.07996799658702,0,0,0,1
64077,"LHPP",-1.76641825323064,0.321727896756999,4.01000433873724e-08,1.27984417546116e-06,-2.31483637308852,0.885922668194155,0.00897748881499425,0.0758019406573693,-1.76641825323064,0.321727896756999,4.01000433873718e-08,1.26030043121663e-06,-2.39699334369618,-1.1358431627651,0,0,0,1
64081,"PBLD",-1.05204704719685,0.252566352403081,3.10768501288472e-05,0.00043211620179158,-4.09634536725087,0.758465592026424,6.63324633502074e-08,3.54033679390486e-06,-1.05204704719685,0.252566352403081,3.10768501288463e-05,0.000427560377844117,-1.54706800161354,-0.55702609278016,0,0,0,1
64084,"CLSTN2",-3.5243971095551,0.547796215212598,1.24473802245725e-10,6.88821960492068e-09,-2.49473061741358,0.851993787584883,0.00341030543634818,0.0373063373418793,-3.5243971095551,0.547796215212598,1.2447380224572e-10,6.79465698655482e-09,-4.59805796223914,-2.45073625687106,0,0,0,1
64087,"MCCC2",-0.870730952284831,0.312700198122421,0.00536012021267693,0.0302476520554187,-1.62692776533041,0.733464841145106,0.0265452823984716,0.164341480500918,-0.870730952284831,0.312700198122421,0.0053601202126769,0.030000207898515,-1.48361207856332,-0.257849826006346,0,0,0,1
64122,"FN3K",-0.87239965571097,0.313358425975455,0.0053687858403708,0.0302716585346134,-1.66015854217373,0.74517529105237,0.0258887496191411,0.161650355762737,-0.87239965571097,0.313358425975455,0.00536878584037075,0.0300237824494893,-1.48657088487502,-0.258228426546918,0,0,0,1
64147,"KIF9",-1.50558871519074,0.335568367015473,7.23407583681586e-06,0.00012394563893191,-0.369954949774316,0.77160286411916,0.631609352621594,0.903493553001732,-1.50558871519074,0.335568367015473,7.23407583681589e-06,0.000122533975512297,-2.16329062889199,-0.847886801489494,0,0,0,1
64207,"IRF2BPL",-0.833130618604014,0.266214247103838,0.00175074674035861,0.0122848221896359,-1.2168095080925,0.825587315003579,0.140516227228587,0.482168601990968,-0.833130618604014,0.266214247103838,0.00175074674035862,0.0121749094929626,-1.35490095509898,-0.311360282109045,0,0,0,1
64220,"STRA6",-3.07379668180393,0.440724473463222,3.07139717800311e-12,2.26622875650079e-10,-5.26976573216889,0.805098144720421,5.92987155590787e-11,6.21116983784125e-09,-3.07379668180393,0.440724473463222,3.07139717800305e-12,2.22643269629113e-10,-3.93760077689722,-2.20999258671064,0,0,0,1
64344,"HIF3A",-1.00792773365462,0.348703664688677,0.00384630265156789,0.0231927318058514,-3.12099826815858,1.05198768311223,0.00300952720973952,0.0338501117503521,-1.00792773365462,0.348703664688677,0.00384630265156798,0.0230078521078488,-1.69137435772156,-0.324481109587682,0,0,0,1
64398,"PALS1",-1.35304165755761,0.377631720713728,0.00033971469571709,0.0032175600303805,-1.95174545860786,0.745278762219886,0.00882363900056392,0.0747978583765558,-1.35304165755761,0.377631720713728,0.000339714695717088,0.00318745528347495,-2.09318622957641,-0.612897085538815,0,0,0,1
64399,"HHIP",-1.68481067611882,0.334028172928784,4.56095090361701e-07,1.10786708320778e-05,-1.0471666784766,1.28178513669294,0.413951513348978,0.788249473129611,-1.68481067611882,0.334028172928784,4.56095090361692e-07,1.09422243831792e-05,-2.33949386488095,-1.03012748735669,0,0,0,1
64432,"MRPS25",-0.775749589750891,0.278324019233805,0.0053162776726742,0.0300496683607005,-1.39404011734826,0.781611965236642,0.0744976285602504,0.334093057811409,-0.775749589750891,0.278324019233805,0.00531627767267422,0.0298043126239778,-1.32125464348158,-0.2302445360202,0,0,0,1
64478,"CSMD1",-1.15064164732593,0.299990191081343,0.00012525936703119,0.00140331392092747,-3.79345683360289,1.2374681674157,0.0021730745429896,0.0263711486357442,-1.15064164732593,0.299990191081343,0.000125259367031196,0.00138887503756711,-1.73861161756065,-0.562671677091209,0,0,0,1
64756,"ATPAF1",-0.784125962224319,0.299519453679683,0.00884606239667597,0.044721107412127,-2.08592917028036,0.760737569650813,0.00610695787020171,0.0569640468147738,-0.784125962224319,0.299519453679683,0.00884606239667596,0.0443276298411493,-1.37117330410561,-0.197078620343027,0,0,0,1
64849,"SLC13A3",-7.14222465789266,0.72641832464896,8.18851051023848e-23,3.21083194978608e-20,-7.25853761783745,0.718374103914299,5.29693706372839e-24,3.85962470656626e-21,-7.14222465789266,0.72641832464896,8.18851051023776e-23,3.15444820598673e-20,-8.56597841191455,-5.71847090387078,0,0,0,1
64854,"USP46",-1.06503964973056,0.210190517762967,4.04090907259142e-07,9.97435901299363e-06,-0.9828292647832,0.930785930165016,0.291007816550532,0.700114843176911,-1.06503964973056,0.210190517762967,4.04090907259166e-07,9.85236474245088e-06,-1.4770054944378,-0.653073805023318,0,0,0,1
64902,"AGXT2",-2.55754507018402,0.583677484465652,1.17714804027409e-05,0.00018569172074392,-3.89070079438459,0.857872184048778,5.75238632168629e-06,0.00018189479691535,-2.55754507018402,0.583677484465652,1.17714804027408e-05,0.000183697766516383,-3.70153191832364,-1.41355822204441,0,0,0,1
64922,"LRRC19",-2.2367180205459,0.32722468078453,8.17653045887616e-12,5.66335358921224e-10,-2.85616702618853,1.04943697786498,0.00649631021275142,0.059590401125069,-2.2367180205459,0.32722468078453,8.17653045887611e-12,5.56390239313226e-10,-2.87806660973619,-1.59536943135561,0,0,0,1
64968,"MRPS6",-1.43637791548696,0.362539279079635,7.43268664684528e-05,0.0009043102086995,0.0399346677675267,0.794370324348572,0.959905553227358,0.992772016057161,-1.43637791548696,0.362539279079635,7.43268664684567e-05,0.000893977823902053,-2.14694184546416,-0.72581398550976,0,0,0,1
65010,"SLC26A6",-1.26744175653172,0.283074907320711,7.55548925162371e-06,0.00012849012947866,-1.75950993276321,0.750557300443492,0.019064298736865,0.129534853297797,-1.26744175653172,0.283074907320711,7.55548925162399e-06,0.000127020775036965,-1.82225837980733,-0.712625133256113,0,0,0,1
65260,"COA7",-0.735496122222464,0.267126954910505,0.00589873642451807,0.0326560139935805,-1.37663353607234,0.77514753075372,0.075738972883631,0.337034656219477,-0.735496122222464,0.267126954910505,0.00589873642451801,0.03238300619372,-1.25905533314691,-0.211936911298019,0,0,0,1
65266,"WNK4",-2.94695788817723,0.413335716870619,1.00591055478236e-12,8.31968371842621e-11,-2.46461076105358,0.804636069929416,0.00219120523635093,0.0265143744086681,-2.94695788817723,0.413335716870619,1.0059105547824e-12,8.17358609556537e-11,-3.75708100676769,-2.13683476958677,0,0,0,1
65997,"RASL11B",-3.24756185469944,0.460221932713363,1.70733199211216e-12,1.35441758726863e-10,-3.0209316043833,1.0043291224901,0.00263051033087589,0.0305460215835879,-3.24756185469944,0.460221932713363,1.70733199211218e-12,1.3306333670317e-10,-4.14958026771305,-2.34554344168583,0,0,0,1
66002,"CYP4F12",-1.78996634252575,0.43144907542481,3.34322744747646e-05,0.00045928381871038,-1.22503046421922,1.00388729345582,0.222356152584775,0.614928508443604,-1.78996634252575,0.43144907542481,3.34322744747634e-05,0.000454402577362133,-2.63559099152148,-0.944341693530017,0,0,0,1
66004,"LYNX1",-1.28934221353214,0.431071959839688,0.00278052858009166,0.0178567965527272,-1.7347961024392,0.790593431769867,0.0282141279763444,0.17238081325394,-1.28934221353214,0.431071959839688,0.00278052858009157,0.0177089593034363,-2.13422772956302,-0.444456697501255,0,0,0,1
78989,"COLEC11",-1.79004559754534,0.44449435287517,5.64569289020086e-05,0.00071941958426292,-2.81398505421661,0.803563692377306,0.00046198455674603,0.00757573305920435,-1.79004559754534,0.44449435287517,5.64569289020067e-05,0.000711410067650239,-2.66123852051211,-0.918852674578569,0,0,0,1
79041,"TMEM38A",-1.37392077668775,0.467783053386145,0.00331308284355017,0.0204998868101364,-1.40918109905845,0.909908820940504,0.121452450900778,0.444706494351353,-1.37392077668775,0.467783053386145,0.00331308284355008,0.0203416648358769,-2.29075871390277,-0.457082839472728,0,0,0,1
79098,"C1orf116",-1.97224714473855,0.55771512743863,0.00040577598500238,0.00371257974544846,-0.842025344680835,1.01614364795778,0.407303650057644,0.783383609338905,-1.97224714473855,0.55771512743863,0.000405775985002384,0.00367927209535114,-3.06534870815143,-0.879145581325669,0,0,0,1
79135,"APOO",-1.1037174956815,0.384766166044062,0.00412369840156415,0.0245298040827754,-1.06319547345531,0.807658127584792,0.188042184011922,0.563935344864998,-1.1037174956815,0.384766166044062,0.00412369840156425,0.0243309733540248,-1.85784532359742,-0.34958966776558,0,0,0,1
79153,"GDPD3",-1.62196325497682,0.439260277425722,0.00022207091845274,0.00225255083876231,-2.82219910458918,0.80269127924094,0.00043823140260254,0.00725723327689334,-1.62196325497682,0.439260277425722,0.000222070918452735,0.00222947296611931,-2.48289757857031,-0.761028931383332,0,0,0,1
79154,"DHRS11",-2.07500173992288,0.452439162008633,4.5126561824581e-06,8.27963816150467e-05,-2.47428483267882,0.955753058994466,0.00963018512957409,0.0798899310188643,-2.07500173992288,0.452439162008633,4.51265618245819e-06,8.17797625108654e-05,-2.96176620265528,-1.18823727719048,0,0,0,1
79170,"PRR15L",-1.40055246363129,0.543187109823858,0.00992596488415078,0.0489661905356166,-4.33361495006432,0.908212612675153,1.82780543657504e-06,6.6882513780701e-05,-1.40055246363129,0.543187109823858,0.00992596488415099,0.0485425406358389,-2.46517963575245,-0.335925291510126,0,0,0,1
79184,"BRCC3",-0.831111986303167,0.304414127121887,0.00632955744891545,0.0344742253283514,-1.01758319991046,0.836199298955224,0.223636680726632,0.616131371411741,-0.831111986303167,0.304414127121887,0.00632955744891551,0.0341808091556996,-1.42775271184726,-0.234471260759071,0,0,0,1
79366,"HMGN5",-1.03545382359247,0.273925058939002,0.00015678904117411,0.00168034867768018,-2.03843135159113,0.883170870327618,0.0209945406911368,0.139015214319542,-1.03545382359247,0.273925058939002,0.000156789041174116,0.00166381926107097,-1.57233707357593,-0.498570573609015,0,0,0,1
79442,"LRRC2",-1.98368913528407,0.557639492178416,0.00037469085096964,0.00346980920290648,-5.85037430556574,1.21910033956904,1.59517414763756e-06,5.87549967917753e-05,-1.98368913528407,0.557639492178416,0.000374690850969641,0.00343904475399841,-3.07664245631097,-0.89073581425717,0,0,0,1
79625,"NDNF",-2.97814696082667,0.53791962158256,3.08723270947517e-08,1.03339467572774e-06,-3.36795233863322,1.21790020369629,0.00568571677565801,0.0542327418572867,-2.97814696082667,0.53791962158256,3.08723270947517e-08,1.01773003965412e-06,-4.0324500457059,-1.92384387594744,0,0,0,1
79632,"FAM184A",-1.73691976788112,0.340943633704023,3.49757974519206e-07,8.88903415241033e-06,-2.4408810081614,0.991551428085257,0.0138288497118635,0.102954793140463,-1.73691976788112,0.340943633704023,3.49757974519188e-07,8.78172582950132e-06,-2.40515701069922,-1.06868252506302,0,0,0,1
79679,"VTCN1",-5.90236162627868,0.64343721937953,4.59291893931107e-20,1.28639223516541e-17,-4.22805505811744,1.02620276655071,3.78712738894054e-05,0.0009361130960362,-5.90236162627868,0.64343721937953,4.5929189393116e-20,1.26380257262731e-17,-7.16347540257516,-4.6412478499822,0,0,0,1
79711,"IPO4",-1.04688306502645,0.31718682169971,0.00096504082441882,0.00762037990467429,0.340188425192285,0.768579606624044,0.658040879882462,0.912449932353992,-1.04688306502645,0.31718682169971,0.000965040824418779,0.00755612394636376,-1.66855781192861,-0.425208318124291,0,0,0,1
79714,"CCDC51",-0.925081440477318,0.321860814546393,0.00405095862951409,0.0242140053272872,-0.654979085720045,0.766329929302884,0.392719494106726,0.770940990389203,-0.925081440477318,0.321860814546393,0.00405095862951413,0.0240189424809758,-1.55591704502297,-0.294245835931662,0,0,0,1
79746,"ECHDC3",-1.28088566017424,0.373447258575909,0.00060381024022609,0.00516626666886713,-2.03398227123864,0.725566101944942,0.00505819847937714,0.0496895359413139,-1.28088566017424,0.373447258575909,0.000603810240226109,0.00512345718626093,-2.01282883710824,-0.548942483240242,0,0,0,1
79754,"ASB13",-1.1440234827012,0.344184994977469,0.00088780063442672,0.00712108469133394,-0.333104595003474,0.72377485774456,0.645349461670932,0.909448506597326,-1.1440234827012,0.344184994977469,0.000887800634426771,0.00706207430913047,-1.81861367687614,-0.469433288526261,0,0,0,1
79762,"C1orf115",-1.42318960037914,0.287505350207201,7.41629435516734e-07,1.69353117687715e-05,-2.04740809880726,0.724932996736339,0.00473881230385625,0.0472162636149387,-1.42318960037914,0.287505350207201,7.41629435516666e-07,1.6721387423196e-05,-1.98668973214783,-0.859689468610451,0,0,0,1
79781,"DRC11",-1.43937205833706,0.310250059821926,3.49433438348223e-06,6.64213920760528e-05,0.44081952534933,0.892249173189465,0.621267843659045,0.899665410168663,-1.43937205833706,0.310250059821926,3.49433438348196e-06,6.56185382903722e-05,-2.04745100178943,-0.831293114884688,0,0,0,1
79783,"SUGCT",-2.08420511166135,0.396248935959958,1.4418256666715e-07,4.02187305882106e-06,-0.436426369071866,0.747101019806611,0.559112816845778,0.869782947880664,-2.08420511166135,0.396248935959958,1.44182566667154e-07,3.95929439179885e-06,-2.86083875505518,-1.30757146826751,0,0,0,1
79785,"RERGL",-2.04761263069356,0.478356894193524,1.86463473374818e-05,0.00027906485371821,-8.14380637597626,1.33670144121245,1.111853510899e-09,8.58689077841303e-08,-2.04761263069356,0.478356894193524,1.86463473374819e-05,0.000276273297968427,-2.9851749150693,-1.11005034631782,0,0,0,1
79789,"CLMN",-1.10579114505316,0.232128448857193,1.90071569220159e-06,3.90500331733152e-05,-0.665074897194492,0.760240165772692,0.381670711216848,0.762112957312757,-1.10579114505316,0.232128448857193,1.90071569220162e-06,3.85954061414976e-05,-1.56075454460041,-0.650827745505914,0,0,0,1
79801,"SHCBP1",-1.15454489617445,0.347146236240709,0.0008815975046163,0.00708789932826837,-0.0295163624289715,1.18628764638934,0.980149654073646,0.997078160897389,-1.15454489617445,0.347146236240709,0.000881597504616275,0.00702931942917873,-1.83493901657487,-0.474150775774027,0,0,0,1
79813,"EHMT1",-0.994514925880974,0.323126705598064,0.002085444536359,0.014182676321601,-0.152325521277651,0.808081547597392,0.850482630460139,0.967119529610864,-0.994514925880974,0.323126705598064,0.002085444536359,0.0140660573705495,-1.62783163129626,-0.361198220465692,0,0,0,1
79814,"AGMAT",-3.34640053334392,0.498230622648804,1.86052771761767e-11,1.18212418502708e-09,-4.84508108862712,0.723162336649024,2.08629821443565e-11,2.44505397033056e-09,-3.34640053334392,0.498230622648804,1.86052771761778e-11,1.16136551928891e-09,-4.32291460973054,-2.3698864569573,0,0,0,1
79818,"ZNF552",-1.00077238696879,0.368703959294111,0.00664164089529349,0.035717037479235,-1.90918448051298,0.875405322194655,0.029189713986091,0.176411978612657,-1.00077238696879,0.368703959294111,0.00664164089529355,0.0354089538122748,-1.72341886814257,-0.27812590579501,0,0,0,1
79819,"DNAI4",-0.885423153276821,0.294141426649481,0.00261079716937624,0.0170135709176256,-1.13429990728326,0.987662444341592,0.250774916640489,0.654199935477304,-0.885423153276821,0.294141426649481,0.00261079716937622,0.0168669756754669,-1.46192975587103,-0.308916550682608,0,0,0,1
79823,"CAMKMT",-0.992525693588408,0.29946244821393,0.0009185389505136,0.00731632533769512,-1.31000564681685,1.0337191055805,0.20505722978054,0.589535268478922,-0.992525693588408,0.29946244821393,0.000918538950513617,0.00725522007602525,-1.5794613068099,-0.405590080366914,0,0,0,1
79846,"CFAP69",-1.07116105707659,0.277034695714938,0.00011039800069383,0.00126153385638821,-0.730900650023878,0.887060027567728,0.409963138530639,0.784850430772872,-1.07116105707659,0.277034695714938,0.000110398000693846,0.00124873845919054,-1.61413908314588,-0.528183031007299,0,0,0,1
79848,"CSPP1",-1.03082290406626,0.349627056706616,0.00319475221632675,0.0199475793525334,-1.3312369221105,0.830267695294905,0.108850171347351,0.418015586986767,-1.03082290406626,0.349627056706616,0.00319475221632684,0.0197772470765541,-1.71607934323197,-0.34556646490055,0,0,0,1
79861,"TUBAL3",-5.58989389097453,0.753900623999135,1.21965179975013e-13,1.17876769716695e-11,-3.45576772290021,1.2213584593353,0.00466286782087644,0.0466763681340547,-5.58989389097453,0.753900623999135,1.21965179975018e-13,1.15806797295997e-11,-7.06751196193511,-4.11227582001395,0,0,0,1
79875,"THSD4",-1.25513263086307,0.354851642789165,0.00040460307765616,0.00370431797048244,-0.743589477745701,0.813230493376257,0.360525100778234,0.746175580137787,-1.25513263086307,0.354851642789165,0.000404603077656148,0.00367110585197701,-1.95062907058471,-0.559636191141434,0,0,0,1
79885,"HDAC11",-0.870046829166304,0.281179769284001,0.00197296178376508,0.013552015775972,-0.87471136911237,0.770494154165251,0.256266301082253,0.660797449731227,-0.870046829166304,0.281179769284001,0.00197296178376505,0.0134418614100577,-1.42114905014423,-0.31894460818838,0,0,0,1
79919,"MAB21L4",-1.02397973047942,0.342411054337364,0.00278522534257997,0.0178702349703448,-2.56020002210501,1.18472579505797,0.0306948452525803,0.182287353503896,-1.02397973047942,0.342411054337364,0.00278522534257987,0.017722129916944,-1.69509306488904,-0.352866396069799,0,0,0,1
79944,"L2HGDH",-1.50116431649597,0.29381257103217,3.23425946067992e-07,8.29663118474228e-06,-2.45902422118689,0.788201649014772,0.00180979547784855,0.0229949677128611,-1.50116431649597,0.29381257103217,3.23425946067957e-07,8.19690231359824e-06,-2.07702637392414,-0.925302259067801,0,0,0,1
79953,"SYNDIG1",-1.23181486497492,0.46465986599666,0.00802530435696473,0.041405743231197,1.3358683021793,1.26947829896468,0.292663272746784,0.701590355464625,-1.23181486497492,0.46465986599666,0.00802530435696488,0.0410334390007423,-2.14253146738958,-0.321098262560259,0,0,0,1
79956,"ERMP1",-0.932460646543113,0.263412072921436,0.00040023117541766,0.00367444061373953,-2.07456616642158,0.758069466936432,0.00620694456380309,0.0575662335056867,-0.932460646543113,0.263412072921436,0.000400231175417671,0.00364158160721821,-1.44873882256217,-0.41618247052406,0,0,0,1
79966,"SCD5",-2.37140379258006,0.33762289009801,2.15876557871459e-12,1.66687109951249e-10,-2.56015619782708,0.90431277981366,0.00463952266645732,0.0464888641665091,-2.37140379258006,0.33762289009801,2.1587655787143e-12,1.63760004624957e-10,-3.03313249752848,-1.70967508763164,0,0,0,1
79971,"WLS",-1.29265254523055,0.299385807119287,1.57676773559047e-05,0.00024017270147884,-2.04950431884685,0.725331691958503,0.00471907149610465,0.0471035849929827,-1.29265254523055,0.299385807119287,1.57676773559037e-05,0.000237802677617058,-1.87943794466681,-0.705867145794292,0,0,0,1
79981,"FRMD1",-1.97634481561822,0.533183683066127,0.00020998852863735,0.00215226479986486,-4.28180242358073,0.876821106317887,1.04311732039916e-06,4.09405226523875e-05,-1.97634481561822,0.533183683066127,0.000209988528637362,0.00213038023447521,-3.02136563157225,-0.931323999664192,0,0,0,1
80004,"ESRP2",-1.12170513302255,0.328908958687796,0.00064871991645162,0.00548339848645297,-1.49660287964965,0.825880641300323,0.0699661505990454,0.321250059695727,-1.12170513302255,0.328908958687796,0.000648719916451645,0.00543732902306013,-1.7663548462432,-0.477055419801897,0,0,0,1
80020,"FOXRED2",-0.912063169937342,0.326243751574476,0.00517955451688493,0.0293615060676286,-1.4574365932022,0.840286920557782,0.0828380708926553,0.356244092915065,-0.912063169937342,0.326243751574476,0.00517955451688497,0.0291225744583653,-1.55148917320455,-0.272637166670137,0,0,0,1
80031,"SEMA6D",-2.16871699876404,0.330584137673187,5.37150169267302e-11,3.19127659005388e-09,-3.29517329470783,0.850680006979264,0.00010725012844658,0.00227519607928651,-2.16871699876404,0.330584137673187,5.37150169267308e-11,3.1352362477191e-09,-2.81665000246372,-1.52078399506436,0,0,0,1
80036,"TRPM3",-2.16858623061534,0.287372017838426,4.47908253787495e-14,4.71138429990258e-12,-4.0542249710605,0.789380504563191,2.80710626924289e-07,1.2749131156163e-05,-2.16858623061534,0.287372017838426,4.47908253787492e-14,4.62865013957941e-12,-2.73182503574326,-1.60534742548742,0,0,0,1
80127,"BBOF1",-0.950592631907628,0.260741760139675,0.00026663948333216,0.00262696358165878,-1.84489404851596,0.941685973594717,0.0500964692878605,0.257538253123063,-0.950592631907628,0.260741760139675,0.000266639483332172,0.00260137493036734,-1.46163709104697,-0.439548172768284,0,0,0,1
80144,"FRAS1",-1.11689545658622,0.301087581727255,0.00020763879818238,0.00213136489622662,-3.68933758531728,0.995918025864137,0.00021184229062933,0.00396234927305471,-1.11689545658622,0.301087581727255,0.000207638798182394,0.00210971659072587,-1.7070162729639,-0.52677464020854,0,0,0,1
80145,"THOC7",-1.11206116029162,0.425828138835981,0.00901391928065537,0.0453804212060581,-0.69575434080891,0.757230197974332,0.358192430643932,0.743086348277912,-1.11206116029162,0.425828138835981,0.00901391928065524,0.0449961768460106,-1.94666897601386,-0.277453344569375,0,0,0,1
80150,"ASRGL1",-1.71773009527498,0.406517258106154,2.38433169809122e-05,0.0003433637799014,-0.435814185969076,0.747280862117528,0.559758682720779,0.870545263893609,-1.71773009527498,0.406517258106154,2.38433169809133e-05,0.000339830277857985,-2.51448928025702,-0.920970910292945,0,0,0,1
80157,"CWH43",-1.80056796096554,0.550988284977682,0.00108353264954568,0.00837769131400842,-5.03455044404685,1.13394147546034,9.00140810616878e-06,0.00026986511350855,-1.80056796096554,0.550988284977682,0.00108353264954571,0.00830544099705786,-2.88048515542529,-0.720650766505792,0,0,0,1
80206,"FHOD3",-1.81348104975693,0.53037137016117,0.00062790200761193,0.00533580628635677,-1.02424665833222,0.766863189147632,0.181669737543361,0.554774623084765,-1.81348104975693,0.53037137016117,0.000627902007611951,0.00529125173039496,-2.85298983370398,-0.773972265809876,0,0,0,1
80221,"ACSF2",-4.0682294853937,0.430060965872583,3.08953202935035e-21,1.03416433099523e-18,-1.67988602456098,0.72941825216864,0.0212760825740003,0.140269814263443,-4.0682294853937,0.430060965872583,3.0895320293503e-21,1.01600391101781e-18,-4.91113348966047,-3.22532548112693,0,0,0,1
80303,"EFHD1",-2.68036209220895,0.35927003568784,8.61437991226992e-14,8.5669383997096e-12,-3.37987194191868,0.728349552278736,3.47646063234481e-06,0.00011559921376481,-2.68036209220895,0.35927003568784,8.61437991226946e-14,8.41649886645863e-12,-3.38451842288154,-1.97620576153636,0,0,0,1
80311,"KLHL15",-0.619035388814011,0.227535769145035,0.00651621945255468,0.035221975489114,-1.2911965016831,1.06373280315754,0.224810596444217,0.618146150255723,-0.619035388814011,0.227535769145035,0.00651621945255483,0.0349197881076299,-1.0649973015329,-0.173073476095122,0,0,0,1
80315,"CPEB4",-0.91003904762832,0.29755917053521,0.00222562068603736,0.0149204824529661,-1.22767079630573,0.779591424360384,0.115311436440251,0.432229892389251,-0.91003904762832,0.29755917053521,0.00222562068603736,0.0147957367853726,-1.49324430514694,-0.326833790109696,0,0,0,1
80344,"DCAF11",-0.74008064136084,0.267917381292024,0.00573875387091567,0.0319248715542953,-2.07114797446832,0.7231905903255,0.00418455634138066,0.0431297538285354,-0.74008064136084,0.267917381292024,0.00573875387091569,0.0316594183476089,-1.26518905952549,-0.214972223196188,0,0,0,1
80736,"SLC44A4",-2.46205197306476,0.544659440900198,6.17371179521094e-06,0.00010793378430251,-0.25353540052988,1.30756489799382,0.846255041954471,0.965576541946826,-2.46205197306476,0.544659440900198,6.17371179521094e-06,0.000106718148890807,-3.52956486106887,-1.39453908506065,0,0,0,1
81033,"KCNH6",-2.09094263348835,0.642317198197019,0.00113268013871053,0.00867122582512528,-3.63610811194089,0.79507988906672,4.80190600272978e-06,0.00015446284587283,-2.09094263348835,0.642317198197019,0.0011326801387105,0.00859565910749579,-3.34986120860518,-0.832024058371516,0,0,0,1
81537,"SGPP1",-1.28923551290965,0.320830762326796,5.85875551331163e-05,0.00074106507525058,-1.40721885335903,0.765644156675724,0.0660691621544705,0.30974355593851,-1.28923551290965,0.320830762326796,5.85875551331132e-05,0.000732779226214995,-1.9180522522027,-0.6604187736166,0,0,0,1
81602,"CDADC1",-0.801712288023535,0.255719600288885,0.00171782326314341,0.0121210316007096,-0.286336862084001,0.804437989339212,0.721880654314391,0.932552060869103,-0.801712288023535,0.255719600288885,0.00171782326314343,0.0120131800087982,-1.30291349473073,-0.300511081316342,0,0,0,1
81607,"NECTIN4",-2.68988398369332,0.440380213485462,1.00827617383676e-09,4.67485885464043e-08,-0.732788920419987,1.33481989161713,0.583019434153111,0.882739655666857,-2.68988398369332,0.440380213485462,1.00827617383675e-09,4.60833479723419e-08,-3.55301334162889,-1.82675462575775,0,0,0,1
81617,"CAB39L",-1.10417250719734,0.289356431983768,0.00013565460014329,0.00149536042760372,-2.00480294427083,0.890868565506903,0.0244241114504089,0.154988142293602,-1.10417250719734,0.289356431983768,0.00013565460014329,0.00148099673986395,-1.67130069258054,-0.537044321814141,0,0,0,1
81618,"ITM2C",-1.81870828439776,0.305749650850385,2.70846232841828e-09,1.14372113831423e-07,-0.818105259810705,0.746768136369056,0.273285469467032,0.68062856359554,-1.81870828439776,0.305749650850385,2.70846232841848e-09,1.12710486339711e-07,-2.41796658835021,-1.21944998044531,0,0,0,1
81693,"AMN",-1.96631335148891,0.589828386746765,0.00085697751109174,0.00690614172767061,-2.68844524645023,0.818297896744156,0.00101833560206895,0.0145631011487005,-1.96631335148891,0.589828386746765,0.000856977511091743,0.00684921623120923,-3.12235574657193,-0.810270956405889,0,0,0,1
81706,"PPP1R14C",-1.29650629822181,0.437689217862537,0.0030548716810845,0.019258180501242,-0.107235702495157,1.20857736388558,0.929297388938362,0.987249032143926,-1.29650629822181,0.437689217862537,0.00305487168108442,0.0190954264608536,-2.15436140165389,-0.438651194789732,0,0,0,1
81788,"NUAK2",-2.15293064774862,0.501042936307158,1.73204444398523e-05,0.00026207913946255,-0.760459373053687,0.831886274004672,0.360644010039736,0.746268520511581,-2.15293064774862,0.501042936307158,1.73204444398518e-05,0.000259479502647246,-3.13495675761885,-1.17090453787839,0,0,0,1
81932,"HDHD3",-2.08722548882558,0.483395371344842,1.57561189996146e-05,0.00024017270147884,-1.25588139868174,0.780308934649591,0.107514288015853,0.414977418898592,-2.08722548882558,0.483395371344842,1.57561189996148e-05,0.000237802677617058,-3.03466300695484,-1.13978797069632,0,0,0,1
83478,"ARHGAP24",-1.83471770385432,0.279801150329033,5.48201036591103e-11,3.24289268369668e-09,-3.11117971574102,0.730196610586433,2.03748894655297e-05,0.00054373052954269,-1.83471770385432,0.279801150329033,5.48201036591116e-11,3.18594593808535e-09,-2.3831178813321,-1.28631752637654,0,0,0,1
83538,"ODAD4",-0.940566973973907,0.35349353918388,0.00779609021572555,0.04060270227763,-0.319511517229844,0.996488193003799,0.748485089908396,0.940319396117269,-0.940566973973907,0.35349353918388,0.00779609021572556,0.0402408142614638,-1.63340157954191,-0.247732368405904,0,0,0,1
83543,"AIF1L",-2.60219875720984,0.451352573519212,8.14958335420391e-09,3.07266159211798e-07,-5.97537735274753,0.727575177601586,2.16218176245061e-16,5.94032855031307e-14,-2.60219875720984,0.451352573519212,8.1495833542045e-09,3.02702017533717e-07,-3.48683354563696,-1.71756396878272,0,0,0,1
83648,"FAM167A",-2.21258921553932,0.684235929459381,0.0012221306831198,0.00923596998630842,-3.64083335692302,0.998170292297596,0.00026479686369018,0.00477688981548309,-2.21258921553932,0.684235929459381,0.00122213068311978,0.00915443777805776,-3.553666994208,-0.871511436870644,0,0,0,1
83657,"DYNLRB2",-1.06299205908732,0.404320848001101,0.00856160901173395,0.0435183415100136,-1.08764702112573,0.898155900990667,0.225903843079147,0.619627251417908,-1.06299205908732,0.404320848001101,0.00856160901173369,0.0431375838210782,-1.85544635936817,-0.270537758806469,0,0,0,1
83660,"TLN2",-1.7798725976593,0.220496700440051,6.90962089863116e-16,1.00880465120015e-13,-2.51386314309157,0.735892553916307,0.00063531067984962,0.00983118345669421,-1.7798725976593,0.220496700440051,6.90962089863246e-16,9.91089559321931e-14,-2.21203818923172,-1.34770700608688,0,0,0,1
83697,"SLC4A9",-6.29547261587927,0.707596431327348,5.73858742752319e-19,1.29108809598899e-16,-5.71274078477446,1.08094806777466,1.25749075998003e-07,6.25349781795412e-06,-6.29547261587927,0.707596431327348,5.73858742752246e-19,1.26841597188992e-16,-7.68233613686994,-4.9086090948886,0,0,0,1
83715,"ESPN",-2.47016506309046,0.558255996633758,9.65365347172892e-06,0.00015791029826699,-3.10758927273791,0.798232777518683,9.8976828988826e-05,0.00213121130737816,-2.47016506309046,0.558255996633758,9.65365347172864e-06,0.000156067397792946,-3.56432671064614,-1.37600341553478,0,0,0,1
83716,"CRISPLD2",-1.06682124520278,0.339880767195007,0.00169635238835466,0.012006570488798,-1.11721044838253,0.818935732461742,0.172497588731239,0.53956642413951,-1.06682124520278,0.339880767195007,0.0016963523883547,0.0119000620458826,-1.73297530794284,-0.400667182462724,0,0,0,1
83874,"TBC1D10A",-1.08272507258543,0.324257842049082,0.0008405430265196,0.00680123213665024,-1.14039236779987,0.745765555632394,0.126225611324212,0.454146633787563,-1.08272507258543,0.324257842049082,0.000840543026519626,0.00674138723317077,-1.71825876470631,-0.447191380464552,0,0,0,1
83876,"MRO",-2.68196752199434,0.505849544898803,1.14598874681779e-07,3.30410705069901e-06,-3.6660633482936,0.922570610058279,7.07503432925388e-05,0.00162413049523149,-2.68196752199434,0.505849544898803,1.14598874681775e-07,3.25291921544079e-06,-3.67341441159197,-1.69052063239671,0,0,0,1
83953,"FCAMR",-3.35666433768453,0.522703585713975,1.34729096297954e-10,7.42579163692019e-09,-7.27170276984543,0.902771702447616,7.95676002554054e-16,1.9609903127652e-13,-3.35666433768453,0.522703585713975,1.34729096297951e-10,7.32480808623096e-09,-4.38114454027387,-2.33218413509519,0,0,0,1
84078,"KBTBD7",-0.780151950482095,0.284030473790532,0.00601946500322256,0.0331505367994488,-1.17489616387321,0.890855682550714,0.187222587669105,0.562506874640827,-0.780151950482095,0.284030473790532,0.00601946500322257,0.0328717888369583,-1.33684144962339,-0.223462451340805,0,0,0,1
84133,"ZNRF3",-1.60731486562472,0.421779237359864,0.00013851973047389,0.00152161546823297,-1.12068481618671,0.813232306093606,0.168184041121247,0.532011390175722,-1.60731486562472,0.421779237359864,0.000138519730473897,0.00150695077952276,-2.43398698027682,-0.780642750972616,0,0,0,1
84193,"SETD3",-0.691131781222588,0.220821092121294,0.00174909373188466,0.0122848221896359,-1.85568202689016,0.745167118800712,0.0127638995492436,0.0974533906814461,-0.691131781222588,0.220821092121294,0.00174909373188465,0.0121749094929626,-1.12393316880713,-0.25833039363805,0,0,0,1
84217,"ZMYND12",-2.26787743209024,0.497184288058658,5.08034426555385e-06,9.14995337276391e-05,-3.44678546307281,0.935379649525245,0.00022878765679754,0.00421809938423542,-2.26787743209024,0.497184288058658,5.08034426555385e-06,9.03671262961247e-05,-3.2423407303644,-1.29341413381608,0,0,0,1
84263,"HSDL2",-0.725519596699907,0.192369899748595,0.00016228092520155,0.00173049216586336,-1.49998025103484,0.728602690698389,0.0395222111279493,0.217950883939882,-0.725519596699907,0.192369899748595,0.00016228092520155,0.00171341716091816,-1.10255767191673,-0.34848152148308,0,0,0,1
84275,"SLC25A33",-0.987334411953437,0.373996765274646,0.00829171791970993,0.0424451834129426,-2.98250800101202,0.78714249855403,0.00015123552262627,0.003017328718683,-0.987334411953437,0.373996765274646,0.00829171791971002,0.0420764895413813,-1.72035460222622,-0.254314221680651,0,0,0,1
84289,"ING5",-0.635773481294215,0.208058878738363,0.00224507129001907,0.0150278987525731,-0.668107554475349,0.759827743933338,0.379245042820675,0.759796283393602,-0.635773481294215,0.208058878738363,0.00224507129001909,0.014902050895409,-1.04356139028519,-0.227985572303237,0,0,0,1
84417,"ECRG4",-2.50421891743014,0.631865682795509,7.39474405243884e-05,0.00090129189498819,-5.24306048108125,1.01320951974522,2.28271219469019e-07,1.05679485278489e-05,-2.50421891743014,0.631865682795509,7.39474405243876e-05,0.000891003878990454,-3.74265289877615,-1.26578493608413,0,0,0,1
84418,"CYSTM1",-1.23930239000282,0.284183893516155,1.29518456927829e-05,0.00020314414890028,-0.246750190729045,0.726512913573757,0.734130403922426,0.937679402433956,-1.23930239000282,0.284183893516155,1.29518456927832e-05,0.000200954816427843,-1.79629258628085,-0.68231219372479,0,0,0,1
84440,"RAB11FIP4",-0.91165341156875,0.225557328015002,5.30466744652005e-05,0.00068229855703881,-2.89622592772635,0.800221298004071,0.00029542243807085,0.00522255763673991,-0.91165341156875,0.225557328015002,5.30466744652006e-05,0.000674743690390849,-1.35373765092724,-0.469569172210259,0,0,0,1
84444,"DOT1L",-0.756120896660006,0.275846449260712,0.00612350877364429,0.0335083869256357,-0.557131495421247,0.776427736420467,0.473030210345726,0.825868662900721,-0.756120896660006,0.275846449260712,0.00612350877364419,0.0332246554507222,-1.29677000247426,-0.215471790845755,0,0,0,1
84457,"PHYHIPL",-1.48711519752747,0.411188990750795,0.00029847254134702,0.00288467405453979,-2.34920221338918,1.19654673991348,0.0496091904537521,0.255736826457838,-1.48711519752747,0.411188990750795,0.000298472541347024,0.00285817136007239,-2.2930308102384,-0.681199584816538,0,0,0,1
84517,"ACTRT3",-1.5687089324883,0.36622572982833,1.84018979715134e-05,0.00027570703904044,0.214969968153596,1.21689813183163,0.859780145760856,0.969458081329892,-1.5687089324883,0.36622572982833,1.84018979715122e-05,0.000272951364521342,-2.28649817316372,-0.850919691812877,0,0,0,1
84522,"JAGN1",-0.626127655848876,0.242397136940684,0.00979267597450692,0.0484130709921228,-0.268783830600052,0.744442774998088,0.718059291634357,0.931513074556158,-0.626127655848876,0.242397136940684,0.00979267597450691,0.0479951472789083,-1.10121731420824,-0.151037997489512,0,0,0,1
84619,"ZGPAT",-1.34984994936852,0.299006874411632,6.34829340651659e-06,0.00011070391195811,-1.70764394163694,1.01053665171089,0.0910588177682725,0.376524729084253,-1.34984994936852,0.299006874411632,6.34829340651633e-06,0.000109455294117723,-1.93589265434521,-0.76380724439183,0,0,0,1
84620,"ST6GAL2",-1.27479194699663,0.3916093876599,0.00113287000178152,0.00867122582512528,1.36846835107864,1.42289908634993,0.336176910517819,0.730755456477082,-1.27479194699663,0.3916093876599,0.0011328700017815,0.00859565910749579,-2.04233224281782,-0.507251651175442,0,0,0,1
84649,"DGAT2",-1.53985474002021,0.35048279195923,1.11527604070706e-05,0.00017756436638821,-2.4332748368278,0.901259994084241,0.00693688847789664,0.06252856907859,-1.53985474002021,0.35048279195923,1.11527604070705e-05,0.00017566900533707,-2.22678838946134,-0.852921090579075,0,0,0,1
84662,"GLIS2",-1.28052399861713,0.441867626138413,0.00375573304806645,0.0227968511064414,0.381545637277542,0.853255788545726,0.654756342616826,0.911343962256083,-1.28052399861713,0.441867626138413,0.00375573304806658,0.0226165916422875,-2.14656863178263,-0.414479365451631,0,0,0,1
84693,"MCEE",-1.09231743612172,0.400878456287869,0.00643385924087399,0.0349005075975315,-1.2139798703385,0.874367124457351,0.165012298791546,0.526550098143093,-1.09231743612172,0.400878456287869,0.00643385924087393,0.0346022034881145,-1.87802477262396,-0.306610099619482,0,0,0,1
84706,"GPT2",-1.41819731164953,0.409221760320579,0.00052905753446819,0.00464217084184676,-2.41205627211893,0.742558327215239,0.00116094563908987,0.0162000732435529,-1.41819731164953,0.409221760320579,0.000529057534468179,0.0046047874458622,-2.22025722356795,-0.616137399731113,0,0,0,1
84803,"GPAT3",-2.13042839185372,0.417871937021357,3.4275247966005e-07,8.74337366329838e-06,-5.26687375159695,0.884401226447056,2.59596753922824e-09,1.88336883073273e-07,-2.13042839185372,0.417871937021357,3.42752479660069e-07,8.63800314627423e-06,-2.94944233856557,-1.31141444514187,0,0,0,1
84816,"RTN4IP1",-0.935342650244652,0.312100330643528,0.00272713881539204,0.0175714803297842,2.90161823857847,0.809057457490174,0.00033525140388461,0.005822257282593,-0.935342650244652,0.312100330643528,0.00272713881539209,0.0174265462786405,-1.54704805786901,-0.323637242620294,0,0,0,1
84830,"ADTRP",-1.44321254172678,0.480948581048185,0.0026930438349287,0.0174336479200762,-1.4444572455532,1.50196348457285,0.336193978706985,0.730755456477082,-1.44321254172678,0.480948581048185,0.00269304383492868,0.0172823941105871,-2.38585443899687,-0.500570644456694,0,0,0,1
84836,"ABHD14B",-0.98198961582726,0.192742428086061,3.49057092324963e-07,8.8876800279551e-06,-1.50474462648035,0.845544854747604,0.0751389277378294,0.335623471871113,-0.98198961582726,0.192742428086061,3.49057092324954e-07,8.78047905936072e-06,-1.35975783316874,-0.604221398485779,0,0,0,1
84858,"ZNF503",-1.59233497468742,0.319485295381766,6.22626561220985e-07,1.45569453597901e-05,-2.18287537519533,0.845918795621325,0.00986634624608412,0.0812132105786463,-1.59233497468742,0.319485295381766,6.22626561220925e-07,1.43747841180509e-05,-2.21851464722582,-0.966155302149018,0,0,0,1
84869,"CBR4",-0.680200148893086,0.220505940172579,0.00203740555271552,0.0139319151995355,-1.51339085952975,0.77964708274073,0.0522433637354228,0.264767701823964,-0.680200148893086,0.220505940172579,0.00203740555271549,0.0138180780016413,-1.11238385000848,-0.248016447777687,0,0,0,1
84892,"POMGNT2",-0.610207695101735,0.229910953923043,0.00795191987762206,0.0411528000407812,0.0724406004028286,0.772580213831554,0.925296229275179,0.986599727545649,-0.610207695101735,0.229910953923043,0.00795191987762193,0.040783843232291,-1.06082488444215,-0.159590505761323,0,0,0,1
84915,"FAM222A",-1.15043006438648,0.430990021882377,0.0076015618066891,0.039940212187979,-2.14482238714053,1.03435672858873,0.0381182477984333,0.212657694691725,-1.15043006438648,0.430990021882377,0.00760156180668899,0.0395874306062525,-1.99515498497207,-0.305705143800891,0,0,0,1
84947,"SERAC1",-1.01032592458438,0.271499398743745,0.00019821365132177,0.00205614826208617,-1.3709092438541,0.914326040182644,0.133778746870494,0.469385693993145,-1.01032592458438,0.271499398743745,0.000198213651321777,0.00203542624582751,-1.5424549679464,-0.478196881222361,0,0,0,1
84952,"CGNL1",-1.24176309309821,0.236916781460952,1.59408507639679e-07,4.41073056219145e-06,-2.86993102895139,0.72011243247255,6.73685378052744e-05,0.00155728182769461,-1.24176309309821,0.236916781460952,1.59408507639679e-07,4.34203011819353e-06,-1.70611145209482,-0.777414734101597,0,0,0,1
84962,"AJUBA",-1.0868483473263,0.20927625856888,2.06524855553684e-07,5.61256854974011e-06,0.290068335907337,0.821225310112331,0.723927958935489,0.933398112309576,-1.0868483473263,0.20927625856888,2.06524855553655e-07,5.53593365294221e-06,-1.4970222769406,-0.676674417712003,0,0,0,1
85407,"NKD1",-0.959893880699371,0.321303152963675,0.00281267257972177,0.0180126544489508,-2.80877129007963,1.42728224133823,0.0490777252340809,0.253777722060463,-0.959893880699371,0.321303152963675,0.00281267257972174,0.0178630543534565,-1.58963648862734,-0.330151272771404,0,0,0,1
87769,"GGACT",-1.76310973315902,0.439759599407882,6.09098149831214e-05,0.00076410082342628,-5.61309545397389,0.736801452155944,2.57252037953462e-14,5.25766695617326e-12,-1.76310973315902,0.439759599407882,6.09098149831193e-05,0.00075551705190193,-2.62502270985423,-0.90119675646381,0,0,0,1
89797,"NAV2",-1.385803132925,0.306244684726188,6.03526865555319e-06,0.00010591819313147,-2.33871998476564,0.813796795794435,0.00405517177504226,0.0422457156379064,-1.385803132925,0.306244684726188,6.03526865555289e-06,0.000104727834340823,-1.98603168544515,-0.785574580404848,0,0,0,1
90141,"EFCAB11",-0.81108148579272,0.294289586416959,0.00585012139824748,0.032439218613959,-0.598373351638961,0.896902138446546,0.504672700514486,0.845611856420943,-0.81108148579272,0.294289586416959,0.00585012139824752,0.0321685101193195,-1.38787847619515,-0.234284495390293,0,0,0,1
90161,"HS6ST2",-5.2474040871309,0.49716941248534,4.83904580259204e-26,2.76712769144888e-23,-6.31506828096097,1.06246187353429,2.78477523325276e-09,1.99444650145654e-07,-5.2474040871309,0.49716941248534,4.83904580259204e-26,2.71853560651452e-23,-6.2218382298171,-4.27296994444469,0,0,0,1
90293,"KLHL13",-1.33525219653812,0.26600397676363,5.17603064574047e-07,1.246242887406e-05,-1.82202078748443,0.833679165505006,0.0288508907047228,0.174932010607977,-1.33525219653812,0.26600397676363,5.17603064574035e-07,1.23083635267226e-05,-1.85661041073926,-0.813893982336976,0,0,0,1
90507,"SCRN2",-1.81358944085073,0.392250825323868,3.77236398952751e-06,7.09204430031172e-05,-1.56330201111874,0.722149763045886,0.0304038319206188,0.181459337306856,-1.81358944085073,0.392250825323868,3.77236398952772e-06,7.00589306760362e-05,-2.58238693139162,-1.04479195030984,0,0,0,1
90736,"VCF2",-1.1284766327046,0.389224762137418,0.00374005198011967,0.0227117138828152,0.161663190128182,0.761299978443464,0.831832822551963,0.961625596547448,-1.1284766327046,0.389224762137418,0.00374005198011962,0.0225322255799611,-1.89134314838511,-0.365610117024092,0,0,0,1
90874,"ZNF697",-1.15048713009315,0.437726316105408,0.00858064291227116,0.0435828065610693,-1.79090799847281,0.842185945086524,0.033461690117976,0.194035600676758,-1.15048713009315,0.437726316105408,0.00858064291227138,0.0432011980530825,-2.00841494474514,-0.292559315441155,0,0,0,1
90987,"ZNF251",-1.44317411929534,0.558143973491371,0.00971909466563731,0.0481186346288623,2.61697226073511,1.82137322548666,0.15077120847391,0.501781635229344,-1.44317411929534,0.558143973491371,0.00971909466563731,0.0477038781859439,-2.53711620552651,-0.349232033064174,0,0,0,1
91584,"PLXNA4",-1.07708750353968,0.359672666463591,0.0027477556527438,0.0176877104025591,-0.290169556772429,1.80480018328418,0.872269391021932,0.973637744081546,-1.07708750353968,0.359672666463591,0.00274775565274381,0.0175416616789511,-1.78203297603181,-0.372142031047554,0,0,0,1
91703,"ACY3",-1.64786318239372,0.574387216425049,0.00411893621774429,0.0245135648969309,-0.468368999299989,1.03224348245094,0.650016781042123,0.910755121123788,-1.64786318239372,0.574387216425049,0.0041189362177442,0.0243150687494944,-2.77364143976703,-0.522084925020411,0,0,0,1
91750,"LIN52",-1.65614485558718,0.281459429228852,4.00144773527194e-09,1.59176431069194e-07,-2.78734202979458,0.847873682367557,0.00101099270404416,0.0145061872663323,-1.65614485558718,0.281459429228852,4.00144773527217e-09,1.56835813414752e-07,-2.20779519998493,-1.10449451118943,0,0,0,1
91862,"MARVELD3",-1.04710566669023,0.339689611584564,0.00205244476638832,0.013999876726597,-2.70484733273311,1.01167044133329,0.007503189453198,0.0662518187808984,-1.04710566669023,0.339689611584564,0.00205244476638841,0.0138851544331234,-1.71288507131838,-0.381326262062085,0,0,0,1
91875,"TTC5",-1.25600163804601,0.324189691411305,0.00010694040068388,0.00122918765409178,-0.190058624215928,0.96193827242781,0.843374611023747,0.964588487418752,-1.25600163804601,0.324189691411305,0.000106940400683879,0.00121574824824683,-1.89140175737132,-0.620601518720698,0,0,0,1
91894,"C11orf52",-1.45151733990991,0.284543984577153,3.37496859153036e-07,8.64143077428408e-06,-1.18212427861763,0.755785140434782,0.117793855940056,0.437039457980828,-1.45151733990991,0.284543984577153,3.37496859153039e-07,8.53746745208335e-06,-2.00921330169865,-0.893821378121169,0,0,0,1
92106,"OXNAD1",-0.944618911368095,0.267744808593041,0.0004186222079105,0.00381232327894079,-0.878860785772888,0.840400944160727,0.295670152841792,0.704454946186465,-0.944618911368095,0.267744808593041,0.000418622207910502,0.00377796735559391,-1.46938909325803,-0.419848729478164,0,0,0,1
92292,"GLYATL1",-3.76004997396359,0.440675308690306,1.43252550946601e-17,2.58683948577784e-15,-4.73906493219344,0.90168228424768,1.47379561736429e-07,7.24320843149799e-06,-3.76004997396359,0.440675308690306,1.43252550946593e-17,2.54141334791172e-15,-4.62375770787266,-2.89634224005452,0,0,0,1
92558,"BICDL1",-1.98899002499044,0.400557731772783,6.85061283052241e-07,1.58279142232474e-05,-2.72429292631278,0.945469429792197,0.00395889842047022,0.0415969771966523,-1.98899002499044,0.400557731772783,6.85061283052222e-07,1.56289023339985e-05,-2.77406875299415,-1.20391129698673,0,0,0,1
92597,"MOB1B",-1.40992845998748,0.388918809057299,0.00028868047515827,0.00280584337186417,-1.85851172002054,0.853705274378907,0.0294809749172011,0.177659711843716,-1.40992845998748,0.388918809057299,0.000288680475158278,0.00278019917611362,-2.17219531865,-0.647661601324964,0,0,0,1
92737,"DNER",-1.68095784371488,0.394072889127686,1.99364494695058e-05,0.00029451865717922,-5.47363775591231,1.23765860407772,9.75315657350966e-06,0.00028888531569935,-1.68095784371488,0.394072889127686,1.99364494695044e-05,0.000291543544682568,-2.45332651368879,-0.90858917374097,0,0,0,1
92949,"ADAMTSL1",-0.854738613219054,0.26228443318871,0.00111875338003127,0.00860155259806673,0.0304704431687932,1.23468059676262,0.980311160132625,0.997095952676005,-0.854738613219054,0.26228443318871,0.00111875338003125,0.00852693715260672,-1.36880665597443,-0.34067057046368,0,0,0,1
93664,"CADPS2",-0.97846545427768,0.250562870367115,9.41982604670561e-05,0.00110493754414519,-1.40844117970246,0.811178691430615,0.08251262942669,0.355757436728041,-0.97846545427768,0.250562870367115,9.41982604670577e-05,0.00109300787080666,-1.4695596560602,-0.487371252495156,0,0,0,1
94097,"SFXN5",-1.05215241766822,0.280397518803821,0.00017517770281331,0.00185218705193367,-1.97735977534322,1.0082371897081,0.0498551187368136,0.256688766485487,-1.05215241766822,0.280397518803821,0.000175177702813311,0.00183378957067692,-1.6017214558781,-0.502583379458338,0,0,0,1
94103,"ORMDL3",-0.884949706611267,0.309703579562032,0.00427115472351227,0.0252660894075355,-0.688152389074378,0.782519143410102,0.379180931219329,0.759767243699753,-0.884949706611267,0.309703579562032,0.00427115472351223,0.0250600431406072,-1.49195756843598,-0.277941844786549,0,0,0,1
94121,"SYTL4",-1.55146085030355,0.355246261485615,1.25801856823527e-05,0.00019776685945545,1.16203411847376,0.820239548132542,0.156570389383226,0.511194848173287,-1.55146085030355,0.355246261485615,1.25801856823534e-05,0.000195638573881396,-2.24773072845785,-0.855190972149246,0,0,0,1
112483,"SAT2",-1.52146636747338,0.27431992413838,2.91742934140951e-08,9.86177346835076e-07,-1.99592578727548,0.813361944793835,0.0141308103540247,0.104187527814826,-1.52146636747338,0.27431992413838,2.91742934140964e-08,9.71251847166078e-07,-2.05912353902636,-0.983809195920395,0,0,0,1
112609,"MRAP2",-2.80115119648765,0.495412727414407,1.56594872458327e-08,5.59663549379709e-07,-4.24675640624408,1.29270036486263,0.00101916393357339,0.0145631011487005,-2.80115119648765,0.495412727414407,1.5659487245833e-08,5.51271191998869e-07,-3.77214229970265,-1.83016009327265,0,0,0,1
112812,"FDX2",-0.843886134368248,0.327386844370637,0.0099476952194416,0.0490557560875374,-0.412023002245477,0.792795579409295,0.603266409152738,0.892964295265036,-0.843886134368248,0.327386844370637,0.00994769521944162,0.0486311728222376,-1.48555255834692,-0.20221971038958,0,0,0,1
112817,"HOGA1",-2.88279309064826,0.531366942091173,5.78767802537256e-08,1.76904439243236e-06,-4.0433615496451,0.855826881414275,2.30672337226579e-06,8.20772335367354e-05,-2.88279309064826,0.531366942091173,5.78767802537233e-08,1.74185854500212e-06,-3.92425315972214,-1.84133302157438,0,0,0,1
113220,"KIF12",-1.12974560422371,0.433746583331754,0.00919758484850455,0.0461021382253019,-1.95229285272322,0.722719179145662,0.00690656922940617,0.0623637897174666,-1.12974560422371,0.433746583331754,0.00919758484850479,0.0457099286813085,-1.97987328597125,-0.279617922476171,0,0,0,1
113277,"TMEM106A",-1.03693157112043,0.247233896375192,2.73918569546618e-05,0.00038635749727212,-2.36540097287516,0.780586860104304,0.00244322738007068,0.0288759151358284,-1.03693157112043,0.247233896375192,2.73918569546603e-05,0.000382323403022448,-1.52150110377331,-0.552362038467546,0,0,0,1
113278,"SLC52A3",-2.09298085129259,0.461510246186108,5.75846326238193e-06,0.00010210484471954,-3.84683335079799,1.06035586262579,0.00028576894513617,0.00509489548035869,-2.09298085129259,0.461510246186108,5.7584632623818e-06,0.000100964057433932,-2.99752431231357,-1.1884373902716,0,0,0,1
113675,"SDSL",-1.13222941469183,0.240530474422794,2.51120132523283e-06,4.97312077741635e-05,-0.270722508017613,0.750241929879516,0.718213867139828,0.931615129554078,-1.13222941469183,0.240530474422794,2.51120132523271e-06,4.91415493005988e-05,-1.60366048174484,-0.660798347638821,0,0,0,1
114796,"PSMG3-AS1",-1.12666973843108,0.437528714427872,0.0100218032129217,0.0492807569739869,-0.838613312545663,0.942287562869805,0.373478775125715,0.755797264275369,-1.12666973843108,0.437528714427872,0.0100218032129218,0.0488529569926599,-1.98421026091182,-0.269129215950341,0,0,0,1
114804,"RNF157",-1.28279174956566,0.453891132798015,0.00471023434680691,0.0272756355171215,-0.91178001110742,0.796597792391274,0.25237792125828,0.65647195570891,-1.28279174956566,0.453891132798015,0.00471023434680698,0.0270592627601187,-2.17240202275186,-0.393181476379464,0,0,0,1
114815,"SORCS1",-1.77471280286226,0.41543835056065,1.93810907589637e-05,0.00028848816656834,-8.1735669184266,1.43740557911763,1.29796114961387e-08,8.4312135296042e-07,-1.77471280286226,0.41543835056065,1.93810907589644e-05,0.000285590433555319,-2.58895700775786,-0.960468597966661,0,0,0,1
115111,"SLC26A7",-4.23353066969927,0.464843655635431,8.4357132904594e-20,2.14392091107898e-17,-5.08247820089177,0.938623075157282,6.13492222277928e-08,3.34734434283286e-06,-4.23353066969927,0.464843655635431,8.43571329046022e-20,2.10627263509769e-17,-5.14460749318665,-3.32245384621189,0,0,0,1
115704,"EVI5L",-1.04606625560777,0.328267313186667,0.00143941106586682,0.0104909598873905,-0.792244397788185,0.794785462100501,0.318860224387603,0.729143501022424,-1.04606625560777,0.328267313186667,0.00143941106586685,0.0103950612753523,-1.68945836675537,-0.402674144460172,0,0,0,1
115811,"DRC10",-1.1890588166132,0.395583642366053,0.00264853423732011,0.0172186091297874,-1.85168711519298,0.941950826316701,0.0493216956364322,0.254468203746548,-1.1890588166132,0.395583642366053,0.00264853423732008,0.0170698791213129,-1.96438850852384,-0.413729124702563,0,0,0,1
115825,"WDFY2",-0.723806003665601,0.202434459538325,0.00034954865691109,0.00329252283284002,-1.25668729656052,0.784871860251428,0.109346601098241,0.418961977093147,-0.723806003665601,0.202434459538325,0.000349548656911107,0.00326156715649305,-1.12057025359055,-0.327041753740653,0,0,0,1
116085,"SLC22A12",-5.10182387797006,1.07761026409146,2.19718289068763e-06,4.40849970640308e-05,-7.92226368194431,0.730564141524181,2.12868578676042e-27,2.74420346925523e-24,-5.10182387797006,1.07761026409146,2.19718289068759e-06,4.35656131105012e-05,-7.21390118496002,-2.9897465709801,0,0,0,1
116228,"COX20",-0.569701846770863,0.203529850084542,0.00512441388691346,0.0291169672134527,-0.380053768729488,0.76168997547509,0.617806695538035,0.899505990580565,-0.569701846770863,0.203529850084542,0.00512441388691333,0.0288805988270163,-0.968613022715402,-0.170790670826324,0,0,0,1
116238,"TLCD1",-1.69824451169307,0.394330753589854,1.65745602679229e-05,0.00025162529327098,-0.847989872484248,0.845637576223696,0.315966208133131,0.726574874053669,-1.69824451169307,0.394330753589854,1.65745602679227e-05,0.00024913578159688,-2.47111858672572,-0.925370436660418,0,0,0,1
116254,"GINM1",-1.16545453685068,0.366157178313793,0.00145790285862533,0.0106032108276492,-1.74109766799395,0.763619499338839,0.0226041773606031,0.147115886751979,-1.16545453685068,0.366157178313793,0.00145790285862527,0.0105060952660847,-1.88310941902652,-0.447799654674835,0,0,0,1
116362,"RBP7",-1.24641708360517,0.448738670101363,0.005476177848685,0.0307508448426158,0.452081173547527,0.830283765532692,0.586104356105218,0.88359227431249,-1.24641708360517,0.448738670101363,0.00547617784868512,0.0304978545781997,-2.12592871547424,-0.366905451736098,0,0,0,1
116535,"MRGPRF",-2.55418810625235,0.517557845968366,8.01189190349248e-07,1.817441396422e-05,-1.9826968882988,1.03162420701884,0.0546161063386623,0.273308846261463,-2.55418810625235,0.517557845968366,8.01189190349237e-07,1.79442422815262e-05,-3.56858284426648,-1.53979336823822,0,0,0,1
116966,"WDR17",-0.974767688864392,0.291270737308541,0.00081808112984729,0.00664733299350166,-0.862233407239519,1.34201638744965,0.520554452140585,0.852645558767558,-0.974767688864392,0.291270737308541,0.000818081129847304,0.00658912059362676,-1.54564784373956,-0.403887533989225,0,0,0,1
116987,"AGAP1",-0.733744514719114,0.227770818407612,0.00127558934595173,0.00954484086426133,-1.49621820468942,0.772803251584323,0.0528564323122773,0.267135388757978,-0.733744514719114,0.227770818407612,0.00127558934595174,0.00945966607341164,-1.18016711552725,-0.287321913910982,0,0,0,1
117145,"THEM4",-0.841954970027561,0.246769802829097,0.00064510739211709,0.00546172353449413,-1.13477716577023,0.794985237496664,0.153459109239971,0.505722721191852,-0.841954970027561,0.246769802829097,0.000645107392117098,0.00541592961887599,-1.32561489604464,-0.358295044010481,0,0,0,1
117246,"FTSJ3",-0.636424574060333,0.220173936825727,0.00384563899359006,0.0231927318058514,-0.801459697308058,0.731445958433075,0.273201488037683,0.68062856359554,-0.636424574060333,0.220173936825727,0.00384563899359001,0.0230078521078488,-1.06795756057315,-0.204891587547511,0,0,0,1
117247,"SLC16A10",-1.07696914027189,0.267048920816347,5.51036649215534e-05,0.00070413658974245,-2.3455948685421,0.869682220242527,0.00699523119488944,0.0629608375913813,-1.07696914027189,0.267048920816347,5.5103664921551e-05,0.000696309947645054,-1.60037540718222,-0.553562873361561,0,0,0,1
117583,"PARD3B",-1.10775896794604,0.264386457003575,2.79048801443343e-05,0.00039238378596397,-1.31909708397576,0.822109504787658,0.108597887912841,0.417429358608098,-1.10775896794604,0.264386457003575,2.79048801443331e-05,0.00038827812072863,-1.62594690167319,-0.589571034218886,0,0,0,1
117854,"TRIM6",-2.97260620487907,0.483457047386272,7.81472103267373e-10,3.74997312770679e-08,-2.07766909613135,0.784373273297687,0.00807716693380681,0.0698479053888898,-2.97260620487907,0.483457047386272,7.81472103267316e-10,3.69704855029937e-08,-3.92016460582824,-2.0250478039299,0,0,0,1
118471,"PRAP1",-2.66130210534059,0.848102886706883,0.00170135503134982,0.0120295705565404,-3.08408759419932,0.841624432169224,0.00024787417096407,0.00453012348002933,-2.66130210534059,0.848102886706883,0.00170135503134982,0.0119227494218761,-4.32355321847053,-0.999050992210646,0,0,0,1
118812,"MORN4",-1.4293206909014,0.198531849042281,6.04546464618814e-13,5.34994019326057e-11,0.496098071875267,0.836193254689033,0.55299271077327,0.866941519162697,-1.4293206909014,0.198531849042281,6.04546464618869e-13,5.25599268622319e-11,-1.81843596480841,-1.04020541699439,0,0,0,1
118980,"SFXN2",-2.28789683369229,0.401220025983898,1.18167196374845e-08,4.31310266768185e-07,-5.21708818912769,0.841139163065894,5.56057277122963e-10,4.67712723645247e-08,-2.28789683369229,0.401220025983898,1.18167196374854e-08,4.24866215659241e-07,-3.07427363449695,-1.50152003288763,0,0,0,1
119391,"GSTO2",-1.33661262970545,0.314058997366328,2.08183257515035e-05,0.0003065565478687,0.0979421804055182,0.882749729813901,0.91165500981182,0.982278049003177,-1.33661262970545,0.314058997366328,2.08183257515032e-05,0.000303452417413532,-1.95215695356421,-0.721068305846687,0,0,0,1
120071,"LARGE2",-1.52454553103481,0.539153671980632,0.00468889637128822,0.0271750058275167,-3.05364468613565,0.891970633988494,0.00061824530734217,0.00964351897256621,-1.52454553103481,0.539153671980632,0.0046888963712882,0.0269596544878801,-2.58126731024937,-0.467823751820249,0,0,0,1
120224,"TMEM45B",-2.24800352469788,0.403382155638963,2.5055083672046e-08,8.596399207879e-07,-2.20378557035049,1.06315170078843,0.0381834774162423,0.212936968963781,-2.24800352469788,0.403382155638963,2.50550836720454e-08,8.46660885088191e-07,-3.03861802175638,-1.45738902763938,0,0,0,1
120939,"TMEM52B",-5.51442722961055,0.556711001167105,3.94515712506614e-23,1.59245107012964e-20,-8.35633645392856,0.777930001072677,6.47979967273938e-27,7.7567830511028e-24,-5.51442722961055,0.556711001167105,3.94515712506628e-23,1.56448686815496e-20,-6.60556074169531,-4.42329371752579,0,0,0,1
121506,"ERP27",-2.7016097494029,0.415205193447521,7.68268493042075e-11,4.3749862234479e-09,-3.67859981165217,0.805945817262561,5.01100530544781e-06,0.0001605725390325,-2.7016097494029,0.415205193447521,7.68268493042066e-11,4.31606837153591e-09,-3.51539697475403,-1.88782252405177,0,0,0,1
122402,"TDRD9",-3.15377910386869,0.637845385448982,7.63686682746237e-07,1.7410026634567e-05,0.11079020480487,1.25445605248254,0.929624468186035,0.987319125418534,-3.15377910386869,0.637845385448982,7.63686682746265e-07,1.71899625099631e-05,-4.40393308705376,-1.90362512068362,0,0,0,1
122970,"ACOT4",-1.12011447362981,0.430504613006149,0.0092718600670317,0.0464235707989577,-0.326896230848233,0.78725642031293,0.677970054896209,0.919130722242537,-1.12011447362981,0.430504613006149,0.00927186006703175,0.0460281624756219,-1.96388801030022,-0.276340936959404,0,0,0,1
123096,"SLC25A29",-1.41858166541363,0.4277601377921,0.0009121730171522,0.00727406303741827,-1.69613330406174,0.746111514128338,0.0230082690512832,0.14899365573047,-1.41858166541363,0.4277601377921,0.000912173017152219,0.00721338931980257,-2.25697612950804,-0.580187201319223,0,0,0,1
123355,"LRRC28",-0.65856665022987,0.250146302989003,0.00847026746598219,0.0431820024900221,-1.76664150930431,0.826990242188608,0.0326606570980221,0.190757165148579,-0.65856665022987,0.250146302989003,0.00847026746598217,0.0428053284272255,-1.14884439495416,-0.16828890550558,0,0,0,1
123688,"HYKK",-1.71822211794577,0.289061474466519,2.77910570781882e-09,1.16281849799102e-07,-2.72619301786426,0.79517429474734,0.00060710104039772,0.00949991254530858,-1.71822211794577,0.289061474466519,2.77910570781895e-09,1.14589242380804e-07,-2.28477219721819,-1.15167203867335,0,0,0,1
123876,"ACSM2A",-1.98666321347044,0.445845566340168,8.35245403195736e-06,0.00013945143447029,-4.85180877304277,0.859036117645816,1.62355091188727e-08,1.03851487527934e-06,-1.98666321347044,0.445845566340168,8.35245403195784e-06,0.000137841049832176,-2.86050446616403,-1.11282196077685,0,0,0,1
124402,"UBALD1",-0.611237640886181,0.221544085795208,0.00579805305143191,0.0321766773304229,-1.8664392941135,0.769508203734256,0.0152874719551238,0.110147352749751,-0.611237640886181,0.221544085795208,0.00579805305143187,0.0319084018261825,-1.04545607003264,-0.177019211739722,0,0,0,1
124872,"B4GALNT2",-2.42475257178936,0.432842270651261,2.11976835569005e-08,7.4024684258245e-07,-0.637249093429344,1.05551217550615,0.546020186941941,0.863911412490368,-2.42475257178936,0.432842270651261,2.11976835569009e-08,7.29102978055342e-07,-3.27310783325237,-1.57639731032635,0,0,0,1
124935,"SLC43A2",-1.45950509627072,0.414001448128756,0.00042290397921042,0.00384621220058572,-3.02314600184387,0.868592842026153,0.00050046029370158,0.00806663036913003,-1.45950509627072,0.414001448128756,0.00042290397921041,0.00381150691958152,-2.27093302415051,-0.648077168390931,0,0,0,1
124936,"CYB5D2",-1.73261765779896,0.392964478273698,1.03803557315053e-05,0.00016779741114155,-0.946082668561013,0.766316325751071,0.216984980999113,0.605665542981382,-1.73261765779896,0.392964478273698,1.03803557315049e-05,0.000165827412710759,-2.50281388241898,-0.962421433178939,0,0,0,1
124975,"GGT6",-2.23216619042886,0.400525514840072,2.50254999148155e-08,8.596399207879e-07,-8.42711363266005,0.825157929383304,1.73905105115292e-24,1.38784555077485e-21,-2.23216619042886,0.400525514840072,2.5025499914813e-08,8.46660885088191e-07,-3.01718177440476,-1.44715060645296,0,0,0,1
124976,"SPNS2",-1.64791482985809,0.434561170949075,0.00014935739657559,0.00161019710180949,-0.170324340694581,0.819408839048119,0.835336358013964,0.963147648336929,-1.64791482985809,0.434561170949075,0.000149357396575598,0.0015944463800703,-2.49963907399783,-0.796190585718349,0,0,0,1
125061,"AFMID",-2.11244594691046,0.447311515687904,2.32918742029813e-06,4.65295024107301e-05,-2.86473280554425,0.727221240758136,8.17242961854776e-05,0.00183349060210498,-2.11244594691046,0.447311515687904,2.32918742029803e-06,4.59801376103637e-05,-2.98916040752877,-1.23573148629214,0,0,0,1
126353,"MISP",-2.54976487935985,0.63449960776405,5.8558762422284e-05,0.00074106507525058,0.398833078798232,1.34451334313074,0.766743276795259,0.94604761044437,-2.54976487935985,0.63449960776405,5.85587624222865e-05,0.000732779226214995,-3.79336125878218,-1.30616849993752,0,0,0,1
126695,"KDF1",-1.02963741413262,0.331111668271139,0.00187316782215898,0.0129769587033366,-2.64764915949825,0.905029844832123,0.00343922291298056,0.0374759016896236,-1.02963741413262,0.331111668271139,0.00187316782215896,0.0128659815314158,-1.67860435880503,-0.380670469460214,0,0,0,1
126823,"KLHDC9",-1.13646881170527,0.379208907858365,0.00272698560470541,0.0175714803297842,-0.945714636759183,0.864882442174131,0.274191739390464,0.681303824750743,-1.13646881170527,0.379208907858365,0.00272698560470537,0.0174265462786405,-1.87970461372443,-0.393233009686107,0,0,0,1
127018,"LYPLAL1",-0.806302601098592,0.190145720698197,2.23076410021658e-05,0.00032431150965436,-1.31538155718903,0.817872356097567,0.107770174028574,0.415391064062757,-0.806302601098592,0.190145720698197,2.23076410021669e-05,0.000320996716789986,-1.17898136548147,-0.433623836715714,0,0,0,1
127124,"ATP6V1G3",-5.10023593492248,0.711125215512222,7.3875102443479e-13,6.33663691208941e-11,-8.47849232720786,1.30480036001946,8.14364402516225e-11,8.32191037912769e-09,-5.10023593492248,0.711125215512222,7.38751024434747e-13,6.22536253903356e-11,-6.49401574582472,-3.70645612402024,0,0,0,1
127262,"TPRG1L",-0.874009336517737,0.283566405302849,0.00205474388699049,0.0140085966741468,-2.37728067494395,0.8071065330326,0.00322499811428971,0.0356986416098951,-0.874009336517737,0.283566405302849,0.00205474388699047,0.0138937371255228,-1.42978927813681,-0.318229394898665,0,0,0,1
127707,"KLHDC7A",-1.39847063320895,0.494202401321167,0.00465839802776024,0.0270415365751427,-0.390358698154583,0.881385515834819,0.657843768595948,0.912449932353992,-1.39847063320895,0.494202401321167,0.00465839802776017,0.0268275767044661,-2.36708954087165,-0.429851725546253,0,0,0,1
128387,"TATDN3",-1.2084304041559,0.4029408198973,0.00270843290867837,0.0175250038843479,-0.766013709235222,0.819074036553125,0.349675380910591,0.736893579096502,-1.2084304041559,0.4029408198973,0.00270843290867836,0.0173728834004331,-1.99817989905565,-0.418680909256152,0,0,0,1
128853,"DUSP15",-2.7807002277304,0.550275973758658,4.34279656314841e-07,1.06286870571347e-05,-2.01763793939254,0.77035665405827,0.00881631636299295,0.0747978583765558,-2.7807002277304,0.550275973758658,4.34279656314864e-07,1.04981822439542e-05,-3.85922131785508,-1.70217913760572,0,0,0,1
129285,"PPP1R21",-0.591141825824126,0.209761134879423,0.00482987407299937,0.0278041911819813,-1.73572513830343,0.756825198323254,0.0218232973135505,0.14297757610547,-0.591141825824126,0.209761134879423,0.00482987407299945,0.0275820381729147,-1.00226609554404,-0.180017556104208,0,0,0,1
129642,"MBOAT2",-1.36349605407568,0.268004823499488,3.62660891712905e-07,9.14918764313953e-06,-1.6417828563398,0.777432159345885,0.0347034282563862,0.199079825889631,-1.36349605407568,0.268004823499488,3.62660891712917e-07,9.03836747313356e-06,-1.88877585581769,-0.83821625233367,0,0,0,1
130013,"ACMSD",-1.69087702562365,0.482021129066009,0.00045167602547957,0.00406212436021078,-2.83494907868558,0.780297379701256,0.00027996593153038,0.00500207787475243,-1.69087702562365,0.482021129066009,0.000451676025479591,0.00402508119731746,-2.63562107838036,-0.74613297286694,0,0,0,1
130271,"PLEKHH2",-1.06924292038075,0.371740084553515,0.00402343377639002,0.0240914507622935,-2.14540530670689,0.917678963740562,0.0193944912551668,0.131114271458387,-1.06924292038075,0.371740084553515,0.00402343377639015,0.0238977786815279,-1.79784009771551,-0.340645743045986,0,0,0,1
130574,"LYPD6",-1.14651978890519,0.361668610626865,0.00152395001049601,0.0110393235864613,-3.88068903531692,1.68307202194156,0.0211264086498481,0.139471894193026,-1.14651978890519,0.361668610626865,0.00152395001049602,0.0109378187639148,-1.85537724007249,-0.437662337737894,0,0,0,1
130589,"GALM",-1.49241270691864,0.299847159437356,6.44957411816606e-07,1.50023652877476e-05,-3.10926210285821,0.721395969072905,1.63208015073228e-05,0.0004513536509261,-1.49241270691864,0.299847159437356,6.44957411816626e-07,1.48142432428e-05,-2.0801023402825,-0.904723073554783,0,0,0,1
130733,"TMEM178A",-2.32562145349591,0.382601472319335,1.21354684867794e-09,5.5701394485806e-08,-3.14466101164956,0.922764589576748,0.00065472273695406,0.0100850168645342,-2.32562145349591,0.382601472319335,1.21354684867791e-09,5.49068864453833e-08,-3.0755065596738,-1.57573634731802,0,0,0,1
130752,"MDH1B",-1.87009800771714,0.454639850194204,3.89939207542445e-05,0.00052108331882302,-2.20545096861743,1.02680856114176,0.0317241101771327,0.186614377837335,-1.87009800771714,0.454639850194204,3.89939207542452e-05,0.00051544611130342,-2.76117574003447,-0.979020275399815,0,0,0,1
130888,"FBXO36",-1.36812664304214,0.289880035537595,2.36273485064233e-06,4.71310655381038e-05,-1.12549911211939,0.983753391414494,0.252587707736855,0.656591375984207,-1.36812664304214,0.289880035537595,2.36273485064226e-06,4.65742017415345e-05,-1.93628107253302,-0.799972213551263,0,0,0,1
130940,"CCDC148",-0.969559034745875,0.341157915103356,0.00448363391279702,0.0262191311162327,-1.35558989517571,1.07791732325745,0.208536094385003,0.595273341124988,-0.969559034745875,0.341157915103356,0.0044836339127971,0.0260135279938045,-1.63821626138923,-0.300901808102524,0,0,0,1
132158,"GLYCTK",-1.45487848295777,0.368703067162838,7.94890461655671e-05,0.00095609786991782,-2.39552941510579,0.740775834298579,0.0012215004608253,0.0167810501373588,-1.45487848295777,0.368703067162838,7.94890461655712e-05,0.000945940696778814,-2.17752321558639,-0.732233750329155,0,0,0,1
133022,"TRAM1L1",-1.59052979722018,0.434226507528051,0.00024937249484621,0.00248887498534067,-1.04165215223648,1.08781025495,0.338280705744175,0.730755456477082,-1.59052979722018,0.434226507528051,0.000249372494846207,0.00246484498169712,-2.44159811310777,-0.739461481332589,0,0,0,1
133121,"ENPP6",-3.39128009769289,0.644681637527625,1.43746227761623e-07,4.01786808513342e-06,-7.43292042922767,0.813650748812372,6.52429103964834e-20,2.73351483833666e-17,-3.39128009769289,0.644681637527625,1.43746227761615e-07,3.95536814063236e-06,-4.65483288874134,-2.12772730664444,0,0,0,1
133688,"UGT3A1",-1.90768063914959,0.502987084465514,0.00014901632590254,0.0016077830634328,-5.32225825819135,1.06867059972453,6.34986545713382e-07,2.60826949010063e-05,-1.90768063914959,0.502987084465514,0.000149016325902541,0.00159206586540726,-2.8935172093908,-0.921844068908377,0,0,0,1
133746,"JMY",-0.866005246325056,0.253418882714157,0.00063248388022159,0.00536809447876387,-1.57539077790484,0.832175259490555,0.0583446050717678,0.284408736590389,-0.866005246325056,0.253418882714157,0.0006324838802216,0.00532320858740814,-1.36269712944718,-0.369313363202928,0,0,0,1
134147,"CMBL",-1.19493521606776,0.343434341259173,0.00050259375496087,0.00444146599683393,-2.8275308724823,0.767754517334878,0.00023063363657056,0.00424746056624839,-1.19493521606776,0.343434341259173,0.000502593754960871,0.00440602834729351,-1.86805415598998,-0.521816276145543,0,0,0,1
134285,"TMEM171",-0.942794724661804,0.359803171057046,0.00878506719837223,0.0445100749597253,-1.42880595775354,0.807706746469522,0.0768995104416019,0.340757892752736,-0.942794724661804,0.359803171057046,0.00878506719837212,0.0441191801343536,-1.64799598145692,-0.23759346786669,0,0,0,1
134288,"TMEM174",-3.45437124660094,0.870719747045727,7.27037970262232e-05,0.00088771077436644,-9.29955116534251,1.00863365326174,2.97240673597841e-20,1.34633958076384e-17,-3.45437124660094,0.870719747045727,7.27037970262214e-05,0.000877587551749814,-5.16095059143839,-1.74779190176349,0,0,0,1
134548,"SOWAHA",-1.93615242353094,0.505860647438138,0.00012948174074988,0.00143538563009,-1.31030986112537,1.37292525104496,0.339884891226784,0.730755456477082,-1.93615242353094,0.505860647438138,0.000129481740749888,0.00142050635519181,-2.9276210737058,-0.944683773356076,0,0,0,1
134728,"IRAK1BP1",-0.772666576661494,0.261169372024016,0.00309151803673933,0.0194178460119957,-1.81698645021784,0.91698601658362,0.0475378368476551,0.2485761646583,-0.772666576661494,0.261169372024016,0.00309151803673929,0.0192530890020119,-1.28454913969351,-0.26078401362948,0,0,0,1
135112,"NCOA7",-1.10132689165465,0.353937342725939,0.00186048919673154,0.0129045767303749,-2.45021357305734,0.74193587252722,0.00095840741641689,0.0138107909645149,-1.10132689165465,0.353937342725939,0.00186048919673148,0.0127943371235344,-1.7950313361813,-0.407622447128,0,0,0,1
135138,"PACRG",-2.65435300968408,0.503328047120314,1.33770090516998e-07,3.80095387630493e-06,-1.85296622239784,1.11054752686624,0.0952133553766032,0.386591599479843,-2.65435300968408,0.503328047120314,1.33770090516999e-07,3.74195462747032e-06,-3.64085785444877,-1.66784816491939,0,0,0,1
135892,"TRIM50",-1.76982379217746,0.648566445975131,0.00635605845588025,0.0345741364441144,-5.54449336797092,1.02404025294806,6.15181131089278e-08,3.34734434283286e-06,-1.76982379217746,0.648566445975131,0.00635605845588026,0.0342794944642534,-3.04099066786986,-0.498656916485061,0,0,0,1
135932,"TMEM139",-1.14845326530872,0.373324808587679,0.00209597858237515,0.0142331568849662,-0.0284059785501143,0.785383508779122,0.971148170308508,0.994680010056096,-1.14845326530872,0.373324808587679,0.00209597858237523,0.0141159236893932,-1.88015644467588,-0.41675008594156,0,0,0,1
138046,"RALYL",-3.00404951990945,0.460957610372797,7.17390686304853e-11,4.11944342211205e-09,-8.40851934008101,1.24257074562805,1.3144856883363e-11,1.63181227043171e-09,-3.00404951990945,0.460957610372797,7.17390686304866e-11,4.0641086653145e-09,-3.90750983463978,-2.10058920517912,0,0,0,1
140462,"ASB9",-1.17157643722719,0.314384448936203,0.00019410127006916,0.00201653734324698,-3.48679394230356,0.812120638053443,1.75923227327888e-05,0.00048096205004699,-1.17157643722719,0.314384448936203,0.000194101270069169,0.00199623754717208,-1.78775863444162,-0.55539424001276,0,0,0,1
140597,"TCEAL2",-5.01219637653236,0.733334742386842,8.21194523647068e-12,5.66335358921224e-10,-1.51950966936433,1.06157068842905,0.15232171026446,0.50469741841085,-5.01219637653236,0.733334742386842,8.21194523647052e-12,5.56390239313226e-10,-6.44950606022253,-3.57488669284219,0,0,0,1
143098,"MPP7",-1.74471531863287,0.283796943434928,7.85851299340392e-10,3.75784781607928e-08,-2.41141701649478,0.88893462338802,0.00667365745128716,0.0608508298292283,-1.74471531863287,0.283796943434928,7.85851299340366e-10,3.70476680734481e-08,-2.30094710668788,-1.18848353057786,0,0,0,1
143662,"MUC15",-7.45131095622486,0.743797141261772,1.27132133724914e-23,5.45237938512725e-21,-8.90168163411153,1.58939145442727,2.13505822692611e-08,1.3252385490761e-06,-7.45131095622486,0.743797141261772,1.27132133724923e-23,5.35663299691606e-21,-8.90912656490178,-5.99349534754794,0,0,0,1
144100,"PLEKHA7",-1.21528967244441,0.350591602181029,0.00052748382526304,0.00463456339174776,-1.76021544447714,0.753019052926031,0.0194108968803404,0.131119395734633,-1.21528967244441,0.350591602181029,0.00052748382526306,0.00459732670718929,-1.90243658600142,-0.528142758887399,0,0,0,1
144110,"TMEM86A",-1.35276342081504,0.400418809926272,0.0007291655113612,0.00605022217528483,-1.8200024041205,0.756177853447754,0.0160910256758973,0.114444897751778,-1.35276342081504,0.400418809926272,0.000729165511361194,0.00599837619870835,-2.13756986700292,-0.567956974627158,0,0,0,1
144193,"AMDHD1",-1.89519179474437,0.420450737894936,6.5588511665476e-06,0.00011351030694791,-2.83213944285677,0.874384519779492,0.00119945733786779,0.0165582417836295,-1.89519179474437,0.420450737894936,6.55885116654757e-06,0.000112224606952488,-2.71926009829173,-1.07112349119701,0,0,0,1
145226,"RDH12",-3.35755579289488,0.518210759257004,9.22519142072545e-11,5.18879209254246e-09,-4.81375096699522,1.01361368569984,2.04325679333444e-06,7.34827051491241e-05,-3.35755579289488,0.518210759257004,9.22519142072463e-11,5.11865250722758e-09,-4.37323021743976,-2.34188136835,0,0,0,1
145407,"ARMH4",-1.68525250468717,0.318674148914491,1.23441432537508e-07,3.53676455145044e-06,-3.21176301378508,0.84478610343094,0.00014361077385678,0.0028858188957625,-1.68525250468717,0.318674148914491,1.23441432537513e-07,3.48192643285206e-06,-2.30984235936353,-1.06066265001081,0,0,0,1
145773,"FAM81A",-1.98563512017719,0.45088506591116,1.06341133635356e-05,0.0001710932846438,-2.48310255286414,0.997993624414725,0.0128429564138517,0.0977896894773921,-1.98563512017719,0.45088506591116,1.06341133635356e-05,0.000169279516505962,-2.86935361053003,-1.10191662982435,0,0,0,1
146206,"CARMIL2",-1.14358536159656,0.294226312170176,0.00010159352254022,0.00117264045697398,0.485584023305916,1.67690350047058,0.772143816833756,0.947175231262847,-1.14358536159656,0.294226312170176,0.000101593522540225,0.00115985221372553,-1.72025833675414,-0.566912386438976,0,0,0,1
146223,"CMTM4",-1.55177296806512,0.337044149727808,4.14324265643099e-06,7.66332374890283e-05,-2.1032387437519,0.811768503155593,0.00957158022299537,0.0795126381331723,-1.55177296806512,0.337044149727808,4.14324265643138e-06,7.56955836540167e-05,-2.21236736273155,-0.891178573398691,0,0,0,1
146325,"PRR35",-6.73840200990642,0.69706536068265,4.17158034302212e-22,1.43126921569089e-19,-7.98310001888531,1.50982043232787,1.24033260417924e-07,6.18652800995232e-06,-6.73840200990642,0.69706536068265,4.17158034302212e-22,1.40613544412418e-19,-8.10462501171483,-5.372179008098,0,0,0,1
146556,"C16orf89",-2.35255244092698,0.649931881186625,0.00029495527311455,0.00285470110594087,-5.05365202442347,0.967611147961639,1.76225388293292e-07,8.46235324471998e-06,-2.35255244092698,0.649931881186625,0.000294955273114556,0.00282850778620452,-3.62639552045713,-1.07870936139683,0,0,0,1
146691,"TOM1L2",-1.35183604752907,0.365429721664896,0.00021619055236765,0.00220430842547825,-1.62971178433221,0.756579320811184,0.0312360335468253,0.184715838465506,-1.35183604752907,0.365429721664896,0.000216190552367661,0.0021818092945907,-2.06806514087276,-0.635606954185378,0,0,0,1
146802,"SLC47A2",-3.58626535560843,0.709702056949728,4.34471978945829e-07,1.06286870571347e-05,-7.07358236234603,0.799632389092554,9.06774675500229e-19,3.1659659972309e-16,-3.58626535560843,0.709702056949728,4.34471978945815e-07,1.04981822439542e-05,-4.97725582698389,-2.19527488423297,0,0,0,1
147372,"CCBE1",-2.24066634015886,0.457213553719079,9.54959160678969e-07,2.12068924290585e-05,-3.17416323409037,1.32980056848511,0.0169889487357276,0.118880080109419,-2.24066634015886,0.457213553719079,9.54959160678909e-07,2.09361209161524e-05,-3.13678843869182,-1.3445442416259,0,0,0,1
147912,"SIX5",-1.12331362715207,0.394635209014105,0.00442081807752476,0.0259251468342803,0.145270952791341,1.10939025710156,0.895817500254886,0.978318825692567,-1.12331362715207,0.394635209014105,0.00442081807752481,0.0257226099353418,-1.89678442385115,-0.349842830452988,0,0,0,1
148223,"C19orf25",-0.905144327314416,0.338453206189436,0.00748729467395677,0.0394197219049587,0.629567703715675,0.786102927881047,0.423205839977499,0.794735795168428,-0.905144327314416,0.338453206189436,0.00748729467395682,0.0390722034011335,-1.56850042189782,-0.241788232731013,0,0,0,1
148252,"DIRAS1",-1.51929353810187,0.476711543705848,0.00143742336990945,0.0104820394944938,-3.19534352835938,1.06186441571104,0.00261951946668829,0.0305011892779024,-1.51929353810187,0.476711543705848,0.00143742336990943,0.0103862697194474,-2.45363099477982,-0.584956081423916,0,0,0,1
148398,"SAMD11",-1.91270790112637,0.453888032622998,2.50829179237084e-05,0.0003578357230613,-0.600155956987236,0.98996436852649,0.544355422667776,0.863131850699613,-1.91270790112637,0.453888032622998,2.5082917923709e-05,0.000354128777345935,-2.80231209808119,-1.02310370417155,0,0,0,1
148808,"SLC60A1",-3.4132415806711,0.25217762944054,9.70914222931375e-42,1.33248267955102e-38,-4.51457227343227,0.893995544845228,4.42082377141196e-07,1.8852057400787e-05,-3.4132415806711,0.25217762944054,9.70914222931093e-42,1.30908364677799e-38,-3.90750065208125,-2.91898250926095,0,0,0,1
148811,"PM20D1",-3.00630129401077,0.590227578459716,3.51584953815582e-07,8.91771395011749e-06,-4.96182939564834,0.863353721444786,9.07564463337035e-09,5.96465601610407e-07,-3.00630129401077,0.590227578459716,3.51584953815577e-07,8.80987779174221e-06,-4.1631260904741,-1.84947649754744,0,0,0,1
149461,"CLDN19",-3.43751014384698,0.408154591595089,3.69862067078217e-17,6.34498376072681e-15,-6.45362671925869,1.07464647971298,1.90921263149322e-09,1.43482038077107e-07,-3.43751014384698,0.408154591595089,3.69862067078183e-17,6.23356281301893e-15,-4.23747844349801,-2.63754184419595,0,0,0,1
149466,"C1orf210",-1.50294876261111,0.500259984218255,0.00266161763079941,0.0172627790005156,-5.76853671388279,0.868903593726705,3.16100198675177e-11,3.55538471785053e-09,-1.50294876261111,0.500259984218255,0.0026616176307995,0.0171133001984118,-2.48344031458547,-0.522457210636754,0,0,0,1
149563,"SRARP",-2.23156246661209,0.464876441289365,1.58400751725796e-06,3.35477147636546e-05,-5.34196433719105,1.50066918879082,0.00037124832885846,0.00634476689933682,-2.23156246661209,0.464876441289365,1.58400751725798e-06,3.31118966747121e-05,-3.14270354880039,-1.32042138442379,0,0,0,1
150094,"SIK1",-1.70135228292059,0.603084278616464,0.0047861452353497,0.0276335957971978,3.47347879414371,1.42109779803639,0.0145164826387115,0.106194842022521,-1.70135228292059,0.603084278616464,0.00478614523534958,0.0274135922719704,-2.88337574865118,-0.519328817190001,0,0,0,1
150696,"PROM2",-2.49039337751679,0.305446771256334,3.54181148468731e-16,5.61706162031631e-14,-3.42193698651522,0.8344982518917,4.12094282729372e-05,0.00100382094247988,-2.49039337751679,0.305446771256334,3.54181148468652e-16,5.51842333333789e-14,-3.08905804837325,-1.89172870666033,0,0,0,1
151126,"ZNF385B",-1.89420388246668,0.541625358626126,0.0004700661232363,0.00419725925523426,-2.3017547590414,0.929449839295503,0.0132688729536491,0.100032857323529,-1.89420388246668,0.541625358626126,0.000470066123236305,0.00416419286438574,-2.95577007848748,-0.832637686445882,0,0,0,1
151295,"SLC23A3",-1.67718762558714,0.592639445966152,0.0046543587046853,0.0270319165734664,-2.05935690900489,0.90316094221285,0.0225978426518713,0.147115886751979,-1.67718762558714,0.592639445966152,0.00465435870468539,0.0268182557330227,-2.83873959549857,-0.515635655675711,0,0,0,1
151449,"GDF7",-1.59514582367777,0.373068537299028,1.90499423920764e-05,0.0002844846674525,-1.82317688409007,1.06198312774931,0.0860218739576528,0.364050652943511,-1.59514582367777,0.373068537299028,1.90499423920777e-05,0.000281634181219718,-2.3263467205489,-0.863944926806637,0,0,0,1
151556,"GPR155",-1.68204586277716,0.326289366840684,2.53530658228493e-07,6.67841603364268e-06,-3.26519640530969,0.77138916051917,2.3071941261553e-05,0.00060416041187869,-1.68204586277716,0.326289366840684,2.53530658228482e-07,6.59913873531781e-06,-2.32156127032328,-1.04253045523104,0,0,0,1
152330,"CNTN4",-1.17397494673455,0.348664463597949,0.00075973541990029,0.0062584687291186,-2.37891526676671,1.1804938211982,0.0438851066253712,0.234561365686335,-1.17397494673455,0.348664463597949,0.000759735419900256,0.00620442923471542,-1.85734473807551,-0.490605155393593,0,0,0,1
152404,"IGSF11",-2.2595278847059,0.456123440204869,7.2791478333021e-07,1.6649837477373e-05,-5.53112661976354,1.04345256443832,1.15300415125048e-07,5.82023993096588e-06,-2.2595278847059,0.456123440204869,7.2791478333024e-07,1.64396566560161e-05,-3.15351340001195,-1.36554236939985,0,0,0,1
152519,"NIPAL1",-1.49233108744952,0.477507125778205,0.0017765154881952,0.012439233959179,-1.2826999158565,1.39471064144927,0.357735347257922,0.743002439545856,-1.49233108744952,0.477507125778205,0.00177651548819527,0.0123277191597204,-2.42822785633604,-0.556434318563,0,0,0,1
152573,"SHISA3",-1.64380894013176,0.598776043804085,0.00604589683818326,0.0332294305996104,-3.6559815267609,0.912456633035503,6.15611286969263e-05,0.00143691219475179,-1.64380894013176,0.598776043804085,0.00604589683818332,0.0329494046359037,-2.81738842079314,-0.470229459470376,0,0,0,1
152926,"PPM1K",-1.08177515726618,0.277165661012812,9.50111280751642e-05,0.00111257058165832,-2.11600901449641,0.770593442215947,0.00603364471319539,0.0565420315379376,-1.08177515726618,0.277165661012812,9.50111280751695e-05,0.00110054556687071,-1.62500987060253,-0.538540443929831,0,0,0,1
153201,"SLC36A2",-6.11589026056398,0.630780852477857,3.14335339616742e-22,1.10613800023081e-19,-7.42298279930841,0.998515329433537,1.0534613533526e-13,1.89838266890712e-11,-6.11589026056398,0.630780852477857,3.14335339616769e-22,1.08671368821869e-19,-7.35219801355805,-4.87958250756991,0,0,0,1
153328,"SLC25A48",-2.97680461361719,0.45629821041348,6.85417391654847e-11,3.95238163154249e-09,-4.30846859786243,0.973026253007748,9.51524348148753e-06,0.00028324327798623,-2.97680461361719,0.45629821041348,6.85417391654807e-11,3.89935978551973e-09,-3.87113267223769,-2.08247655499669,0,0,0,1
153562,"MARVELD2",-1.3094736848923,0.345154621829672,0.0001483140235889,0.00160398869955411,-3.00947091398541,1.36655034632174,0.027648407501251,0.169604561242118,-1.3094736848923,0.345154621829672,0.000148314023588903,0.00158833834793422,-1.985964312776,-0.6329830570086,0,0,0,1
153572,"IRX2",-5.19829693244052,0.56550002246314,3.84207099442527e-20,1.10320286780819e-17,-3.14156779968867,1.10184644289655,0.00435566504643999,0.0444288438912281,-5.19829693244052,0.56550002246314,3.84207099442501e-20,1.08383009812424e-17,-6.30665660972487,-4.08993725515617,0,0,0,1
154091,"SLC2A12",-3.91987254818277,0.514258981892212,2.49058732693414e-14,2.82486119626811e-12,-5.0927834590161,1.0787803585395,2.34836259599456e-06,8.3381798191256e-05,-3.91987254818277,0.514258981892212,2.49058732693399e-14,2.77525528339264e-12,-4.92780163141774,-2.9119434649478,0,0,0,1
154661,"RUNDC3B",-1.28530179015509,0.416155231939803,0.00201159352960348,0.013789765035104,-1.23018820814921,1.21471344525794,0.311184636408478,0.722819587189146,-1.28530179015509,0.416155231939803,0.00201159352960346,0.0136774158142428,-2.10095105673502,-0.469652523575163,0,0,0,1
155006,"TMEM213",-6.33290093314135,0.693709304338099,6.91085163714202e-20,1.8239332282334e-17,-8.77393939062591,0.858839747216036,1.68070758063571e-24,1.38784555077485e-21,-6.33290093314135,0.693709304338099,6.91085163714122e-20,1.79190408891491e-17,-7.69254618538436,-4.97325568089834,0,0,0,1
155382,"VPS37D",-1.01335196510261,0.387910209378276,0.00899257168936512,0.0453034789606215,-0.570253473015978,0.893690263028182,0.523416076766615,0.853300586627597,-1.01335196510261,0.387910209378276,0.00899257168936498,0.0449200386616864,-1.77364200471942,-0.253061925485798,0,0,0,1
157506,"RDH10",-1.24940194564814,0.440521437612459,0.00456554550144742,0.026594883897226,-1.23575462219719,0.763447490171709,0.10552249406086,0.410205499795655,-1.24940194564814,0.440521437612459,0.0045655455014475,0.0263854479194242,-2.11280809778637,-0.385995793509912,0,0,0,1
157638,"LRATD2",-0.871291478419715,0.284579191273242,0.00220095874183912,0.0148034616463238,-0.930326822332831,0.761735948885133,0.221963158095582,0.614219597832037,-0.871291478419715,0.284579191273242,0.00220095874183912,0.0146801658282951,-1.4290564440648,-0.313526512774626,0,0,0,1
157983,"DOCK8-AS1",-1.99243067963059,0.500899528330276,6.95835538752599e-05,0.00085417235544192,-4.92035342434017,0.823569439375159,2.30903857868433e-09,1.6898330803568e-07,-1.99243067963059,0.500899528330276,6.95835538752629e-05,0.000844459997209873,-2.97417571503103,-1.01068564423015,0,0,0,1
159963,"SLC5A12",-3.47622896967026,0.551828997489225,2.98669444715392e-10,1.54676960727322e-08,-6.60245668232939,0.71718344743772,3.38215078480831e-20,1.49161750006848e-17,-3.47622896967026,0.551828997489225,2.98669444715382e-10,1.52536368299148e-08,-4.55779393037398,-2.39466400896653,0,0,0,1
161291,"CDC50B",-1.99058036924862,0.370216207552034,7.5819195978216e-08,2.25225680866891e-06,-2.45647323858632,1.04999710918434,0.0193093253332284,0.130696681445709,-1.99058036924862,0.370216207552034,7.58191959782171e-08,2.21750589885965e-06,-2.71619080254361,-1.26496993595363,0,0,0,1
163059,"ZNF433",-1.00096376719625,0.321355894245411,0.00184061072733688,0.0127901476566943,-0.791802577715307,0.902305421169497,0.380197326374857,0.760530794069733,-1.00096376719625,0.321355894245411,0.00184061072733698,0.0126811213268699,-1.63080974613692,-0.371117788255582,0,0,0,1
163183,"SYNE4",-2.72888059412879,0.565945003528495,1.42259759487081e-06,3.05535671236416e-05,-1.49948124315661,0.930793767790926,0.107186166027574,0.413996993882486,-2.72888059412879,0.565945003528495,1.42259759487073e-06,3.01586216535253e-05,-3.83811241827503,-1.61964876998255,0,0,0,1
163255,"ZNF540",-0.722267902474682,0.22608156860706,0.00139965288557476,0.0102776009639529,-1.83173253881135,0.985757158175567,0.0631408214365283,0.300106927525462,-0.722267902474682,0.22608156860706,0.00139965288557476,0.0101843064523499,-1.16537963451284,-0.279156170436523,0,0,0,1
163589,"TDRD5",-1.68854799721505,0.537950037417851,0.00169608456671022,0.012006570488798,0.474670335384995,1.92008182734686,0.804742922820964,0.955230039980785,-1.68854799721505,0.537950037417851,0.00169608456671018,0.0119000620458826,-2.74291069603601,-0.634185298394088,0,0,0,1
163702,"IFNLR1",-0.751847118392931,0.263990038322852,0.00439930974251081,0.0258570136643334,-0.509358920022639,1.03093684670175,0.621254036692509,0.899665410168663,-0.751847118392931,0.263990038322852,0.00439930974251084,0.0256556631739938,-1.26925808578307,-0.234436151002792,0,0,0,1
165140,"OXER1",-2.21813913753538,0.530276901577294,2.87709216798959e-05,0.00040291033585193,-0.801683075342773,0.906298931099278,0.37638964672733,0.758345045624348,-2.21813913753538,0.530276901577294,2.87709216798949e-05,0.000398682771849973,-3.25746276646037,-1.17881550861039,0,0,0,1
167410,"LIX1",-1.22707828060779,0.424091636446312,0.00381062603653473,0.0230383399671377,0.215247335229105,1.79839036754603,0.904729606716115,0.980874853082893,-1.22707828060779,0.424091636446312,0.00381062603653474,0.0228552806274902,-2.05828261418722,-0.395873947028364,0,0,0,1
168002,"DACT2",-3.11993375125182,0.743422731451337,2.70813691171546e-05,0.00038276489162083,-0.371384655835692,1.01507447343146,0.71446255491642,0.931266026649693,-3.11993375125182,0.743422731451337,2.70813691171543e-05,0.00037877396245497,-4.57701553018483,-1.66285197231881,0,0,0,1
169026,"SLC30A8",-2.16888112432368,0.391694383741721,3.07385904024795e-08,1.03143377673259e-06,-4.94962352833676,1.60772296053063,0.00207937677864401,0.025614810751755,-2.16888112432368,0.391694383741721,3.07385904024797e-08,1.01580493724665e-06,-2.93658800940406,-1.4011742392433,0,0,0,1
169436,"STKLD1",-1.10589294538373,0.430605922680808,0.0102220748897521,0.0500312966429948,-0.0721864972974703,1.64635663293496,0.96502699288814,0.993056665381737,-1.10589294538373,0.430605922680808,0.010222074889752,0.0496127558454019,-1.94986504536775,-0.261920845399707,0,0,0,1
169792,"GLIS3",-1.22423940652001,0.419615254477043,0.0035281755944176,0.0216163758293693,0.55236108813421,0.895819278394004,0.537499389144036,0.860677474811649,-1.22423940652001,0.419615254477043,0.00352817559441767,0.0214474263027653,-2.04667019265862,-0.401808620381396,0,0,0,1
170689,"ADAMTS15",-2.55859347439723,0.547836791978503,3.00676524203531e-06,5.859279807465e-05,-1.4334629215227,0.907565436711435,0.114230681187532,0.429814096547338,-2.55859347439723,0.547836791978503,3.00676524203546e-06,5.78923477547159e-05,-3.63233385608106,-1.4848530927134,0,0,0,1
170690,"ADAMTS16",-1.97913107442772,0.361532757332026,4.39297221946247e-08,1.39235913948967e-06,-2.34637201537651,1.10348508554787,0.0334758993553622,0.194035600676758,-1.97913107442772,0.361532757332026,4.39297221946253e-08,1.37107510266235e-06,-2.68772225802995,-1.27053989082549,0,0,0,1
192668,"CYS1",-1.78985207012416,0.60051590237412,0.00287755671952044,0.01835110985999,-2.21859396281728,0.722644127340415,0.00213982918533942,0.0260431353065383,-1.78985207012416,0.60051590237412,0.00287755671952049,0.0181979818242471,-2.96684161092101,-0.612862529327314,0,0,0,1
192683,"SCAMP5",-1.00761376486717,0.321055512163436,0.00169849156660179,0.0120155145670325,-0.389311976907804,0.775165219755264,0.615505063231283,0.898871832145504,-1.00761376486717,0.321055512163436,0.00169849156660175,0.011908872486995,-1.63687100574557,-0.378356523988774,0,0,0,1
196047,"EMX2OS",-0.931283566701103,0.273258643805922,0.00065425003618567,0.00551788369408518,-0.497399625511583,0.860306219692155,0.563152192644701,0.873206054158788,-0.931283566701103,0.273258643805922,0.000654250036185666,0.00547136793914756,-1.46686066702497,-0.395706466377237,0,0,0,1
196051,"PLPP4",-3.25971916450395,0.569021993235725,1.01242114807745e-08,3.7350719989825e-07,-3.67885723230543,1.12459833717219,0.00107068186817042,0.0151806746435431,-3.25971916450395,0.569021993235725,1.01242114807746e-08,3.67937313733919e-07,-4.37498177765716,-2.14445655135073,0,0,0,1
196446,"MYRFL",-1.58542778883411,0.511146803772151,0.00192408081279274,0.0132827389712111,-1.1924956606965,1.13028978074435,0.291409163241076,0.700879185814751,-1.58542778883411,0.511146803772151,0.00192408081279275,0.0131687216237993,-2.58725711504029,-0.583598462627932,0,0,0,1
196475,"RMST",-1.76155903499333,0.532754321854127,0.00094465002496071,0.00750687721051581,-1.35026177297192,0.93992677002412,0.150842883124616,0.501781635229344,-1.76155903499333,0.532754321854127,0.000944650024960727,0.00744401886998567,-2.80573831843548,-0.717379751551181,0,0,0,1
197257,"LDHD",-2.61846136534424,0.48014090005312,4.93804423632254e-08,1.52979049885532e-06,-6.91092345324643,1.055565644032,5.86540641276473e-11,6.18228591644806e-09,-2.61846136534424,0.48014090005312,4.93804423632274e-08,1.50632693299411e-06,-3.559520236953,-1.67740249373548,0,0,0,1
199731,"CADM4",-2.23623606528298,0.573769444841264,9.72120436601161e-05,0.00113384010782803,-2.6433177269663,0.817496506090414,0.00122313307368329,0.0167882777902197,-2.23623606528298,0.573769444841264,9.72120436601163e-05,0.00112155245988538,-3.3608035126014,-1.11166861796456,0,0,0,1
199920,"FYB2",-1.23800029360551,0.372357433226769,0.00088493659707061,0.00710226307496905,-3.20304023965695,1.38680678245393,0.0209074609641612,0.138548097389631,-1.23800029360551,0.372357433226769,0.000884936597070647,0.00704344754327246,-1.96780745210576,-0.508193135105265,0,0,0,1
200373,"CFAP221",-1.36356927546008,0.385686005708939,0.00040709850679232,0.0037221984724969,-0.940599130008741,0.932616626423573,0.313186056327385,0.724556200716545,-1.36356927546008,0.385686005708939,0.000407098506792331,0.00368878304239315,-2.11949995599071,-0.60763859492945,0,0,0,1
200845,"KCTD6",-1.38873730232436,0.345152193010255,5.73272680174612e-05,0.00072915609478372,-1.61899333642701,0.891678220799977,0.0694210187547832,0.319654603065499,-1.38873730232436,0.345152193010255,5.73272680174627e-05,0.000721029435335307,-2.06522316980948,-0.712251434839243,0,0,0,1
200879,"LIPH",-2.47119981587883,0.345548122580694,8.58122491654719e-13,7.26967473794405e-11,-0.863595369905256,1.12872733575884,0.444208789766548,0.808305657730464,-2.47119981587883,0.345548122580694,8.58122491654636e-13,7.14201577467868e-11,-3.14846169106242,-1.79393794069524,0,0,0,1
201161,"CENPV",-1.0556288911413,0.381214362011665,0.00562076677737133,0.0314341496547042,-0.394949717058466,0.937338605398068,0.673497891958391,0.917719496247938,-1.0556288911413,0.381214362011665,0.00562076677737146,0.0311743309170298,-1.80279531107358,-0.308462471209023,0,0,0,1
201456,"FBXO15",-1.18375272714836,0.38944485800091,0.00236900345756249,0.0156987945203223,-1.16123804911836,0.935655229223045,0.214570252804333,0.602073287764943,-1.18375272714836,0.38944485800091,0.00236900345756256,0.0155659228159435,-1.94705062279446,-0.420454831502261,0,0,0,1
201931,"TMEM192",-0.738278829585165,0.215006982065061,0.00059530721328769,0.00510842399618687,-2.51037171294331,0.743334064186403,0.00073233546981869,0.0110669162657273,-0.738278829585165,0.215006982065061,0.000595307213287702,0.00506618343256727,-1.15968477085733,-0.316872888312996,0,0,0,1
202151,"RANBP3L",-4.38226467859246,0.487608703490953,2.53477662280153e-19,6.21201328059432e-17,-3.84264614261022,1.18907205284044,0.0012308442844242,0.0168664917110917,-4.38226467859246,0.487608703490953,2.53477662280157e-19,6.10292735807742e-17,-5.337960175983,-3.42656918120192,0,0,0,1
203328,"SUSD3",-1.68172128933457,0.352602781877988,1.84729712379999e-06,3.82387718356427e-05,-1.16095337734867,0.922293743601017,0.208114327374639,0.59441823278579,-1.68172128933457,0.352602781877988,1.84729712380007e-06,3.779530670743e-05,-2.37281004266406,-0.990632536005081,0,0,0,1
203447,"NRK",-2.29030957389309,0.50460133487163,5.65619556336557e-06,0.00010062874610825,-3.54366949797282,1.07121408101727,0.00093935584655764,0.0135947017551464,-2.29030957389309,0.50460133487163,5.6561955633656e-06,9.95061269607859e-05,-3.27931001679232,-1.30130913099386,0,0,0,1
220108,"FAM124A",-1.12658909844839,0.258995311805879,1.36234665040371e-05,0.0002117423038521,-3.22891305866298,0.872684074321195,0.00021561700657103,0.00401592095143062,-1.12658909844839,0.258995311805879,1.3623466504036e-05,0.000209447205101389,-1.63421058175263,-0.618967615144146,0,0,0,1
220441,"RNF152",-1.9853169372359,0.390512951465721,3.69821810344781e-07,9.31272389939775e-06,-3.65478244622116,0.813670656435605,7.06495817802106e-06,0.00021566782168571,-1.9853169372359,0.390512951465721,3.6982181034481e-07,9.19982927837469e-06,-2.75070825760515,-1.21992561686665,0,0,0,1
220963,"SLC16A9",-3.92934554307407,0.579488235754309,1.19581184959856e-11,7.89005856917822e-10,-3.45038501978083,0.724892099609971,1.93727144234497e-06,7.01225315383572e-05,-3.92934554307407,0.579488235754309,1.19581184959856e-11,7.7515053692968e-10,-5.06512161461717,-2.79356947153097,0,0,0,1
221061,"FAM171A1",-2.07993257820256,0.351444931498268,3.25421072657265e-09,1.31355258857303e-07,-2.104923316463,0.768364851784044,0.00615356858164057,0.0571978124568576,-2.07993257820256,0.351444931498268,3.25421072657307e-09,1.29429272054232e-07,-2.76875198648831,-1.39111316991681,0,0,0,1
221322,"TBC1D32",-1.04342928043267,0.311555521658505,0.00081075765245807,0.00659172868621721,-0.37583959101242,1.21297855506998,0.756676164391378,0.943737593206331,-1.04342928043267,0.311555521658505,0.000810757652458113,0.00653403791278705,-1.65406688206793,-0.432791678797411,0,0,0,1
222166,"MTURN",-2.17960029672222,0.349303560960785,4.38002942898944e-10,2.17009111492603e-08,-2.8483001248204,0.73881555633619,0.00011562328859193,0.00241612305924226,-2.17960029672222,0.349303560960785,4.38002942898959e-10,2.13970785474879e-08,-2.86422269587695,-1.49497789756749,0,0,0,1
222171,"PRR15",-1.92508061290114,0.486019276748418,7.46633862544947e-05,0.00090679673712981,-1.52793380577215,1.29223251625401,0.237047612923115,0.635628951196557,-1.92508061290114,0.486019276748418,7.4663386254494e-05,0.00089642603461206,-2.87766089112024,-0.972500334682035,0,0,0,1
222236,"NAPEPLD",-0.995816923925366,0.257216860902937,0.00010816447042386,0.00124117825426178,-1.59210527475665,0.832524368352125,0.0558271137060361,0.276970573889715,-0.995816923925366,0.257216860902937,0.000108164470423865,0.00122862810002104,-1.49995270751157,-0.491681140339161,0,0,0,1
223082,"ZNRF2",-0.555148275769535,0.215732249016064,0.0100727804950089,0.0494770363326779,-1.09665066587503,0.815321826984573,0.178608279416184,0.549112768735088,-0.555148275769535,0.215732249016064,0.0100727804950088,0.0490470564876143,-0.977975714144847,-0.132320837394223,0,0,0,1
223117,"SEMA3D",-1.70315483434946,0.260431139348373,6.1621293403442e-11,3.61406252422581e-09,-4.1286051352988,1.50705130104584,0.0061527983101916,0.0571978124568576,-1.70315483434946,0.260431139348373,6.16212934034376e-11,3.55059785879722e-09,-2.213590487925,-1.19271918077392,0,0,0,1
245972,"ATP6V0D2",-3.29518139022933,0.881142565378013,0.00018426285213848,0.00193187424197749,-4.60624356900449,0.881399701735491,1.73164602996687e-07,8.36330138795816e-06,-3.29518139022933,0.881142565378013,0.000184262852138483,0.00191256045833962,-5.02218908361547,-1.56817369684319,0,0,0,1
245973,"ATP6V1C2",-2.62868296633015,0.37190531014629,1.5701141574191e-12,1.25280504048952e-10,-4.63973052252099,0.784232385446265,3.29324476036055e-09,2.31897012348245e-07,-2.62868296633015,0.37190531014629,1.57011415741892e-12,1.23080518514415e-10,-3.35760397987608,-1.89976195278422,0,0,0,1
252884,"ZNF396",-0.856136807533804,0.332424485852272,0.0100114827122704,0.0492807569739869,-1.64798297304687,1.09533971380606,0.132442250519288,0.466837935194031,-0.856136807533804,0.332424485852272,0.0100114827122703,0.0488529569926599,-1.5076768273835,-0.204596787684106,0,0,0,1
253012,"HEPACAM2",-2.21003096844814,0.562619026587325,8.56150751125074e-05,0.00101466432715376,-6.08580306505481,1.48456476055605,4.14248773923045e-05,0.00100760452861775,-2.21003096844814,0.562619026587325,8.56150751125111e-05,0.00100378091977564,-3.31274399757628,-1.10731793932,0,0,0,1
253512,"SLC25A30",-0.776092376311534,0.189273469256211,4.12479543945518e-05,0.00054906588371564,-2.29246381837534,0.822557453581463,0.0053199238344046,0.0516849875598764,-0.776092376311534,0.189273469256211,4.12479543945519e-05,0.000543111493263422,-1.14706155928266,-0.405123193340411,0,0,0,1
254050,"LRRC43",-1.7945036704164,0.475348009735676,0.0001599200033101,0.00170797052562478,-3.8577419862138,1.1346743425803,0.00067418608649484,0.01031843344618,-1.7945036704164,0.475348009735676,0.000159920003310105,0.00169113835657266,-2.72616864962112,-0.86283869121168,0,0,0,1
254295,"PHYHD1",-1.55753955860628,0.432578558155431,0.00031749158898734,0.00304065217534007,-3.21033116885773,0.882519143884424,0.00027509412021297,0.00492553671009539,-1.55753955860628,0.432578558155431,0.000317491588987354,0.00301248352872378,-2.40537795307519,-0.70970116413737,0,0,0,1
254827,"NAALADL2",-2.09060257630409,0.411881491594238,3.85994677251166e-07,9.61413965625228e-06,0.226327224004283,1.08262450137772,0.834405909769863,0.962740698232917,-2.09060257630409,0.411881491594238,3.85994677251181e-07,9.49701867404685e-06,-2.89787546572743,-1.28332968688075,0,0,0,1
255082,"CASC2",-0.903180809691075,0.324391507677379,0.00536548482913462,0.0302654803925374,-1.16419671723475,1.08973151116664,0.285370086658611,0.694188987271883,-0.903180809691075,0.324391507677379,0.00536548482913457,0.0300177725938678,-1.53897648162939,-0.267385137752764,0,0,0,1
255189,"PLA2G4F",-3.75997748082006,0.608875088947096,6.60440346803509e-10,3.19650780261067e-08,-8.3409197950845,1.1869781798848,2.10990642768326e-12,3.04826912254687e-10,-3.75997748082006,0.608875088947096,6.60440346803509e-10,3.15147233124355e-08,-4.95335072623999,-2.56660423540013,0,0,0,1
255743,"NPNT",-1.03037367891243,0.372999935514127,0.00573787682053288,0.0319248715542953,-2.94483579870005,0.75448997214059,9.49757315464029e-05,0.00205380423869183,-1.03037367891243,0.372999935514127,0.00573787682053268,0.0316594183476089,-1.76144011875588,-0.299307239068978,0,0,0,1
256435,"ST6GALNAC3",-1.01289479850172,0.351730405495815,0.00397993623605689,0.0238830979027743,-2.99087016756373,0.901228959352878,0.0009045132509223,0.0132020595732365,-1.01289479850172,0.351730405495815,0.00397993623605698,0.0236916027685458,-1.70227372554119,-0.323515871462254,0,0,0,1
256764,"WDR72",-1.90487610690765,0.368003861683055,2.26402852424171e-07,6.04504425422046e-06,-4.54534277222363,0.894489070574028,3.74473595881699e-07,1.6385908598907e-05,-1.90487610690765,0.368003861683055,2.26402852424167e-07,5.97375667169285e-06,-2.6261504219781,-1.1836017918372,0,0,0,1
257194,"NEGR1",-1.44960243431571,0.389685810010962,0.00019928104047873,0.00206254374021878,-0.645903623761979,0.861086531058225,0.453192649370649,0.813318771854348,-1.44960243431571,0.389685810010962,0.000199281040478727,0.00204172208873455,-2.21337258722351,-0.685832281407906,0,0,0,1
257629,"ANKS4B",-1.39842478391478,0.384146015845469,0.00027227089326619,0.00267285102946013,-3.17439899037896,0.907229834644429,0.00046700310809663,0.00763561472057701,-1.39842478391478,0.384146015845469,0.000272270893266176,0.00264674005328612,-2.15133713977645,-0.645512428053108,0,0,0,1
259173,"ALS2CL",-1.45573478190086,0.490830061696988,0.00301834786417125,0.0190686976618213,-1.85879981485614,0.819685225175466,0.0233475254143629,0.150397808868831,-1.45573478190086,0.490830061696988,0.00301834786417119,0.0189078676895852,-2.41774402535653,-0.493725538445191,0,0,0,1
259217,"HSPA12A",-0.932921079825354,0.28668256145079,0.00113714024365716,0.00869421320554366,-0.386419778926279,0.73133859341757,0.597240272116561,0.889543866617716,-0.932921079825354,0.28668256145079,0.00113714024365716,0.00861835969939823,-1.49480857526459,-0.371033584386115,0,0,0,1
260425,"MAGI3",-1.03894965753257,0.26348674731156,8.04413816588579e-05,0.00096249130068541,-3.26860440167618,0.960406369198001,0.00066563585582981,0.0102062134564061,-1.03894965753257,0.26348674731156,8.04413816588519e-05,0.00095223103503626,-1.55537419266683,-0.522525122398307,0,0,0,1
261729,"STEAP2",-1.15192216781195,0.405014588855097,0.00445301047680703,0.0260721483718855,-0.0617092107623707,0.924324304203037,0.946771630625408,0.989453386171244,-1.15192216781195,0.405014588855097,0.00445301047680689,0.0258681345363151,-1.94573617518124,-0.358108160442662,0,0,0,1
266812,"NAP1L5",-1.21615658556233,0.39815547357694,0.00225453585846868,0.0150712372730756,-0.458899933513128,0.954680369450337,0.630740840226395,0.903252088650775,-1.21615658556233,0.39815547357694,0.0022545358584686,0.0149448903538506,-1.99652697402062,-0.435786197104039,0,0,0,1
266977,"ADGRF1",-2.92464078622905,0.316443893898468,2.41458607825351e-20,7.20386507346766e-18,-5.34284142911076,1.04818698492524,3.44674615129927e-07,1.52411658969985e-05,-2.92464078622905,0.316443893898468,2.41458607825355e-20,7.07736175936797e-18,-3.54485942139766,-2.30442215106044,0,0,0,1
282969,"FUOM",-1.31746002267131,0.377202389543913,0.00047813851685419,0.00425199054684658,0.182780503952344,0.73973997887867,0.804840505410855,0.955230039980785,-1.31746002267131,0.377202389543913,0.000478138516854193,0.00421830449789427,-2.05676312105983,-0.578156924282793,0,0,0,1
283219,"KCTD21",-1.21107902972661,0.301568878301084,5.92122263841577e-05,0.00074621542231054,-0.706964187384165,0.885650142191906,0.424729383100871,0.796112261647187,-1.21107902972661,0.301568878301084,5.92122263841584e-05,0.000737854388482077,-1.80214317005488,-0.620014889398343,0,0,0,1
283358,"B4GALNT3",-1.99731266013688,0.436410756520089,4.7241179894246e-06,8.57589884746867e-05,-2.86759454701491,0.842467478249366,0.00066454311230774,0.0101987893948402,-1.99731266013688,0.436410756520089,4.72411798942464e-06,8.47011740045377e-05,-2.85266202538213,-1.14196329489163,0,0,0,1
283375,"SLC39A5",-1.90539563115363,0.60823602121545,0.00173230974569196,0.012198162621794,-3.01731046872579,0.813649967777597,0.00020860242546103,0.00391485783684367,-1.90539563115363,0.60823602121545,0.00173230974569197,0.0120894059529839,-3.09751632683585,-0.713274935471408,0,0,0,1
283635,"FAM177A1",-0.731515761876118,0.216568710667857,0.00073080507893905,0.00605650296096597,-0.832464792567027,0.745047995041695,0.263853071460412,0.669986912818945,-0.731515761876118,0.216568710667857,0.00073080507893904,0.00600453679423222,-1.15598263496339,-0.307048888788843,0,0,0,1
283659,"PRTG",-1.13174556053004,0.308511372539699,0.00024406556883692,0.00244493128957512,-3.63959639227526,1.29240967425247,0.00486056739363939,0.0481147365327836,-1.13174556053004,0.308511372539699,0.000244065568836907,0.0024214393411538,-1.73641673952887,-0.527074381531211,0,0,0,1
284071,"MEIOC",-2.15870296588222,0.471344208538051,4.65228380377102e-06,8.45668118184814e-05,-1.2558821778831,1.87073236544378,0.502009163273452,0.843878579064484,-2.15870296588222,0.471344208538051,4.65228380377125e-06,8.35242909803565e-05,-3.08252063893834,-1.2348852928261,0,0,0,1
284207,"METRNL",-1.26584884918335,0.298464310760612,2.22321225649429e-05,0.00032389984085061,8.19915162289878e-05,0.847917853029582,0.999922846576965,0.999922846576965,-1.26584884918335,0.298464310760612,2.22321225649421e-05,0.000320594340687823,-1.85082814894472,-0.68086954942198,0,0,0,1
284252,"KCTD1",-0.930712616769096,0.290283303430679,0.0013449034278629,0.00994474926939137,-2.49749681809367,0.855263118249382,0.00349862649944016,0.0379382379678033,-0.930712616769096,0.290283303430679,0.00134490342786291,0.00985507223797585,-1.49965743680654,-0.361767796731653,0,0,0,1
284273,"PTGR3",-0.769577937857716,0.233256608790116,0.00096934544818111,0.00764996948294285,-2.56961816951449,0.827683413127149,0.00190542542090308,0.0238840872317985,-0.769577937857716,0.233256608790116,0.000969345448181106,0.00758542349264414,-1.22675249024229,-0.31240338547314,0,0,0,1
284370,"ZNF615",-1.07499437577757,0.268880426692224,6.3869486115139e-05,0.00079469159333106,-1.08825530359407,0.919187840095038,0.236440237676896,0.635219933188057,-1.07499437577757,0.268880426692224,6.38694861151335e-05,0.000785722884389001,-1.60199032824209,-0.547998423313049,0,0,0,1
284422,"SMIM24",-1.55626794646927,0.478983068178721,0.00115767322257106,0.00882171421797072,-2.31912003945309,0.801892721058497,0.00382727618713336,0.040673000393258,-1.55626794646927,0.478983068178721,0.00115767322257106,0.00874448630808159,-2.49505750930406,-0.617478383634483,0,0,0,1
284541,"CYP4A22",-5.96863941269332,1.19159450037206,5.47272767880342e-07,1.30395337958157e-05,-9.58011427102489,1.07124667277145,3.78888905394693e-19,1.51185694416897e-16,-5.96863941269332,1.19159450037206,5.47272767880337e-07,1.28776243094775e-05,-8.30412171759856,-3.63315710778808,0,0,0,1
284612,"SYPL2",-1.39455452472464,0.435170188649838,0.0013524151192937,0.00997878768665955,-2.11753275343977,0.839167262662555,0.0116234745637498,0.0916676060895721,-1.39455452472464,0.435170188649838,0.00135241511929367,0.00988861879253608,-2.24747242162382,-0.541636627825457,0,0,0,1
284825,"LINC01697",-0.849684923912356,0.313889543027996,0.00679034244948987,0.0363741841439496,0.315925440325501,0.799546137388259,0.692746234340167,0.925004712079265,-0.849684923912356,0.313889543027996,0.0067903424494899,0.0360591521254322,-1.46489712337096,-0.234472724453748,0,0,0,1
284835,"LINC00323",-1.09211901375287,0.411285494216648,0.00792192628499726,0.0410896045625697,-1.12437531428504,1.24857237753084,0.367838935962989,0.750847564672668,-1.09211901375287,0.411285494216648,0.00792192628499723,0.0407218872827999,-1.89822376978126,-0.286014257724483,0,0,0,1
285343,"TCAIM",-0.752020605720565,0.248749469454727,0.0025011286307079,0.0164291626577266,-1.32242420567729,0.77680541717777,0.0886826616428646,0.371001679099543,-0.752020605720565,0.248749469454727,0.00250112863070791,0.0162887381460953,-1.23956060702528,-0.264480604415854,0,0,0,1
285362,"SUMF1",-0.572529691242518,0.196601918818768,0.00358977028529609,0.0219447694411597,-0.887719982711436,0.732684937257044,0.225666102898046,0.619395712565239,-0.572529691242518,0.196601918818768,0.00358977028529615,0.021772772270197,-0.95786237141877,-0.187197011066265,0,0,0,1
285368,"PRRT3",-1.03639697370052,0.346679490580286,0.00279438044805175,0.0179122266553303,-0.590687052190617,1.12976143211247,0.601084008755188,0.892018675527159,-1.03639697370052,0.346679490580286,0.00279438044805184,0.0177636169642069,-1.71587628941657,-0.356917657984466,0,0,0,1
285755,"PPIL6",-0.946187664926569,0.300051302810251,0.00161369662459969,0.0115888919288363,-1.14898207210402,0.968637308459413,0.235549645463878,0.633538197452917,-0.946187664926569,0.300051302810251,0.00161369662459972,0.011481515350648,-1.53427741194898,-0.358097917904155,0,0,0,1
286256,"LCN12",-1.83683239531379,0.476273778471727,0.00011494058805501,0.00130475155539047,-3.64823590198529,0.951697534571656,0.00012638496281251,0.00259251602420424,-1.83683239531379,0.476273778471727,0.000114940588055018,0.00129145329062151,-2.77031184789918,-0.903352942728397,0,0,0,1
338094,"FAM151A",-6.07400689656973,0.854274530628114,1.15929839063625e-12,9.41432610242122e-11,-8.34656802761968,0.795901187295162,9.9188778081155e-26,9.23502628812265e-23,-6.07400689656973,0.854274530628114,1.15929839063624e-12,9.24900603606416e-11,-7.74835420951069,-4.39965958362877,0,0,0,1
339983,"NAT8L",-3.54821132162492,0.404790498864167,1.85867163639763e-18,3.98568899030016e-16,-6.12611833703148,0.928131566166584,4.09815280199743e-11,4.51848307951809e-09,-3.54821132162492,0.404790498864167,1.85867163639736e-18,3.91569838649151e-16,-4.34158612068269,-2.75483652256715,0,0,0,1
340024,"SLC6A19",-5.67187276194046,0.889743254463731,1.83285904023041e-10,9.90321160162289e-09,-9.53713515939786,0.907585769866185,7.91513583441611e-26,7.80292714405763e-23,-5.67187276194046,0.889743254463731,1.83285904023038e-10,9.76776222902221e-09,-7.41573749617683,-3.92800802770409,0,0,0,1
340120,"ANKRD34B",-1.99731257763175,0.423419102384554,2.39223654418458e-06,4.75812381628828e-05,-6.70717497087196,3.18402841069258,0.0351604219452279,NA,-1.99731257763175,0.423419102384554,2.39223654418462e-06,4.70182584916052e-05,-2.82719876867175,-1.16742638659175,0,0,0,1
340348,"TSPAN33",-1.67612314902347,0.311427911362564,7.36389393733979e-08,2.19700174774024e-06,-3.11488060515552,0.77182556307362,5.44324775521459e-05,0.00128888046927611,-1.67612314902347,0.311427911362564,7.36389393733972e-08,2.16312378991615e-06,-2.28651063907463,-1.06573565897231,0,0,0,1
340554,"ZC3H12B",-1.48927259417976,0.382712290574842,9.96825105962416e-05,0.00115742434023629,-1.36936748896491,1.21344417756944,0.259110300559761,0.664211052481411,-1.48927259417976,0.382712290574842,9.96825105962379e-05,0.00114484796355568,-2.23937490014728,-0.739170288212242,0,0,0,1
341640,"FREM2",-2.35917773862006,0.35095259412098,1.78986277623912e-11,1.15324303948853e-09,-4.2995730169696,0.921667328632404,3.08625296637096e-06,0.00010555614992532,-2.35917773862006,0.35095259412098,1.78986277623933e-11,1.13299154047112e-09,-3.04703218337808,-1.67132329386204,0,0,0,1
342371,"ATXN1L",-0.730887168403871,0.247038958925773,0.00309049271760085,0.0194178460119957,-1.4161041026692,0.78616479786963,0.0716585229639307,0.32589557295862,-0.730887168403871,0.247038958925773,0.00309049271760086,0.0192530890020119,-1.21507463067666,-0.246699706131086,0,0,0,1
342527,"SMTNL2",-1.86015219093815,0.344393509040378,6.61816020516728e-08,2.00060860475145e-06,-5.73236006530478,1.16450780234369,8.54191611762012e-07,3.42473617739702e-05,-1.86015219093815,0.344393509040378,6.61816020516761e-08,1.96981576261092e-06,-2.53515106516666,-1.18515331670964,0,0,0,1
342909,"ZNF284",-0.988748672660415,0.247218987329419,6.34804262575705e-05,0.00079128553129781,-0.12291917663926,1.15865967695594,0.9155130190096,0.983371675769415,-0.988748672660415,0.247218987329419,6.34804262575689e-05,0.000782364339333457,-1.47328898412054,-0.50420836120029,0,0,0,1
342979,"PALM3",-2.74286864970303,0.436008038728714,3.1569742174995e-10,1.62270839554169e-08,-2.3691799425681,0.781326388731486,0.00242734986236302,0.0287287827283488,-2.74286864970303,0.436008038728714,3.15697421749955e-10,1.60020614190024e-08,-3.59742870258126,-1.88830859682481,0,0,0,1
345557,"PLCXD3",-1.83743372740339,0.397231521226255,3.73517339840345e-06,7.04141754391331e-05,-4.79421577432349,0.904354454805556,1.15007781775283e-07,5.82023993096588e-06,-1.83743372740339,0.397231521226255,3.73517339840351e-06,6.9559865926346e-05,-2.61599320253091,-1.05887425227587,0,0,0,1
347733,"TUBB2B",-2.89244900017082,0.630881120497558,4.54472085234922e-06,8.31623319701876e-05,-4.32755873092067,0.8092418125246,8.90933711789994e-08,4.56610338712187e-06,-2.89244900017082,0.630881120497558,4.54472085234937e-06,8.21400418930652e-05,-4.12895327487231,-1.65594472546933,0,0,0,1
348158,"ACSM2B",-2.93140207986181,0.453524000263425,1.02234429360583e-10,5.70351751440912e-09,-4.94290412274608,0.90114316451301,4.13122110188015e-08,2.33902481237869e-06,-2.93140207986181,0.453524000263425,1.02234429360588e-10,5.6262318819135e-09,-3.82029278650266,-2.04251137322096,0,0,0,1
374291,"NDUFS7",-0.910040725598084,0.340728160272652,0.00756548718658057,0.0397658928183193,0.117674985285436,0.764459044982462,0.877663068211032,0.974611360200027,-0.910040725598084,0.340728160272652,0.00756548718658056,0.0394147850605354,-1.57785564825107,-0.242225802945095,0,0,0,1
374864,"CCDC178",-1.2126806762013,0.350274720240598,0.0005360088583744,0.00469443878259757,-2.37201221845104,1.43725497872888,0.0988659008718919,0.395157079110908,-1.2126806762013,0.350274720240598,0.000536008858374434,0.0046565769571279,-1.89920651256772,-0.526154839834885,0,0,0,1
374900,"ZNF568",-0.902560780169578,0.267907808030154,0.00075462503016749,0.00622758503548931,-1.19977454976822,0.949543131791731,0.206399408987882,0.591899713326232,-0.902560780169578,0.267907808030154,0.000754625030167515,0.0061739133991193,-1.42765043508575,-0.377471125253405,0,0,0,1
376267,"RAB15",-1.40514392253411,0.501366259804858,0.00506878457053003,0.0288370138122367,-1.48785964335821,0.803088614406459,0.0639294117283256,0.302397124232291,-1.40514392253411,0.501366259804858,0.00506878457053006,0.0286032598513234,-2.38780373481518,-0.422484110253037,0,0,0,1
378708,"CENPS",-1.44234403974311,0.529250268932811,0.00642510705705827,0.0348668126734154,-2.266698949676,0.763013835207658,0.00297104437547473,0.0334846890979025,-1.44234403974311,0.529250268932811,0.00642510705705807,0.0345689219674038,-2.47965550565956,-0.405032573826663,0,0,0,1
387700,"SLC16A12",-2.06641457466367,0.409664555253804,4.55512140066705e-07,1.10786708320778e-05,-1.280447629951,0.748048601698393,0.0869488042208943,0.366308448953737,-2.06641457466367,0.409664555253804,4.55512140066695e-07,1.09422243831792e-05,-2.86934234870374,-1.2634868006236,0,0,0,1
388323,"GLTPD2",-3.10066800890876,0.544713558421982,1.25346088448321e-08,4.53891746138458e-07,-3.26690136306989,0.78237922873274,2.97203901514495e-05,0.00075393581748365,-3.10066800890876,0.544713558421982,1.25346088448313e-08,4.47100875806509e-07,-4.1682869653065,-2.03304905251102,0,0,0,1
388387,"LINC00671",-2.89665774547987,0.517079548041736,2.11944308650103e-08,7.4024684258245e-07,-4.15970552679749,0.777199115646993,8.69033850104874e-08,4.46752708402073e-06,-2.89665774547987,0.517079548041736,2.11944308650101e-08,7.29102978055342e-07,-3.91011503678392,-1.88320045417582,0,0,0,1
388536,"ZNF790",-1.67503703810122,0.576184370425878,0.00364773374985806,0.0222199280883498,-2.58720451186295,1.13179761806687,0.0222586444470669,0.145375145085111,-1.67503703810122,0.576184370425878,0.00364773374985818,0.0220449996187081,-2.80433765259083,-0.545736423611614,0,0,0,1
388595,"TMEM82",-4.3669711496026,0.906717961783126,1.46288695645554e-06,3.12720569943861e-05,-3.64991512857612,0.980736405226921,0.00019795922379906,0.00375293962856173,-4.3669711496026,0.906717961783126,1.46288695645556e-06,3.08671437150083e-05,-6.14410569883309,-2.58983660037211,0,0,0,1
389015,"SLC9A4",-2.81880965306754,0.509379983326006,3.13356800296857e-08,1.04635248838785e-06,-6.54669405341811,1.07317913285948,1.05882295907735e-09,8.21519165332284e-08,-2.81880965306754,0.509379983326006,3.13356800296861e-08,1.03048530204941e-06,-3.81717607483212,-1.82044323130296,0,0,0,1
389432,"SAMD5",-0.899751592779638,0.285538526052368,0.00162674064644309,0.0116642573833777,-2.04760851849804,0.867262489273629,0.0182256296703139,0.124976811638622,-0.899751592779638,0.285538526052368,0.0016267406464431,0.0115560295763922,-1.45939682004093,-0.340106365518345,0,0,0,1
389434,"IYD",-3.65644369113294,0.448881314204861,3.77155311188367e-16,5.88190851221494e-14,-4.88101338992813,1.0016538384696,1.09941655987061e-06,4.27497033106067e-05,-3.65644369113294,0.448881314204861,3.77155311188378e-16,5.77861938721921e-14,-4.53623490030747,-2.7766524819584,0,0,0,1
392465,"GLOD5",-3.32019986948224,0.559132980715121,2.88305425670616e-09,1.18819929786893e-07,-1.0225548491388,0.879392978104327,0.244912182730386,0.646848696859482,-3.32019986948224,0.559132980715121,2.88305425670616e-09,1.17085001636051e-07,-4.41608037425241,-2.22431936471207,0,0,0,1
392636,"AGMO",-1.02535791338787,0.354964344710297,0.00386933558178778,0.0233009045741358,-0.889220030785725,0.980810503165082,0.364609069457949,0.74951142375889,-1.02535791338787,0.354964344710297,0.00386933558178764,0.0231148655955883,-1.72107524481591,-0.329640581959827,0,0,0,1
399512,"SLC25A35",-1.80981483935145,0.448313867503329,5.41536035829439e-05,0.00069393469241113,-1.91991524678791,0.883553661509965,0.0297843091654476,0.179037029162029,-1.80981483935145,0.448313867503329,5.41536035829423e-05,0.000686234057433093,-2.68849387342784,-0.931135805275063,0,0,0,1
399726,"MIR1915HG",-1.40212716468724,0.446959194243654,0.00170665063985876,0.0120545925792186,-3.45077340084179,0.920767546368614,0.00017845358405783,0.00346949375316156,-1.40212716468724,0.446959194243654,0.00170665063985876,0.0119474405904546,-2.27815108796384,-0.526103241410636,0,0,0,1
399821,"EDRF1-DT",-1.33419478571335,0.451120328084738,0.00310130443049541,0.019470403478554,-0.492853418797248,1.03078465865575,0.632554677447257,0.903903806219183,-1.33419478571335,0.451120328084738,0.00310130443049553,0.0193051189456931,-2.21837438145333,-0.45001518997337,0,0,0,1
400043,"LINC02381",-0.917842846947309,0.347572033137401,0.00827283551984436,0.0423643263710239,-0.31174735938007,0.795309954760278,0.695071353200651,0.926254760216792,-0.917842846947309,0.347572033137401,0.00827283551984446,0.041996476398367,-1.59907151392998,-0.236614179964641,0,0,0,1
401022,"HAGLR",-0.978815869860377,0.293151641072939,0.00084098593237361,0.00680123213665024,-1.1455042095234,0.834297005004469,0.169746972934663,0.535237915223333,-0.978815869860377,0.293151641072939,0.000840985932373599,0.00674138723317077,-1.55338252837215,-0.404249211348604,0,0,0,1
401081,"C3orf85",-1.9425476757065,0.403656336733916,1.49143437522267e-06,3.17340238225673e-05,-1.20480834146948,1.49999537529624,0.421854500739702,0.793871772387848,-1.9425476757065,0.403656336733916,1.49143437522271e-06,3.13224449861803e-05,-2.73369955783635,-1.15139579357665,0,0,0,1
401431,"ATP6V0E2-AS1",-2.0341138745511,0.522817440954708,9.99648624854298e-05,0.00115871433509294,-2.44323139114893,1.18109073241639,0.0385814829152175,0.214312498319504,-2.0341138745511,0.522817440954708,9.99648624854322e-05,0.00114611074905704,-3.05881722931172,-1.00941051979048,0,0,0,1
404201,"WDFY3-AS2",-1.62451373582789,0.266195083003326,1.04279216965811e-09,4.81861270585452e-08,-3.44849597453505,0.917874449522639,0.00017193131669824,0.00336338249981753,-1.62451373582789,0.266195083003326,1.04279216965801e-09,4.74998879172263e-08,-2.14624651137606,-1.10278096027972,0,0,0,1
404266,"HOXB-AS3",-2.66256113155917,0.514031252934973,2.22165509420992e-07,5.96346966942306e-06,-4.95993780809822,1.27619887680787,0.00010170292133381,0.0021795898447998,-2.66256113155917,0.514031252934973,2.22165509421004e-07,5.89321151676518e-06,-3.67004387423972,-1.65507838887862,0,0,0,1
414328,"IDNK",-1.84112181189061,0.33453914582765,3.72415343986381e-08,1.20543117473328e-06,-3.00268525111744,0.765594173769527,8.78051355193359e-05,0.00193367446277076,-1.84112181189061,0.33453914582765,3.7241534398636e-08,1.18706290377496e-06,-2.4968064891316,-1.18543713464962,0,0,0,1
440279,"UNC13C",-1.10865467796663,0.393803678312409,0.0048739736296232,0.0279950997916152,-2.27909705649326,1.07842998684032,0.0345710565769181,0.198756016419587,-1.10865467796663,0.393803678312409,0.00487397362962312,0.0277706294199807,-1.88049570443835,-0.336813651494911,0,0,0,1
440335,"SMIM22",-2.91698683347938,0.575735459696218,4.05111294213688e-07,9.98159318094911e-06,-6.8012071697477,0.926562566426236,2.13184432334856e-13,3.60884636515136e-11,-2.91698683347938,0.575735459696218,4.05111294213669e-07,9.85941440412076e-06,-4.04540759910658,-1.78856606785218,0,0,0,1
440503,"PLIN5",-1.64495153193769,0.440789039251379,0.0001900907419083,0.0019808696597947,-2.30763907593975,1.05951090602732,0.0294043276973766,0.17732534288605,-1.64495153193769,0.440789039251379,0.000190090741908311,0.00196097434824006,-2.50888217365041,-0.781020890224975,0,0,0,1
440556,"PRDM16-DT",-5.49936353913135,0.361113746277743,2.27400370244394e-52,5.20140446872344e-49,-6.35538432742076,0.871895625477548,3.11899821536617e-13,5.0748826302254e-11,-5.49936353913135,0.361113746277743,2.27400370244425e-52,5.1100653200093e-49,-6.20713347615806,-4.79159360210464,0,0,0,1
440590,"ZYG11A",-2.91126472625353,0.451451154612339,1.12827360080753e-10,6.26899874392003e-09,-3.81606955740917,1.20762133620824,0.00157775356031971,0.0207384877783514,-2.91126472625353,0.451451154612339,1.12827360080754e-10,6.18394835759676e-09,-3.79609273007274,-2.02643672243432,0,0,0,1
441369,"FLJ46284",-1.49657897265349,0.354467077420199,2.42086604101384e-05,0.00034753102036479,-1.76149882095538,1.81108534995922,0.330741927591471,0.730755456477082,-1.49657897265349,0.354467077420199,2.42086604101397e-05,0.000343946647323407,-2.19132167810225,-0.801836267204729,0,0,0,1
550631,"CCDC157",-1.21756549312645,0.360100983948106,0.00072175794087824,0.00599600846284081,0.391644523768301,0.905460938636935,0.665351836105237,0.914871282352901,-1.21756549312645,0.360100983948106,0.000721757940878216,0.00594469292416676,-1.92335045246217,-0.511780533790726,0,0,0,1
554235,"ASPDH",-4.76469655981653,0.507621113089787,6.21304885443843e-21,1.93790641996166e-18,-3.51046821315953,0.730587088267676,1.54754412232864e-06,5.76339821024569e-05,-4.76469655981653,0.507621113089787,6.21304885443885e-21,1.90387585691816e-18,-5.75961565926465,-3.76977746036841,0,0,0,1
613212,"CTXN3",-6.24643581083434,0.856680251715534,3.06651069757042e-13,2.8435670819903e-11,-9.57225689170718,1.12470560683523,1.72588513480592e-17,5.61872934278817e-15,-6.24643581083434,0.856680251715534,3.06651069757056e-13,2.79363268482053e-11,-7.92549825046349,-4.56737337120518,0,0,0,1
643008,"SMIM5",-3.48102131921631,0.371965634076736,8.09159223371272e-21,2.46775581812163e-18,-4.40372825138315,0.873050591029074,4.5573256988928e-07,1.92869245928648e-05,-3.48102131921631,0.371965634076736,8.09159223371367e-21,2.42442084638136e-18,-4.21006056549332,-2.7519820729393,0,0,0,1
643236,"TMEM72",-2.56830316794037,0.564604709284233,5.39394022592872e-06,9.62983573840794e-05,-7.83136022286334,1.0493762212366,8.46567000145175e-14,1.55907872037725e-11,-2.56830316794037,0.564604709284233,5.39394022592888e-06,9.51019909549002e-05,-3.67490806363917,-1.46169827224157,0,0,0,1
644090,"PRKAG2-AS2",-2.48622072374557,0.499088466637624,6.30857529337085e-07,1.47243005656839e-05,-0.643586217744876,1.26064173303456,0.609685317451992,0.89621784138106,-2.48622072374557,0.499088466637624,6.30857529337117e-07,1.45399180650467e-05,-3.46441614345463,-1.50802530403651,0,0,0,1
644242,"LINC00622",-0.897686760707912,0.322173542116584,0.00533060419280777,0.0301182428744726,-2.1405574280938,0.977476673078633,0.028532880606994,0.173506003662051,-0.897686760707912,0.322173542116584,0.00533060419280772,0.0298722096141424,-1.52913530002811,-0.266238221387709,0,0,0,1
644596,"SMIM10L2B",-1.70779190500278,0.608282371639555,0.00499177046175257,0.0285327187909589,-2.54035860890031,1.05876913580427,0.0164241700484951,0.115700994469412,-1.70779190500278,0.608282371639555,0.00499177046175257,0.0283027927400378,-2.90000344584692,-0.515580364158644,0,0,0,1
647309,"GMNC",-1.71310781145432,0.543170305940949,0.00161101247380244,0.0115888919288363,-2.43210311638779,1.36806800057258,0.0754424942356264,0.336260840663527,-1.71310781145432,0.543170305940949,0.00161101247380247,0.011481515350648,-2.77770204857018,-0.648513574338458,0,0,0,1
653308,"ASAH2B",-1.15046737742297,0.413666303106962,0.00541669698469185,0.0304883050475572,-0.21084207317699,0.966789096814193,0.827362986749604,0.960751899033155,-1.15046737742297,0.413666303106962,0.00541669698469194,0.0302380636291737,-1.96123843313044,-0.339696321715495,0,0,0,1
728591,"CCDC169",-1.25350725205125,0.411040889331366,0.00229151982914239,0.0152738310515542,-1.49926609469619,1.39124779562464,0.281193860055148,0.689570954150457,-1.25350725205125,0.411040889331366,0.00229151982914231,0.0151453734589832,-2.05913259131404,-0.447881912788459,0,0,0,1
729732,"LOC729732",-1.13946070475428,0.271274092124525,2.66439457796379e-05,0.00037793065866041,0.543191211268218,1.15034911068305,0.636786297355598,0.90582511148466,-1.13946070475428,0.271274092124525,2.66439457796403e-05,0.000373998550618937,-1.67114815525715,-0.60777325425141,0,0,0,1
729967,"MORN2",-1.09585022628582,0.217857438855367,4.90159273100047e-07,1.18224004640159e-05,-0.863982570725954,0.72751130532389,0.234996377564749,0.632680771061117,-1.09585022628582,0.217857438855367,4.90159273100072e-07,1.16763559703326e-05,-1.52284296020648,-0.668857492365164,0,0,0,1
730051,"ZNF814",-0.716141062987469,0.264242766623208,0.00672500777904426,0.0360805343078981,-1.16122189533143,0.79441806479862,0.143816186903004,0.488590203995023,-0.716141062987469,0.264242766623208,0.00672500777904425,0.0357685522228219,-1.23404736874418,-0.198234757230759,0,0,0,1
100126793,"GHRLOS",-2.23505090677839,0.657805799298357,0.00067945780217835,0.00570678021854087,-0.559798444431432,2.13524856921988,0.793190263118869,0.951567391827153,-2.23505090677839,0.657805799298357,0.000679457802178362,0.00565851114686279,-3.52432658222475,-0.945775231332027,0,0,0,1
100128252,"ZNF667-AS1",-1.29075935657459,0.374105730431902,0.00056006175728251,0.00485551961904309,-1.80883304923781,0.949286448305913,0.056719523325002,0.279742300507925,-1.29075935657459,0.374105730431902,0.000560061757282517,0.00481588818459195,-2.02399311463117,-0.557525598518012,0,0,0,1
100129361,"SMIM10L1",-6.42632190719185,1.0858317099424,3.25205944830746e-09,1.31355258857303e-07,0.265307386534818,0.854109957645708,0.756086181535532,0.943362739454584,-6.42632190719185,1.0858317099424,3.25205944830793e-09,1.29429272054232e-07,-8.5545129519505,-4.2981308624332,0,0,0,1
100129794,"SLC25A21-AS1",-1.46817880605979,0.460380540215213,0.00142738778936268,0.0104310277003266,-1.34125047286125,1.14415226394819,0.241090391604692,0.641848113249091,-1.46817880605979,0.460380540215213,0.00142738778936269,0.0103359127626086,-2.3705080840647,-0.565849528054879,0,0,0,1
100130207,"LOC100130207",-0.572529691242518,0.196601918818768,0.00358977028529609,0.0219447694411597,-0.887719982711436,0.732684937257044,0.225666102898046,0.619395712565239,-0.572529691242518,0.196601918818768,0.00358977028529615,0.021772772270197,-0.95786237141877,-0.187197011066265,0,0,0,1
100130691,"LOC100130691",-1.69212441115785,0.523636723797808,0.00123148628724385,0.00929132369771008,-4.50349159294197,0.817366098330523,3.59321885902759e-08,2.06228612528916e-06,-1.69212441115785,0.523636723797808,0.00123148628724389,0.00920916783744282,-2.7184335307841,-0.665815291531598,0,0,0,1
100130894,"VAC14-AS1",-1.34468769919561,0.407072117742204,0.00095548768275343,0.00756552672789901,1.05462725228041,2.40905585254912,0.661548544722864,NA,-1.34468769919561,0.407072117742204,0.000955487682753445,0.00750185382318049,-2.14253438908078,-0.546841009310442,0,0,0,1
100131213,"ZNF503-AS2",-1.60230369247126,0.516546176320828,0.00192246302343567,0.0132782498911078,-3.6793911685048,1.1221330391452,0.00104202966154183,0.0148498087566152,-1.60230369247126,0.516546176320828,0.00192246302343561,0.0131643316124847,-2.61471559441196,-0.589891790530561,0,0,0,1
100131814,"AHI1-DT",-1.926588989491,0.352739014870237,4.71338154065643e-08,1.46465662775242e-06,-0.337184288332072,1.46706862233045,0.818219683855625,0.958468089307096,-1.926588989491,0.352739014870237,4.71338154065631e-08,1.44219945195868e-06,-2.6179447545788,-1.2352332244032,0,0,0,1
100170765,"ERICH4",-2.84359509202068,0.395277988997062,6.29607560782012e-13,5.46881909124831e-11,-4.57292413048347,0.972158661498812,2.55255021982766e-06,8.96817382266074e-05,-2.84359509202068,0.395277988997062,6.29607560782016e-13,5.37278401393919e-11,-3.61832571433634,-2.06886446970502,0,0,0,1
100289098,"LINC03011",-1.30027075522725,0.411601862847941,0.00158284476734024,0.0114267873619471,-0.378089857320674,0.937535839162584,0.6867419360419,0.922870831993732,-1.30027075522725,0.411601862847941,0.0015828447673402,0.0113213650750209,-2.10699558237881,-0.493545928075691,0,0,0,1
100303728,"SLC25A5-AS1",-1.0393033342959,0.381713348817997,0.00647444613994029,0.0350652323695898,-1.71271702796925,1.10207143904197,0.120163204421071,0.441916862605383,-1.0393033342959,0.381713348817997,0.00647444613994015,0.0347650168477949,-1.78744775039735,-0.291158918194451,0,0,0,1
100505761,"C10orf95-AS1",-0.781911253704285,0.233404069306935,0.00080802034277738,0.00657336762553458,-0.810985721947442,0.880231370828243,0.356876886256316,0.742139190565778,-0.781911253704285,0.233404069306935,0.00080802034277738,0.00651587217803075,-1.23937482339097,-0.324447684017602,0,0,0,1
100505881,"MAGI2-AS3",-1.06645190176411,0.303398453212811,0.00043971939358528,0.00397438731998707,-1.49796898780916,0.781135096796193,0.0551513011185196,0.275001682667441,-1.06645190176411,0.303398453212811,0.000439719393585259,0.00393827781814585,-1.66110194302638,-0.47180186050184,0,0,0,1
100505967,"LINC00645",-2.27783318415126,0.534352032301417,2.01885692569469e-05,0.00029760249675868,-8.26934371998058,1.31334192273925,3.046112720577e-10,2.75944881535946e-08,-2.27783318415126,0.534352032301417,2.01885692569463e-05,0.000294591427804553,-3.32514392252782,-1.2305224457747,0,0,0,1
100506119,"LINC01503",-1.99525682921491,0.619117682642893,0.00126969667334491,0.00951612263261239,0.943324664307323,0.793251595826451,0.234366000277578,0.63211996461635,-1.99525682921491,0.619117682642893,0.00126969667334488,0.00943138514647837,-3.20870518938688,-0.781808469042941,0,0,0,1
100506444,"LOC100506444",-1.34467721404884,0.425568434896154,0.00157920673139295,0.0114068595692826,-7.02742670298419,2.022386099564,0.00051119715279248,0.00820608532916602,-1.34467721404884,0.425568434896154,0.00157920673139292,0.011301722059114,-2.17877601940238,-0.5105784086953,0,0,0,1
100506495,"LIFR-AS1",-1.16971528897947,0.290208868642993,5.56351234652262e-05,0.00070960635170703,-2.14024560030677,1.02126868456987,0.0361111744733205,0.204524222033923,-1.16971528897947,0.290208868642993,5.56351234652224e-05,0.00070171035517455,-1.73851421951385,-0.600916358445088,0,0,0,1
100506658,"OCLN",-0.981517857480013,0.334620733086415,0.00335460823657211,0.0207008288843146,-2.07911016068809,1.05013041756925,0.0477193742957132,0.249369814100985,-0.981517857480013,0.334620733086415,0.00335460823657213,0.0205405008418265,-1.63736244280978,-0.325673272150249,0,0,0,1
100506915,"CHRM3-AS2",-1.28103063421624,0.439652061053716,0.0035713023018762,0.0218610850985499,-3.29308249435681,1.55943060872376,0.0347103795721405,0.199079825889631,-1.28103063421624,0.439652061053716,0.00357130230187632,0.0216900310523416,-2.14273283961033,-0.419328428822152,0,0,0,1
100507027,"MRLN",-1.86594269741614,0.456501709561483,4.36079771988798e-05,0.00057712235205152,-6.9681527246729,1.57561363681601,9.75649434249282e-06,0.00028888531569935,-1.86594269741614,0.456501709561483,4.36079771988799e-05,0.000570841122885921,-2.76066960703761,-0.97121578779467,0,0,0,1
100507308,"TARID",-0.941411860719242,0.36670138852927,0.0102510514600875,0.0501552335965209,-4.61013689915352,1.47766763645815,0.00180928389724628,0.0229949677128611,-0.941411860719242,0.36670138852927,0.0102510514600876,0.0497354900454701,-1.66013337531744,-0.222690346121044,0,0,0,1
100507433,"ZNF571-AS1",-1.49454884338692,0.464905870630853,0.00130565318264716,0.00969106775481319,-2.80470234187419,1.73423897061398,0.105823784101095,0.410768502637695,-1.49454884338692,0.464905870630853,0.00130565318264713,0.00960399446897502,-2.40574760602463,-0.583350080749211,0,0,0,1
100507650,"RNF212B",-3.41226083982071,0.637089567721097,8.50777749867284e-08,2.51098362132873e-06,-6.87410192589047,1.10554472468929,5.04040147888575e-10,4.3319019684434e-08,-3.41226083982071,0.637089567721097,8.50777749867309e-08,2.47220612100451e-06,-4.66093344748025,-2.16358823216117,0,0,0,1
100533970,"P2RX5-TAX1BP3",-1.41218755043558,0.396457206918717,0.00036801570002967,0.00341953112200895,0.0292589344754089,1.47057749560013,0.984126159957969,0.997511981057365,-1.41218755043558,0.396457206918717,0.00036801570002967,0.00338931399146178,-2.18922939740761,-0.635145703463551,0,0,0,1
100820829,"MYZAP",-1.41057655957819,0.361168771537484,9.39963932729038e-05,0.00110351283257257,-2.14026964280532,1.57530297110882,0.174260690598793,0.541925202031022,-1.41057655957819,0.361168771537484,9.39963932729024e-05,0.00109160497028298,-2.11845434413223,-0.702698775024147,0,0,0,1
100862662,"ALDH1L1-AS2",-1.57651586092519,0.564880553267671,0.00525643752357965,0.0297727398157685,-6.96734581084095,1.44784805428656,1.49271968832523e-06,5.58403778050057e-05,-1.57651586092519,0.564880553267671,0.00525643752357972,0.0295302279710106,-2.68366140089688,-0.469370320953495,0,0,0,1
100862680,"LINC00507",-2.47765672355165,0.561072685188063,1.0057744186909e-05,0.00016373959812709,-1.91779688395526,2.3000783656875,0.404395767710277,0.780373356967919,-2.47765672355165,0.561072685188063,1.00577441869086e-05,0.000161824063093185,-3.57733897922943,-1.37797446787387,0,0,0,1
101927062,"LINC02294",-4.83855241017603,0.837654031557906,7.63549839644991e-09,2.93414947511873e-07,-1.92877209575692,4.67211945045867,0.679734146105876,0.920095890642975,-4.83855241017603,0.837654031557906,7.63549839644971e-09,2.89069898600084e-07,-6.4803241435343,-3.19678067681776,0,0,0,1
101927178,"LOC101927178",-0.731515761876118,0.216568710667857,0.00073080507893905,0.00605650296096597,-0.832464792567027,0.745047995041695,0.263853071460412,0.669986912818945,-0.731515761876118,0.216568710667857,0.00073080507893904,0.00600453679423222,-1.15598263496339,-0.307048888788843,0,0,0,1
101928198,"LOC101928198",-1.3141313285973,0.391790294269707,0.0007960338371963,0.00649896988797273,-1.20995354405192,0.91700524183734,0.187014715633092,0.562184685075335,-1.3141313285973,0.391790294269707,0.000796033837196314,0.00644233146873824,-2.08202619485828,-0.546236462336325,0,0,0,1
101928820,"LINC02535",-3.26730333183958,0.633323337266038,2.48296942915664e-07,6.57843097408219e-06,-3.98193171802744,1.02488273741743,0.00010222215054448,0.00218512885328456,-3.26730333183958,0.633323337266038,2.48296942915664e-07,6.50055860452796e-06,-4.50859426344973,-2.02601240022943,0,0,0,1
101928844,"LOC101928844",-1.63224718131478,0.478619898906592,0.00064886615724275,0.00548339848645297,-4.82349695951683,2.60039258438679,0.0636089286457482,0.30148274861728,-1.63224718131478,0.478619898906592,0.000648866157242732,0.00543732902306013,-2.5703249454559,-0.694169417173658,0,0,0,1
101929023,"LINC01762",-3.30775283113314,0.318594785273426,2.98435032419312e-25,1.57527784035486e-22,-6.26578082653912,1.12340471640527,2.44010992641727e-08,1.48704735479371e-06,-3.30775283113314,0.318594785273426,2.98435032419295e-25,1.5476152085036e-22,-3.93218713593133,-2.68331852633495,0,0,0,1
101929335,"ADAMTS9-AS1",-1.43456494902145,0.229346527399634,3.97489033969273e-10,1.99821959787337e-08,-4.36822716042239,0.934572944428387,2.95338184489496e-06,0.0001020530439971,-1.43456494902145,0.229346527399634,3.97489033969296e-10,1.97034729595883e-08,-1.88407588270406,-0.985054015338839,0,0,0,1
102723548,"PAQR5-DT",-2.14696245201232,0.441805474437734,1.17670812426963e-06,2.58386276759623e-05,-3.81944414991852,1.07182352344989,0.00036594136232136,0.00628361812617188,-2.14696245201232,0.441805474437734,1.17670812426971e-06,2.55073241793062e-05,-3.01288527008291,-1.28103963394173,0,0,0,1
102724023,"LOC102724023",-1.74799801505423,0.622952554769975,0.00501624049992088,0.0286100192577937,-1.20273544289097,0.908160532291052,0.185382064847748,0.559169064927863,-1.74799801505423,0.622952554769975,0.00501624049992082,0.0283787860912581,-2.9689625864806,-0.527033443627864,0,0,0,1
102724362,"SPINT1-AS1",-0.964644368286598,0.334619470923719,0.00394145056449468,0.0236935906908125,-0.832113501342988,0.789216546860998,0.291720944831295,0.701025425068494,-0.964644368286598,0.334619470923719,0.00394145056449467,0.0235040150203811,-1.62048647982294,-0.308802256750261,0,0,0,1
102724515,"LINC01291",-3.96659934943094,0.444510575823404,4.51695058288024e-19,1.03317716332414e-16,0.362555572602015,1.20256969051637,0.763045415952851,0.945660727578629,-3.96659934943094,0.444510575823404,4.51695058287995e-19,1.01503407848284e-16,-4.83782406879197,-3.09537463006991,0,0,0,1
105371267,"CHD9NB",-3.28423079336655,0.408917944511581,9.62759388429159e-16,1.39083261545282e-13,-1.52796569740011,1.09593363263782,0.163253078650381,0.523227834213373,-3.28423079336655,0.408917944511581,9.62759388429187e-16,1.36640892991481e-13,-4.0856952372414,-2.4827663494917,0,0,0,1
105375304,"SNX10-AS1",-1.66297909239358,0.639647616582776,0.00932682407534318,0.0466137413000764,-2.33713041539855,1.07462625614106,0.0296427886841461,0.178442347542243,-1.66297909239358,0.639647616582776,0.00932682407534309,0.0462159386283906,-2.91666538369271,-0.409292801094454,0,0,0,1
105375666,"VPS13B-DT",-1.50904211261099,0.35212386302687,1.82293018776845e-05,0.00027431901202778,-2.12296355409889,0.988888438898978,0.0318077694451352,0.186966913426646,-1.50904211261099,0.35212386302687,1.82293018776844e-05,0.000271586383664993,-2.19919220224077,-0.81889202298121,0,0,0,1
105377924,"LOC105377924",-2.667509676979,0.735929364194422,0.00028931758905082,0.00281004571276259,-2.36124589964023,1.05286986361986,0.0249177199532639,0.156578953392107,-2.667509676979,0.735929364194422,0.000289317589050832,0.00278434621925222,-4.10990472596553,-1.22511462799247,0,0,0,1
106821730,"BUB1B-PAK6",-1.47355186339775,0.387447777121395,0.00014282334695134,0.00156183873590463,-3.18550795553506,1.08462703178414,0.00331445129494438,0.0364480900603496,-1.47355186339775,0.387447777121395,0.000142823346951351,0.00154673669634141,-2.23293555244579,-0.714168174349714,0,0,0,1
109729181,"ZNF710-AS1",-0.832065525988329,0.319848476370795,0.00928342285182871,0.0464639964317624,-1.68392032160527,0.843763889153007,0.0459639115693874,0.242617068973658,-0.832065525988329,0.319848476370795,0.00928342285182866,0.0460679346057009,-1.4589570201851,-0.20517403179156,0,0,0,1
124903372,"LOC124903372",-2.66837162030406,0.452681267955745,3.75607078308891e-09,1.50286633898286e-07,-6.52568654008032,0.895154114727475,3.09921502917087e-13,5.0748826302254e-11,-2.66837162030406,0.452681267955745,3.75607078308901e-09,1.48079246691196e-07,-3.55561060197325,-1.78113263863487,0,0,0,1
124903827,"LOC124903827",-5.49936353913135,0.361113746277743,2.27400370244394e-52,5.20140446872344e-49,-6.35538432742076,0.871895625477548,3.11899821536617e-13,5.0748826302254e-11,-5.49936353913135,0.361113746277743,2.27400370244425e-52,5.1100653200093e-49,-6.20713347615806,-4.79159360210464,0,0,0,1
124905021,"LOC124905021",-3.72533193532609,0.495840485005147,5.77142130561841e-14,5.86718414802274e-12,-7.66342585921805,0.915832485901869,5.8745927363562e-17,1.72723332751919e-14,-3.72533193532609,0.495840485005147,5.77142130561829e-14,5.7641535899001e-12,-4.69716142801305,-2.75350244263913,0,0,0,1
