"Gene_ID","meta_log2FC","meta_SE","meta_pvalue","ci_lower","ci_upper","tau2","I2","Q","Q_pvalue","meta_padj","Gene_Symbol"
57185,0.764714867129512,0.263029605394933,0.0036452396879788,0.249186313687661,1.28024342057136,0,0,0.997933831978534,0.317810977062867,0.0272292336360211,"NIPAL3"
1595,-1.10157011411801,0.328601366311104,0.000801433401334269,-1.74561695735843,-0.457523270877595,0,0,0.145039866435877,0.703321234966735,0.00823229474289799,"CYP51A1"
26,-1.20495780824986,0.44961017141043,0.00736209133456946,-2.08617755129718,-0.32373806520254,0,0,0.893850596376042,0.344435961611766,0.0466023837859155,"AOC1"
23072,-1.80393076443049,0.35310541219332,3.24280144924263e-07,-2.49600465507557,-1.11185687378541,0,0,0.110766400968638,0.739273280668745,1.1475772162766e-05,"HECW1"
90293,-1.38022969690982,0.253416759045775,5.13759359630252e-08,-1.87691741771841,-0.883541976101239,0,0,0.309415171360101,0.578039281441473,2.23452175674022e-06,"KLHL13"
56603,-2.46563148732709,0.520774770416196,2.19547262381298e-06,-3.48633128139995,-1.44493169325423,0,0,0.550863455708453,0.457965101106211,5.96805592477227e-05,"CYP26B1"
26073,-1.09855596774727,0.236371344231259,3.35843349021693e-06,-1.56183528941786,-0.635276646076688,0,0,0.00016657532322708,0.989702463575414,8.51160878732987e-05,"POLDIP2"
6521,-6.06158241957373,0.445698350531481,3.99392453468743e-42,-6.93513513458434,-5.18802970456312,0,0,0.994316994149648,0.318689547456303,7.6928692144558e-39,"SLC4A1"
5976,-0.622169656462192,0.212701931540225,0.00344370331825858,-1.03905778172314,-0.205281531201246,0,0,0.556271364248223,0.455766479879106,0.0261585644169467,"UPF1"
292,-1.02152501384219,0.324993594790935,0.00167102575137909,-1.65850075483863,-0.384549272845751,0,0,0.119813639268036,0.72923670070406,0.014754708713716,"SLC25A5"
6296,-2.8379436506088,0.378350344410093,6.34123868587451e-14,-3.57949669919091,-2.09639060202669,0,0,0.249633065604345,0.61733356579642,9.09562991506873e-12,"ACSM3"
81691,1.10405181917986,0.404873189585946,0.00639309189119069,0.310514949285549,1.89758868907417,0,0,0.264564884875784,0.607001219961761,0.0421919030684895,"REXO5"
5577,-1.25835507188976,0.355925725399777,0.000407092244454519,-1.95595667484461,-0.560753468934901,0,0,0.20662707088274,0.649424014780319,0.00470336309509878,"PRKAR2B"
5164,-0.969628653261027,0.259058305537485,0.000181910532357747,-1.47737360201047,-0.461883704511582,0,0,0.98891524931592,0.320007641621824,0.00245269970777951,"PDK2"
54972,2.35389364770801,0.866170471507901,0.00657598565664715,0.656230719080449,4.05155657633558,1.07096051290217,69.436834783948,3.27191242441995,0.0704754224785627,0.0431120500102479,"TMEM132A"
5898,0.717999463005785,0.173384084101157,3.45656106754744e-05,0.378172902675054,1.05782602333652,0,0,0.0576354467267911,0.810273016998849,0.000623058995638264,"RALA"
1352,-0.599798988553111,0.221662568967046,0.0068117479562406,-1.03424964044915,-0.165348336657075,0,0,0.682539250777117,0.408713711281987,0.0443072599066437,"COX10"
27072,0.658314968257831,0.220236317297306,0.00279773129831815,0.226659718267375,1.08997021824829,0,0,0.142797345539739,0.705515758277657,0.0222285274574093,"VPS41"
414,-0.659084266388115,0.246645936583065,0.00753584573583218,-1.14250141902407,-0.175667113752157,0,0,0.768355522655556,0.380726265788774,0.0473686750844873,"ARSD"
8228,-0.660308759777386,0.224242825956154,0.0032335688909733,-1.09981662244293,-0.22080089711184,0,0,0.000613638349333596,0.980237044479949,0.0248990344700132,"PNPLA4"
9703,-0.841072551163705,0.271487099390111,0.00194818068618506,-1.37317748823557,-0.308967614091841,0,0,0.0880023782033059,0.766732246360996,0.016634574752221,"BLTP2"
9058,-8.0483249372623,1.84646522553223,1.30792990512075e-05,-11.6673302780111,-4.42931959651351,6.29230602905219,92.2097727009713,12.8365959248029,0.000339905422982066,0.000270888155310953,"SLC13A2"
9254,-1.43157886556995,0.367348610012694,9.73682780584938e-05,-2.15156891096568,-0.711588820174222,0,0,0.86129957583161,0.353375269935507,0.0014619337339228,"CACNA2D2"
7021,-5.00297344771917,0.405526093091492,5.7252943681931e-35,-5.79778998496973,-4.20815691046861,0,0,0.932856634464904,0.334121728897249,6.43284533052897e-32,"TFAP2B"
9940,-1.87526416561611,0.507316563094316,0.000218645719774187,-2.86958635804161,-0.88094197319061,0,0,0.181022418240091,0.670496058869717,0.00287609779484425,"DLEC1"
6482,-1.10691150741153,0.340526323568071,0.00115165756363291,-1.77433083739279,-0.439492177430282,0,0,0.906305992287572,0.341096451212423,0.0109832300119889,"ST3GAL1"
389434,-3.94134171286875,0.51740757810008,2.58676613127763e-14,-4.95544193127301,-2.9272414944645,0.147383050422088,19.6566958964576,1.24465879410592,0.264575076025089,4.15206758904956e-12,"IYD"
80342,1.13475914122101,0.413542066081311,0.00606956667303315,0.324231585609354,1.94528669683266,0,0,0.292628766073567,0.588540859059169,0.0406335488840645,"TRAF3IP3"
9031,0.610088511275016,0.20767171206348,0.00330598677791664,0.203059435022824,1.01711758752721,0,0,0.620934465038835,0.430700244791332,0.0253553013234642,"BAZ1B"
7384,-0.913440212056179,0.268256317572182,0.000661392648738412,-1.439212933123,-0.387667490989363,0,0,0.0219213993128723,0.882296387686641,0.00705254017865888,"UQCRC1"
25900,1.14292551254122,0.321006931202661,0.000370235684421732,0.513763488596274,1.77208753648616,0,0,0.235016198600841,0.62782908184468,0.00435004935502874,"IFFO1"
3423,0.832917698700649,0.226495179605467,0.00023560576758643,0.388995304002003,1.27684009339929,0,0,0.0402569875495399,0.840978952278917,0.00305449285035368,"IDS"
2326,-2.89494008912046,0.540755288381864,8.62631671757766e-08,-3.95480097879848,-1.83507919944243,0.18390639600608,30.3927175066143,1.43663128939853,0.230685249865768,3.56774933445091e-06,"FMO1"
23395,-0.880972769731531,0.304358227261683,0.00379731589213855,-1.47750393356289,-0.284441605900176,0,0,0.591260626849263,0.441932055759194,0.0279726614775006,"LARS2"
7305,2.87522757728712,0.832287629679316,0.000551093265212938,1.24397379833745,4.50648135623678,1.02378141075126,72.451435607341,3.6299532191466,0.0567484115856066,0.00612058525112524,"TYROBP"
7869,-1.54490249727289,0.361605925773947,1.93434652471118e-05,-2.25363708838608,-0.836167906159686,0,0,0.559221031007215,0.454574271354539,0.000380494170502744,"SEMA3B"
51360,0.8592853096812,0.202385166551529,2.17822684693414e-05,0.462617672235063,1.25595294712734,0,0,0.420401896264933,0.516736573954488,0.000418959095252681,"MBTPS2"
240,3.02372754192297,0.416293810652333,3.77351605013546e-13,2.20780666605746,3.83964841778848,0,0,0.942382680937496,0.3316658294855,4.8455539908549e-11,"ALOX5"
5010,-0.959892519256269,0.285394025501643,0.000769904295027073,-1.51925453064239,-0.400530507870143,0,0,0.005575679382788,0.940476902025979,0.00800310385586207,"CLDN11"
51629,-0.754720880246092,0.198879136630429,0.000147719606084205,-1.14451682531815,-0.36492493517403,0,0,0.303974497801807,0.581401429582015,0.00209212547146359,"SLC25A39"
1774,0.692033181345124,0.224116440588159,0.00201624644422862,0.252773029449022,1.13129333324123,0,0,0.00251083265757476,0.960036157736939,0.0170546115480141,"DNASE1L1"
923,1.46726978675053,0.411751703938989,0.000365967796433381,0.660251276457111,2.27428829704395,0,0,0.185783798653325,0.6664491400688,0.00431323758681056,"CD6"
10460,1.02418572940194,0.209005834831403,9.57033903174815e-07,0.614541820573663,1.43382963823022,0,0,0.588873575187074,0.442855031052646,2.9193864516982e-05,"TACC3"
4190,-0.860413425185125,0.267688957925371,0.00130795631650737,-1.38507414177791,-0.33575270859234,0,0,0.706672272579355,0.400550755168504,0.0121705831714761,"MDH1"
10138,0.748749941315082,0.241313462584192,0.00191692353435094,0.275784245665413,1.22171563696475,0,0,0.192022873454287,0.661238303492266,0.0164205082678867,"YAF2"
1800,-6.00196783614306,1.3558172267218,9.56295215211705e-06,-8.65932077013677,-3.34461490214935,2.97368118933136,80.8432742316894,5.22009873761528,0.0223272833078123,0.00020845911741634,"DPEP1"
23386,0.600957179661588,0.225784473962497,0.00777607991210504,0.158427742426773,1.0434866168964,0,0,0.324377202711764,0.568988904822602,0.0484048409302457,"NUDCD3"
55349,-3.08773444911029,0.990348676883815,0.00182190583350583,-5.02878218793947,-1.14668671028112,1.61996526812832,81.424329520935,5.38338576325959,0.0203293880129972,0.0158074365206944,"CHDH"
1272,-3.97594538544898,0.552068100126699,5.9374396253256e-13,-5.05797897871076,-2.8939117921872,0,0,0.00696874817648539,0.933470652121691,7.34444940075826e-11,"CNTN1"
1591,-3.37939555590273,0.705672907505094,1.67699711779014e-06,-4.76248903947838,-1.99630207232708,0,0,0.0496385259858171,0.823693463198694,4.70082165055394e-05,"CYP24A1"
57586,1.74920933578444,0.4734574872461,0.000220282083235798,0.821249712571253,2.67716895899763,0,0,0.775651308211787,0.378474432783048,0.00289479856556361,"SYT13"
864,1.6370231552105,0.409623851445439,6.43114425391565e-05,0.834175159168859,2.43987115125215,0,0,0.00602086537048893,0.938150828025175,0.00104220093720607,"RUNX3"
58473,-1.77679147781735,0.358888611055311,7.39029519414974e-07,-2.48020022994737,-1.07338272568734,0,0,0.00245245706407985,0.960503075288271,2.35007901185663e-05,"PLEKHB1"
1992,0.9875836164759,0.179740037817691,3.91794487506411e-08,0.635299615773358,1.33986761717844,0,0,0.0231992070961749,0.878940183031353,1.78465036319221e-06,"SERPINB1"
11136,-2.56465642788089,0.514066864750092,6.07068015066482e-07,-3.57220896843649,-1.55710388732528,0.161424590656282,22.5906345941529,1.29183335214949,0.255710361940313,1.9723127824437e-05,"SLC7A9"
9369,1.27112657901163,0.298449481020751,2.05250424679109e-05,0.686176345006286,1.85607681301697,0,0,0.103426215564906,0.747756149571315,0.000399334989314347,"NRXN3"
57210,-0.738423862465284,0.21451175162359,0.000576690204396904,-1.15885916990812,-0.317988555022446,0,0,0.0138154933301244,0.906432681780573,0.00633185181260868,"SLC45A4"
57476,-2.20849685237963,0.777919700290663,0.00452582885426508,-3.73319144781352,-0.683802256945741,0.903153245740336,71.7286781558192,3.53715332276137,0.0600083674683904,0.0321505534468157,"GRAMD1B"
211,-0.717187737950029,0.239693080189263,0.00277057641348696,-1.18697754246446,-0.247397933435602,0,0,0.00479527706240075,0.9447922648191,0.0220517602025057,"ALAS1"
330,2.6882400949772,0.567509833034997,2.17006960729656e-06,1.57594126135627,3.80053892859814,0,0,0.000544315854810719,0.981386580887583,5.91532031517893e-05,"BIRC3"
50619,1.29404500479254,0.373765668041441,0.000535813427443433,0.561477756773763,2.02661225281132,0,0,0.766418345272166,0.381327351560475,0.0059656254683896,"DEF6"
1890,2.1390185659507,0.583737132388924,0.000247965178471547,0.994914810029723,3.28312232187168,0.39083516947249,53.0386399232496,2.12941021802961,0.144496344089973,0.00317503751313568,"TYMP"
355,1.29213273656873,0.268906446353649,1.54644363611585e-06,0.765085786504924,1.81917968663253,0,0,0.04912337639768,0.824595745184508,4.38039906423318e-05,"FAS"
57823,1.78988814755987,0.638905962423511,0.0050867345198272,0.537655471701884,3.04212082341785,0.325106489192899,30.8174047125688,1.44545025500319,0.229259402948769,0.0353892887155986,"SLAMF7"
11119,1.48803906544162,0.440805914464045,0.000736217578119261,0.624075348919852,2.3520027819634,0.093150151573695,16.5650692814562,1.19853877912761,0.273613924958315,0.00770617928708742,"BTN3A1"
5583,0.87948384331252,0.272786648222949,0.00126381540576184,0.344831837332142,1.4141358492929,0,0,0.787708306771758,0.374793983953395,0.0118110706568931,"PRKCH"
56938,1.66353405386527,0.497731880222291,0.000831083866426801,0.687997494672173,2.63907061305836,0,0,0.0969432213893621,0.755529190613004,0.00845698397813778,"BMAL2"
8100,-1.12919885332379,0.250923866533524,6.79006701837537e-06,-1.62100059459103,-0.637397112056549,0,0,0.646573190515447,0.421340524295885,0.00015730321925903,"IFT88"
9846,0.861321314727059,0.264827592714823,0.0011444085744314,0.342268770893563,1.38037385856056,0,0,0.285722488681123,0.592974790774496,0.0109355498292407,"GAB2"
9168,2.28876085885974,0.854559976024101,0.0073998751016791,0.61385408322309,3.96366763449639,1.17961419175836,79.2397053432094,4.8168873155801,0.0281821940047897,0.0467663556212761,"TMSB10"
26009,-1.09723968248179,0.388964711178651,0.00478856252450128,-1.85959650764897,-0.334882857314609,0,0,0.127567542529753,0.720967546973198,0.0336973844038887,"ZZZ3"
9099,-4.38777033489859,0.869327568245657,4.48061580299297e-07,-6.09162105942787,-2.68391961036932,0.891921400590388,59.0105002152575,2.43964919126002,0.118302680215655,1.49732790939228e-05,"USP2"
846,-4.97319369568597,0.99336257204041,5.54506933218731e-07,-6.92014856047525,-3.0262388308967,1.37074078225406,68.2261157615684,3.14723875902609,0.0760555627990142,1.81466431567674e-05,"CASR"
54455,0.502718679718782,0.183555654275572,0.00616674962680371,0.142956208179975,0.862481151257589,0,0,0.00973595903657624,0.921399524108168,0.0410801804437719,"FBXO42"
7204,0.638172396353691,0.236645772491191,0.00700216737401037,0.174355205177297,1.10198958753008,0,0,0.860524581474662,0.353591932831103,0.045129169552477,"TRIO"
4481,2.08441164353413,0.333102723793033,3.91036970251029e-10,1.43154230174759,2.73728098532067,0,0,0.233738077106187,0.628765846953448,2.88767600649874e-08,"MSR1"
1497,-0.904154576439127,0.231815076497376,9.60628936983347e-05,-1.35850377744738,-0.449805375430873,0,0,0.957195199974572,0.327894558246286,0.00144878746726471,"CTNS"
3937,1.53264176791728,0.296665648556324,2.38868025740464e-07,0.951187781296664,2.11409575453789,0,0,0.542363264143629,0.461454960100801,8.7996109045319e-06,"LCP2"
153,-3.0855639486606,1.1392574502393,0.00676086493802858,-5.31846752024857,-0.852660377072632,1.37825849816036,37.8917211022402,1.61009130786921,0.204478967505595,0.0440583576411017,"ADRB1"
51606,-0.815101154328057,0.292169580718983,0.00527370095798865,-1.38774300991543,-0.242459298740681,0,0,0.535701876979652,0.464219487003444,0.0363524079839269,"ATP6V1H"
1356,6.00006894265217,1.08169625845086,2.90766691635536e-08,3.87998323387675,8.12015465142758,1.36949700545737,58.489143992392,2.40900838040228,0.120638762698808,1.37173947263148e-06,"CP"
55885,-2.80311543940805,0.428416361691427,6.0308896869856e-11,-3.64279607871093,-1.96343480010516,0,0,0.361889957221425,0.547458470687453,5.05058917078428e-09,"LMO3"
10659,1.1955296531326,0.314258818664989,0.00014221520514102,0.579593686725117,1.81146561954008,0,0,3.43271486863957e-05,0.995325270967162,0.0020226662562409,"CELF2"
1298,-3.08575722085492,0.386893468072373,1.51484737388072e-15,-3.84405448413056,-2.32745995757927,0,0,0.00277394623990036,0.957996224007769,2.91781244886197e-13,"COL9A2"
5954,1.92378447746302,0.280154524190479,6.56261827795243e-12,1.37469169994373,2.47287725498231,0,0,0.94583034885495,0.330782921957333,6.50616045894357e-10,"RCN1"
5982,1.26899224996407,0.412912588539969,0.00211726176771384,0.459698447662525,2.07828605226562,0,0,0.0575969189648284,0.810335232759887,0.0176871378030271,"RFC2"
3074,0.744017749035858,0.249593232595777,0.0028738276623063,0.254824002363207,1.23321149570851,0.0337249575526635,10.7793106816272,1.12081626766145,0.28974275829176,0.0227279395862655,"HEXB"
9603,1.66372887250534,0.434596691524658,0.000129076826742297,0.811935009316743,2.51552273569393,0.0569788358639002,7.95713170448706,1.086450279656,0.297259052533856,0.00185735630199188,"NFE2L3"
63933,-0.866759675670867,0.310142251035571,0.00519452411768052,-1.47462731778477,-0.258892033556967,0.088762138628065,23.273395300258,1.30332888300395,0.253606058992359,0.0359536800198596,"MCUR1"
5601,0.691153908697239,0.158470079966023,1.29223532337297e-05,0.380558259336652,1.00174955805783,0,0,0.365727216226264,0.545342563474893,0.000268462386210135,"MAPK9"
91522,4.56038740424975,0.465632553363099,1.19518986734224e-22,3.64776436962865,5.47301043887085,0,0,0.390597913560276,0.531985280379931,4.88325605496223e-20,"COL23A1"
5652,-2.04542823600727,0.374191234490214,4.5961853312427e-08,-2.77882957893868,-1.31202689307587,0,0,0.0486687629765476,0.825396130125049,2.02241636350982e-06,"PRSS8"
2296,-1.77052381380894,0.261254128877817,1.22681998611336e-11,-2.28257249722185,-1.25847513039604,0,0,0.0653367737061685,0.798251540388143,1.19001538652996e-09,"FOXC1"
84957,1.74373606809555,0.636774744346108,0.00617412601955987,0.495680502912482,2.99179163327862,0.337734841431606,37.7399037252286,1.60616520023791,0.205031695612839,0.0410887172367846,"RELT"
116254,-1.27306555452474,0.330163238360207,0.000115320149896308,-1.92017361072986,-0.625957498319625,0,0,0.462035090004848,0.49667440393774,0.00169559605349173,"GINM1"
55283,-1.59856172178965,0.445771374491773,0.000335715135915168,-2.47225756113244,-0.724865882446853,0,0,0.000535439527830281,0.981538944795814,0.00403426664665259,"MCOLN3"
55540,-1.78907074686229,0.403191834456072,9.11072850767924e-06,-2.57931222125683,-0.998829272467753,0,0,0.094775463969811,0.758191725687796,0.000199415507254934,"IL17RB"
6646,0.889415304180141,0.217869118713963,4.45849585200807e-05,0.462399678157291,1.31643093020299,0,0,0.132109301731137,0.71625498971406,0.000765782160160826,"SOAT1"
639,1.67250793681915,0.320454163965456,1.79717116932142e-07,1.04442931675096,2.30058655688734,0,0,0.150604040471539,0.697958782691504,6.82570672562275e-06,"PRDM1"
493,0.840143762761966,0.223992489987876,0.000176294079450014,0.40112654957828,1.27916097594565,0,0,0.161366079953829,0.687901902055079,0.00239614221091183,"ATP2B4"
6916,1.55349338557759,0.271871857874291,1.10309027886893e-08,1.02063433573399,2.08635243542119,0,0,0.0893315849500916,0.765028632799639,6.06283049725614e-07,"TBXAS1"
8531,1.34095788903274,0.272375733162747,8.5144066251022e-07,0.807111261771066,1.87480451629442,0,0,0.00118343739003572,0.97255728651408,2.63302166344617e-05,"YBX3"
10076,1.59877018021342,0.329942856263096,1.26231391892013e-06,0.952094064981472,2.24544629544536,0,0,0.896161808964519,0.343812960274746,3.68393475515154e-05,"PTPRU"
51660,-1.41004658211761,0.210814386184817,2.25363282100719e-11,-1.82323518646277,-0.996857977772447,0,0,0.33848345342011,0.560705912063367,2.06705655276462e-09,"MPC1"
586,1.43177243481336,0.463332141213468,0.00200045811577419,0.523658125155136,2.33988674447158,0,0,0.511272035521163,0.474588719532205,0.0169849979691331,"BCAT1"
11178,1.86224055529911,0.628432549719525,0.00304349736638798,0.630535391136167,3.09394571946206,0.484423919509148,52.5244374181656,2.10634681427163,0.146689137701218,0.0237199277404677,"LZTS1"
6676,4.22557912807688,0.832478983116908,3.85668394429415e-07,2.59395030328121,5.85720795287254,1.09116048436138,76.8312061689781,4.3161504534649,0.0377522354861388,1.3299148240644e-05,"SPAG4"
2983,0.955987751929182,0.33236083698551,0.00402296993629248,0.304572481565995,1.60740302229237,0,0,0.148600636103756,0.699876243301509,0.029240810593548,"GUCY1B1"
6433,0.60247088276834,0.194401801405926,0.00194108614679029,0.221450353483017,0.983491412053664,0,0,0.859464767813133,0.353888515838722,0.0165887166832779,"SFSWAP"
84649,-1.6572167270663,0.326652481611503,3.90908095141687e-07,-2.29744382648547,-1.01698962764712,0,0,0.853590890559044,0.355538473110278,1.34454434867229e-05,"DGAT2"
4058,-1.36155030902039,0.399284085455594,0.000649679040531162,-2.14413273611337,-0.578967881927413,0,0,0.0212362313888609,0.884137250363547,0.0069676502170032,"LTK"
56848,-1.78411069759069,0.50188145069667,0.000378202168496518,-2.76778026546487,-0.800441129716499,0.110482712180849,20.184503991865,1.25288953901643,0.263001307783513,0.00440734644584145,"SPHK2"
770,-0.93858124417864,0.332958822138214,0.00481868958993757,-1.59116854390442,-0.285993944452864,0,0,0.420269935378052,0.516802382494944,0.0338740311476164,"CA11"
3029,-1.27430221404046,0.272006231291654,2.80196106644815e-06,-1.80742463094257,-0.741179797138345,0,0,0.36146438286794,0.547694077471034,7.30731935375637e-05,"HAGH"
50937,0.952862710344886,0.341534904315323,0.00527174195074261,0.283466598423519,1.62225882226625,0,0,0.0140674776509553,0.905587196251009,0.0363524079839269,"CDON"
8537,-1.17704262651587,0.372718352112359,0.00158858378875814,-1.90755717303321,-0.446528079998523,0,0,0.245735142798701,0.620094234535532,0.0141472095269657,"BCAS1"
23294,-0.925138941447431,0.257823196747655,0.000332880956726155,-1.43046312145182,-0.419814761443042,0,0,0.634350867087338,0.42576386417486,0.00401811453853066,"ANKS1A"
4942,-1.3937643107219,0.378768188749644,0.000233481887984933,-2.13613631916067,-0.651392302283129,0,0,0.000661785171965147,0.979476535332319,0.00304113559636726,"OAT"
10954,2.59780657438919,0.732341507306132,0.000389258537967646,1.16244359568539,4.03316955309298,0.741343811010357,64.1433530094185,2.78888318883433,0.0949203594513873,0.00451278836407375,"PDIA5"
55248,-1.07164788345471,0.375799642587599,0.00434933853014238,-1.80820164832943,-0.335094118579994,0.0664027268666605,14.972342298523,1.17608790719708,0.278153861281013,0.031093388866336,"PACC1"
7089,-0.941243662677563,0.31782384711063,0.00306118408633785,-1.56416695644236,-0.318320368912764,0,0,0.462449160953965,0.49648157354769,0.0238302223072132,"TLE2"
5141,0.892106928903135,0.336299493352171,0.00798471045464564,0.232972033913812,1.55124182389246,0,0,0.533919478564003,0.464963674509038,0.0494751153768324,"PDE4A"
84217,-2.59109232800814,0.525901861175249,8.35229925056568e-07,-3.62184103531422,-1.56034362070207,0.133848420238418,19.2612023140238,1.23856191652665,0.265748387669748,2.58882875391671e-05,"ZMYND12"
8832,1.96240059235587,0.460208725212864,2.00661573321344e-05,1.06040806556757,2.86439311914417,0,0,0.000568791223232849,0.980972780172599,0.000392104346824882,"CD84"
6688,1.8151436031308,0.359496736013848,4.43840551028207e-07,1.11054294798395,2.51974425827765,0,0,0.972510530219866,0.324054857049889,1.4923446756891e-05,"SPI1"
744,-1.41142452465101,0.352862028990396,6.33603810446014e-05,-2.10302139298392,-0.719827656318109,0,0,0.67896563020698,0.409943133306247,0.0010310633048329,"MPPED2"
348158,-3.78642618897526,0.994392535687873,0.000140220969575189,-5.73539974541895,-1.83745263253157,1.51419872338207,74.8465721919481,3.97560128834563,0.0461639685842502,0.00200063421458441,"ACSM2B"
2235,-2.00327780489098,0.68926062084635,0.00365595538550671,-3.35420379771154,-0.652351812070414,0.696353950387219,68.472150507559,3.17179895266804,0.0749198831311024,0.027279051722627,"FECH"
5214,3.01899818843728,0.513875005496847,4.22930128095224e-09,2.01182168510814,4.02617469176642,0.278075882401978,45.5131688186586,1.83530584972327,0.175502128381927,2.58025652357824e-07,"PFKP"
3422,-0.645545126884574,0.235835229725565,0.00619510821433211,-1.10777368343241,-0.183316570336736,0,0,0.326297376731758,0.567847503871353,0.0411876943066271,"IDI1"
6672,0.534004814424364,0.184060669712071,0.00371684977996898,0.173252530818382,0.894757098030345,0,0,0.704984263412937,0.401113960566646,0.0276019116098349,"SP100"
5255,1.21267333025003,0.33785953833573,0.000331589348210066,0.550480803278669,1.87486585722139,0,0,0.87735345597484,0.348927572443176,0.00400611037806122,"PHKA1"
9399,0.666219267742573,0.247856769924227,0.00718985340675203,0.180428925366658,1.15200961011849,0,0,0.0366417815876529,0.848196214019138,0.0459528552033513,"STOML1"
5315,1.42611553548164,0.279445576066384,3.33649121525743e-07,0.878412270752476,1.9738188002108,0,0,0.137515776336346,0.710763263937242,1.17764165066272e-05,"PKM"
865,0.824423015087678,0.208661985715355,7.78260889142495e-05,0.415453038142971,1.23339299203239,0,0,0.00219106748013795,0.962665583644323,0.00121873305090688,"CBFB"
11186,0.782527873942214,0.255139599170496,0.00216177118828505,0.282463448538057,1.28259229934637,0,0,0.466105277479627,0.494784400786953,0.0180143145436634,"RASSF1"
2261,-1.99932825011914,0.363762325710531,3.87955037855891e-08,-2.71228930744431,-1.28636719279397,0,0,0.426155619768101,0.513881381630686,1.77315178827491e-06,"FGFR3"
3796,1.2298319643837,0.382856141674148,0.0013169693386963,0.479447715442404,1.98021621332499,0,0,0.406593854082266,0.523703413002913,0.0122291305741337,"KIF2A"
8514,-1.10476974715379,0.414981417541968,0.00776282809271719,-1.91811837978942,-0.291421114518153,0,0,0.00782732790185621,0.929501389064187,0.0483446702882706,"KCNAB2"
5873,1.07403270913853,0.256680889583624,2.86032111597021e-05,0.57094741003493,1.57711800824214,0,0,0.274371552239147,0.600414258904009,0.000533412304379341,"RAB27A"
5217,-0.624559602339451,0.205278541189031,0.00234623181523759,-1.02689814986887,-0.222221054810029,0,0,0.778834108309508,0.377497948220011,0.0192188600029456,"PFN2"
440,1.34760470014934,0.341805277530227,8.0599864682617e-05,0.677678666464375,2.0175307338343,0,0,0.238219276633895,0.625495215545221,0.00125199075520245,"ASNS"
1459,0.69378480043462,0.201130791816616,0.00056178984293137,0.299575692292029,1.08799390857721,0,0,6.06632708717892e-05,0.993785608897294,0.00620361380200136,"CSNK2A2"
6559,-8.30981702373548,1.18490327533478,2.3313430141355e-12,-10.6321847685552,-5.98744927891576,2.2014165793687,78.3979745343906,4.62919554276059,0.0314322982147314,2.57651621799909e-10,"SLC12A3"
56852,0.709347167219164,0.257615571058251,0.00589598877353659,0.204429926088274,1.21426440835006,0,0,0.391878079742817,0.53131385177098,0.0397478083167969,"RAD18"
9448,0.679638685495093,0.229206934880795,0.0030251073915221,0.230401348121918,1.12887602286827,0,0,0.458780384480636,0.498194514317892,0.0236175581701751,"MAP4K4"
11320,-0.885008767541683,0.305535823738181,0.00377255184808114,-1.4838479780553,-0.286169557028071,0,0,0.0209891788323116,0.884808439311272,0.0279019838550071,"MGAT4A"
22846,2.66595801134408,0.598284087503448,8.35003525066308e-06,1.49334274731391,3.83857327537425,0.399322939174726,50.7040884839376,2.028565796322,0.15436621908469,0.000185781394859225,"VASH1"
9319,1.02662019214742,0.373539724350253,0.00598949135962741,0.2944957856259,1.75874459866893,0,0,0.0328491653177857,0.856176540618691,0.0402529484106413,"TRIP13"
87,1.73431190213086,0.553619970595109,0.00173220638980556,0.649236698642323,2.8193871056194,0.329216875715802,45.9831906458721,1.85127557876311,0.173635109857318,0.0151855258476908,"ACTN1"
64398,-1.47535245968033,0.336856665277149,1.18808289797898e-05,-2.13557939157581,-0.815125527784856,0,0,0.513499345910995,0.473627927174818,0.000249741242992175,"PALS1"
55743,0.722375770034586,0.271930093705373,0.00789620691461303,0.189402580059452,1.25534896000972,0,0,0.11109932338403,0.738896026228308,0.0490168314133184,"CHFR"
6793,0.8644105521433,0.250974004045255,0.000572702162508211,0.372510543158791,1.35631056112781,0,0,0.911634650712109,0.33968106951176,0.00630346388334548,"STK10"
79041,-1.38129184071322,0.416025381687225,0.000899495969235836,-2.19668660547471,-0.56589707595173,0,0,0.00118775671223356,0.972507271563617,0.00896371334309444,"TMEM38A"
949,2.5929838927679,0.926003690336894,0.00510729427104364,0.778050010156411,4.4079177753794,1.39065870638204,79.4017567498434,4.8547829436493,0.0275695824371727,0.0354226587739102,"SCARB1"
4171,1.16935490164565,0.353014195818752,0.000924704542204961,0.477459791809526,1.86125001148177,0,0,0.659531034381396,0.416725554594478,0.0091809950976064,"MCM2"
56666,-1.53160813918747,0.391318531146984,9.07917398997587e-05,-2.29857836671867,-0.764637911656263,0,0,0.00324553730792295,0.954569397613799,0.00138634771128929,"PANX2"
3993,-1.2839331188428,0.321773859989145,6.60253350440327e-05,-1.91459829558796,-0.653267942097639,0,0,0.0852408187227146,0.770316975583063,0.00106358374241182,"LLGL2"
10979,-0.94597103519207,0.346395629652261,0.00631620704423776,-1.62489399371258,-0.267048076671563,0,0,0.127556826373972,0.720978777195004,0.0417867613235808,"FERMT2"
5743,-1.86653247957252,0.486595697440721,0.000125105262165667,-2.82024252158849,-0.912822437556563,0,0,0.024284881907101,0.87616223517234,0.00180986507487091,"PTGS2"
4854,1.6712341801361,0.482707335753077,0.000535758881524758,0.725145186986789,2.61732317328542,0.184931893835093,32.3588144616993,1.47838922698031,0.224026712829031,0.0059656254683896,"NOTCH3"
489,1.27944684418859,0.454012355671947,0.00483105430337548,0.389598978535382,2.16929470984179,0.0727276149684265,13.2200416636612,1.15233980192089,0.283059882306096,0.0339312356557395,"ATP2A3"
59277,-1.97153303156593,0.345932613773182,1.20383437095567e-08,-2.64954849563917,-1.29351756749269,0,0,0.0527116680644805,0.81841020898629,6.4925195294381e-07,"NTN4"
55205,0.819509641523432,0.205590493152369,6.71608130187041e-05,0.41655967938096,1.2224596036659,0,0,0.0306696037656409,0.860979534404551,0.00107929587834468,"ZNF532"
8578,0.925962247684351,0.320791240311429,0.00389559182008262,0.297222970118016,1.55470152525069,0,0,0.0717529395245224,0.788801394387769,0.028558104408503,"SCARF1"
51495,-0.962707919449356,0.236309849507892,4.6227948945022e-05,-1.4258667136769,-0.499549125221808,0,0,0.538162401929866,0.463195285944513,0.000785991722100544,"HACD3"
2023,1.02203796952263,0.261746711531771,9.43489237000565e-05,0.509023841848562,1.53505209719669,0,0,0.00516786353931676,0.942691156218341,0.00142612840610747,"ENO1"
6557,-9.08020815835589,1.24078157047585,2.51439158146151e-13,-11.5120953491696,-6.64832096754217,2.66604729163602,86.0940471383556,7.19116489139132,0.00732634036320763,3.29141181483937e-11,"SLC12A1"
56005,1.64662739697001,0.348279557673406,2.2686515656131e-06,0.964012007378591,2.32924278656142,0,0,0.530048793321705,0.46658634648338,6.11764581183227e-05,"MYDGF"
55160,-1.09293300321203,0.295516305519783,0.000216975811872937,-1.67213431887514,-0.513731687548925,0,0,0.000264585635572777,0.987022111405693,0.0028578461645848,"ARHGEF10L"
55020,-1.2498577532636,0.310358776772173,5.64597977441431e-05,-1.85814977802297,-0.641565728504239,0,0,0.0113165984641178,0.915281255749641,0.000934045954581941,"TTC38"
38,-2.33695164094563,0.640927001943355,0.000266141037752588,-3.59314548147383,-1.08075780041742,0.560434613689704,61.2503015192266,2.5806652418113,0.108176190522026,0.0033473690410617,"ACAT1"
23151,1.76684978361418,0.423875380882191,3.06848001330776e-05,0.936069303151887,2.59763026407647,0,0,0.000544593694887708,0.981381831847581,0.000565195574035909,"GRAMD4"
64778,0.816577494624496,0.205815238095604,7.26223157082175e-05,0.413187040487576,1.21996794876142,0,0,0.777156897958886,0.378012074244466,0.00114925666982852,"FNDC3B"
60,1.00623853661091,0.270984127189013,0.000204594506074466,0.475119406938427,1.5373576662834,0,0,0.473471847020851,0.491394277619535,0.00272583767332215,"ACTB"
55973,0.617089773737685,0.175048930965896,0.000423096722772706,0.27400017351229,0.96017937396308,0,0,0.388162615927066,0.533266793302259,0.00485086149076904,"BCAP29"
4175,0.978615438924705,0.259424965797758,0.000161783005642342,0.470151849270565,1.48707902857885,0,0,0.0502325468507245,0.822659117940182,0.00223660603004943,"MCM6"
2329,-2.28583299720248,0.576667944661335,7.37464415148169e-05,-3.41608139977743,-1.15558459462753,0.416922957493417,54.5393461190809,2.19970439188892,0.138037206586528,0.0011656779260777,"FMO4"
5362,0.954594064022074,0.322780987705118,0.00310240465658345,0.321954953225778,1.58723317481837,0.0772053471203725,19.2199749723957,1.23792979719711,0.265870405706131,0.0240677341684204,"PLXNA2"
10615,-2.73099246499955,0.408081731012233,2.19737383852455e-11,-3.53081796053229,-1.93116696946681,0,0,0.0437000298104152,0.834412703014954,2.02925968937168e-09,"SPAG5"
55824,1.18191110140291,0.269424394933037,1.15030145105801e-05,0.653848990777657,1.70997321202816,0,0,0.20828853683257,0.648112151015142,0.000243860290324139,"PAG1"
22978,-0.797741911493812,0.221623859476065,0.000318791856067278,-1.23211669418167,-0.363367128805959,0,0,0.00290257285069799,0.957034331703227,0.00388280993257011,"NT5C2"
4162,2.1153486753566,0.329828726700572,1.42238367832035e-10,1.46889624995678,2.76180110075643,0,0,0.992808500756251,0.319056919819034,1.11499994969728e-08,"MCAM"
57662,-0.951120788080855,0.354431105691126,0.0072852953217947,-1.64579299023617,-0.25644858592554,0,0,0.00727326114483598,0.932036075142601,0.0463337909546028,"CAMSAP3"
3566,0.651417042697888,0.232600272758401,0.00510099304289355,0.195528885297229,1.10730520009855,0,0,0.393912044129006,0.530250199861782,0.0354226587739102,"IL4R"
6626,0.890188517654332,0.310681677473955,0.00416646928074137,0.281263619148892,1.49911341615977,0.0246075039155189,7.07488700049734,1.07613536074511,0.299563713670875,0.0300891833488141,"SNRPA"
54518,0.911612601886746,0.321459990338821,0.00457037777470996,0.281562598352064,1.54166260542143,0,0,0.0488423271089782,0.825090095133858,0.032415783028098,"APBB1IP"
4133,1.70751122367235,0.430193570723278,7.21235493551861e-05,0.864347318674042,2.55067512867066,0,0,0.564903373042517,0.452291317970457,0.00114270483661102,"MAP2"
56922,-0.771934545904226,0.250016498538017,0.00201824394472243,-1.26195787857955,-0.281911213228901,0,0,0.38935374204444,0.532639298049605,0.0170577765822406,"MCCC1"
27074,1.42958555154255,0.521162581349213,0.00608676696622298,0.408125662008169,2.45104544107693,0,0,0.771240954333064,0.379833426758075,0.0406880907315738,"LAMP3"
10529,-1.0063728696684,0.317726231690738,0.00153797271976506,-1.62910484072588,-0.383640898610926,0,0,0.027023620181451,0.869425217330414,0.0137601102724567,"NEBL"
57103,1.02653063382146,0.273807797965485,0.000177475952363735,0.489877211122894,1.56318405652003,0,0,0.000822623356239192,0.977118681873557,0.00240977670263872,"TIGAR"
7289,0.750301124459153,0.2609889326309,0.0040423374976701,0.238772216139039,1.26183003277927,0,0,0.148432691124916,0.70003765668201,0.0293657524143782,"TULP3"
27098,-2.61165650905894,0.340597676532567,1.74884782964655e-14,-3.27921568828079,-1.94409732983708,0,0,0.740535713755696,0.389489323933584,2.91107596137339e-12,"CLUL1"
6507,1.39290825400333,0.394255925722471,0.000410864318089537,0.620180838895787,2.16563566911087,0,0,0.0105776914661936,0.918083684505523,0.00473477230837711,"SLC1A3"
56925,0.892255046692982,0.32182305003936,0.0055627179273787,0.261493459221005,1.52301663416496,0.0335948645749229,8.01039243549724,1.0870793195838,0.29711924437101,0.0378990024329697,"LXN"
10411,-2.20509713775782,0.255069105924182,5.37596547237854e-18,-2.70502339893804,-1.70517087657759,0,0,0.261371187157653,0.609179692089684,1.36762532951094e-15,"RAPGEF3"
634,-1.6580962007316,0.40942791881692,5.12640913001375e-05,-2.46056017587795,-0.855632225585246,0,0,0.0888914717868358,0.765591178107568,0.000858625767701558,"CEACAM1"
2222,-1.02261855791497,0.250461448024502,4.44698946227771e-05,-1.51351397555875,-0.531723140271197,0,0,0.610276122151571,0.43468386421837,0.000765243176072735,"FDFT1"
55604,-1.4052568449793,0.243861646808661,8.28687743805982e-09,-1.88321688993491,-0.927296800023702,0,0,0.173294874876231,0.677199996658709,4.75455185095151e-07,"CARMIL1"
8671,-2.30822772283231,0.30750162501583,6.07792590345243e-14,-2.91091983305087,-1.70553561261374,0.0207634029767303,6.05057341270398,1.06440245174974,0.30221323116427,8.90746466915751e-12,"SLC4A4"
50509,2.62208300879065,0.772922838680173,0.000692768135012995,1.10718208214904,4.13698393543225,0.680267704428476,51.7515876978352,2.07260706059572,0.149964977451443,0.00731448141298373,"COL5A3"
5663,-0.636746443757973,0.238757388876571,0.00765502840171123,-1.10470232699888,-0.168790560517069,0,0,0.0441966050990937,0.833488254834867,0.0478945466080151,"PSEN1"
1371,1.0329588287631,0.26260596343011,8.37201324129404e-05,0.518260598314641,1.54765705921156,0,0,0.347927368823136,0.555288747682223,0.00129005548036992,"CPOX"
1286,-2.10561742744766,0.244539558709652,7.271780300754e-18,-2.5849061553139,-1.62632869958143,0,0,0.0684030877715566,0.793676230644678,1.81565581101974e-15,"COL4A4"
6932,1.4093219455242,0.431141320724319,0.00107998243735419,0.564300484657508,2.2543434063909,0,0,0.0128487180425261,0.909751345457325,0.0104382818658398,"TCF7"
4208,1.10755879339962,0.173811221197101,1.8634315168094e-10,0.766895059744374,1.44822252705486,0,0,0.081415246309229,0.775388596017463,1.45229174226249e-08,"MEF2C"
5788,1.42334159197652,0.343004235496399,3.33009190966988e-05,0.751065643858882,2.09561754009416,0,0,0.00738083423421631,0.931536545701566,0.000604301873729192,"PTPRC"
79876,1.0358458405099,0.180398142215344,9.35657171213593e-09,0.682271978889894,1.38941970212991,0,0,0.747223290056519,0.387356780025457,5.23463304542443e-07,"UBA5"
4036,-1.9300722251877,0.69121868328514,0.00523389526147022,-3.28483594986777,-0.575308500507627,0.576482619951196,59.1004856954491,2.44501681011095,0.117898622200176,0.0361604812181552,"LRP2"
6561,-4.9579076420866,1.27140371190305,9.63699766333642e-05,-7.44981312722713,-2.46600215694608,2.52881146811096,76.8576401359951,4.32108050292389,0.0376430125577474,0.00145179485469011,"SLC13A1"
93664,-1.01591676629116,0.239402170327566,2.2000441453455e-05,-1.48513639795392,-0.54669713462841,0,0,0.256494196743865,0.612538984110926,0.000422552638343211,"CADPS2"
2533,1.48515881754502,0.346231628046921,1.79079890816431e-05,0.806557296264386,2.16376033882565,0,0,0.827903896125195,0.362879340381384,0.000356652018888913,"FYB1"
22837,-2.29311870807735,0.791849592931822,0.00378070616832728,-3.84511539139642,-0.741122024758277,0.957690226375126,72.2356911393864,3.60174641846965,0.0577189065975483,0.0279163533776323,"COBLL1"
7188,0.767386656243681,0.212666056277929,0.000308077497008109,0.350568845204772,1.18420446728259,0,0,0.0219513187694524,0.882216676715555,0.00377618990196395,"TRAF5"
54437,4.64956166741654,1.66417768419725,0.00520750667963328,1.38783334251467,7.91128999231841,5.05575364732847,91.1074420907178,11.2453583119901,0.000798223822539542,0.0360250449263702,"SEMA5B"
80036,-2.96807514926364,0.931860905134675,0.00144701323050347,-4.7944889619285,-1.14166133659878,1.42496460092332,80.1525026225107,5.03841860250947,0.0247911114121456,0.0131501423623067,"TRPM3"
594,-1.81484228183471,0.332863352040857,4.97464939481771e-08,-2.46724246360806,-1.16244210006135,0,0,0.350668171297922,0.553735138017728,2.1706536501724e-06,"BCKDHB"
2122,-2.27275769257302,0.276570154567117,2.07523567606639e-16,-2.81482523472324,-1.73069015042279,0,0,0.00569698014008873,0.939834128801497,4.51296816458114e-14,"MECOM"
5243,-1.84485321635922,0.446397386185483,3.58433103217771e-05,-2.71977601607558,-0.969930416642856,0,0,0.0753110364328246,0.783755294819326,0.000638408656629486,"ABCB1"
22996,1.46380662898811,0.471765163467913,0.00191680362158516,0.539163899430347,2.38844935854587,0,0,0.706007785365752,0.400772324688091,0.0164205082678867,"TTC39A"
51194,0.624809632864511,0.233933470954363,0.00756513344631665,0.166308455015514,1.08331081071351,0,0,0.0147651979850815,0.903285406737568,0.0474421833752034,"IPO11"
101180901,0.624809632864511,0.233933470954363,0.00756513344631665,0.166308455015514,1.08331081071351,0,0,0.0147651979850815,0.903285406737568,0.0474421833752034,"IPO11-LRRC70"
10959,0.791375721776911,0.234831055687485,0.000751739175240623,0.331115310177922,1.2516361333759,0,0,0.647756263077893,0.420916018068657,0.00784496849827346,"TMED2"
7462,1.45755143040936,0.354625921685208,3.95471245286965e-05,0.762497395922027,2.15260546489669,0.0439889205113177,8.53349154099818,1.09329635168946,0.295741996320162,0.000696101671044928,"LAT2"
581,1.49000271997113,0.374664564704073,6.9820125258974e-05,0.755673666867768,2.22433177307449,0,0,0.20962428012971,0.647062048849418,0.0011153847735388,"BAX"
6452,1.02405944832101,0.306768887682739,0.000843195219103303,0.42280347688543,1.62531541975659,0,0,0.0981715437197881,0.754034985132547,0.0085479707813307,"SH3BP2"
79944,-1.70085927320515,0.389103734838965,1.23552410545057e-05,-2.46348857973954,-0.938229966670755,0.104953965304179,22.8783583584916,1.29665289627572,0.254825516890493,0.000259075762267341,"L2HGDH"
22795,1.53128814724267,0.527810564769178,0.00371727237423685,0.496798449635333,2.56577784485,0.154406504583608,22.4723019737529,1.28986159199703,0.256073459053983,0.0276019116098349,"NID2"
116154,-1.30464998583822,0.455606033184501,0.00418924637271348,-2.197621402019,-0.411678569657433,0,0,0.0177502554483606,0.894011418840765,0.0301889945715103,"PHACTR3"
6790,1.16878536634234,0.277258877190329,2.4922312339044e-05,0.625367952655283,1.7122027800294,0,0,0.0215850440211185,0.883196353843511,0.000472612569996245,"AURKA"
5775,-0.712689129202144,0.256050588900158,0.00537937889597297,-1.21453906166672,-0.210839196737563,0,0,0.471804811133312,0.4921580407181,0.0368734955030013,"PTPN4"
22974,3.03623101421706,0.923960978582958,0.00101583829539317,1.22530077307408,4.84716125536004,1.11878230219211,59.6861683611094,2.48053821566121,0.115262804055841,0.0099122869854316,"TPX2"
80307,2.43594111985314,0.799539572352881,0.00231383995220882,0.868872353826937,4.00300988587934,0.894353032994582,67.9684936401763,3.12192623339836,0.0772454214880717,0.0190228683387997,"FER1L4"
55608,0.591819777892819,0.218147797983067,0.00666911261163108,0.164257950539289,1.01938160524635,0,0,0.204758472381108,0.650907052573531,0.0436715130367275,"ANKRD10"
54498,2.01386587421392,0.678197365792992,0.00298343800991237,0.684623462849718,3.34310828557812,0.38566966437993,39.4074787503004,1.65036869134235,0.198908757661641,0.0233598691565903,"SMOX"
2280,0.905434712437581,0.206221170339609,1.13038208981717e-05,0.501248645722248,1.30962077915291,0,0,0.0936492540186618,0.759588157070021,0.000240014830189053,"FKBP1A"
9762,-1.78471364350625,0.285983367725456,4.35838722403646e-10,-2.34523074442562,-1.22419654258688,0,0,0.484129209907463,0.486557883550689,3.1593620936389e-08,"LZTS3"
2160,-4.64571332026964,0.965891158817811,1.51104844642692e-06,-6.53882520453821,-2.75260143600107,1.44455654345679,75.9447459649637,4.15709598636333,0.0414604305555887,4.30728672371547e-05,"F11"
5027,1.41045493072672,0.384290960205804,0.000242286142350142,0.657258489139031,2.16365137231441,0,0,0.0006153817276849,0.980208996351104,0.0031171221920868,"P2RX7"
84678,0.752186696769985,0.19473405449456,0.000112170252885323,0.370514963397186,1.13385843014278,0,0,0.0177979095582332,0.893870081362788,0.00165469531690679,"KDM2B"
4938,1.58662610457839,0.318324061218496,6.21830092193879e-07,0.962722409177616,2.21052979997917,0,0,0.104064546484416,0.747005488161651,2.00098690526255e-05,"OAS1"
6175,1.62037792188285,0.316501604514624,3.06100744294008e-07,1.00004617598505,2.24070966778065,0,0,0.74642754640624,0.387609653135063,1.08895945522853e-05,"RPLP0"
55614,-0.671439216313635,0.245029692221575,0.00613950576318668,-1.15168858821086,-0.191189844416415,0,0,0.678757336331197,0.410014959538671,0.0409391474802404,"KIF16B"
1114,-3.26986814020273,1.00202231895771,0.00110135017316872,-5.23379579706515,-1.30594048334031,1.40649944860106,65.803433534787,2.92427019249802,0.0872566713215045,0.0106067888463099,"CHGB"
5037,-1.49414575426158,0.450372885849479,0.000908025861297089,-2.37686039013992,-0.611431118383229,0.212670589201145,37.5025084696877,1.60006421940148,0.20589411014493,0.00903535991724624,"PEBP1"
57655,0.969916308675844,0.27246716215447,0.000371201116139963,0.435890483883247,1.50394213346844,0,0,0.628949093125301,0.427741055615206,0.00435004935502874,"GRAMD1A"
23193,0.538534563902459,0.174236220033414,0.00199597765935378,0.197037847834571,0.880031279970347,0,0,0.246854155952645,0.619298925535415,0.0169576350227266,"GANAB"
51291,1.29974400441344,0.302952663206986,1.78468536801375e-05,0.705967695507258,1.89352031331963,0,0,0.491631831753199,0.483200283345065,0.000355960248771146,"GMIP"
5996,1.69917462109,0.46591499567251,0.000265358403342625,0.785998009714746,2.61235123246525,0,0,0.0580456356074351,0.809611990954324,0.00334064178549823,"RGS1"
4069,3.07822293901471,0.83084632277445,0.000211453664617762,1.44979406968925,4.70665180834017,0.887634571972082,61.9041236767234,2.624956022836,0.105195419644588,0.0028033724287525,"LYZ"
2802,0.77599487138164,0.226825177924694,0.000623651040318979,0.331425691862351,1.22056405090093,0,0,0.000405718954892819,0.983929723675659,0.00674313310073841,"GOLGA3"
24137,2.50398565908309,0.445218160201406,1.86394646980077e-08,1.63137409982515,3.37659721834103,0,0,0.386512062347041,0.534138531544043,9.27364953960289e-07,"KIF4A"
1738,-1.46359660512853,0.500145316268162,0.00342972877326172,-2.44386341205053,-0.483329798206541,0.273454215917921,46.4644783559418,1.86791866276881,0.171713648112296,0.0260670986752468,"DLD"
368,-1.50740905797839,0.336574485950891,7.51064009704243e-06,-2.16708292855722,-0.847735187399562,0,0,0.147920081966998,0.700530979283208,0.000170481414862665,"ABCC6"
2271,-1.03839102890046,0.345516598110007,0.00265293780010731,-1.71559111725688,-0.361190940544046,0,0,0.0785514140377732,0.779270172162193,0.021304085979063,"FH"
23231,1.69094380296409,0.317272050436529,9.84110657963148e-08,1.06910201080732,2.31278559512087,0,0,0.859477614097152,0.353884918841307,3.98461381420935e-06,"SEL1L3"
7018,2.15172642367962,0.683181637948591,0.00163512543440873,0.812715018401303,3.49073782895795,0,0,0.877379992116238,0.348920283920729,0.0144661392599298,"TF"
350,-4.04552789446585,0.780067371406505,2.14713248010567e-07,-5.57443184793743,-2.51662394099427,0.750825606338523,60.6217378375036,2.53947214804312,0.111031899852639,7.99717879261457e-06,"APOH"
4345,1.37244084965555,0.304526159152949,6.58102142373711e-06,0.775580545365455,1.96930115394564,0,0,0.475831796431136,0.490316432607306,0.000153781476353982,"CD200"
57556,1.21748696948686,0.332427483574052,0.00024984993797401,0.565941074210435,1.86903286476328,0,0,0.0348372771718339,0.851937046890293,0.00319310588976643,"SEMA6A"
7301,-1.97346399493642,0.343123291681401,8.84697499576022e-09,-2.6459732888888,-1.30095470098404,0,0,0.413046584961329,0.520427215537816,4.99095246308933e-07,"TYRO3"
26227,-2.31290964210041,0.369340924535772,3.79432688515153e-10,-3.03680455220724,-1.58901473199357,0,0,0.00800532192153801,0.928706435865595,2.84216163291656e-08,"PHGDH"
51816,1.07173112632494,0.258860749350672,3.47027390456139e-05,0.564373380586575,1.57908887206331,0,0,0.0336795898943446,0.854390028608925,0.000623862707402683,"ADA2"
55862,-0.884459884423211,0.218273450044991,5.07658877476678e-05,-1.3122679852927,-0.456651783553726,0,0,0.596139127822163,0.440054926934789,0.000852399084062023,"ECHDC1"
9942,-0.960572791090059,0.355206185897022,0.00684550132929021,-1.65676412253406,-0.264381459646058,0,0,0.772521880813913,0.379438017238537,0.0444380810894655,"XYLB"
5742,1.22858559206993,0.40554125554641,0.0024496218643184,0.433739336953814,2.02343184718605,0,0,0.887914540824779,0.346043073892216,0.019932559804831,"PTGS1"
1384,-1.00668418333314,0.35269522835712,0.00431370955986837,-1.69795412843222,-0.315414238234053,0,0,0.11293559774003,0.736826435711096,0.030904455535443,"CRAT"
10044,1.31362673426984,0.266415584543309,8.19175161362565e-07,0.791461783644764,1.83579168489491,0,0,0.00653045362002532,0.935592083302381,2.55669877329895e-05,"SH2D3C"
54187,0.613914031511959,0.21557709894033,0.00440267069679749,0.191390681697285,1.03643738132663,0,0,0.00273793540555108,0.958269506734472,0.0314080470925506,"NANS"
5146,-1.34599530102869,0.454492050251498,0.00306107103747806,-2.23678335078139,-0.455207251275983,0,0,0.566233409885476,0.451759553069993,0.0238302223072132,"PDE6C"
10580,1.19084502608688,0.318953417734339,0.000188760915013857,0.565707814581616,1.81598223759214,0,0,0.0722717406914399,0.788057397692331,0.00253240141008143,"SORBS1"
53904,2.23230334887054,0.548222126151761,4.66320494877954e-05,1.15780772608511,3.30679897165596,0,0,0.791350078561091,0.373692203377038,0.000791863883178773,"MYO3A"
284422,-1.75687064704399,0.41121077682038,1.93351333647453e-05,-2.56282895966667,-0.950912334421305,0,0,0.667016833391617,0.414093612046182,0.000380494170502744,"SMIM24"
54209,4.82137662903776,1.23498712066104,9.46199264378983e-05,2.40084635117131,7.24190690690422,2.53874937561451,82.4358447543664,5.69341358018684,0.0170286987030245,0.0014286231446385,"TREM2"
6732,-0.567712596791858,0.198755548086129,0.00428561547209182,-0.95726631276819,-0.178158880815525,0,0,0.251709849561521,0.615873684870666,0.0308011478732484,"SRPK1"
8317,1.1431286656426,0.424856535039701,0.00713187889488875,0.310425158368306,1.97583217291689,0,0,0.00380705642205119,0.950800665970893,0.0457682642264564,"CDC7"
6319,3.10762616195841,0.66596053340547,3.0654974493954e-06,1.8023675013586,4.41288482255822,0.567850033811496,61.5603562459077,2.60148092525842,0.106763910267754,7.90288759277211e-05,"SCD"
3983,-0.853955313351718,0.212100305987343,5.66888182141459e-05,-1.26966427419684,-0.4382463525066,0,0,0.00477216946094471,0.944925231692198,0.000936685460761432,"ABLIM1"
54873,0.732248723985414,0.256178682842711,0.00425848371132812,0.230147732006792,1.23434971596404,0,0,0.232831519284917,0.629432201623166,0.030655171318653,"PALMD"
51257,0.569207292046058,0.196835513743872,0.00383051897886895,0.183416774229629,0.954997809862486,0,0,0.000490121280704595,0.982337329534964,0.0281607891996129,"MARCHF2"
9524,-0.954409999663437,0.353270739765214,0.00689986376540278,-1.64680792639508,-0.262012072931796,0,0,0.318783973234326,0.572339350502684,0.0447682675732155,"TECR"
53841,-1.22335466054348,0.454119722676184,0.00706206311112378,-2.11341296165812,-0.333296359428842,0.0783652176577369,15.578746344773,1.18453583274653,0.276434520930982,0.0454066747388087,"CDHR5"
5064,-2.28126881006125,0.450103599667834,4.01343514156372e-07,-3.16345565472204,-1.39908196540046,0.0557898437582024,12.3791134933944,1.14128039542788,0.285381936033522,1.36651037349342e-05,"PALM"
51586,0.704073653681055,0.234505715592539,0.00267883628967855,0.244450896950885,1.16369641041123,0,0,0.0597872626663112,0.806832496940647,0.0214609326760166,"MED15"
83874,-1.09189373229613,0.297365415328673,0.000240761295442081,-1.67471923658812,-0.509068228004132,0,0,0.0050286853271891,0.943466818703957,0.00310046279507696,"TBC1D10A"
56241,-2.88974066675871,0.444588819921422,8.04241518085087e-11,-3.76111874173387,-2.01836259178356,0,0,0.00488755495927853,0.944264457754254,6.53228216165134e-09,"SUSD2"
51733,-1.56428012188178,0.366156983525281,1.93591189620175e-05,-2.28193462227916,-0.846625621484404,0,0,0.0322460521740553,0.857488699593509,0.000380494170502744,"UPB1"
23481,0.772302960632823,0.287845179076759,0.0072954117928411,0.208136776518894,1.33646914474675,0,0,0.00519883974710137,0.942519954580895,0.0463762551640153,"PES1"
2678,-1.43542785757188,0.440693121050219,0.00112515124147842,-2.29917050306486,-0.571685212078903,0,0,0.0381475206014773,0.845147213854402,0.0107820996367118,"GGT1"
7290,-0.980157381213937,0.331719617952976,0.00312895481849398,-1.63031588536716,-0.329998877060717,0,0,0.017067523831276,0.896057935920392,0.0242597457261382,"HIRA"
23598,-0.554752741580316,0.20861701773024,0.00783282700538036,-0.963634582893741,-0.145870900266892,0,0,0.224857001820969,0.635363787895294,0.048690643851334,"PATZ1"
23464,-2.12622099618845,0.780327103753885,0.00643440185127775,-3.65563401570651,-0.596807976670381,0.742600899872714,57.625697552191,2.35992085352122,0.124488505006853,0.0423815535714597,"GCAT"
1727,0.763453293399028,0.280937317020221,0.006577281530155,0.212826270126083,1.31408031667197,0,0,0.308976236058482,0.578309088241393,0.0431120500102479,"CYB5R3"
55586,-5.76787422417667,1.02820667298886,2.02742292990295e-08,-7.78312227189858,-3.75262617645476,1.52423894106214,72.0864245269382,3.58248623851523,0.0583916974266062,1.00130928072826e-06,"MIOX"
3162,1.75849551142388,0.562895064248203,0.00178398251857037,0.655241458422047,2.86174956442572,0.278509908886744,40.9355631345508,1.69306617157467,0.193197272967517,0.0155383955412689,"HMOX1"
4174,1.39047508622027,0.274602876215605,4.11444165657501e-07,0.852263338786578,1.92868683365397,0,0,0.184693295745847,0.667370539001625,1.39384464461309e-05,"MCM5"
23551,3.4505591688955,0.818351955421824,2.48152654797723e-05,1.8466188095908,5.0544995282002,0.857860624171875,60.4554078268547,2.5287907778174,0.111785852330591,0.000471245386568691,"RASD2"
9145,-1.35180323139267,0.392025641882422,0.00056422720252801,-2.12015937049841,-0.583447092286922,0.0412532408553894,8.63900191010793,1.09455897035634,0.295463291400652,0.00622033963343022,"SYNGR1"
8897,-0.685044659614014,0.256512357294496,0.00757133894305179,-1.1877996415007,-0.182289677727332,0,0,0.00620385313631863,0.93721990747629,0.0474590250902684,"MTMR3"
80020,-0.983503897489284,0.304126001984777,0.00122125110779107,-1.5795799081416,-0.387427886836964,0,0,0.366062662422124,0.545158315945236,0.0114906690065227,"FOXRED2"
23313,1.00208496936091,0.248191987755216,5.4014737914585e-05,0.515637612109284,1.48853232661254,0,0,0.0849716291372134,0.770669758235154,0.00090022337614629,"KIAA0930"
2999,1.74101206535517,0.499135624004327,0.000486549600374071,0.762724218905764,2.71929991180458,0,0,0.315651958821691,0.574232450569167,0.00548507379752809,"GZMH"
5836,1.79138218260462,0.327610599153139,4.55083693116439e-08,1.14927720731088,2.43348715789836,0,0,0.550508896223603,0.458109833955136,2.01839413274071e-06,"PYGL"
114088,2.21991895060306,0.502576509293055,1.00044772676359e-05,1.23488709291281,3.20495080829331,0.0594060311363236,8.67577497019029,1.0949997108364,0.295366083536496,0.00021651744301691,"TRIM9"
80821,0.729113431639801,0.211242558792982,0.000557384512486508,0.315085624403471,1.14314123887613,0,0,0.13949189121854,0.708786664499737,0.00618027580744703,"DDHD1"
1033,2.13507169169542,0.453671839498329,2.52373436849601e-06,1.24589122547866,3.02425215791218,0,0,0.829497385212808,0.362417905571438,6.67206088047682e-05,"CDKN3"
55195,-0.709863931324511,0.258779280427392,0.00608575015745318,-1.21706200090739,-0.202665861741632,0,0,0.246675458665437,0.619425778939406,0.0406880907315738,"CCDC198"
3091,-0.905641442553618,0.216197750944323,2.80248853982748e-05,-1.32938124794305,-0.481901637164184,0,0,0.773257726990411,0.37921113136996,0.000523351149342021,"HIF1A"
5106,-3.74773579580912,0.404864273851684,2.10708260635008e-20,-4.54125519118538,-2.95421640043286,0,0,0.632734072761394,0.426354208120559,7.10244869535453e-18,"PCK2"
51292,-0.513577097959121,0.179304034558334,0.00417957360756337,-0.86500654797618,-0.162147647942061,0,0,0.062923627656559,0.801933311150879,0.0301515200378689,"GMPR2"
10110,-1.77382672913961,0.320615830398017,3.15588130385802e-08,-2.40222220959312,-1.14543124868609,0,0,0.411992413221412,0.520959963554321,1.48260444668703e-06,"SGK2"
3172,-1.85008084441631,0.452288305178529,4.30462546614248e-05,-2.73654963319488,-0.963612055637728,0,0,0.141240727228486,0.707050663889244,0.000745048333247741,"HNF4A"
63910,1.51116484140288,0.466514543303213,0.0011983762560324,0.596813138264432,2.42551654454133,0,0,0.402279970888414,0.525914127907349,0.0113387417965507,"SLC17A9"
57761,4.90023051616354,1.49270403670493,0.00102786026375521,1.97458436464432,7.82587666768276,3.94734375708999,88.519113710685,8.71012894649672,0.00316446823427753,0.0100062382210914,"TRIB3"
113278,-2.71008968529136,0.83755271952056,0.00121334515757161,-4.35166285070524,-1.06851651987749,0.869326163640847,56.5231834930598,2.30007640932121,0.12936763466395,0.0114562554338501,"SLC52A3"
3055,2.04170749607322,0.755902321017399,0.00691271240352565,0.560166171048889,3.52324882109756,0.718349306512464,57.3151022034254,2.34274896185941,0.12586726370309,0.0447943384372598,"HCK"
25939,1.26955069864777,0.305404275135975,3.22522707789164e-05,0.670969318656696,1.86813207863884,0,0,0.0531500931635101,0.817669823179,0.000590037132852279,"SAMHD1"
182,1.00804269404425,0.254375208308688,7.40701996146871e-05,0.509476447199346,1.50660894088915,0,0,0.124413713350939,0.724295903641156,0.00116942447471291,"JAG1"
671,-1.6564896151986,0.482849058193922,0.000602120902052751,-2.60285637922778,-0.710122851169432,0,0,0.324394318260927,0.568978711153299,0.00655767053503816,"BPI"
191,-1.12627104434258,0.297830328292462,0.000155832274578015,-1.71000776129955,-0.542534327385615,0,0,0.457323711782691,0.498877403262414,0.00217729177008848,"AHCY"
26051,-2.14996386661117,0.341828705920175,3.18296791585625e-10,-2.81993581909665,-1.4799919141257,0,0,0.508793461632394,0.47566162425718,2.42463030562089e-08,"PPP1R16B"
8731,0.701099258951324,0.18760919644544,0.000186214355211098,0.333391990749763,1.06880652715289,0,0,0.151440676460726,0.697162380663345,0.00250321849582376,"RNMT"
412,1.08627808102448,0.269409422841388,5.52873376652025e-05,0.558245315159633,1.61431084688932,0,0,0.627709951848102,0.428196564881994,0.000916899352693635,"STS"
4281,0.966624508299808,0.286815317841658,0.000751140973596332,0.40447681511575,1.52877220148387,0,0,0.123641610795079,0.725117945787982,0.00784479763516603,"MID1"
79868,0.755493341587483,0.186956781720256,5.32225605410373e-05,0.389064782750265,1.1219219004247,0,0,0.42236274675948,0.515760427957882,0.000888118544275749,"ALG13"
5355,1.80094822817077,0.491448860803932,0.000247755506004479,0.837726160751825,2.76417029558971,0.238608730946082,38.9667242255697,1.63845048018699,0.200538201041099,0.00317503751313568,"PLP2"
340554,-1.47842437826061,0.364989293553532,5.1087221802394e-05,-2.19379024836825,-0.763058508152967,0,0,0.00888078131813076,0.924920180891519,0.000856727626320496,"ZC3H12B"
11040,1.41878426176978,0.347841594263581,4.52643002158954e-05,0.737027264688164,2.10054125885139,0,0,0.171703740912261,0.678602056931282,0.00077350894779584,"PIM2"
27344,-3.72637155904355,0.554138075121179,1.76043477420935e-11,-4.81246222874341,-2.64028088934369,0.223322950588927,35.1027118700394,1.5408964362231,0.21448442174188,1.65985608815837e-09,"PCSK1N"
5230,1.4411394961477,0.237475442099213,1.29043500195654e-09,0.975696182420513,1.90658280987488,0,0,0.0663319570225459,0.796754290404646,8.61333422345546e-08,"PGK1"
8411,0.730076142703869,0.253977726997983,0.00404581163822271,0.232288944912477,1.22786334049526,0,0,0.00848850920440732,0.926592285593157,0.0293751633377258,"EEA1"
6102,0.65577115260837,0.242890968543065,0.00693690531032625,0.179713602093912,1.13182870312283,0,0,0.0757370310929283,0.783159807865858,0.0448801796061079,"RP2"
5935,0.785892453638684,0.254548236895613,0.00201915088817444,0.286987076995112,1.28479783028226,0,0,0.345453376352648,0.556698216814568,0.0170577765822406,"RBM3"
10673,1.81497001378449,0.401479790381131,6.16352468678914e-06,1.02808408411678,2.6018559434522,0,0,0.936539729109347,0.333169326416301,0.000145539060161082,"TNFSF13B"
81602,-0.75441252635109,0.243702618023685,0.00196396915845803,-1.23206088061564,-0.276764172086545,0,0,0.372781735065992,0.541491874981884,0.0167172955577586,"CDADC1"
81617,-1.19011900164213,0.275203788899709,1.52877658468984e-05,-1.72950851629452,-0.650729486989737,0,0,0.924503386637782,0.336295301618137,0.000309032903918638,"CAB39L"
2254,-5.40200767855951,1.17871574330115,4.58438690102301e-06,-7.71224808344013,-3.09176727367889,2.06090347061026,69.8435079660426,3.31603556167594,0.0686070838512799,0.000112794322238126,"FGF9"
23295,0.538441975790173,0.197014320049305,0.00627585536033957,0.152301004054888,0.924582947525459,0,0,6.44521661090196e-05,0.993594483486349,0.0416219172766642,"MGRN1"
8717,0.85970273509306,0.210978129133705,4.60454171996308e-05,0.446193200465357,1.27321226972076,0,0,0.689805744498705,0.406230462064219,0.000784867711887006,"TRADD"
3299,2.55721563188947,0.503523971583973,3.80151622766607e-07,1.57032678223231,3.54410448154662,0.157157934588044,22.4112863041363,1.28884724641763,0.256260497168421,1.31763093310081e-05,"HSF4"
79153,-2.03404992801231,0.569899791218793,0.000358160312067724,-3.15103299359804,-0.917066862426581,0.301651606800562,41.8795927394765,1.72056605783494,0.189620197199808,0.00423231856933315,"GDPD3"
50855,-1.15198967788123,0.341375643043021,0.000739360885010375,-1.82107364344475,-0.482905712317704,0,0,0.243744646936482,0.621514519304042,0.00772775411829061,"PARD6A"
5713,0.536674206046316,0.19096277623632,0.0049486066252814,0.162394042235347,0.910954369857285,0,0,4.49805262262269e-05,0.994648826014311,0.0346068792161147,"PSMD7"
80004,-1.17302603377199,0.30556809481789,0.000123618582062171,-1.77192849443958,-0.574123573104407,0,0,0.177850747437363,0.673226817464789,0.00179284133531994,"ESRP2"
8312,0.754324231753571,0.259321413390718,0.00362773670281158,0.246063601087741,1.2625848624194,0,0,0.0934689909498616,0.759812523410529,0.0271285490648966,"AXIN1"
23406,-1.26621308007551,0.289118353222375,1.18915581102853e-05,-1.83287463966089,-0.699551520490124,0,0,0.252836524674519,0.615084837257866,0.000249741242992175,"COTL1"
83716,-1.0742253340855,0.313918483320096,0.000621650199062098,-1.68949425547433,-0.458956412696677,0,0,0.00322965352940996,0.954680583558999,0.00673770870896645,"CRISPLD2"
4833,1.05757639411208,0.25534884958487,3.44752474100857e-05,0.557101845432001,1.55805094279216,0,0,1.51721162960875e-06,0.999017204785426,0.000622262062691011,"NME4"
2294,1.05525267824612,0.381071409177036,0.00561987763540348,0.308366440721206,1.80213891577104,0,0,0.465021454248177,0.495286492927482,0.038211200281465,"FOXF1"
84264,1.14725229911663,0.423175455362743,0.00670693257131649,0.317843647464312,1.97666095076894,0.0196930757625481,3.91285406031122,1.04072193030655,0.307653629456852,0.0438231067514912,"HAGHL"
8140,1.17887989028247,0.435158387204994,0.00674695985180875,0.325985123790151,2.0317746567748,0.00628449812901471,1.45594460027936,1.01477455534353,0.313761714162458,0.0440191562621788,"SLC7A5"
7329,0.53482957695271,0.181585669375773,0.00322611195816373,0.178928204867596,0.890730949037824,0,0,0.0159592805947504,0.899470673284932,0.0248558100182409,"UBE2I"
1428,-2.52537427958345,0.363337301459135,3.6400540606533e-12,-3.23750230468333,-1.81324625448358,0,0,0.326428985153546,0.56776943564605,3.80456193021616e-10,"CRYM"
6299,-1.10159004842098,0.404259107746389,0.00643092052908884,-1.8939233400262,-0.309256756815757,0.0315657665070751,7.61902163147678,1.08247392229473,0.298144781233761,0.0423793262432575,"SALL1"
27324,-1.99420419159668,0.462821828235607,1.64146727096076e-05,-2.90131830619745,-1.08709007699591,0,0,0.630998231497439,0.426989392333833,0.000330326913647223,"TOX3"
6810,0.821292964542305,0.284294427433432,0.00386614510741929,0.264086125767343,1.37849980331727,0,0,0.000335912844280124,0.985377250070886,0.0283917399146701,"STX4"
10295,0.817092631332301,0.281673384143115,0.00372150310744277,0.26502294300828,1.36916231965632,0,0,0.922795110162768,0.336742136313831,0.0276019116098349,"BCKDK"
400506,0.905074969430861,0.264771746308711,0.000630086174497327,0.386131882542011,1.42401805631971,0,0,0.0278417421396518,0.867481427294402,0.00679636151259797,"KNOP1"
1445,0.66986019671463,0.208170755173167,0.00129159815328224,0.261853013940718,1.07786737948854,0,0,0.0229434757037405,0.879604154628076,0.0120266698209285,"CSK"
51285,1.41950696210756,0.323280785859587,1.12860995829387e-05,0.785888264928964,2.05312565928616,0,0,0.0573673048591775,0.810706477590533,0.000240014830189053,"RASL12"
23205,-1.1066693552685,0.384739968799877,0.00402228664154516,-1.86074583752932,-0.352592873007678,0,0,0.239786650784022,0.624360249271983,0.029240810593548,"ACSBG1"
1512,-1.77411092653119,0.541384207859604,0.00104919885406779,-2.83520447573476,-0.713017377327624,0.357446149676108,54.7112926538543,2.20805595610603,0.137291585469639,0.0101840499919085,"CTSH"
80381,1.98364133751613,0.501845534619774,7.72765517022831e-05,1.00004216385912,2.96724051117313,0.270875740829462,45.8495680006027,1.84670733561485,0.174166836854226,0.0012125914238577,"CD276"
7782,-1.35760044830791,0.411095097981721,0.000958612645233615,-2.16333203457304,-0.551868862042768,0,0,0.0410781574410247,0.839387132875742,0.00946191383285859,"SLC30A4"
79848,-1.07607065947799,0.322223019814635,0.000839228947588732,-1.70761617330442,-0.444525145651574,0,0,0.111200609054313,0.738781377957602,0.0085269961569999,"CSPP1"
51201,-1.10117279193959,0.409516750424329,0.00716757251328149,-1.90381087383715,-0.298534710042023,0.1483000336312,26.9535591150673,1.3689920930922,0.241985131543676,0.0459084530420124,"ZDHHC2"
793,-7.41503129326829,0.474446177039488,4.63343336328123e-55,-8.3449287128684,-6.48513387366818,0,0,0.110916375876082,0.739103257222437,1.24945164074242e-51,"CALB1"
6422,-5.0030095639113,0.683183529320293,2.42338137735591e-13,-6.34202467621003,-3.66399445161256,0.412252349137029,40.3430802235604,1.67625147886856,0.195423288312107,3.24872311314571e-11,"SFRP1"
79815,0.9651873603523,0.315768748781346,0.00223842450302066,0.346291985297586,1.58408273540701,0,0,0.0172272298090439,0.895575532834527,0.0185157531130231,"NIPAL2"
5327,-1.82126813262239,0.658085586949516,0.00564837608874359,-3.11109218178834,-0.531444083456432,0.455280663078619,46.6283307189752,1.87365321990319,0.171057257545807,0.0383825171597008,"PLAT"
54845,-2.57277518343836,0.362793538302858,1.3260053357809e-12,-3.28383745233581,-1.8617129145409,0,0,0.373943297378985,0.540862640156096,1.55465477759424e-10,"ESRP1"
27294,-2.70773079836863,0.59902105686196,6.17637898294179e-06,-3.8817904957992,-1.53367110093807,0.173065498124365,23.7134595609878,1.31084722710615,0.252241317571601,0.000145587618578679,"DHDH"
23370,-0.691880305149517,0.230795310589692,0.00271927859782969,-1.14423080170605,-0.239529808592984,0,0,0.298583923713539,0.584771538231295,0.0217332740572245,"ARHGEF18"
84444,-0.733819148127778,0.259929472839023,0.00475547409938136,-1.24327155341274,-0.22436674284281,0,0,0.0583222222737557,0.809167660968447,0.0334995074618385,"DOT1L"
55723,3.27176626901354,0.709952025569294,4.05715270426591e-06,1.88028586814646,4.66324666988061,0.418980825339341,32.3903165379073,1.47907806810052,0.223918822820123,0.000101489035086489,"ASF1B"
10994,-0.859849567886372,0.265389115123277,0.00119547336590441,-1.38000267541695,-0.339696460355794,0,0,0.318718298139188,0.572378920769355,0.0113192186745008,"HACL2"
2821,0.781306155437974,0.229280831974529,0.000655276807820441,0.331923982422517,1.23068832845343,0,0,0.00568486309619062,0.939898025694187,0.00701198190463731,"GPI"
27134,-2.63488074495388,0.478313236038381,3.6150787099495e-08,-3.57235746091791,-1.69740402898984,0,0,0.485671412178751,0.485864568543874,1.66925021391264e-06,"TJP3"
27113,1.45705896558448,0.345758473285401,2.50782001778441e-05,0.779384810595544,2.13473312057342,0.049409470930535,7.86986570830147,1.08542119002436,0.297487956481858,0.000473715825767284,"BBC3"
22898,0.615521332672082,0.198616711472033,0.00194148148974356,0.226239731459113,1.00480293388505,0,0,0.0136411989616439,0.907022075421362,0.0165887166832779,"DENND3"
10226,0.880144633660717,0.283366548783825,0.00189618309674228,0.324756403621007,1.43553286370043,0,0,0.749813642736211,0.386535238995172,0.0162946059231205,"PLIN3"
828,-1.04933081257118,0.31279701496499,0.000794596665375861,-1.66240169637419,-0.436259928768159,0,0,0.797100794139795,0.371961600449084,0.00817828002997155,"CAPS"
2639,-1.55539982416482,0.382359033203257,4.74379248913081e-05,-2.30480975840676,-0.80598988992288,0.0736393631715126,18.1950208547962,1.22241947916764,0.268886350382483,0.00080453527208743,"GCDH"
1777,1.34948083902973,0.255642224052673,1.30041889084775e-07,0.848431286958768,1.85053039110069,0,0,0.448217001628525,0.503182890206208,5.12676839336262e-06,"DNASE2"
27106,0.976213375014696,0.334539099913396,0.00352188852266801,0.320528787763994,1.6318979622654,0,0,0.446598301358308,0.503954809163757,0.026563873042819,"ARRDC2"
6324,1.48239045507928,0.360785690728084,3.97747954573201e-05,0.775263495114829,2.18951741504373,0,0,0.962462346238616,0.326567270185694,0.000698285894727925,"SCN1B"
2901,-2.4845810092616,0.443467555859549,2.1113353666638e-08,-3.35376144705832,-1.61540057146488,0,0,0.0836589775508978,0.772398782056953,1.03516853631738e-06,"GRIK5"
199731,-2.37058625411983,0.469639131766994,4.47216328174263e-07,-3.2910620381138,-1.45011047012586,0,0,0.166128822191255,0.683575415078416,1.49732790939228e-05,"CADM4"
23080,0.840426840872759,0.246805706273031,0.000661116400601487,0.356696545398647,1.32415713634687,0,0,0.279060446878882,0.597317695305618,0.00705254017865888,"AVL9"
154661,-1.27951251690501,0.393691958245026,0.00115390936441612,-2.05113457606831,-0.507890457741718,0,0,0.00184234927849453,0.965763236055025,0.0109874011019933,"RUNDC3B"
79846,-1.04092290935686,0.264438626764337,8.27303934304637e-05,-1.55921309393619,-0.522632724777535,0,0,0.134059709776651,0.714259377951267,0.00127806682258082,"CFAP69"
10282,0.732888962628561,0.24107554585033,0.00236515259373933,0.260389575208579,1.20538835004854,0,0,0.264486282976935,0.607054635580506,0.0193503352071525,"BET1"
10135,0.836566407223949,0.253063243978679,0.000947191034625276,0.340571563214865,1.33256125123303,0,0,0.00197475721929523,0.964555080226407,0.00936975548044944,"NAMPT"
5446,-2.31911897489204,0.511390371673812,5.76228938431893e-06,-3.32142568541326,-1.31681226437081,0,0,0.0254259448843255,0.87331029120161,0.000137266692170976,"PON3"
8701,1.61079185071434,0.388288109583796,3.34741304103919e-05,0.849761140304958,2.37182256112372,0,0,0.933546983905638,0.333942936489386,0.000605814362850085,"DNAH11"
136319,0.787082410144507,0.172641565279434,5.13842875308748e-06,0.448711159962194,1.12545366032682,0,0,0.468874410191943,0.493505448699028,0.000124160277558922,"MTPN"
5764,-1.33128438703644,0.434199034926651,0.00216892944785458,-2.18229885761472,-0.480269916458154,0,0,0.46387932965556,0.495816522222769,0.0180628015722194,"PTN"
50617,-6.70379627906283,1.33287288745615,4.91544873989311e-07,-9.3161791344468,-4.09141342367887,3.00534631042715,84.2370505467705,6.34399039955762,0.0117779624447953,1.62041553447381e-05,"ATP6V0A4"
11033,-1.13301790166912,0.35604069466546,0.00146125127994355,-1.83084484024404,-0.435190963094197,0,0,0.00122192123414572,0.972114834330918,0.0132112444158735,"ADAP1"
858,2.23482499286998,0.212966442188405,9.22526546245578e-26,1.81741843626507,2.65223154947489,0,0,0.0043386046447875,0.947482849723101,4.60682423075153e-23,"CAV2"
857,2.58546833345491,0.332506309186782,7.50330700721322e-15,1.93376794281648,3.23716872409334,0,0,0.932959235092253,0.334095148448739,1.3138582906267e-12,"CAV1"
4233,1.56656020638461,0.370634224810076,2.37141994845552e-05,0.840130474318941,2.29298993845028,0,0,0.0113227665581332,0.915258257970777,0.000452246890594424,"MET"
6742,0.72594688730121,0.217332410441776,0.000836998094159104,0.299983190162052,1.15191058444037,0,0,0.0785526530139692,0.779268476509302,0.00851074306451523,"SSBP1"
11112,-0.930580256770336,0.252018886812739,0.000222058548345812,-1.42452819834718,-0.436632315193492,0,0,0.430062748218216,0.51195816025751,0.00291530224668606,"HIBADH"
1124,-1.19666175821075,0.41261548375387,0.00372940971705873,-2.0053732458319,-0.387950270589588,0.115471917064065,21.3675310717699,1.27173928738359,0.259440644216876,0.0276435575674013,"CHN2"
23242,-0.87833690192944,0.20902857051088,2.64573573008405e-05,-1.28802537187066,-0.468648431988224,0,0,0.00698846431784774,0.93337682414194,0.000496830847475255,"COBL"
10392,0.738168608806996,0.237425288532483,0.00187685897868581,0.272823594264298,1.20351362334969,0,0,0.261571012414545,0.6090428968828,0.0161801084460491,"NOD1"
8662,0.98963655307911,0.26207778672026,0.000159291781304713,0.475973529959431,1.50329957619879,0,0,0.0863832760965015,0.768826432139023,0.00221415576013551,"EIF3B"
8985,1.53384533882475,0.304621504275734,4.77226330015385e-07,0.936798161527901,2.13089251612161,0,0,0.392024581558428,0.531237111053787,1.577069266568e-05,"PLOD3"
5683,0.584994804643146,0.217336343898756,0.0071098110323966,0.159023398069972,1.01096621121632,0,0,0.525048007973315,0.468696252962722,0.0456483724522873,"PSMA2"
7458,0.535680508234434,0.187699835285663,0.00431832635383628,0.167795591170434,0.903565425298435,0,0,0.0578500042017593,0.809926944891734,0.030904455535443,"EIF4H"
6505,-1.23751099126235,0.435981574261984,0.00453335170708164,-2.09201917473891,-0.383002807785786,0.154868375653767,29.0868648609848,1.41017598226286,0.235027181384061,0.0321797317424429,"SLC1A1"
158471,0.711835630923999,0.259294220705949,0.00604590101503192,0.203628296940959,1.22004296490704,0,0,0.670903266394073,0.412736864447921,0.0405635799696735,"PRUNE2"
1955,-1.00001468346856,0.336338839889554,0.00294677962574457,-1.65922669625407,-0.340802670683051,0,0,0.344626839835874,0.557170620103193,0.0230862461905369,"MEGF9"
22949,-1.12441352512224,0.30694991671158,0.00024910104875589,-1.72602430693451,-0.522802743309975,0,0,0.0706225485459869,0.790432497820099,0.00318655544627673,"PTGR1"
259,-4.39243020666505,1.19375697140253,0.000233690591465609,-6.73215087690762,-2.05270953642248,2.11320169893564,72.9861315963082,3.7018022930153,0.0543537269996918,0.00304113559636726,"AMBP"
80709,1.13996931875965,0.303291470501349,0.000170826234228759,0.545528959758814,1.73440967776049,0,0,0.447643118564485,0.503456329940728,0.00234070133750646,"AKNA"
55664,-0.792538197508572,0.2483159626977,0.0014146154163379,-1.27922854118245,-0.30584785383469,0,0,0.347424080862222,0.555574929893484,0.0129485808951011,"CDC37L1"
54662,-1.64262016292063,0.293544233735995,2.19583719696503e-08,-2.21795628891259,-1.06728403692868,0,0,0.394229848995992,0.530084351191449,1.07269829444491e-06,"TBC1D13"
23413,-1.70898277124246,0.303523576368575,1.79711028980943e-08,-2.30387804938366,-1.11408749310126,0,0,0.498833475329864,0.480013131896798,9.07507042603016e-07,"NCS1"
573,-1.35953242176882,0.359213825477501,0.000153866793911569,-2.06357858245358,-0.655486261084064,0.0245874901727551,5.57127771059536,1.05899982098159,0.303443413458577,0.00215429489336416,"BAG1"
6456,-6.28564051341783,1.37168818290063,4.59642960279564e-06,-8.97409994992224,-3.59718107691341,2.7868710194288,71.7968404475736,3.54570202725377,0.0596998991755116,0.000112884627203085,"SH3GL2"
5730,-3.75081024295136,0.71070801618502,1.30909271572826e-07,-5.14377235819791,-2.35784812770481,0.499033869959869,42.2122087027894,1.73046932155074,0.188350971955573,5.14591751783212e-06,"PTGDS"
9124,1.74411244071849,0.544861899282451,0.00136943244333996,0.676202741576793,2.81202213986018,0.280242722744033,42.5268494392096,1.73994289549567,0.18714606242168,0.0125862696888567,"PDLIM1"
2625,-3.2567845695145,0.358393319590484,1.01641125264118e-19,-3.9592225682116,-2.5543465708174,0,0,0.00288722069467882,0.957147998772803,3.26292212365739e-17,"GATA3"
5264,-1.84773005217802,0.694514849906706,0.00780336369943848,-3.2089541447234,-0.486505959632634,0.663933647782116,63.4211422371791,2.73381964654022,0.0982440652803252,0.0485298675090079,"PHYH"
6387,-1.42990279326828,0.378236440054067,0.000156547079280016,-2.17123259341489,-0.688572993121661,0,0,0.0210912801320947,0.884530565513417,0.00218275519124349,"CXCL12"
8661,-0.686220680819146,0.240696139610459,0.00435842548464305,-1.15797644567347,-0.214464915964822,0,0,0.0440513447951037,0.833758114795042,0.0311418393266784,"EIF3A"
8029,-2.39690167335352,0.763747110810678,0.00169904960549511,-3.89381850383897,-0.899984842868067,0.771413888674055,63.9189506706237,2.77153801950495,0.0959539239140239,0.014943434984273,"CUBN"
27143,1.57718431901449,0.265380207609286,2.7966106820807e-09,1.05704866989052,2.09731996813845,0,0,0.0188092851556561,0.890914644451062,1.72966522139881e-07,"PALD1"
59,1.49822305597324,0.382867140749898,9.10934943099392e-05,0.747817249239616,2.24862886270687,0,0,0.486244724215406,0.485607246317696,0.0013893818821051,"ACTA2"
3988,1.73525086796995,0.233521021379037,1.07932816569911e-13,1.27755807643403,2.19294365950587,0,0,0.200304307377784,0.654475329927027,1.51589392272095e-11,"LIPA"
64077,-1.83031760022224,0.302404414275983,1.4257142042431e-09,-2.4230193609691,-1.23761583947539,0,0,0.338556203403129,0.560663796534365,9.37702664185839e-08,"LHPP"
9644,0.837152727744522,0.296516255808539,0.00475328803636204,0.25599154552912,1.41831390995992,0,0,0.478558695723063,0.489075894534751,0.0334995074618385,"SH3PXD2A"
7511,0.781826189810269,0.253173087800089,0.00201434308310096,0.285616055867297,1.27803632375324,0,0,0.0780114048977237,0.780010602060227,0.0170492076518834,"XPNPEP1"
6143,0.984672809600158,0.312872875373994,0.001648434344714,0.371453242127641,1.59789237707268,0,0,0.346093252993126,0.556333020048588,0.0145743214883796,"RPL19"
54894,-1.80382588494909,0.268671050842163,1.89512845620145e-11,-2.33041146828826,-1.27724030160992,0,0,0.919312009531351,0.33765568095407,1.7744456232614e-09,"RNF43"
2584,-0.771630701976461,0.240386420373036,0.00132753621275514,-1.24277942828012,-0.300481975672806,0,0,0.326413538839333,0.567778597096452,0.0123187685867705,"GALK1"
3216,-1.46819164511444,0.321047874996523,4.80506267009512e-06,-2.09743391742074,-0.838949372808134,0,0,0.0416693909291777,0.838251271924574,0.000116943429568398,"HOXB6"
51655,-2.29290985992174,0.490006441696071,2.87790919142459e-06,-3.25330483783867,-1.33251488200482,0,0,0.321483966390551,0.570717197386345,7.46208646691879e-05,"RASD1"
117246,-0.650135758232117,0.210829576252967,0.0020444170498669,-1.06335413456377,-0.23691738190046,0,0,0.046678783621548,0.82894664278119,0.0172217425470739,"FTSJ3"
84687,0.694214526124467,0.221534422098301,0.00172638195274503,0.260015037475903,1.12841401477303,0,0,0.159217327787574,0.689878128423947,0.0151443122113606,"PPP1R9B"
29098,-0.861055188898288,0.207518668066956,3.33507699732521e-05,-1.26778430442924,-0.454326073367333,0,0,0.436563112274124,0.508785976462966,0.000604393053157739,"RANGRF"
4621,-1.12754851837074,0.353349977914304,0.00141769144282451,-1.8201017490208,-0.434995287720684,0,0,0.11636593799201,0.733009843006767,0.0129591415075274,"MYH3"
230,3.22500264526535,0.649899267896706,6.96591400606835e-07,1.95122348660886,4.49878180392184,0,0,0.0434420315359173,0.83489516945708,2.23091255448503e-05,"ALDOC"
64854,-1.06105075385781,0.205027831663099,2.27722174784861e-07,-1.46289791974583,-0.659203587969798,0,0,0.00742255016287939,0.931343819994491,8.43510462259416e-06,"USP46"
5602,-1.73240081498628,0.316657318644565,4.47753586024845e-08,-2.35303775497065,-1.11176387500191,0,0,0.0439803188509105,0.833890233632847,1.99902701999105e-06,"MAPK10"
8821,0.993198857802509,0.316660874757623,0.00170992123613338,0.37255494796462,1.6138427676404,0,0,0.614430366062308,0.433124558805321,0.0150194579979064,"INPP4B"
1363,1.6874611615537,0.458653754347715,0.000234002201501432,0.788516321658098,2.5864060014493,0,0,0.297361182174458,0.585541471284309,0.00304113559636726,"CPE"
56606,-1.15698497947463,0.338584160674596,0.00063285816786247,-1.82059774013256,-0.493372218816697,0,0,0.103359598162887,0.747834637145482,0.00680991753973638,"SLC2A9"
55325,-0.879869852090932,0.235245029895224,0.000183854015103828,-1.34094163822762,-0.418798065954246,0,0,0.0145848186726299,0.903875095766596,0.00247395577409672,"UFSP2"
10553,1.19590009287554,0.285934983292025,2.88422964418455e-05,0.635477823703109,1.75632236204797,0,0,0.0254321235162726,0.873295029055225,0.000537128015090336,"HTATIP2"
23788,-0.712848185761151,0.229417837269276,0.00188865561066553,-1.16249888422,-0.263197487302299,0,0,0.171036102842399,0.67919262720796,0.0162402701521705,"MTCH2"
56253,1.59678665692326,0.491102157553538,0.00114824099039783,0.634244115388406,2.55932919845811,0,0,0.0125553721777179,0.910783161550875,0.010964400335364,"CRTAM"
54414,-0.975559982086745,0.314149760334742,0.00190023259878567,-1.59128219809473,-0.359837766078761,0,0,0.0871085372775633,0.767885746800963,0.0163190039040938,"SIAE"
9404,0.93390428417886,0.287833491852438,0.00117616089918059,0.369761006603679,1.49804756175404,0,0,0.55473372048044,0.456389923350569,0.0111520234906131,"LPXN"
10938,-0.984124021306487,0.303517415523762,0.00118528696576914,-1.57900722441374,-0.389240818199235,0,0,0.0643675436795188,0.799721466168765,0.011230656471866,"EHD1"
64231,1.79702768537917,0.572259444160763,0.00168813819022345,0.675419785011169,2.91863558574718,0.370131072802541,46.7714359831155,1.87869054608122,0.170483050371248,0.0148765798815574,"MS4A6A"
595,1.9193881059823,0.539334935993065,0.00037254536410967,0.86231105583168,2.97646515613293,0.333915920549241,50.5357629423031,2.02166263847063,0.155069268303605,0.00435648668195202,"CCND1"
2348,-2.56807724797717,0.677784337825416,0.000151297680737872,-3.89651013940031,-1.23964435655403,0.553743932904305,59.1287252755363,2.44670616892075,0.117771768250738,0.00213160567334245,"FOLR1"
867,0.86028641114665,0.254155393520924,0.000712084565565438,0.362150993369035,1.35842182892427,0,0,0.498246736764582,0.48027150545585,0.00747744252143209,"CBL"
10114,-0.735772688005549,0.238620723020652,0.00204622350815192,-1.20346071109093,-0.268084664920163,0,0,0.476127713540072,0.490181558613621,0.0172217425470739,"HIPK3"
7450,4.23103125646422,0.563925039655446,6.24565989194125e-14,3.12575848875923,5.33630402416922,0.251646920884606,36.8352087422104,1.58316046026144,0.208306041439368,9.05486369064988e-12,"VWF"
9976,2.29596988717853,0.823538300575961,0.00530454570695466,0.681864478160323,3.91007529619673,1.01789020866061,72.3250432374768,3.61337511231156,0.0573166868398061,0.0365090299984021,"CLEC2B"
6404,1.87604651138413,0.577479357250657,0.00115941211498244,0.7442077693575,3.00788525341075,0.326401729817305,44.3942036165133,1.79837366792389,0.179909234912364,0.0110320067369853,"SELPLG"
23603,1.12108237487619,0.269483772929734,3.18093133982672e-05,0.592903885515938,1.64926086423643,0,0,0.460118553617177,0.497568572204495,0.000582724147484832,"CORO1C"
1610,-4.89781177673276,0.510419440290866,8.33811365418481e-22,-5.89821549671195,-3.89740805675357,0,0,0.0133234603924849,0.908106445400892,3.30655254115805e-19,"DAO"
83892,0.603182503571205,0.182931033083403,0.000976115550191077,0.24464426707303,0.961720740069381,0,0,0.0126917227481509,0.910302060013537,0.00961356169702432,"KCTD10"
1594,-4.96949653644533,1.21394790497708,4.24606932478944e-05,-7.34879070930826,-2.59020236358241,2.34434028218398,78.9388233172789,4.7480727931997,0.0293311262663992,0.00073585800393491,"CYP27B1"
57460,-1.26498367243451,0.440440253904185,0.00407767921733409,-2.12823070742839,-0.401736637440627,0,0,0.519172929372563,0.471194700137633,0.0295587897243632,"PPM1H"
2004,0.786325301958305,0.25922869507099,0.00241873652984053,0.278246395859849,1.29440420805676,0,0,0.132783301170987,0.715563493638913,0.019728871525614,"ELK3"
55110,0.536285834345748,0.199624628297844,0.00722111519204881,0.145028752454779,0.927542916236717,0,0,0.795447912726718,0.372457863248127,0.0460995720333305,"MAGOHB"
57097,0.823354876768414,0.294033768401562,0.00510701365680503,0.247059280462762,1.39965047307407,0,0,0.777918309341304,0.377778551811463,0.0354226587739102,"PARP11"
10094,0.600418828880138,0.194881078909663,0.00206341406281203,0.21845893294889,0.982378724811387,0,0,0.848379582223342,0.357011150594958,0.0173447704544231,"ARPC3"
10019,1.47123629583958,0.43585286809633,0.000736725142850677,0.616980371812287,2.32549221986687,0.163065891834651,28.5114300913035,1.39882501675048,0.236920400199412,0.00770617928708742,"SH2B3"
217,-1.43792673307258,0.211823069637612,1.13432133633066e-11,-1.85309232065702,-1.02276114548814,0,0,0.90991387558178,0.340137271091248,1.10826482447437e-09,"ALDH2"
80018,0.716347004410247,0.228887346371175,0.00174989394047759,0.2677360490058,1.16495795981469,0,0,0.307155520420597,0.579430939604783,0.0153206623373112,"NAA25"
6337,-2.24757526120373,0.435190788915445,2.40986452073949e-07,-3.10053353388158,-1.39461698852589,0,0,0.000241001244015291,0.987613966232077,8.85346139867317e-06,"SCNN1A"
4940,1.28119961947316,0.382896114894242,0.000819638351078619,0.530737024460138,2.03166221448619,0,0,0.00188829845214417,0.965339189202495,0.00836577130022182,"OAS3"
4939,1.41854412460664,0.35737167868791,7.20597749327507e-05,0.718108505283719,2.11897974392957,0,0,0.0508810335353961,0.821537240473747,0.00114270483661102,"OAS2"
397,1.59586661771642,0.436776356764852,0.000258449431220428,0.739800689158692,2.45193254627415,0.124174701854454,25.8259401308503,1.34818021524519,0.245596506115898,0.00327199406680285,"ARHGDIB"
81539,2.15784619704866,0.331264824982834,7.31944403961903e-11,1.50857907073734,2.80711332335998,0,0,0.0749080094793304,0.784320345290092,5.98109478704142e-09,"SLC38A1"
7421,-2.52792571992426,0.446727541556139,1.52467062725798e-08,-3.40349561227641,-1.6523558275721,0,0,0.200301652408491,0.654477470995832,7.90659002589205e-07,"VDR"
5985,0.812994324618813,0.279508124038066,0.003629804507035,0.265168468117849,1.36082018111978,0,0,0.473702002166574,0.491288986240521,0.0271289657252511,"RFC5"
4848,0.619086146862576,0.192887729559776,0.00132934928425855,0.241033143865714,0.997139149859438,0,0,0.435177864905877,0.509459124801948,0.0123271089406176,"CNOT2"
2597,2.25522108623157,0.809743879463201,0.00535105227683488,0.66815224578195,3.84228992668118,1.06695916358502,79.1404944035086,4.79397747647578,0.0285594039667613,0.0366979846635629,"GAPDH"
7167,1.40677914253172,0.259972200099354,6.25801733320559e-08,0.897242993355347,1.9163152917081,0,0,0.224466982953256,0.635657178495685,2.69574593302272e-06,"TPI1"
2026,4.57175226021529,0.709919825336146,1.19619301771516e-10,3.18033497064548,5.96316954978511,0.57075784400949,54.3809101046628,2.19206477440536,0.138723243232586,9.54335530050501e-09,"ENO2"
51559,3.08365135581345,0.57869288015454,9.89458940430013e-08,1.94943415260079,4.2178685590261,0.258547846760583,33.8388821024161,1.51146176451852,0.218916169510695,3.99427392030475e-06,"NT5DC3"
3945,-1.46435490637154,0.270922199278768,6.47811469695476e-08,-1.99535265957031,-0.933357153172769,0,0,0.0561543762249382,0.812680726398498,2.77283874473146e-06,"LDHB"
50856,1.40761810761108,0.348835233330175,5.45570225513877e-05,0.723913613745306,2.09132260147685,0.00870382652583038,1.15503449347551,1.01168531434612,0.314499428152072,0.000907018908829052,"CLEC4A"
10384,1.10630692329494,0.288180988898189,0.000123571163086301,0.541482564025348,1.67113128256452,0,0,0.485634395144452,0.485881190820456,0.00179284133531994,"BTN3A3"
2444,-1.01878038244412,0.246870464959875,3.67876172741189e-05,-1.50263760261213,-0.534923162276103,0,0,0.145793058440024,0.702588524159232,0.000652641373298611,"FRK"
84830,-1.44332829988019,0.458038682845527,0.00162653620651409,-2.34106762178359,-0.545588977976795,0,0,6.22902852058287e-07,0.999370276100544,0.0144280182055457,"ADTRP"
79632,-1.81135037324911,0.322416044862675,1.93121456625479e-08,-2.44327420921781,-1.17942653728042,0,0,0.450749369724453,0.501979305309314,9.57300220471077e-07,"FAM184A"
4121,-0.735662588243781,0.270626001803164,0.00656037093947453,-1.26607980505805,-0.205245371429507,0,0,0.0408414655770185,0.839844242722551,0.0430640123548856,"MAN1A1"
57515,-0.615379550342533,0.23205716891257,0.00800533768901861,-1.0702032437655,-0.160555856919569,0,0,0.783378402876164,0.376109891520314,0.0495573774384931,"SERINC1"
7164,-1.14654191631574,0.382105204216592,0.00269455115686692,-1.89545435488559,-0.3976294777459,0,0,0.228429752034981,0.632690595854058,0.0215612066753927,"TPD52L1"
653,-2.24762421534956,0.614515120460497,0.000254630427451145,-3.45205171940743,-1.04319671129169,0,0,0.0986744782111281,0.753426147825278,0.00324190939879489,"BMP5"
892,-0.925683679949809,0.288764470481078,0.00134748295347606,-1.4916516421075,-0.359715717792117,0,0,0.0022265031231334,0.962365116147919,0.0124268896454978,"CCNC"
7915,-1.39943662928902,0.25939644097772,6.85341017539361e-08,-1.90784431132322,-0.891028947254821,0,0,0.765790166108979,0.38152255714826,2.91496938154044e-06,"ALDH5A1"
55856,-1.29400853486812,0.351596589562928,0.000232887991809806,-1.98312518749857,-0.604891882237668,0,0,0.0660653235932309,0.7971542586453,0.00303677833034005,"ACOT13"
2070,-2.62615678795098,0.419701147522815,3.91934071934487e-10,-3.44875592136584,-1.80355765453613,0,0,0.333519659406373,0.563593898160998,2.88767600649874e-08,"EYA4"
55084,-1.00459073328195,0.333657110608776,0.00260519514378374,-1.65854665326085,-0.350634813303056,0,0,0.0337261913572685,0.854290451943777,0.0209706544021709,"SOBP"
7957,-1.18466723461242,0.266553794519279,8.81443341385769e-06,-1.7071030718127,-0.662231397412142,0,0,0.512795495299899,0.473931205220364,0.000194218813645253,"EPM2A"
6582,-0.949429353162327,0.355004956166913,0.00748605219211457,-1.6452262815827,-0.253632424741956,0,0,0.00599506179111004,0.938283238399299,0.0471656269655517,"SLC22A2"
135138,-2.51778962738316,0.458440727096657,3.97244650684047e-08,-3.41631694153896,-1.61926231322735,0,0,0.43199048334641,0.511013861303085,1.80338371217946e-06,"PACRG"
51069,-0.645248052836872,0.213552567468721,0.00251529646609252,-1.06380339388163,-0.226692711792119,0,0,0.00460396813366112,0.945903013656709,0.0203629045906832,"MRPL2"
7422,3.17556428107003,0.431327909348043,1.80771870265939e-13,2.3301771132209,4.02095144891915,0.110036319377532,24.8674588286829,1.33098120256548,0.24863073584034,2.51272899669655e-11,"VEGFA"
11120,0.5866596323865,0.213468259597962,0.00599181691464489,0.168269531732047,1.00504973304095,0,0,0.586167165876686,0.443905090983405,0.0402529484106413,"BTN2A1"
53405,-4.98250708330231,0.663477744411134,5.92710209865127e-14,-6.282899566892,-3.68211459971261,0.382086191943417,41.8102914983611,1.71851694354481,0.189884058856378,8.78188105451814e-12,"CLIC5"
10279,1.33321201404743,0.3719304070566,0.000337629014425834,0.604241811461168,2.06218221663368,0,0,0.225823048143144,0.634638421929455,0.00404285257682373,"PRSS16"
9037,-1.12044680492277,0.285384110411401,8.63339613296213e-05,-1.67978938308912,-0.561104226756421,0,0,0.161504418157696,0.687775195872493,0.0013242784989844,"SEMA5A"
730,-3.90888708888991,0.512957858251545,2.53108524095169e-14,-4.91426601664974,-2.90350816113008,0,0,0.413613367518335,0.520141176926775,4.11164124141586e-12,"C7"
2690,-1.04430617164803,0.327879008150701,0.00144736418198199,-1.68693721891012,-0.401675124385945,0,0,0.0007325843200661,0.978406857672918,0.0131501423623067,"GHR"
83697,-6.12067042511849,0.592030245432232,4.72150414450865e-25,-7.28102838392408,-4.96031246631291,0,0,0.203443746522701,0.651955395194699,2.12200134601367e-22,"SLC4A9"
4015,2.24123735097115,0.751840117585468,0.00287306346448934,0.76765779837127,3.71481690357102,0.646234629572351,52.0477998544415,2.08541004784871,0.148712285638955,0.0227279395862655,"LOX"
3003,2.71967184189255,0.522730659180617,1.96290376167253e-07,1.69513857628366,3.74420510750144,0,0,0.385723810623305,0.534555756844443,7.39269034039964e-06,"GZMK"
8622,-0.80049807699172,0.288119570594057,0.00546351091426246,-1.36520205859722,-0.235794095386224,0,0,0.159721051174716,0.689413468043353,0.0373924610624597,"PDE8B"
55819,0.705482764012145,0.244148060306881,0.00385769845196201,0.226961358915345,1.18400416910895,0,0,0.195252833068654,0.658580221252256,0.0283451488979857,"RNF130"
1004,1.56317588360022,0.561079470376093,0.00533603839702969,0.463480329198269,2.66287143800217,0.232321935286582,32.0966033946993,1.47268038123727,0.224923265655236,0.0366508490355212,"CDH6"
4001,1.33469639554445,0.29712840641563,7.05623378082602e-06,0.75233542018603,1.91705737090286,0,0,0.550173789120255,0.458246692693876,0.00016188030501728,"LMNB1"
64902,-3.07587870577825,0.649884370907478,2.21265794860192e-06,-4.34962866687238,-1.80212874468412,0.350340047465987,39.4237576695008,1.65081220215688,0.198848422086378,5.99061588775093e-05,"AGXT2"
5618,-3.25214628040317,0.911006280993658,0.000357199903466921,-5.03768578084052,-1.46660677996583,1.16287926709754,67.8913666599037,3.11442716794561,0.0776017609153739,0.00422838129801975,"PRLR"
7903,2.62318840946221,0.531473658358338,7.98685079376766e-07,1.58151918034812,3.6648576385763,0.311574870068689,42.9771901772443,1.75368418902594,0.185414248053721,2.51017970285243e-05,"ST8SIA4"
2246,-3.34870431965447,0.471041600108161,1.16761720392852e-12,-4.27192889108658,-2.42547974822235,0,0,0.0433377108743597,0.835090677355687,1.38096340004985e-10,"FGF1"
23398,0.728685338752291,0.241836186723907,0.00258562950739691,0.254695122614931,1.20267555488965,0,0,0.264359638644751,0.607140720589561,0.020838041033014,"PPWD1"
5917,0.605904727163042,0.197185563004135,0.00212086042456735,0.219428125403684,0.9923813289224,0,0,0.467531550325508,0.494124968001944,0.017706229786032,"RARS1"
9555,0.609833567244004,0.181366894889769,0.00077259589918678,0.254360985272196,0.965306149215813,0,0,0.0132583317958551,0.908330327258675,0.008006848969051,"MACROH2A1"
10915,0.738112762854504,0.202100896887745,0.000260003923818073,0.34200228371128,1.13422324199773,0,0,0.500438180808618,0.479307652603407,0.00328550412824656,"TCERG1"
1452,0.653623168182235,0.192796145101875,0.00069834148203289,0.275749667424403,1.03149666894007,0,0,0.714114520301733,0.398081265524325,0.00735604547050739,"CSNK1A1"
22993,0.831569468484244,0.218812186939879,0.000144474343046977,0.402705462703635,1.26043347426485,0,0,0.322251322697948,0.570257813351918,0.00205263178851675,"HMGXB3"
57222,1.63098211842926,0.227728847954233,7.95387194010303e-13,1.18464177819817,2.07732245866036,0,0,0.00829649307835125,0.92742498221165,9.66144642958641e-11,"ERGIC1"
8614,3.11080530019307,0.50572037157398,7.68814699682464e-10,2.11961158565986,4.10199901472629,0.200523514037935,35.3951128311735,1.54787051540975,0.213450085986263,5.31586081836854e-08,"STC2"
80315,-0.950428832416777,0.277997486913646,0.000628887737889112,-1.49529389456017,-0.405563770273386,0,0,0.144893454156576,0.703463918680794,0.00679430558490296,"CPEB4"
3274,2.3152805958696,0.375872725546772,7.28616185950371e-10,1.57858359102702,3.05197760071218,0,0,0.641033929166442,0.423336644282315,5.11663126831711e-08,"HRH2"
1962,-1.62159239325833,0.334134226031212,1.21536120884367e-06,-2.27648344228168,-0.966701344234993,0,0,0.436159224532565,0.508982083456584,3.58212080305901e-05,"EHHADH"
5067,-1.83818551952465,0.465527040768085,7.86057361873437e-05,-2.75060175325961,-0.925769285789699,0,0,0.77469621298485,0.378768150673769,0.00122524987400457,"CNTN3"
10051,0.890703362483093,0.237731421927944,0.000179191041232638,0.424758337510827,1.35664838745536,0,0,0.0452370352406446,0.831568768733084,0.00242817367732629,"SMC4"
3827,-9.47486028945941,0.589633144627318,4.20299195910285e-58,-10.6305200170201,-8.31920056189877,0.274174815065185,38.2964524441419,1.62065236053848,0.203000849206066,1.41672351461459e-54,"KNG1"
3273,-5.12104818645517,1.62158322544695,0.00158825867254709,-8.29929290626549,-1.94280346664486,4.77043007238465,90.520559646395,10.5491459695688,0.00116241785069175,0.0141472095269657,"HRG"
3081,-1.7757108589104,0.377062891364277,2.48541223461067e-06,-2.51474054589092,-1.03668117192988,0,0,0.222788852935063,0.636923119209074,6.596616763633e-05,"HGD"
10686,-5.81458595159033,1.29114039250094,6.68591641845499e-06,-8.34517461987708,-3.28399728330358,2.75038349627922,81.0045437290286,5.26441684650757,0.0217657137870165,0.000155962302889323,"CLDN16"
942,2.22493439965693,0.776498751917196,0.00416559237036331,0.703024811858929,3.74684398745494,0.775226943192247,58.7715887850186,2.42551185100391,0.119374244232308,0.0300891833488141,"CD86"
4968,-0.905268962247228,0.213443930746507,2.22278888006167e-05,-1.32361137922904,-0.486926545265413,0,0,0.107951387576654,0.742488615301716,0.000426313833141843,"OGG1"
5096,-1.51215000286161,0.297825087976462,3.82817996790137e-07,-2.09587644898795,-0.928423556735271,0,0,0.0330700190328953,0.85569915712465,1.323470525826e-05,"PCCB"
9616,0.618224547515119,0.224359902827719,0.00586018376103761,0.178487218397883,1.05796187663235,0,0,0.283963821256714,0.594114879407779,0.0395856000250852,"RNF7"
7029,-0.671970624772621,0.214721688881605,0.00175106572336342,-1.09281740168018,-0.251123847865062,0,0,0.698906637972053,0.403151323769487,0.015320972841083,"TFDP2"
54464,0.573212676393327,0.204413261378381,0.00504438944005935,0.172570046129329,0.973855306657325,0,0,0.609696108520752,0.43490225359458,0.035149097064765,"XRN1"
1894,1.13935622079792,0.332188935739012,0.000603928406737881,0.488277870686762,1.79043457090907,0,0,0.450357218440959,0.502165365829717,0.00656674734519907,"ECT2"
2771,0.639766576583031,0.190637389063175,0.000790973211482471,0.266124159912459,1.0134089932536,0,0,0.0126397938843249,0.910484976640241,0.00815967238746607,"GNAI2"
3373,-1.86576431911897,0.566507348005377,0.000989655107321085,-2.97609831818681,-0.755430320051135,0.314858663589035,44.3328116723213,1.7963903513747,0.180149497093934,0.00970437804509832,"HYAL1"
59345,1.72881451348254,0.520835813756632,0.0009024081815998,0.707995076660934,2.74963395030415,0.314917596105986,47.1072085340177,1.89061679726838,0.169132369450306,0.00898609269757024,"GNB4"
8723,-0.931203757117791,0.268699906134389,0.00052906905477224,-1.45784589579049,-0.404561618445095,0,0,0.252957390367857,0.615000343341922,0.00591986561451794,"SNX4"
523,-1.00696291172986,0.239292398764853,2.57543243168869e-05,-1.47596739508317,-0.537958428376548,0,0,0.31858904673218,0.572456812457832,0.000484309318468513,"ATP6V1A"
22937,-0.697293183906649,0.209768654051572,0.000887025611996302,-1.10843219093317,-0.286154176880125,0,0,0.110262195564364,0.739845827158575,0.00887383829394729,"SCAP"
57088,-0.813871634813214,0.306591761191636,0.00794077628713453,-1.41478044470553,-0.212962824920903,0,0,0.00632918413160802,0.93659025620999,0.0492708176159387,"PLSCR4"
1154,-2.06724409750788,0.524915034251471,8.20797046818867e-05,-3.09605865958437,-1.03842953543138,0.189014219046644,29.5195357340639,1.41883287860706,0.23359560106393,0.00127204673359296,"CISH"
93,-1.18503107562274,0.29913970335642,7.44917087007434e-05,-1.77133412054732,-0.598728030698162,0,0,0.648784015683687,0.420547761395784,0.0011747037525288,"ACVR2B"
84836,-1.0078110121821,0.187921907053133,8.18852077400593e-08,-1.37613118191232,-0.639490842451875,0,0,0.363348420714867,0.546652463780595,3.40758720975068e-06,"ABHD14B"
26084,-1.20131671673296,0.447794280295345,0.00730212049637472,-2.07897737859487,-0.323656054871053,0.0541743730589266,4.58180270313875,1.04801812267406,0.305963972904632,0.0463970266977476,"ARHGEF26"
6747,0.713209492992223,0.239833151450798,0.00294162032938174,0.243145153849918,1.18327383213453,0,0,0.740557882358995,0.38948222710281,0.0230726392676289,"SSR3"
7134,-4.82408999148666,1.5990826010357,0.00255470102250756,-7.95823429782126,-1.68994568515205,4.39039360430656,85.3709824101717,6.83572901501814,0.00893522194939917,0.0206257687942931,"TNNC1"
6787,-1.13379998940398,0.355877816060374,0.00144292056399558,-1.83130769177908,-0.436292287028878,0,0,0.00682346203141861,0.934166222233136,0.0131363254317032,"NEK4"
55240,1.91844220443431,0.597877681836618,0.00133311653692137,0.746623480874238,3.09026092799437,0.371515307668577,47.986528778686,1.92257885605262,0.165572647382961,0.0123535465754714,"STEAP3"
57669,-1.53792572044361,0.557661139502367,0.00581892900682504,-2.63092146944582,-0.444929971441402,0.399203423579527,54.2317635965178,2.18492141839207,0.139368177004309,0.0393660912187767,"EPB41L5"
29842,-4.19132639095542,0.989453683090195,2.2753617264509e-05,-6.13061997418271,-2.25203280772813,1.53644067896567,76.738623134823,4.29897166361218,0.0381354254124918,0.000435158895854432,"TFCP2L1"
5136,-1.71638211241681,0.284789007027213,1.67180639283662e-09,-2.27455830938307,-1.15820591545054,0,0,0.338168054346517,0.560888569122484,1.08627148742015e-07,"PDE1A"
2888,-1.35922693934981,0.438814809975426,0.00195163299130711,-2.21928816278444,-0.499165715915192,0,0,0.00971238261507566,0.921494442455244,0.016643812537504,"GRB14"
84695,1.25620597019901,0.396592625784488,0.00153757272736866,0.478898707127247,2.03351323327078,0,0,0.99270922754407,0.319081115920979,0.0137601102724567,"LOXL3"
1796,1.13076103345489,0.282859343215531,6.39855510408415e-05,0.576366908061796,1.68515515884798,0,0,0.0824773008569928,0.773967902868225,0.0010394182947996,"DOK1"
2591,-1.68644380346583,0.427247590362578,7.90611414797537e-05,-2.523833693058,-0.84905391387365,0,0,0.0244078435684119,0.875851653123735,0.00122950561772955,"GALNT3"
55704,0.93784259809148,0.193199836744247,1.20835981511415e-06,0.559177876253738,1.31650731992922,0,0,0.0652586660497828,0.798369565783855,3.57287618140001e-05,"CCDC88A"
9801,-1.44373145773887,0.296969238972569,1.16468856699839e-06,-2.02578047064138,-0.86168244483637,0,0,0.50769078852871,0.476140208321938,3.48966576640873e-05,"MRPL19"
55825,-1.49334473814229,0.315909321670055,2.27714398158337e-06,-2.11251563099608,-0.874173845288501,0,0,0.310024965920255,0.577664865660696,6.12828988097578e-05,"PECR"
3485,-1.698644421189,0.55419571661558,0.00217624629047212,-2.7848480661419,-0.612440776236098,0.189673522672493,29.580503557546,1.42006127637846,0.233393317548156,0.0180902150027347,"IGFBP2"
80303,-2.81725351341615,0.322204095748317,2.25613107389803e-18,-3.44876193675415,-2.18574509007815,0,0,0.741870449202532,0.389062364590414,6.47221601475897e-16,"EFHD1"
55818,1.1323856031801,0.30491001810881,0.000204141641047624,0.534772949161378,1.72999825719883,0,0,0.843267566400773,0.358463914364725,0.00272249430884778,"KDM3A"
5624,-4.78190803563161,0.589380804682992,4.92049573148504e-16,-5.93707318598951,-3.62674288527371,0,0,0.28757953968599,0.591775809573649,9.99089404234877e-14,"PROC"
3241,1.2889619180953,0.251949006250041,3.12143434470202e-07,0.79515093990456,1.78277289628603,0,0,0.380727882384395,0.537213943263525,1.10753419130572e-05,"HPCAL1"
4953,-0.92784797338829,0.259067340895462,0.000341635760828986,-1.43561063111396,-0.420085315662625,0,0,4.58121728341337e-05,0.994599584305221,0.00408720049978458,"ODC1"
8604,-0.920262768750268,0.30911038282791,0.002909576144216,-1.52610798634036,-0.314417551160176,0,0,0.00561492805931803,0.940268160470489,0.0229349680282716,"SLC25A12"
5334,-3.02113736308845,0.63837762650191,2.21745204985397e-06,-4.27233451956835,-1.76994020660854,0.528170537783175,59.2492058705989,2.4539399080778,0.117230290146812,5.99156432628879e-05,"PLCL1"
6509,1.83234624011562,0.360199902881,3.63722152031235e-07,1.12636740323404,2.53832507699721,0.075472392555835,15.2946827635697,1.18056343170145,0.277241321916351,1.26788130149692e-05,"SLC1A4"
7456,0.91659168733281,0.273187203269995,0.000793139394839727,0.381154607886396,1.45202876677922,0,0,0.109255759845266,0.740993038550528,0.00817434760508398,"WIPF1"
525,-5.94061062915649,1.39013464565205,1.92508907236425e-05,-8.66522446829586,-3.21599679001711,3.41557080221898,88.0452176920117,8.36485327994462,0.00382547506314604,0.000380028930639636,"ATP6V1B1"
4780,-0.829538784033168,0.225876609263795,0.000240160280097161,-1.27224880314023,-0.386828764926104,0,0,0.519358307287829,0.471115538242656,0.00309567978637669,"NFE2L2"
2043,-1.20844172522889,0.367177859259743,0.000997745265066192,-1.9280971052985,-0.488786345159279,0,0,0.260171003820564,0.610002697240075,0.00976746923147558,"EPHA4"
117583,-1.12756760929533,0.251691238575778,7.46557390690027e-06,-1.62087337212814,-0.634261846462531,0,0,0.0598899720588113,0.806669928701312,0.000169744237751663,"PARD3B"
2882,1.19157892769044,0.310320831244276,0.000123120035408207,0.583361274799128,1.79979658058175,0,0,0.157010011747691,0.691924379281561,0.00179075235966435,"GPX7"
6342,-0.471341817088514,0.143189373254556,0.000995705338183687,-0.751987831636306,-0.190695802540721,0,0,0.0915662534112991,0.762195352458181,0.00975660979268215,"SCP2"
9068,-2.3936492187978,0.535343522046358,7.77674676064536e-06,-3.44290324136549,-1.34439519623012,0.0776168242632868,8.95163592819773,1.09831737252454,0.294635667434096,0.000175340930725387,"ANGPTL1"
7827,-8.17116924825161,0.671548773421187,4.62208265833489e-34,-9.48738065801918,-6.85495783848403,0,0,0.187146877114774,0.665301931835673,4.15463603215529e-31,"NPHS2"
515,-0.830210491138766,0.302521575543207,0.00606397681408975,-1.42314188374976,-0.237279098527768,0,0,0.607632648707753,0.435680554590357,0.0406335488840645,"ATP5PB"
829,0.645116500410899,0.218820546225682,0.00319678565627828,0.216236110731181,1.07399689009062,0,0,0.0867976351417984,0.768288472952563,0.0246721585595879,"CAPZA1"
9829,-1.1484801679854,0.35486254291791,0.00121044004423639,-1.8439979715668,-0.452962364403997,0,0,0.306494817109531,0.579839113190948,0.0114368346996771,"DNAJC6"
4688,1.95911247646974,0.397054171372063,8.05133995831882e-07,1.1809006006691,2.73732435227037,0,0,0.375280356831838,0.540139996254962,2.52456317809332e-05,"NCF2"
79971,-1.40282609571826,0.276738708435513,3.99626021275004e-07,-1.94522399738,-0.860428194056525,0,0,0.930305872182225,0.33478345699805,1.36651037349342e-05,"WLS"
5997,-1.32680863073873,0.330441212653022,5.93793470295467e-05,-1.97446150654639,-0.679155754931061,0,0,0.904662099598059,0.341534699119018,0.000972796763061213,"RGS2"
1491,-2.20336411921986,0.293246622782784,5.74837601290448e-14,-2.77811693846212,-1.6286112999776,0,0,0.729868503298664,0.392925815007999,8.70846671707765e-12,"CTH"
79814,-4.00408351589546,0.743713514703588,7.28866528101372e-08,-5.46173521953019,-2.54643181226073,0.737422944145635,65.6641756716116,2.91241005439678,0.0879004308191417,3.08066062645479e-06,"AGMAT"
51086,-1.29409381650882,0.406402099883341,0.00145119828374151,-2.09062729552161,-0.497560337496017,0,0,0.24530887130286,0.620397789100248,0.0131613991561486,"TNNI3K"
1429,-1.43444609409521,0.321670165105117,8.22011392442443e-06,-2.06490803260229,-0.803984155588129,0,0,0.731771170064918,0.392309685119675,0.000183496351064594,"CRYZ"
914,2.23567892652642,0.729249006039094,0.00217140921472064,0.806377138928168,3.66498071412468,0.537080657574436,46.8772002381296,1.88243090440004,0.170058116641708,0.0180644284669127,"CD2"
2494,1.02711869849202,0.372638417289193,0.00584519512463855,0.296760821349195,1.75747657563485,0,0,0.0665386272320246,0.796444860404203,0.0395041432909782,"NR5A2"
54936,1.00579882804144,0.265898989833168,0.000155176875757244,0.484646384442846,1.52695127164003,0,0,0.098297654990451,0.753882158029808,0.00217038362638477,"ADPRS"
51179,-6.36122760452538,1.00926033806246,2.92200963329465e-10,-8.33934151815252,-4.38311369089824,1.47670977501132,72.4786955252092,3.63354869648708,0.0566259544784613,2.23849181168817e-08,"HAO2"
57568,1.26612624685251,0.263076212429518,1.48849892849112e-06,0.750506345301447,1.78174614840357,0,0,0.00302383090831158,0.956146931800665,4.28833996855678e-05,"SIPA1L2"
6390,-1.37627985750044,0.364702603061306,0.000160841254341157,-2.09108382456861,-0.661475890432271,0,0,0.862873306938452,0.352935864345117,0.00222880023872746,"SDHB"
5129,1.31016326061793,0.291387246928251,6.91475166619523e-06,0.739054751084284,1.88127177015159,0,0,0.302215284404545,0.582496957944834,0.000159370250795402,"CDK18"
8934,-2.53124371824646,0.797969403491864,0.00151337636367637,-4.09523500985543,-0.967252426637501,0.957147446841216,73.0905560953552,3.71616746724146,0.0538879272625861,0.0135941728923707,"RAB29"
1889,0.823809121151613,0.300601519203129,0.00613391637152342,0.234640969815456,1.41297727248777,0,0,0.0792721413436059,0.778286215778278,0.0409221150110095,"ECE1"
6513,2.63981207308841,0.320732561918768,1.86323369497083e-16,2.01118780305836,3.26843634311846,0,0,0.0540653463689484,0.816134495816535,4.18699665154863e-14,"SLC2A1"
10327,-0.858658915627261,0.265698018184118,0.00123051912374048,-1.3794174620318,-0.33790036922272,0,0,0.233779115462409,0.628735719932206,0.0115697973119895,"AKR1A1"
5825,-1.41006041564672,0.290974244935011,1.25977206525153e-06,-1.98035945614808,-0.839761375145364,0,0,0.00481403803732663,0.944684546110337,3.68393475515154e-05,"ABCD3"
356,2.01559529308271,0.609303976765732,0.000939550422797229,0.821381442984848,3.20980914318058,0,0,0.185303172160862,0.666854839840913,0.00930099732053968,"FASLG"
57134,-2.57317028297863,0.390264942711284,4.29885564750176e-11,-3.33807551512133,-1.80826505083592,0,0,0.0189572121213146,0.890489222929023,3.73944972227524e-09,"MAN1C1"
57488,0.839023443899748,0.307534129371224,0.00636754407100897,0.236267626315268,1.44177926148423,0,0,0.098693802464797,0.753402788509034,0.0420644765847202,"ESYT2"
1509,1.13557811804007,0.348353841261316,0.00111474705578544,0.452817135291707,1.81833910078843,0,0,0.187510931190622,0.66499637242006,0.0106899961259994,"CTSD"
78989,-2.08318433199292,0.462845545345346,6.76919191524583e-06,-2.9903449312746,-1.17602373271124,0.102581086741645,19.5681033890762,1.24328785237695,0.264838344096342,0.00015730321925903,"COLEC11"
11181,-3.57368332306741,0.571657072369208,4.06669692051392e-10,-4.69411059641867,-2.45325604971616,0.183455869514853,27.6496073149141,1.38216250511953,0.239733137268798,2.96385267996158e-08,"TREH"
7139,-4.55347216469035,1.64805664236293,0.00572843023215007,-7.78360382820371,-1.32334050117699,4.92436551037227,90.6011832911957,10.6396372115998,0.00110689385291858,0.0388317872398589,"TNNT2"
79630,1.04377003936358,0.36951574783914,0.00473253399371163,0.319532481878479,1.76800759684868,0.114935604153127,27.4398858217766,1.37816762187527,0.240413514696335,0.0334252256873829,"C1orf54"
27145,1.27432273769133,0.301807562525637,2.41819577624786e-05,0.682790784879263,1.8658546905034,0,0,0.538920756474223,0.462880344394376,0.000460516012021891,"FILIP1"
9324,0.649555592449079,0.156298056556224,3.24041276853541e-05,0.343217030745276,0.955894154152883,0,0,0.00888389110861696,0.924907075535626,0.000592011996723075,"HMGN3"
7128,0.815496537130887,0.23104276291082,0.000416133918552398,0.362661042937054,1.26833203132472,0,0,0.0112034969521804,0.915704084639067,0.00477915981587903,"TNFAIP3"
10981,1.07190205205206,0.227353910468634,2.42085067767883e-06,0.626296575789193,1.51750752831492,0,0,0.112727527696072,0.737059998316102,6.46343162121657e-05,"RAB32"
1490,-1.11327964624789,0.349921906503424,0.00146510040893551,-1.79911398039619,-0.427445312099589,0,0,0.327113080973792,0.567363975779119,0.0132133436880786,"CCN2"
6943,-3.30911442982546,0.303568055109642,1.14332020207644e-27,-3.90409688469723,-2.71413197495369,0,0,0.0110589566680637,0.91624760102803,8.11336120241929e-25,"TCF21"
9194,-0.999996914144455,0.325348627786773,0.0021148108993918,-1.63766850702606,-0.362325321262852,0,0,0.333659547248044,0.563512118421487,0.0176861188970656,"SLC16A7"
27253,1.85132415248261,0.693492602038536,0.00759493838876861,0.492103628942108,3.21054467602311,0.612420797270309,54.8339020302911,2.21405001749467,0.136759222264926,0.0475848300630888,"PCDH17"
60526,-0.752213556889298,0.252672596971941,0.00291056822530523,-1.24744274683451,-0.25698436694409,0,0,0.372697937769483,0.541537321199321,0.0229349680282716,"LDAH"
9615,-1.6650565731817,0.596771907219671,0.00526908711054338,-2.83470801831753,-0.495405128045865,0.299961818958038,41.3600080927758,1.70532083562038,0.191593595378988,0.0363524079839269,"GDA"
84417,-3.75911330639429,1.36462338505313,0.00587479115980244,-6.43372599355956,-1.08450061922902,3.03770266939294,80.9918722786816,5.26090741108847,0.0218096448890666,0.0396247169622893,"ECRG4"
8727,-1.08816587874082,0.27132028577762,6.05563780989975e-05,-1.61994386714007,-0.556387890341574,0,0,0.350866853900752,0.55362283484314,0.000990875783869883,"CTNNAL1"
10783,1.68096269085446,0.223833326236409,5.91790204477449e-14,1.24225743289129,2.11966794881762,0,0,0.53128780803389,0.466065940949794,8.78188105451814e-12,"NEK6"
54836,-3.16864727118149,1.14006285341462,0.00544658053333215,-5.40312940398611,-0.934165138376871,1.91512307580952,71.4372108433586,3.50105864842502,0.0613296130136908,0.0372962139821825,"BSPRY"
81932,-1.85666308117337,0.410932435465133,6.23760518152172e-06,-2.66207585476436,-1.05125030758238,0,0,0.82028418270126,0.365097090599843,0.00014677422454181,"HDHD3"
84263,-0.793911452345702,0.219748391020155,0.000302884593334708,-1.22461038440583,-0.363212520285573,0.0159606229453377,5.32207653897183,1.05621243416014,0.304080633273782,0.00372269186137818,"HSDL2"
1441,1.42013711817351,0.390006310783084,0.000271245525940405,0.655738795295336,2.18453544105169,0,0,0.0303647774177888,0.861665125158495,0.00338943783712185,"CSF3R"
80127,-1.01427386475466,0.251286914416112,5.42966384846645e-05,-1.50678716679644,-0.521760562712879,0,0,0.837672379027789,0.360063321186658,0.0009038044156651,"BBOF1"
64207,-0.869266987555262,0.253367738557065,0.000601690746332302,-1.36585862997147,-0.372675345139055,0,0,0.195636474499958,0.658266254642631,0.00655767053503816,"IRF2BPL"
9870,-1.47666906494977,0.328741781671036,7.0596765816332e-06,-2.12099111723853,-0.832347012661006,0,0,0.180677463501402,0.670791684433102,0.00016188030501728,"AREL1"
1743,-1.1644752019387,0.342314497800823,0.000669509485625807,-1.83539928901423,-0.49355111486317,0,0,0.383946116552504,0.535498871201539,0.00711856640803105,"DLST"
7043,1.2305285000188,0.319527382832455,0.000117593584129159,0.604266337592846,1.85679066244475,0,0,0.535789593047481,0.464182912861027,0.00172151389230559,"TGFB3"
4329,-4.63344728342717,1.03251151701823,7.20468329802197e-06,-6.65713267040571,-2.60976189644862,1.79415767955895,83.6432158216331,6.1136711782416,0.0134140220381836,0.000164509872170707,"ALDH6A1"
2103,-4.25675570203748,0.523295543162059,4.135890919078e-16,-5.28239611990544,-3.23111528416952,0.222053117737243,26.2510033213377,1.35595065022671,0.244240503931848,8.57911034798902e-14,"ESRRB"
4072,-1.85602268751738,0.386199630238442,1.54085042366053e-06,-2.61296005362741,-1.09908532140735,0.0568982574404135,13.63578050018,1.15788691867016,0.281904206336725,4.37374447625578e-05,"EPCAM"
79627,0.615109997570919,0.227437351845179,0.00684021282066312,0.169340979215204,1.06087901592663,0,0,0.503261208406812,0.478070669719858,0.0444251394320813,"OGFRL1"
5507,2.73497276837117,0.257828274159316,2.7433243351388e-26,2.22963863682279,3.24030689991955,0,0,0.0282027940355708,0.866632939906196,1.54117675044485e-23,"PPP1R3C"
3218,-1.8698462643268,0.428129142460775,1.25687230395306e-05,-2.70896396428193,-1.03072856437166,0,0,0.785559034787887,0.375446363026857,0.000263143001152161,"HOXB8"
3215,-1.83209206944485,0.586622154006993,0.00178944059899985,-2.98185036383187,-0.682333775057837,0.257961145075076,31.8259266590052,1.46683328572458,0.225845995246993,0.0155658242556871,"HOXB5"
3213,-0.722979613668265,0.236795760091615,0.00226431556270787,-1.18709077513962,-0.258868452196912,0,0,0.422802228124926,0.515542088523013,0.0186840677674359,"HOXB3"
29126,1.03871707829758,0.389574173029317,0.00766938811041164,0.275165729853143,1.80226842674202,0,0,0.620684388966385,0.430793076427156,0.0479398979567363,"CD274"
25902,1.02280898373395,0.261626787849928,9.25180070197956e-05,0.510029902157192,1.53558806531071,0.0135776251455184,3.30326726228762,1.03416110522832,0.309183343530696,0.00140633628934375,"MTHFD1L"
80129,-0.889401688293172,0.335225234175431,0.00797452290272726,-1.54643107398602,-0.232372302600322,0,0,0.0803148379272048,0.776871204841215,0.0494347091022858,"CCDC170"
39,-0.862086513398558,0.254355254733576,0.000700710538402501,-1.36061365195488,-0.363559374842238,0,0,0.187186671039435,0.665268514662153,0.00737523824299838,"ACAT2"
51248,0.6434628626364,0.201515958447415,0.0014074873732498,0.248498841769397,1.0384268835034,0,0,0.131825530244291,0.71654672514265,0.0128920871287548,"PDZD11"
6883,0.596149097719995,0.221947505568265,0.00723149437535192,0.161139980347692,1.0311582150923,0,0,0.0881583245999135,0.766531651625725,0.0461221564157379,"TAF12"
84078,-0.816575862023763,0.270609326076841,0.00254831068728008,-1.34696039501503,-0.2861913290325,0,0,0.178226582034575,0.672901738310418,0.0205865026941865,"KBTBD7"
2185,-0.956275363860691,0.259787782134301,0.000232333149740985,-1.46545006046746,-0.447100667253922,0,0,0.561317255614094,0.453729986671366,0.00303247614516718,"PTK2B"
2053,-1.57906195170112,0.225097633254532,2.29933945435302e-12,-2.02024520588521,-1.13787869751703,0,0,0.267043495345207,0.605321951217276,2.56214825314395e-10,"EPHX2"
157506,-1.24599307757351,0.381557967200739,0.00109255297038992,-1.99383295130128,-0.49815320384575,0,0,0.000239730661159023,0.987646656973177,0.0105371185263,"RDH10"
117854,-2.72622086448622,0.411560760430575,3.49363125429512e-11,-3.53286513238007,-1.91957659659238,0,0,0.943390698975696,0.331407363496312,3.09898882905665e-09,"TRIM6"
79912,0.538407208416623,0.175915449396806,0.00220892372065972,0.193619263274705,0.883195153558542,0,0,0.0773627986542403,0.78090359533444,0.0182941759985596,"PYROXD1"
1475,3.10850514190276,0.73869864481073,2.57546377914354e-05,1.66068240264518,4.55632788116033,0.605251224086326,47.963176173101,1.92171605885576,0.165667606448682,0.000484309318468513,"CSTA"
9479,-1.4860521693863,0.379248524531981,8.91340642318271e-05,-2.22936561865894,-0.742738720113666,0,0,0.0837113446459051,0.772329523677728,0.00136257889800196,"MAPK8IP1"
847,-1.57226299186573,0.459944650003501,0.000629963980761262,-2.47373794075447,-0.670788042976987,0.203115065116098,37.5807056270359,1.60206873538951,0.205610287003836,0.00679636151259797,"CAT"
2700,-1.49550275975831,0.397734268625408,0.000169875946092021,-2.27504760168149,-0.715957917835133,0,0,0.871121189562209,0.350645102907311,0.0023324209584101,"GJA3"
9034,1.695740262283,0.433944167446972,9.3164120005881e-05,0.845225322785719,2.54625520178029,0,0,0.746898034874559,0.387460111873978,0.00141138407869583,"CCRL2"
23155,1.14489243799148,0.215671156634854,1.10525173614985e-07,0.722184738483072,1.56760013749989,0,0,0.0288978759915597,0.865015049686957,4.39590240663967e-06,"CLCC1"
7852,2.33968437454743,0.357188477622479,5.74294823549837e-11,1.63960782271468,3.03976092638018,0.0078860088529381,2.0895454703676,1.02134139281046,0.312201038201317,4.83951069120153e-09,"CXCR4"
2971,0.985320155472484,0.236523137474906,3.10193220183828e-05,0.521743324511253,1.44889698643372,0,0,0.00136265424762363,0.970553459772878,0.000569025195610687,"GTF3A"
7512,-7.04561130199108,0.551324340065306,2.13626947506457e-37,-8.1261871523194,-5.96503545166277,0,0,0.718509618976498,0.39663321667121,3.20036903692173e-34,"XPNPEP2"
5340,-5.0565993366673,0.614922108029165,1.98219656360816e-16,-6.26182452170191,-3.85137415163269,0,0,0.24366614909135,0.621570677774823,4.38130430608668e-14,"PLG"
57179,-0.891481272917356,0.309621957059631,0.00398613003984542,-1.49832915757704,-0.284633388257673,0,0,0.110321827265072,0.73977803715899,0.0290513466633707,"KIAA1191"
84947,-1.03954343834512,0.260267476493381,6.49308608099242e-05,-1.54965831861927,-0.529428558070963,0,0,0.142925968958761,0.705389357347161,0.00105097574585859,"SERAC1"
11335,0.750658820945926,0.245000072096015,0.00218462684397316,0.27046750342802,1.23085013846383,0,0,0.0743897548489216,0.785049353621446,0.0181263530691016,"CBX3"
51251,0.756936199168327,0.213176895897883,0.000384146506147755,0.339117160872431,1.17475523746422,0,0,0.00116295359549744,0.972795729564081,0.00446504081240533,"NT5C3A"
48,-2.08104995562129,0.57416655419805,0.000289553641407963,-3.20639572297693,-0.955704188265647,0.3512226795814,49.6339894122514,1.98546596867699,0.158815760670517,0.00357513896254905,"ACO1"
57670,-1.32324542022398,0.272672068504193,1.21679991678486e-06,-1.85767285408223,-0.78881798636572,0,0,0.0532493076531475,0.817502722407132,3.58212080305901e-05,"KIAA1549"
84329,1.31235384149868,0.258932861428521,4.013484446365e-07,0.80485475868488,1.81985292431248,0,0,0.181888710673691,0.669755111745736,1.36651037349342e-05,"HVCN1"
11228,-0.860904235438278,0.28491803443161,0.00251454516260631,-1.41933332147018,-0.30247514940638,0,0,0.625530580251577,0.428999481647352,0.0203629045906832,"RASSF8"
8082,2.1381737455876,0.794891438122287,0.00714747085775598,0.580215155248668,3.69613233592653,0.932458281255106,71.9183992993203,3.56105056353072,0.0591502918778995,0.0458182698194067,"SSPN"
10212,0.788420329925298,0.285090215038772,0.00568335633840426,0.229653776104527,1.34718688374607,0,0,0.664522672473251,0.414967795825177,0.038565019381331,"DDX39A"
5585,0.809005854465246,0.283455165034277,0.00431606365593054,0.253443939766205,1.36456776916429,0,0,0.00473245564236639,0.945154512770067,0.030904455535443,"PKN1"
64105,1.30317226638524,0.404949412336267,0.00129037750461621,0.509486002645493,2.09685853012498,0,0,0.0984606571600259,0.753684784375546,0.0120251393218451,"CENPK"
10102,-0.655692100235278,0.238340444658876,0.00594002994306821,-1.12283078782594,-0.188553412644619,0,0,7.58510998019407e-05,0.993051108793181,0.0400047071540403,"TSFM"
3071,1.44961734924391,0.356462815787248,4.76892920627164e-05,0.75096306847317,2.14827163001465,0,0,0.615110412403541,0.432870112332366,0.000806191808922163,"NCKAP1L"
1017,0.872170371028999,0.273854304235508,0.00144855574896744,0.335425797716128,1.40891494434187,0,0,0.383898057705914,0.535524409634106,0.0131521058338909,"CDK2"
10376,1.8929212662443,0.284080960049736,2.67716783972875e-11,1.33613281585325,2.44970971663534,0,0,0.649063346981293,0.420447756590173,2.39048039622932e-09,"TUBA1B"
1757,-2.58486213171939,0.368391741320375,2.27311736194742e-12,-3.30689667690932,-1.86282758652946,0,0,0.115980349671551,0.733435690945453,2.55403678259476e-10,"SARDH"
3598,-2.77022049024999,0.643977811929739,1.69467580445973e-05,-4.03239380847518,-1.50804717202479,0,0,0.176920729198089,0.674032982167868,0.000340019551659681,"IL13RA2"
9643,0.569448479708819,0.18514725465956,0.00210043006681329,0.206566528739616,0.932330430678022,0,0,0.147058317802271,0.701362536287518,0.017622961164184,"MORF4L2"
203447,-2.56079612210929,0.51561034393322,6.81602315958813e-07,-3.57137382627472,-1.55021841794387,0.0843944923826209,10.7446554322279,1.12038108736524,0.289836410782004,2.18810572049349e-05,"NRK"
9111,1.05165035105192,0.252376589749311,3.08650041159784e-05,0.557001324602227,1.54629937750161,0,0,0.194419155378082,0.659263764244069,0.000567739223050119,"NMI"
9926,0.681366514791587,0.252644334379213,0.00699799582910146,0.186192718510235,1.17654031107294,0,0,0.00191238136492533,0.965119001549105,0.045129169552477,"LPGAT1"
3759,1.76906063836497,0.659805954476743,0.00733623415710526,0.475864730805478,3.06225654592446,0.43193377871733,37.4279274609843,1.59815706819759,0.206164576673744,0.0464962880832691,"KCNJ2"
23682,0.94646759815799,0.346891046041809,0.00636367830830245,0.266573641356619,1.62636155495936,0,0,0.387161826311397,0.533795051752563,0.0420595463876676,"RAB38"
23363,-1.16543014026452,0.301841091402694,0.000112890698390443,-1.75702780846806,-0.573832472060975,0,0,0.00755743928966012,0.930724344336928,0.00166168699388465,"OBSL1"
57580,1.2463327111005,0.265226647685898,2.61280722553408e-06,0.726498033895851,1.76616738830516,0,0,0.873845683291243,0.349892856443441,6.86715006274386e-05,"PREX1"
5105,-5.11708408544342,0.774396806373739,3.89988584057407e-11,-6.63487393567879,-3.59929423520806,0.672485731217591,54.9953599910067,2.22199310959974,0.136057314193918,3.43674253519348e-09,"PCK1"
5184,-2.29143818892319,0.323592605620834,1.42866119999129e-12,-2.9256680416035,-1.65720833624288,0,0,0.017082593935906,0.896012317794735,1.66057232409332e-10,"PEPD"
84693,-1.11344922507236,0.364404475021407,0.00224662263415147,-1.82766887191955,-0.399229578225182,0,0,0.0159980603764689,0.89934925741322,0.0185721722723877,"MCEE"
10396,0.886299336070331,0.3251163353042,0.00640877611340978,0.24908302808845,1.52351564405221,0,0,0.41631643787601,0.518780816413528,0.0422540480866035,"ATP8A1"
10385,1.03859030963375,0.331274746896119,0.00171776356966213,0.389303736729731,1.68787688253776,0,0,0.739007500172129,0.389978996784228,0.015078519667809,"BTN2A2"
4835,-1.29552276687469,0.361891560412005,0.000343772358795072,-2.00481719159122,-0.586228342158163,0.0381240218279872,10.5818164594691,1.11834076739741,0.290276010327373,0.00410547627425506,"NQO2"
4337,-1.16585534251081,0.285553075835771,4.44968219269468e-05,-1.72552908682356,-0.606181598198069,0.00532174007173052,1.52698373927069,1.01550662097348,0.313587227585259,0.000765243176072735,"MOCS1"
9477,-0.864390986829372,0.253513466893221,0.000650474311114859,-1.36126825153597,-0.367513722122771,0,0,0.067319115279885,0.795280900330761,0.0069676502170032,"MED20"
81578,1.9842652492526,0.32411156200454,9.23109461354979e-10,1.34901826075069,2.61951223775452,0,0,0.474581186560559,0.490887123691792,6.3501453405353e-08,"COL21A1"
1026,1.56446844612637,0.326271583236727,1.62684271160695e-06,0.924987893803521,2.20394899844921,0,0,0.3605847762989,0.548181644979532,4.57927354500971e-05,"CDKN1A"
79026,1.01626277581861,0.282480684641658,0.000321122178484573,0.462610807592742,1.56991474404448,0,0,0.0219112048766171,0.882323560248106,0.00390413916366771,"AHNAK"
4495,-6.60560748193377,2.41018673770891,0.00613077841657518,-11.3294866838593,-1.88172828000823,10.7978778783524,92.8170125392031,13.9217840133758,0.000190576892445242,0.0409214284112293,"MT1G"
6555,-1.96862006227213,0.715164871129743,0.00591096357878098,-3.37031745269466,-0.56692267184961,0.541586817544249,49.7854177629229,1.99145338953279,0.158188997639155,0.0398288465430804,"SLC10A2"
1948,1.0371580082914,0.278637896942929,0.000197460719095845,0.491037765555272,1.58327825102752,0,0,3.75314010667805e-07,0.999511192992945,0.00264385588437863,"EFNB2"
55026,2.48263100545584,0.47746081000562,1.99659855462173e-07,1.5468250138155,3.41843699709617,0,0,0.0126971416951777,0.91028299391767,7.49864576934953e-06,"TMEM255A"
27109,-0.730542389827162,0.190307393408738,0.000123662570781543,-1.10353802689998,-0.35754675275434,0,0,0.202022029342185,0.6530936488496,0.00179284133531994,"DMAC2L"
9953,-1.30582853024628,0.335685465493341,0.000100229370440169,-1.96375995274679,-0.647897107745765,0,0,0.0527443224039069,0.818354952838375,0.00149969471793212,"HS3ST3B1"
399512,-1.83235700001456,0.399793968919435,4.57797070402439e-06,-2.61593878033298,-1.04877521969615,0,0,0.012348668184493,0.911517572044886,0.000112794322238126,"SLC25A35"
57409,1.01018356141225,0.349751434065592,0.0038734260335144,0.324683347102458,1.69568377572205,0,0,0.583346456537195,0.445003598175021,0.028429724120781,"MIF4GD"
56731,-0.754160432125698,0.256707277305719,0.00330526131289247,-1.25729745021424,-0.251023414037152,0,0,0.00558255611937663,0.940440275289667,0.0253553013234642,"SLC2A4RG"
7849,-1.39422136542329,0.402692635192093,0.000535685304312374,-2.18348442723932,-0.604958303607258,0,0,0.0392927875887779,0.842869744815391,0.0059656254683896,"PAX8"
718,5.01494750725334,1.54829236409926,0.00119941821550498,1.98035023608041,8.04954477842628,3.98903930490383,83.1919780968485,5.94954008129,0.0147211264148967,0.0113406422157459,"C3"
56261,0.716302707864909,0.164572962402153,1.34598017881176e-05,0.393745628727624,1.03885978700219,0,0,0.610375418794748,0.434646493347185,0.000276644066324984,"GPCPD1"
1059,0.780220722514602,0.291208958477449,0.00737879456878166,0.209461651923383,1.35097979310582,0,0,0.247499656985308,0.618841174445164,0.0466642997987256,"CENPB"
80023,0.886096698497323,0.276402783038832,0.00134679681741575,0.344357198514573,1.42783619848007,0,0,0.267245911888379,0.605185249786694,0.0124268896454978,"NRSN2"
55321,2.73020551363467,0.535441980061378,3.41496826458167e-07,1.68075851690356,3.77965251036579,0,0,0.844394583165084,0.358142934981221,1.20219365825991e-05,"TMEM74B"
80818,0.802524630532289,0.272261704837546,0.0032022821554697,0.268901494681224,1.33614776638335,0,0,0.0499299133264569,0.823185274657255,0.0247004406763146,"ZNF436"
22913,0.753587335099038,0.257678792790434,0.00344985535346579,0.248546181650027,1.25862848854805,0,0,0.379371211456833,0.537939945551394,0.0261905403889522,"RALY"
11190,0.937253642948488,0.285221344972345,0.00101600390223737,0.378230079180617,1.49627720671636,0,0,0.0042064353261996,0.948287827563535,0.0099122869854316,"CEP250"
7067,-0.799500730587056,0.247542435372508,0.00123897543308823,-1.2846749885625,-0.314326472611607,0,0,0.196808555516506,0.657309314760434,0.0116249866140074,"THRA"
9572,1.00726293037077,0.357520213990051,0.00484203117121901,0.30653618720522,1.70798967353633,0,0,0.0342044138453065,0.853272682056966,0.0339849590221478,"NR1D1"
5639,-2.5142807453568,0.563752389158348,8.19969087139446e-06,-3.61921512430557,-1.40934636640803,0.160332865817368,20.9895524781097,1.26565540553728,0.26058330793087,0.000183344000031528,"PRRG2"
435,-0.876945981732927,0.233712078053277,0.000175255054304813,-1.33501323746936,-0.41887872599649,0,0,0.204006313485687,0.651506315016995,0.00239166386355445,"ASL"
65266,-2.84625065909167,0.367663038737287,9.82775143581627e-15,-3.56685697346331,-2.12564434472004,0,0,0.284324623816213,0.593880613466581,1.69881503345014e-12,"WNK4"
6495,1.31507113000875,0.434948024406157,0.00249858058378782,0.462588667025838,2.16755359299167,0,0,0.389521861618505,0.532550838656924,0.0202697725699225,"SIX1"
3306,-3.41169503560073,0.320325926808944,1.73060592339355e-26,-4.03952231546068,-2.78386775574079,0,0,0.907821251737495,0.340693166368954,1.01451128978762e-23,"HSPA2"
81537,-1.30685783452916,0.295902197123408,1.00302839196913e-05,-1.88681548383732,-0.726900185221012,0,0,0.0201990900281021,0.886982454119166,0.000216728073860894,"SGPP1"
2123,1.62082301321984,0.527358787078007,0.00211582806355906,0.587218783616215,2.65442724282346,0.162675699680332,20.225480358342,1.25353308862521,0.262878747834311,0.0176861188970656,"EVI2A"
821,0.704294073614436,0.173439569246958,4.89161217743015e-05,0.364358764396258,1.04422938283261,0,0,0.10411869574656,0.746941927044984,0.000825451902231424,"CANX"
5648,1.30727403322319,0.484643067762939,0.00698842136818476,0.357391075050822,2.25715699139555,0,0,0.0656402146380236,0.797793734487824,0.0451268607793272,"MASP1"
7103,-3.84413826570611,0.473862035693597,4.96469554874559e-16,-4.77289078930639,-2.91538574210582,0,0,0.000583280838564528,0.980731997293266,9.99089404234877e-14,"TSPAN8"
8445,1.10924306851814,0.274996379257481,5.49137612760938e-05,0.570260069294557,1.64822606774172,0,0,0.367303239414621,0.544477915735663,0.000911825422765484,"DYRK2"
146330,1.70092320872365,0.430664482318514,7.83041010870615e-05,0.85683633395878,2.54501008348853,0,0,0.131513163647285,0.716868269401339,0.00122196087379265,"FBXL16"
23030,0.668604985462369,0.244386002838703,0.0062218189426981,0.189617221572808,1.14759274935193,0,0,0.0242425920795744,0.876269238768399,0.0413448914758002,"KDM4B"
25953,-0.869398125291476,0.200001674371309,1.38041007869896e-05,-1.26139420390695,-0.477402046676003,0,0,0.265069118906916,0.606658795277074,0.000282858192873831,"PNKD"
1892,-1.92521254910206,0.252131907134416,2.24534904313495e-14,-2.41938200643891,-1.43104309176521,0,0,0.374409394924468,0.540610525912264,3.69195623763274e-12,"ECHS1"
2791,1.24412337835092,0.279933537504995,8.8156874546388e-06,0.695463726776238,1.7927830299256,0,0,0.276484673808638,0.599014597695188,0.000194218813645253,"GNG11"
7979,1.02122917127383,0.244299152629089,2.91201165186706e-05,0.542411630667159,1.50004671188049,0,0,0.419819206697681,0.517027270386482,0.000541376487870195,"SEM1"
5782,0.809062029499873,0.260851379000309,0.00192464410012076,0.29780272134166,1.32032133765809,0,0,0.436883904033019,0.508630309415339,0.0164761754932878,"PTPN12"
2770,-1.19450409131848,0.308096256037465,0.000105731338590963,-1.79836165692354,-0.590646525713417,0,0,0.349980110761232,0.554124389100064,0.00157001722271141,"GNAI1"
65997,-3.20823208499361,0.418386650078249,1.74558176995882e-14,-4.02825485075934,-2.38820931922788,0,0,0.0420828029015743,0.837462015548879,2.91107596137339e-12,"RASL11B"
9514,2.16204248360416,0.395133431421373,4.45796951033691e-08,1.38759518893054,2.93648977827778,0,0,0.625401509059144,0.429047104926329,1.99690375109211e-06,"GAL3ST1"
7533,1.15781677373038,0.209846994864292,3.4398679414907e-08,0.746524221532407,1.56910932592835,0,0,0.0325118419645209,0.856908887946224,1.60483527526364e-06,"YWHAH"
7263,-1.5177719785497,0.291069010512874,1.84338902225743e-07,-2.08825675617065,-0.947287200928762,0,0,0.510487621235544,0.47492784474792,6.96202078069943e-06,"TST"
23780,1.38042101882005,0.362084123527492,0.000137606217812203,0.670749177332419,2.09009286030769,0,0,0.788231962907918,0.374635277036963,0.00196540745207832,"APOL2"
200316,0.987787081594284,0.301467252427,0.00105065738624525,0.396922124319119,1.57865203886945,0,0,0.978613853585521,0.322541263136685,0.0101840499919085,"APOBEC3F"
9732,0.719243453461083,0.247010925090077,0.00359366420980659,0.235110936496611,1.20337597042556,0,0,0.0993461093148903,0.752615743878574,0.0269335044696066,"DOCK4"
79706,0.599541275711044,0.224832757395324,0.00766205313138073,0.158877168671378,1.04020538275071,0,0,0.000107001538590403,0.991746705774181,0.0479162626949937,"PRKRIP1"
813,1.32461673244724,0.363353295861715,0.00026683730716068,0.612457358894352,2.03677610600013,0.0747933116659929,16.6050257972151,1.19911302756492,0.273499027585482,0.00335299852045428,"CALU"
3236,-1.4825675748882,0.35818610277058,3.48673173859417e-05,-2.1845994360813,-0.780535713695103,0,0,0.0533526508072406,0.817328842228958,0.000625986738102067,"HOXD10"
6638,-1.12819766808562,0.304274258207838,0.000209041701293036,-1.72456425559562,-0.531831080575617,0,0,0.141325243322212,0.706967079466906,0.00277685641234877,"SNRPN"
440275,0.810672930833521,0.242872927081712,0.00084429901023251,0.334650740933543,1.2866951207335,0,0,0.129859106359866,0.718578166983088,0.00855272994362504,"EIF2AK4"
29767,0.997444282700946,0.25251799305571,7.81535075787199e-05,0.502518110863419,1.49237045453847,0,0,0.144846148589162,0.703510037195662,0.0012210240355549,"TMOD2"
54567,2.13037928700821,0.715544057939507,0.00290812611866115,0.727938704095132,3.53281986992128,0.690428362942249,64.3919002347914,2.80834980410009,0.0937747922734634,0.0229349680282716,"DLL4"
8854,-2.05902112793472,0.373671239814766,3.58328878419845e-08,-2.79140330003009,-1.32663895583935,0,0,0.236400228961736,0.626818234705239,1.66025713667861e-06,"ALDH1A2"
25847,-1.03660626940532,0.300817781271951,0.000569032986193051,-1.6261982866076,-0.447014252203051,0,0,0.841598930643836,0.358939875949922,0.006268195876504,"ANAPC13"
60559,0.568269461411197,0.170956686902515,0.000887186384353701,0.233200512165978,0.903338410656416,0,0,0.965550290621079,0.325792436390336,0.00887383829394729,"SPCS3"
8424,-2.41025016789516,0.77912277457223,0.00197781578970641,-3.93730274559165,-0.883197590198672,0.664210464936259,51.2552177780946,2.05150162626147,0.152056152010096,0.0168245364622155,"BBOX1"
9513,-0.724631788815384,0.248310757350803,0.00352006914566776,-1.21131193019682,-0.237951647433944,0,0,0.129687186015674,0.718756595828941,0.026563873042819,"FXR2"
10749,-1.30858829814371,0.413228583466868,0.00154157036605001,-2.11850143912127,-0.498675157166145,0.160493259441678,35.3559507582424,1.54693279850118,0.213588814680259,0.013774018055303,"KIF1C"
112399,4.93378466748019,0.922738607443784,8.94768397455807e-08,3.12525022974573,6.74231910521465,1.36335251604671,79.3193965761826,4.83544884792058,0.0278803823596628,3.67809826307825e-06,"EGLN3"
55320,0.894037788198901,0.248857024111554,0.000327425035009605,0.40628698364044,1.38178859275736,0,0,0.012367784789316,0.911449391694116,0.00397002854949146,"MIS18BP1"
79651,1.58867977048136,0.355947997679496,8.07312055718935e-06,0.891034514660405,2.28632502630232,0,0,0.0316386402435671,0.858823077365867,0.000180813761582365,"RHBDF2"
1028,-2.39412361475038,0.646842720103268,0.000214543894533876,-3.66191204981471,-1.12633517968606,0.471521715394926,52.9239176186577,2.12422094068798,0.144986484165872,0.00283319816846253,"CDKN1C"
9754,-1.34635945123309,0.260228452209124,2.29429987468725e-07,-1.85639784531558,-0.83632105715061,0,0,0.612026994152933,0.434025630238547,8.4750808795639e-06,"STARD8"
5589,0.717705654197809,0.215296939910116,0.000857416220907044,0.295731405992298,1.13967990240332,0,0,0.631518334690116,0.426798925193896,0.00866045237872633,"PRKCSH"
341,5.77576207659212,0.923328374210095,3.96570537250192e-10,3.96607171723641,7.58545243594783,1.37101474824062,78.5163488582757,4.65470228222921,0.0309686025282499,2.90595682268714e-08,"APOC1"
59272,-2.63020163001759,0.497448295639794,1.24075989077632e-07,-3.60518237364242,-1.65522088639276,0,0,0.00148475985193054,0.969263054331217,4.9059136678408e-06,"ACE2"
147965,0.559467348679045,0.208908906277225,0.00740533777730657,0.150013416326031,0.968921281032059,0,0,0.72491287939105,0.39453710867665,0.0467663556212761,"FAM98C"
84705,0.682945488548703,0.255480061250359,0.00751347841185635,0.182213769729912,1.18367720736749,0,0,0.0167390909923449,0.897057257971673,0.0472942247558633,"GTPBP3"
83483,1.67107184209467,0.413484587142506,5.31246909192509e-05,0.860656943132941,2.48148674105639,0,0,0.406778199408598,0.523609310358693,0.000887583900451374,"PLVAP"
79709,1.7702748453347,0.582374299280813,0.00236771133116186,0.628842193222552,2.91170749744684,0.4035190550095,55.0271070362119,2.2235616481359,0.135919184411574,0.0193595220606763,"COLGALT1"
51250,-0.877975220744587,0.303174015336243,0.0037801885759985,-1.47218537185202,-0.283765069637156,0,0,0.0327198619208404,0.856456804270732,0.0279163533776323,"MTRES1"
4705,-0.802806816764569,0.224331731656802,0.000345361460450189,-1.2424889314014,-0.363124702127732,0,0,0.742930506956192,0.388723746386115,0.00411716054045084,"NDUFA10"
10095,1.69562792759834,0.362617321719008,2.92409307610313e-06,0.984911036858709,2.40634481833797,0.0736594346992674,18.0931552480268,1.22089918495598,0.269184258779481,7.56728348274442e-05,"ARPC1B"
57688,0.706371413834232,0.237402737798009,0.00292593441343732,0.241070597918928,1.17167222974953,0,0,0.194041524433911,0.659573964806799,0.0229738672301748,"ZSWIM6"
4046,1.31223031484614,0.380292596977748,0.00055938179540346,0.566870521182547,2.05759010850973,0.0721070765139139,11.4369563066915,1.12913915138573,0.287959033937497,0.00618715729895394,"LSP1"
445,-3.81933950467554,0.448872077843402,1.75821126379706e-17,-4.69911261091427,-2.93956639843681,0,0,0.16005440855002,0.689106429107578,4.31017499450469e-15,"ASS1"
6535,1.46941511975225,0.526011886273467,0.00521407484480726,0.438450767216273,2.50037947228822,0.23717007317243,39.9802925511069,1.6661194172789,0.196779113738368,0.0360519851961724,"SLC6A8"
55558,1.53708537231438,0.2977248745975,2.43320635595826e-07,0.953555340801576,2.12061540382718,0,0,0.157608664797677,0.691367771923483,8.9149242655938e-06,"PLXNA3"
1852,-6.4512525095217,1.36295707534841,2.2092435556481e-06,-9.12259928967863,-3.77990572936477,3.24100407062214,86.9869996884672,7.68462288526766,0.00556933166249735,5.99061588775093e-05,"DUSP9"
54897,-1.82224431743506,0.568322123725353,0.00134426526557364,-2.93613521155407,-0.708353423316054,0.307337083029132,35.8730821593275,1.55940755251105,0.211751987053274,0.0124141976546091,"CASZ1"
9104,-2.01159793169028,0.533128412918515,0.000161169649317491,-3.05651042014556,-0.966685443234987,0.242657038270223,39.0320953251022,1.64020726205427,0.200297033326722,0.00223105788680466,"RGN"
23345,-1.06007580704504,0.251558943936854,2.50858933173508e-05,-1.5531222771502,-0.567029336939871,0,0,0.209432032474363,0.647212935727907,0.000473715825767284,"SYNE1"
84701,2.76534014923209,0.498548381561951,2.90971956665879e-08,1.78820327681994,3.74247702164425,0,0,0.63214238682635,0.426570559693109,1.37173947263148e-06,"COX4I2"
55902,-1.03722991015864,0.291209807630105,0.000368326622601867,-1.60799064505849,-0.466469175258801,0,0,0.0954745124349315,0.75732951242852,0.00433724703278687,"ACSS2"
60401,3.07626046107802,0.355094765665696,4.58663083642327e-18,2.38028750927457,3.77223341288148,0,0,0.931397309025244,0.334500098244052,1.21257928563715e-15,"EDA2R"
51751,3.16098604876524,0.885565767607409,0.000357726365121478,1.42530903831315,4.89666305921732,0.991494374846758,62.2545734270038,2.64932758957192,0.103593707052804,0.00423089875520428,"HIGD1B"
6569,-7.74081257661681,2.02101223656798,0.00012805678472539,-11.7019237726048,-3.77970138062882,7.60888844018245,93.1435779632562,14.5848664892705,0.000133986261819572,0.00184892845265339,"SLC34A1"
80758,2.34169956491536,0.474807829243611,8.14381448678673e-07,1.41109332002024,3.27230580981048,0.0226858013331636,3.85904965139515,1.04013949973869,0.307789030182898,2.54763458759502e-05,"PRR7"
64432,-0.845326439691317,0.262196737687792,0.00126406400340404,-1.35922260242328,-0.33143027695935,0,0,0.555336195486422,0.456145487644709,0.0118110706568931,"MRPS25"
26061,-1.00765519412704,0.283332457016546,0.000375912716316941,-1.56297660553071,-0.452333782723365,0,0,0.180708063952044,0.670765446442444,0.00439205472625764,"HACL1"
23180,0.915403492352354,0.31911699270668,0.00412356207229926,0.289945679792531,1.54086130491218,0,0,0.386330216162536,0.534234731204762,0.0298533991343533,"RFTN1"
3748,-1.1821432221195,0.397110666379412,0.0029121608888527,-1.96046582609985,-0.403820618139156,0,0,0.084276224916952,0.771583926031774,0.0229349680282716,"KCNC3"
9476,-4.73353519614957,0.882117506640325,8.04550993014311e-08,-6.46245373929688,-3.00461665300226,1.10028642904054,69.1431302649198,3.24076942536764,0.0718268988002733,3.35843995009658e-06,"NAPSA"
4245,0.864006331156482,0.236241707862128,0.000254887963946536,0.400981092100478,1.32703157021249,0,0,0.238640784139264,0.625189540118225,0.00324212680933127,"MGAT1"
47,1.35422478383417,0.263244649914887,2.68436862744318e-07,0.838274750878135,1.8701748167902,0,0,0.305748418269222,0.5803009203455,9.75561784469443e-06,"ACLY"
54882,0.433252251168305,0.150183238067696,0.00391632193076788,0.138898513474016,0.727605988862593,0,0,0.121391413864066,0.727530261434291,0.028635449345197,"ANKHD1"
7322,0.782357894743097,0.219773799059528,0.000371091525921826,0.351609163840881,1.21310662564531,0,0,0.660524515029605,0.416374830816593,0.00435004935502874,"UBE2D2"
55107,1.41133938386202,0.423679663065101,0.000864888101232344,0.580942503272358,2.24173626445169,0,0,0.912497581838673,0.339452604120085,0.00870945226426377,"ANO1"
79228,1.35459225021519,0.300989478501349,6.78053540103555e-06,0.764663712627051,1.94452078780332,0,0,0.960015647592224,0.327182935422412,0.00015730321925903,"THOC6"
4131,2.05697420967274,0.267315633648535,1.41575299377065e-14,1.53304519521711,2.58090322412837,0,0,0.0968550848806648,0.755636803565349,2.41627817911516e-12,"MAP1B"
54521,0.762440561295274,0.182985764354238,3.09086852437907e-05,0.403795053477435,1.12108606911311,0,0,0.0805805518100764,0.776512201351054,0.000567768124171702,"WDR44"
5160,-1.11940730541705,0.245652584711292,5.19211228032813e-06,-1.60087752416036,-0.637937086673743,0,0,5.72822916638767e-05,0.993961263113543,0.000125233005144301,"PDHA1"
64087,-0.987037284691437,0.287649457805447,0.000600498060237731,-1.55081986216259,-0.423254707220287,0,0,0.899460075179762,0.34292652608576,0.00655057875904962,"MCCC2"
57343,0.687659955197467,0.243444905803758,0.00473242174998729,0.210516707602355,1.16480320279258,0,0,0.836370871284535,0.360436770448288,0.0334252256873829,"ZNF304"
22856,0.665031654839375,0.237375161494841,0.00508489477100127,0.199784887485107,1.13027842219364,0,0,0.162907535038879,0.686493606068855,0.0353892887155986,"CHSY1"
2643,-1.32722743837507,0.311395511819298,2.02431459380724e-05,-1.93755142648831,-0.716903450261825,0,0,0.685586391421236,0.407669682065805,0.000394419561680679,"GCH1"
3958,1.55809186399693,0.274785343002396,1.42618762853243e-08,1.01952248823274,2.09666123976111,0,0,0.642334684361376,0.422866636513733,7.48221315000108e-07,"LGALS3"
6737,0.946613149268697,0.310823287389881,0.00232291721869362,0.337410700428189,1.55581559810921,0,0,0.0360983896667546,0.849312451296048,0.0190510297199793,"TRIM21"
10489,1.19965151676303,0.281266118439685,1.99738261656493e-05,0.648380054549869,1.75092297897619,0,0,0.0514101793177381,0.82062737619565,0.000390866615662481,"LRRC41"
84034,1.54552631902427,0.368655671631843,2.76103682094616e-05,0.822974479929431,2.2680781581191,0,0,0.8364348226437,0.360418408044924,0.000516325373880957,"EMILIN2"
10346,1.88674538074519,0.352968535540049,9.02354198809191e-08,1.19493976341084,2.57855099807953,0,0,0.315658753209204,0.574228330446866,3.68680050380131e-06,"TRIM22"
5791,1.7429602052645,0.5228566072569,0.000857502330757224,0.718180085962172,2.76774032456683,0.259437499623297,32.1751901558534,1.47438673591254,0.224654838987789,0.00866045237872633,"PTPRE"
5901,0.852994099963817,0.220350222847663,0.000108352689693983,0.421115599197023,1.28487260073061,0,0,0.0846163162652024,0.771136338097373,0.00160188521397366,"RAN"
23480,1.96595303428374,0.569686489854303,0.000558640875107099,0.849388031690264,3.08251803687722,0.399698540538304,56.2155911789287,2.28391801311417,0.130721275015314,0.00618403523733088,"SEC61G"
1644,-3.22271604203033,0.567460504018102,1.3533405318424e-08,-4.33491819255476,-2.1105138915059,0.197330534696332,30.420742705654,1.43720993710759,0.230591367380977,7.15572172189452e-07,"DDC"
10117,-2.01491907831969,0.406452826854126,7.14700793909039e-07,-2.81155198036828,-1.21828617627111,0,0,0.436533717672738,0.508800244563127,2.28348597257715e-05,"ENAM"
10247,-1.90460367832948,0.296862473178956,1.40105632901568e-10,-2.48644343412172,-1.32276392253724,0,0,0.947402969794243,0.330381231120797,1.10470423883733e-08,"RIDA"
4147,-1.02658414436306,0.34333997123424,0.00278983750604509,-1.69951812243519,-0.353650166290935,0,0,0.39833966403777,0.527947971505099,0.0221788791827865,"MATN2"
6388,-0.730880971221066,0.231731672200064,0.00161050807368662,-1.18506670281043,-0.276695239631698,0,0,0.819527994998546,0.36531820513687,0.0142957959470321,"SDF2"
57127,-6.29420059150545,1.10161928881539,1.1061754077913e-08,-8.45333472225825,-4.13506646075266,1.52195738861118,62.54620182237,2.66995618243404,0.102258838874726,6.06283049725614e-07,"RHBG"
57111,-6.1564778973554,1.49913580098185,4.01378714310911e-05,-9.09473007521443,-3.21822571949636,3.72357480876176,82.5534695597833,5.73179867152759,0.0166604099497443,0.000702829766890132,"RAB25"
23208,0.892238449515749,0.229597977835009,0.000101871671604589,0.442234682035906,1.34224221699559,0,0,0.0148405251550631,0.903040232500397,0.00151939795159809,"SYT11"
91703,-1.36899953666531,0.501915026740823,0.00638061222061533,-2.35273491237678,-0.385264160953836,0,0,0.99696100772894,0.318046974082557,0.0421301638445429,"ACY3"
64900,0.925243683839354,0.339628629934993,0.00644417326429695,0.259583801048086,1.59090356663062,0,0,0.0137760454627555,0.906565747145932,0.0424251895129471,"LPIN3"
51526,0.781446982602351,0.221107514685268,0.000408949839896661,0.348084217108065,1.21480974809664,0,0,0.119132041555708,0.729977773509853,0.00471674139548903,"OSER1"
23743,-1.62175171703855,0.258792157319392,3.68972658682863e-10,-2.12897502486598,-1.11452840921112,0,0,0.175165517939801,0.675561266538433,2.7792504787827e-08,"BHMT2"
241,1.21809385083088,0.333308102365051,0.000257625243538973,0.564821974439993,1.87136572722177,0,0,0.553639589537011,0.456834361478287,0.00326769629222575,"ALOX5AP"
10810,-1.19944869988716,0.384935041402056,0.00183336628850748,-1.95390751742263,-0.444989882351698,0,0,0.0146066344071286,0.903803580682244,0.015866031879298,"WASF3"
4628,-1.23907851011648,0.440209391073865,0.00488154937720147,-2.10187306227756,-0.376283957955396,0.149703340680799,30.6468551508967,1.44189568068726,0.229832824311987,0.034191132598861,"MYH10"
254428,-1.02188125084991,0.363955559142222,0.00498953117509618,-1.73522103874181,-0.308541462958021,0.0104310278828161,2.83921214155381,1.02922179002593,0.310341516904085,0.0348388652686804,"SLC41A1"
9201,1.57596832922284,0.420093545349271,0.00017580079702959,0.752600110200528,2.39933654824516,0,0,0.511545330575225,0.474470658436306,0.00239426479429289,"DCLK1"
9365,-3.10713072052489,0.849081789528086,0.000252805517782746,-4.77130044792875,-1.44296099312102,1.09834826497584,74.9110815579365,3.98582347146309,0.0458846669916991,0.00322476518095058,"KL"
28992,-1.70944904780438,0.297090491002977,8.71728911639061e-09,-2.29173571031953,-1.12716238528922,0,0,0.108130901887837,0.742282194358531,4.93845416623087e-07,"MACROD1"
84246,0.821566875154799,0.264297033720645,0.00188040739441934,0.303554207841567,1.33957954246803,0,0,2.63492671034638e-06,0.998704837859868,0.0161899954654891,"MED10"
114904,1.28461106477679,0.280636645748472,4.70591281471872e-06,0.734573346367655,1.83464878318592,0.0346094458106034,8.28860647557049,1.09037706392895,0.296387678802778,0.00011536331360155,"C1QTNF6"
84626,1.84847976642626,0.694088353609259,0.00774068094088873,0.488091591263411,3.20886794158911,0.516964802787438,52.4386155209119,2.10254602752298,0.147054093333344,0.048251318134999,"KRABD3"
1875,-0.888868405281549,0.246984600044556,0.000319588279660458,-1.37294932610491,-0.404787484458189,0,0,0.0540408228663912,0.816175454392365,0.00388899708904508,"E2F5"
9645,1.21492651590976,0.327907063467855,0.00021131229523849,0.572240481236473,1.85761255058304,0.0144377751490152,3.05911236581522,1.03155647158255,0.309793377442015,0.0028033724287525,"MICAL2"
22800,-1.02428873380882,0.236758914385303,1.51638816449456e-05,-1.48832767902281,-0.560249788594824,0,0,0.0429568875222764,0.835806472256917,0.000307450550704965,"RRAS2"
4017,3.01225899794345,1.11071013136309,0.00668762093197492,0.835307143208042,5.18921085267885,2.10008396560518,84.4491016168945,6.43049665276189,0.0112177207016788,0.0437502149567287,"LOXL2"
83876,-2.9094377354623,0.443550617293755,5.40150579035945e-11,-3.77878097067857,-2.04009450024603,0,0,0.874820996324887,0.349624101455741,4.58040896675575e-09,"MRO"
891,1.63781024344942,0.612209120643914,0.00746743459403,0.43790241598041,2.83771807091843,0.45832720094846,53.4815457242319,2.14968449740797,0.142599190239904,0.0470923389295166,"CCNB1"
10752,-3.36001519475494,0.896490631545863,0.000178275373221348,-5.1171045450624,-1.60292584444748,1.2212075138626,72.7520022239226,3.66999442754637,0.0554003694037669,0.00241819603334349,"CHL1"
4212,-1.14813898656112,0.36402796475158,0.00161056990606999,-1.86162068683963,-0.434657286282605,0,0,0.305906098176559,0.580203300349534,0.0142957959470321,"MEIS2"
2947,-2.04678205604937,0.243474149761222,4.22181708682594e-17,-2.52398262074787,-1.56958149135086,0,0,0.00683214235356539,0.934124456238609,9.98644908450423e-15,"GSTM3"
26191,1.35716682093349,0.400786685359183,0.000708529294700633,0.571639352146311,2.14269428972068,0,0,0.0537018706983256,0.816742570664064,0.00744590840253206,"PTPN22"
79679,-5.25605769886496,0.815108670121229,1.13118601023063e-10,-6.85364133578891,-3.65847406194101,0.668099455414339,47.665170575261,1.91077340079625,0.166877373358005,9.07844105710692e-09,"VTCN1"
51303,2.11826304147431,0.707334403628167,0.0027470380912352,0.731913085336982,3.50461299761163,0.628999914537782,58.4592934148199,2.40727730027769,0.120772257567413,0.0218850081140485,"FKBP11"
4613,-2.24947450970853,0.418204564128313,7.49483105452516e-08,-3.0691403935703,-1.42980862584677,0,0,0.510010284225341,0.475134404154887,3.14806252673404e-06,"MYCN"
129607,0.943258195890203,0.353087074477523,0.00755219455050547,0.251220246507645,1.63529614527276,0,0,0.0287542504456927,0.865347701530116,0.0474272189680788,"CMPK2"
285148,0.613130506283536,0.19052711902701,0.00129054191194169,0.23970421491242,0.986556797654651,0,0,0.034387019860333,0.852885996121854,0.0120251393218451,"IAH1"
3939,2.40272823595978,0.665577766833298,0.000306210311543599,1.09821978405592,3.70723668786364,0.626306780331696,67.0269261705436,3.03277760870039,0.0815982179804217,0.00375671849912862,"LDHA"
79746,-1.43860841172026,0.332046426231605,1.4739082844783e-05,-2.08940744832944,-0.787809375111078,0,0,0.851699685410736,0.356071949321607,0.000301101596963954,"ECHDC3"
3601,1.64493463549374,0.463231402737745,0.000383770654985867,0.737017769619791,2.55285150136769,0,0,0.386455561098244,0.534168418285436,0.00446452091559487,"IL15RA"
1794,2.29220086378533,0.846137982556453,0.00674831980968061,0.633800892023297,3.95060083554735,1.00452640983306,65.5482139154422,2.90260713202392,0.0884364107704319,0.0440191562621788,"DOCK2"
1643,1.80926546009362,0.319607062112997,1.50576101890514e-08,1.18284712914749,2.43568379103975,0.0441723761566536,11.5622980823692,1.1307394678023,0.287617664038854,7.83867792196835e-07,"DDB2"
80206,-1.5581168408213,0.436209283812808,0.000354335895533688,-2.41307132681642,-0.703162354826185,0,0,0.716482990348254,0.397299980820296,0.00420153497733996,"FHOD3"
9071,-2.70841646348786,0.434460157844054,4.54727629543019e-10,-3.5599427255798,-1.85689020139593,0,0,0.4735832291238,0.491343317825796,3.261219483579e-08,"CLDN10"
3703,0.777455614347843,0.181672979468032,1.87378042339745e-05,0.421383117626415,1.13352811106927,0,0,0.0496265110936111,0.823714451110194,0.000370986511727868,"STT3A"
2113,0.68468861928131,0.235757314424158,0.00368181766958875,0.222612773918074,1.14676446464455,0,0,0.610550726656551,0.434580527159028,0.0274270374208478,"ETS1"
301,1.39983448015665,0.32467493116868,1.6215413059902e-05,0.76348330838302,2.03618565193029,0,0,0.884012350463963,0.347105078951598,0.00032680480461384,"ANXA1"
23670,1.36095525217511,0.301299561542224,6.27365172734305e-06,0.77041896299464,1.95149154135558,0,0,0.0410388232273516,0.83946300169495,0.000147157793736901,"CEMIP2"
29968,-3.01761360210531,0.950572826521549,0.00150083920128613,-4.88070210676999,-1.15452509744064,1.30056976751942,69.6570837006729,3.29566212467909,0.0694630970172116,0.0134905433006273,"PSAT1"
6926,-1.188498449484,0.249639015476574,1.92761911747197e-06,-1.67778192895412,-0.699214970013879,0,0,0.120912201011652,0.728047232246741,5.30409970630093e-05,"TBX3"
92558,-2.10088434294019,0.368823315957095,1.22520848428978e-08,-2.82376475887474,-1.37800392700565,0,0,0.512795345697547,0.473931269715105,6.58146852337813e-07,"BICDL1"
948,1.64643815416472,0.405958474200223,4.99884008051474e-05,0.850774165513451,2.44210214281599,0,0,0.0303404063313818,0.861720091406299,0.000840391032488532,"CD36"
29923,4.42707912911912,0.357227061315137,2.8552909903209e-35,3.72692695463837,5.12723130359987,0,0,0.0281842053566002,0.866676487279462,3.49980803840879e-32,"HILPDA"
26136,1.06987702604295,0.252834426468059,2.32104720411434e-05,0.574330656113719,1.56542339597219,0,0,0.465201984442521,0.495202801003775,0.000443267414349485,"TES"
29969,0.677820878820249,0.2515082866648,0.0070383552791918,0.184873695143866,1.17076806249663,0,0,0.00201821362150561,0.964167462464412,0.0452974435462258,"MDFIC"
112609,-3.03085912613569,0.528489590132464,9.75435656804852e-09,-4.06667968899965,-1.99503856327172,0.0866332093373868,8.29115414617683,1.09040735459033,0.296380969895461,5.43462766971067e-07,"MRAP2"
517,0.668717088582674,0.231695597306347,0.00389938961774487,0.214602062485739,1.12283211467961,0,0,0.476856347539189,0.489849723154514,0.028558104408503,"ATP5MC2"
967,1.40805502738571,0.409336246337865,0.000582038035484359,0.605770726996674,2.21033932777474,0.0829837119860706,19.9742813458694,1.24959827517698,0.263629218413432,0.00638017791254927,"CD63"
8763,-0.596149050264627,0.222755225934116,0.00744507110240557,-1.03274127046358,-0.159556830065677,0,0,0.811053624055155,0.367808929684247,0.0469732773391363,"CD164"
57224,-0.956619796196932,0.240829051225742,7.12135808149141e-05,-1.42863606303034,-0.484603529363525,0,0,0.0749021370947463,0.784328590534035,0.00113227913930128,"NHSL1"
54806,-0.653643800951579,0.218605522314717,0.00278921930704203,-1.08210275150999,-0.225184850393166,0,0,0.0595697132799498,0.807177323089298,0.0221788791827865,"AHI1"
23493,1.08789350740821,0.353758732579627,0.00210332223843495,0.39453913233561,1.78124788248082,0,0,0.673152980411087,0.411954489660907,0.0176362523263796,"HEY2"
8676,1.01547200795773,0.375391414862671,0.00682834513755792,0.279718354721364,1.7512256611941,0,0,0.00481804733716157,0.944661553532935,0.0443908281049631,"STX11"
10505,0.782211403836571,0.291616793145246,0.00731121012352069,0.210652991984823,1.35376981568832,0,0,0.883336259139311,0.347289530324943,0.0464328997152282,"SEMA4F"
8291,1.49877444162505,0.336714298831831,8.5401504603677e-06,0.838826542835004,2.1587223404151,0,0,0.00760876511588972,0.930490095989562,0.000189698267968925,"DYSF"
2016,-2.60971456104753,0.379576274627451,6.18437631795526e-12,-3.35367038870322,-1.86575873339184,0,0,0.740540300934593,0.389487855425702,6.17658858481413e-10,"EMX1"
1368,-0.790846736789431,0.24132021058397,0.00104854168707929,-1.26382565827563,-0.317867815303228,0,0,0.771408291612158,0.379781738349798,0.0101840499919085,"CPM"
116496,1.1826335653252,0.242612276721082,1.09038794869725e-06,0.707122240744616,1.65814488990579,0,0,0.300346171423469,0.58366548375055,3.27432087133296e-05,"NIBAN1"
3915,1.14964293977902,0.262292390688843,1.17024575403125e-05,0.635559300609978,1.66372657894806,0,0,0.256085613643975,0.612822235540229,0.000247109387027576,"LAMC1"
55619,1.27972271225863,0.336182555815414,0.000140873072206461,0.620817010629796,1.93862841388747,0,0,0.0101607652088664,0.91970873380796,0.00200569338179484,"DOCK10"
81618,-1.55035680078446,0.443284093328908,0.000469757166177877,-2.41917765862861,-0.681535942940309,0.175030457160758,34.9639105225131,1.53760782364715,0.21497422731098,0.00530463640835538,"ITM2C"
1593,-1.44822731113894,0.383934899595509,0.000161902209102444,-2.20072588675414,-0.695728735523736,0,0,0.0711167937979259,0.789717616578024,0.00223660603004943,"CYP27A1"
9470,-0.73588254714225,0.210526164746915,0.000473272677673773,-1.14850624784955,-0.323258846434951,0,0,0.0182806263237066,0.892449108927426,0.00533986235403806,"EIF4E2"
1329,-0.6826757924758,0.225017865051839,0.00241435449356531,-1.1237027038555,-0.241648881096102,0,0,0.0203362191734081,0.886602056620772,0.0197050494169135,"COX5B"
10154,0.893155813966817,0.294957736724735,0.00246112398153553,0.31504927302489,1.47126235490874,0,0,0.200450711579769,0.654357290333507,0.0200140739704726,"PLXNC1"
55332,1.03546042529824,0.249683465656712,3.36724062763442e-05,0.546089825075943,1.52483102552054,0,0,0.276762602614788,0.598831015338791,0.000608585863034783,"DRAM1"
84102,1.0517020432077,0.309180963037478,0.000669988932121294,0.44571849094883,1.65768559546656,0,0,0.646371103816728,0.421413100332053,0.00711856640803105,"SLC41A2"
26586,0.852463120244924,0.281929633507622,0.00249725910713948,0.299891192395407,1.40503504809444,0,0,0.50822239847154,0.47590938031153,0.0202697725699225,"CKAP2"
55901,1.39647600820575,0.475248224877748,0.00329896234779426,0.465006603728769,2.32794541268272,0,0,0.733692822686383,0.391688813519865,0.0253482266469967,"THSD1"
8803,-1.57925386618848,0.286407852361531,3.50761856077231e-08,-2.14060294170654,-1.01790479067041,0,0,0.515492165281427,0.472770956301884,1.6308007260308e-06,"SUCLA2"
3936,1.65349438066809,0.341980760133735,1.33111573249734e-06,0.983224407400341,2.32376435393584,0,0,0.179797125753915,0.671547645440142,3.85966310134659e-05,"LCP1"
10457,2.48039146580588,0.412758354508953,1.86318583091628e-09,1.67139995665032,3.28938297496144,0,0,0.0100804714277655,0.920025538531272,1.1905845762201e-07,"GPNMB"
28969,0.596615251467137,0.222118134800194,0.007230729987285,0.161271706945544,1.03195879598873,0,0,0.132677700999789,0.715671703606866,0.0461221564157379,"BZW2"
1607,-1.28504801481469,0.413042314103659,0.00186342800316449,-2.09459607454895,-0.475499955080442,0,0,0.0884943376886388,0.766100091258131,0.0160848910157918,"DGKB"
28988,0.820914946549563,0.176266160116565,3.20466748784309e-06,0.475439621027924,1.1663902720712,0,0,0.720145299098329,0.39609625255381,8.16796441183145e-05,"DBNL"
83605,1.16651555038168,0.200187530478584,5.63941099939133e-09,0.774155200489639,1.55887590027372,0,0,0.00435482042481207,0.947384940464235,3.3203571399473e-07,"CCM2"
91875,-1.10777222020234,0.368825367999932,0.00266881117823884,-1.83065665806694,-0.384887782337743,0.0529051563772009,9.3123657080592,1.10268616863553,0.293677357469641,0.0213933300334092,"TTC5"
57538,1.37887934738015,0.35840632157978,0.000119450212537031,0.676415865252305,2.081342829508,0,0,0.115792974284189,0.7336429156133,0.00174490489234756,"ALPK3"
53346,1.38779992917133,0.356586250960591,9.94600581532729e-05,0.688903719906408,2.08669613843625,0,0,0.0982587257455132,0.753929322681877,0.00149002218231175,"TM6SF1"
55316,-0.648779002886105,0.24054928283992,0.00699519100676892,-1.12024693375929,-0.177311072012924,0,0,0.0950525349879643,0.757849568364622,0.045129169552477,"RSAD1"
80774,1.65279778079676,0.596353330912261,0.00557973720891777,0.48396673014823,2.82162883144529,0.439052354192808,54.2893481309769,2.187673898997,0.139119273350994,0.0379765758646332,"LIMD2"
64108,2.48195601951043,0.69488752581193,0.000354620396366749,1.1200014956129,3.84391054340796,0.590877259481341,57.0460546229654,2.32807485138409,0.127058928739646,0.00420153497733996,"RTP4"
6326,-2.17363806369483,0.304737405402934,9.83307634733859e-13,-2.77091240302677,-1.5763637243629,0,0,0.165965261198645,0.683722787964902,1.17326874682448e-10,"SCN2A"
3142,2.46454889945427,0.8556125600138,0.00397108373542484,0.787579097107107,4.14151870180144,1.08724153978874,71.1209302773294,3.46271541847825,0.062767157774374,0.028957340186443,"HLX"
274,-1.13915965901776,0.296646565836666,0.000122972076959749,-1.72057624419511,-0.557743073840403,0,0,0.834081910951764,0.361094851375469,0.00179053187219039,"BIN1"
9394,-1.27144129748565,0.354356137147631,0.000333182907267091,-1.96596656399574,-0.57691603097556,0,0,0.268737152861937,0.604180161431727,0.00401816202028819,"HS6ST1"
2995,1.25909941437929,0.468950305684436,0.00725446880601394,0.33997370469875,2.17822512405984,0.177009607787106,34.1170012934507,1.51784226527715,0.217946315068865,0.0462163639020081,"GYPC"
9649,-1.04792985197799,0.260889326005389,5.90037187697083e-05,-1.55926353489948,-0.5365961690565,0,0,0.00355101731495301,0.95248185416198,0.000967818905318707,"RALGPS1"
29988,0.700645927298838,0.24613457159691,0.00441892676135487,0.218231031618699,1.18306082297898,0,0,0.339195168065214,0.560294154933779,0.0315073450678729,"SLC2A8"
23452,1.22534344460139,0.43938549336745,0.00529092336734927,0.364163702271827,2.08652318693096,0.0766059122803162,16.7391802156746,1.20104510451657,0.273112895600514,0.0364400166612205,"ANGPTL2"
1317,-1.08048907698146,0.303482111010065,0.00037042337163624,-1.67530308451337,-0.485675069449544,0,0,0.452759188333414,0.501027563903285,0.00435004935502874,"SLC31A1"
7099,0.875064771390709,0.253219421151243,0.000548749913410754,0.378763825748192,1.37136571703323,0,0,0.00113679385816208,0.97310332203966,0.00609958374486166,"TLR4"
229,-7.05795377643419,0.782586449503448,1.90242654502788e-19,-8.59179503225002,-5.52411252061836,0.535204736828921,43.5371478573931,1.77107595888767,0.183248976695623,5.96521328060718e-17,"ALDOB"
113220,-1.34756367134347,0.371908498805008,0.000290784626369663,-2.07649093454564,-0.618636408141295,0,0,0.952319374972829,0.32912962224029,0.00358705317231672,"KIF12"
79139,1.20167611621765,0.289558534182617,3.32434146387543e-05,0.634151817803513,1.76920041463179,0,0,0.0619426799209385,0.80345139096382,0.000604071374089386,"DERL1"
4856,1.41448239854116,0.465138353144238,0.00235799443053432,0.502827978550177,2.32613681853214,0,0,0.148387997309041,0.700080629963652,0.0193034844607737,"CCN3"
9380,-1.51218717996675,0.333221602440338,5.67680064741926e-06,-2.16528951962053,-0.85908484031296,0,0,0.0813602682482426,0.775462411391291,0.00013595080484752,"GRHPR"
219,-2.72578842543353,0.667243449972041,4.40486796032919e-05,-4.03356155629898,-1.41801529456808,0.551678997145492,60.0058788017841,2.50036747911993,0.113819736740682,0.000760446027005357,"ALDH1B1"
2766,-2.0352903754821,0.391557021076139,2.01507833593565e-07,-2.80272803468512,-1.26785271627907,0,0,0.175165908420414,0.675560925543252,7.5470281120612e-06,"GMPR"
7020,-2.25133411893604,0.370950256844404,1.28629221481703e-09,-2.97838326240696,-1.52428497546513,0,0,0.653955689450044,0.418701957569762,8.61333422345546e-08,"TFAP2A"
27283,-2.50776087040717,0.539184183493212,3.30284073089299e-06,-3.5645424510875,-1.45097928972684,0.0727507886508119,9.61394157039586,1.10636531493276,0.292873415303596,8.38647863929005e-05,"TINAG"
7280,-1.25176564806784,0.286718391001125,1.26637118103063e-05,-1.81372336813532,-0.689807928000363,0,0,0.00779747803064685,0.929635592602654,0.000264720660989706,"TUBB2A"
670,-1.89389364883696,0.456114722061005,3.29249788846806e-05,-2.78786207689502,-0.999925220778891,0.137641018228263,24.4799592975652,1.32415182870493,0.249848284398666,0.000599929431311278,"BPHL"
347733,-3.52051198996504,0.711952378343014,7.61946759256472e-07,-4.91591301022498,-2.1251109697051,0.503328319977276,48.8777430701423,1.95609517273866,0.161931549095256,2.41157937912089e-05,"TUBB2B"
7172,-1.15855428028145,0.203088489805831,1.16563766055637e-08,-1.55660040597551,-0.760508154587393,0,0,0.520164030522156,0.470771719631975,6.33721474890384e-07,"TPMT"
3134,1.76494976481587,0.316890978256219,2.55353614944373e-08,1.14385486040802,2.38604466922373,0,0,0.374703147386889,0.540451744670083,1.2252429858701e-06,"HLA-F"
132864,0.967991625578845,0.220059907948498,1.08869079341729e-05,0.536682131558589,1.3993011195991,0,0,0.186037934820945,0.666234873630004,0.000232627860026075,"CPEB2"
7097,1.00988432936778,0.333926982046636,0.00249236427124534,0.355399471090216,1.66436918764534,0,0,0.0337021401049417,0.854341835081466,0.0202437032946994,"TLR2"
11309,1.05339769084382,0.310683850709137,0.00069745517690538,0.444468532875695,1.66232684881195,0,0,0.00181051958308501,0.966060093556266,0.0073524535967281,"SLCO2B1"
10068,1.78539402474946,0.305213585797924,4.92595149628393e-09,1.1871863889932,2.38360166050572,0,0,0.396488135769355,0.528908525854251,2.94320007435226e-07,"IL18BP"
54843,1.81424380987508,0.474802977202861,0.000132887095672702,0.88364707480508,2.74484054494508,0,0,7.58214643991005e-05,0.993052466374704,0.00190608160739898,"SYTL2"
8836,-2.50190335778631,0.395648404503249,2.55617717321568e-10,-3.27735998115342,-1.72644673441921,0,0,0.108163738022084,0.742244457102631,1.9694249615124e-08,"GGH"
84259,0.811765542074598,0.228805408242359,0.000388400463663617,0.36331518245159,1.26021590169761,0,0,0.038873918821959,0.843698653888171,0.00450671553491958,"DCUN1D5"
2230,-0.767471158964546,0.241533935808648,0.00148556887660779,-1.2408689741937,-0.294073343735387,0,0,0.457759009859165,0.498673169373565,0.0133711115909899,"FDX1"
834,1.41644036082727,0.31488506863532,6.85063015530443e-06,0.799276967032623,2.03360375462192,0,0,0.486614734409888,0.485441292656501,0.000158434041824991,"CASP1"
440279,-1.26329939548051,0.396342960500846,0.00143563295955859,-2.04011732358815,-0.486481467372869,0.0259213939411395,3.78432365066958,1.03933167436177,0.307976957713067,0.0130788102660327,"UNC13C"
58472,0.964943361078511,0.253069066675038,0.00013730985499831,0.468937104794271,1.46094961736275,0,0,0.915267910403084,0.338720539825381,0.00196403459085103,"SQOR"
51203,2.12624411378544,0.307202015094128,4.47447619869159e-12,1.52413922822282,2.72834899934806,0,0,0.827991978858242,0.362853812620509,4.64072019899682e-10,"NUSAP1"
4091,-1.58750625062544,0.461549377077121,0.000582756347275995,-2.49212640678349,-0.682886094467384,0,0,0.420329518952599,0.516772666509296,0.00638286257540394,"SMAD6"
64220,-4.06842251870085,1.09310886882144,0.000197743220284266,-6.21087653277218,-1.92596850462951,1.98992949300954,82.5306479116712,5.72431075258993,0.0167316028539887,0.00264501174513171,"STRA6"
80031,-2.45924455266701,0.492808616668077,6.02971732961796e-07,-3.42513169260744,-1.49335741272657,0.217980720158019,34.3573283408394,1.52339929915154,0.217105801853083,1.96373620181737e-05,"SEMA6D"
51187,0.653553030482181,0.201282561613076,0.00116651696605988,0.259046459004588,1.04805960195977,0,0,0.470058282467672,0.492960357109402,0.0110854970841573,"RSL24D1"
54810,-1.6707544913359,0.394309471969428,2.26359286822711e-05,-2.44358685515898,-0.897922127512814,0,0,0.46827605983278,0.493781332478665,0.000433523048896393,"GIPC2"
10561,1.46331688315276,0.350075693863282,2.91507327889759e-05,0.777181131317854,2.14945263498766,0,0,0.178485163360048,0.672678312129157,0.000541376487870195,"IFI44"
10669,2.0431031032092,0.45734559530348,7.92104797040384e-06,1.14672220792635,2.93948399849206,0,0,0.223442202438997,0.636429556944857,0.000177702978011572,"CGREF1"
3795,-1.47061883802284,0.36840268366881,6.55518937662092e-05,-2.19267482982162,-0.748562846224074,0,0,0.465677221150375,0.494982599909995,0.00105848644748479,"KHK"
109,1.3618675543917,0.341995074301409,6.83014869620421e-05,0.691569525870839,2.03216558291256,0,0,0.810597680258628,0.367943605337642,0.00109371609110358,"ADCY3"
51626,-0.638168279794448,0.234403034026716,0.00647849980072855,-1.09758978435373,-0.178746775235169,0,0,0.0712105221062163,0.789582347432944,0.0425887922053745,"DYNC2LI1"
6519,-1.39210048178397,0.395285306987226,0.000428690015858459,-2.1668454470968,-0.617355516471151,0.0740617014245717,18.5893884508257,1.22834109825593,0.267729897683156,0.00490248302274776,"SLC3A1"
26509,1.93237629022853,0.321738944273087,1.90111780464722e-09,1.30177954702934,2.56297303342772,0,0,0.0414393359465395,0.838692243305993,1.20341649577739e-07,"MYOF"
57559,1.75268347072858,0.320576679412231,4.56985803445703e-08,1.12436472479717,2.38100221666,0,0,0.106066279664359,0.744667851591632,2.02017691405194e-06,"STAMBPL1"
403,-0.550891044112326,0.198343949520606,0.0054786723442161,-0.939638041724145,-0.162144046500508,0,0,0.0066955023789036,0.934785041014383,0.0374588941263011,"ARL3"
953,1.13952398657007,0.268228180058462,2.15362238075472e-05,0.613806414016755,1.66524155912338,0,0,0.174246517744628,0.67636504290116,0.000415411882113245,"ENTPD1"
5950,-3.30400729592941,1.12450279221049,0.00330130430854604,-5.5079922691767,-1.10002232268212,1.44560407930676,56.9935756703416,2.32523399837817,0.127291077509202,0.0253482266469967,"RBP4"
316,-2.85306702418799,0.409296642926948,3.15461426872474e-12,-3.65527370331796,-2.05086034505802,0,0,0.213819211184192,0.643790273115937,3.40269313481725e-10,"AOX1"
4664,0.676033680324141,0.203297249305332,0.000883088926066145,0.27757839352963,1.07448896711865,0,0,0.384926734109803,0.534978254289855,0.00885255612650545,"NAB1"
130752,-1.92506609426581,0.415713107488662,3.6433247502251e-06,-2.73984881284481,-1.1102833756868,0,0,0.0891821143811853,0.765219513991459,9.21631287191089e-05,"MDH1B"
57520,1.08958835444808,0.329219969812753,0.000934274159072309,0.444329070623717,1.73484763827243,0,0,0.167965457859065,0.681926335662853,0.00926918210947163,"HECW2"
3417,-1.31269155647187,0.449052424212071,0.00346400604641803,-2.19281813509793,-0.432564977845813,0.170862570679441,34.4090537913183,1.52460066183286,0.216924601368523,0.0262536219920485,"IDH1"
6744,-0.885814137570957,0.326428549564604,0.00665456309186678,-1.52560233824323,-0.246025936898684,0,0,0.809355146141307,0.368310970623132,0.0435974121319921,"ITPRID2"
10152,-0.600835837001935,0.172412416724747,0.000492365755509707,-0.938757964269951,-0.262913709733919,0,0,0.0282211479615004,0.866589956959984,0.00554600457939631,"ABI2"
83666,0.950097046377908,0.291256182975424,0.0011060318209272,0.379245417471468,1.52094867528435,0,0,0.306435586009843,0.579875733432539,0.0106411680728184,"PARP9"
55329,-0.900993049123166,0.294007160829052,0.00218014081635504,-1.47723649554498,-0.32474960270135,0,0,0.12824801977952,0.720255512877097,0.0181093140204776,"MNS1"
83478,-2.29476150087553,0.612852458201807,0.000180829189634053,-3.49593024678791,-1.09359275496315,0.508939746976238,62.4713046979122,2.6646276721066,0.102601832302539,0.00244300597578752,"ARHGAP24"
4283,1.99205453339201,0.474146754132417,2.65332797825018e-05,1.06274397190591,2.92136509487812,0,0,0.669128665093171,0.413355559038965,0.000496872515704822,"CXCL9"
55589,1.32316470398546,0.274193829260257,1.39544192170247e-06,0.785754673852231,1.86057473411869,0,0,0.0946411689741888,0.758357764728798,4.03749859019623e-05,"BMP2K"
27068,-0.938934665913522,0.285860858762395,0.00102132207492968,-1.49921165367751,-0.378657678149536,0,0,0.177967972054192,0.673125380330988,0.00995696712673672,"PPA2"
1950,-5.34977081397801,1.25729352276742,2.09058768928821e-05,-7.81402083659765,-2.88552079135837,2.66179648967011,83.7618922030215,6.15835300826167,0.0130792936754432,0.000404991290440704,"EGF"
23162,0.907755136183127,0.309731444157127,0.00338110680924699,0.300692660755579,1.51481761161068,0,0,0.000181850443754802,0.989240698404533,0.0258139655204287,"MAPK8IP3"
283358,-2.18143607906776,0.387505336521008,1.80800958199073e-08,-2.94093258246601,-1.42193957566951,0,0,0.841352679980024,0.359010190064392,9.09604223656008e-07,"B4GALNT3"
121506,-2.945909201609,0.423079087961225,3.33048642694162e-12,-3.77512897662506,-2.11668942659295,0.0662827843525107,13.8883434217832,1.16128296648397,0.281199623327754,3.51211707563186e-10,"ERP27"
23710,-1.79324615739624,0.554306355744467,0.00121592707622497,-2.87966665105704,-0.706825663735434,0.36140721161676,52.6114348880178,2.1102137142936,0.146318881984514,0.0114577236718237,"GABARAPL1"
55080,1.20975683227631,0.439148372800648,0.00587317438896579,0.349041837717674,2.07047182683495,0.163980395264013,34.0769676145131,1.51692051141166,0.218086107123758,0.0396247169622893,"TAPBPL"
939,2.71113366431917,0.569164660854223,1.90399892528093e-06,1.59559142777194,3.82667590086641,0,0,0.00107904449360367,0.973795152316798,5.24981953160793e-05,"CD27"
9169,0.573699935593492,0.170708604728031,0.000777459990157351,0.239117218475467,0.908282652711516,0,0,0.162122579155628,0.687209781090296,0.00804489105701578,"SCAF11"
11010,1.60721323809371,0.399274661557122,5.68948868680232e-05,0.824649281502336,2.38977719468509,0,0,0.290222497777347,0.590077983757306,0.000937791882202392,"GLIPR1"
22822,1.01957141745719,0.296108537438559,0.000574798620253049,0.439209348562786,1.5999334863516,0,0,0.2580008642678,0.611496926211856,0.00632137830087428,"PHLDA1"
144193,-2.07114816573592,0.378919796729265,4.6049234116852e-08,-2.81381732035452,-1.32847901111732,0,0,0.932588559967327,0.334191191520568,2.02241636350982e-06,"AMDHD1"
121260,2.16856733673603,0.332448858644286,6.891011818255e-11,1.51697954709178,2.82015512638027,0,0,0.327332000559172,0.567234342170033,5.70009278193449e-09,"SLC15A4"
6996,0.872543686743983,0.273496110883009,0.00142108911712913,0.336501159501513,1.40858621398645,0,0,0.166167197513017,0.683540850127636,0.0129813987576234,"TDG"
113675,-0.99457172199861,0.315663448397854,0.00162860452153311,-1.61326071209412,-0.375882731903098,0.0607381438859913,16.3671847496364,1.19570290322811,0.274182224070222,0.0144368670373642,"SDSL"
9815,1.61102856850381,0.296724727569215,5.65530794831919e-08,1.02945878914568,2.19259834786193,0,0,0.668887901746311,0.413439603943846,2.44392682907653e-06,"GIT2"
84915,-1.29753420362478,0.397835843800028,0.00110831704620782,-2.07727812923194,-0.517790278017621,0,0,0.787495760599557,0.374858428226962,0.0106510611076408,"FAM222A"
6541,1.54589454176412,0.349223597877846,9.57028804277346e-06,0.861428867372039,2.23036021615619,0,0,0.215817357101646,0.642245531641768,0.00020845911741634,"SLC7A1"
283375,-2.33001420873933,0.540221029112548,1.60998940698117e-05,-3.38882796949108,-1.27120044798757,0.102188639222318,16.5306359074192,1.19804434941045,0.273712900452466,0.000324962382849209,"SLC39A5"
675,1.28542070933452,0.341514761525972,0.000167296935666955,0.616064076554831,1.95477734211421,0,0,0.416635002024531,0.518620906430401,0.00230404962573806,"BRCA2"
23344,0.962218752425779,0.332127773605227,0.00376588550472858,0.311260277894062,1.6131772269575,0,0,0.146487760093107,0.701914633261188,0.0278679661143005,"ESYT1"
115825,-0.75704375580656,0.196019530216464,0.000112424213529917,-1.14123497529729,-0.37285253631583,0,0,0.432208430884604,0.510907289828967,0.00165662914865997,"WDFY2"
6751,-2.05398727496575,0.501239349167132,4.17064256607854e-05,-3.03639834696763,-1.07157620296388,0,0,0.000147646344201713,0.990305158267899,0.00072558417701209,"SSTR1"
57161,-0.907947427643129,0.258569461325404,0.000445710191770813,-1.41473425934284,-0.401160595943416,0,0,0.000258773796862924,0.987165425354329,0.0050841882535075,"PELI2"
145407,-2.24801443026278,0.736451633601133,0.00226948024315673,-3.69143310847669,-0.804595752048874,0.757508780324978,65.0156741016743,2.85842294891227,0.0908965749217766,0.0186968624072293,"ARMH4"
145226,-3.8250872393873,0.679876005359152,1.84271641393656e-08,-5.1576197238442,-2.4925547549304,0.412274645112692,38.8845831222816,1.63624834957901,0.200840987619313,9.23618788442625e-07,"RDH12"
376267,-1.42834111611842,0.425291950454257,0.000783679876530972,-2.26189802192356,-0.594784210313285,0,0,0.0076333169816027,0.930378324080437,0.00809682434886367,"RAB15"
90141,-0.790406901730635,0.27962204075666,0.00470307437317979,-1.33845603089728,-0.24235777256399,0,0,0.0507774736873161,0.821715892205496,0.0332694395454266,"EFCAB11"
10516,-2.31059602336985,0.413668042838049,2.32856489669919e-08,-3.1213704888876,-1.4998215578521,0,0,0.810904483013944,0.367852975083887,1.1334310650612e-06,"FBLN5"
6652,-2.97337929440034,0.941173698879159,0.00158189418243854,-4.81804584739983,-1.12871274140084,1.46096199098048,81.3881637997895,5.37292499913948,0.0204516540766871,0.0141062693530548,"SORD"
11001,-2.17277476267423,0.454192576954043,1.71996173161636e-06,-3.06297585554959,-1.28257366979887,0,0,0.715455062783973,0.397638789718536,4.80129275929262e-05,"SLC27A2"
2108,-1.00158465188749,0.33027890631787,0.00242503356068741,-1.64891941312379,-0.354249890651184,0.0612410854751977,15.6484456631495,1.18551460949562,0.276236183366107,0.0197563308149537,"ETFA"
7168,1.04387838561253,0.366499031888271,0.00439613121926768,0.32555348274272,1.76220328848234,0.0939305366044718,24.0268704227212,1.31625484637014,0.251265296313643,0.0313779974745295,"TPM1"
5371,1.28999425925096,0.480628921775847,0.00727533390484709,0.347978882641977,2.23200963585994,0.261898719865503,45.8841325306595,1.84788685234798,0.174029366089013,0.0462996509185607,"PML"
5046,4.13584736759159,0.593538563334833,3.21206383851867e-12,2.97253316001967,5.29916157516351,0.312579611703496,42.1855138601486,1.72967030716321,0.18845300784941,3.43716323291645e-10,"PCSK6"
60677,-1.2767707831069,0.351572030752201,0.000281663893661081,-1.96583930135283,-0.587702264860982,0,0,0.303318631035971,0.581809378296749,0.00350016062509894,"CELF6"
51458,-5.89868298296568,1.57457672861381,0.00017953182053561,-8.98479666194365,-2.81256930398772,4.44123707132964,89.3935536362356,9.42822851031782,0.00213670592951927,0.00243034893200967,"RHCG"
5428,1.07789538288334,0.247367070179942,1.31572593530707e-05,0.593064834369464,1.56272593139722,0,0,0.150371247669111,0.698180832934099,0.000272046304080935,"POLG"
55215,1.02155736443866,0.281105671208522,0.000278986356865597,0.470600373019997,1.57251435585732,0,0,0.0175312130180848,0.894663574800011,0.00347008583913178,"FANCI"
374655,2.07464849865145,0.310701564235744,2.43379371271385e-11,1.46568462280914,2.68361237449377,0,0,0.528868139354575,0.467083106233953,2.20233829721616e-09,"ZNF710"
55784,0.956853324080469,0.326850883714587,0.00341707929598303,0.316237363684788,1.59746928447615,0,0,0.255699562690377,0.613090127395089,0.0259856064003041,"MCTP2"
8826,0.470347260879802,0.124615403893822,0.000160399010043502,0.226105557328999,0.714588964430604,0,0,0.153831260154988,0.694900629668065,0.00222725010547532,"IQGAP1"
64784,0.717860511177318,0.241973312270312,0.00301021448904152,0.243601533907642,1.19211948844699,0,0,0.5576093762929,0.455225067988159,0.0235285344670996,"CRTC3"
3687,1.74517871511053,0.483371984111785,0.000305694666843839,0.797787035115762,2.69257039510529,0.0962909892144874,14.9274253065432,1.17546695113356,0.278280770029799,0.00375380800824724,"ITGAX"
7385,-0.679884487729273,0.218020062457127,0.00181805484636833,-1.10719595805242,-0.252573017406132,0,0,0.00020177750353463,0.988666557938447,0.0157841812579422,"UQCRC2"
91807,-1.12710907725982,0.419420898963303,0.00720325873596865,-1.94915893359131,-0.305059220928336,0,0,0.0107101088609229,0.917574358876018,0.0460073602733611,"MYLK3"
221184,1.49155033111509,0.285546753165125,1.75582876857887e-07,0.931888979009094,2.05121168322108,0,0,0.453407023819831,0.500721437945792,6.68752522224547e-06,"CPNE2"
84166,1.66331144830178,0.293822902851634,1.50553154139076e-08,1.08742914087956,2.23919375572399,0,0,0.000108430274146939,0.991691789508623,7.83867792196835e-07,"NLRC5"
3801,-1.02641504807873,0.355582527883442,0.00389461957134759,-1.72334399626199,-0.329486099895476,0,0,0.137098727812583,0.711182476378203,0.028558104408503,"KIFC3"
8996,2.81293970842562,0.323085002086785,3.13400784530459e-18,2.17970474039047,3.44617467646076,0,0,0.414076666365091,0.519907569234661,8.45116555564836e-16,"NOL3"
1012,1.52705759905937,0.226139827712893,1.45104722318905e-11,1.08383168127201,1.97028351684673,0,0,0.213799902627737,0.643805242990461,1.39746212216129e-09,"CDH13"
3394,1.11935510621933,0.348992688058994,0.00133946010174137,0.435342006755879,1.80336820568278,0,0,0.258262110392472,0.611316629873341,0.0123867905019059,"IRF8"
58488,-0.86704595160116,0.323320485906167,0.00732508725080385,-1.50074245944124,-0.233349443761082,0,0,0.0549438562553739,0.814673636921813,0.0464772477188651,"PCTP"
10140,-1.27342030578045,0.242044088073985,1.43189191802406e-07,-1.7478180010763,-0.799022610484595,0,0,0.988924864109829,0.32000528912963,5.59599963209228e-06,"TOB1"
90507,-1.75656897003397,0.344685610441952,3.46633717040549e-07,-2.4321403524894,-1.08099758757854,0,0,0.0927560199473411,0.760702256310885,1.2170995851192e-05,"SCRN2"
10351,-2.15883588975437,0.394811123279868,4.55085527221817e-08,-2.93265147207871,-1.38502030743002,0,0,0.00941035333439568,0.922720854772088,2.01839413274071e-06,"ABCA8"
2589,0.738149983076486,0.275283578378653,0.00733111648214137,0.198604083919018,1.27769588223396,0,0,0.035133750232333,0.851315669903401,0.0464936234848129,"GALNT1"
409,0.943161835609463,0.30988952873888,0.00233810701992659,0.335789520095167,1.55053415112376,0,0,0.0147990046849122,0.903175294665561,0.0191639495134773,"ARRB2"
112483,-1.56992362282112,0.259934375956774,1.54408489886431e-09,-2.07938563804029,-1.06046160760194,0,0,0.305522487408206,0.580440851968777,1.01062605297998e-07,"SAT2"
9123,3.7432062573577,0.988685405451948,0.000153064701743972,1.80541847063151,5.6809940440839,1.65478523066083,83.7936766198584,6.17043098884074,0.0129902958325905,0.00214752484247031,"SLC16A3"
114804,-1.19186130664741,0.394366418664723,0.0025092972736476,-1.96480528394231,-0.418917329352505,0,0,0.163754619445426,0.685722993913711,0.0203444709203792,"RNF157"
201456,-1.1804281428735,0.359543673992715,0.00102661797198274,-1.88512079476843,-0.475735490978565,0,0,0.000493527252108915,0.982276074761282,0.0100013656909272,"FBXO15"
2064,-1.50549442898978,0.20776890775949,4.29246032835951e-13,-1.91271400530561,-1.09827485267396,0,0,0.424303411064435,0.514797499207499,5.45992854785579e-11,"ERBB2"
2886,-1.04972539064115,0.317748528793728,0.00095439758578108,-1.67250106321744,-0.426949718064852,0,0,0.251512452583449,0.61601212084639,0.00942721073193135,"GRB7"
91039,1.21271338446323,0.338680497066332,0.000342674428760978,0.548911807947101,1.87651496097937,0,0,0.529847162577716,0.466671122588591,0.00409599230761016,"DPP9"
641649,3.54391225892408,1.0025980861946,0.000408193981787208,1.57885611901388,5.50896839883428,1.61396774944357,78.2722644219323,4.60241241618117,0.0319270002194769,0.0047120543291412,"TMEM91"
2014,1.41082897396007,0.294021201253178,1.59944528940256e-06,0.834558008812639,1.9870999391075,0,0,0.925678284889993,0.33598844375726,4.51157339686501e-05,"EMP3"
79760,1.17155448115166,0.310443577046294,0.00016077445726783,0.563096250909138,1.78001271139418,0,0,0.0308226225789168,0.860636700555884,0.00222880023872746,"GEMIN7"
115704,-1.00907667677811,0.303406652206559,0.000881580429403886,-1.60374278777283,-0.414410565783381,0,0,0.0871270729044986,0.767861761427068,0.00885059488432806,"EVI5L"
79180,0.810244568641762,0.20853223518461,0.000102134474626677,0.40152889806429,1.21896023921923,0,0,0.137321293716811,0.710958665565466,0.00152163438827789,"EFHD2"
127703,1.30253267189529,0.395904683997541,0.00100181751620511,0.526573749949394,2.07849159384118,0.0768651994680215,14.8867705685518,1.1749054837655,0.278395583489515,0.00979514544669582,"C1orf216"
10733,1.15673301966875,0.32210892544899,0.00032925521519802,0.525411126689831,1.78805491264767,0,0,0.696559178880324,0.403942280942873,0.00398863258446982,"PLK4"
3339,1.50606256497084,0.4813223077025,0.00175396027799629,0.562688176918231,2.44943695302344,0.18524259592913,33.5202509521752,1.50421747121911,0.220023573717138,0.0153271640546203,"HSPG2"
6202,1.18648874279159,0.306006458213734,0.000105608046770878,0.586727105656011,1.78625037992717,0,0,0.335135988272518,0.562650368473706,0.00156991542956092,"RPS8"
284612,-1.54777351128882,0.386315573319873,6.16250127168787e-05,-2.30493812166271,-0.790608900914926,0,0,0.584951059860037,0.444378180879919,0.0010059201531013,"SYPL2"
90874,-1.28669528935863,0.38839784691684,0.000923577363957828,-2.04794108098854,-0.525449497728725,0,0,0.455263973594285,0.499845719497817,0.00917656123673058,"ZNF697"
223,-1.26173426298372,0.315714954734635,6.43035547420044e-05,-1.88052420364429,-0.642944322323138,0.0240609785680686,7.2280699818963,1.0779122519116,0.299165069358283,0.00104220093720607,"ALDH9A1"
2212,1.31050216888204,0.448820489387586,0.0035016569645571,0.430830174158728,2.19017416360535,0.162530976651302,27.3067787404418,1.37564408712802,0.240844513475981,0.0264497707860635,"FCGR2A"
83540,1.87238439268762,0.41298683736233,5.79420737715401e-06,1.06294506536835,2.68182372000689,0,0,0.0603183017648406,0.805993557124994,0.000137541017722126,"NUF2"
8490,2.31200788698398,0.491517574933985,2.55344269468719e-06,1.3486511423449,3.27536463162306,0.230679411930822,40.9731980551948,1.69414565426581,0.19305538102509,6.72423200243504e-05,"RGS5"
9213,-0.679928925854851,0.179512582969037,0.000152085380985226,-1.03176712324592,-0.328090728463781,0,0,0.408789836717625,0.522584376332996,0.00213823481942003,"XPR1"
127018,-0.832407719026866,0.185206313243953,6.97372409194505e-06,-1.19540542269446,-0.469410015359274,0,0,0.367567997717801,0.544332911260317,0.000160455156880026,"LYPLAL1"
57530,-2.4482817337728,0.561897394015884,1.31755719472559e-05,-3.54958038905085,-1.34698307849476,0.316457417016562,41.9947849266646,1.72398291901118,0.18918116211259,0.000272046304080935,"CGN"
8416,-2.02819271192252,0.379192484611342,8.85806688960782e-08,-2.77139632496901,-1.28498909887603,0,0,0.245203888083506,0.620472599685525,3.65239498081291e-06,"ANXA9"
8991,-2.81943724755396,0.350648345695389,8.93701817211896e-16,-3.50669537635547,-2.13217911875244,0,0,0.685638023172893,0.407652025393572,1.74634515963304e-13,"SELENBP1"
10500,-1.414681609569,0.422587850713205,0.000814961177655828,-2.24293857727107,-0.586424641866932,0,0,0.919433269036447,0.337623821315976,0.0083432965515061,"SEMA6C"
56950,1.33213632846333,0.235937472027451,1.64088903958029e-08,0.869707380686098,1.79456527624056,0,0,0.458332819516724,0.498404164570171,8.44431561857292e-07,"SMYD2"
51097,-0.875347860371846,0.265317279208973,0.000969437590820241,-1.39536017209759,-0.355335548646101,0,0,0.153805547712976,0.694924848210336,0.00955477122589862,"SCCPDH"
8560,0.923048514005821,0.280742745449752,0.00100944784860165,0.372802844003412,1.47329418400823,0,0,0.0601441464120484,0.806268256152838,0.00986259807441741,"DEGS1"
29097,0.790582688403801,0.17153617660943,4.04922960566362e-06,0.454377960203616,1.12678741660399,0,0,0.108653603866901,0.741682225996068,0.000101479112961269,"CNIH4"
3707,-0.823579170690995,0.26145162749236,0.00163256475153934,-1.3360149442754,-0.311143397106586,0,0,0.790140853816617,0.374057537800193,0.0144624642214224,"ITPKB"
129642,-1.39305473850142,0.253372074344636,3.83993390975971e-08,-1.88965487890511,-0.896454598097733,0,0,0.114522940496061,0.735052444291772,1.76101458861531e-06,"MBOAT2"
2052,-1.92151238152027,0.407123086073318,2.36154074034794e-06,-2.71945896749877,-1.12356579554177,0,0,0.908372913783646,0.340546501443829,6.31759004010145e-05,"EPHX1"
55224,-2.65367008227417,0.71693340178792,0.000214398081846378,-4.05883372909228,-1.24850643545607,0.498753122789209,46.2058565785762,1.85893842042616,0.172747371771165,0.00283319816846253,"ETNK2"
8497,1.9539538552922,0.381281046460564,2.97999933310422e-07,1.20665673624175,2.70125097434265,0,0,0.000666296826941231,0.97940671129918,1.06576474822929e-05,"PPFIA4"
151449,-1.62019530006751,0.351981582578917,4.16311426016311e-06,-2.31006652514359,-0.930324074991418,0,0,0.0410407614891644,0.839459262240476,0.000103563227988523,"GDF7"
245973,-3.51568471514779,0.998514194636793,0.000430058647710996,-5.47273657468792,-1.55863285560766,1.6454891395817,81.3730013115359,5.36855140607977,0.0205029981820725,0.0049139667348198,"ATP6V1C2"
130589,-2.16770693947429,0.797387466333749,0.0065576390494323,-3.73055765521209,-0.604856223736503,1.00194075296643,76.653660642154,4.2833267548813,0.0384879479473234,0.0430640123548856,"GALM"
79823,-1.01710658539717,0.287635977703324,0.000406096954622833,-1.58086274235365,-0.453350428440687,0,0,0.0870220282637531,0.767997727441619,0.00469588785521412,"CAMKMT"
9027,-2.44044019400488,0.765185456993093,0.00142595726087077,-3.94017613120517,-0.940704256804597,0.520779518983287,44.3481746082774,1.79688625298666,0.180089387995812,0.0130082420489314,"NAT8"
94097,-1.11857379161051,0.270145104167027,3.46337213818278e-05,-1.6480484663777,-0.589099116843317,0,0,0.781625285023654,0.376644530346279,0.000623453224821341,"SFXN5"
7851,1.49576466552516,0.30002009838696,6.17863688493798e-07,0.907736078048555,2.08379325300176,0,0,0.512496880861819,0.474059968581018,1.99297993109136e-05,"MALL"
128966597,1.49576466552516,0.30002009838696,6.17863688493798e-07,0.907736078048555,2.08379325300176,0,0,0.512496880861819,0.474059968581018,1.99297993109136e-05,"LOC128966597"
129804,1.72097085986615,0.383514817253942,7.21095709062432e-06,0.969295630510959,2.47264608922133,0,0,0.710245034302195,0.399362478450504,0.000164509872170707,"FBLN7"
8502,-1.1549104149884,0.403182079124545,0.00417683366809811,-1.94513276928449,-0.364688060692314,0.157113523366563,32.386557898788,1.4789958459785,0.223931697618588,0.0301478845540508,"PKP4"
79634,-0.651528831051711,0.236942880566246,0.00596444772221112,-1.11592834335473,-0.187129318748694,0,0,0.220999643158465,0.638279293820424,0.0401090516900611,"SCRN3"
80856,0.635805208927714,0.190684340924792,0.000855040360024352,0.262070768299366,1.00953964955606,0,0,0.0733574305061957,0.786509656572141,0.00864854401666042,"LNPK"
151126,-1.99751765928511,0.467965848476146,1.96781583589665e-05,-2.91471386829308,-1.08032145027714,0,0,0.143529803608188,0.704796823681813,0.00038620176004941,"ZNF385B"
79582,-0.845273292604181,0.28972320178607,0.00352826798650904,-1.41312033359051,-0.277426251617853,0,0,0.269881804867208,0.603411069590356,0.026563873042819,"SPAG16"
285362,-0.593699574088771,0.18988474455989,0.00176821564293257,-0.965866834639743,-0.221532313537798,0,0,0.172629805844349,0.677785113968176,0.0154209906297929,"SUMF1"
100130207,-0.593699574088771,0.18988474455989,0.00176821564293257,-0.965866834639743,-0.221532313537798,0,0,0.172629805844349,0.677785113968176,0.0154209906297929,"LOC100130207"
152330,-1.27065352928054,0.334384460654544,0.000144709047123825,-1.92603502915329,-0.615272029407779,0,0,0.95825355716475,0.327627285371425,0.00205380219196899,"CNTN4"
2803,-0.678972702395313,0.154448837686884,1.10212625460773e-05,-0.981686861715678,-0.376258543074948,0,0,0.240979146264575,0.623499816517365,0.000235126080551836,"GOLGA4"
10217,-1.04877831511668,0.297794044175051,0.000428588020835783,-1.63244391651031,-0.465112713723053,0,0,0.0297982409698872,0.862948817368719,0.00490248302274776,"CTDSPL"
55347,-1.15482762987029,0.235707181205104,9.61217368196488e-07,-1.61680521592975,-0.692850043810835,0,0,0.101862403737176,0.749606021101231,2.92552906893753e-05,"ABHD10"
51365,2.20309819256087,0.600721759051299,0.0002450114479622,1.02570518009077,3.38049120503096,0.284250348348025,38.5086514760352,1.62624503121813,0.202223201132971,0.00314318682480908,"PLA1A"
141,1.04443299440122,0.30564621422362,0.000632849409358769,0.445377422511907,1.64348856629052,0,0,0.480533078002179,0.488180953379889,0.00680991753973638,"ADPRH"
185,-2.02076743285346,0.681915398250503,0.00304290854484989,-3.35729705392773,-0.68423781177919,0.39940998968217,37.725972472815,1.60580588683374,0.205082368697364,0.0237199277404677,"AGTR1"
7873,0.970033299105327,0.257936418129543,0.000169407522808524,0.464487209270158,1.4755793889405,0,0,0.602735698665259,0.437536132698982,0.00232836047913082,"MANF"
55840,-1.78997817036954,0.334822229200865,8.98917286716558e-08,-2.44621768082665,-1.13373865991243,0,0,0.969731370388328,0.324747183479705,3.68392151270497e-06,"EAF2"
9353,-1.5496876009585,0.48319176456566,0.00134038623925501,-2.49672605713355,-0.602649144783449,0,0,0.368228493921415,0.543971477679497,0.0123868592624231,"SLIT2"
10699,-1.32028942027907,0.392353914557759,0.000765305810719166,-2.08928896200558,-0.551289878552557,0,0,0.663873074544799,0.415195923115318,0.00796804497754943,"CORIN"
79966,-2.39449502727315,0.316297674434676,3.7212101880475e-14,-3.01442707755889,-1.77456297698741,0,0,0.0382363020338248,0.844969405024643,5.83407871691215e-12,"SCD5"
890,1.16449268602255,0.394918085117478,0.00319119521736459,0.390467462348773,1.93851790969634,0.0719715453192025,7.85702905751909,1.0852699774834,0.297521610277792,0.0246431186229821,"CCNA2"
54532,-1.06782597026435,0.34143138248248,0.00176301011618102,-1.73701918312173,-0.398632757406969,0.0602838735075526,13.9237600683116,1.16176078415323,0.281100668426624,0.0153955086764694,"USP53"
6189,0.692083700142707,0.214173538493207,0.00123178722136774,0.272311278254519,1.11185612203089,0,0,0.463866453212715,0.495822503277205,0.0115736495510113,"RPS3A"
285533,1.85109301592756,0.529221245351577,0.000469169468629777,0.813838435185037,2.88834759667009,0.0304683527610476,2.51401200802682,1.02578844467611,0.311149897660279,0.00530244085962723,"RNF175"
84869,-0.76120204593377,0.246837438072218,0.00204361707172185,-1.24499453459145,-0.277409557276087,0.0188671585068529,5.43560206729703,1.05748042800595,0.303790545100722,0.0172217425470739,"CBR4"
170690,-2.0147296318541,0.343563581640889,4.51270980206344e-09,-2.68810187826983,-1.34135738543837,0,0,0.100020307136633,0.751805266051722,2.74075974149646e-07,"ADAMTS16"
9180,2.04500633677692,0.724779821994534,0.00477913993644593,0.624463988946286,3.46554868460756,0.651316985962752,59.235380131141,2.45310762915742,0.117292449704642,0.0336486390407835,"OSMR"
3001,2.11462360880738,0.783125852563762,0.00692905737610792,0.579725142420183,3.64952207519458,0.733377366962865,56.5375371158341,2.30083601719753,0.129304385494625,0.0448509268372843,"GZMA"
10184,2.28916657086315,0.686013874785733,0.00084715370584555,0.944604083388348,3.63372905833796,0.617697462148684,59.2410060777433,2.45344623056052,0.117267156537355,0.00857520526720386,"LHFPL2"
635,-2.32963897885866,0.436589051131063,9.50196387971078e-08,-3.18533779512006,-1.47394016259726,0,0,0.507047229488796,0.47641988918006,3.87054317190756e-06,"BHMT"
10788,-1.56159456601272,0.456960711531214,0.000632339906868816,-2.4572211029637,-0.665968029061746,0.164386254953331,27.5536108328348,1.38033104409464,0.240044766539369,0.00680991753973638,"IQGAP2"
1393,-4.21077843451597,0.513808119059101,2.50103426821856e-16,-5.21782384283608,-3.20373302619587,0,0,0.00545671937406722,0.941114136970627,5.35261032355411e-14,"CRHBP"
167410,-1.15109616606532,0.412769878168657,0.005291815814186,-1.96011026117888,-0.342082070951771,0,0,0.609333810411004,0.4350387525931,0.0364400166612205,"LIX1"
5066,0.748686651240092,0.186027475413819,5.7071621394628e-05,0.384079499294096,1.11329380318609,0,0,0.722000265214217,0.395488568726023,0.000939556375169438,"PAM"
25816,1.08399040888129,0.277500245475892,9.37324392773254e-05,0.540099922047515,1.62788089571506,0,0,0.936246310649123,0.333245067803952,0.00141840008841322,"TNFAIP8"
56929,0.985851845060353,0.249425863851751,7.73439608779665e-05,0.49698613509813,1.47471755502258,0,0,0.044352590369308,0.833198985491199,0.0012125914238577,"FEM1C"
9140,0.611329674972431,0.16726322679691,0.000257286394475031,0.283499774512532,0.939159575432331,0,0,0.460461663381231,0.497408293211482,0.00326647123983695,"ATG12"
23092,0.864428698980955,0.324894089196768,0.00779905214155971,0.227647985365346,1.50120941259656,0,0,0.446543330267383,0.5039810590625,0.0485254360981308,"ARHGAP26"
153328,-3.36532489612173,0.60533499604985,2.70638270503496e-08,-4.55175968696113,-2.17889010528232,0.309170410533532,34.8689291494223,1.53536551286586,0.21530895968156,1.28940487674864e-06,"SLC25A48"
54540,0.79916289404804,0.290553068345751,0.00595064671683967,0.229689344492763,1.36863644360332,0,0,0.456984271432499,0.499036760780378,0.0400562005407635,"FAM193B"
4594,-1.44719731221557,0.424449652682803,0.000650617193740787,-2.2791033447244,-0.615291279706739,0.149506701914229,31.7818693962981,1.46588596191426,0.225995919654341,0.0069676502170032,"MMUT"
79930,1.83511464788389,0.612140723377612,0.00271878954523304,0.635340876593479,3.03488841917431,0.415395996572673,44.4092826791707,1.79886147938823,0.1798501974323,0.0217332740572245,"DOK3"
51557,-1.45888007758548,0.385294312578947,0.000152842864468635,-2.21404305368833,-0.703717101482628,0,0,0.959879423052855,0.327217258933465,0.00214664618919854,"LGSN"
51302,-3.38054058265065,1.26401037223628,0.00748505166785157,-5.85795538831882,-0.903125776982482,2.41468152490939,71.9771378124299,3.56851485514411,0.0588849536309255,0.0471656269655517,"CYP39A1"
221322,-1.00211233819395,0.301760505797109,0.000897320755886425,-1.59355206151288,-0.410672614875028,0,0,0.284162580783338,0.593985802961795,0.00894865070385849,"TBC1D32"
154091,-4.13705805484585,0.464211545452532,5.0115496820843e-19,-5.04689596514049,-3.2272201445512,0,0,0.963234646299169,0.326373254305183,1.5356982809896e-16,"SLC2A12"
79624,-1.09094495627155,0.375980867781731,0.00371265823330537,-1.82785391599986,-0.35403599654324,0,0,0.613641305911921,0.433420079000247,0.0276019116098349,"DCPH1"
6581,-2.15654099043915,0.502928883339986,1.80318236974272e-05,-3.14226348857047,-1.17081849230783,0,0,0.39149522059913,0.531514495710437,0.000358588611965209,"SLC22A3"
9586,1.20032058941114,0.450836300736652,0.00775784493674551,0.316697677044034,2.08394350177824,0.175097917145654,27.3647243706885,1.37674152309055,0.240656965162373,0.0483359626996949,"CREB5"
1956,1.6994851062454,0.337217517433913,4.66190027858738e-07,1.03855091711892,2.36041929537187,0,0,0.00473671600103051,0.945129870135302,1.54818722798506e-05,"EGFR"
3486,3.91104149839913,0.999800919446139,9.16030763087073e-05,1.95146770457466,5.87061529222359,1.57306715597895,78.5597133222113,4.66411673980068,0.0307992613270264,0.00139557545522068,"IGFBP3"
55281,1.54363857098586,0.525914140874646,0.00333383049092164,0.512865795911229,2.57441134606049,0.354148053712915,55.4147161281389,2.24289252676739,0.134229676081468,0.0255543129670816,"TMEM140"
57393,-2.08143185692162,0.465209166269883,7.67033240635601e-06,-2.99322506808849,-1.16963864575474,0,0,0.00334804784653396,0.953858298673122,0.000173521966165936,"CLTRN"
8473,0.707411102575353,0.239131819346648,0.00309393617020001,0.238721349098384,1.17610085605232,0,0,0.083858478426088,0.7721350566694,0.0240158557183689,"OGT"
3561,1.86366879812128,0.456306523689268,4.4219872099927e-05,0.969324445779642,2.75801315046292,0,0,0.84579891747472,0.357743526763479,0.000762425237242091,"IL2RG"
2719,-3.77233673115724,0.409405199663643,3.13641316002389e-20,-4.57475617758141,-2.96991728473307,0,0,0.00761283560338018,0.930471552619526,1.03142094235615e-17,"GPC3"
9258,-1.25122736309486,0.370183136453734,0.000724798727200945,-1.97677297822825,-0.525681747961465,0.0974030591868142,21.0684344453097,1.2669202656409,0.260345232014274,0.00760502820143995,"MFHAS1"
55790,0.856809543386845,0.261268098297743,0.00104018276102655,0.344733480413998,1.36888560635969,0,0,0.574255433837179,0.44857285811711,0.0101188918953254,"CSGALNACT1"
526,-1.12364826793388,0.390584307674809,0.0040168015855107,-1.88917944390302,-0.358117091964745,0.114320834608247,27.4798553050929,1.37892719906587,0.240283968886271,0.0292274882770862,"ATP6V1B2"
115111,-4.40073643983777,0.416558913713741,4.35284351384595e-26,-5.21717690815583,-3.58429597151971,0,0,0.656928788616423,0.4176462947752,2.25728419604557e-23,"SLC26A7"
245972,-3.95053963743376,0.655531066601155,1.67577296880065e-09,-5.23535691871915,-2.66572235614837,0.0828031909371557,9.63452905179526,1.10661737221862,0.292818440489415,1.08627148742015e-07,"ATP6V0D2"
1807,-2.08972903413043,0.437740413072212,1.80691972641117e-06,-2.94768447832965,-1.23177358993121,0,0,0.00226346529915432,0.962054247342983,5.03361542793425e-05,"DPYS"
55630,-2.68373915172939,0.905441709836081,0.0030365747135496,-4.45837229310848,-0.909106010350311,1.23382314604957,73.2934501481254,3.74439980284389,0.0529847531865905,0.0236933662400401,"SLC39A4"
7436,1.01134081741432,0.218872455312202,3.82473883552456e-06,0.582358687794551,1.44032294703409,0,0,0.29458966881277,0.587294263469671,9.63905676997712e-05,"VLDLR"
50808,-1.0018712474536,0.267648442387742,0.000181665558068751,-1.52645255505182,-0.477289939855383,0,0,0.566490582108433,0.45165684533965,0.00245184856800897,"AK3"
123,1.87410195742866,0.304639340065456,7.65740953463145e-10,1.27701982262631,2.471184092231,0,0,0.283994008647716,0.594095271675866,5.31586081836854e-08,"PLIN2"
54801,0.75703233977298,0.236883233501404,0.00139441893457931,0.292749733568837,1.22131494597712,0,0,0.168123932864486,0.681784538347366,0.0127810676376158,"HAUS6"
1030,2.53826876019249,0.325259927834456,6.00625544182534e-15,1.90077101602286,3.17576650436212,0,0,0.0491152634929165,0.824609994504736,1.09435597462339e-12,"CDKN2B"
1029,4.91039579355111,1.38303001889076,0.000384555365792243,2.19970676698747,7.62108482011476,3.10515654638235,80.3077640338978,5.07814349635753,0.0242293002571154,0.00446594314985083,"CDKN2A"
414328,-2.21777434544149,0.543726660404436,4.52608670468746e-05,-3.28345901726842,-1.15208967361455,0.325589372173762,48.263003797045,1.93285283915049,0.164446667621013,0.00077350894779584,"IDNK"
53358,-1.19441289916704,0.375960024221876,0.00148823547532279,-1.93128100626873,-0.457544792065361,0,0,0.562392948795529,0.453297690782514,0.0133861767270028,"SHC3"
549,-1.78990181122213,0.663717769328217,0.0070013190454968,-3.0907647350047,-0.489038887439556,0.579679346673328,60.5575509919306,2.53533952669981,0.111322938196384,0.045129169552477,"AUH"
7357,0.848477711606122,0.214770519390052,7.79474829125753e-05,0.427535228660659,1.26942019455158,0,0,0.588727125162689,0.44291175404247,0.00121921799548753,"UGCG"
2649,-0.947531999831751,0.349840346175207,0.00675942709292046,-1.63320647867418,-0.26185752098932,0,0,0.0105113464415362,0.918340083234305,0.0440583576411017,"NR6A1"
210,-1.68810367685216,0.406727023723054,3.31809770985143e-05,-2.48527399488851,-0.890933358815806,0.0774068201370427,17.3946522402873,1.21057537692216,0.271218199900431,0.000603750491523978,"ALAD"
54107,0.652894882456226,0.242834489390057,0.00717434251317472,0.176948029047541,1.12884173586491,0,0,0.381204382809892,0.536959374884558,0.0459084530420124,"POLE3"
23412,0.841871489102226,0.267519694358104,0.00164982355678627,0.317542523005179,1.36620045519927,0,0,0.00364540294470073,0.951855239283351,0.0145770452268344,"COMMD3"
221061,-2.08425629696589,0.319599922961349,6.96289299863588e-11,-2.71066063543191,-1.45785195849987,0,0,0.000874826549661588,0.976404036239474,5.72443209150046e-09,"FAM171A1"
6935,0.722573829212562,0.227092193364417,0.00146336400064813,0.277481309048098,1.16766634937702,0,0,0.00495668885601834,0.943872301829662,0.0132112444158735,"ZEB1"
133,2.4589499192051,0.372937341953252,4.29673368322528e-11,1.72800616048663,3.18989367792357,0,0,0.0140124210960357,0.90577126828103,3.73944972227524e-09,"ADM"
2620,-1.48272193571482,0.384908289927968,0.000117088408649337,-2.23712832132454,-0.728315550105105,0,0,0.439011035092174,0.507600173204552,0.00171784876367683,"GAS2"
159963,-5.00578211416188,1.56275353350118,0.001359186210076,-8.0687227565369,-1.94284147178687,4.47721618582466,91.6213831159437,11.935144115527,0.000550848667087795,0.0125091519934845,"SLC5A12"
85456,0.946157170576629,0.335942763979094,0.00485615725432519,0.287721452310765,1.60459288884249,0,0,0.726960746826592,0.393870106119704,0.0340486574415322,"TNKS1BP1"
10249,-3.83620934465519,0.545846878460811,2.09521820597883e-12,-4.90604956751199,-2.76636912179839,0,0,0.122791669319686,0.726026203210869,2.37393504800106e-10,"GLYAT"
6749,0.501346676533787,0.189139120373686,0.00803306735286669,0.130640812533776,0.872052540533798,0,0,0.00568501780113633,0.93989720945614,0.0497062171265266,"SSRP1"
8501,-0.811646808514081,0.29675562913833,0.00623674012214818,-1.39327715383473,-0.230016463193429,0,0,0.727466071645005,0.393705768353004,0.0414236290970068,"SLC43A1"
6188,1.03586668958705,0.349942843634119,0.00307536694058214,0.349991319416643,1.72174205975745,0.0812518942131037,21.9672442367418,1.28151311615071,0.257617886429621,0.0239130175662451,"RPS3"
91894,-1.41807319430358,0.266296340917416,1.00858857375285e-07,-1.94000443171651,-0.896141956890642,0,0,0.111277585414072,0.738694284917345,4.0593432059432e-06,"C11orf52"
9376,-8.43230451994553,1.6566482465136,3.58103472920149e-07,-11.6792754181636,-5.18533362172743,4.95710763709921,90.2707504874863,10.2782850693037,0.00134604998950469,1.25410626633308e-05,"SLC22A8"
26007,-2.1348733109003,0.733338282888698,0.00360076628620128,-3.57218993384659,-0.697556687954004,0.821377381934354,72.8937045320517,3.6891798851025,0.0547665384855007,0.0269717399093622,"TKFC"
6094,1.10241758221769,0.349438123986926,0.00160592113309296,0.417531444378076,1.78730372005731,0,0,0.0724887597771508,0.78774702685229,0.0142733254037524,"ROM1"
10205,1.65459812846549,0.338292565788589,1.00311118530224e-06,0.991556883282206,2.31763937364877,0,0,0.191462537020523,0.661702138191744,3.03931418234383e-05,"MPZL2"
128853,-2.52289574795063,0.447772144199167,1.75740851345418e-08,-3.40051302386127,-1.64527847203998,0,0,0.649664817584511,0.42023254148986,8.97543143443284e-07,"DUSP15"
79980,0.807149646732582,0.237173934126062,0.000666022137609908,0.342297277773826,1.27200201569134,0,0,0.000785747579313132,0.977637275369354,0.00709318837392921,"DSN1"
740,-0.959544238544711,0.285480646538306,0.000776177116624826,-1.519076024043,-0.400012453046421,0,0,0.109052026664467,0.741225981623513,0.00803778499497122,"MRPL49"
10435,-1.15969552018417,0.324239123327759,0.000348002420536615,-1.79519252428542,-0.524198516082924,0,0,0.751672630031104,0.38594718237699,0.0041413209497751,"CDC42EP2"
226,1.60632746085763,0.280604809458069,1.03727422274685e-08,1.05635214043109,2.15630278128417,0,0,0.640864192043186,0.423398033885606,5.75537791987478e-07,"ALDOA"
8448,1.9241125427065,0.499562264059611,0.000117350005539987,0.944988497114371,2.90323658829862,0,0,0.832455425004668,0.361563476916983,0.00171981535293005,"DOC2A"
143098,-1.80638273661428,0.27035345489277,2.36412504441858e-11,-2.33626577130008,-1.27649970192848,0,0,0.510471968408807,0.474934615926788,2.15374986310106e-09,"MPP7"
3688,0.645569609933719,0.241632425571895,0.00754678442429283,0.17197875831575,1.11916046155169,0,0,0.407500612175618,0.523240829640425,0.0474153282352005,"ITGB1"
2823,-2.07026080661603,0.419911180216513,8.21307491509897e-07,-2.8932715965461,-1.24725001668596,0,0,0.140782600703267,0.707504237572938,2.55743392795103e-05,"GPM6A"
116966,-0.969705105543325,0.28464364334527,0.000657452277815097,-1.52759639492832,-0.411813816158331,0,0,0.00671526748900425,0.934689069685323,0.00702968204740757,"WDR17"
7424,1.9511286069338,0.282085401714816,4.61956072830234e-12,1.39825137900825,2.50400583485935,0,0,0.0796275548215439,0.777802772646614,4.71860131058337e-10,"VEGFC"
341640,-3.14222203088349,0.95197535881985,0.000964306018491174,-5.00805944833999,-1.27638461342699,1.39624772412628,74.1672293657523,3.87105206080471,0.0491257185313165,0.00951114707192136,"FREM2"
9871,1.27374882231399,0.262314892455971,1.19901287671971e-06,0.759621080491792,1.78787656413619,0,0,0.390833727189573,0.531861484664496,3.55342902912069e-05,"SEC24D"
7316,1.12345799908744,0.360014783928537,0.00180490046756221,0.41784198868554,1.82907400948934,0,0,0.273334682935137,0.601103560088474,0.0156901824655972,"UBC"
7068,-1.82768621238507,0.348291982218419,1.54119326173915e-07,-2.51032595363724,-1.14504647113291,0,0,0.0110657542234946,0.916221959915515,5.97123814598534e-06,"THRB"
144110,-1.45508654127077,0.353868012352284,3.92336235897392e-05,-2.14865510076202,-0.761517981779522,0,0,0.298183703952373,0.585023322024497,0.000692391291702164,"TMEM86A"
253430,0.72837884160953,0.272951568119322,0.00761844784578782,0.193403598571927,1.26335408464713,0.0224913773272476,4.98540677702028,1.05246990602086,0.30493893035581,0.047709954623668,"IPMK"
196463,0.980993730092845,0.309802880960594,0.00154280367593702,0.373791241103331,1.58819621908236,0,0,0.971458871210673,0.324316609968634,0.0137759085845423,"PLBD2"
283464,0.683256251751133,0.257812604716084,0.0080442946072942,0.177952831747147,1.18855967175512,0,0,0.418031360627051,0.517920995095448,0.0497300431866794,"GXYLT1"
283635,-0.739380751439458,0.207961168532809,0.000377434756723018,-1.14697715194663,-0.331784350932288,0,0,0.0169281259603093,0.896480876565661,0.00440220832603499,"FAM177A1"
101927178,-0.739380751439458,0.207961168532809,0.000377434756723018,-1.14697715194663,-0.331784350932288,0,0,0.0169281259603093,0.896480876565661,0.00440220832603499,"LOC101927178"
145282,-0.830796411918221,0.303212053737526,0.00614420298173349,-1.4250811169222,-0.236511706914246,0,0,0.150978258420013,0.697602247039363,0.0409502169069267,"MIPOL1"
80224,-0.553667001795089,0.205652249815038,0.00709719996269242,-0.956738004772198,-0.15059599881798,0,0,0.31340016056549,0.575601167456185,0.0455891124806965,"NUBPL"
127124,-6.61223060885788,1.67981480476709,8.27525280807724e-05,-9.90460712689856,-3.3198540908172,4.6022066001864,80.6512108802927,5.16828207601618,0.0230029532826393,0.00127806682258082,"ATP6V1G3"
57182,0.56861371065235,0.1946960230833,0.00349447298258916,0.187016517475903,0.950210903828797,0,0,0.0436606440774273,0.834486259497796,0.0264251145396801,"ANKRD50"
5800,-2.37769397275117,0.447080662518091,1.04760727498896e-07,-3.25395596947093,-1.5014319760314,0,0,0.358887204193133,0.549124904204826,4.19136168803446e-06,"PTPRO"
27034,-1.20990168928729,0.277879523308894,1.33644433516464e-05,-1.75453554701388,-0.665267831560697,0,0,0.884861077284359,0.346873717158225,0.000275524143287842,"ACAD8"
2313,0.853427193190159,0.256759320191724,0.000887867547381771,0.350188172919393,1.35666621346093,0,0,0.137157244527954,0.711123612347613,0.00887406830344583,"FLI1"
3758,-7.9785062214119,1.05377905834127,3.69429774416888e-14,-10.0438752234233,-5.91313721940048,1.61626496555505,70.5077251314018,3.39071843204862,0.0655643754986481,5.83407871691215e-12,"KCNJ1"
120224,-2.24243896809944,0.37714746838795,2.75129705039944e-09,-2.98163442300029,-1.50324351319861,0,0,0.00151215338541271,0.968980946469826,1.71739528382109e-07,"TMEM45B"
636,1.49408829621184,0.523513864701656,0.00431777943410187,0.468019975989219,2.52015661643446,0.270684123527023,38.1059441875218,1.61566403570275,0.203697437378319,0.030904455535443,"BICD1"
2555,-3.10088995628034,1.05251570633697,0.00321735760063091,-5.16378283386353,-1.03799707869714,1.54675910517414,64.9073485911372,2.8495994456191,0.0913967054365208,0.0248025343220735,"GABRA2"
26278,1.24342550670503,0.321144223646318,0.00010800794096847,0.613994394515173,1.87285661889489,0,0,0.699889143703881,0.402820946073089,0.00159854123828527,"SACS"
23704,0.912452076766464,0.316418461006534,0.00393048123952715,0.292283289150066,1.53262086438286,0,0,0.243799527911767,0.621475263356655,0.0287186727057549,"KCNE4"
80097,0.652406980327195,0.237748047566867,0.00606750584500532,0.18642936970142,1.11838459095297,0,0,0.238408724660515,0.625357787251209,0.0406335488840645,"MZT2B"
81615,1.54811789519362,0.430844638519842,0.000326621476605918,0.703677920762554,2.39255786962469,0,0,0.823423230397842,0.364181191130014,0.00396385001717155,"TMEM163"
26353,1.53370528785678,0.469380036442921,0.00108496951363067,0.613737321366555,2.453673254347,0,0,0.52887102007442,0.467081893140591,0.0104714702593288,"HSPB8"
130733,-2.44577055873249,0.353426208693355,4.51091956344745e-12,-3.13847319896401,-1.75306791850098,0,0,0.672252065012879,0.412267534890168,4.64280370030244e-10,"TMEM178A"
5163,1.60966026290553,0.297863979595076,6.51668957157923e-08,1.02585759060741,2.19346293520365,0,0,0.0453569801758004,0.831348972016331,2.78052295865832e-06,"PDK1"
143884,-0.961186671290276,0.334586064943518,0.00406898455640798,-1.61696330830855,-0.305410034272002,0,0,0.209403101933111,0.647235649309581,0.0295116292490849,"CWF19L2"
133746,-0.926207870236166,0.242427200845441,0.000133148553832726,-1.40135645276609,-0.451059287706244,0,0,0.664997179097906,0.414801274768625,0.00190780228621323,"JMY"
9456,-0.910478910980022,0.270231841448355,0.000753727486827496,-1.44012358769474,-0.380834234265309,0,0,0.0833551332687759,0.772801097230202,0.00785963472923058,"HOMER1"
678,-0.568411708331479,0.156058067472544,0.000270203420144744,-0.874279900074587,-0.26254351658837,0,0,0.120236839917871,0.728777759411612,0.0033858296596762,"ZFP36L2"
130271,-1.28026195314289,0.427272411547561,0.00273223685958519,-2.11770049136368,-0.442823414922093,0.0889000553936829,15.3524046910484,1.1813684681179,0.277077578660806,0.021810982580099,"PLEKHH2"
114908,0.896568217751798,0.219350546743518,4.36279235062869e-05,0.466649046145334,1.32648738935826,0,0,0.0686881996769789,0.793256422135456,0.000754147811070854,"TMEM123"
4154,0.901890527275326,0.240451299556965,0.000176254325108991,0.430614640107824,1.37316641444283,0,0,0.117925148232029,0.73129582006441,0.00239614221091183,"MBNL1"
2697,2.26915843239806,0.586013494077643,0.000107859670989099,1.1205930895514,3.41772377524472,0.39598021452329,53.0482769219162,2.1298472866202,0.144455147173877,0.00159810103730332,"GJA1"
25780,0.619710954792693,0.212784509498747,0.00358677326108315,0.202660979707129,1.03676092987826,0,0,0.851616780594743,0.356095360426763,0.0268968097214594,"RASGRP3"
79819,-0.905698753808444,0.281905296983095,0.00131458478424951,-1.45822298294638,-0.353174524670509,0,0,0.0583237810583294,0.809165159980767,0.0122154008587431,"DNAI4"
387700,-1.88507745445614,0.359311429433736,1.55132827438343e-07,-2.58931491537987,-1.18083999353241,0,0,0.849247380973659,0.356765337241387,5.99328341647904e-06,"SLC16A12"
53354,-2.1901143118119,0.759966852827592,0.00395341554427604,-3.67962197279823,-0.700606650825564,0.84497253412735,68.1715614361618,3.14184435404929,0.0763074735346616,0.0288597194279772,"PANK1"
3087,1.17235865736809,0.39892338247639,0.00329478629980157,0.39048319512347,1.95423411961271,0,0,0.968528247791261,0.325047504098689,0.0253414738620791,"HHEX"
5796,0.721851163743677,0.227586909735586,0.00151517923596147,0.275789017309159,1.16791331017819,0,0,0.150588139032183,0.697973944050462,0.0136013060176222,"PTPRK"
55203,-1.3524026759355,0.472205464958826,0.00418310603876357,-2.27790838055778,-0.426896971313207,0.0188908678564394,2.37703039120031,1.02434908916135,0.311489609623587,0.0301608656260156,"LGI2"
3140,0.966411197630843,0.267871611404678,0.0003088754687642,0.441392486796966,1.49142990846472,0,0,0.207653039076502,0.648613179920507,0.00378172184080503,"MR1"
130013,-2.09836064005134,0.547857389582662,0.000128079742993271,-3.17214139229749,-1.02457988780519,0.233846246481312,35.7316972069642,1.55597698482923,0.212255240588795,0.00184892845265339,"ACMSD"
654,-1.41591083165448,0.414445530610002,0.000634554588582845,-2.22820914520368,-0.603612518105288,0,0,0.35730918789702,0.550004454716349,0.00682272688824761,"BMP6"
283349,1.00958601110538,0.252408821143313,6.33947548547413e-05,0.514873812284279,1.50429820992649,0,0,0.393749122563698,0.530335257770159,0.0010310633048329,"RASSF3"
84910,0.592380967303611,0.217534874147661,0.00646619040914975,0.166020448592741,1.01874148601448,0,0,0.00351639617834905,0.952713791199491,0.0425286074568615,"TMEM87B"
130940,-1.00470714783181,0.325256097294239,0.0020085001321333,-1.64219738428058,-0.36721691138305,0,0,0.116577070208584,0.732776999938502,0.0170180185900173,"CCDC148"
22925,-1.77253921766231,0.657522723481081,0.00702231932508934,-3.06126007470192,-0.4838183606227,0.563957202400102,61.5456652701312,2.60048706348641,0.106830878791261,0.045237425446813,"PLA2R1"
9481,-1.17417339871112,0.321693593419436,0.000262266388464969,-1.80468125587048,-0.543665541551749,0,0,0.86472249319061,0.352420501111303,0.00330480160343287,"SLC25A27"
266977,-3.92727370383383,1.1913415960427,0.000978928953491386,-6.26226032536198,-1.59228708230567,2.32443082794061,79.4990534430133,4.87782355424561,0.0272039002261523,0.00962720574757429,"ADGRF1"
51571,0.765425159236047,0.281639956675292,0.00657287726962161,0.213420987545054,1.31742933092704,0,0,0.0394482279196957,0.842563309164367,0.0431120500102479,"CYRIB"
50807,1.18791616664497,0.302638044824528,8.66561464224328e-05,0.594756498437281,1.78107583485267,0,0,0.0865127335758892,0.768658208194583,0.0013277100252428,"ASAP1"
79888,3.50490933958742,1.21433902577619,0.00389838544456244,1.12484858404463,5.88497009513021,2.58610733534498,87.2737154459362,7.85775295021732,0.00506032430556175,0.028558104408503,"LPCAT1"
146556,-3.6079817331171,1.34719591394683,0.00740318623395309,-6.24843720457241,-0.967526261661788,2.96862808806124,81.3775472725589,5.36986193299043,0.0204875991811256,0.0467663556212761,"C16orf89"
925,2.28004621970257,0.461791987111354,7.91758458944584e-07,1.37495055661513,3.18514188279,0,0,0.00158486790534461,0.968244285233335,2.5000654102927e-05,"CD8A"
221895,1.21543172250107,0.380272252588567,0.00139243508966295,0.470111803107559,1.96075164189458,0.119327630552775,22.9644508770187,1.29810199496804,0.254560207289275,0.0127715661999494,"JAZF1"
3773,-1.93133253121676,0.395350533493112,1.03368888214611e-06,-2.70620533813195,-1.15645972430156,0,0,0.449673236110527,0.502490170168223,3.12493883362691e-05,"KCNJ16"
55022,-1.49624195959196,0.364857122581159,4.11549384554559e-05,-2.21134877935395,-0.781135139829975,0,0,0.0210232753483106,0.884715567346265,0.00071784221888087,"PID1"
130888,-1.34874265912355,0.278059491133615,1.23116924773443e-06,-1.89372924730497,-0.803756070942135,0,0,0.0559688660118121,0.812984655014312,3.61652613664561e-05,"FBXO36"
23576,-1.20985413999928,0.248952839175837,1.17520772386814e-06,-1.69779273863292,-0.721915541365652,0,0,0.976960380492168,0.322950393154015,3.5128586668421e-05,"DDAH1"
10750,1.97375258883382,0.715367713223026,0.00579653749350605,0.571657635213915,3.37584754245373,0.528634463715604,40.650075767842,1.68492211731951,0.19427170068762,0.0392342946912359,"GRAP"
400581,1.97375258883382,0.715367713223026,0.00579653749350605,0.571657635213915,3.37584754245373,0.528634463715604,40.650075767842,1.68492211731951,0.19427170068762,0.0392342946912359,"GRAPL"
404550,1.95151736141378,0.408913647512416,1.82003993343971e-06,1.15006133950254,2.75297338332502,0,0,0.641324889757744,0.423231442252947,5.04930008694808e-05,"CLMB"
4900,-1.05710641019148,0.317341557990181,0.000864937816646828,-1.67908443465006,-0.435128385732896,0,0,0.185393444811019,0.666778592610246,0.00870945226426377,"NRGN"
5578,-1.37118141647104,0.222521686763627,7.1826177713655e-10,-1.80731590830686,-0.935046924635233,0,0,0.878399615848207,0.348640386637274,5.07032646132571e-08,"PRKCA"
79705,1.50048592706343,0.327875042073626,4.73055426123763e-06,0.857862653169563,2.14310920095729,0,0,0.186331027958854,0.665987977337497,0.0001155472157686,"LRRK1"
23460,-1.1394090858467,0.330959992606847,0.000575853417880543,-1.78807875167976,-0.490739420013637,0,0,0.0162054134631635,0.898702576512476,0.00632781714204023,"ABCA6"
83648,-2.74181113157322,0.689769718570394,7.03893316260427e-05,-4.09373493759752,-1.38988732554892,0.287679293904125,28.205493137313,1.3928642227637,0.23792199594282,0.00112297894508538,"FAM167A"
57630,-0.722640485510037,0.198437243502834,0.000270888265628921,-1.111570335967,-0.333710635053078,0,0,0.68886515794737,0.406550650965007,0.00338937803077833,"SH3RF1"
115362,1.43061312418075,0.408442606516358,0.000460732115150853,0.630080325657019,2.23114592270447,0,0,0.124559846549157,0.724140641561901,0.00522460143698819,"GBP5"
518,-0.577279535101134,0.208845035560175,0.00570708530384384,-0.986608283149064,-0.167950787053204,0,0,0.635956878434634,0.425178673463287,0.038706554905295,"ATP5MC3"
23643,2.33167599542213,0.812871396194037,0.00412496347899578,0.738477334819029,3.92487465602523,0.944397989528431,68.4568723758378,3.1702626699389,0.0749903849646848,0.0298533991343533,"LY96"
146857,1.42071487270291,0.411668163418725,0.000558272122517875,0.613860098820454,2.22756964658536,0.044628563963036,8.25855793734825,1.09001992721793,0.296466793683759,0.00618403523733088,"SLFN13"
92106,-0.938559454467956,0.255110697024332,0.00023412436023357,-1.43856723270656,-0.438551676229355,0,0,0.00555828752079577,0.940569635698417,0.00304113559636726,"OXNAD1"
51560,1.42973106301301,0.462735334852394,0.00200332961449646,0.522786472328238,2.33667565369778,0.124276224947029,24.0754139224455,1.31709641324687,0.251113819265191,0.0169977594472412,"RAB6B"
56934,-4.94542193751124,1.68314051513145,0.00330112294428603,-8.24431672808907,-1.64652714693341,4.76436955234701,82.6497121978648,5.76359315421234,0.0163615792527707,0.0253482266469967,"CA10"
81552,0.965538628315416,0.194921816612733,7.29030302456764e-07,0.583498887953338,1.34757836867749,0,0,0.325539677166285,0.568297366961991,2.32376254563228e-05,"VOPP1"
150696,-2.63246074321479,0.334901194633354,3.8287773880336e-15,-3.2888550230756,-1.97606646335398,0.0390442164922986,8.99871146014657,1.09888553892515,0.294510812054046,7.07169938669275e-13,"PROM2"
64092,1.31205693105234,0.426686352718297,0.00210508514486794,0.475767047029727,2.14834681507496,0,0,0.874428992049165,0.349732087474165,0.0176400640200463,"SAMSN1"
9601,0.803748473308589,0.182440010308795,1.05516113552781e-05,0.446172623764236,1.16132432285294,0,0,0.963663472615445,0.326265591220979,0.000226540407489195,"PDIA4"
9844,1.10772917510906,0.257280418991279,1.66584619375075e-05,0.603468819958774,1.61198953025934,0,0,0.0477583357194797,0.82701088396055,0.000334733297024462,"ELMO1"
9630,-1.29454985857652,0.36874605537469,0.000446960007456082,-2.01727884655212,-0.571820870600914,0,0,0.004950609856809,0.943906673755891,0.00508983258490739,"GNA14"
132,-1.09700544506265,0.235460089269644,3.17769594545851e-06,-1.55849873982774,-0.635512150297559,0,0,0.0489602614079905,0.824882474114276,8.11455955163203e-05,"ADK"
3778,2.64712699317655,0.791720051860296,0.000827245516062788,1.09538420569219,4.19886978066092,0.883820253937964,68.7704199838634,3.20209237358713,0.0735441234391212,0.00843702820958742,"KCNMA1"
1633,0.956986624379602,0.286251579866427,0.000828282575323967,0.395943837323714,1.51802941143549,0,0,0.0327111760055087,0.856475651376458,0.00844121992675212,"DCK"
128338,0.552650201110986,0.207406356801584,0.00770852243246707,0.146141211615218,0.959159190606754,0,0,0.217943889852027,0.640611056763916,0.0481621908975688,"DRAM2"
56911,2.4598094088279,0.436711814222835,1.77544816134358e-08,1.603869981328,3.31574883632781,0.127033497988599,23.7403318672287,1.31130914215226,0.252157764797693,8.99938630052464e-07,"MAP3K7CL"
122416,-0.764249145796781,0.271806696135542,0.00492746613676062,-1.29698048097927,-0.231517810614296,0,0,0.535247566192226,0.464408990306368,0.0344769205614652,"ANKRD9"
2528,-1.79415960516476,0.466100119212239,0.00011845542544765,-2.70769905201058,-0.88062015831895,0.00607432293673659,0.843632569895263,1.00850810282547,0.315260516851259,0.00173225000142155,"FUT6"
153769,0.934798226176088,0.345468204626038,0.00681220424137598,0.257692987305341,1.61190346504684,0,0,0.542877081828017,0.461242810269885,0.0443072599066437,"SH3RF2"
3098,0.861682863158096,0.319419425220059,0.00698301267341698,0.235632293764295,1.4877334325519,0,0,0.372350664091277,0.541725734700432,0.0451135409083283,"HK1"
9246,1.34714970088481,0.278372612956976,1.30247522844684e-06,0.801549405206831,1.89274999656279,0,0,0.17714689933886,0.673836702713703,3.78475722093723e-05,"UBE2L6"
9131,-1.19981741607786,0.303925512586573,7.88940268819978e-05,-1.79550047473042,-0.604134357425304,0,0,0.853876109948296,0.355458112712394,0.00122832351553115,"AIFM1"
9530,-0.54034456645735,0.201254978727324,0.00725568230801363,-0.93479707647228,-0.14589205644242,0,0,0.017415412565169,0.895010023566646,0.0462163639020081,"BAG4"
29028,1.05510881872897,0.29525569231702,0.00035218380427518,0.476418295557175,1.63379934190077,0,0,0.805484780390533,0.369458552979158,0.00418738468522244,"ATAD2"
114907,1.35234313438964,0.296094031946803,4.94103488833716e-06,0.772009495736653,1.93267677304263,0,0,0.0187651440087109,0.891041919409967,0.000119820096042176,"FBXO32"
134285,-1.02326836864972,0.328667976125035,0.00184957583094373,-1.66744576472646,-0.37909097257298,0,0,0.302113408942112,0.582560526727818,0.0159960429304774,"TMEM171"
3084,-1.26962786877342,0.308991254671154,3.974718395496e-05,-1.87523959946673,-0.664016138080119,0,0,0.0413100241290816,0.838940669105433,0.000698285894727925,"NRG1"
203328,-1.61531161508498,0.329353914289985,9.36723694514219e-07,-2.26083342526065,-0.96978980490932,0,0,0.278166033537814,0.597905790366352,2.87695798932465e-05,"SUSD3"
283971,-2.14334510000561,0.583285531916587,0.000238215796838829,-3.28656373526541,-1.00012646474581,0,0,0.796211126099232,0.37222860031085,0.00307649769040031,"CLEC18C"
115817,-0.655962436399408,0.236111024927456,0.0054661826562418,-1.11873154161006,-0.193193331188756,0,0,0.192390113111593,0.660934747676098,0.0373924610624597,"DHRS1"
55799,-1.94150418811952,0.400996681035822,1.28735347993531e-06,-2.72744324086983,-1.15556513536922,0,0,0.0906305736730759,0.763377037226229,3.74889567385912e-05,"CACNA2D3"
145773,-2.06996328413167,0.410895856660919,4.71199707078608e-07,-2.87530436458381,-1.26462220367954,0,0,0.206350534032542,0.649642980626184,1.56097927531717e-05,"FAM81A"
134265,1.67797812431448,0.330395815482077,3.80045027323362e-07,1.03041422532687,2.32554202330209,0,0,0.536464815272652,0.463901525646519,1.31763093310081e-05,"AFAP1L1"
3772,-2.78799307683714,0.321993730510167,4.77877745335228e-18,-3.41908919188476,-2.15689696178952,0,0,0.0482672392117746,0.82610631273817,1.2390818539144e-15,"KCNJ15"
114793,0.972968949928267,0.345944597667001,0.00491581255735344,0.294929997854746,1.65100790200179,0.0638978287951302,15.9125134286269,1.18923759143544,0.275483397075628,0.0344132402444426,"FMNL2"
84465,2.42969978414295,0.74748960131928,0.00115210488352268,0.964647086738953,3.89475248154694,0,0,0.30295556961515,0.582035449508289,0.0109832300119889,"MEGF11"
116987,-0.794685078308421,0.218479021798676,0.000275455513592224,-1.22289609241137,-0.366474064205474,0,0,0.895643470768126,0.343952548920205,0.00342933212351242,"AGAP1"
4690,0.976864578793084,0.223940092039191,1.28779194975035e-05,0.537950063701684,1.41577909388448,0,0,0.776795172119086,0.378123085647182,0.000268366288384605,"NCK1"
3242,-6.03583582538791,0.491179944219852,1.04501795618035e-34,-6.99853082598721,-5.07314082478861,0,0,0.338339521503933,0.560789253216832,1.08384439255228e-31,"HPD"
10163,0.678956675413973,0.247323457629647,0.00604708119402535,0.194211605927947,1.1637017449,0,0,0.398915665493305,0.527649784255805,0.0405635799696735,"WASF2"
64084,-3.21633601929004,0.47148546832667,8.99646172588956e-12,-4.14043055644431,-2.29224148213577,0.0171194887772704,3.22944302779291,1.03337216534488,0.309367956907146,8.85396302555978e-10,"CLSTN2"
64849,-7.20102871747702,0.51078750978216,3.91266970033398e-45,-8.20215384040295,-6.19990359455108,0,0,0.0129616960908688,0.909357142058542,8.79242092826718e-42,"SLC13A3"
340348,-2.22218310340994,0.698187909580297,0.00145865090859971,-3.59060626062862,-0.853759946191245,0.688660486893004,66.5365052509967,2.98833103804791,0.0838665642773767,0.0132081868372397,"TSPAN33"
912,1.69963444724753,0.413693211590451,3.98337703721968e-05,0.88881065188154,2.51045824261352,0,0,0.535911879667206,0.464131931833759,0.000698411867267008,"CD1D"
653361,1.41383464979588,0.517953711516202,0.00634007439175301,0.398664029565274,2.42900527002649,0,0,0.661709047518019,0.415957232887687,0.0419240917233966,"NCF1"
1780,1.04988530606782,0.391847106509912,0.00737710020441617,0.281879089862159,1.81789152227348,0,0,0.0034306686042673,0.953293085081505,0.0466642997987256,"DYNC1I1"
8407,0.951831891329498,0.34088981908763,0.0052351301147993,0.283700123221368,1.61996365943763,0,0,0.66636507244152,0.414321785985842,0.0361604812181552,"TAGLN2"
56833,2.06648490291312,0.503670850055201,4.08095499552914e-05,1.07930817674225,3.05366162908399,0,0,0.363036210852957,0.54682481809567,0.000713664282810886,"SLAMF8"
9507,2.26185277261499,0.458936267031946,8.28768436314333e-07,1.36235421803312,3.16135132719686,0.025396061701041,4.31819193600421,1.04513075184696,0.306631189792581,2.57472000618114e-05,"ADAMTS4"
57805,-0.74127837629561,0.251008578027827,0.00314498765560221,-1.23324614904076,-0.249310603550456,0,0,0.000705425315978899,0.978810801756989,0.0243700394025774,"CCAR2"
51735,0.772143714882799,0.218693601065939,0.000414445655022187,0.343512133144189,1.20077529662141,0,0,0.141613467922808,0.706682246465692,0.00476382844557898,"RAPGEF6"
3455,1.08351254988916,0.36618544203261,0.00308721636670833,0.365802271842361,1.80122282793595,0.0873248568328815,18.1714844360968,1.2220678734164,0.268955212487939,0.0239913188889501,"IFNAR2"
3898,-1.67590995545285,0.36704493905541,4.97230078092743e-06,-2.39530481670915,-0.956515094196549,0,0,0.000531713215580979,0.98160328401895,0.000120361815851426,"LAD1"
714,2.82355103785836,0.765100331952353,0.000223873197360191,1.32398194267211,4.32312013304461,0.672074059302626,52.7986366226687,2.11858287229105,0.145521138058141,0.00293056535923053,"C1QC"
873,-0.710444870624542,0.238300394747319,0.00287027839850616,-1.17750506183097,-0.243384679418119,0,0,0.126821927141666,0.721750202909852,0.0227279395862655,"CBR1"
6493,-2.91613245444841,0.404363043897201,5.5270168769987e-13,-3.70866945716591,-2.12359545173091,0,0,0.114080380480455,0.735545658863894,6.90007116227532e-11,"SIM2"
83440,1.19517312668335,0.228390704924648,1.66762687503711e-07,0.747535570627321,1.64281068273937,0,0,0.187039845416349,0.665391833243354,6.36957879776924e-06,"ADPGK"
7832,-1.56299374101348,0.352747359467533,9.3833858496906e-06,-2.25436586121145,-0.871621620815511,0,0,0.279704401889399,0.596895027648536,0.00020505055334097,"BTG2"
3099,4.50705934515503,0.433102152468335,2.31682021953659e-25,3.65819472469032,5.35592396561975,0,0,0.588384896654349,0.44304434962127,1.07716162137972e-22,"HK2"
8659,-2.93616678273258,0.399901642241529,2.10075978834386e-13,-3.7199595988844,-2.15237396658076,0,0,0.150632020603113,0.697932107039286,2.89025961492247e-11,"ALDH4A1"
57519,0.84872073609604,0.298224882949851,0.00442849146275023,0.264210706220659,1.43323076597142,0,0,0.680437231267191,0.409436205775818,0.0315588532728654,"STARD9"
117145,-0.867689688740662,0.235676771645737,0.000231689650938683,-1.32960767315898,-0.405771704322347,0,0,0.123748342423725,0.725004139263943,0.00302700732907583,"THEM4"
267,-0.709766928382993,0.212606854388366,0.000842620604578021,-1.12646870585054,-0.293065150915444,0,0,0.407576148859604,0.523202327232628,0.0085479707813307,"AMFR"
10417,1.81240396426073,0.465343358529215,9.82931609955379e-05,0.900347741098556,2.7244601874229,0,0,0.907941274590818,0.340661249845783,0.00147417874271728,"SPON2"
51673,1.08883917451715,0.349750394807758,0.00185077288285068,0.403340997115276,1.77433735191901,0,0,0.00753142211227861,0.930843391463349,0.0159961351150486,"TPPP3"
146206,-1.09492842149371,0.289799310670642,0.000157947033827597,-1.6629246331527,-0.526932209834714,0,0,0.91568904291921,0.338609440569066,0.00219772947068884,"CARMIL2"
6002,0.787136992881222,0.210324982164238,0.000182213199023567,0.374907602790287,1.19936638297216,0,0,0.0077985158329953,0.929630922355422,0.00245432623619855,"RGS12"
27151,-1.0652753301378,0.369258045804406,0.00391528600057826,-1.78900780091608,-0.341542859359521,0,0,0.0376978760097161,0.846051065123875,0.028635449345197,"CPAMD8"
9619,1.96579084550927,0.285388487934871,5.65335482445442e-12,1.40643968755458,2.52514200346396,0,0,0.00736019976773981,0.931632078819781,5.73114158632473e-10,"ABCG1"
3689,1.33719033100717,0.295507171940403,6.03758159678847e-06,0.758006916830696,1.91637374518364,0,0,0.380401173564906,0.537388613234119,0.000142815285385086,"ITGB2"
10841,-4.66855700179497,1.02138245553623,4.85815710000543e-06,-6.67042982908706,-2.66668417450289,1.61463772659003,77.1576900807235,4.37784096062939,0.0364090884820309,0.000118022580503375,"FTCD"
3275,0.596193507530635,0.167246136479068,0.000364179566667122,0.268397103478191,0.923989911583079,0,0,0.65762527426187,0.417399564673354,0.00429591697057988,"PRMT2"
11094,-0.770856593613034,0.274333772191512,0.00495534563297588,-1.30854090685141,-0.233172280374656,0,0,0.0807602410304351,0.776269787343274,0.0346360420784934,"CACFD1"
112724,2.00924850449491,0.323758878326936,5.43492111672677e-10,1.37469276329903,2.64380424569079,0,0,0.0874166405484888,0.767487416194915,3.87719795856228e-08,"RDH13"
116238,-1.5463815666855,0.357384470009415,1.51194341997107e-05,-2.24684225653789,-0.845920876833116,0,0,0.830385066832645,0.362161206554985,0.000307011041136596,"TLCD1"
5745,-4.93734564766356,0.403092972282623,1.70810910945475e-34,-5.72739335575871,-4.14729793956842,0,0,0.870464930948359,0.350826628267303,1.64503108019845e-31,"PTH1R"
4634,-4.06403835421646,1.13774220811243,0.000354237837489732,-6.2939721058079,-1.83410460262502,2.13333166673169,81.8011054180167,5.49483923595003,0.0190726813056295,0.00420153497733996,"MYL3"
563,-3.14358002555226,0.971902194959259,0.00121872440953858,-5.04847332416783,-1.23868672693669,1.21959365101693,64.498681736509,2.81679680900296,0.0932823911581118,0.0114749030822686,"AZGP1"
5731,-4.12770148908648,0.611812846011159,1.5127319777314e-11,-5.3268326325473,-2.92857034562565,0.215375163835404,26.4876616568878,1.3603158633488,0.243482747223754,1.44653654296117e-09,"PTGER1"
6132,0.877952505614956,0.276847289726834,0.00151783438227006,0.335341788532837,1.42056322269708,0,0,0.523225731000666,0.469468911235846,0.0136090414584764,"RPL8"
222236,-1.04777657128022,0.24575473222235,2.01244842483836e-05,-1.52944699546632,-0.566106147094135,0,0,0.468299455016503,0.493770540707458,0.000392674994386333,"NAPEPLD"
150223,0.823650056420794,0.247835913877526,0.0008893736004183,0.337900591145273,1.30939952169632,0,0,0.74312210906117,0.388662587138345,0.00888253648477033,"YDJC"
5130,0.619680302683119,0.224932573031611,0.00586992624005808,0.178820560591237,1.060540044775,0,0,0.856872294184255,0.35461544052393,0.0396247169622893,"PCYT1A"
622,-2.27111509302379,0.378072084155168,1.88876343839421e-09,-3.01212276152792,-1.53010742451967,0,0,0.0293266278115071,0.864027043876492,1.20123572829572e-07,"BDH1"
57125,2.41494937485239,0.55471369182755,1.33977438730354e-05,1.32773051713914,3.50216823256563,0.272788771442231,38.4663736453866,1.62512768910625,0.202378284265034,0.000275788978076544,"PLXDC1"
2232,0.922812492785346,0.283072435379637,0.00111417274148734,0.368000714425216,1.47762427114548,0,0,0.0263507011610387,0.871046786304807,0.0106899961259994,"FDXR"
51,-0.942585881864831,0.196848549982566,1.68132107523232e-06,-1.32840195023959,-0.55676981349007,0.000936862279252674,0.30505684320433,1.00305990287516,0.316571232003857,4.70316432725256e-05,"ACOX1"
91010,1.12623512557255,0.214715578538097,1.56077504781911e-07,0.705400324718203,1.54706992642691,0,0,0.646902400220998,0.421222334154316,5.99542164380202e-06,"FMNL3"
255877,1.92266906117483,0.528200936229117,0.000272602655311729,0.887414249565427,2.95792387278424,0.278812485112275,41.4381536928925,1.70759643532385,0.191297517921877,0.00340324222367411,"BCL6B"
2256,2.84436845460691,0.999726919553011,0.00443911535222386,0.884939697907834,4.80379721130598,1.50655271250241,74.1573910530887,3.86957834657604,0.0491688726173682,0.0315944198687948,"FGF11"
146325,-6.95709957826448,0.632871120334423,4.13347960926298e-28,-8.19750418097546,-5.71669497555349,0,0,0.560223013628443,0.454170400950417,3.09620586509404e-25,"PRR35"
57465,-1.31909694012077,0.276387373280327,1.81828242315842e-06,-1.86080623753183,-0.777387642709699,0,0,0.000202927885383048,0.988634298701622,5.04930008694808e-05,"TBC1D24"
146439,1.44333524623343,0.514261452401955,0.00500646336243483,0.435401320888336,2.45126917157852,0.0299547315724199,5.088575154345,1.05361393702202,0.304676230451879,0.034920923701867,"BICDL2"
124222,1.97808951866916,0.429298063288957,4.07089007444011e-06,1.13668077599001,2.81949826134831,0,0,0.830727446940619,0.362062264467769,0.000101644094210511,"PAQR4"
284541,-7.81208000055129,1.80534377194896,1.5101818122412e-05,-11.3504887732849,-4.27367122781764,5.23764188256009,80.3149891025781,5.08000734777833,0.0242032674000919,0.000307011041136596,"CYP4A22"
10158,-1.8493351291162,0.393051129530529,2.53772372040254e-06,-2.61970118707882,-1.07896907115357,0,0,0.975979890890295,0.323193325758654,6.69591564034979e-05,"PDZK1IP1"
65260,-0.803554446727986,0.252551198593939,0.00146388779628532,-1.29854570022453,-0.308563193231443,0,0,0.611500684239017,0.434223334896208,0.0132112444158735,"COA7"
338094,-7.23148079159989,1.13608290470997,1.94939386377462e-10,-9.45816236828308,-5.0047992149167,1.90064521037065,73.6037433636707,3.78841596282897,0.05160846705173,1.51055617616512e-08,"FAM151A"
7809,-6.21127636616022,1.68263019937278,0.000223015132844461,-9.50917095623033,-2.91338177609012,5.04242462953946,88.7142516143865,8.86073272087788,0.00291370591760758,0.00292501268107186,"BSND"
205,-1.9961450337208,0.501080448817584,6.78557342666349e-05,-2.97824466676043,-1.01404540068117,0.25294690395705,42.1088746045199,1.72738048045975,0.188745780398659,0.00108787023200599,"AK4"
388595,-4.03652004118578,0.665777876693126,1.33719580070164e-09,-5.34142070120785,-2.7316193811637,0,0,0.288214523524178,0.591366983883703,8.88148324180303e-08,"TMEM82"
22977,-2.76196414089198,0.890584541725015,0.00192677142856568,-4.50747776786112,-1.01645051392285,1.12099360567072,70.4742210324534,3.38687084631757,0.0657175577554219,0.0164839207940045,"AKR7A3"
7805,2.69147467637076,0.777135334651648,0.000533537294551086,1.16831740934005,4.21463194340147,0.906193676025239,73.115079580912,3.71955722543263,0.0537786301542128,0.00595503587949694,"LAPTM5"
57648,-0.691472358693799,0.260220612031794,0.00787799758596566,-1.20149538631108,-0.181449331076513,0,0,0.289374884301367,0.590621397809236,0.0489488670283756,"NHSL3"
127733,0.822785280287758,0.280662117441497,0.00337235414013242,0.272697638277674,1.37287292229784,0,0,0.865886329770238,0.352096669538429,0.0257617285390399,"UBXN10"
249,-4.0350169147181,1.06428414066238,0.000149862813839399,-6.12097549973353,-1.94905832970267,1.38415898749888,60.337652415017,2.52128293177134,0.112319171696768,0.00211581185235248,"ALPL"
64123,1.10657055142509,0.329666567935244,0.000788970103323005,0.460435951365088,1.7527051514851,0,0,0.000585456080044119,0.980696109442317,0.0081452403545973,"ADGRL4"
284611,0.836056909442572,0.280879861497869,0.00291498147659437,0.28554249692415,1.38657132196099,0,0,0.545586923877576,0.460126502316004,0.0229437800635854,"EEIG2"
2634,2.02011240362334,0.306748209683098,4.53137603567317e-11,1.41889696032233,2.62132784692435,0,0,0.0280841707626496,0.866911090516362,3.89149955980773e-09,"GBP2"
148867,0.698035007564767,0.19888315873202,0.000448487134846128,0.308231179318445,1.08783883581109,0,0,0.217681633905116,0.64081210317852,0.00510291311319016,"SLC30A7"
10092,0.824462927709632,0.216545429740874,0.000140467330248631,0.40004168440077,1.24888417101849,0,0,0.0486308100093304,0.825463126479787,0.00200203066991786,"ARPC5"
8682,0.765496141625615,0.280298633195392,0.00631420790471887,0.216120915646843,1.31487136760439,0,0,0.159316742455241,0.689786355790986,0.0417867613235808,"PEA15"
25903,3.88797268168149,1.43415885967411,0.00670851385708506,1.07707296861121,6.69887239475177,3.59405053016875,87.12255936027,7.76551822661688,0.0053253015894266,0.0438231067514912,"OLFML2B"
126823,-1.10571114392238,0.347293580378815,0.00145358523859864,-1.78639405352683,-0.425028234317938,0,0,0.040800961009503,0.839922604974973,0.0131711624811999,"KLHDC9"
79762,-1.50802775979464,0.26725458800575,1.67439216257391e-08,-2.031837126989,-0.984218392600281,0,0,0.640672393395912,0.4234674186366,8.58396559999395e-07,"C1orf115"
148811,-3.88255541162387,0.972480474114589,6.54010058709569e-05,-5.7885821165569,-1.97652870669084,1.36517095679363,71.398471322473,3.49631661746013,0.0615054829817819,0.00105731626158047,"PM20D1"
5284,-5.7697075170001,1.66119629119625,0.000514245173619754,-9.02559241899627,-2.51382261500394,5.04357923063722,91.3401929244211,11.5476013642389,0.000678367180314519,0.00576835913137699,"PIGR"
83953,-5.24499167766852,1.95629598108427,0.00733843366025341,-9.07926134369414,-1.41072201164289,7.11965507001924,92.9002515437772,14.0850060557219,0.000174731128578691,0.0464962880832691,"FCAMR"
151354,1.42401177920677,0.446243051790651,0.00141726084595524,0.54939146934585,2.29863208906768,0.150553371456219,26.9805778108961,1.36949864846948,0.241898041500605,0.0129591415075274,"LRATD1"
3760,-1.16218159647396,0.322192711957408,0.000309637368169909,-1.79366770799177,-0.53069548495615,0,0,0.609208298655652,0.435086055482408,0.00378498697645956,"KCNJ3"
72,2.65309567872623,0.796951546608352,0.000871411362190348,1.09109934995037,4.2150920075021,0.879560952580726,66.5030640775568,2.98534768169643,0.0840212411629614,0.00876808910180034,"ACTG2"
151473,1.44772515958977,0.355973160679265,4.76323926309488e-05,0.750030585195522,2.14541973398402,0,0,0.103423580171296,0.747759254020624,0.000806191808922163,"SLC16A14"
200373,-1.30179541657427,0.356410641278771,0.000259683845289177,-2.00034743718748,-0.603243395961053,0,0,0.175649405401807,0.675139044135353,0.00328453779177672,"CFAP221"
3625,5.10923073209474,1.56172383969895,0.001069661880767,2.0483082524872,8.17015321170229,4.35337910195646,89.0403158646145,9.12435055287133,0.00252229410713838,0.0103533748301375,"INHBB"
1520,1.61402744292783,0.279276705082357,7.50063492724887e-09,1.0666551592454,2.16139972661027,0,0,0.583530913386956,0.444931634200089,4.34038887227882e-07,"CTSS"
284996,0.977347781595973,0.201132582843896,1.1784819757791e-06,0.583135163104417,1.37156040008753,0,0,0.00222158344280127,0.962406687337702,3.5128586668421e-05,"RNF149"
10602,-0.761263618220771,0.24005471026414,0.00151805965686779,-1.23176220465768,-0.290765031783859,0,0,0.125309819875247,0.723345425047618,0.0136090414584764,"CDC42EP3"
9938,1.4634320708019,0.250566734752469,5.2048055574816e-09,0.972330294963264,1.95453384664054,0,0,0.122467588510643,0.726373449082039,3.07791198822476e-07,"ARHGAP25"
7039,1.79353982238801,0.354032055176278,4.06181001418029e-07,1.0996497448698,2.48742989990621,0,0,0.633302820773052,0.426146399489202,1.37948071589906e-05,"TGFA"
152519,-1.47033680903885,0.451763399563581,0.00113527710143133,-2.35577680171685,-0.584896816360855,0,0,0.0202211507062823,0.88692116887517,0.0108636913829656,"NIPAL1"
151556,-2.31931600862193,0.776389939623716,0.00281445862499912,-3.84101232824364,-0.79761968900022,0.902429826220639,72.0110275773686,3.57283570436269,0.0587319358621511,0.0223351063218736,"GPR155"
476,-1.80310022899694,0.222961611382039,6.11304860015649e-16,-2.24009695724075,-1.36610350075313,0,0,0.872206547008289,0.350345166649713,1.21209168052809e-13,"ATP1A1"
6565,-2.37808632471693,0.433120436121271,4.00595447147286e-08,-3.2269867804829,-1.52918586895096,0,0,0.507915803354864,0.476042483393327,1.80817213476114e-06,"SLC15A2"
11167,1.57812694687784,0.524818248120191,0.00263842285320541,0.549502082132865,2.60675181162282,0.342365844076391,53.1699133833039,2.13537935170821,0.14393485109882,0.0212001521631517,"FSTL1"
6746,0.586717442293001,0.217354108190609,0.00694725405464286,0.160711218347586,1.01272366623842,0,0,0.394678160892562,0.529850554926522,0.044913280437133,"SSR2"
79885,-0.870595031000753,0.264140613342232,0.000980884447771707,-1.38830112000585,-0.352888941995659,0,0,3.23430640365018e-05,0.995462378146814,0.00963940598345913,"HDAC11"
23114,-0.861481451691287,0.322522370740046,0.00756087439065816,-1.49361368255025,-0.229349220832323,0,0,0.0180795236333208,0.893038744992638,0.0474421833752034,"NFASC"
8802,-2.92913245149088,0.815957508776058,0.000330919035792304,-4.52837978160698,-1.32988512137478,1.02400621392187,73.680292614086,3.7994343376902,0.0512699006915007,0.00400159763191716,"SUCLG1"
4332,1.55990521992666,0.359151057815352,1.40350372242662e-05,0.855982081599105,2.26382835825421,0,0,0.404838885843133,0.524600776103866,0.000287153879961732,"MNDA"
3428,1.63297004589212,0.610776370164388,0.00750425064302272,0.435870357761815,2.83006973402243,0.47029431904001,53.3433518226792,2.14331727431309,0.143191963119097,0.0472582024380548,"IFI16"
6514,-2.05500311972326,0.447596482198001,4.40713494000624e-06,-2.93227610443817,-1.17773013500836,0,0,0.346238531833983,0.556250168366687,0.000108830403655868,"SLC2A2"
2168,-6.85367368746916,1.01789624174383,1.66000024346336e-11,-8.84871366128574,-4.85863371365258,1.49942250869699,72.352583371936,3.61697446619636,0.05719279439088,1.57618192131102e-09,"FABP1"
131450,1.17182680107144,0.422642971950893,0.00556076418934293,0.343461797728715,2.00019180441416,0,0,0.312300826689149,0.576271726217315,0.0378990024329697,"CD200R1"
5783,-1.55852605679968,0.317405149758632,9.09787399992359e-07,-2.18062871883414,-0.936423394765223,0,0,0.481742637559598,0.487634031976267,2.80060810824132e-05,"PTPN13"
213,-7.16626456015287,0.661647479699337,2.45619139879808e-27,-8.46306979082526,-5.86945932948047,0,0,0.600332753785457,0.438451093598639,1.57699183952355e-24,"ALB"
80145,-1.01203991686503,0.37116523131001,0.00639796951818011,-1.73951040254613,-0.284569431183936,0,0,0.22963446041566,0.631795003116175,0.042203435916645,"THOC7"
152926,-1.34895178179663,0.452702730557699,0.00288461211627637,-2.23623282939266,-0.461670734200603,0.199502307305214,37.3027127979254,1.59496534001061,0.206618157279276,0.0227845490121583,"PPM1K"
1776,-2.30985251852975,0.330713810532042,2.85983645501239e-12,-2.95803967636255,-1.66166536069694,0,0,0.889303767830841,0.345666049952752,3.13489227015707e-10,"DNASE1L3"
54502,-0.813940417686979,0.212786603396861,0.000130693131589714,-1.23099449673743,-0.396886338636523,0,0,0.668826943294969,0.413460887131381,0.00187860926782955,"RBM47"
285368,-0.998039246171317,0.331426346056172,0.0026009269801774,-1.64762294796912,-0.348455544373512,0,0,0.14224888535228,0.706055472969246,0.0209488043451206,"PRRT3"
1359,1.94013282468668,0.468878378289223,3.50626166101637e-05,1.02114809011025,2.8591175592631,0,0,0.654127192461743,0.418640953909958,0.000628655930525049,"CPA3"
2992,0.735524903108101,0.219231514187956,0.000793608322706736,0.305839031023525,1.16521077519268,0,0,0.0181464631368537,0.892842108354899,0.00817434760508398,"GYG1"
64866,2.32446279152032,0.513459739796673,5.98101047416409e-06,1.31810019400754,3.33082538903311,0.221432562778577,36.0684409674382,1.56417271083703,0.211055299572987,0.000141725771921185,"CDCP1"
151636,1.12132901099264,0.289155003683782,0.000105339813883501,0.554595617822884,1.6880624041624,0,0,0.313389822317125,0.575607466260899,0.00156765641345611,"DTX3L"
2899,2.60281276843152,0.440125321858389,3.34305441498246e-09,1.74018298890498,3.46544254795806,0,0,0.436104524172245,0.50900865314773,2.04883648532766e-07,"GRIK3"
28999,-2.61401290331428,0.533221457568139,9.47198098722238e-07,-3.65910775593179,-1.56891805069678,0.215026115863941,34.8205889250815,1.5342268110563,0.215479182584803,2.90251635569817e-05,"KLF15"
200879,-2.02651015206731,0.719121814104601,0.00483186030253058,-3.43596300820943,-0.617057295925181,0.595481575602855,46.082913350293,1.85469961776103,0.173237788853491,0.0339312356557395,"LIPH"
26508,2.12577304548843,0.387283424848163,4.04367336166478e-08,1.3667114809767,2.88483461000015,0,0,0.628772604418262,0.427805888345581,1.81736159784421e-06,"HEYL"
5984,0.945962958081611,0.282542104022191,0.000813845445073998,0.392190610081947,1.49973530608127,0,0,0.913101454758368,0.339292848541165,0.0083389882660966,"RFC4"
116832,2.40305879827955,0.620094188562977,0.000106487923129097,1.18769652167352,3.61842107488557,0.432105727441584,50.4701378779897,2.01898401723112,0.155343049354832,0.00157951228553313,"RPL39L"
4043,-0.826645520567991,0.290161845421436,0.00438690329121292,-1.39535228728168,-0.257938753854298,0,0,0.147316217217193,0.701113384482224,0.0313287166713049,"LRPAP1"
149461,-4.78173608936553,1.49913267017023,0.00142436131383625,-7.71998213094655,-1.8434900477845,3.8877519847368,85.4736599509871,6.88404647437642,0.00869684499422398,0.013002480429556,"CLDN19"
51705,-1.64946352533574,0.503739339654486,0.00105872153678902,-2.63677448865452,-0.662152562016954,0.211196451410336,37.0253301128597,1.58794004286508,0.207620691266512,0.0102548437360103,"EMCN"
5364,-1.38905076132657,0.25432502414151,4.71557087376673e-08,-1.88751864901121,-0.890582873641933,0,0,0.913316056709131,0.339236099577161,2.06428708087652e-06,"PLXNB1"
79714,-0.884579383188407,0.296749601238503,0.00287407379623101,-1.4661979140425,-0.302960852334319,0,0,0.105601294492328,0.745208675357355,0.0227279395862655,"CCDC51"
10252,0.937604750148794,0.25625026576384,0.000253259067598728,0.435363458222851,1.43984604207474,0,0,0.0696362853054352,0.791867085851379,0.00322749717243256,"SPRY1"
327,-1.21714891948957,0.275209246201058,9.75062315998004e-06,-1.75654913025606,-0.677748708723082,0,0,0.664219557397856,0.41507422136975,0.000211703143423528,"APEH"
63891,-1.16532637614634,0.310147021195371,0.000171732266905871,-1.77320336760165,-0.557449384691035,0,0,0.10878226505955,0.741534791447852,0.00235072706060087,"RNF123"
51368,-0.80937583887429,0.225140362845593,0.000324412417573952,-1.25064284151793,-0.368108836230648,0,0,0.587649169153075,0.44332961289274,0.00394058795148612,"TEX264"
8819,2.06687120855869,0.344611393451867,2.00148059869978e-09,1.39144528873087,2.74229712838651,0,0,0.0190367661503542,0.890261133606403,1.26102630431164e-07,"SAP30"
2982,0.878129743484306,0.316706552703692,0.00555947023613681,0.257396306517234,1.49886318045138,0,0,0.30434684984377,0.581170082168289,0.0378990024329697,"GUCY1A1"
3248,-2.36926090787323,0.461115975099426,2.77527259351199e-07,-3.27303161176418,-1.46549020398229,0.0218879441045298,4.20126808779002,1.04385515344441,0.30692655718865,1.00588710694414e-05,"HPGD"
55314,1.13387207417065,0.196399495351838,7.77365216035163e-09,0.748936136699207,1.51880801164209,0,0,0.605367100853255,0.436537530202366,4.47915179820603e-07,"TMEM144"
51313,1.6107608232747,0.284972793843458,1.58285539441054e-08,1.05222441076777,2.16929723578164,0,0,0.0794070734096047,0.778102540004971,8.17687328844343e-07,"GASK1B"
64399,-1.64426176198018,0.323233010925542,3.63917573002528e-07,-2.27778682200869,-1.01073670195168,0,0,0.23173482726246,0.630240453235416,1.26788130149692e-05,"HHIP"
4338,-0.818610647125555,0.279350130308663,0.00338514132653868,-1.3661268416071,-0.271094452644005,0,0,0.214067871666343,0.643597560556883,0.0258194699465921,"MOCS2"
10085,1.56269719472254,0.396418546028563,8.07919831444443e-05,0.785731121702824,2.33966326774226,0,0,0.420743079174607,0.516566494927975,0.00125353085009959,"EDIL3"
202151,-4.30458444420891,0.451149007037896,1.4094312699832e-21,-5.18882024966419,-3.42034863875362,0,0,0.176300883570682,0.674571666830137,5.42953194662386e-19,"RANBP3L"
153733,0.692690860221926,0.249784785553347,0.00555163997871036,0.203121676651306,1.18226004379255,0,0,0.0753646619699694,0.783680233582962,0.0378809523446112,"CCDC112"
55255,0.620262250935946,0.213363232911739,0.00364829374732249,0.202077998803906,1.03844650306799,0,0,0.73779778427312,0.39036724082449,0.0272369571401712,"WDR41"
134266,0.845078862382263,0.269415576637692,0.00170854319608832,0.317034035298296,1.37312368946623,0,0,0.397198872264495,0.528539433006423,0.0150171368401948,"GRPEL2"
133121,-5.38161596660747,2.02059022318171,0.00773581348127934,-9.34190003155737,-1.42133190165756,7.62860730734016,93.4028073633586,15.157962713502,9.88804217661626e-05,0.0482476410803544,"ENPP6"
7098,1.63587309617656,0.323157088906724,4.14531505657734e-07,1.00249684057057,2.26924935178255,0,0,0.253675871558479,0.614498594083086,1.40078403277775e-05,"TLR3"
133957,0.776767316716396,0.255025225438162,0.00232027387672604,0.276927059708391,1.2766075737244,0,0,0.568638646160627,0.45080038977289,0.0190510297199793,"CCDC127"
2898,-1.12002600953898,0.365498628822238,0.00218123013937964,-1.83639015842934,-0.403661860648622,0,0,0.348906972280997,0.554732519601941,0.0181093140204776,"GRIK2"
23366,-1.07825786133922,0.358273859944615,0.00261599514867553,-1.78046172343281,-0.376053999245623,0,0,0.00229694550149072,0.961774852140225,0.0210450254114511,"MATCAP2"
29896,0.555117320862873,0.166925600918893,0.000882482750674127,0.227949154964136,0.882285486761609,0,0,0.00567382814062939,0.93995627601241,0.00885255612650545,"TRA2A"
9232,3.63214748195671,1.17761073112035,0.00204006870456156,1.32407286115295,5.94022210276047,2.2607708757717,79.6951618655339,4.92493460611522,0.0264718040006565,0.0172129201148958,"PTTG1"
8645,-2.88452629323863,0.815271705688636,0.000402992174496111,-4.48242947400289,-1.28662311247436,0.945311862956434,66.4144113367784,2.97746753831671,0.084431284382753,0.00466398582723697,"KCNK5"
222962,2.02660107083227,0.714006167845588,0.00453470965739386,0.627174697115461,3.42602744454909,0.519476206728327,47.7606737505684,1.91426664889439,0.166490081637197,0.0321797317424429,"SLC29A4"
55536,2.3945347726569,0.704872165783703,0.000680992941599077,1.0130107140161,3.77605883129771,0.605512743939091,57.2233467463225,2.33772379075502,0.126273946179068,0.00722409742846605,"CDCA7L"
23462,1.83743377841415,0.373688141353262,8.78695196941965e-07,1.10501847991204,2.56984907691626,0,0,0.331653861448647,0.564686853562939,2.71108634791041e-05,"HEY1"
2171,2.75459237190053,0.822928339130195,0.000816012938288195,1.14168246534799,4.36750227845308,0.911767456339083,66.7171801368784,3.00455311212386,0.0830308712929893,0.0083477256805309,"FABP5"
117289,1.39505375672378,0.416290165995692,0.000804746265179861,0.579140024254019,2.21096748919353,0,0,0.11515762859073,0.73434696140224,0.00825752959925423,"TAGAP"
4982,-1.38239752126513,0.388376993791657,0.000371672243342958,-2.14360244152071,-0.621192601009542,0,0,0.00763067482029189,0.930390343764856,0.00435004935502874,"TNFRSF11B"
1672,-2.91203833749675,0.466974028088732,4.48972972260486e-10,-3.82729061426627,-1.99678606072724,0,0,0.00147145851356182,0.969400975929917,3.23716715774766e-08,"DEFB1"
79778,1.5799092513409,0.576294728498429,0.00611602481007039,0.450392339003689,2.70942616367811,0.282577802758707,38.5510223354847,1.62736637452223,0.202067703255258,0.0408431711313418,"MICALL2"
501,-1.25530689113612,0.257323434681251,1.06991485643354e-06,-1.75965155548952,-0.750962226782726,0,0,0.0558391213506346,0.813197536956062,3.22001384136014e-05,"ALDH7A1"
115908,4.52747364224519,1.57531392314781,0.0040529150809773,1.43991508853098,7.6150321959594,4.29264180232772,86.1905773615415,7.24143236238606,0.00712401246304674,0.029410900988599,"CTHRC1"
94241,0.860771545198903,0.311564411226965,0.00573183576990774,0.250116520329624,1.47142657006818,0,0,0.607652571599075,0.4356730298693,0.0388353475807367,"TP53INP1"
203259,1.27164617107103,0.248263854484476,3.02061956856561e-07,0.785057957618364,1.75823438452369,0,0,0.0145935137260519,0.903846585643512,1.077434223359e-05,"FAM219A"
57462,-1.71218467575784,0.31816182484631,7.38718120025037e-08,-2.33577039371215,-1.08859895780353,0,0,0.397073444530046,0.528604535392936,3.11254262884299e-06,"MYORG"
54769,2.6349955870296,0.512178463682696,2.67973611510655e-07,1.63114424455446,3.63884692950474,0,0,0.000629796810407343,0.97997858786271,9.75561784469443e-06,"DIRAS2"
19,1.40251889505864,0.317035413837199,9.69548308361769e-06,0.781140902113976,2.0238968880033,0,0,0.271228114850269,0.602509129847826,0.000210845481316802,"ABCA1"
2203,-4.92991761152472,0.524662833108699,5.64866583739571e-21,-5.95823786844452,-3.90159735460492,0,0,0.781037452629817,0.376824037604212,2.00423582856859e-18,"FBP1"
11244,-0.703357653019508,0.23486667844508,0.00274705644499346,-1.16368788394042,-0.243027422098601,0,0,0.0190883614325513,0.890113464338933,0.0218850081140485,"ZHX1"
9833,2.0689742947998,0.409936319262852,4.48654213004881e-07,1.26551387308969,2.8724347165099,0,0,0.99114950404706,0.319461587874732,1.49732790939228e-05,"MELK"
9075,-1.58820967001394,0.584103227908411,0.00654684270601461,-2.73303095996802,-0.443388380059868,0,0,0.218244666570157,0.640380661469201,0.0430170956165668,"CLDN2"
283209,0.858203301060719,0.277839994715829,0.00200939595010811,0.313646917952896,1.40275968416854,0.0318949696843295,6.58250970884856,1.07046335422128,0.300840808523327,0.0170180185900173,"PGM2L1"
84457,-1.57816874127009,0.388868300650865,4.94179009585903e-05,-2.34033660527508,-0.816000877265099,0,0,0.464263991042935,0.495637904615344,0.00083183715184104,"PHYHIPL"
220963,-3.74260137865683,0.452633846955227,1.35658888982933e-16,-4.62974741687288,-2.85545534044077,0,0,0.266352950225999,0.60578880339723,3.10015050874048e-14,"SLC16A9"
51084,-1.61034403748608,0.433335338034424,0.000202272434443373,-2.45966569326204,-0.761022381710116,0.208797831810152,42.9020711580053,1.75137701188299,0.185703716407962,0.0027002368649505,"CRYL1"
221035,0.493310392064628,0.168785712272241,0.00347008101323944,0.162496474906096,0.824124309223159,0,0,0.242143575073604,0.622662180654287,0.0262848889334311,"REEP3"
11067,2.02911596664875,0.386013054795459,1.46743531466155e-07,1.27254428168737,2.78568765161014,0,0,0.0171018103821041,0.895954178116683,5.71833247039933e-06,"DEPP1"
222389,-0.663759992508662,0.239492369605565,0.00557937416447843,-1.13315641150772,-0.1943635735096,0,0,0.679698250468023,0.409690649840713,0.0379765758646332,"BEND7"
84858,-1.66605478461429,0.298879391947861,2.48472744605396e-08,-2.25184762855332,-1.08026194067525,0,0,0.426512803492677,0.513705042234144,1.19648500554091e-06,"ZNF503"
169714,0.702828393632826,0.240672145717899,0.00349724760315087,0.231119655943767,1.17453713132188,0,0,0.0274557571209441,0.868394786502163,0.0264312721038583,"QSOX2"
10935,-0.754026269606255,0.192041583816862,8.62375486122476e-05,-1.13042085742133,-0.377631681791175,0,0,0.508066560199908,0.475977027291547,0.0013242784989844,"PRDX3"
10495,1.19057210345451,0.254905197483759,3.00253056534383e-06,0.690967096914275,1.69017710999475,0.0219043071786621,4.12557195566498,1.04303099418499,0.307117589161429,7.75538689895228e-05,"ENOX2"
27069,-0.873184677963842,0.249288245314103,0.000460548863131267,-1.36178066054867,-0.384588695379014,0,0,0.464368363084207,0.495589458120616,0.00522460143698819,"GHITM"
120939,-6.88343649016894,1.42000482050697,1.25043395262857e-06,-9.66659479623587,-4.10027818410201,3.58067290693719,88.6694965294071,8.82573314235676,0.00297012041500503,3.66513064854151e-05,"TMEM52B"
57608,1.02581713154188,0.309986137684843,0.000935511119832487,0.418255465972909,1.63337879711084,0.0348806803133516,9.07135844262531,1.09976348801936,0.294318014651646,0.00927091167660344,"JCAD"
145376,-1.48504221761242,0.560406697831185,0.00805068776379842,-2.58341916205657,-0.38666527316828,0,0,0.723595973582234,0.394966891865593,0.0497467566999514,"PPP1R36"
55088,-0.878131334452589,0.254009519555751,0.000546061879958952,-1.37598084451218,-0.380281824392995,0.018196880977091,4.3540825246737,1.0455229312406,0.306540453934673,0.00607471314149055,"CCDC186"
6297,-1.03433767752986,0.388358528945394,0.00773651264672004,-1.79550640735179,-0.273168947707934,0,0,0.410386495906917,0.521773400478141,0.0482476410803544,"SALL2"
118471,-2.87431579551441,0.597395650250362,1.4986872936655e-06,-4.045189754526,-1.70344183650281,0,0,0.125207546628091,0.723453710127722,4.29931931499829e-05,"PRAP1"
259217,-0.86012997654699,0.266908277813576,0.00127047169140561,-1.38326058823721,-0.33699936485677,0,0,0.484024059459197,0.486605214828483,0.0118627214786855,"HSPA12A"
26287,-4.81194476932906,0.591525101116047,4.12582254320061e-16,-5.97131266346793,-3.6525768751902,0,0,0.0396469243309603,0.842172510691052,8.57911034798902e-14,"ANKRD2"
120071,-2.12398974958896,0.746509395093751,0.00443795851053019,-3.58712127809349,-0.660858221084426,0.625922966111033,53.5401502709701,2.15239611370323,0.142347583862372,0.0315944198687948,"LARGE2"
29763,-1.55343681620048,0.3904227682791,6.92470362009179e-05,-2.31865138077194,-0.788222251629015,0,0,0.021056571503175,0.884624949581716,0.001107541861325,"PACSIN3"
79789,-1.06820717216481,0.222010044090725,1.49781998994295e-06,-1.50333886278878,-0.633075481540837,0,0,0.307400811308451,0.579279548264153,4.29931931499829e-05,"CLMN"
4745,-7.39822431319663,2.43717242658115,0.00240075995488518,-12.1749944934098,-2.6214541329835,10.4755153027908,87.1315532613112,7.77094563397083,0.00530932472918139,0.0196178463464951,"NELL1"
56935,0.992937820907905,0.290196804072807,0.000622534830057589,0.424162536496577,1.56171310531923,0,0,0.166397104210925,0.683333868788856,0.00674187719973211,"SMCO4"
161742,0.61724681613022,0.163793869203935,0.000164273177372888,0.296216731602044,0.938276900658396,0,0,0.0705477839593593,0.790540871026567,0.00226703710390854,"SPRED1"
170689,-2.22869002992708,0.512199338342645,1.3538450935875e-05,-3.23258228598391,-1.22479777387025,0.0710592942266158,11.2265172798014,1.12646250812515,0.288531152029487,0.000277837038003657,"ADAMTS15"
84706,-1.72197543164722,0.457855283211759,0.00016926246015902,-2.61935529687365,-0.824595566420781,0.134450157434375,27.223364342548,1.37406736511817,0.241114281549371,0.00232836047913082,"GPT2"
81693,-2.21321820056495,0.478484618029814,3.73742537363936e-06,-3.15103081905979,-1.27540558207011,0,0,0.512501105381872,0.474058146560802,9.43664912224336e-05,"AMN"
121457,1.57724259589676,0.265329160240423,2.77344061340492e-09,1.05720699777727,2.09727819401624,0,0,0.968228287403646,0.325122436696333,1.7232396216838e-07,"IKBIP"
55323,-1.05149617557645,0.265875293319804,7.65835618481177e-05,-1.57260217486229,-0.530390176290614,0,0,0.521837609541222,0.470058861027948,0.00120346872307479,"LARP6"
196446,-1.51871343076832,0.465736941267295,0.0011106606333117,-2.43154106192207,-0.605885799614577,0,0,0.100333405441617,0.751429900773897,0.0106659809963972,"MYRFL"
6609,-1.15184599456714,0.324087696091435,0.000379248655054846,-1.78704620673892,-0.516645782395369,0,0,0.00681712569195235,0.934196726877228,0.00441572505708505,"SMPD1"
9710,-1.40150591043156,0.421930497607226,0.000894865083407542,-2.22847448972078,-0.574537331142331,0,0,0.472677646305335,0.491757898349437,0.00893076677985485,"GARRE1"
5271,1.03611113046895,0.310352584880034,0.000842329819848527,0.427831241595177,1.64439101934273,0,0,0.610158137431336,0.434728274821385,0.0085479707813307,"SERPINB8"
6157,1.1146620907343,0.217030169413224,2.80681077214147e-07,0.689290775125751,1.54003340634284,0.00122737767838676,0.412280732989124,1.00413987523787,0.316310848486212,1.01187779788191e-05,"RPL27A"
56672,0.760618149466371,0.242169371797994,0.00168457152092699,0.285974902583612,1.23526139634913,0,0,0.00183224984679325,0.965857147486962,0.0148548579572653,"AKIP1"
4176,0.682545085097136,0.233487175778248,0.00346380646003463,0.224918629719797,1.14017154047447,0,0,0.566931481708465,0.451480846739966,0.0262536219920485,"MCM7"
65084,0.914943562798625,0.261330096747133,0.000463336884096882,0.402745985097876,1.42714114049937,0,0,0.698021635243349,0.40344925298635,0.00524972370443551,"TMEM135"
115811,-1.2884040202955,0.364725975147848,0.000411609620044177,-2.00325379581153,-0.573554244779467,0,0,0.420668733326122,0.516603547841027,0.00473931042447108,"DRC10"
201161,-0.961859804789497,0.353127091935395,0.00645288064273044,-1.65397618694824,-0.269743422630758,0,0,0.426296526061331,0.513811804480585,0.0424617812132428,"CENPV"
6236,2.3360055206952,0.576925713737649,5.14242598200702e-05,1.20525190001434,3.46675914137606,0.222166406286078,31.8232163270613,1.46677497254381,0.225855220499571,0.000860239820290331,"RRAD"
144100,-1.31236779847613,0.317832265040957,3.64153141166987e-05,-1.9353075910812,-0.689428005871067,0,0,0.430383600248237,0.511800781471104,0.00064774100294914,"PLEKHA7"
567,1.34948291299554,0.234315628192288,8.44871424406303e-09,0.890232720723779,1.8087331052673,0,0,0.0549686662932609,0.814632560244544,4.82686500647042e-07,"B2M"
4837,5.28276506068639,1.88605943304259,0.00509518359722244,1.58615649922089,8.9793736221519,6.44278064587595,90.5491721435384,10.5810836382581,0.00114250670505962,0.0354149419317956,"NNMT"
162394,0.895515139999859,0.216585810896552,3.55434422260757e-05,0.471014751080214,1.3200155289195,0,0,0.0450680247651686,0.831878994661623,0.000634744677528713,"SLFN5"
100128252,-1.360404024759,0.348053053316236,9.28282593664641e-05,-2.04257547396802,-0.678232575549973,0,0,0.257804617725876,0.611632439299394,0.0014078778639348,"ZNF667-AS1"
55897,1.23865335276718,0.457943551755438,0.00683420953506969,0.341100484374173,2.1362062211602,0,0,0.43645645188819,0.50883775256275,0.044407540800648,"MESP1"
6340,-7.20943994370573,1.6218649970685,8.78288629185644e-06,-10.3882369257461,-4.03064296166531,4.15408586080081,78.9472727423797,4.74997841259752,0.0292986619551136,0.000194130583398525,"SCNN1G"
89797,-1.56397770709887,0.371536506171027,2.55952343808207e-05,-2.29217587813593,-0.835779536061818,0.0759997473767724,16.7391009986802,1.20104396180511,0.273113123773164,0.000482658105114133,"NAV2"
92292,-3.9488056312013,0.395921295356925,1.98658856500186e-23,-4.72479711081331,-3.17281415158928,0,0,0.951594382015786,0.329313792890298,8.64037858771615e-21,"GLYATL1"
23306,1.03914314375087,0.304206816252343,0.000635692239235149,0.442908740044682,1.63537754745705,0,0,0.0590578707445137,0.807991258270005,0.00682951271841236,"NEMP1"
54893,-0.910602897861986,0.296196879116559,0.00210985601264745,-1.49113811326361,-0.330067682460367,0,0,0.356478325243559,0.55046861868894,0.0176580934938085,"MTMR10"
58475,2.73592422955941,0.804006759052264,0.000666838973348618,1.16009993849019,4.31174852062862,0.987174306332931,73.9741877275506,3.84233924970937,0.0499737533627327,0.00709628246066252,"MS4A7"
84689,2.07519686881343,0.439172540383029,2.29840612247663e-06,1.21443450666373,2.93595923096313,0,0,0.00760747274523797,0.930495984513228,6.17318919309809e-05,"MS4A14"
374864,-1.27767862868681,0.3403140141778,0.000173749667673704,-1.94468183990955,-0.610675417464071,0,0,0.61417161130492,0.433221434324032,0.00237352256255781,"CCDC178"
10982,0.992268295795028,0.340680247509272,0.00358423284138335,0.324547280432664,1.65998931115739,0.0828711047453447,21.1052216629213,1.26751100779761,0.260234132951252,0.0268927164164562,"MAPRE2"
7008,-1.06706521002282,0.342413224495446,0.00183130638056223,-1.73818279786412,-0.395947622181519,0,0,0.171301008085983,0.678958139606184,0.0158583840264101,"TEF"
5245,-0.816524079936172,0.271998350085586,0.00268260661385038,-1.34963104995824,-0.283417109914106,0.0413808009312407,12.5093041694529,1.14297867962647,0.285023796271261,0.0214783758756203,"PHB1"
26995,-0.652012948790459,0.241353302522186,0.00690300588034674,-1.12505672928374,-0.178969168297175,0,0,0.296150822216671,0.586305633196307,0.0447682675732155,"TRUB2"
23102,1.19166803037664,0.245253407840782,1.18024547658494e-06,0.710980183922995,1.67235587683029,0,0,0.0687553253003386,0.793157719550785,3.5128586668421e-05,"TBC1D2B"
64174,1.53634667997978,0.476149220808348,0.00125267135911071,0.603111355928606,2.46958200403095,0.194599150342199,26.9073514009724,1.36812664360517,0.242134013166005,0.01172900551034,"DPEP2"
64122,-0.990770283917169,0.288857578752275,0.000603667591166621,-1.55692073493307,-0.424619832901268,0,0,0.949630182175467,0.329813449117619,0.00656674734519907,"FN3K"
762,-4.21087564031373,1.26382502488825,0.000862706855611167,-6.68792717185514,-1.73382410877233,2.69768678824171,84.0970945851329,6.28815913767011,0.0121547228852765,0.00869998244891949,"CA4"
55295,-0.750381354198593,0.252154744979793,0.00292152585948701,-1.24459557288987,-0.256167135507318,0,0,0.00805127215928589,0.928502664462101,0.022968474147792,"KLHL26"
81620,2.09221464307004,0.535214482569335,9.26350893603182e-05,1.04321353322991,3.14121575291018,0,0,1.39523327870586e-05,0.997019682967656,0.0014065303038797,"CDT1"
6137,0.993022066312054,0.271235594231325,0.000251129530915702,0.461410070293337,1.52463406233077,0,0,0.673338243468279,0.411890158898105,0.00320641994823524,"RPL13"
7846,1.71131140891841,0.583992888809949,0.00338565770715529,0.566706379623405,2.85591643821342,0.351687126417579,48.5660571952321,1.94424138121353,0.163208750640323,0.0258194699465921,"TUBA1A"
359,-10.5640984061768,0.808902465747645,5.58798408725126e-39,-12.1495181060478,-8.97867870630578,0.770919001440611,58.6692816647591,2.41950791149774,0.119832568274144,9.41784868105109e-36,"AQP2"
2819,-2.97829308328806,0.539515446277857,3.38400087928309e-08,-4.03572392709571,-1.92086223948041,0,0,0.605590670605661,0.43645284733721,1.58425291164493e-06,"GPD1"
3903,1.96831105758745,0.635732401876136,0.00196063450247925,0.722298446105076,3.21432366906982,0.382360152766369,37.5213163742835,1.6005458853624,0.205825867977734,0.0166994535672316,"LAIR1"
1613,0.809846494535301,0.300440766124285,0.00702771730463805,0.220993413444081,1.39869957562652,0,0,0.756095305452788,0.384553255966749,0.0452505789963872,"DAPK3"
79850,2.28229977795506,0.620563217492602,0.000235265631906529,1.06601822153927,3.49858133437086,0.410827844446321,49.1873853811272,1.96801524090158,0.160658690623834,0.00305301878247905,"TLCD3A"
2875,-2.53543109792098,0.472468168641982,8.03445076916228e-08,-3.46145169230086,-1.6094105035411,0,0,0.124752709418702,0.723935887332737,3.35843995009658e-06,"GPT"
124935,-2.05488366074131,0.759264540642176,0.00680143370164961,-3.54301481513832,-0.566752506344295,0.759561078654923,62.1324747097867,2.64078519083592,0.104152056976921,0.0442799278606189,"SLC43A2"
124997,1.28139814375089,0.277517619524032,3.88656836826933e-06,0.737473604408493,1.82532268309328,0,0,0.0383822159616646,0.844677637876484,9.77660472189839e-05,"WDR81"
124936,-1.56885354767588,0.349670036779215,7.23454972248471e-06,-2.25419422623594,-0.883512869115825,0,0,0.834123175442414,0.361082973089791,0.000164769314034225,"CYB5D2"
3816,-6.3314759561255,0.606327150742604,1.58841399826194e-25,-7.51985533442979,-5.1430965778212,0,0,0.678005745604735,0.410274285391312,7.6487806923449e-23,"KLK1"
51129,5.97473003975721,1.75468524601755,0.000661603565212303,2.535610153359,9.41384992615542,5.65746413870593,91.8089894499066,12.2085058233577,0.000475721199486903,0.00705254017865888,"ANGPTL4"
148156,0.811953558077516,0.291514957041702,0.00534799461953554,0.24059474132104,1.38331237483399,0,0,0.0983723784406011,0.753791655709321,0.0366956801298716,"ZNF558"
4723,-0.8212785938879,0.305278615769733,0.00713965481083314,-1.41961368604682,-0.222943501728981,0,0,0.269279296100436,0.603815636694884,0.0457963681324754,"NDUFV1"
7775,1.22621526634429,0.405843637703592,0.00251610168716741,0.430776353090526,2.02165417959805,0,0,0.284961052216701,0.593467851034522,0.0203629045906832,"ZNF232"
11314,2.78453029029437,0.475280455131143,4.66476852962696e-09,1.85299771568153,3.71606286490722,0,0,0.0173927670994807,0.895077910538473,2.82040690963947e-07,"CD300A"
21,0.840038755755662,0.297350840646513,0.00472693866511636,0.257241817315789,1.42283569419554,0,0,0.832549954002047,0.361536218123273,0.0334207205148211,"ABCA3"
9881,1.01603753830496,0.279011499698677,0.00027098935824216,0.469185047623047,1.56289002898688,0,0,0.00594302623648811,0.938551132245256,0.00338937803077833,"TRANK1"
55867,-2.2201232205065,0.476487976748248,3.17212793485801e-06,-3.15402249399942,-1.28622394701357,0,0,0.250265223997562,0.616888386988064,8.11455955163203e-05,"SLC22A11"
55872,1.4878583994702,0.482503338382294,0.00204496545543818,0.542169233820563,2.43354756511984,0,0,0.0742984693346624,0.785178043693947,0.0172217425470739,"PBK"
3516,0.463605483058375,0.174973715195378,0.00805937613267544,0.120663303034266,0.806547663082485,0,0,0.00176840247808834,0.966456943575438,0.0497776309651227,"RBPJ"
55788,-0.673580140716358,0.230945014244542,0.00353840227555768,-1.12622405104475,-0.220936230387966,0,0,0.892941522533488,0.344681426143576,0.0266229229248572,"LMBRD1"
125488,1.17816612471699,0.379105464639626,0.00188515585529524,0.435133067681004,1.92119918175298,0,0,0.169892374456167,0.680207475608267,0.0162205209935837,"TTC39C"
132158,-1.70577776720532,0.416002637932499,4.12434271168168e-05,-2.52112795502668,-0.89042757938397,0.100066693867449,22.6184357445449,1.29229747372224,0.255624986858037,0.000718456237488425,"GLYCTK"
2299,-7.5039386057826,1.81786114226537,3.66100355698615e-05,-11.0668809735176,-3.94099623804763,5.24489955983111,78.0857903320108,4.56324921204314,0.0326650459302501,0.000650346652949201,"FOXI1"
5162,-0.981771785128489,0.204900319469154,1.65571628262033e-06,-1.38336903170878,-0.580174538548196,0,0,0.733792465703002,0.391656658049832,4.65083804970206e-05,"PDHB"
54899,-0.87603973593584,0.320471965206721,0.00626475385588618,-1.50415324579579,-0.247926226075893,0.0408770506643972,9.10413661795354,1.1001600763688,0.294230976921361,0.0415892054352109,"PXK"
200845,-1.41874146667876,0.321879573303288,1.04484794879812e-05,-2.04961383771233,-0.787869095645198,0,0,0.0579924266211415,0.809697598324167,0.000225042889674841,"KCTD6"
8309,-2.51677704078133,0.77155669852021,0.00110649837855754,-4.02900038191157,-1.00455369965109,0.852976144516735,69.1891489051576,3.24560979156916,0.0716150370080211,0.0106411680728184,"ACOX2"
6890,1.55262431185175,0.372206911939806,3.02732481377875e-05,0.823112169652855,2.28213645405064,0,0,0.0457242889941418,0.830677769201744,0.000559909745736336,"TAP1"
84289,-0.63802877169069,0.200671720378367,0.00147547033904895,-1.03133811634798,-0.244719427033399,0,0,0.00168457511212517,0.967261156669709,0.0132890892327301,"ING5"
197259,1.47687452002912,0.307021609817777,1.50683131068654e-06,0.87512322231077,2.07862581774747,0,0,0.480284937695616,0.488293279904951,4.30728672371547e-05,"MLKL"
6338,-5.72175201735246,0.458724320637598,1.04565330288211e-35,-6.62083516463476,-4.82266887007017,0,0,0.557470755379846,0.455281112423009,1.40985434827595e-32,"SCNN1B"
11031,1.33763755888937,0.219090968545722,1.02544832599564e-09,0.908227151201753,1.76704796657698,0,0,0.574415468397085,0.448509642311538,6.98288877747433e-08,"RAB31"
23255,1.9621630161623,0.29883142667067,5.16431931740741e-11,1.37646418243907,2.54786184988554,0,0,0.55155050583008,0.45768484951441,4.40699476940532e-09,"MTCL1"
83657,-1.06714650898948,0.368685724142902,0.00379809893597724,-1.78975724992363,-0.344535768055322,0,0,0.00062656422390844,0.980030025610071,0.0279726614775006,"DYNLRB2"
157638,-0.878521969901727,0.266582914995724,0.000982493615455816,-1.40101488218705,-0.356029057616406,0,0,0.00527076477350745,0.942124400560133,0.00964692103966283,"LRATD2"
753,0.685698220156058,0.23242751196693,0.00317609972373654,0.230148667684624,1.14124777262749,0,0,0.0730789284673497,0.786905506037032,0.0245828660018024,"LDLRAD4"
9122,-1.49462764367963,0.339705081131235,1.08360646088208e-05,-2.16043736806211,-0.828817919297157,0,0,0.0134977085704975,0.90751017301263,0.000231908982731318,"SLC16A4"
9836,-0.794846420058956,0.2684652063586,0.00306935253299248,-1.32102855562393,-0.268664284493985,0,0,0.400401250867424,0.526882106966982,0.0238800231981175,"LCMT2"
10791,1.13229734229821,0.310215586252295,0.000262205911501014,0.524285965800736,1.74030871879569,0,0,1.0741146855063e-05,0.997385042642193,0.00330480160343287,"VAMP5"
3635,1.57286528230555,0.484621252345165,0.00117221617965338,0.623025081566325,2.52270548304477,0.159553177539315,25.949150254363,1.35042339613249,0.24520411177018,0.011130275176244,"INPP5D"
3954,-0.897014619042243,0.333616331234251,0.0071717721373104,-1.55089061291576,-0.243138625168725,0,0,0.190282897382155,0.662681268743091,0.0459084530420124,"LETM1"
54951,-0.84488061855126,0.253471887034291,0.00085843312231818,-1.34167638823188,-0.348084848870645,0,0,0.327719715531559,0.56700489720644,0.00866336361393414,"COMMD8"
1285,-2.36929808168092,0.641996877145277,0.000223801893071857,-3.62758883907285,-1.111007324289,0.450261490530949,46.7548248017292,1.87810444096816,0.170549746864035,0.00293056535923053,"COL4A3"
10636,0.712493929307837,0.262684641491389,0.00668070574643433,0.197641492692899,1.22734636592278,0,0,0.00798994778336952,0.928774745733552,0.0437261920287252,"RGS14"
10960,0.960032410779617,0.210739485950618,5.2250872467914e-06,0.54699060819592,1.37307421336331,0,0,0.369907793402439,0.543054532919267,0.00012557905766219,"LMAN2"
53917,0.81132257447066,0.234208352499635,0.000531996703586125,0.352282638692913,1.27036251024841,0,0,0.0786478640428907,0.779138214573225,0.00594768785609595,"RAB24"
3627,2.47243956989683,0.454301715623664,5.2601326392248e-08,1.58202456915969,3.36285457063397,0,0,0.516839459770809,0.472193001160408,2.28046200561633e-06,"CXCL10"
7369,-10.5786119343522,0.63078719042902,4.0116890636244e-63,-11.8149321095023,-9.34229175920209,0.447765377961433,54.5325431322952,2.19937526505973,0.138066683596783,1.80298678816159e-59,"UMOD"
9197,0.456834113960312,0.159299163856664,0.00413369763932136,0.144613490033906,0.769054737886719,0,0,0.580847159630911,0.445980452870108,0.0298845282954262,"SLC33A1"
5724,1.96518438936062,0.419069614955782,2.74009417924967e-06,1.14382303703221,2.78654574168902,0.0430475945864472,8.22692962494066,1.08964426700903,0.296550041228737,7.1737261784123e-05,"PTAFR"
6039,1.33076959962055,0.409858028156373,0.0011666780658918,0.527462625659453,2.13407657358164,0,0,0.475933675900603,0.490269990689741,0.0110854970841573,"RNASE6"
4881,-0.901308827500681,0.242251876973982,0.000198793906507372,-1.37611378155691,-0.426503873444448,0,0,0.334525848586568,0.563006179178219,0.00265643036812577,"NPR1"
143662,-7.71187950989447,0.673678006624127,2.4223019997528e-30,-9.03226414005449,-6.39149487973444,0,0,0.683112140326222,0.408517125394614,1.92117046250983e-27,"MUC15"
2705,-2.65282199357428,0.512274798892917,2.23660817475518e-07,-3.65686214959189,-1.64878183755666,0.274550136442352,45.637480712778,1.83950268146431,0.175009247203671,8.30748981273391e-06,"GJB1"
83640,0.621437559386956,0.213978677235326,0.00368189110225726,0.202047058546196,1.04082806022772,0,0,0.678080568864125,0.410248457864613,0.0274270374208478,"RAMAC"
699,1.26649732357733,0.428104406901066,0.00309256387597137,0.42742810442836,2.1055665427263,0,0,0.75954536026061,0.383470838438972,0.0240158557183689,"BUB1"
2873,-0.603514685296893,0.196521967748806,0.00213358704302044,-0.988690664255495,-0.21833870633829,0,0,0.0352024230289065,0.851172126304978,0.0178014567456959,"GPS1"
51181,-2.91757539225644,0.375154607225344,7.42677163952041e-15,-3.65286491105238,-2.18228587346049,0,0,0.0512511146103699,0.820900367839793,1.3138582906267e-12,"DCXR"
22871,1.34837519680363,0.408968337327348,0.000977178959385112,0.546811984824799,2.14993840878246,0,0,0.254821187677894,0.613700604586152,0.00961701015283902,"NLGN1"
84894,1.7850362176928,0.445583686537372,6.17392483775843e-05,0.911708239980967,2.65836419540464,0,0,0.420741916461977,0.516567074371604,0.00100656624652354,"LINGO1"
57099,1.04252843659688,0.287533984172961,0.000288115879851753,0.478972183286571,1.6060846899072,0,0,0.285856667882034,0.592887991987019,0.00356064748674719,"AVEN"
5028,1.31942226553358,0.317763056936879,3.2926483658707e-05,0.696618118319951,1.94222641274722,0,0,0.113239996543348,0.736485173235136,0.000599929431311278,"P2RY1"
4648,-2.03863743329488,0.474022701888422,1.70246461521315e-05,-2.96770485685055,-1.1095700097392,0.0107770317629598,2.22844145891501,1.02279232828204,0.311857575511146,0.00034056870039939,"MYO7B"
866,-2.70633429558426,0.563673639618741,1.57683533447268e-06,-3.8111143282716,-1.60155426289692,0,0,0.0647755892617376,0.799101201400468,4.45712176408704e-05,"SERPINA6"
57484,-1.81600974347733,0.416535387465344,1.30183139373401e-05,-2.63240410119584,-0.999615385758819,0,0,0.250513923656588,0.616713440291645,0.000270039887411011,"RNF150"
9121,-1.65949378988403,0.353373349084044,2.65112589817463e-06,-2.35209282718505,-0.966894752582999,0,0,0.504389527786434,0.477577725355368,6.95430554184601e-05,"SLC16A5"
3316,0.973568282468046,0.305658976519065,0.00144681295926505,0.374487696939304,1.57264886799679,0,0,0.48778735776606,0.484915977117752,0.0131501423623067,"HSPB2"
7314,-0.973029844227122,0.362840819402166,0.00732493449552946,-1.68418478237637,-0.261874906077875,0,0,0.0649777237943941,0.798794709712371,0.0464772477188651,"UBB"
2018,-1.44441269908801,0.309989562566723,3.16897278566484e-06,-2.05198107730211,-0.836844320873906,0,0,0.144856415853137,0.70350002683867,8.11455955163203e-05,"EMX2"
285966,1.57043312165506,0.352281331970756,8.27684978925772e-06,0.879974398566575,2.26089184474354,0.0362991832987891,7.45910941785778,1.08060338917137,0.298562612943817,0.000184457463981094,"TCAF2"
10446,-1.85530269831871,0.490805153649512,0.000156752379426761,-2.8172631228984,-0.89334227373902,0,0,0.238629709699852,0.625197566975423,0.0021833598469122,"LRRN2"
55890,-0.726212947517754,0.259485376064838,0.00513141562823344,-1.23479493911967,-0.217630955915841,0,0,0.259339681479001,0.61057416572327,0.0355716590825046,"GPRC5C"
4255,-0.706580817891239,0.248354865685696,0.00444051217469155,-1.19334741002049,-0.219814225761992,0,0,0.539847413203822,0.462495970239357,0.0315944198687948,"MGMT"
9963,-2.07176538889353,0.472693369623283,1.17112584966714e-05,-2.99822736908604,-1.14530340870101,0,0,0.529865948216118,0.466663223081753,0.000247109387027576,"SLC23A1"
164832,-0.99786274124684,0.333220130286945,0.00274800257636165,-1.650962195533,-0.344763286960683,0,0,0.874736719691124,0.349647313441306,0.0218850081140485,"LONRF2"
53343,-1.32849102150545,0.299283858770725,9.04199520992103e-06,-1.91507660585025,-0.741905437160662,0,0,0.0261863010991777,0.871446170435564,0.000198232880350187,"NUDT9"
5272,1.06650822839671,0.302260928219614,0.000418023602056537,0.474087695152622,1.6589287616408,0,0,0.493808599238985,0.482233276707558,0.0047967763630028,"SERPINB9"
153572,-4.38733467103449,1.00512184294807,1.27135588362017e-05,-6.35733728328723,-2.41733205878175,1.34813943319029,63.7397870597466,2.75784370502104,0.0967786009029715,0.000265351259734532,"IRX2"
133418,1.41908795258479,0.311493287570532,5.21970708186065e-06,0.808572327520564,2.02960357764901,0,0,0.370291047126272,0.542845665261046,0.00012557905766219,"EMB"
3790,1.3226897662395,0.419196499595082,0.00160334394008147,0.501079724587884,2.14429980789113,0,0,0.00441915638236108,0.946998278995008,0.0142598194882048,"KCNS3"
55038,0.909385879120986,0.327655053677604,0.00551276201683388,0.267193774560343,1.55157798368163,0,0,0.441752214759331,0.506277946171295,0.0376537843328122,"CDCA4"
1056,-2.87988056528859,0.486899282507916,3.32408928081418e-09,-3.8341856231025,-1.92557550747468,0,0,0.661675408567342,0.415969083474265,2.04651578873139e-07,"CEL"
2850,-2.01784308556592,0.525321130707209,0.000122453718905198,-3.04745358206991,-0.988232589061933,0,0,0.176942950864159,0.674013690782121,0.00178491188324193,"GPR27"
25948,0.838515362728424,0.244572180331622,0.000606929804157701,0.359162697658011,1.31786802779884,0,0,0.00152427429063183,0.968856938431282,0.00658875567589234,"KBTBD2"
11162,-1.11145228822505,0.276082768840747,5.67834419841529e-05,-1.65256457190501,-0.570340004545087,0.00361775719649161,0.80435117423885,1.0081087344431,0.315356354392146,0.000937100548680947,"NUDT6"
112464,2.60972714567279,0.818729628866571,0.00143492425032479,1.00504656001846,4.21440773132711,1.02974298684902,75.2787990498385,4.04511092327602,0.0442994673465778,0.0130788102660327,"CAVIN3"
80310,1.59815498370496,0.495419422893288,0.00125593637982494,0.627150757592497,2.56915920981742,0.277273911860184,44.4678664131407,1.80075919185758,0.179620739377714,0.011751415828716,"PDGFD"
90161,-5.43919331403613,0.450306400136562,1.36580715321743e-33,-6.32177764031167,-4.55660898776058,0,0,0.82841906200965,0.362730072393981,1.15094861542692e-30,"HS6ST2"
4534,-0.712655809745138,0.225155968315574,0.00154994983418837,-1.1539533985479,-0.271358220942372,0,0,0.529809351198587,0.466687023216751,0.0138305583152626,"MTM1"
2525,-4.67779540496361,0.592485612127128,2.89838294407927e-15,-5.83904586609094,-3.51654494383627,0,0,0.23915718348627,0.624815504966888,5.42762461597511e-13,"FUT3"
155066,-1.06596213968781,0.376664402108712,0.00465472773145586,-1.8042108020792,-0.327713477296423,0,0,0.0460150728237332,0.830148401371038,0.0329620241613547,"ATP6V0E2"
81831,4.04752026881353,0.95283498105433,2.15811406681937e-05,2.17999802273714,5.91504251488992,1.4619771770901,78.5912481075591,4.67098691705183,0.0306762945568125,0.000415683599470365,"NETO2"
79801,-1.06580373398394,0.333173763917289,0.00137932646541142,-1.71881231185548,-0.412795156112402,0,0,0.828445088582513,0.362722533513499,0.0126685686193066,"SHCBP1"
25928,-5.68615707989711,1.93853935119425,0.00335469052910663,-9.48562439085148,-1.88668976894274,6.12783810326552,80.480375314283,5.12304932139255,0.0236100936531877,0.0256995979567867,"SOSTDC1"
1184,-2.63014676416724,0.950864069113867,0.00567381498785866,-4.49380609382362,-0.766487434510855,1.50711650459485,81.7241234875842,5.47169378891703,0.0193268858535477,0.0385196613702409,"CLCN5"
8862,2.6231377458828,0.590723467526051,8.97287926552815e-06,1.46534102470913,3.78093446705648,0.452046226797892,59.0796340258771,2.44377091014381,0.117992273601862,0.000197037998594652,"APLN"
27115,-1.75811937711839,0.347667887330484,4.26141715710649e-07,-2.43953591486727,-1.07670283936951,0,0,0.2335233114099,0.628923563690386,1.43641718823167e-05,"PDE7B"
9,-0.907173418765092,0.304902751305869,0.00292713840584277,-1.50477183011177,-0.309575007418417,0,0,0.482337407430456,0.487365470419805,0.0229738672301748,"NAT1"
84230,0.859232079785661,0.237784740938545,0.000302106462026803,0.393182551472926,1.3252816080984,0,0,0.381492953115564,0.536805314212707,0.00371651590101038,"LRRC8C"
2110,-0.888277547309937,0.302953562488405,0.00336723386491166,-1.48205561877532,-0.294499475844558,0,0,0.643632537685254,0.422398455608132,0.0257371962588458,"ETFDH"
4135,-1.73911609002174,0.310089406418492,2.04165071034031e-08,-2.34688015858939,-1.1313520214541,0,0,0.629725108276928,0.42745616390246,1.00465607764666e-06,"MAP6"
2857,0.905623618185184,0.339542136706669,0.00764882646783805,0.240133259006337,1.57111397736403,0,0,0.0248632101092748,0.874708392007459,0.0478779606619594,"GPR34"
10243,-1.83329893759188,0.416599672680347,1.07939522003308e-05,-2.64981929201654,-1.01677858316722,0.135314793210221,22.3326907109921,1.28754299479965,0.256501239599803,0.000231374972205183,"GPHN"
5053,-7.06711452891633,2.01885474556054,0.00046428830218419,-11.0239971202328,-3.1102319375999,7.55161542968276,92.6401990717143,13.587324028789,0.000227718016124247,0.00525608663169558,"PAH"
2628,-4.14986746319347,1.08377013752693,0.000128611185033487,-6.27401790026627,-2.02571702612066,1.94227083498931,82.3790292664633,5.67505624475486,0.0172077881415359,0.00185263312799841,"GATM"
6241,2.21570404174256,0.294632692452015,5.46821939138256e-14,1.63823457586855,2.79317350761658,0,0,0.185460822867659,0.666721697241661,8.37818205159217e-12,"RRM2"
83660,-1.84034084120724,0.2112189369323,2.9605730847713e-18,-2.25432235044739,-1.4263593319671,0,0,0.912879867751889,0.339351458010209,8.1464095718309e-16,"TLN2"
4118,-5.01941144794125,1.56474020279923,0.00133743237078189,-8.08624589058964,-1.95257700529285,4.49021121317289,91.4609401896329,11.7108911543858,0.000621353561358637,0.012376527560228,"MAL"
10869,-0.793607629061865,0.294005668962881,0.00694868374930353,-1.36984815147972,-0.217367106644013,0,0,0.534974755649671,0.464522845095535,0.044913280437133,"USP19"
94103,-0.858298093647332,0.28796992449699,0.00287766056024227,-1.42270877429215,-0.293887413002512,0,0,0.0546827342794876,0.815106557567,0.0227429644394763,"ORMDL3"
3669,2.02325039461773,0.604644846685139,0.000819332375460026,0.838168271677114,3.20833251755834,0.364408454754796,45.2338471408969,1.82594531073362,0.176607216856239,0.00836577130022182,"ISG20"
64581,1.57302368466094,0.353610816965022,8.64880261444595e-06,0.879959218865713,2.26608815045617,0,0,0.096593717782244,0.75595624380728,0.000191480797455788,"CLEC7A"
257194,-1.31298283749492,0.35502311729599,0.000217046241380615,-2.0088153610742,-0.617150313915638,0,0,0.723064669536391,0.395140478259805,0.0028578461645848,"NEGR1"
7690,0.59830566610478,0.204348471679657,0.0034129321511273,0.19779002131685,0.99882131089271,0,0,0.188089606982647,0.664511399921496,0.0259770078274593,"ZNF131"
8801,-2.26450594202249,0.621387612679885,0.000268148944423537,-3.48240328331439,-1.04660860073059,0.496467635147459,58.569624663442,2.41368800518107,0.12027870362495,0.00336321136526749,"SUCLG2"
3603,1.30977008248653,0.29709751674179,1.04063663003653e-05,0.727469649776332,1.89207051519672,0,0,0.731832801369951,0.392289750596315,0.00022449445892452,"IL16"
9854,-0.846998509285668,0.262446748579828,0.00124957514019207,-1.36138468436177,-0.332612334209568,0,0,0.0337484941406525,0.854242821159709,0.0117081456672756,"C2CD2L"
9915,-2.12155136771361,0.316712597295627,2.10333157284604e-11,-2.74229665186318,-1.50080608356404,0,0,0.000414005587720618,0.983766461439837,1.95580824804712e-09,"ARNT2"
189,-5.19198828574683,0.477231479398655,1.4452388435346e-27,-6.12734479765696,-4.25663177383669,0,0,8.25501753941694e-05,0.992750749845142,9.74307766368848e-25,"AGXT"
1521,2.27327634153703,0.570154672328167,6.68795878795172e-05,1.15579371815658,3.39075896491747,0.181258525754252,24.0450254090965,1.31656946156067,0.251208654317949,0.00107605904937891,"CTSW"
64393,0.750639197760395,0.259340911262034,0.00379870527073379,0.242340351969009,1.25893804355178,0,0,0.795914295296716,0.372317742351862,0.0279726614775006,"ZMAT3"
91607,1.48228300676817,0.463493389433968,0.00138352035411284,0.573852656405197,2.39071335713115,0.0654084035598156,10.9369426620779,1.12279999125318,0.289316341317279,0.0126984376681439,"SLFN11"
23023,1.93560605281175,0.217799230417857,6.27180428861216e-19,1.50872740533221,2.36248470029129,0,0,0.753088639795664,0.385500107555558,1.83832037442082e-16,"TMCC1"
5017,-2.00956582430492,0.523870494704633,0.00012505576078376,-3.03633312648918,-0.982798522120662,0,0,0.000378063688254463,0.984487021862721,0.00180986507487091,"OVOL1"
283848,2.16413823009017,0.381314476060384,1.38309736871769e-08,1.41677559022806,2.91150086995229,0,0,0.247915430351563,0.61854672675566,7.28449289938303e-07,"CES4A"
57546,-1.48982897141876,0.290680515039268,2.97041966685225e-07,-2.05955231190328,-0.92010563093424,0,0,0.950936148382132,0.329481123233076,1.06516405234492e-05,"PDP2"
55191,0.955850885604952,0.248707518382843,0.00012140430087965,0.468393106890248,1.44330866431966,0,0,0.0361739919669585,0.849156629905289,0.00177153050731637,"NADSYN1"
116535,-2.43927071540451,0.462604254137688,1.34277235222041e-07,-3.34595839260939,-1.53258303819963,0,0,0.245175756821164,0.620492649288349,5.2629650072639e-06,"MRGPRF"
130,-3.16426874232583,0.917138091370493,0.000560264386202476,-4.9618263702618,-1.36671111438986,1.10863390812433,62.6932773149608,2.68048203655536,0.10158497469549,0.00619183993374425,"ADH6"
10855,1.03245361537893,0.290047181411173,0.000371411949842239,0.463971585995673,1.60093564476218,0,0,0.55179612095382,0.45758472743775,0.00435004935502874,"HPSE"
22885,1.58352577914347,0.303632239567532,1.83544236898143e-07,0.988417525045866,2.17863403324106,0,0,0.65693671111956,0.417643487009302,6.95148018566758e-06,"ABLIM3"
2745,-0.681319126068218,0.224528883188584,0.00240983745550847,-1.12138765060684,-0.241250601529593,0,0,0.122872983465554,0.725939157547902,0.0196800959494977,"GLRX"
10655,-6.41699141138617,1.55099076539336,3.51340209844924e-05,-9.45687745191137,-3.37710537086096,3.84689967606609,78.6806623669702,4.69057724593991,0.0303284570713285,0.000629099608145963,"DMRT2"
79660,1.01166408078719,0.282660895983961,0.000344814682603036,0.457658904820803,1.56566925675358,0,0,0.514339046246552,0.47326652489411,0.00411427996950153,"PPP1R3B"
713,3.24229645872499,1.05383883887413,0.00209338816513605,1.17681028902219,5.30778262842779,1.8175560204933,81.163950815735,5.3089689362001,0.0212159088075385,0.0175748148384367,"C1QB"
712,2.55100191645089,0.931781993335536,0.00618578998406656,0.724742768070295,4.37726106483148,1.39606554243923,79.6660858133562,4.91789229963823,0.0265799247511571,0.0411460317489736,"C1QA"
79625,-3.04177703648467,0.492061073457372,6.34124218888152e-10,-4.00619901865524,-2.07735505431411,0,0,0.0857186837347227,0.769692202325371,4.49994570698366e-08,"NDNF"
5797,1.47167389253325,0.387951045579892,0.000148567017112345,0.711303815432003,2.23204396963449,0.0088399260203423,2.11316802445844,1.02158786817196,0.312142658255603,0.00210029030870319,"PTPRM"
7423,0.914038943638779,0.325573652084276,0.00499320054521527,0.275926311238424,1.55215157603913,0.0157003260762093,4.17272455800055,1.04354422620025,0.306998608943162,0.0348464404508993,"VEGFB"
4485,-1.36103597748055,0.41945053695503,0.00117530311970487,-2.1831439232084,-0.538928031752709,0,0,0.440644794629467,0.506811404551106,0.0111517325566367,"MST1"
92597,-1.48702652457425,0.353922498502097,2.65082260820233e-05,-2.1807018749568,-0.793351174191714,0,0,0.228648651506335,0.632527648323599,0.000496872515704822,"MOB1B"
90441,0.654856920309332,0.22587886492353,0.00374174734083349,0.212142480190426,1.09757136042824,0,0,0.239222424996912,0.624768285254481,0.0277197688991527,"ZNF622"
1464,2.27540649693363,0.30239104185921,5.28353264704513e-14,1.68273094564203,2.86808204822522,0,0,0.899878703107558,0.342814237381187,8.18826099771373e-12,"CSPG4"
257364,0.600928492040304,0.204905658937043,0.00336019615751321,0.199320780295252,1.00253620378536,0,0,0.0141270209913121,0.905388534098915,0.0257125566354998,"SNX33"
27284,-1.35743170429113,0.430974492426088,0.0016344943071143,-2.20212618770169,-0.51273722088057,0,0,5.12226154562517e-06,0.9981941961869,0.0144661392599298,"SULT1B1"
11163,-1.17411563621359,0.218973084239891,8.23430985763969e-08,-1.60329499490743,-0.744936277519744,0,0,0.0136298788567231,0.907060487114813,3.41609845570941e-06,"NUDT4"
5091,-1.76658522012828,0.39136867177195,6.36568454467264e-06,-2.53365372147858,-0.999516718777982,0,0,0.0656446600689444,0.797787035988645,0.000149007855409412,"PC"
7388,-1.1409074477174,0.306471123153755,0.000197084818030421,-1.7415798114003,-0.540235084034502,0,0,7.69902729204749e-05,0.99299912346997,0.00264144592594848,"UQCRH"
56667,-3.71270826412212,0.75764014727448,9.56619813053474e-07,-5.19765566602173,-2.22776086222252,0,0,0.0119252451166206,0.913041662796914,2.9193864516982e-05,"MUC13"
1267,-0.958637580560941,0.262347730264686,0.00025811350855401,-1.47282968330555,-0.444445477816327,0,0,0.137964996359253,0.710312521201022,0.00327081243969335,"CNP"
3728,-1.28334042815162,0.270569601418566,2.10465577146346e-06,-1.81364710224336,-0.753033754059869,0,0,0.0226893265208684,0.88026777911603,5.75599873562715e-05,"JUP"
57674,1.02835000845592,0.177371025300922,6.72169898275475e-09,0.680709186965172,1.37599082994667,0,0,0.0107767821605898,0.917319113526043,3.90640807691734e-07,"RNF213"
81033,-2.79247128499368,0.769308394318242,0.000283589952991905,-4.30028803086177,-1.28465453912558,0.671406471351725,56.2426176020547,2.28532865815793,0.130602473801748,0.00352020961195012,"KCNH6"
23333,1.34616459081706,0.48167844363065,0.00519419450224439,0.402092189171683,2.29023699246244,0.201118834161774,33.5027361974789,1.50382127446586,0.220084331316859,0.0359536800198596,"DPY19L1"
6712,-3.63710870125446,0.96949358116923,0.000175741037865916,-5.53728120358891,-1.73693619892001,1.5085875114917,78.9265286157913,4.74530266878263,0.0293783852002433,0.00239426479429289,"SPTBN2"
80311,-0.648444227462553,0.222502450205644,0.00356459756884767,-1.08454101633753,-0.212347438587574,0,0,0.381814045974786,0.536633985127179,0.0267901165110218,"KLHL15"
947,0.744086331191972,0.260605334781616,0.00430066276749539,0.233309260841,1.25486340154294,0,0,0.0769876176254234,0.7814219821955,0.0308599447015116,"CD34"
54872,0.620984999483798,0.179276401838371,0.000532520636439485,0.269609708602661,0.972360290364935,0,0,0.262871518528329,0.608154210992202,0.00594861287581904,"PIGG"
23051,-1.05009496083495,0.23069291975526,5.31593767700107e-06,-1.50224477504365,-0.597945146626257,0,0,0.167091503688972,0.682709722854161,0.000127535209428835,"ZHX3"
23612,2.12908715828399,0.435930829015624,1.03953877059637e-06,1.27467843366268,2.98349588290531,0.159356200483261,31.5225155486099,1.46033401783307,0.226876982503652,3.13559311945209e-05,"PHLDA3"
340024,-7.60035561736121,1.93262674656731,8.40125234622425e-05,-11.388234436192,-3.81247679853048,6.66244920633541,89.187901000409,9.24889792479541,0.00235637190831827,0.00129274517374729,"SLC6A19"
488,0.959139365588959,0.23185514351191,3.52176148119428e-05,0.504711634675249,1.41356709650267,0,0,0.810160588746879,0.368072776844842,0.000629760080251226,"ATP2A2"
148808,-3.62993163595699,0.437827395948065,1.12506011444708e-16,-4.48805756346016,-2.77180570845383,0.175053851912216,28.8646424255936,1.40577068014878,0.235759755163404,2.61537681432586e-14,"SLC60A1"
133022,-1.5150916740441,0.403283835347842,0.000172040345049805,-2.30551346687305,-0.724669881215149,0,0,0.21960071751844,0.639344320113851,0.00235255575284638,"TRAM1L1"
3177,-1.86240509836236,0.696957539019034,0.00753572796131775,-3.22841677359334,-0.496393423131387,0.340218029122759,31.4427930828948,1.45863585313377,0.227147295538568,0.0473686750844873,"SLC29A2"
51574,-0.890009566210366,0.3216064991721,0.00565076737832872,-1.52034672178169,-0.259672410639039,0,0,0.335273012426836,0.562570520564948,0.0383825171597008,"LARP7"
6731,0.539048016028038,0.168373995867995,0.00136717828533077,0.209041048193672,0.869054983862404,0,0,0.666230111696961,0.414369057414351,0.0125741233431888,"SRP72"
9662,-0.745287795961003,0.278462294722634,0.00744087503978721,-1.29106386466974,-0.199511727252263,0,0,0.516846824661398,0.472189844950172,0.0469687819107917,"CEP135"
5174,-1.74138078085802,0.485519793071974,0.000334976653639703,-2.69298208906043,-0.789779472655615,0.182865964007759,34.9184342263175,1.53653340713628,0.215134539005527,0.00402898324801438,"PDZK1"
28,-2.0404246115146,0.467796047612947,1.29007087118186e-05,-2.95728801694616,-1.12356120608304,0,0,0.291866810736156,0.589026710255763,0.00026842632031088,"ABO"
5095,-2.46121582304402,0.80622102338908,0.00226731714439602,-4.04137999246564,-0.8810516536224,0.973544555772424,72.9560505677416,3.69768477235497,0.0544880254735884,0.0186968624072293,"PCCA"
392,0.806202279506142,0.276774640613783,0.00358149628232825,0.263733952069111,1.34867060694317,0,0,0.0827595881831392,0.773591959230833,0.0268919678412036,"ARHGAP1"
378708,-1.7101252206301,0.43487588393718,8.40864434752184e-05,-2.56246629089199,-0.857784150368207,0,0,0.78808326739937,0.374680333295756,0.00129274517374729,"CENPS"
254295,-2.20493039218068,0.806775834348863,0.00627574894404359,-3.7861819711017,-0.623678813259654,0.882877929309627,64.638974327853,2.82797226888041,0.09263525518832,0.0416219172766642,"PHYHD1"
85007,0.853939132814168,0.252969524394834,0.000736388304714341,0.358127975814067,1.34975028981427,0,0,0.0531980684590409,0.817589000891991,0.00770617928708742,"PHYKPL"
4023,-1.75887316037757,0.437129358055194,5.72932473236283e-05,-2.61563095875086,-0.902115362004272,0,0,0.301747327831646,0.582789071170641,0.00094205469959083,"LPL"
11007,1.61312716089231,0.360964686824865,7.86105840825442e-06,0.905649375024792,2.32060494675982,0,0,0.397654642988554,0.528302989256258,0.000176945994187804,"CCDC85B"
146691,-1.4043994792536,0.329056905210548,1.97274679898255e-05,-2.04933916233048,-0.759459796176712,0,0,0.109377150369276,0.740854358390745,0.000386606760038979,"TOM1L2"
7025,-1.06966965900664,0.366020483697056,0.00347310410686608,-1.7870566246568,-0.352282693356476,0,0,0.0483000351794588,0.826048190025598,0.0262930166607947,"NR2F1"
3234,-1.79647459316271,0.278400049615786,1.09763825474891e-10,-2.34212866370382,-1.25082052262161,0,0,0.637450800588233,0.424635409455214,8.86195005316139e-09,"HOXD8"
379,-2.20234809549254,0.386331872187117,1.19341838638116e-08,-2.95954465105922,-1.44515153992586,0,0,0.23029148504624,0.631307780921004,6.46219281268159e-07,"ARL4D"
84617,1.29902836054805,0.282833403336102,4.3710764985845e-06,0.744685076384404,1.85337164471171,0,0,0.200318429925276,0.654463941250717,0.000108138026477825,"TUBB6"
26471,1.18510075907875,0.406432158354074,0.00354705470993195,0.388508366545882,1.98169315161161,0,0,0.0557742835581468,0.813304019116201,0.0266731392381553,"NUPR1"
55254,0.895297070098863,0.229708307162185,9.71752040466722e-05,0.445077061111317,1.34551707908641,0,0,0.00288326960374322,0.957177301580416,0.00146082046026798,"TMEM39A"
159371,0.916458869357257,0.257336137065284,0.000368981174283261,0.412089308788636,1.42082842992588,0,0,0.000224285676659188,0.988051191602313,0.00434116332710402,"SLC35G1"
3291,-3.54978037674533,0.398556683629642,5.26269530684973e-19,-4.33093712245715,-2.76862363103351,0,0,0.557940369484308,0.455091291316817,1.57682046271677e-16,"HSD11B2"
63951,-1.1574078072538,0.34625474824138,0.000829830338512032,-1.83605464328289,-0.47876097122471,0,0,0.326005740404344,0.568020572781863,0.0084506060832007,"DMRTA1"
155382,-0.943105445422032,0.355835518781679,0.00803972012958432,-1.64053024665425,-0.245680644189816,0,0,0.206853400398049,0.649244935350599,0.0497245626179749,"VPS37D"
161198,1.5304646536876,0.373640030147819,4.20179531263962e-05,0.798143651415412,2.26278565595978,0,0,0.346612552420382,0.556036974213825,0.000729472936301815,"CLEC14A"
222171,-1.87586339863449,0.454908070364822,3.72980459123395e-05,-2.76746683282616,-0.984259964442828,0,0,0.0827486875684541,0.773606463517093,0.000660827270743854,"PRR15"
2788,-0.756350948953408,0.279425499536073,0.00679337012035274,-1.30401486440623,-0.20868703350059,0,0,9.58671045089192e-05,0.992187897593567,0.0442487967790898,"GNG7"
84002,0.997976964846657,0.291048010415716,0.000606014042191062,0.427533346659815,1.5684205830335,0,0,0.131236381254628,0.717153545202164,0.00658411549626277,"B3GNT5"
51115,-0.763718583343607,0.225118396350304,0.000692529644553031,-1.20494253244762,-0.322494634239598,0,0,0.34529409877632,0.55678919203124,0.00731448141298373,"RMDN1"
220441,-2.66743810162997,0.820663435270783,0.00115265671341425,-4.27590887818962,-1.05896732507032,0.986277391642298,70.7740700558569,3.42161909616293,0.0643478740741426,0.0109832300119889,"RNF152"
401466,0.698986276344042,0.238367960824982,0.00336371091682182,0.231793658058823,1.16617889462926,0,0,0.156307080455568,0.692579510401951,0.0257248521222397,"RBIS"
7298,1.74003603268138,0.501866273396155,0.000526045769707482,0.756396211769587,2.72367585359318,0.250708857338451,40.1037113357168,1.66955252537426,0.196318480714019,0.00589092617355979,"TYMS"
5827,-1.58344057305801,0.400173541822535,7.59335520997052e-05,-2.36776630259601,-0.799114843520009,0,0,0.827761107283309,0.362920728106631,0.00119464653787669,"PXMP2"
56892,-1.39544829914878,0.372658433753712,0.000180697762875021,-2.12584540784117,-0.665051190456403,0,0,0.487266160147505,0.485149348818234,0.00244300597578752,"TCIM"
6470,-2.21698034823983,0.498887378894173,8.83634940492658e-06,-3.19478164321399,-1.23917905326566,0.253141638520165,42.8420283883476,1.74953724179417,0.185934918091826,0.000194356442131525,"SHMT1"
54503,0.886803240385205,0.257968978694235,0.000586817697752812,0.381193333015923,1.39241314775449,0,0,0.0116462102119811,0.914061049179054,0.00642212907370224,"ZDHHC13"
6330,1.42750800796753,0.436544212149847,0.00107540139054696,0.571897074494415,2.28311894144064,0,0,0.517025090020382,0.472113460063566,0.0104014612257853,"SCN4B"
391,0.959669382219305,0.328272466053063,0.00346239362895471,0.316267171639153,1.60307159279946,0.0567002269290121,15.3217497161366,1.1809407925267,0.277164552108607,0.0262536219920485,"RHOG"
440556,-5.62470281052278,0.333630637880561,8.99915157701498e-64,-6.27860684490781,-4.97079877613776,0,0,0.822779449565052,0.364368771454826,6.06677803564465e-60,"PRDM16-DT"
124903827,-5.62470281052278,0.333630637880561,8.99915157701498e-64,-6.27860684490781,-4.97079877613776,0,0,0.822779449565052,0.364368771454826,6.06677803564465e-60,"LOC124903827"
284716,1.91396766988768,0.469147619762894,4.50995954822071e-05,0.994455231719712,2.83348010805564,0,0,0.459826698717501,0.497704976887907,0.000772652917263785,"RIMKLA"
219285,1.08618504646225,0.31495974683645,0.000563402309364794,0.46887528608295,1.70349480684154,0,0,0.0532529741437378,0.817496550308695,0.0062163284264857,"SAMD9L"
125170,-0.993571411141339,0.362197185788667,0.00608476616453039,-1.70346485058889,-0.283677971693789,0,0,0.000178460690624765,0.989341442587211,0.0406880907315738,"MIEF2"
266812,-1.10395781856163,0.367477274069175,0.00266321685746446,-1.82420004087417,-0.383715596249097,0,0,0.535951882076426,0.464115256855027,0.0213611855378902,"NAP1L5"
2828,1.55391895902313,0.551649225469283,0.00484955717303017,0.472706345003915,2.63513157304234,0.25546390005311,35.4326674019092,1.54877080988408,0.213316994385481,0.0340200725098677,"GPR4"
284119,0.943686893187942,0.300255046447204,0.00167253845803421,0.355197815975022,1.53217597040086,0,0,0.72129645025937,0.395718978986103,0.0147584005429812,"CAVIN1"
10009,0.730310599076605,0.262031987823966,0.00531812846245929,0.216737340144194,1.24388385800902,0,0,0.0511913048538963,0.821003130339279,0.0365838398261932,"ZBTB33"
79718,0.735577069690708,0.236341360071867,0.00185604207858316,0.272356515892636,1.19879762348878,0,0,0.154823871193037,0.693967469415808,0.01603139996511,"TBL1XR1"
255082,-0.924427593092894,0.310908515084724,0.00294606134112461,-1.53379708514578,-0.315058101040007,0,0,0.0527012861717982,0.81842778051478,0.0230862461905369,"CASC2"
23765,0.68339784168998,0.221859811463272,0.00206782595786737,0.248560601605121,1.11823508177484,0,0,0.116963091095895,0.732351892269177,0.0173710264111687,"IL17RA"
283229,1.29943283843111,0.417843579141091,0.00187179365768906,0.480474472143259,2.11839120471896,0,0,0.984424503060816,0.321108903393319,0.0161467651225986,"CRACR2B"
977,0.827741251259859,0.300162922925326,0.00582202953236937,0.239432732831949,1.41604976968777,0,0,0.200810084046615,0.654067762572344,0.0393673140345718,"CD151"
3766,-6.39572746513203,1.92239988936856,0.000878022651158503,-10.1635620121782,-2.62789291808586,6.9349843495056,93.6269121432868,15.6909809260927,7.45789448650404e-05,0.00882802341951536,"KCNJ10"
1176,0.917411111028229,0.306096037776875,0.00272530105102554,0.317473901175143,1.51734832088131,0.0731734038224429,15.9401821836262,1.18962903558091,0.275404396972202,0.0217685035965505,"AP3S1"
440836,1.80882699348583,0.395346768347805,4.7555573515704e-06,1.03396156611983,2.58369242085182,0,0,0.552701642044624,0.457215901083166,0.000115947883853931,"CIMAP1B"
92949,-0.816516684780602,0.256559438523456,0.00145977541061922,-1.31936394418039,-0.313669425380812,0,0,0.491828184149488,0.483112924857981,0.0132094978935429,"ADAMTSL1"
259173,-1.56211545724879,0.421105502976734,0.000207621061308994,-2.38746707677481,-0.736763837722768,0,0,0.17798178525444,0.673113430045871,0.00276070490101496,"ALS2CL"
25915,-1.01236925980678,0.286084436160171,0.000402090486522496,-1.57308445121816,-0.451654068395394,0,0,0.0468319719199803,0.828670542262895,0.00465754813555224,"NDUFAF3"
143888,1.03519485214082,0.305218338558405,0.00069472231417131,0.436977901145192,1.63341180313645,0,0,0.0303642499579764,0.861666314544178,0.0073293747746258,"POGLUT3"
63917,-1.05609623385719,0.344049581311117,0.00214342216054513,-1.73042102212306,-0.38177144559131,0,0,0.207805668662894,0.648492761753977,0.0178724557765183,"GALNT11"
84792,0.690199280725678,0.236561563015536,0.00352701790302104,0.226547137088724,1.15385142436263,0,0,0.240465122150313,0.623870380727877,0.026563873042819,"FAM220A"
2731,-2.68781342303175,0.428863322860235,3.67371232623856e-10,-3.52837009012799,-1.84725675593552,0,0,0.167266651972095,0.68255253371741,2.7792504787827e-08,"GLDC"
79861,-4.73916064468,1.04490431457485,5.74679272391259e-06,-6.78713546853722,-2.69118582082277,1.2472059321017,54.768138670791,2.21083097315351,0.137044833964764,0.000137139834153121,"TUBAL3"
54681,-0.799224337761979,0.2579934280503,0.00194931603563815,-1.30488216498859,-0.293566510535366,0,0,0.0186450544995174,0.891388954933704,0.016634574752221,"P4HTM"
55175,-1.27883394083673,0.300828868387802,2.12785249350797e-05,-1.86844768838676,-0.689220193286699,0,0,0.793564685179373,0.373024414852469,0.000411029157162866,"KLHL11"
788,-0.97088626353007,0.267770636455225,0.000288053719174648,-1.49570706709968,-0.446065459960461,0,0,0.713687914460144,0.398222225602164,0.00356064748674719,"SLC25A20"
9852,-0.522402808086078,0.174804549837465,0.00280353592132055,-0.865013430101246,-0.17979218607091,0,0,0.0368096073572542,0.847853202178471,0.0222615281667639,"EPM2AIP1"
2066,-5.00341283904078,1.67062174171951,0.00274498314780622,-8.2777712846006,-1.72905439348096,4.9290750664437,87.5605854698601,8.03896355071266,0.00457817243360373,0.0218850081140485,"ERBB4"
22882,1.07348875660532,0.334039004082723,0.0013105343194566,0.418784339171558,1.72819317403909,0,0,0.196242446194507,0.657771085143564,0.0121861615374023,"ZHX2"
9242,3.1616068768188,1.1575209294058,0.00630734478817228,0.892907543832105,5.43030620980549,2.18822737830862,80.9365473230347,5.24563948066089,0.0220018402807777,0.0417691207165652,"MSC"
79818,-1.13763933423781,0.339795027641339,0.000813921868885495,-1.80362535054063,-0.471653317934998,0,0,0.914588814149346,0.338899795824796,0.0083389882660966,"ZNF552"
127707,-1.15733566009088,0.431063878948779,0.00725654842249878,-2.00220533786662,-0.312465982315141,0,0,0.99531203815525,0.318447522530143,0.0462163639020081,"KLHDC7A"
283849,0.997392072403455,0.306540512057701,0.00113910927496273,0.396583708967895,1.59820043583902,0,0,0.045588424964707,0.830925711088013,0.0108926314569663,"EXOC3L1"
285343,-0.805070818705939,0.236899793717911,0.000677911123842496,-1.26938588233801,-0.340755755073865,0,0,0.489040766375451,0.484355508862705,0.00719706746674675,"TCAIM"
143458,1.46827212294053,0.35795354835691,4.09858167720343e-05,0.766696060022668,2.16984818585839,0,0,0.205149963887142,0.650595666781067,0.000715818351732303,"LDLRAD3"
64856,1.19340036442606,0.317469583678087,0.000170524703352334,0.571171414230084,1.81562931462204,0,0,0.0735711978252078,0.786206364743445,0.00233894666866686,"VWA1"
2918,1.90682872831975,0.620162094534659,0.00210695780852377,0.691333358454891,3.1223240981846,0,0,0.0399021639299304,0.841671993319155,0.0176447901443018,"GRM8"
144811,0.922679148339633,0.310836458528632,0.00299378917509841,0.313450884541537,1.53190741213773,0,0,0.0369859645842518,0.847493625729668,0.0234191434682533,"LACC1"
1003,1.39938256518999,0.279564771363982,5.56953820267317e-07,0.851445681970414,1.94731944840957,0,0,0.125209713378783,0.723451415495069,1.81825868248529e-05,"CDH5"
126326,1.7221069216054,0.294444169598225,4.95517627292118e-09,1.14500695373507,2.29920688947572,0,0,0.0402639710943272,0.840965343972915,2.94320007435226e-07,"GIPC3"
55600,-3.95164111407441,0.770592832725757,2.9275357780374e-07,-5.46197531296159,-2.44130691518723,0,0,0.00190656624933064,0.965172040760033,1.05258573054076e-05,"ITLN1"
66004,-1.39142579195425,0.378468524630023,0.000236489489845619,-2.1332104695111,-0.649641114397389,0,0,0.244714155644605,0.620821844612531,0.00306300460287078,"LYNX1"
223082,-0.590579304744203,0.208555075064555,0.00462916190025011,-0.999339740663778,-0.181818868824628,0,0,0.412243674903657,0.520832895838094,0.0327982080405004,"ZNRF2"
284071,-2.10481096699254,0.457059805925234,4.12246661209459e-06,-3.00063172538686,-1.20899020859821,0,0,0.219002711603769,0.639800854912725,0.000102741621683681,"MEIOC"
3059,1.48304906201634,0.265814668633672,2.41544415559539e-08,0.962061884931898,2.00403623910079,0,0,0.11872495901621,0.730421509593882,1.16729152508576e-06,"HCLS1"
222166,-2.30176644785316,0.315788180731438,3.12363885061801e-13,-2.9206999088302,-1.68283298687611,0,0,0.669539304758339,0.413212272462995,4.04961755989256e-11,"MTURN"
1582,-1.49623459738759,0.523612731569925,0.00426963812740947,-2.52249669311128,-0.469972501663895,0,0,0.0519725521567579,0.819665758546728,0.030717952069958,"CYP8B1"
2619,-2.12384102090735,0.380415181339534,2.36465293826356e-08,-2.86944107550511,-1.37824096630959,0,0,0.0560060380288698,0.812923712084714,1.14685667505782e-06,"GAS1"
3753,-1.2756001417658,0.437930488677113,0.00358213856284222,-2.13392812730496,-0.417272156226628,0,0,0.70988341919703,0.399482516610706,0.0268919678412036,"KCNE1"
6752,-1.894135232098,0.373552646711855,3.9656804106694e-07,-2.62628496598285,-1.16198549821314,0,0,0.0907302774660405,0.763250803912072,1.36054119534492e-05,"SSTR2"
146802,-5.31046263021813,1.74354989516948,0.0023208057446804,-8.7277576299989,-1.89316763043737,5.50914546907837,90.6006639360938,10.6390493243458,0.00110724577187837,0.0190510297199793,"SLC47A2"
5551,1.99546220789354,0.441778852021823,6.2757347325312e-06,1.12959156879931,2.86133284698776,0,0,0.157749693738728,0.691236826130886,0.000147157793736901,"PRF1"
55432,-0.921321960471476,0.236902221898693,0.000100641980281263,-1.38564178325043,-0.457002137692523,0,0,0.240489294922277,0.623852943373339,0.00150271962362377,"YOD1"
143503,2.31754608139637,0.777879803683444,0.0028889711914355,0.792929681875728,3.842162480917,0.673794376368577,44.7515573639277,1.81000577081803,0.178507537620792,0.0228056197740778,"OR51E1"
79642,0.779103373322722,0.269192707682813,0.00380099697331205,0.25149536136359,1.30671138528185,0,0,0.306375537066344,0.579912864034756,0.0279742588379729,"ARSJ"
64782,2.04146241640985,0.284710599040123,7.4829741250204e-13,1.48343989627439,2.59948493654532,0,0,7.52516111086987e-05,0.993078622834228,9.17208546615e-11,"AEN"
284439,-1.14996181756409,0.355428778872087,0.00121463393475241,-1.84658942322243,-0.453334211905747,0,0,0.311210117872878,0.576938556343209,0.0114577236718237,"SLC25A42"
343413,1.49304787402543,0.46944320542528,0.00147038694957794,0.572956098604845,2.41313964944602,0,0,0.000816604357524103,0.977202522096744,0.0132521572467643,"FCRL6"
25994,-0.761948742908099,0.249106612620187,0.00222280735754282,-1.25018873195444,-0.273708753861762,0,0,0.0197625829560697,0.888202180166525,0.0183978585646101,"HIGD1A"
79813,-0.878416491816847,0.300029172487674,0.00341402194394852,-1.46646286420404,-0.290370119429651,0,0,0.936462583387095,0.333189238151779,0.0259770078274593,"EHMT1"
4869,0.925450192243618,0.197720029686619,2.86023693759038e-06,0.537926055035654,1.31297432945158,0,0,0.776804350211032,0.378120268380214,7.43055387852237e-05,"NPM1"
219902,0.752416373299163,0.266840516088188,0.00480651024082816,0.229418572150235,1.27541417444809,0,0,0.226517815767569,0.634117923301717,0.0338060394246667,"TLCD5"
91351,0.992506156394604,0.231830210779548,1.85907448843584e-05,0.538127292738361,1.44688502005085,0,0,0.369473527237409,0.543291380818579,0.000368616195993831,"DDX60L"
163183,-2.33627445184155,0.573175499785151,4.58132000346317e-05,-3.45967778824119,-1.21287111544191,0.16237598949676,21.4865083874586,1.27366644822641,0.25907998197717,0.000781897944388531,"SYNE4"
5912,1.72461646661363,0.310623371134362,2.82234914607135e-08,1.11580584643386,2.33342708679339,0,0,0.877291683366082,0.348944539955848,1.33992019494648e-06,"RAP2B"
399664,0.798110674525711,0.23808454922737,0.000801676407136769,0.331473532764612,1.26474781628681,0,0,0.0578987392791781,0.809848431935293,0.00823229474289799,"MEX3D"
53829,0.953561818282935,0.328720212028191,0.00372174407080619,0.309282041717311,1.59784159484856,0,0,0.148866378366512,0.699621050004923,0.0276019116098349,"P2RY13"
6478,0.732317822090901,0.243497163268883,0.0026340575608863,0.25507215174622,1.20956349243558,0,0,0.00116904302470118,0.97272462706455,0.0211776971338282,"SIAH2"
285195,1.4033533977374,0.482163961083065,0.00360814592140137,0.458329399371417,2.34837739610338,0.110790097122684,16.7919086376829,1.2018061989256,0.272960975970435,0.0270120108041392,"SLC9A9"
51287,0.600502104960502,0.199148660244913,0.00256686299714715,0.210177903311069,0.990826306609936,0,0,0.238761536134064,0.625102032911605,0.0206991709273535,"COA4"
51363,1.59929699673778,0.517644321187749,0.00200448249804298,0.584732770408111,2.61386122306745,0.145333955712244,25.4352705721374,1.3411166481432,0.246837141047643,0.0169977594472412,"CHST15"
161291,-2.04209510521605,0.34914900664447,4.95196817745545e-09,-2.72641458347714,-1.35777562695495,0,0,0.175108281702781,0.675611254084506,2.94320007435226e-07,"CDC50B"
6472,1.64927842513029,0.484372037237333,0.000661682364904212,0.699926677026827,2.59863017323376,0.23625914991657,43.0493690416154,1.75590679711824,0.185135885525866,0.00705254017865888,"SHMT2"
8905,0.812531837353909,0.199157947380404,4.50674128559005e-05,0.422189433253394,1.20287424145442,0,0,0.0563482904239325,0.812363595460841,0.000772652917263785,"AP1S2"
388323,-3.15493950923598,0.447037691589471,1.69603896445363e-12,-4.03111728448326,-2.27876173398869,0,0,0.0304056032913187,0.861573097889147,1.95450370578875e-10,"GLTPD2"
51218,-1.20110341805524,0.331951050832758,0.000296527517899961,-1.85171552231767,-0.550491313792808,0,0,0.384254512768449,0.535335042321347,0.00365455258121131,"GLRX5"
439921,1.3360739791553,0.335273570010188,6.74726648688762e-05,0.678949856967164,1.99319810134344,0,0,0.953389595517854,0.328858003100762,0.0010830165957465,"MXRA7"
3985,0.713779957001976,0.24583943191864,0.00369088084538958,0.231943524461656,1.1956163895423,0,0,0.0736856014462059,0.786044243850719,0.0274788218875691,"LIMK2"
302,1.36726204222004,0.305626650698586,7.69010142475489e-06,0.768244814135207,1.96627927030487,0,0,0.423284407053767,0.515302722111844,0.000173677784773819,"ANXA2"
5069,-3.03561775205818,0.326531060056931,1.45054069820437e-20,-3.67560686960345,-2.39562863451291,0,0,0.104278048683693,0.746754982276499,5.01477954715115e-18,"PAPPA"
79098,-1.710597320006,0.488915145371744,0.000467425084551131,-2.66885339643078,-0.752341243581214,0,0,0.950734555560311,0.329532392982812,0.00528715806627761,"C1orf116"
28970,-2.65188921875741,0.82744242747691,0.00135098644150848,-4.27364657589255,-1.03013186162227,1.01029883367758,72.1504316612158,3.59071992727215,0.058103066782441,0.0124421790921167,"BKGD"
10052,1.29797412331659,0.452499922414201,0.00412486312696088,0.411090572377589,2.18485767425559,0.200335733074852,29.1482373127592,1.41139748973399,0.234824540491967,0.0298533991343533,"GJC1"
162967,1.44739834719109,0.271861408451163,1.01493048546465e-07,0.914559777840473,1.9802369165417,0,0,0.0186363364383568,0.891414192713627,4.0727106355714e-06,"ZNF320"
161,-1.06949194641492,0.350942546579652,0.00230765481005014,-1.75732669835381,-0.381657194476028,0,0,0.404574664739533,0.524736116168168,0.0189918275604368,"AP2A2"
18,-3.72245625939691,0.618366951894508,1.74613725284172e-09,-4.93443321433996,-2.51047930445386,0.44071639093631,52.2852910974934,2.0957897952249,0.147705366332517,1.12646739617535e-07,"ABAT"
1468,-2.16180149471897,0.591392738866461,0.000256739862459518,-3.32090996361574,-1.00269302582221,0.201869379829395,26.392722934785,1.35856132691067,0.243786971857494,0.00326260468005813,"SLC25A10"
57118,1.22393360279908,0.269944473381738,5.78715847111393e-06,0.694852157145243,1.75301504845292,0,0,0.0563540435039029,0.812354195576295,0.000137541017722126,"CAMK1D"
125061,-2.31894251995294,0.381005497338703,1.1549539864247e-09,-3.06569957264857,-1.57218546725731,0,0,0.77638326618848,0.378249552943016,7.8252485421931e-08,"AFMID"
754,1.00629336117791,0.33931898203955,0.00302067101368064,0.341240377109601,1.67134634524622,0.0648541713022837,18.0912129659346,1.22087023408625,0.26918993582802,0.0235965859081437,"PTTG1IP"
51428,1.04459837337984,0.305335863481716,0.000623579928206457,0.446151077767241,1.64304566899244,0,0,0.339459918285891,0.560141133308318,0.00674313310073841,"DDX41"
147372,-2.33935187794247,0.432371273259975,6.28432568148734e-08,-3.18678400148175,-1.4919197544032,0,0,0.440684927608271,0.506792055124829,2.69845742558898e-06,"CCBE1"
203068,0.934862083424456,0.306778291678452,0.00230865574216094,0.333587680495966,1.53613648635295,0,0,0.845963017834075,0.357696894740769,0.0189918275604368,"TUBB"
84133,-1.50416211592793,0.374417005833695,5.88576376618457e-05,-2.2380059625613,-0.770318269294567,0,0,0.282169025295089,0.595283072250719,0.000966598694999592,"ZNRF3"
359845,0.945850554180872,0.269564277024064,0.000450111794234689,0.417514279695129,1.47418682866661,0,0,0.980542974450923,0.322064791278613,0.00511708037239993,"RFLNB"
7378,1.64387587956672,0.350773088442482,2.78002731474625e-06,0.956373259473572,2.33137849965987,0,0,0.0312332734070783,0.859720962979638,7.26416827223327e-05,"UPP1"
146223,-1.63286087228448,0.31127980948409,1.55743315524813e-07,-2.24295808798779,-1.02276365658118,0,0,0.393641659870565,0.530391375197646,5.99542164380202e-06,"CMTM4"
54097,-3.12741890018066,0.449156886612831,3.33420593103077e-12,-4.00775022134995,-2.24708757901137,0,0,0.0818045644404879,0.774866654048792,3.51211707563186e-10,"FAM3B"
128239,2.5328151179206,0.814721981745893,0.0018784303923139,0.935989376285553,4.12964085955565,0.737140960133528,43.9957270635691,1.78557804175956,0.181465864133897,0.0161833079741651,"IQGAP3"
10766,-0.663449944307084,0.197794426369954,0.000795833511858784,-1.05111989633495,-0.275779992279214,0,0,0.539398559025552,0.462682090001462,0.00818476219709534,"TOB2"
7113,-5.6191024606099,1.96760753109764,0.00429279359119108,-9.47554235727104,-1.76266256394876,7.21198841229571,93.0064089277919,14.2988057161922,0.000155963798388732,0.0308198807188655,"TMPRSS2"
124905021,-5.6191024606099,1.96760753109764,0.00429279359119108,-9.47554235727104,-1.76266256394876,7.21198841229571,93.0064089277919,14.2988057161922,0.000155963798388732,0.0308198807188655,"LOC124905021"
23258,0.750303391089982,0.235797519549975,0.00146271062562397,0.288148745128152,1.21245803705181,0,0,0.00466239582250671,0.945561360705322,0.0132112444158735,"DENND5A"
55803,0.892364830294501,0.292346468993655,0.00227002623753128,0.319376280059481,1.46535338052952,0,0,0.11129098193003,0.738679131173585,0.0186968624072293,"ADAP2"
8508,-1.03791684802327,0.295625969008921,0.000446571715319926,-1.61733310017551,-0.458500595871028,0,0,0.302534116989379,0.582298101245437,0.00508970958381958,"NIPSNAP1"
126382,1.81026329822918,0.386605957691126,2.8346551545427e-06,1.05252954494596,2.56799705151241,0,0,0.486074270147135,0.485683728427326,7.37831186268325e-05,"NR2C2AP"
79174,1.13749484507355,0.300514084440955,0.000153607757446628,0.548498062722247,1.72649162742485,0,0,0.00576581948707302,0.939472407684826,0.00215290373560591,"CRELD2"
641371,-2.1809891954933,0.620496003143645,0.000439898801758818,-3.3971390142059,-0.964839376780708,0,0,0.383548699500898,0.535710124823369,0.00502214694675203,"ACOT1"
5587,-0.978291900226083,0.34274043340746,0.0043128657836058,-1.65005080575035,-0.306532994701813,0.0398223620608305,9.46391417103958,1.10453195633969,0.293273676195776,0.030904455535443,"PRKD1"
256714,2.30035736059554,0.819216922598983,0.00498509369276458,0.694721696775801,3.90599302441529,0.673253335214892,50.1468008869336,2.00588932664484,0.156689378494843,0.0348259161966554,"MAP7D2"
64922,-2.29160750085549,0.312390733097992,2.2055082743896e-13,-2.90388208683162,-1.67933291487936,0,0,0.317543022049809,0.57308795342673,3.00372404682778e-11,"LRRC19"
9735,1.42724299852404,0.300387804649972,2.02078322986419e-06,0.838493720015038,2.01599227703303,0,0,0.661037005843925,0.416194079799093,5.53784965208514e-05,"KNTC1"
4303,-0.747358784170784,0.256164785973018,0.00352858389228576,-1.24943253878531,-0.245285029556257,0,0,0.706676835185093,0.400549234407906,0.026563873042819,"FOXO4"
11156,1.95234033675744,0.405903713764528,1.51035485701566e-06,1.15678367658791,2.74789699692697,0,0,0.38544420906868,0.534703893196385,4.30728672371547e-05,"PTP4A3"
57121,1.70726610239446,0.461521214604981,0.000216267521342995,0.802701143667512,2.6118310611214,0,0,0.242779273005568,0.622205944372107,0.00285316535251232,"LPAR5"
25923,0.544267513300784,0.192427077768579,0.00467761749600274,0.167117371224081,0.921417655377486,0,0,0.0125309831010079,0.910869494777858,0.0331067279257769,"ATL3"
79135,-1.09622198370417,0.347362285682292,0.00160033167272916,-1.77703955322898,-0.415404414179366,0,0,0.00205162820592876,0.963872250367645,0.0142424237250213,"APOO"
1188,-6.60300856615503,1.01183837057623,6.76601696210697e-11,-8.58617533066013,-4.61984180164992,1.34348991029309,65.6027305259311,2.90720750597332,0.088184443200747,5.63124732716595e-09,"CLCNKB"
3714,1.99701403628553,0.351146332311334,1.29193844119858e-08,1.30877987165198,2.68524820091907,0,0,0.00298130348342664,0.956456091953415,6.88506166113854e-07,"JAG2"
286256,-2.55514037284265,0.886103401857982,0.00393196394087544,-4.29187112706272,-0.818409618622582,1.07430887730615,65.4830277569764,2.89712548643983,0.0887376658236472,0.0287186727057549,"LCN12"
7490,-3.34767825682119,0.582808172699661,9.24394360904716e-09,-4.48996128520813,-2.20539522843426,0,0,0.872279227083034,0.350325094144627,5.19317048669929e-07,"WT1"
6092,-1.17601446025643,0.346253145386782,0.000682783011036643,-1.85465815474824,-0.49737076576463,0,0,0.0684698062090953,0.7935779084795,0.00723739256116907,"ROBO2"
27124,-4.136025854169,1.35444249645956,0.0022605757538583,-6.79068436636025,-1.48136734197775,3.15831524621421,85.5542522212755,6.92245230442681,0.0085120169331575,0.0186646312855306,"INPP5J"
59307,-1.23909291026564,0.360655388001174,0.000591090405204359,-1.94596448157826,-0.532221338953017,0,0,0.567998178827856,0.451055485060652,0.00646364309275781,"SIGIRR"
285755,-0.963943120041314,0.286615128481086,0.000770453816280425,-1.52569844928856,-0.402187790794066,0,0,0.0399941755637406,0.841491969569191,0.00800310385586207,"PPIL6"
5071,-1.9062682313503,0.395923414249083,1.47391793488259e-06,-2.68226386391464,-1.13027259878597,0,0,0.1608920938683,0.688336512420309,4.25542516403039e-05,"PRKN"
25840,-1.19002755147801,0.276681762279415,1.69975560773716e-05,-1.73231384072473,-0.64774126223128,0,0,0.0900041622866543,0.764171864204064,0.000340532018709066,"TMT1A"
163702,-0.736925386898178,0.255738650461386,0.00395716201370978,-1.23816393125737,-0.235686842538984,0,0,0.0519200078719504,0.819755373059485,0.0288714369214551,"IFNLR1"
79184,-0.852932882364349,0.286048839890339,0.00286583833803845,-1.41357830636888,-0.29228745835982,0,0,0.0439091238846564,0.834022778696621,0.0227161071791725,"BRCC3"
169611,2.35680714202809,0.553815413295264,2.08505528215214e-05,1.2713488778862,3.44226540616997,0.372318558439572,50.5908632185968,2.02391716419621,0.15483925831886,0.000404500724737515,"OLFML2A"
6667,0.52045559908418,0.172556692109833,0.00256012784148036,0.18225069725754,0.85866050091082,0,0,0.105914188583003,0.744844604036974,0.0206572134570196,"SP1"
389119,1.27785031675508,0.366726826752749,0.000493104243334222,0.559078944155029,1.99662168935513,0,0,0.322174548431484,0.57030374231141,0.00554968657168223,"INKA1"
5034,1.32482142355974,0.277744372009238,1.84289253276601e-06,0.780452457512937,1.86919038960654,0.0126743811578958,4.16554826050926,1.04346608328112,0.307016720597963,5.10220123599264e-05,"P4HB"
5087,-1.12634270388409,0.276465957580615,4.61978389037792e-05,-1.66820602369348,-0.584479384074712,0,0,0.708848737135767,0.399826268376501,0.000785991722100544,"PBX1"
56901,6.88110494129825,1.33946285131655,2.7884399136006e-07,4.25580599408849,9.50640388850801,3.0475247483198,84.9281350081762,6.63487896516112,0.0100000990016297,1.00795000951949e-05,"COXFA4L2"
4603,2.08632810506418,0.447746830562172,3.16800480876771e-06,1.20876044297037,2.963895767158,0,0,0.0135697804104669,0.907264686146349,8.11455955163203e-05,"MYBL1"
339983,-4.7018665326916,1.28183287364142,0.000244377977263551,-7.21421279922826,-2.18952026615493,2.81016051399841,84.5720048532766,6.48172358423627,0.0108989247135392,0.00313804596899472,"NAT8L"
140691,0.721297898483912,0.233678677840634,0.00202386139445589,0.263296105961331,1.17929969100649,0,0,0.727684189865161,0.393634864120927,0.017086864860018,"TRIM69"
22821,1.04004213997418,0.289717859894653,0.000330874959254213,0.472205568902635,1.60787871104572,0,0,0.502921424759919,0.478219278423553,0.00400159763191716,"RASA3"
342909,-0.951047945066144,0.241776769628182,8.36904286148275e-05,-1.42492170583582,-0.477174184296468,0,0,0.534094938580097,0.464890331878751,0.00129005548036992,"ZNF284"
8529,-4.63875744827002,1.74134128944406,0.00772407329411862,-8.05172366037291,-1.22579123616712,5.10662755908394,84.2036130036488,6.33056154062944,0.0118674735685837,0.0482369987144981,"CYP4F2"
66002,-1.70188651277805,0.3963908417718,1.75913439648766e-05,-2.4787982864523,-0.92497473910381,0,0,0.267310820068048,0.605141428125891,0.00035138383804212,"CYP4F12"
5501,0.654046007309745,0.194684782907165,0.000780800527834529,0.272470844473703,1.03562117014579,0,0,0.0281631375366072,0.866725860347459,0.0080732618993811,"PPP1CC"
153201,-6.54024526707557,0.612040922846415,1.18416569395939e-26,-7.7398234329192,-5.34066710123194,0.156786778937451,18.3538324369376,1.22479723157564,0.268421243871396,7.2573209325702e-24,"SLC36A2"
353322,1.62975705213366,0.500739289581833,0.00113511495998267,0.648326078909096,2.61118802535822,0,0,0.272366965177013,0.601748393517766,0.0108636913829656,"ANKRD37"
4674,-2.24922943662129,0.399911647119097,1.86244553563321e-08,-3.03304186197281,-1.46541701126977,0,0,0.337025324005904,0.561551314552432,9.27364953960289e-07,"NAP1L2"
11118,1.41454018975024,0.281431485317286,5.00208361476043e-07,0.862944614412747,1.96613576508773,0,0,0.637922140467382,0.424464223234377,1.64495349701987e-05,"BTN3A2"
252884,-0.922919562737658,0.318097745744279,0.00371533761074528,-1.54637968795982,-0.299459437515492,0,0,0.478540984797031,0.489083934829501,0.0276019116098349,"ZNF396"
257106,1.7286602983407,0.444408886510928,0.000100328164026906,0.857634886369733,2.59968571031167,0.114568554036718,21.5691070679854,1.27500779682162,0.258829318648244,0.00149969471793212,"ARHGAP30"
4051,-3.24959481321941,0.371917430759168,2.38517081015859e-18,-3.97853958273005,-2.52065004370877,0,0,0.0941618668904194,0.7589514157755,6.6998454236184e-16,"CYP4F3"
55615,-1.3106099520222,0.366254597296298,0.000345687838628804,-2.02845577189516,-0.59276413214923,0,0,0.767510165023577,0.380988406487274,0.00411741089066445,"PRR5"
53373,-0.894414900907811,0.250743182415504,0.00036101474961851,-1.38586250781116,-0.402967294004466,0,0,0.620035099960086,0.431034242897464,0.00426231337049594,"TPCN1"
10614,-0.863641122830197,0.223418104367863,0.000110824361300658,-1.30153256088542,-0.425749684774975,0,0,0.0702760284210318,0.790935306421279,0.00163663183287708,"HEXIM1"
55893,1.59423860891222,0.579777462587047,0.00596421509611199,0.457895663193593,2.73058155463085,0.36398269879797,46.9265869293831,1.88418257305112,0.169859531536429,0.0401090516900611,"ZNF395"
5465,-1.00695154350809,0.215866475904635,3.09073220679443e-06,-1.43004206175076,-0.583861025265422,0,0,0.586629947938678,0.443725263809057,7.95273708858956e-05,"PPARA"
83715,-2.6795324728007,0.457477585188489,4.70768555920124e-09,-3.57617206350449,-1.7828928820969,0,0,0.428223838876654,0.512861772847861,2.83364841047814e-07,"ESPN"
1579,-6.00489309036929,1.72853519138784,0.000512803228522308,-9.39275981149951,-2.61702636923908,5.43520880144228,90.9112971659042,11.0026702187748,0.000909807206846926,0.0057569741300302,"CYP4A11"
285382,1.08812887370051,0.36572461703641,0.00292732358536234,0.371321796049442,1.80493595135158,0,0,0.0337382943807062,0.854264602186521,0.0229738672301748,"C3orf70"
957,-2.02960879155654,0.757075093285729,0.00734342576286798,-3.51344870798887,-0.545768875124207,0.839753767619604,71.1698266075797,3.46858822660743,0.0625446695822027,0.0465060636734377,"ENTPD5"
4059,-1.95546328335594,0.321788819532922,1.22564187470789e-09,-2.58615778026813,-1.32476878644376,0,0,0.2366954608684,0.626603081325675,8.26266469834325e-08,"BCAM"
2057,-0.646148703403756,0.223099483567338,0.003776685449539,-1.08341565616522,-0.208881750642288,0,0,0.0218965492482577,0.882362635128056,0.0279163533776323,"EPOR"
1282,2.52422206091153,0.880200674255342,0.00413362602954921,0.799060440203192,4.24938368161988,1.19886631772424,75.1122105073082,4.01803462816032,0.0450161431170729,0.0298845282954262,"COL4A1"
2701,1.7900036882179,0.38947884383666,4.30896629903479e-06,1.02663918155775,2.55336819487805,0,0,0.292974630326707,0.588320592843575,0.00010679741288582,"GJA4"
392636,-1.00959182422707,0.333777917926612,0.00248845951092441,-1.66378452219799,-0.355399126256143,0,0,0.0170346614594121,0.896157483411219,0.0202241709377901,"AGMO"
9636,1.81362044029099,0.545289211351258,0.000881085813681941,0.744873224884272,2.8823676556977,0.260761435336082,40.8445106148711,1.69046019294938,0.193540316726291,0.00885059488432806,"ISG15"
81848,1.31059478128999,0.343729540767388,0.000137364430703294,0.636897260963416,1.98429230161656,0.0352483452438865,7.12052714554471,1.07666416406888,0.299445005609176,0.00196403459085103,"SPRY4"
51393,2.18820405631008,0.690352329266425,0.00152600752417306,0.835138354304548,3.5412697583156,0.598065595360346,58.9507509328655,2.43609815703215,0.118570832756219,0.0136712022913125,"TRPV2"
79875,-1.1733133257693,0.325237347212089,0.000309089777391318,-1.81076681273235,-0.53585983880626,0,0,0.33238730057726,0.564256728876467,0.00378172184080503,"THSD4"
1978,1.45514068728151,0.419396388187576,0.000521220210550493,0.633138871187682,2.27714250337534,0,0,0.119937709588288,0.729102058323666,0.00584173906804015,"EIF4EBP1"
342979,-2.65413312533447,0.380738036360625,3.14647358923144e-12,-3.4003659641458,-1.90790028652314,0,0,0.174428923596863,0.676205309325451,3.40269313481725e-10,"PALM3"
729967,-1.07676888148409,0.208700817760668,2.47755930953978e-07,-1.48581496783905,-0.667722795129122,0,0,0.0932189834636666,0.76012408981293,9.05282714648372e-06,"MORN2"
353116,0.580399067650019,0.20411552765319,0.00446233660108042,0.180339984764376,0.980458150535661,0,0,0.186876678887324,0.665528943944149,0.0317329559031473,"RILPL1"
115273,4.17546255873788,1.12492640212777,0.00020581895241898,1.97064732530923,6.38027779216652,2.00135394385961,77.176721259883,4.38149142104756,0.0363311943267792,0.00273944416136733,"RAB42"
1287,-2.08617095934539,0.370337232503867,1.76931410117096e-08,-2.8120185971872,-1.36032332150357,0,0,0.0132452968577522,0.908375202188893,8.99938630052464e-07,"COL4A5"
25845,-2.83105267636846,0.284300909983584,2.32826604314527e-23,-3.38827222070825,-2.27383313202867,0,0,0.0308122905643101,0.86065982145703,9.81000345616492e-21,"SLC9A3-OT1"
123688,-1.95000446013149,0.424154219463934,4.2780623447355e-06,-2.7813314541715,-1.11867746609149,0.150073320017401,29.5418370032903,1.41928196459891,0.233521624323863,0.000106226730375817,"HYKK"
57801,1.58225768787221,0.45811642157688,0.000552679177296929,0.684366000855154,2.48014937488926,0,0,0.153965270581696,0.694774443073178,0.00613314678806131,"HES4"
5104,-6.52402240784009,1.41310973890613,3.89732578410704e-06,-9.2936666022989,-3.75437821338128,3.36398535785205,83.3439955852916,6.00384086784302,0.0142747688699628,9.78540848177192e-05,"SERPINA5"
29780,1.08762988072202,0.218060364016083,6.10875596042976e-07,0.6602394207948,1.51502034064923,0,0,0.0302692371167817,0.861880735898527,1.97991241861718e-05,"PARVB"
441168,3.05942331852246,0.82607585260756,0.000212593008241085,1.44034439891343,4.6785022381315,0.869504545168436,60.081590372503,2.50510982108658,0.113477574073946,0.00281570877221468,"CALHM6"
283219,-1.158702623974,0.285473172030305,4.93076995591542e-05,-1.7182197597058,-0.599185488242191,0,0,0.290330147936986,0.590009041382807,0.000831019641445095,"KCTD21"
5649,-1.48638534334262,0.407794752076952,0.000267459445782834,-2.28564837049789,-0.687122316187354,0,0,0.768442806541248,0.38069921406542,0.00335768687848226,"RELN"
3005,-1.14189692623573,0.314862417194772,0.000287118028632009,-1.75901592402271,-0.524777928448756,0,0,0.225623940668214,0.634787768077723,0.00355483230490852,"H1-0"
4128,-1.33955473212958,0.408566702229239,0.00104298117311931,-2.14033075378119,-0.538778710477971,0,0,0.7903367397346,0.373998322227307,0.0101387996807265,"MAOA"
7259,-0.992852106906072,0.22922502431624,1.4820289026781e-05,-1.44212489892122,-0.543579314890924,0,0,0.274791424638602,0.600135603678852,0.000302302506729332,"TSPYL1"
2272,-1.22513766783846,0.371780560531502,0.000983080138581675,-1.95381417663232,-0.496461159044601,0.0685764122978291,15.3513740808576,1.18135408477299,0.27708050314483,0.00964692103966283,"FHIT"
57402,-2.46675365608154,0.316854157005114,6.96366026457344e-15,-3.08777639216337,-1.84573091999972,0,0,0.212822864435416,0.644563811729508,1.25188041796325e-12,"S100A14"
9729,1.46407978576942,0.428737532272208,0.000638141814233862,0.623769663695316,2.30438990784353,0,0,0.0372135869871638,0.84703083586742,0.00685037108384965,"KIAA0408"
282991,0.663378671719119,0.237124470036135,0.00514843285572047,0.198623250595148,1.12813409284309,0,0,0.000291514919648754,0.986377734054212,0.0356712847860632,"BLOC1S2"
36,-2.84883147342413,0.775653899992801,0.00023989534572899,-4.36908518187806,-1.32857776497021,0.923840661935148,74.5723469791002,3.93272630855104,0.0473551146626652,0.00309522387221433,"ACADSB"
9725,-0.781515275663903,0.236546722016754,0.000953662857453666,-1.24513833147775,-0.317892219850058,0,0,0.0698320091563267,0.791581531616696,0.009426859462645,"TMEM63A"
79754,-0.988519207048288,0.319248765852529,0.00195891449847368,-1.61423529022811,-0.362803123868471,0.00763804347705922,2.3230432194572,1.02378291969801,0.311623367521197,0.0166953503052595,"ASB13"
2104,-2.43018213355547,0.721363610098923,0.000754762939657846,-3.84402882910716,-1.01633543800379,0.696625139075512,63.3792239033971,2.73069035282615,0.0984367264704245,0.00786434985734678,"ESRRG"
60312,0.758446207834891,0.272237335929665,0.00533671108491931,0.224870834165615,1.29202158150417,0,0,0.278444179135188,0.597722774602437,0.0366508490355212,"AFAP1"
4311,-2.59252127926664,0.770495605786256,0.000766144155281767,-4.10266491685407,-1.0823776416792,0.702506594271584,53.9620891591467,2.1721228911904,0.140532117787532,0.00797061855375313,"MME"
125,-3.07227551158877,0.419565393192682,2.43359070257151e-13,-3.89460857140581,-2.24994245177173,0,0,0.855263139993328,0.355067672233354,3.24872311314571e-11,"ADH1B"
6925,0.706321688526398,0.227616159508608,0.00191487907459593,0.260202213590201,1.15244116346259,0,0,0.447435919125324,0.503555117209473,0.0164205082678867,"TCF4"
51284,2.61692121922698,0.893093204972741,0.00338768916488184,0.86649070264296,4.367351735811,1.04623181635406,59.5465381389786,2.47197632537733,0.115892122079056,0.0258203578349925,"TLR7"
7442,-0.91402734518635,0.232148256530718,8.24183280562651e-05,-1.36902956706032,-0.459025123312377,0,0,0.160145873730187,0.689022249925114,0.0012758281483153,"TRPV1"
2760,1.84080775178136,0.633766056314954,0.00367776722167447,0.598649106780068,3.08296639678266,0.568500275511043,65.6244356589983,2.90904315076871,0.0880841201354174,0.0274266235895116,"GM2A"
6273,-2.50546336536736,0.29589472197029,2.50899195411091e-17,-3.08540636364462,-1.9255203670901,0,0,0.0248790093901765,0.874668919099929,6.04084616379953e-15,"S100A2"
7088,1.04743679076356,0.37735935652374,0.00550828181523977,0.307826042747815,1.7870475387793,0,0,0.0272194437209201,0.868957235266838,0.0376422522629893,"TLE1"
8187,0.965394918397063,0.330842776143162,0.00352299042147432,0.316954992611218,1.61383484418291,0,0,0.0121095936707253,0.91237479789169,0.026563873042819,"ZNF239"
10865,1.00799833814364,0.377186509621278,0.0075307776555981,0.268726363831569,1.74727031245572,0,0,0.458523550009909,0.498314803547579,0.0473686750844873,"ARID5A"
170384,1.55211406074174,0.347364549380359,7.88595474926143e-06,0.871292054450251,2.23293606703323,0,0,0.350916596685462,0.553594724999678,0.00017721054647382,"POFUT4"
644596,-1.91440221726886,0.527433548411943,0.000283799439901341,-2.94815297639443,-0.880651458143292,0,0,0.464901097607421,0.495342302240217,0.00352020961195012,"SMIM10L2B"
307,1.68222753724067,0.232902792267212,5.09001495489226e-13,1.22574645249812,2.13870862198322,0,0,0.927757014187567,0.33544644257361,6.41389454549648e-11,"ANXA4"
309,0.84623842858196,0.313322715189,0.00691620101360118,0.232137191273219,1.4603396658907,0,0,0.182430903218941,0.669292430425782,0.0447943384372598,"ANXA6"
79690,3.85674732764346,0.924471108990119,3.02147232444389e-05,2.04481724927502,5.66867740601189,1.22303964000397,68.8165040103284,3.20682453414208,0.0733316752192385,0.000559594936132926,"GAL3ST4"
84619,-1.37865322315704,0.286719000531099,1.52160139474839e-06,-1.94061213788131,-0.816694308432765,0,0,0.115269006550268,0.734223383806481,4.32821763826847e-05,"ZGPAT"
123096,-1.48724290232003,0.371097181347781,6.13152218438857e-05,-2.21458001252601,-0.759905792114051,0,0,0.104148926183025,0.746906450098438,0.00100207652863165,"SLC25A29"
55753,-3.19082179605224,1.16514407282964,0.00617081189879433,-5.47446221559866,-0.907181376505827,2.24312348500273,82.0323455125686,5.56555671025126,0.0183171851465057,0.0410869416451575,"OGDHL"
5154,0.925812936900103,0.294962523026888,0.00169671473854254,0.347697014978336,1.50392885882187,0,0,0.407980148286021,0.522996486671419,0.0149326402217814,"PDGFA"
284370,-1.0760396418072,0.258065965990296,3.05094298618962e-05,-1.58183964078372,-0.570239642830678,0,0,0.000191726599730437,0.988952414557688,0.000562734121515659,"ZNF615"
163059,-0.977419606018091,0.302729418229064,0.00124358388413149,-1.57075836280782,-0.384080849228363,0,0,0.0476860977863135,0.827139694784259,0.0116601123155388,"ZNF433"
4828,2.33496872830938,0.419398687414788,2.58538398783625e-08,1.51296240581303,3.15697505080574,0.0790739384023506,17.5931089961741,1.21349075037132,0.270641888021782,1.2361252591488e-06,"NMB"
92689,0.703529096759545,0.238527359894259,0.0031832031975753,0.236024062039373,1.17103413147972,0,0,0.0142556834324558,0.904960705830615,0.0246095921518967,"FAM114A1"
6231,0.755065484695538,0.262400297015124,0.00400798128470017,0.240770353013281,1.26936061637779,0,0,0.583049661274991,0.445119427666773,0.0291790559727929,"RPS26"
6281,1.83176636108831,0.274636019459631,2.56158368587702e-11,1.29348965408999,2.37004306808662,0.024772534644992,7.91811941982035,1.08598998380496,0.297361409758751,2.30252218911199e-09,"S100A10"
100506658,-1.08269016393315,0.318825858064453,0.000684116288875759,-1.70757736307956,-0.457802964786746,0,0,0.991738129861709,0.319317931125034,0.0072401412267754,"OCLN"
51710,-1.55332043600912,0.313963420540367,7.51894132663245e-07,-2.16867743273124,-0.937963439286997,0,0,0.0496957022912737,0.823593622724818,2.38536202134083e-05,"ZNF44"
9719,-1.20193701805795,0.335111073486157,0.000334911713931577,-1.85874265291137,-0.545131383204525,0,0,0.0105886419867844,0.918041443045354,0.00402898324801438,"ADAMTSL2"
388536,-1.8627851042848,0.51347490214024,0.000285844704713913,-2.86917741944489,-0.856392789124698,0,0,0.515854362433761,0.472615470487434,0.00354231999417067,"ZNF790"
28512,-0.82486246476714,0.264112776669586,0.00178929649341161,-1.3425139948964,-0.307210934637881,0,0,0.408525392549713,0.522718908270075,0.0155658242556871,"NKIRAS1"
116085,-6.62328882683074,1.40582527773073,2.46120792067148e-06,-9.37865573973898,-3.86792191392249,3.12995642084304,78.692730756519,4.69323397838019,0.0302816028264907,6.54525964386856e-05,"SLC22A12"
9356,-7.20975882392033,1.78988213959962,5.62381682941492e-05,-10.7178633541071,-3.70165429373358,5.92886049805712,92.5171161566117,13.3638316580789,0.000256523669108106,0.000931522387113038,"SLC22A6"
7004,2.03102914513827,0.431346281503776,2.49446558778263e-06,1.18560596852559,2.87645232175094,0,0,0.00071287319229716,0.978699264180319,6.60763841258806e-05,"TEAD4"
30001,1.58463851619207,0.349258173411971,5.70181627574203e-06,0.900105074998366,2.26917195738578,0,0,0.000205833719229595,0.988553217690271,0.000136307781641542,"ERO1A"
9019,0.882665005987025,0.299793556697292,0.00323745960473188,0.295080432063166,1.47024957991088,0.0484402329587876,12.5517723424659,1.14353375338402,0.284906864090447,0.0249147647549087,"MPZL1"
85028,2.30516209391082,0.439581674760409,1.57140357158031e-07,1.44359784311662,3.16672634470502,0.129249102762021,25.0363900609706,1.33398058179607,0.248098300870398,6.01910066920946e-06,"SNHG12"
51135,0.722656717090144,0.239471428844165,0.00254687623260785,0.253301341229234,1.19201209295105,0,0,0.0121542726271585,0.912213950563222,0.0205865026941865,"IRAK4"
140885,1.59845155996621,0.202271175471792,2.7332533844633e-15,1.20200734093092,1.9948957790015,0,0,0.000161030428857739,0.989875294943359,5.19048667362235e-13,"SIRPA"
27233,-2.48704648358598,0.906760220662127,0.00609209367218308,-4.26426385869734,-0.70982910847462,0.940627881224018,56.9157782703452,2.3210353114298,0.1276350504515,0.0407035178305473,"SULT1C4"
26275,-2.53449045946734,0.346326787591944,2.51309587706418e-13,-3.213278490029,-1.85570242890567,0.00939014403598937,2.68040308509611,1.02754227483535,0.310736616435623,3.29141181483937e-11,"HIBCH"
79366,-1.18551106066259,0.357752515431799,0.000920458021277373,-1.88669310628753,-0.484329015037654,0.0754690987801623,15.0043350769187,1.17653059236018,0.278063431397262,0.00915231231628526,"HMGN5"
5178,-1.71699426797645,0.637250329912611,0.00705198063951152,-2.96598196374144,-0.468006572211465,0.439689519447802,42.0063301224909,1.72432612406172,0.189137128912605,0.0453634804210562,"PEG3"
374900,-0.924475973860546,0.257841542438834,0.000336507396025802,-1.42983611075892,-0.419115836962176,0,0,0.0907493445989672,0.763226671950455,0.00403659183328815,"ZNF568"
1259,-1.92677968250916,0.529565359078041,0.000274318849678504,-2.96470871376215,-0.888850651256181,0,0,0.0342003320574335,0.853281337821367,0.00342149958391792,"CNGA1"
9358,2.65078418480094,0.82631058055499,0.00133672836425637,1.03124520686878,4.2703231627331,0.567726126942874,35.151956923178,1.54206657988947,0.214310460836983,0.012376527560228,"ITGBL1"
11177,1.02184283440406,0.280888135343615,0.000274870530835712,0.47131220544596,1.57237346336216,0,0,0.023886847012054,0.877173171218449,0.00342521198452672,"BAZ1A"
27347,1.48519680769165,0.338751322399568,1.16344522426914e-05,0.82125641607318,2.14913719931012,0.047332670611906,11.3004093390996,1.12740091870662,0.288330407337879,0.00024625952839593,"STK39"
4541,-2.08926490482323,0.44241790241535,2.33102051628759e-06,-2.95638805967307,-1.22214174997339,0,0,0.7419978471627,0.389021647108942,6.24833988491165e-05,"MT-ND6"
4513,-1.34623116312361,0.28914300473933,3.22512991387788e-06,-1.91294103879439,-0.779521287452832,0,0,0.000981724963103386,0.975004379421923,8.20460879788971e-05,"MT-CO2"
10455,-1.58832221468594,0.306001560649573,2.09652410996032e-07,-2.18807425277215,-0.988570176599725,0,0,0.535154796851993,0.464447701676489,7.83031428659142e-06,"ECI2"
4519,-2.31721748711107,0.385179311881858,1.78840485565036e-09,-3.07215506598943,-1.56227990823271,0,0,0.00955515088226942,0.922130452384267,1.14824107946351e-07,"MT-CYB"
81706,-1.15861349954517,0.41153322946155,0.00487228759916517,-1.96520380773127,-0.352023191359075,0,0,0.856033125961803,0.354851179331367,0.0341439988043368,"PPP1R14C"
51734,-1.03986285079646,0.355906874584178,0.00348096113571123,-1.73742750683166,-0.342298194761257,0.00344990910554877,0.982776880177475,1.00992531247809,0.314920732493501,0.0263377098724997,"MSRB1"
6526,-1.48930230454741,0.344334342726528,1.52418824019098e-05,-2.16418521493168,-0.814419394163145,0,0,0.107030308266938,0.743550753624935,0.00030856801865608,"SLC5A3"
4536,-1.19930102150543,0.326827015187372,0.000242998320468348,-1.83987020044741,-0.55873184256346,0,0,0.865207122745533,0.352285606056515,0.00312330443744017,"MT-ND2"
4540,-1.37419776011776,0.305609779439121,6.90563324194202e-06,-1.97318192114167,-0.775213599093853,0,0,0.0116274046297367,0.914130192950047,0.000159370250795402,"MT-ND5"
25829,1.00664820379975,0.241354719513316,3.03499391713486e-05,0.533601646054887,1.47969476154462,0,0,0.01301194585561,0.909182369668872,0.000560559218968894,"TMEM184B"
192683,-0.917079253258016,0.296620463271053,0.00198973716810412,-1.49844467834687,-0.335713828169167,0,0,0.543068239062538,0.461163923020999,0.0169152750552004,"SCAMP5"
4512,-1.53878467280501,0.545000638344891,0.0047509123194297,-2.60696629551233,-0.470603050097685,0.286440889534463,45.2376725432314,1.82607286147478,0.176592104619428,0.0334995074618385,"MT-CO1"
4860,-1.41345969086419,0.266026916142978,1.07704521924132e-07,-1.93486286542268,-0.892056516305691,0,0,0.00208468521666984,0.963582558502072,4.29639073699134e-06,"PNP"
2710,-2.91876642561147,0.90222148925765,0.00121605003147517,-4.68708805063456,-1.15044480058839,1.31067208613617,79.2813822483847,4.82657681119694,0.0280242203953587,0.0114577236718237,"GK"
919,2.14455129364447,0.425181580606704,4.56261633210176e-07,1.31121070876551,2.97789187852342,0,0,0.854514831168138,0.355278243595459,1.51895693841304e-05,"CD247"
4537,-1.80112219308348,0.328048228461278,4.00981582951554e-08,-2.44408490605975,-1.1581594801072,0,0,0.0448971359979908,0.832193286974424,1.80817213476114e-06,"MT-ND3"
916,1.55980188522684,0.579177398319483,0.00707839818549589,0.424635043861042,2.69496872659263,0.143743271517687,15.5433553988379,1.18403946157511,0.276535173120523,0.0454900108365305,"CD3E"
2869,1.15846176817328,0.257277319095064,6.70720196459231e-06,0.654207488707935,1.66271604763863,0,0,0.00018172216752671,0.989244493617904,0.000156188608097751,"GRK5"
4538,-1.43241620006207,0.360381654141355,7.04620772485524e-05,-2.1387512628681,-0.726081137256045,0,0,0.504117920097525,0.477696310495083,0.00112297894508538,"MT-ND4"
4535,-1.54529560872642,0.345339205246117,7.65121745294756e-06,-2.2221480134585,-0.868443203994346,0,0,0.724754575514467,0.394588736851975,0.000173380445240491,"MT-ND1"
55170,-0.945089181245222,0.258822381955561,0.000260716027426291,-1.45237172827099,-0.437806634219453,0,0,0.0328506169930042,0.856173397365984,0.00329141778819165,"PRMT6"
4508,-1.65964629604137,0.313850339385646,1.23648701303977e-07,-2.27478165777291,-1.04451093430983,0,0,0.0588538969058442,0.808316659371933,4.90339835200449e-06,"MT-ATP6"
80823,-0.751450079269872,0.267783078546334,0.00501311916393603,-1.27629526888995,-0.226604889649797,0,0,0.312919750047695,0.575894012366945,0.0349492687111424,"GPRASP3"
3897,-3.2705785815424,0.540352431162885,1.42458577607606e-09,-4.32964988558031,-2.21150727750448,0.0119423396958701,1.67831206286938,1.01706960181504,0.313215117703466,9.37702664185839e-08,"L1CAM"
9737,-1.20497988124838,0.327862820334155,0.000237610799021583,-1.84757920097305,-0.562380561523705,0,0,0.760898884576662,0.383047365353625,0.00307162646520422,"GPRASP1"
4514,-2.13087434776442,0.3952748369133,7.01182874576386e-08,-2.90559879210943,-1.35614990341941,0,0,0.0436066095905158,0.834587230238217,2.97297128865202e-06,"MT-CO3"
134548,-1.86134460529641,0.474665688258733,8.8043238409167e-05,-2.79167225898044,-0.931016951612377,0,0,0.182957531936866,0.668843808200133,0.00134743130927446,"SOWAHA"
1756,0.836731678547249,0.304616878954386,0.00601737756737019,0.239693566713655,1.43376979038084,0,0,0.652232913566234,0.419315484210636,0.0404045327394683,"DMD"
9848,-1.29804999307787,0.36028428227249,0.000314747959988237,-2.00419421052781,-0.591905775627927,0,0,0.0109141491469645,0.916795735524119,0.00383702237298499,"MFAP3L"
101928198,-1.29804999307787,0.36028428227249,0.000314747959988237,-2.00419421052781,-0.591905775627927,0,0,0.0109141491469645,0.916795735524119,0.00383702237298499,"LOC101928198"
116228,-0.557063320163337,0.196631114404682,0.00461079770461133,-0.942453222636488,-0.171673417690187,0,0,0.0578613640173306,0.809908640928779,0.0326852710048762,"COX20"
1122,0.764219645728435,0.244237973646376,0.00175404688394862,0.285522013724495,1.24291727773237,0,0,0.146855145049749,0.701558994219478,0.0153271640546203,"CHML"
128387,-1.12222349752389,0.361558384239036,0.00191019244938599,-1.8308649089409,-0.413582086106887,0,0,0.234904337992485,0.627910941339028,0.0163940959866781,"TATDN3"
2214,3.67747180294929,0.387714073708762,2.42360218902909e-21,2.91756618218081,4.43737742371777,0,0,0.00131623522230257,0.971059132047557,9.07706342074423e-19,"FCGR3A"
196051,-3.34515222343779,0.507728873819035,4.44406948379512e-11,-4.34028253003418,-2.3500219168414,0,0,0.110592317346632,0.739470796076969,3.8409864647442e-09,"PLPP4"
2664,0.673362836512812,0.245324102158983,0.00605498601343213,0.192536431741581,1.15418924128404,0,0,0.334478868173481,0.56303359435439,0.0405964079657411,"GDI1"
440590,-3.02220884632165,0.422868628417414,8.87456626974583e-13,-3.85101612821163,-2.19340156443166,0,0,0.492535643389237,0.482798387120551,1.06835515191949e-10,"ZYG11A"
9935,1.113581663468,0.340704300985377,0.00108130778108154,0.445813504158764,1.78134982277723,0,0,0.0951717597175528,0.757702504795814,0.0104436051664201,"MAFB"
5696,1.45411304219398,0.27255067453937,9.54379830085861e-08,0.919923536134715,1.98830254825324,0,0,0.376392176814876,0.539540435021756,3.87587447260472e-06,"PSMB8"
643008,-3.62277983616632,0.342201650194256,3.43556529392096e-26,-4.29348274599724,-2.95207692633541,0,0,0.945381958364333,0.330897572351753,1.85286907431745e-23,"SMIM5"
6392,-1.74567244556598,0.366333804996071,1.88618915762414e-06,-2.4636735096778,-1.02767138145417,0,0,0.00201785532504433,0.96417064116838,5.21137057627998e-05,"SDHD"
55937,-2.91110141582121,0.500720429232616,6.10609089621308e-09,-3.89249542344058,-1.92970740820185,0,0,0.545346522285762,0.460225361423253,3.57949667624526e-07,"APOM"
730051,-0.760478847634727,0.250735980999895,0.00242146425521611,-1.25191234002284,-0.269045355246614,0,0,0.282622455701486,0.594987495533447,0.0197391792944854,"ZNF814"
221545,-0.77931477074996,0.290364589447532,0.00727649338399689,-1.34841890845288,-0.210210633047039,0,0,0.0105838531992888,0.9180599130003,0.0462996509185607,"C6orf136"
3133,1.02853844289374,0.181028086631215,1.33400518083367e-08,0.673729912906364,1.38334697288112,0,0,0.0364849066507684,0.848517581036239,7.08125663511041e-07,"HLA-E"
554235,-4.24764141195368,0.617380917508016,5.98112662941604e-12,-5.45768577501169,-3.03759704889568,0.390826028779998,49.6889994138732,1.98763687533527,0.158588184277628,6.01817390629974e-10,"ASPDH"
29902,1.07531240337632,0.344994355911529,0.0018276446183268,0.399135890920131,1.75148891583251,0,0,0.0223084391697294,0.881269494901205,0.015847030475177,"FAM216A"
401431,-2.10114408328005,0.478073323166111,1.10760138076618e-05,-3.038150578655,-1.16413758790509,0,0,0.100327158501668,0.751437383759966,0.00023592084386841,"ATP6V0E2-AS1"
100170765,-3.48018046697228,0.834041146923972,3.01047660509962e-05,-5.11487107656774,-1.84548985737681,0.944620885778957,63.1731119636111,2.71540728342805,0.0993836014912967,0.000558325392937527,"ERICH4"
201725,0.879048237242209,0.292521938557983,0.00265521718085694,0.305715772980725,1.45238070150369,0,0,0.0238996165548741,0.877140605578188,0.0213096983627941,"C4orf46"
5699,1.69793636130411,0.298311285792141,1.2568684614507e-08,1.11325698496968,2.28261573763854,0.013953664693111,4.07077631875944,1.04243520548322,0.30725578314712,6.7247450260872e-07,"PSMB10"
613212,-7.82950717239529,1.66099282689933,2.43197411094459e-06,-11.0849932916974,-4.57402105309323,4.5311110531261,81.9288650258383,5.53368674092586,0.0186537600057376,6.4802978138075e-05,"CTXN3"
388135,-1.39002453598285,0.458457883424553,0.0024297390636163,-2.28858547592344,-0.491463596042265,0,0,0.697432722598734,0.403647683569469,0.0197827124364363,"INSYN1"
3426,-1.1672753755817,0.398485663058657,0.00339750163333701,-1.94829292353223,-0.386257827631169,0,0,0.589379139060754,0.442659302256891,0.0258805166792559,"CFI"
54809,0.993325633074423,0.344311050029228,0.00391456079297704,0.318488375537967,1.66816289061088,0,0,0.225425338545683,0.634936815651792,0.028635449345197,"SAMD9"
317762,-0.854238889753883,0.306032107152978,0.00524907112697574,-1.45405079788662,-0.254426981621143,0,0,0.180000074638174,0.671373176398021,0.0362382109600686,"CCDC85C"
7114,1.19891544964143,0.393667453207359,0.00232291382766278,0.427341419469404,1.97048947981346,0.155197150057326,34.9810115466116,1.53801223886602,0.214913922076724,0.0190510297199793,"TMSB4X"
150383,0.624764339962423,0.228658417882083,0.00628930548053512,0.17660207615163,1.07292660377322,0,0,0.00614979864870392,0.937493446255155,0.0416906124847862,"CDPF1"
91750,-1.93900300382889,0.489856719833289,7.54830786124649e-05,-2.89910453228706,-0.978901475370713,0.240748927690727,37.6285717193292,1.60329822094182,0.205436430339227,0.00118894666931293,"LIN52"
162073,1.30267420921117,0.340603822716559,0.000130983279849591,0.635102983690053,1.97024543473229,0,0,0.0134448783518711,0.907690542379845,0.00188077482663689,"ITPRIPL2"
192668,-1.9649842496585,0.461859087874196,2.09507009888476e-05,-2.87021142782444,-1.05975707149256,0,0,0.208215400344892,0.648169765047139,0.000405277333475799,"CYS1"
647309,-1.81101408671155,0.504835540661113,0.000334075299055652,-2.80047356452314,-0.821554608899967,0,0,0.238596760731768,0.625221450059831,0.0040253237329467,"GMNC"
10921,0.556975041140847,0.192164925754325,0.0037504562895354,0.180338707570558,0.933611374711137,0,0,0.118914480461785,0.730214817993758,0.0277690291882514,"RNPS1"
90861,0.855440304067343,0.252563082872655,0.000706520651454788,0.360425757812535,1.35045485032215,0,0,0.0134174996551018,0.907784158172446,0.00743059121962941,"JPT2"
2878,-2.27162235619484,0.515530577643767,1.05113692036316e-05,-3.28204372130576,-1.26120099108393,0.153564879171175,27.4652765675567,1.37865004880231,0.240331226998775,0.000226036349238541,"GPX3"
1733,-6.64619587267005,1.50438869795444,9.96776740914811e-06,-9.59474353940985,-3.69764820593025,3.72314457098945,82.1967074584466,5.61693853912681,0.0177876940917694,0.000216069787745248,"DIO1"
55652,-1.0490599102716,0.283369858642097,0.000213833143197694,-1.60445462751432,-0.493665193028884,0,0,0.104675220233241,0.746289726249621,0.00282935453359618,"SLC48A1"
4539,-1.72077463265023,0.449333360531944,0.000128342902902858,-2.60145183634519,-0.840097428955272,0,0,0.0175520232253802,0.894601438905994,0.00185074583940025,"MT-ND4L"
388387,-3.39490591556055,0.617300580574182,3.80655028238029e-08,-4.60479282112162,-2.18501900999949,0.361939986762924,45.3760827567974,1.83069990302543,0.176044898799599,1.75166271185439e-06,"LINC00671"
55333,-0.639474010500135,0.190177683721935,0.00077237847512127,-1.01221542125838,-0.266732599741893,0,0,0.661682981809264,0.415966415471074,0.008006848969051,"SYNJ2BP"
402,-0.951910182739895,0.258043435865361,0.000225178548101519,-1.45766602348297,-0.446154341996817,0,0,0.0619969716480167,0.803367038646182,0.00294479375756817,"ARL2"
7416,0.650929795392932,0.245434546487484,0.00799804578822119,0.169886923715541,1.13197266707032,0,0,0.0911906363964485,0.762668930009905,0.0495349799552532,"VDAC1"
4722,-0.712421361827037,0.242921099291115,0.00335998772846304,-1.1885379675225,-0.236304756131573,0,0,0.0452075412264949,0.831622862570833,0.0257125566354998,"NDUFS3"
5500,0.418904449064304,0.150363265259769,0.00533712016923897,0.124197864557313,0.713611033571294,0,0,0.677479771929348,0.410455908738144,0.0366508490355212,"PPP1CB"
147040,0.741611864783588,0.230411845925215,0.00128801869761161,0.290012945158774,1.1932107844084,0,0,0.449992657034645,0.502338441437994,0.0120182395154999,"KCTD11"
151295,-1.79221345068951,0.495490049765318,0.000297977051226724,-2.76335610292749,-0.821070798451523,0,0,0.125161288638196,0.723502703601944,0.0036690635449223,"SLC23A3"
1454,0.9304944023359,0.350223195775987,0.00788719207738664,0.244069552064444,1.61691925260736,0,0,0.215334782998177,0.642617805150941,0.0489834227450042,"CSNK1E"
3672,0.801445305730455,0.224315459911837,0.000353118164983123,0.361795083127717,1.24109552833319,0,0,0.000505254852391919,0.982066760948408,0.00419479490613873,"ITGA1"
6150,1.06888945973915,0.24392884409105,1.17609716604714e-05,0.590797710530208,1.5469812089481,0,0,0.242763292983359,0.622217404030546,0.000247770595153338,"MRPL23"
155006,-7.50090703746177,1.21938901073165,7.68188372277982e-10,-9.89086558163973,-5.11094849328382,2.36991522029762,79.5451238980946,4.88880986136527,0.0270313138761044,5.31586081836854e-08,"TMEM213"
100505854,0.734187854378798,0.234903120111697,0.00177507816713389,0.273786199103787,1.19458950965381,0,0,0.0235657033001433,0.877995120723689,0.0154708331787112,"APTR"
100130894,-1.27808226908117,0.401382152273825,0.00145153159869414,-2.06477683157504,-0.491387706587302,0,0,0.964393299779921,0.326082465608739,0.0131613991561486,"VAC14-AS1"
440503,-1.74272731963891,0.406974023104561,1.85088964575095e-05,-2.54038174756723,-0.945072891710602,0,0,0.333486730195745,0.563613152210681,0.000367533801084831,"PLIN5"
4515,2.04883692618212,0.327249632511152,3.83064330711495e-10,1.4074394325063,2.69023441985795,0,0,0.310306944780468,0.57749189283281,2.85351180717298e-08,"MTCP1"
101059953,1.6404668762076,0.605006946357626,0.00669826997729714,0.4546750509501,2.82625870146511,0,0,0.467595194539862,0.494095576711232,0.0437986295363227,"NPIPA8"
100507650,-5.02527504332513,1.72690011911479,0.00361431637878629,-8.40993708168806,-1.6406130049622,5.17811572480664,86.4146732133454,7.36088292688213,0.00666580513326432,0.0270431896421618,"RNF212B"
2642,-7.43476539859124,2.10523899223178,0.000413125341646399,-11.5609580022149,-3.30857279496756,7.5016939285881,84.2895466581668,6.36518869469692,0.0116380718603987,0.00475270390906006,"GCGR"
10437,1.02134548148251,0.269631591132335,0.000151907884502983,0.492877273768903,1.54981368919611,0,0,0.140195613318261,0.708086623599756,0.00213796869180973,"IFI30"
51192,1.48336536923016,0.391290078298398,0.000150065607612093,0.71645090825744,2.25027983020287,0.14378465747224,30.4789432058323,1.43841311699377,0.230396305293542,0.00211645877346636,"CKLF"
648791,1.24543699042945,0.444756833662394,0.00510606718360417,0.373729614573088,2.11714436628582,0,0,0.533915670435864,0.464965266519007,0.0354226587739102,"PPP1R3G"
6844,-0.774830722939678,0.216095770709676,0.000336317655053055,-1.19837065074207,-0.351290795137288,0,0,0.0169363357596575,0.896455918625787,0.00403659183328815,"VAMP2"
64641,2.21569325586452,0.544858711338933,4.77149791233321e-05,1.14778980497731,3.28359670675174,0,0,0.383079439194093,0.535959762964435,0.000806191808922163,"EBF2"
91584,-1.04702870078272,0.352736369497678,0.00299448218788613,-1.73837928103558,-0.35567812052986,0,0,0.182846334932547,0.668938470567314,0.0234191434682533,"PLXNA4"
80830,0.960623057916458,0.227954955327759,2.50785518718134e-05,0.513839555376615,1.4074065604563,0,0,0.552440518788897,0.457322210628514,0.000473715825767284,"APOL6"
3995,1.20858068056772,0.406066308877048,0.00291736363264062,0.412705339833592,2.00445602130186,0.0813710605012199,18.2158601581167,1.22273096218086,0.268825364711763,0.0229491329398445,"FADS3"
728190,0.682247345163391,0.253644081133942,0.00714986573463115,0.18511408124911,1.17938060907767,0,0,0.370944637037635,0.542489809782034,0.0458182698194067,"NUTM2A-AS1"
155400,1.04712398512761,0.373849678319047,0.00509567509810008,0.314392079990391,1.77985589026482,0,0,0.0798258371362933,0.777533569693753,0.0354149419317956,"NSUN5P1"
399821,-1.19895196511481,0.413274809861523,0.0037185400028989,-2.00895570816103,-0.388948222068585,0,0,0.559115674512627,0.454616770306668,0.0276019116098349,"EDRF1-DT"
401022,-0.997134332650269,0.27657478757653,0.000311795787637063,-1.53921095533208,-0.455057709968454,0,0,0.0355311764953622,0.850486947496068,0.0038079190260059,"HAGLR"
100303728,-1.11143610670418,0.36069081908291,0.0020602311306398,-1.81837712166094,-0.404495091747424,0,0,0.333380253319772,0.563675419017548,0.0173288186739966,"SLC25A5-AS1"
342371,-0.792466633268494,0.235677164830029,0.000772375543772095,-1.25438538831386,-0.330547878223128,0,0,0.691405931604069,0.40568658258218,0.008006848969051,"ATXN1L"
100133205,2.02489514013263,0.473407410147907,1.89192405847389e-05,1.09703366622835,2.95275661403691,0.0790846249779646,10.1227011223892,1.11262800783737,0.291511390636164,0.000374029502645211,"LINC00240"
65010,-1.32871929321371,0.264863347468965,5.25878906586836e-07,-1.8478419150776,-0.809596671349821,0,0,0.376290998684736,0.539594946012098,1.72516430596358e-05,"SLC26A6"
105375304,-1.8393432631069,0.549647088862237,0.000818659225687461,-2.91663176148417,-0.762054764729625,0,0,0.290593690043167,0.589840330737552,0.00836577130022182,"SNX10-AS1"
284835,-1.09527645516981,0.390637646733632,0.00505015679429862,-1.86091217377321,-0.329640736566409,0,0,0.000602092300081008,0.980423816875432,0.0351711074677316,"LINC00323"
8505,-1.05061060611065,0.255362765021211,3.88543480918984e-05,-1.55111242854479,-0.550108783676512,0,0,0.254601767173194,0.613853309543299,0.000686596560056443,"PARG"
106614088,2.38378694432119,0.487102083417596,9.8900368089219e-07,1.42908440402828,3.3384894846141,0.187044125206313,26.8059775481865,1.36623178574226,0.242460371608761,3.00331906069131e-05,"MIR34AHG"
6171,1.62374776600549,0.549957667360271,0.00315216241384756,0.545850544957705,2.70164498705328,0,0,0.121728627594634,0.727167163629578,0.0244116058735822,"RPL41"
100507347,1.41989940054007,0.344777918259038,3.81675215501799e-05,0.744147098087659,2.09565170299248,0,0,0.00180270877373018,0.966133339123917,0.000675344741549967,"VIM-AS1"
197135,2.00829516836539,0.438771105306375,4.71486954915506e-06,1.14831960450807,2.86827073222272,0,0,0.0937026483622561,0.759521744575633,0.000115373114575785,"PATL2"
196047,-0.891521227056181,0.260436733626607,0.000618935942024991,-1.40196784521558,-0.38107460889678,0,0,0.23104559342724,0.630749618255852,0.00671368729390422,"EMX2OS"
114796,-1.07558001728161,0.396836345208023,0.00672047713306837,-1.85336496164584,-0.297795072917381,0,0,0.0768772746936058,0.781574701583501,0.0438799966998357,"PSMG3-AS1"
100131814,-1.76981904484198,0.473913569630923,0.000188106123118601,-2.6986725731034,-0.840965516580553,0.124746074413956,9.87615499434023,1.109584261454,0.292172338713044,0.00252613033666145,"AHI1-DT"
285958,1.37613203093947,0.332895822519043,3.56780042624625e-05,0.723668208198306,2.02859585368063,0,0,0.582570967580154,0.445306344545548,0.000636304935807912,"SNHG15"
404266,-3.51429001644309,1.1096395727989,0.00153990971830971,-5.68914361494934,-1.33943641793683,1.69251394587302,64.1354041955066,2.78826507749103,0.0949569825011111,0.0137683041989189,"HOXB-AS3"
101929023,-4.59059973348738,1.46594709185012,0.00173921274730401,-7.46380323675483,-1.71739623021992,3.69319441378025,84.4165512979883,6.41706479176786,0.0113028826855535,0.0152370405925275,"LINC01762"
101928820,-3.46478158193259,0.538757937559557,1.26721829630186e-10,-4.5207277359344,-2.40883542793078,0,0,0.351842704298695,0.553071868855832,1.00505319347282e-08,"LINC02535"
100505881,-1.1230171739126,0.282814774457585,7.16144002788959e-05,-1.67732394614529,-0.568710401679915,0,0,0.265168024229103,0.606591677140859,0.0011373109057248,"MAGI2-AS3"
60674,1.25770429448692,0.333933181619389,0.000165661349420335,0.603207285270043,1.91220130370379,0,0,0.136971535117972,0.711310473288274,0.00228385682437052,"GAS5"
114614,3.02326044531654,0.520190252623971,6.17913548617061e-09,2.00370628506476,4.04281460556831,0,0,0.441940917324538,0.506187141881011,3.60663566060772e-07,"MIR155HG"
101927973,-0.951526944483546,0.358507436413935,0.00795121339649275,-1.65418860804464,-0.24886528092245,0,0,0.0205934719009368,0.88589194910741,0.0493128841880919,"LINC01695"
100289098,-1.15124953860525,0.376880675675491,0.0022530141648093,-1.88992208939833,-0.41257698781217,0,0,0.811165672118917,0.367775843672731,0.0186135968039974,"LINC03011"
442421,1.21059891484502,0.41813594834833,0.00378883199896864,0.391067515440794,2.03013031424925,0,0,0.000271372619340403,0.986856729912617,0.0279457449902047,"PTGER4P2-CDK2AP2P2"
103352539,1.21059891484502,0.41813594834833,0.00378883199896864,0.391067515440794,2.03013031424925,0,0,0.000271372619340403,0.986856729912617,0.0279457449902047,"LINC01410"
81567,0.687296222150624,0.255643779198941,0.00717755833364697,0.18624362204899,1.18834882225226,0,0,0.00549397735451226,0.940913811961048,0.0459084530420124,"TXNDC5"
5698,2.26703005824089,0.783387467277615,0.00380512416866505,0.731618836436715,3.80244128004507,0.85581527815565,65.6924237175754,2.91480806387448,0.0877698548654995,0.0279893557916589,"PSMB9"
5098,1.11681280081452,0.324590575086374,0.000580251029822312,0.480626963924086,1.75299863770496,0,0,0.754305176768064,0.385116600050817,0.00636576455255837,"PCDHGC3"
100126793,-2.08983923479268,0.628650217345435,0.000886320307989102,-3.32197101966301,-0.857707449922353,0,0,0.562194244281295,0.453377496816728,0.00887383829394729,"GHRLOS"
358,-2.44888808007837,0.427914703728118,1.04756909827612e-08,-3.28758548784061,-1.61019067231613,0,0,0.46886041517906,0.493511898481663,5.78867793117089e-07,"AQP1"
10687,1.69298776427806,0.434376475015012,9.71857860164931e-05,0.84162551751717,2.54435001103894,0,0,0.0367490395835073,0.847976900360683,0.00146082046026798,"PNMA2"
54600,-4.61579770349229,1.6154043732079,0.00427176148714465,-7.78193209544828,-1.44966331153631,4.03131552935364,76.8498489836492,4.31962624906293,0.0376751963974136,0.030717952069958,"UGT1A9"
401081,-1.89273008227767,0.389789218384301,1.199147228547e-06,-2.65670291187292,-1.12875725268242,0,0,0.225560025116031,0.634835726855308,3.55342902912069e-05,"C3orf85"
23779,-1.38653321109356,0.365089996135019,0.000145995031014665,-2.10209645463407,-0.670969967553056,0,0,0.0958746797640086,0.756837497642496,0.00206987487189352,"ARHGAP8"
10552,0.796268554255797,0.194402330016192,4.20381570501009e-05,0.415246988913391,1.1772901195982,0,0,0.316665906960599,0.573618235859009,0.000729472936301815,"ARPC1A"
80301,1.44340255324353,0.534432338245365,0.0069169927038771,0.395934418109084,2.49087068837797,0.282904294388443,42.8871010804459,1.75091795184227,0.185761374644238,0.0447943384372598,"PLEKHO2"
112817,-3.2691685419463,0.546927026888788,2.26811151994483e-09,-4.34112581681989,-2.1972112670727,0.166064334959846,24.6583969355805,1.32728792503256,0.249288272377225,1.42236965690308e-07,"HOGA1"
728591,-1.27323716224847,0.394196230403033,0.00123808520463115,-2.04584757667987,-0.500626747817075,0,0,0.0286988311121224,0.865476286989663,0.0116247234081071,"CCDC169"
140564,1.56071019800994,0.509748921767927,0.00220066711465691,0.561620670186676,2.5597997258332,0,0,0.910476250751602,0.339988086960405,0.0182369973613516,"APOBEC3D"
95,-3.70920314954241,0.497840946838184,9.29316909442209e-14,-4.68495347537457,-2.73345282371025,0.179237266649515,33.4263543931941,1.50209589828707,0.220349155167184,1.31894525157993e-11,"ACY1"
2939,-3.10371651274346,1.11601601362435,0.00541803736383428,-5.29106770561715,-0.916365319869779,1.3343096306374,53.5634428216569,2.15347575437048,0.142247544788377,0.0371196126913504,"GSTA2"
55861,1.56786876852955,0.39281891352378,6.57045867576763e-05,0.797957845576784,2.33777969148231,0,0,0.000108320196364024,0.991696007650602,0.00105968294647578,"DBNDD2"
100506495,-1.2422298594871,0.279156730310062,8.58954876357563e-06,-1.78936699693678,-0.69509272203742,0,0,0.835628074485088,0.360650144757448,0.000190481720360675,"LIFR-AS1"
1050,1.41543386505295,0.417042874581023,0.000688855134853658,0.598044850865087,2.23282287924081,0,0,0.633475246237183,0.426083428934333,0.0072845755162603,"CEBPA"
100506211,3.28479667392956,0.826862417297051,7.10912792890012e-05,1.66417611585762,4.90541723200151,0.910680267579946,65.5119181382999,2.89955238453121,0.0886041536791208,0.00113166908931948,"MIR210HG"
25864,-1.76289793026647,0.288299144193556,9.66648392907754e-10,-2.32795386965956,-1.19784199087338,0,0,0.11478188021315,0.734764359215825,6.61589862008896e-08,"ABHD14A"
105370027,1.55324190702227,0.410782256860642,0.000156086376946619,0.748123478087329,2.35836033595721,0,0,0.438496059607163,0.507849237918654,0.00217858449313796,"PRKAB1-AS1"
441369,-1.50635275905169,0.347866886719739,1.48935927645521e-05,-2.18815932843645,-0.824546189666926,0,0,0.0206075106110681,0.885853327961912,0.000303338838737848,"FLJ46284"
5820,3.71014190840584,0.783266755504862,2.17168549730295e-06,2.17496727732877,5.24531653948291,0.791758466442697,60.2836993455846,2.51785786571949,0.112563401201149,5.91532031517893e-05,"PVT1"
57733,-3.25249464930189,0.84369860306303,0.000115709146380242,-4.90611352511219,-1.5988757734916,0.976117703781376,68.1303313825619,3.13777972405031,0.0764978783302708,0.00169946233185708,"GBA3"
283140,2.89412430299036,0.506926153766026,1.13532774853911e-08,1.90056729878753,3.88768130719318,0,0,0.00670503718089783,0.934738726119552,6.1974186370659e-07,"LINC02762"
105377267,-1.46014190652159,0.511731478977351,0.0043262837224125,-2.46311717507261,-0.457166637970566,0,0,0.598343157229453,0.439210885813174,0.0309449779465717,"UGT2B11-AS1"
58510,-2.94083643009472,0.41786400480331,1.95321746140051e-12,-3.75983482994488,-2.12183803024456,0,0,0.830167223404006,0.362224179075558,2.23179924000534e-10,"PRODH2"
399474,1.00385209175757,0.256723393764027,9.22014747874793e-05,0.500683485991184,1.50702069752396,0,0,0.0992467808909607,0.752735405484049,0.00140310664171511,"TMEM200B"
105375666,-1.57812410596583,0.331721277392271,1.96121959894544e-06,-2.2282858625603,-0.92796234937136,0,0,0.342047756940124,0.558649596007536,5.38556493942594e-05,"VPS13B-DT"
4067,0.707852300222235,0.240023519777601,0.00318705397355638,0.237414846015601,1.17828975442887,0,0,0.656581553198476,0.417769383922967,0.0246252428226136,"LYN"
132430,1.14314176003176,0.310971963961553,0.000236893195613178,0.533647910465425,1.75263560959809,0,0,0.246066141998768,0.61985875099252,0.00306528882577013,"PABPC4L"
619383,1.12184777632054,0.397256289614237,0.00474298695125416,0.34323975604462,1.90045579659645,0,0,0.970772728001029,0.324487538366658,0.033463994277216,"SCARNA9"
100158262,1.12184777632054,0.397256289614237,0.00474298695125416,0.34323975604462,1.90045579659645,0,0,0.970772728001029,0.324487538366658,0.033463994277216,"SCARNA9L"
23642,0.936069405537666,0.282873751663479,0.00093582368848604,0.381647040105519,1.49049177096981,0,0,0.118106597557626,0.731097179277827,0.00927091167660344,"SNHG1"
196475,-1.66155185013045,0.463480760444475,0.000337152549853798,-2.56995744812886,-0.753146252132041,0,0,0.144921579162086,0.703436503509848,0.00404073584860334,"RMST"
283487,0.895854897185943,0.336344878654928,0.00773321980648732,0.236631048637789,1.5550787457341,0,0,0.0590005479004696,0.808082645664547,0.0482476410803544,"PRECSIT"
100862680,-2.44621333676622,0.545089271606572,7.19861655908419e-06,-3.51456867747427,-1.37785799605817,0,0,0.0559204143394202,0.813064122849378,0.000164509872170707,"LINC00507"
56242,-1.18030730521841,0.360217431737445,0.00105045612143576,-1.88632049802731,-0.474294112409497,0,0,0.778559994773794,0.377581906661612,0.0101840499919085,"ZNF253"
101927062,-4.74793297500693,0.824507313861568,8.48600290104884e-09,-6.36393761516547,-3.13192833484839,0,0,0.375796028610842,0.539861762815,4.82771211455028e-07,"LINC02294"
100533970,-1.31452118747008,0.38279050923568,0.000594637712653988,-2.06477679919576,-0.564265575744403,0,0,0.895675932605195,0.343943804689463,0.00649716392197223,"P2RX5-TAX1BP3"
51750,0.900241521438016,0.323147778987519,0.0053387426763898,0.266883512938369,1.53359952993766,0,0,0.0956173786392333,0.757153725760268,0.0366508490355212,"RTEL1"
100129794,-1.45049183817651,0.427101630487982,0.000683463713057239,-2.28759565167129,-0.613388024681726,0,0,0.0105920018472352,0.918028486862555,0.00723891692313492,"SLC25A21-AS1"
400236,1.11963844462914,0.379585994241596,0.00318154127265342,0.375663566879783,1.8636133223785,0,0,0.494535968265079,0.481910859976236,0.0246095921518967,"FOXN3-AS1"
109729181,-0.939094514005596,0.299081023374347,0.00168986209957298,-1.5252825482787,-0.352906479732493,0,0,0.89120665161466,0.345150526150751,0.0148820448651485,"ZNF710-AS1"
102724362,-0.944449973856861,0.308072604343741,0.00217180438662504,-1.54826118299405,-0.340638764719671,0,0,0.02390261723674,0.877132954355183,0.0180644284669127,"SPINT1-AS1"
5175,0.925768779773866,0.297034260454923,0.00182883193223227,0.343592327107728,1.50794523244,0,0,0.0200150700589951,0.887495003214226,0.0158471342816759,"PECAM1"
102723548,-2.69811390675225,0.786144258240795,0.000598959827163111,-4.23892833955716,-1.15729947394734,0.72659864358376,51.9519472782422,2.08124979755353,0.149118038287132,0.00653908935193541,"PAQR5-DT"
100820829,-1.44701700927642,0.352034997728201,3.94914277649323e-05,-2.13699292612134,-0.757041092431509,0,0,0.203846647527306,0.65163369568526,0.000696029961509257,"MYZAP"
440712,1.21350782578802,0.424409900355716,0.00424600396601343,0.381679706408581,2.04533594516746,0,0,0.331643206692108,0.564693106700623,0.0305816621120508,"RHEX"
6139,0.96290501529434,0.274737864377082,0.000456927002313446,0.42442869592581,1.50138133466287,0,0,0.398053040484597,0.528096464536322,0.00519018262189738,"RPL17"
100507433,-1.58238930740635,0.449050476289608,0.000425314994622339,-2.46251206817454,-0.702266546638164,0,0,0.532459698068337,0.46557458318356,0.00487215129353696,"ZNF571-AS1"
100505812,1.00963305520213,0.36957577088604,0.0062975935808584,0.285277854706861,1.73398825569739,0,0,0.197662675026773,0.656614118927589,0.0417250389438397,"CARD8-AS1"
115290,1.0463798970433,0.326471619690484,0.00135007361304803,0.406507280475495,1.68625251361111,0,0,0.11783231184468,0.731397518328911,0.0124421790921167,"FBXO17"
84548,0.712073413450693,0.247367330201259,0.00399435317617747,0.227242355304398,1.19690447159699,0,0,0.469297667690529,0.493310451780141,0.0290955504453814,"TMEM185A"
100505761,-0.783821216735086,0.225607447917554,0.000512245063536259,-1.22600368929749,-0.341638744172684,0,0,0.00101934194295988,0.97453015914516,0.00575550015971615,"C10orf95-AS1"
101930085,-0.780257017441246,0.281550156280586,0.00558347448714662,-1.33208518359282,-0.228428851289674,0,0,0.46353108793752,0.495978321873297,0.037982838804338,"HERPUD2-AS1"
100507032,0.905867204592789,0.337022669724719,0.00719131680479649,0.245314909958803,1.56641949922677,0,0,0.0205979356996981,0.885879667532687,0.0459528552033513,"TMCC1-DT"
6352,2.10236308971064,0.425910052098477,7.96729438559638e-07,1.26759472694404,2.93713145247723,0,0,0.00751642701892808,0.930912098825937,2.50988388320084e-05,"CCL5"
283481,-1.21222398423124,0.426800487499023,0.0045076899636395,-2.04873756831346,-0.375710400149016,0,0,0.938902498394939,0.332560250891888,0.0320385786925416,"FGF14-AS2"
100133941,1.25394069654939,0.41505185987034,0.00251803012422169,0.440453999487158,2.06742739361162,0.0990698030060836,23.10455780613,1.30046719476401,0.254127902747409,0.0203662868415603,"CD24"
3975,-6.88031655464103,1.8137671491815,0.00014860765070851,-10.4352348433786,-3.32539826590341,4.76292515815507,66.1512578050645,2.95431952608751,0.0856483536006079,0.00210029030870319,"LHX1"
6351,1.82042716903761,0.610239266667947,0.00285310506462831,0.624380184416296,3.01647415365892,0.0567481051381825,5.1886076113632,1.0547255712699,0.30442125011763,0.0226284797566962,"CCL4"
157285,1.04227323510995,0.316702575652746,0.000998262449082056,0.421547593019499,1.66299887720041,0,0,0.00833648184791591,0.927250772423844,0.00976746923147558,"PRAG1"
79154,-2.14809803490232,0.408933715578738,1.49702712323341e-07,-2.94959338950079,-1.34660268030385,0,0,0.142579112363742,0.705730369508287,5.81683478459829e-06,"DHRS11"
11072,1.33322935074513,0.315797040541144,2.4236794939864e-05,0.714278524860157,1.95218017663011,0,0,0.822003486878137,0.364595043857829,0.000460909317594057,"DUSP14"
338382,2.61899109388833,0.839749679427159,0.00181604005222856,0.973111966182041,4.26487022159462,0.87366346771281,55.2835324800531,2.2363126057619,0.134802105884988,0.0157768479537357,"RAB7B"
1602,-2.61403967910812,0.276978513915902,3.81057349137836e-21,-3.15690759087471,-2.07117176734152,0,0,0.338917889296224,0.560454503635947,1.38859357795282e-18,"DACH1"
7703,-1.05300310033608,0.311699643096466,0.000729455104676068,-1.66392317479915,-0.442083025873021,0,0,0.934882353492101,0.333597453935894,0.00764793404070562,"PCGF2"
4747,2.0867777162203,0.600167533456975,0.000507072935529427,0.910470965954394,3.26308446648621,0.0336881772449729,4.55803416037387,1.04775712780301,0.30602420649872,0.00570213877376419,"NEFL"
11056,-1.03324965076007,0.372334880126565,0.00551924278300681,-1.76301260599617,-0.303486695523961,0.047905571195815,11.0019468120606,1.12362008401271,0.289140289460238,0.0376789622497624,"DDX52"
105371267,-2.70043212589419,0.827335686774675,0.00109847208207396,-4.32198027509726,-1.07888397669111,0.858091337409853,55.6395197692449,2.25425873389599,0.133247246707898,0.010586632653755,"CHD9NB"
102724023,-1.5735293921754,0.513710504712582,0.00219081433721633,-2.58038347989196,-0.56667530445885,0,0,0.245139377283769,0.620518579693218,0.0181665127359704,"LOC102724023"
105377924,-2.56699012743252,0.603187238338342,2.08386411759877e-05,-3.74921539050985,-1.3847648643552,0,0,0.0568425960636557,0.811557797007115,0.000404500724737515,"LOC105377924"
