"Gene_ID","Gene_Symbol","logFC_24455","SE_24455","p_24455","padj_24455","logFC_63183","SE_63183","p_63183","padj_63183","meta_log2FC","meta_SE","meta_pvalue","meta_padj","ci_lower","ci_upper","tau2","I2","Q","Q_pvalue"
19,"ABCA1",1.3255117028786,0.349821905650278,0.00015119140278408,0.00162741240141861,1.75653169978934,0.750051082930359,0.0191867409762905,0.130140183572347,1.3255117028786,0.349821905650278,0.000151191402784086,0.00161147326777694,0.639873366800886,2.01115003895631,0,0,0,1
47,"ACLY",1.41042569139713,0.282184818506456,5.78578153328912e-07,1.37140009953126e-05,0.977225958390727,0.730856273550309,0.18119087468623,0.554068283214319,1.41042569139713,0.282184818506456,5.78578153328905e-07,1.35433493773153e-05,0.857353610140505,1.96349777265376,0,0,0,1
59,"ACTA2",1.3375977723627,0.446819806913331,0.00275711189349486,0.01772928844746,1.94197184891186,0.742666877659533,0.00892633539997561,0.075536577512421,1.3375977723627,0.446819806913331,0.00275711189349489,0.0175826624495442,0.46184704323343,2.21334850149197,0,0,0,1
60,"ACTB",0.92929236458797,0.293150622102107,0.00152430182135996,0.0110393235864613,1.45808912012778,0.710386556767373,0.0401182644848942,0.220079212603058,0.92929236458797,0.293150622102107,0.00152430182135993,0.0109378187639148,0.354727703222329,1.50385702595361,0,0,0,1
70,"ACTC1",1.22370932485547,0.415637809079705,0.00323819667173691,0.0201181580456846,-2.02119657874925,1.55286513593012,0.193055953143548,0.571482426057894,1.22370932485547,0.415637809079705,0.00323819667173703,0.0199545730004709,0.409074188446113,2.03834446126483,0,0,0,1
72,"ACTG2",2.00164215691286,0.424219879477335,2.37698288459225e-06,4.73464631467983e-05,3.62804131394746,0.840291501026663,1.5773603191891e-05,0.0004383910711325,2.00164215691286,0.424219879477335,2.37698288459227e-06,4.67866572743906e-05,1.17018647161136,2.83309784221436,0,0,0,1
87,"ACTN1",1.36289399902496,0.33945464332295,5.94579684446454e-05,0.00074793873412861,2.5595146435139,0.811318532089592,0.00160630595304894,0.0209985034845142,1.36289399902496,0.33945464332295,5.94579684446422e-05,0.000739549620423534,0.697575123727088,2.02821287432283,0,0,0,1
94,"ACVRL1",0.757402612765221,0.280645562927181,0.00695926904528727,0.0371485835774105,2.02685054787699,0.752273121874674,0.00705363421398566,0.0633504050333257,0.757402612765221,0.280645562927181,0.00695926904528719,0.036825676820097,0.207347417006977,1.30745780852347,0,0,0,1
98,"ACYP2",0.556899148194452,0.216771335136827,0.0101974009599858,0.0499283377719748,-0.242811388670132,0.830207896576759,0.769926847402556,0.946872332501807,0.556899148194452,0.216771335136827,0.0101974009599858,0.0495108236022644,0.132035138445609,0.981763157943295,0,0,0,1
102,"ADAM10",0.653342980098911,0.234926614752853,0.00541831652659515,0.0304883050475572,-0.109075914241966,0.731964423789868,0.88153938676647,0.974905541957191,0.653342980098911,0.234926614752853,0.00541831652659524,0.0302380636291737,0.192895276173403,1.11379068402442,0,0,0,1
109,"ADCY3",1.21800201573151,0.377483780056086,0.00125255547312998,0.00941921715793744,2.02087190615404,0.807911980882848,0.0123720289866881,0.0957261467164846,1.21800201573151,0.377483780056086,0.00125255547312999,0.00933565806755755,0.478147402073542,1.95785662938948,0,0,0,1
123,"PLIN2",1.94844346343512,0.335060601646497,6.05624574018281e-09,2.34790724684375e-07,1.51957456617695,0.731699206570567,0.0378223374027566,0.211515050925498,1.94844346343512,0.335060601646497,6.05624574018261e-09,2.31321136869355e-07,1.29173675156966,2.60515017530058,0,0,0,1
133,"ADM",2.48491191392563,0.432647938769925,9.27412919256547e-09,3.44927233167394e-07,2.3838832985766,0.735680158068627,0.00119370487924935,0.0164924155575761,2.48491191392563,0.432647938769925,9.27412919256552e-09,3.39790988867828e-07,1.63693753595109,3.33288629190017,0,0,0,1
141,"ADPRH",0.964029506042628,0.326914111075345,0.00318930872519681,0.0199317272061025,1.60275717689394,0.861468577118024,0.0628156570423453,0.299070339878598,0.964029506042628,0.326914111075345,0.00318930872519686,0.0197616955615024,0.323289622297025,1.60476938978823,0,0,0,1
182,"JAG1",1.04093367606882,0.270928152426742,0.00012198497304457,0.00137561361550024,0.763282394166009,0.739071071330498,0.301716635897026,0.710535413048163,1.04093367606882,0.270928152426742,0.00012198497304458,0.00136152598639079,0.509924254914428,1.57194309722321,0,0,0,1
196,"AHR",0.788583602636413,0.277049410708938,0.00442215470385283,0.0259251468342803,2.06088240605342,0.924460343467255,0.0257951761044399,0.161186188044112,0.788583602636413,0.277049410708938,0.00442215470385283,0.0257226099353418,0.245576735708849,1.33159046956398,0,0,0,1
226,"ALDOA",1.51495614085792,0.302929596461442,5.70286059282485e-07,1.35408406186727e-05,2.15859094448415,0.744748986453759,0.00375055062008272,0.040035336205074,1.51495614085792,0.302929596461442,5.70286059282495e-07,1.33724642387928e-05,0.921225041942242,2.1086872397736,0,0,0,1
240,"ALOX5",2.82208993846039,0.465235504792594,1.31185363613474e-09,5.96154943785206e-08,3.83367281830573,0.932427182523296,3.93099692247868e-05,0.00096739467582702,2.82208993846039,0.465235504792594,1.3118536361348e-09,5.87631979269286e-08,1.91024510473759,3.73393477218319,0,0,0,1
241,"ALOX5AP",1.11290605887962,0.362048702368225,0.0021127133498642,0.0143113909247465,1.80282138037367,0.853613149477394,0.0346874130540282,0.199079825889631,1.11290605887962,0.362048702368225,0.00211271334986427,0.0141931809149078,0.403303641588438,1.8225084761708,0,0,0,1
285,"ANGPT2",1.6686707764865,0.395769840475102,2.48381168995518e-05,0.00035508157950984,4.36710619576149,0.770605161279984,1.45223939474797e-08,9.36080000637739e-07,1.6686707764865,0.395769840475102,2.48381168995532e-05,0.000351408531119282,0.892976142988138,2.44436540998486,0,0,0,1
301,"ANXA1",1.29342851723651,0.343833656417981,0.00016870459720983,0.00179033244589367,2.27560411010669,0.986416533345414,0.0210581452781655,0.139161457695889,1.29342851723651,0.343833656417981,0.000168704597209842,0.0017725918987323,0.619526933984548,1.96733010048847,0,0,0,1
302,"ANXA2",1.28491563697635,0.330798196863125,0.00010262997991683,0.00118063188967194,1.84740445360414,0.798777541372401,0.0207342055111837,0.137672167259084,1.28491563697635,0.330798196863125,0.000102629979916832,0.00116772997402418,0.636563084973834,1.93326818897887,0,0,0,1
307,"ANXA4",1.748926357407,0.242979133052865,6.1171218650885e-13,5.34994019326057e-11,0.927716694293793,0.81722688388503,0.256291152410822,0.660797449731227,1.748926357407,0.242979133052865,6.11712186508862e-13,5.25599268622319e-11,1.27269600762862,2.22515670718538,0,0,0,1
313,"AOAH",1.35588040508716,0.48753987636036,0.00541807786099555,0.0304883050475572,3.06461989454183,0.86343858818542,0.0003862273408935,0.00652498387705064,1.35588040508716,0.48753987636036,0.00541807786099547,0.0302380636291737,0.400319806393744,2.31144100378058,0,0,0,1
330,"BIRC3",2.67596139186493,0.773983839139085,0.00054544164908493,0.00475580761883206,2.70251736809797,0.834599801554264,0.00120328750504087,0.0165837954744901,2.67596139186493,0.773983839139085,0.000545441649084933,0.00471724807864795,1.15898094253628,4.19294184119358,0,0,0,1
341,"APOC1",4.98469694484327,0.327573779551517,2.72668974848438e-52,5.34587001545709e-49,6.8534676313,0.801853977373101,1.26299604022383e-17,4.23331012762223e-15,4.98469694484327,0.327573779551517,2.72668974848416e-52,5.25199398268741e-49,4.34266413464263,5.62672975504391,0,0,0,1
355,"FAS",1.27339686004177,0.28188051440313,6.25723132490401e-06,0.00010925476170862,1.48172325790647,0.896677676816301,0.0984409800760756,0.393928458714172,1.27339686004177,0.28188051440313,6.25723132490443e-06,0.000108023367418292,0.720921203868011,1.82587251621553,0,0,0,1
356,"FASLG",1.93446637958907,0.637785989777066,0.00242058273979006,0.0159865628108175,2.86355500665817,2.06193397528551,0.164902263866006,0.526399436215312,1.93446637958907,0.637785989777066,0.00242058273979011,0.0158507610881933,0.68442880978179,3.18450394939635,0,0,0,1
391,"RHOG",0.807489169784522,0.272436051388657,0.00303709171465841,0.0191636996284929,1.66779569013034,0.743307105438433,0.0248484588432146,0.156260908725491,0.807489169784522,0.272436051388657,0.00303709171465843,0.0190019060736611,0.273524320972451,1.34145401859659,0,0,0,1
392,"ARHGAP1",0.774567685418192,0.297819452803339,0.00930077033276588,0.0465171833415398,1.00660732238671,0.749594257842569,0.179314209752863,0.550692109446257,0.774567685418192,0.297819452803339,0.00930077033276591,0.0461203590671583,0.190852284028221,1.35828308680816,0,0,0,1
397,"ARHGDIB",1.32833895096447,0.371712168824302,0.00035214887182012,0.00330341156313013,2.30896514746834,0.758359015973748,0.00232923282668768,0.0278825806731849,1.32833895096447,0.371712168824302,0.000352148871820122,0.00327449878534531,0.599796487453566,2.05688141447537,0,0,0,1
409,"ARRB2",0.925927038764392,0.340738932330353,0.00657952471762521,0.0354768045642795,1.02562123025625,0.745313083560096,0.168792380119608,0.533038688741072,0.925927038764392,0.340738932330353,0.00657952471762522,0.035171546881592,0.258091003266269,1.59376307426251,0,0,0,1
412,"STS",1.01854638268382,0.28264798071502,0.00031385650799547,0.00301425242528336,1.75893344790803,0.890730267668113,0.0483011336075685,0.251269360148121,1.01854638268382,0.28264798071502,0.000313856507995465,0.00298639893952213,0.464566520179409,1.57252624518823,0,0,0,1
440,"ASNS",1.26957629096899,0.377344603824748,0.00076682210762666,0.00630549227385758,1.70428709738508,0.806775322907214,0.0346463231290551,0.199053043990344,1.26957629096899,0.377344603824748,0.000766822107626631,0.00625094466573753,0.529994457711949,2.00915812422603,0,0,0,1
488,"ATP2A2",1.02542294626102,0.24326903342634,2.49578220886946e-05,0.00035642159245082,0.302089060960598,0.765919557926313,0.693275732695983,0.925564247928939,1.02542294626102,0.24326903342634,2.49578220886973e-05,0.000352731986605771,0.548624402191523,1.50222149033052,0,0,0,1
489,"ATP2A3",1.54135246920483,0.449437604734531,0.00060466367608132,0.00516946483709503,0.492418237643738,0.867648334092962,0.570352758058992,0.876763690423361,1.54135246920483,0.449437604734531,0.000604663676081317,0.00512656858649111,0.660470950627201,2.42223398778246,0,0,0,1
493,"ATP2B4",0.811564379036912,0.23501978939584,0.00055403017488239,0.00481539589619126,1.12343054042407,0.739930884733106,0.128941008690841,0.460064373993997,0.811564379036912,0.23501978939584,0.000554030174882397,0.00477620770328604,0.350934056166877,1.27219470190695,0,0,0,1
558,"AXL",1.53179706416983,0.278524179791492,3.80456307358949e-08,1.2236696146404e-06,3.39856446111246,0.775875346635248,1.18517653833536e-05,0.00034483287510351,1.53179706416983,0.278524179791492,3.8045630735896e-08,1.20500341334495e-06,0.985899702954947,2.07769442538471,0,0,0,1
567,"B2M",1.36827641557887,0.247647359981611,3.29298096267477e-08,1.09161523506639e-06,1.18889606147828,0.723910423918786,0.100522704661838,0.399272670065654,1.36827641557887,0.247647359981611,3.2929809626747e-08,1.07504267118022e-06,0.882896509148487,1.85365632200925,0,0,0,1
581,"BAX",1.38856255842006,0.435272177613239,0.00142222684661583,0.0104043929866502,1.78008212237684,0.736061984242955,0.0155895223574131,0.111508666320054,1.38856255842006,0.435272177613239,0.00142222684661587,0.0103096153617859,0.53544476682579,2.24168035001433,0,0,0,1
595,"CCND1",2.29544123945939,0.313659388240394,2.51205099075401e-13,2.36132793130877e-11,1.14587461204311,0.745177413734085,0.124116960242087,0.449454653564635,2.29544123945939,0.313659388240394,2.51205099075411e-13,2.31986188413272e-11,1.68068013509535,2.91020234382343,0,0,0,1
636,"BICD1",1.18291602064614,0.316560938981069,0.00018639787330777,0.00195127720310897,2.37484403203895,0.882673954073754,0.00713426710927845,0.0637847262111698,1.18291602064614,0.316560938981069,0.000186397873307763,0.00193174675311958,0.562467981331063,1.80336405996122,0,0,0,1
639,"PRDM1",1.7153821421135,0.338963671058453,4.17793129856059e-07,1.02756145414777e-05,1.31178614579106,0.983198714995861,0.182137513026862,0.55546393301138,1.7153821421135,0.338963671058453,4.17793129856029e-07,1.0149738324052e-05,1.05102555477145,2.37973872945555,0,0,0,1
649,"BMP1",0.894032295432606,0.322909589558091,0.005628443508658,0.0314642601681558,2.00531042423781,0.807015799241072,0.0129607289083067,0.0984774558636517,0.894032295432606,0.322909589558091,0.00562844350865795,0.0312040722973829,0.261141129636137,1.52692346122908,0,0,0,1
675,"BRCA2",1.32500340144946,0.346976819055906,0.00013415205699379,0.00148117685453164,0.0577853610475009,1.93233530855301,0.976143283088572,0.99578478258324,1.32500340144946,0.346976819055906,0.000134152056993791,0.00146696851942197,0.644941332629613,2.00506547026931,0,0,0,1
712,"C1QA",1.70428081700694,0.434843375146358,8.88072167860506e-05,0.00105016834223221,3.57638994997753,0.723583277836594,7.70835839501533e-07,3.10539371014572e-05,1.70428081700694,0.434843375146358,8.88072167860493e-05,0.00103888544017236,0.852003462804239,2.55655817120964,0,0,0,1
713,"C1QB",2.2795691784516,0.468896677327597,1.16464458962458e-06,2.56147153012944e-05,4.39586956408479,0.789779201572009,2.60731757209029e-08,1.56057268538075e-06,2.2795691784516,0.468896677327597,1.16464458962456e-06,2.5286478263942e-05,1.36054857841901,3.19858977848419,0,0,0,1
714,"C1QC",2.25176319847031,0.490148744691884,4.34744885504783e-06,8.00864269619818e-05,3.84731978148903,0.980513589444885,8.71702820278843e-05,0.00192221941645436,2.25176319847031,0.490148744691884,4.34744885504794e-06,7.91047947538615e-05,1.2910893118067,3.21243708513392,0,0,0,1
718,"C3",3.48333075977856,0.86834313549972,6.03423398030948e-05,0.00075767453930253,6.58009704526958,0.926208948443437,1.20904783978243e-12,1.82544439161385e-10,3.48333075977856,0.86834313549972,6.03423398030953e-05,0.000749167373448558,1.78140948797653,5.1852520315806,0,0,0,1
729,"C6",1.97411111588179,0.539027163658002,0.0002499030697901,0.00248887498534067,-1.25100728181701,1.13131731527869,0.268814398193751,0.674893448409455,1.97411111588179,0.539027163658002,0.000249903069790104,0.00246484498169712,0.917637288423329,3.03058494334025,0,0,0,1
753,"LDLRAD4",0.666604524350778,0.242922319619435,0.00606759956435381,0.0333220233778278,0.89246332129202,0.799394284708766,0.264240494346837,0.6704627471247,0.666604524350778,0.242922319619435,0.00606759956435377,0.0330409712949038,0.190485526855758,1.1427235218458,0,0,0,1
754,"PTTG1IP",0.83611261282916,0.281504329236007,0.0029764566421233,0.0188504342208123,1.68285268230867,0.712752211697013,0.0182226479212888,0.124976811638622,0.83611261282916,0.281504329236007,0.00297645664212331,0.0186919258992774,0.284374266034481,1.38785095962384,0,0,0,1
800,"CALD1",0.743606152763994,0.284378368255753,0.00892672220199264,0.0450240115766803,0.39109281792346,0.714256693751711,0.58399942436666,0.883056503712273,0.743606152763994,0.284378368255753,0.00892672220199251,0.0446435443061814,0.186234793000449,1.30097751252754,0,0,0,1
813,"CALU",1.15531662578491,0.293078201276476,8.08022672865844e-05,0.00096596717442603,2.10444859561846,0.815702176510934,0.00988224211322289,0.0813041215392746,1.15531662578491,0.293078201276476,8.08022672865875e-05,0.000955664008618474,0.580893906629236,1.72973934494058,0,0,0,1
821,"CANX",0.718309167186803,0.178795448223267,5.8820993061835e-05,0.0007433326968514,0.480818999467376,0.713958556004252,0.500657832419073,0.843184063261104,0.718309167186803,0.178795448223267,5.88209930618334e-05,0.000735017098658665,0.367876528069504,1.0687418063041,0,0,0,1
829,"CAPZA1",0.628297935382149,0.226144475005332,0.00546435905478359,0.0306970379319893,0.892229247998979,0.866840286996486,0.303343849664416,0.712807007364828,0.628297935382149,0.226144475005332,0.0054643590547836,0.0304446087337385,0.18506290906898,1.07153296169532,0,0,0,1
834,"CASP1",1.32549522430219,0.340807368436149,0.00010054213480067,0.00116344035244898,1.94697031654568,0.823140919590168,0.0180157605330917,0.124147257719607,1.32549522430219,0.340807368436149,0.000100542134800677,0.00115077215918296,0.657525056501465,1.99346539210292,0,0,0,1
837,"CASP4",0.836255559853897,0.223935945469291,0.00018819941019329,0.00196470767892323,2.30822862115632,0.833451234032617,0.00561454174694978,0.0537066810143444,0.836255559853897,0.223935945469291,0.000188199410193302,0.00194499732716025,0.397349171890161,1.27516194781763,0,0,0,1
857,"CAV1",2.45163162059431,0.360221951589957,1.00425182334029e-11,6.82294654629811e-10,3.35617157772541,0.864422649389372,0.00010336310282606,0.00220670349077966,2.45163162059431,0.360221951589957,1.00425182334024e-11,6.70313234361209e-10,1.74560956903726,3.15765367215136,0,0,0,1
858,"CAV2",2.23905212677679,0.222425791351627,7.76835399833745e-24,3.67630656114425e-21,2.18827427073145,0.738117246330498,0.00303007488981702,0.0340355395968119,2.23905212677679,0.222425791351627,7.76835399833689e-24,3.61174886067504e-21,1.80310558649478,2.6749986670588,0,0,0,1
861,"RUNX1",1.74062461220994,0.31840098973318,4.58313080204209e-08,1.43277647214637e-06,4.70422689982433,1.10447990730834,2.05138176379389e-05,0.0005448352928593,1.74062461220994,0.31840098973318,4.58313080204195e-08,1.41082996812629e-06,1.116570139691,2.36467908472888,0,0,0,1
864,"RUNX3",1.62184653622909,0.453923956846362,0.00035298534402729,0.0033089964900482,1.70358944611191,0.950654630615982,0.0731302114050333,0.330585658002774,1.62184653622909,0.453923956846362,0.00035298534402728,0.00328001474398333,0.732171929090307,2.51152114336787,0,0,0,1
865,"CBFB",0.821731239590429,0.216441056176771,0.00014671845640636,0.00159175027329723,0.859863821044258,0.78536586554968,0.27357900787589,0.680657748365801,0.821731239590429,0.216441056176771,0.000146718456406374,0.00157625892249174,0.397514564708147,1.24594791447271,0,0,0,1
867,"CBL",0.912440407753419,0.264677512616857,0.00056607995488071,0.00489841191726544,0.243186435187402,0.91043933338895,0.789385326831158,0.950670121263429,0.912440407753419,0.264677512616857,0.000566079954880724,0.00485834247718447,0.393682015506734,1.4311988000001,0,0,0,1
890,"CCNA2",1.03731836615895,0.316483895745777,0.00104681043860405,0.00815347699171511,2.39084321119245,1.2601287074018,0.0577882487914246,0.282683380471537,1.03731836615895,0.316483895745777,0.00104681043860407,0.00808370283144253,0.417021328810298,1.6576154035076,0,0,0,1
891,"CCNB1",1.21493114770912,0.308706229391742,8.30037523279492e-05,0.00098883984110136,2.52411559922366,0.837860364335992,0.00259043034843146,0.0302108714052629,1.21493114770912,0.308706229391742,8.30037523279447e-05,0.000978268874683285,0.609878056298145,1.81998423912009,0,0,0,1
912,"CD1D",1.58887694992104,0.440491142986936,0.00030968886495837,0.00298466993166347,2.52772349236714,1.20445099062616,0.0358475879827115,0.203650754916021,1.58887694992104,0.440491142986936,0.000309688864958385,0.002957177738126,0.725530174157763,2.45222372568432,0,0,0,1
914,"CD2",1.68142475173977,0.549473516652991,0.00221288858663396,0.014850700715386,3.19517393261043,0.956741408079904,0.00083886407226858,0.012461637492818,1.68142475173977,0.549473516652991,0.00221288858663404,0.0147267407766963,0.604476448641338,2.7583730548382,0,0,0,1
919,"CD247",1.95305966532503,0.472960354948162,3.63653712552787e-05,0.00049218772693041,2.95126362740749,0.970754004374284,0.00236439449330302,0.0281827079041717,1.95305966532503,0.472960354948162,3.63653712552801e-05,0.000486905958922484,1.02607440351135,2.88004492713871,0,0,0,1
923,"CD6",1.39427517368822,0.445218049355244,0.00173816234553607,0.0122330974513523,1.89877677935413,1.08248347718897,0.0794145587833328,0.347346848517579,1.39427517368822,0.445218049355244,0.00173816234553602,0.0121239746015841,0.521663831684766,2.26688651569167,0,0,0,1
925,"CD8A",2.28948751803511,0.519129159801864,1.03253054399443e-05,0.00016710435360589,2.24424860119148,1.01084980447731,0.0264078884084384,0.163861783727466,2.28948751803511,0.519129159801864,1.03253054399441e-05,0.000165143645607077,1.27201306149892,3.3069619745713,0,0,0,1
939,"CD27",2.69894668375008,0.679404898803623,7.1117522369951e-05,0.00087144364018322,2.73981630209789,1.04229381068336,0.00857267943890753,0.0731142670313747,2.69894668375008,0.679404898803623,7.11175223699522e-05,0.000861525205852709,1.3673375511749,4.03055581632526,0,0,0,1
942,"CD86",1.65067767770745,0.396855327847418,3.19093033016319e-05,0.00044201231988317,3.2749008844759,0.964444393306225,0.00068469664697886,0.0104411566030198,1.65067767770745,0.396855327847418,3.19093033016325e-05,0.000437339551743943,0.872855528053675,2.42849982736122,0,0,0,1
947,"CD34",0.771535975723036,0.278751157281265,0.00564307833318452,0.0315203935875557,0.553605727220772,0.734300284451319,0.450895578470466,0.812066351075553,0.771535975723036,0.278751157281265,0.00564307833318456,0.0312595008900277,0.225193746802896,1.31787820464318,0,0,0,1
948,"CD36",1.60579275721299,0.468244291800872,0.00060493737455367,0.00516946483709503,1.76945745275024,0.814616927463588,0.0298455267753015,0.179147988261919,1.60579275721299,0.468244291800872,0.000604937374553686,0.00512656858649111,0.688050809316818,2.52353470510916,0,0,0,1
949,"SCARB1",1.79219904676784,0.32875598506925,4.99588617944333e-08,1.53729914633812e-06,3.66378691657722,0.783226176742506,2.8994838978338e-06,0.0001003976252971,1.79219904676784,0.32875598506925,4.99588617944308e-08,1.51369737881868e-06,1.14784915633012,2.43654893720556,0,0,0,1
950,"SCARB2",0.530197601066605,0.197340513794542,0.00721586209401532,0.0382948535878833,-0.231431048264776,0.720900370322273,0.74818723348744,0.940319396117269,0.530197601066605,0.197340513794542,0.00721586209401534,0.0379599955573971,0.143417301338673,0.916977900794537,0,0,0,1
953,"ENTPD1",1.0973487056714,0.286626272000281,0.0001289265884735,0.00143538563009,1.43676924092082,0.760929581789574,0.0590022795799371,0.286571432614263,1.0973487056714,0.286626272000281,0.000128926588473504,0.00142050635519181,0.535571535527868,1.65912587581493,0,0,0,1
958,"CD40",0.990914793332409,0.319384032272815,0.00191841115692606,0.0132702997568817,2.53066904782784,0.83603395538037,0.00246999563709606,0.0291511668183752,0.990914793332409,0.319384032272815,0.00191841115692605,0.0131566315507802,0.364933592840513,1.6168959938243,0,0,0,1
960,"CD44",1.05370954239002,0.375452773833491,0.00500823607279156,0.0286030095143535,2.83015941608306,0.752557646547447,0.00016942425136862,0.00332579272886648,1.05370954239002,0.375452773833491,0.00500823607279174,0.0283722886426265,0.317835627780715,1.78958345699932,0,0,0,1
963,"CD53",1.17635546998719,0.326337552050007,0.00031248975934846,0.00300533248584322,2.52749941059574,0.97197257882197,0.00931202022504988,0.0777966834255289,1.17635546998719,0.326337552050007,0.000312489759348447,0.00297759676699302,0.536745621166211,1.81596531880817,0,0,0,1
967,"CD63",1.15271005460416,0.387005821280134,0.00289630753228223,0.0184278741645996,2.06425029428576,0.717749732763403,0.00402746044692513,0.0421061819276471,1.15271005460416,0.387005821280134,0.00289630753228213,0.0182737082160786,0.394192583087752,1.91122752612057,0,0,0,1
990,"CDC6",1.25315789915763,0.47383805312114,0.00817641874717872,0.0420116701184129,3.11609947857764,1.6916945710919,0.0654753160088811,0.307963451834093,1.25315789915763,0.47383805312114,0.00817641874717898,0.0416481503468886,0.324452380535618,2.18186341777964,0,0,0,1
1003,"CDH5",1.36453121633871,0.296407015201938,4.1530431000286e-06,7.67111218099495e-05,1.6801736522387,0.841337683782284,0.0458223040445147,0.242327546065643,1.36453121633871,0.296407015201938,4.15304310002837e-06,7.57719622702063e-05,0.783584141777895,1.94547829089952,0,0,0,1
1012,"CDH13",1.55912354591908,0.236534369602159,4.35314941991239e-11,2.62029046661744e-09,1.18608651646345,0.771313610194552,0.124110066356688,0.449454653564635,1.55912354591908,0.236534369602159,4.35314941991289e-11,2.57427691353884e-09,1.09552470039296,2.0227223914452,0,0,0,1
1017,"CDK2",0.816047896938137,0.288445463480417,0.00466756541341796,0.0270628085060194,1.38517141533273,0.872076198576268,0.112204836674946,0.425424620269972,0.816047896938137,0.288445463480417,0.004667565413418,0.0268484575380183,0.250705177012556,1.38139061686372,0,0,0,1
1026,"CDKN1A",1.64706256257348,0.35407884183977,3.29236769631721e-06,6.33723061209781e-05,1.09972125228323,0.839912042818992,0.19042290727403,0.567145703380154,1.64706256257348,0.35407884183977,3.29236769631704e-06,6.26107103659275e-05,0.953080784879877,2.34104434026708,0,0,0,1
1027,"CDKN1B",0.78630066304956,0.189958515560624,3.48324154171708e-05,0.00047377608442542,-0.352220689915428,0.760492655995821,0.643258251056722,0.90863581682132,0.78630066304956,0.189958515560624,3.483241541717e-05,0.000468708040987728,0.413988813994046,1.15861251210507,0,0,0,1
1029,"CDKN2A",3.66319432276334,0.60260019540805,1.20949709077996e-09,5.5701394485806e-08,6.44404699422266,1.07689437369313,2.17833796527688e-09,1.615343626552e-07,3.66319432276334,0.60260019540805,1.20949709077987e-09,5.49068864453833e-08,2.48211964268676,4.84426900283992,0,0,0,1
1030,"CDKN2B",2.51849325797241,0.33727781008393,8.19701629803081e-14,8.2113760346113e-12,2.80102320974391,1.22941653013312,0.0227066016818336,0.147602856044682,2.51849325797241,0.33727781008393,8.19701629803059e-14,8.06718034644864e-12,1.85744089742337,3.17954561852145,0,0,0,1
1031,"CDKN2C",1.37518729811373,0.33776780477515,4.67317455526925e-05,0.00061372868513411,0.0727557295414428,0.881904847942692,0.934250399059189,0.987705175235488,1.37518729811373,0.33776780477515,4.67317455526923e-05,0.0006070174617408,0.71317456561728,2.03720003061018,0,0,0,1
1033,"CDKN3",1.96318546741514,0.491361313619599,6.45848509882738e-05,0.00080141274408957,3.12831945181641,1.18116133340707,0.0080847082976168,0.0698770636202991,1.96318546741514,0.491361313619599,6.45848509882765e-05,0.000792354454845252,1.00013498932444,2.92623594550584,0,0,0,1
1050,"CEBPA",1.2655037914108,0.457613383163967,0.00568455142576039,0.0316746990528362,2.15028996836224,1.01310741214932,0.0337982993546069,0.195203795035818,1.2655037914108,0.457613383163967,0.00568455142576036,0.0314118060957077,0.368598041565897,2.1624095412557,0,0,0,1
1059,"CENPB",0.840027355922875,0.315046868967703,0.00766782692207348,0.0401896726808837,0.429279239171128,0.763163943496741,0.573775831188309,0.877931620420997,0.840027355922875,0.315046868967703,0.00766782692207344,0.03983374185699,0.222546839304068,1.45750787254168,0,0,0,1
1063,"CENPF",0.907204700458496,0.328818048938706,0.00579808532775691,0.0321766773304229,3.00781114404093,1.23863357923221,0.0151685322580681,0.109573031083174,0.907204700458496,0.328818048938706,0.00579808532775696,0.0319084018261825,0.262733167071903,1.55167623384509,0,0,0,1
1104,"RCC1",0.973767095739864,0.363160547104588,0.00733218193488268,0.0388071210467913,2.45827417652376,0.832408051410945,0.0031448990697025,0.0350201750891323,0.973767095739864,0.363160547104588,0.00733218193488273,0.038466851761877,0.26198550280901,1.68554868867072,0,0,0,1
1122,"CHML",0.789883237975483,0.25325286788851,0.00181496257493763,0.0126375171884546,0.422871068985979,0.923622910539947,0.64706774153118,0.910180277481536,0.789883237975483,0.25325286788851,0.0018149625749376,0.012530025805368,0.293516737932523,1.28624973801844,0,0,0,1
1164,"CKS2",0.652489043674773,0.253747119756811,0.0101283997559692,0.049696874598113,2.26512730708398,0.811508556513669,0.0052504091436315,0.0512570850856561,0.652489043674773,0.253747119756811,0.0101283997559694,0.049264507182444,0.155153827770651,1.14982425957889,0,0,0,1
1176,"AP3S1",0.806874944115426,0.180940942619502,8.22171641546547e-06,0.00013777147263229,1.76505027709967,0.859658965159177,0.0400533547335644,0.219807185046758,0.806874944115426,0.180940942619502,8.22171641546516e-06,0.000136183541068448,0.452237213252474,1.16151267497838,0,0,0,1
1282,"COL4A1",1.78351901182484,0.352885131681183,4.32410449154663e-07,1.06161019753105e-05,3.57019214016914,0.818498818531513,1.2895066424776e-05,0.00037004866132332,1.78351901182484,0.352885131681183,4.32410449154685e-07,1.04859533920011e-05,1.09187686305005,2.47516116059963,0,0,0,1
1284,"COL4A2",1.17947244558591,0.272965619462587,1.55354615886095e-05,0.00023795611031481,2.67071986595768,0.774480572071919,0.00056391537822134,0.00894948657538967,1.17947244558591,0.272965619462587,1.55354615886112e-05,0.000235618254892289,0.644469662421574,1.71447522875025,0,0,0,1
1290,"COL5A2",1.0584868936804,0.377688658198762,0.00507022109654089,0.0288370138122367,4.1923691569113,0.900145068099261,3.20169989704313e-06,0.00010839856277686,1.0584868936804,0.377688658198762,0.00507022109654104,0.0286032598513234,0.318230726241568,1.79874306111923,0,0,0,1
1292,"COL6A2",1.07914366648682,0.413437123659748,0.00904956450948483,0.0454783389322887,2.36462891885096,0.818485209742157,0.00386431314199438,0.0409368040118103,1.07914366648682,0.413437123659748,0.00904956450948511,0.0450925013534558,0.268821794241881,1.88946553873176,0,0,0,1
1295,"COL8A1",1.59325330350416,0.450999384559678,0.00041131213013322,0.00375572034194837,4.08712244211045,0.772583511701187,1.22181685667209e-07,6.11236677640824e-06,1.59325330350416,0.450999384559678,0.000411312130133221,0.00372196070509142,0.709310752717461,2.47719585429086,0,0,0,1
1306,"COL15A1",1.23646727305825,0.436689265430346,0.00463363322033833,0.0269457552186116,3.39225931835648,0.819534633196289,3.48441989630146e-05,0.00086897906312672,1.23646727305825,0.436689265430346,0.00463363322033827,0.0267331094179807,0.38057204037952,2.09236250573698,0,0,0,1
1356,"CP",4.94377180546724,0.957253065868315,2.41030855258896e-07,6.39827361232706e-06,7.107775055219,1.01369750019774,2.35386009086701e-12,3.34307976803731e-10,4.94377180546724,0.957253065868315,2.41030855258889e-07,6.32260510010818e-06,3.06759027227479,6.81995333865969,0,0,0,1
1359,"CPA3",2.05225082839326,0.488941778541424,2.70078219685882e-05,0.00038211891618237,0.657485500344459,1.65376234644916,0.690947532761132,0.924197065774886,2.05225082839326,0.488941778541424,2.70078219685871e-05,0.000378137553065898,1.09394255191511,3.01055910487141,0,0,0,1
1363,"CPE",1.53092331540091,0.541080799294704,0.00466382530946808,0.0270525522177261,2.08706976173186,0.864509677244856,0.0157712805816608,0.112520600795255,1.53092331540091,0.541080799294704,0.00466382530946815,0.026838393788971,0.470424436057145,2.59142219474468,0,0,0,1
1371,"CPOX",0.986655442998043,0.27408777397076,0.00031848761407405,0.00304806416705181,1.55114403803654,0.916908071554727,0.0907009720070686,0.376158770073364,0.986655442998043,0.27408777397076,0.000318487614074056,0.00301980907212412,0.449453277412599,1.52385760858349,0,0,0,1
1404,"HAPLN1",1.35305936485876,0.441944405787707,0.00220153491840184,0.0148034616463238,8.63365504903763,1.3903553613049,5.30942637155083e-10,4.51678561222438e-08,1.35305936485876,0.441944405787707,0.00220153491840189,0.0146801658282951,0.486864246345899,2.21925448337162,0,0,0,1
1441,"CSF3R",1.39098320852186,0.424377485936906,0.00104655579205284,0.00815347699171511,1.57855951055756,0.989264028467034,0.110557843319864,0.421866779644262,1.39098320852186,0.424377485936906,0.0010465557920528,0.00808370283144253,0.559218620235871,2.22274779680785,0,0,0,1
1445,"CSK",0.678704213785701,0.216203988936099,0.00169418734053074,0.0120036278066308,0.557438775072332,0.770838597807584,0.469582280078066,0.824474851962967,0.678704213785701,0.216203988936099,0.00169418734053072,0.011897254121029,0.254952182157051,1.10245624541435,0,0,0,1
1452,"CSNK1A1",0.610108315376103,0.199554374691985,0.00223300579645764,0.0149564526845215,1.26361923836523,0.747146922829844,0.0907872752062185,0.376321445254853,0.610108315376103,0.199554374691985,0.00223300579645765,0.0148313384993293,0.218988928022401,1.0012277027298,0,0,0,1
1459,"CSNK2A2",0.69419256609991,0.207832889362942,0.00083733817057449,0.00678231121460972,0.687766521738303,0.798445165761289,0.389027529247269,0.768124665103575,0.69419256609991,0.207832889362942,0.000837338170574526,0.00672270353944868,0.286847588145646,1.10153754405417,0,0,0,1
1462,"VCAN",1.41720446739137,0.422591554542082,0.00079766608842174,0.0065084241364447,5.07741556860487,0.990790873261029,2.98156236859164e-07,1.34322590686095e-05,1.41720446739137,0.422591554542082,0.000797666088421777,0.00645166878835682,0.588940240318095,2.24546869446464,0,0,0,1
1464,"CSPG4",2.14851554877367,0.330655562713461,8.15328157061848e-11,4.62378662294083e-09,2.92387841507194,0.747491225490877,9.16908750539927e-05,0.00200091130893209,2.14851554877367,0.330655562713461,8.15328157061872e-11,4.56143964384449e-09,1.50044255456746,2.79658854297988,0,0,0,1
1475,"CSTA",2.60620359400722,0.439011741047016,2.91128893990165e-09,1.19624339554522e-07,4.19485594080313,1.05857570443987,7.40957352437561e-05,0.00168734509005979,2.60620359400722,0.439011741047016,2.91128893990154e-09,1.1787660293301e-07,1.74575639276484,3.4666507952496,0,0,0,1
1509,"CTSD",1.06260443313646,0.386974920887496,0.00603404023994044,0.0331816705582602,1.44739636176287,0.799927159000277,0.0703872995018701,0.322388836390227,1.06260443313646,0.386974920887496,0.00603404023994062,0.0329021696191798,0.304147525276731,1.82106134099619,0,0,0,1
1520,"CTSS",1.54574958924609,0.29323120763023,1.35360375790896e-07,3.83027999454485e-06,2.28060921233294,0.916214107463012,0.012804308372843,0.0976729194449137,1.54574958924609,0.29323120763023,1.35360375790908e-07,3.77079327848928e-06,0.971026983147653,2.12047219534453,0,0,0,1
1521,"CTSW",1.88702307551693,0.541303436285583,0.00049016796437551,0.00434004202779967,3.11489084418495,0.923110391930834,0.00073992180745319,0.0111714861000973,1.88702307551693,0.541303436285583,0.000490167964375507,0.00430549489490226,0.826087835689416,2.94795831534444,0,0,0,1
1524,"CX3CR1",1.18873773723383,0.44045869233379,0.00695767792088406,0.0371485835774105,3.15537219456148,0.969396675056201,0.00113398125032159,0.0159566681562884,1.18873773723383,0.44045869233379,0.00695767792088387,0.036825676820097,0.325454563581993,2.05202091088567,0,0,0,1
1536,"CYBB",0.80570899441045,0.251038128388621,0.00132962138256742,0.00985298264274039,2.48308242696971,0.868901013958651,0.00426686482845897,0.0437529935781843,0.80570899441045,0.251038128388621,0.00132962138256744,0.00976431650389807,0.313683304022411,1.29773468479849,0,0,0,1
1613,"DAPK3",0.92392760530175,0.327837506828435,0.00482864028609507,0.0278041911819813,0.211599504819858,0.750744274471664,0.778056251148269,0.948309538881785,0.92392760530175,0.327837506828435,0.00482864028609507,0.0275820381729147,0.281377899136613,1.56647731146689,0,0,0,1
1615,"DARS1",0.985662755454739,0.303754199378772,0.00117477269548367,0.00893712886519836,0.0729636772623626,0.735333604953789,0.92095940939265,0.985225078551763,0.985662755454739,0.303754199378772,0.00117477269548366,0.00885875853087592,0.390315464519547,1.58101004638993,0,0,0,1
1633,"DCK",0.972171339426855,0.29830990358178,0.00111832933535413,0.00860155259806673,0.780470129121226,1.01708440770758,0.442867364849026,0.807619512634254,0.972171339426855,0.29830990358178,0.00111832933535415,0.00852693715260672,0.38749467217495,1.55684800667876,0,0,0,1
1635,"DCTD",0.671090066395431,0.206363483684291,0.00114603802934422,0.00874909532019872,-0.349048621323428,0.776315848688553,0.652983080842404,0.911325448958127,0.671090066395431,0.206363483684291,0.00114603802934421,0.00867263284499936,0.266625070650002,1.07555506214086,0,0,0,1
1643,"DDB2",1.67031952858966,0.277996888251199,1.87350549462003e-09,8.16253632005247e-08,2.54443397526236,0.773594883444341,0.00100506901520881,0.0144335489510578,1.67031952858966,0.277996888251199,1.87350549462001e-09,8.04473712865018e-08,1.1254556398031,2.21518341737622,0,0,0,1
1756,"DMD",0.928162223518519,0.32497423244837,0.00428866238232356,0.02535872577984,0.174790603993447,0.87440561503816,0.841561543926523,0.96389632792679,0.928162223518519,0.32497423244837,0.0042886623823236,0.0251518203135577,0.291224432016166,1.56510001502087,0,0,0,1
1774,"DNASE1L1",0.694996771382015,0.231789059914957,0.00271399461353162,0.01753618741813,0.649478526197834,0.878329377325321,0.459635263810524,0.817721107652939,0.694996771382015,0.231789059914957,0.00271399461353162,0.0173837479212574,0.240698561938303,1.14929498082573,0,0,0,1
1777,"DNASE2",1.28523044405725,0.27306230803163,2.51722460400259e-06,4.97786606128697e-05,1.80538934882716,0.727382260408518,0.0130633878870322,0.0988840639560853,1.28523044405725,0.27306230803163,2.51722460400244e-06,4.91880280228476e-05,0.750038154779873,1.82042273333463,0,0,0,1
1794,"DOCK2",1.64112159561066,0.367868575905179,8.15161437347101e-06,0.0001367637599774,3.39183576313008,0.959489441082389,0.00040770988238982,0.00680819289411894,1.64112159561066,0.367868575905179,8.15161437347138e-06,0.000135188458299526,0.92011243579247,2.36213075542885,0,0,0,1
1796,"DOK1",1.10122748393586,0.300973103870196,0.00025331001792873,0.00252097656711672,1.35420048201861,0.827846447413918,0.10187910941638,0.401420841301429,1.10122748393586,0.300973103870196,0.00025331001792874,0.00249662205536053,0.511331040035043,1.69112392783668,0,0,0,1
1837,"DTNA",1.15194112021987,0.335675750845472,0.0005997932412092,0.00513509821731447,-0.239126961561034,0.958301119364621,0.802949156656496,0.954649275396906,1.15194112021987,0.335675750845472,0.000599793241209209,0.0050925769969923,0.494028738079304,1.80985350236044,0,0,0,1
1846,"DUSP4",1.19290308553552,0.347082485385307,0.00058831710222264,0.00506210903504924,3.33593099144023,1.23449331665422,0.00688683604983083,0.0622526889747114,1.19290308553552,0.347082485385307,0.000588317102222626,0.00502043005649853,0.512633914515669,1.87317225655537,0,0,0,1
1889,"ECE1",0.861987535100652,0.329770306975919,0.00895144936503545,0.045115567787641,0.636186564532808,0.731046718587852,0.384168910685429,0.763531803860069,0.861987535100652,0.329770306975919,0.00895144936503545,0.0447340221604051,0.215649610257133,1.50832545994417,0,0,0,1
1890,"TYMP",1.69844029493375,0.379503732721355,7.62596518028416e-06,0.00012920832856076,2.91243174164618,0.740325476122844,8.35478610838882e-05,0.00186193963285224,1.69844029493375,0.379503732721355,7.62596518028438e-06,0.00012772781183326,0.954626646801379,2.44225394306612,0,0,0,1
1894,"ECT2",1.07179073811166,0.347111072616256,0.00201680942144754,0.0138186183224893,1.87488991283913,1.14526848778317,0.101614890148867,0.401074880830162,1.07179073811166,0.347111072616256,0.00201680942144753,0.0137059684623876,0.391465537148731,1.75211593907459,0,0,0,1
1942,"EFNA1",0.863751171013171,0.334918540536222,0.00990899941555789,0.0489176647406894,-0.0338076192929072,0.899899945516798,0.97003196436881,0.99454090853156,0.863751171013171,0.334918540536222,0.00990899941555796,0.0484947510417307,0.207322893807458,1.52017944821888,0,0,0,1
1948,"EFNB2",1.03709380120188,0.29769673728335,0.00049448582811053,0.00437545035782659,1.0376118372038,0.791459439313634,0.189854130004159,0.566856469755871,1.03709380120188,0.29769673728335,0.000494485828110501,0.00434059402370695,0.453618917811432,1.62056868459233,0,0,0,1
1956,"EGFR",1.71149955819819,0.379723231663923,6.56797392777241e-06,0.00011352503045938,1.65465253624634,0.733520073862433,0.0240850425540027,0.153709530907285,1.71149955819819,0.379723231663923,6.5679739277723e-06,0.000112238266753047,0.967255700043742,2.45574341635264,0,0,0,1
1978,"EIF4EBP1",1.52376082582682,0.463845956563005,0.00101961414984955,0.00800525434355562,1.14770552859155,0.981803884569379,0.242413157090112,0.643769934448458,1.52376082582682,0.463845956563005,0.00101961414984955,0.00793733116767986,0.6146394565888,2.43288219506484,0,0,0,1
1992,"SERPINB1",0.980708511032915,0.185321139496357,1.21025030150727e-07,3.47478559369994e-06,1.09659790782025,0.737950103940481,0.137277668140045,0.475632921306392,0.980708511032915,0.185321139496357,1.21025030150726e-07,3.4209234413464e-06,0.617485752046132,1.3439312700197,0,0,0,1
2000,"ELF4",0.902038693006493,0.348119632017131,0.00956489938476529,0.0476128687546314,2.22174694980331,0.967238527503684,0.0216187666598144,0.142137665928533,0.902038693006493,0.348119632017131,0.00956489938476532,0.0472048090793524,0.21973675194158,1.58434063407141,0,0,0,1
2004,"ELK3",0.754315038200575,0.273708379926721,0.00585295066069995,0.0324417992194855,1.06507881943452,0.807706626516784,0.187287608828746,0.562601368768768,0.754315038200575,0.273708379926721,0.00585295066069995,0.032170947312767,0.217856471277396,1.29077360512375,0,0,0,1
2014,"EMP3",1.29875643940854,0.316254911437124,4.01393724656931e-05,0.00053482791040696,2.12486179909774,0.798264416681519,0.00777120205392646,0.0680091776614901,1.29875643940854,0.316254911437124,4.01393724656946e-05,0.000529031435928602,0.678908203057873,1.91860467575921,0,0,0,1
2023,"ENO1",1.02887696890608,0.278499322540841,0.00022044064757657,0.00223932453541145,0.970267638613059,0.766246195584964,0.205419671211691,0.590198571890405,1.02887696890608,0.278499322540841,0.000220440647576558,0.00221640660050316,0.483028327007228,1.57472561080493,0,0,0,1
2026,"ENO2",3.99152973161532,0.519506012564591,1.55020529659132e-14,1.8183775632837e-12,5.44036065365596,0.829282132661369,5.36904802551447e-11,5.73120228405077e-09,3.99152973161532,0.519506012564591,1.55020529659115e-14,1.7864459840973e-12,2.97331665723671,5.00974280599393,0,0,0,1
2042,"EPHA3",1.60480090212151,0.40649397191371,7.88370077808313e-05,0.00095075491633051,3.60107069748478,1.15294202269739,0.00178789576785536,0.0228242724219411,1.60480090212151,0.40649397191371,7.8837007780832e-05,0.000939840297001731,0.808087357238002,2.40151444700502,0,0,0,1
2113,"ETS1",0.741635441100992,0.246765094464709,0.00265204843182696,0.0172332919878755,0.0887759584645143,0.798252501780791,0.91144753944783,0.982248685846966,0.741635441100992,0.246765094464709,0.00265204843182694,0.0170843616848173,0.257984743308538,1.22528613889345,0,0,0,1
2123,"EVI2A",1.33887038278688,0.441507504393886,0.00242539143758737,0.0160106166856417,2.60718476441661,1.04323587690034,0.0124497725803339,0.0960764387827074,1.33887038278688,0.441507504393886,0.00242539143758742,0.0158745401713549,0.473531575270704,2.20420919030306,0,0,0,1
2153,"F5",2.70159734481116,0.796680180225511,0.0006962060826451,0.00581895997455625,1.05384429289939,1.0707342572931,0.32500449754646,0.730755456477082,2.70159734481116,0.796680180225511,0.000696206082645106,0.00576948163018068,1.14013288437228,4.26306180525004,0,0,0,1
2157,"F8",1.62438902767481,0.44151128967027,0.00023400685741063,0.00235467987603477,0.386739312952366,0.792822640349892,0.625691128109357,0.900858486208689,1.62438902767481,0.44151128967027,0.000234006857410642,0.00233213813751218,0.75904280115325,2.48973525419637,0,0,0,1
2171,"FABP5",2.00604999218048,0.57075326476636,0.00044018279848297,0.00397438731998707,3.65929873147479,0.76415783190294,1.6789134697436e-06,6.1703751840862e-05,2.00604999218048,0.57075326476636,0.000440182798482963,0.00393827781814585,0.887394149179761,3.1247058351812,0,0,0,1
2200,"FBN1",1.06095073762332,0.331806418019412,0.00138624822738099,0.0101901414813478,3.29503806895466,0.852770915293408,0.00011158206083822,0.00235516846043799,1.06095073762332,0.331806418019412,0.00138624822738106,0.01009773428127,0.410622108466031,1.71127936678061,0,0,0,1
2207,"FCER1G",1.13913495577694,0.400207812158857,0.00442223613662562,0.0259251468342803,3.18636833102638,0.853916594833622,0.00019036198785821,0.00364603034801811,1.13913495577694,0.400207812158857,0.00442223613662556,0.0257226099353418,0.354742057614009,1.92352785393987,0,0,0,1
2209,"FCGR1A",2.08700980502089,0.405529039594641,2.65549811574101e-07,6.90228335992985e-06,4.58480699957371,0.822906764771139,2.52587152962082e-08,1.52819786876951e-06,2.08700980502089,0.405529039594641,2.65549811574091e-07,6.81982497038755e-06,1.29218749273028,2.8818321173115,0,0,0,1
2212,"FCGR2A",1.07507324330094,0.307141065380521,0.00046480651236046,0.00415841237003584,2.1661312348386,0.878071724605973,0.0136281435696962,0.101734547030975,1.07507324330094,0.307141065380521,0.000464806512360473,0.00412301724089227,0.473087816981857,1.67705866962002,0,0,0,1
2213,"FCGR2B",1.5148981118531,0.379776572760348,6.63749875824966e-05,0.00082065795457854,3.46684848520702,1.19921258289871,0.00384094642278498,0.0407708061056627,1.5148981118531,0.379776572760348,6.63749875824949e-05,0.000811363515480307,0.770549707070763,2.25924651663544,0,0,0,1
2214,"FCGR3A",3.670379000699,0.434215633203428,2.84168079072274e-17,4.93661103441505e-15,3.70536760086347,0.861124456548509,1.68545858751972e-05,0.00046381938371499,3.670379000699,0.434215633203428,2.84168079072296e-17,4.84992178497692e-15,2.81933199809603,4.52142600330197,0,0,0,1
2232,"FDXR",0.905394825711334,0.302725923637923,0.00278241245288308,0.0178605371858594,1.04403893326186,0.798644117311103,0.191122968462268,0.568114549212336,0.905394825711334,0.302725923637923,0.00278241245288313,0.0177125906998221,0.312062918194382,1.49872673322829,0,0,0,1
2256,"FGF11",1.96428479838877,0.517154177319321,0.00014571682358463,0.00158589824494486,3.98000358044684,0.88462892797942,6.82527948248013e-06,0.00021104217499425,1.96428479838877,0.517154177319321,0.000145716823584628,0.00157050354307877,0.95068123638846,2.97788836038908,0,0,0,1
2273,"FHL1",1.65009307424246,0.397085253767602,3.24557988161483e-05,0.00044811205528452,3.71410384766999,0.795964656304783,3.06870632631876e-06,0.00010517065301181,1.65009307424246,0.397085253767602,3.24557988161469e-05,0.000443365284131823,0.871820278066012,2.42836587041891,0,0,0,1
2280,"FKBP1A",0.887609315947485,0.214289744628522,3.44141871991963e-05,0.00046995055235997,1.12885963602341,0.758660716774994,0.136760456937187,0.474536961685443,0.887609315947485,0.214289744628522,3.44141871991964e-05,0.000464936358724213,0.467609134219297,1.30760949767567,0,0,0,1
2313,"FLI1",0.823466581251861,0.269202416334888,0.00222142173417459,0.0149006802931633,1.155228076435,0.854405169271837,0.176348251361633,0.546141280008171,0.823466581251861,0.269202416334888,0.00222142173417456,0.0147762354424645,0.295839540684323,1.3510936218194,0,0,0,1
2321,"FLT1",1.8153105112315,0.222586868062795,3.47695458871135e-16,5.61384997358524e-14,0.560105613697272,0.723499239639912,0.438835000660552,0.804838493766462,1.8153105112315,0.222586868062795,3.47695458871114e-16,5.51526808465792e-14,1.37904826639685,2.25157275606615,0,0,0,1
2335,"FN1",2.1564212708765,0.387147099723986,2.54694302639554e-08,8.7167695995642e-07,5.22527940097605,1.02005559463066,3.01441139604522e-07,1.3543839299282e-05,2.1564212708765,0.387147099723986,2.54694302639547e-08,8.58510820622252e-07,1.39762689869835,2.91521564305465,0,0,0,1
2359,"FPR3",1.6689589994987,0.392576489422606,2.12536709614651e-05,0.00031129709741211,4.07100355866818,1.1644606067704,0.00047221380473212,0.00769079801118135,1.6689589994987,0.392576489422606,2.12536709614654e-05,0.000308132522121976,0.899523219053223,2.43839477994418,0,0,0,1
2494,"NR5A2",1.05348494924852,0.386402825547359,0.0064031216157323,0.0347887731806453,0.676689155935726,1.40869333661289,0.630966776170095,0.903252088650775,1.05348494924852,0.386402825547359,0.00640312161573208,0.034491925187741,0.296149327651183,1.81082057084586,0,0,0,1
2533,"FYB1",1.34753334657505,0.377828429383449,0.00036175066918236,0.00336815887643063,2.20629051253597,0.864873351526605,0.0107414827277172,0.0866296963589092,1.34753334657505,0.377828429383449,0.000361750669182369,0.00333845603873093,0.607003232648155,2.08806346050195,0,0,0,1
2564,"GABRE",1.52092028111473,0.483826613132994,0.00166927067458326,0.0118676535627741,5.11178247968726,0.924636831894442,3.23124278499921e-08,1.89344048369936e-06,1.52092028111473,0.483826613132994,0.00166927067458322,0.011762754390763,0.572637544612068,2.46920301761739,0,0,0,1
2589,"GALNT1",0.757322543454619,0.293672529345319,0.00991443409345218,0.0489268944618978,0.599281079877891,0.790361486519268,0.448309298450093,0.810224903777106,0.757322543454619,0.293672529345319,0.00991443409345207,0.0485037427002954,0.181734962689012,1.33291012422023,0,0,0,1
2597,"GAPDH",1.56986125171868,0.241752124099508,8.37638426069279e-11,4.7307612178497e-09,3.21192312406566,0.709932937634956,6.06064030550741e-06,0.00019020649977527,1.56986125171868,0.241752124099508,8.37638426069308e-11,4.66689210689772e-09,1.09603579529759,2.04368670813977,0,0,0,1
2634,"GBP2",1.9968786506305,0.336623699596335,2.99121158832293e-09,1.22176749518285e-07,2.13385059304321,0.744797413912244,0.00416998629828277,0.0430523433044667,1.9968786506305,0.336623699596335,2.99121158832274e-09,1.20389569687628e-07,1.33710832307905,2.65664897818195,0,0,0,1
2664,"GDI1",0.724208251345548,0.260601461053054,0.00545285920811724,0.0306449794316957,0.277452057317568,0.72719286963632,0.702803728651021,0.929306792507767,0.724208251345548,0.260601461053054,0.00545285920811718,0.0303930966114278,0.213438773363045,1.23497772932805,0,0,0,1
2681,"GGTA1",1.04060274402287,0.276359486196799,0.00016628571233294,0.00176907373337775,2.27388628344429,0.854211689033189,0.00776846955443663,0.0680091776614901,1.04060274402287,0.276359486196799,0.000166285712332946,0.00175158614014462,0.49894810429115,1.58225738375459,0,0,0,1
2697,"GJA1",1.8309045926582,0.373494349039618,9.48202022966652e-07,2.10909636356472e-05,3.05274954809697,0.749297429142835,4.61828613562076e-05,0.00111363823520674,1.8309045926582,0.373494349039618,9.48202022966575e-07,2.08218369310396e-05,1.09886912011132,2.56294006520508,0,0,0,1
2701,"GJA4",1.66143764438627,0.456193381167211,0.00027057104873033,0.00265996924983888,2.13568147999276,0.748034415433516,0.00430289994260048,0.0439977426101534,1.66143764438627,0.456193381167211,0.000270571048730318,0.00263401404334359,0.767315047312984,2.55556024145956,0,0,0,1
2760,"GM2A",1.36011569761207,0.253424524400185,8.00810895080279e-08,2.36860532846589e-06,2.6763934675285,0.728946244236586,0.00024104392864092,0.00442459496176707,1.36011569761207,0.253424524400185,8.0081089508024e-08,2.33203742945289e-06,0.863412756988515,1.85681863823562,0,0,0,1
2771,"GNAI2",0.63390337459959,0.197642021604651,0.00133972770196333,0.00991181831899985,0.71811338313181,0.722474476905294,0.320240554456701,0.730755456477082,0.63390337459959,0.197642021604651,0.00133972770196332,0.00982248428796707,0.246532130422787,1.02127461877639,0,0,0,1
2791,"GNG11",1.18339439702399,0.302822907782455,9.31110397174336e-05,0.00109499221001033,1.60089058722214,0.733978253245568,0.0291749509991194,0.176408066335588,1.18339439702399,0.302822907782455,9.31110397174289e-05,0.00108318908413295,0.589872404076684,1.7769163899713,0,0,0,1
2802,"GOLGA3",0.777424283477305,0.237667217769478,0.00107144292100802,0.00830761731520569,0.761391592948503,0.759653842021297,0.316204730766314,0.726824178152882,0.777424283477305,0.237667217769478,0.00107144292100803,0.00823618295550246,0.31160509634329,1.24324347061132,0,0,0,1
2821,"GPI",0.776295361946934,0.23871813934949,0.00114623093746118,0.00874909532019872,0.840947716706831,0.823581666403846,0.307213691216893,0.718074512008913,0.776295361946934,0.23871813934949,0.00114623093746116,0.00867263284499936,0.30841640636552,1.24417431752835,0,0,0,1
2828,"GPR4",1.19052210267676,0.425335447747034,0.00512580827657401,0.0291169672134527,2.39134191039507,0.866100552702888,0.0057616877614175,0.0547925893295346,1.19052210267676,0.425335447747034,0.0051258082765742,0.0288805988270163,0.356879943744355,2.02416426160916,0,0,0,1
2869,"GRK5",1.15737491054039,0.269614500629566,1.76511236883759e-05,0.00026620222142777,1.16952898074867,0.860351741479686,0.174032084229876,0.541716883285381,1.15737491054039,0.269614500629566,1.76511236883767e-05,0.000263554928782262,0.628940199596689,1.68580962148409,0,0,0,1
2882,"GPX7",1.14396102850607,0.332777020385346,0.00058685005365151,0.00505582557207371,1.50910469539979,0.85932550233218,0.0790627569456795,0.346021151080845,1.14396102850607,0.332777020385346,0.00058685005365151,0.00501425809466623,0.491730053668241,1.7961920033439,0,0,0,1
2887,"GRB10",1.16936584162452,0.303079924438444,0.00011418989788639,0.00129804996700832,-0.575143081428761,0.799865796373283,0.47211043605092,0.825605677143986,1.16936584162452,0.303079924438444,0.000114189897886398,0.00128482798304,0.575340105288049,1.76339157796099,0,0,0,1
2899,"GRIK3",2.50232918124958,0.465685402000385,7.72516335594718e-08,2.28985187682547e-06,3.44352656175924,1.34700480602167,0.010575165433497,0.0855353269787532,2.50232918124958,0.465685402000385,7.72516335594783e-08,2.25451033610919e-06,1.58960256520277,3.41505579729639,0,0,0,1
2918,"GRM8",1.97950964206577,0.719018573402148,0.0059038975620765,0.0326714073152975,1.69568095518019,1.22552781471134,0.16647080131625,0.528988274413925,1.97950964206577,0.719018573402148,0.00590389756207663,0.0323981484857465,0.570259133982191,3.38876015014935,0,0,0,1
2956,"MSH6",0.671204800490892,0.245595384042415,0.00627660615889247,0.0342233384682718,0.0496561649363134,0.763821523328677,0.948165905132572,0.989803936970024,0.671204800490892,0.245595384042415,0.00627660615889253,0.0339324301685437,0.189846692998476,1.15256290798331,0,0,0,1
2965,"GTF2H1",0.565265670750934,0.191963320025556,0.00323315388362901,0.0200959256788607,-0.278444740143459,0.778307241126681,0.720525291310861,0.932474382307177,0.565265670750934,0.191963320025556,0.00323315388362902,0.0199326080534843,0.189024477148108,0.94150686435376,0,0,0,1
2971,"GTF3A",0.982612159585535,0.247638407917781,7.24992625214457e-05,0.00088600167305816,1.01347057920893,0.798429309925284,0.204323255440573,0.588258139711799,0.982612159585535,0.247638407917781,7.24992625214452e-05,0.000875902828473697,0.497249798877846,1.46797452029322,0,0,0,1
2992,"GYG1",0.726913793432927,0.228360940626256,0.00145667436601041,0.0105998934247757,0.836808434932198,0.783180167763913,0.28530629861386,0.694188987271883,0.726913793432927,0.228360940626256,0.00145667436601043,0.01050285587001,0.279334574329776,1.17449301253608,0,0,0,1
2999,"GZMH",1.57819713278137,0.577163032073403,0.00624932401351059,0.0341016790303854,2.22401680161693,0.994093156643305,0.0252711953416755,0.15856232225052,1.57819713278137,0.577163032073403,0.00624932401351043,0.0338120528387485,0.446978376709564,2.70941588885318,0,0,0,1
3001,"GZMA",1.4971367351651,0.511076093269261,0.00339637538433155,0.0209303348785659,3.10782059344321,0.930778697801233,0.00084096655622742,0.0124723526688632,1.4971367351651,0.511076093269261,0.00339637538433158,0.020767949799067,0.495445998997915,2.49882747133228,0,0,0,1
3003,"GZMK",2.55251048411098,0.5879542153367,1.41614925680069e-05,0.00021911197745583,3.35018841232468,1.14188880626778,0.00334731237562055,0.0367371369371479,2.55251048411098,0.5879542153367,1.41614925680066e-05,0.000216730311344419,1.40014139749254,3.70487957072942,0,0,0,1
3055,"HCK",1.48519820205646,0.403412452378536,0.00023178630275525,0.0023372778978788,3.06844384183186,0.952484402029148,0.00127514295230554,0.0173740819005598,1.48519820205646,0.403412452378536,0.000231786302755259,0.00231494423707345,0.69452432447955,2.27587207963337,0,0,0,1
3059,"HCLS1",1.45186939774531,0.28079507088514,2.33386242429248e-07,6.21940347786213e-06,1.75209626422614,0.824836750572657,0.0336556487298384,0.194696243377066,1.45186939774531,0.28079507088514,2.33386242429236e-07,6.14598966147145e-06,0.901521171774064,2.00221762371656,0,0,0,1
3071,"NCKAP1L",1.33073616648646,0.387352129236508,0.00059152950492597,0.00508337565786102,2.10707597582983,0.910927059198326,0.0207165023880267,0.137615359072641,1.33073616648646,0.387352129236508,0.000591529504925967,0.00504146164027611,0.571539943848,2.08993238912492,0,0,0,1
3074,"HEXB",0.655318162110768,0.190891175609633,0.00059707179294897,0.00511498956706097,1.44635226847642,0.72238881594523,0.0452654013510709,0.239988250946725,0.655318162110768,0.190891175609633,0.000597071792948961,0.00507266476643405,0.281178332949376,1.02945799127216,0,0,0,1
3099,"HK2",4.7209103241941,0.5150752539249,4.93283878542238e-20,1.32741724492425e-17,3.99096279311566,0.800166827154544,6.11139271564281e-07,2.52268055471571e-05,4.7209103241941,0.5150752539249,4.93283878542246e-20,1.30410716360492e-17,3.71138137717347,5.73043927121473,0,0,0,1
3133,"HLA-E",1.01958697087275,0.186995687965601,4.96770584117945e-08,1.5355134000979e-06,1.16210898949905,0.722336755865367,0.107655957685353,0.415141784364664,1.01958697087275,0.186995687965601,4.9677058411795e-08,1.51195435342264e-06,0.653082157195882,1.38609178454962,0,0,0,1
3134,"HLA-F",1.68887349415384,0.340390535037624,6.99235166297088e-07,1.60742100875398e-05,2.25955405210212,0.867924217065564,0.00923041457210219,0.0773089846416537,1.68887349415384,0.340390535037624,6.99235166297098e-07,1.58716965440804e-05,1.02172030480178,2.3560266835059,0,0,0,1
3140,"MR1",0.92118403159616,0.285667201007744,0.00126115518893858,0.0094735050974237,1.29586331008307,0.771004370954514,0.0928120604824168,0.381100955191036,0.92118403159616,0.285667201007744,0.00126115518893858,0.00938937350218601,0.361286606056618,1.4810814571357,0,0,0,1
3142,"HLX",1.76996087315866,0.356768607556583,7.00990026109446e-07,1.60876038767994e-05,3.51851589159733,0.869297264226521,5.17586263515507e-05,0.00123740773042174,1.76996087315866,0.356768607556583,7.00990026109513e-07,1.58847874319909e-05,1.07070725153325,2.46921449478407,0,0,0,1
3162,"HMOX1",1.32798691201624,0.472946718597535,0.00498657673670834,0.0285207235239242,2.49448743769657,0.761593763109194,0.00105530499508635,0.0150134604521665,1.32798691201624,0.472946718597535,0.00498657673670823,0.0282910081475017,0.401028376958672,2.25494544707381,0,0,0,1
3241,"HPCAL1",1.34669339593187,0.268760832121662,5.42182532982288e-07,1.29632632101898e-05,0.870334848280868,0.723724531029531,0.229139853012113,0.624432301908898,1.34669339593187,0.268760832121662,5.42182532982301e-07,1.28025343120847e-05,0.819931844518397,1.87345494734534,0,0,0,1
3269,"HRH1",1.19543354821104,0.311280459030674,0.00012284674431623,0.00138192517950489,3.00842480843459,0.947339139604138,0.00149497253217305,0.0198370899973778,1.19543354821104,0.311280459030674,0.000122846744316224,0.00136774785599971,0.585335059419823,1.80553203700226,0,0,0,1
3274,"HRH2",2.1572884605711,0.424522985779886,3.74118256289584e-07,9.38646974281216e-06,2.88850830354053,0.808624811505227,0.00035409732186295,0.00611785259494978,2.1572884605711,0.424522985779886,3.74118256289621e-07,9.27249347344294e-06,1.32523869783311,2.98933822330909,0,0,0,1
3275,"PRMT2",0.628147832241387,0.17182533572184,0.00025644652029991,0.00254849532555835,0.0205401528862105,0.729294434024139,0.977531016717735,0.995976582991141,0.628147832241387,0.17182533572184,0.000256446520299908,0.00252384557168151,0.291376362595077,0.964919301887697,0,0,0,1
3299,"HSF4",2.83776319703432,0.418432063399017,1.186079456491e-11,7.86364949801087e-10,1.6534958301197,0.955556348669423,0.0835586237660679,0.357690670675742,2.83776319703432,0.418432063399017,1.18607945649114e-11,7.72556005404349e-10,2.01765142279547,3.65787497127317,0,0,0,1
3316,"HSPB2",0.889220139140646,0.328653134500005,0.00681709867939577,0.0364849583296406,1.51386125909198,0.831791879272094,0.0687589977851092,0.317972418289361,0.889220139140646,0.328653134500005,0.0068170986793958,0.0361685837060561,0.245071832114438,1.53336844616685,0,0,0,1
3339,"HSPG2",1.19169593865573,0.381123265760137,0.00176720557159415,0.0123866850176497,2.24300836169114,0.767800543934851,0.00348526444569483,0.0378545345725208,1.19169593865573,0.381123265760137,0.00176720557159414,0.01227575101587,0.444708064095574,1.93868381321589,0,0,0,1
3394,"IRF8",1.18265505851373,0.370554574025273,0.00141496270994198,0.0103567723899967,0.622431110540786,1.03823453646054,0.548833406347191,0.865460544568789,1.18265505851373,0.370554574025273,0.00141496270994199,0.0102624756418224,0.456381439117614,1.90892867790985,0,0,0,1
3423,"IDS",0.847635333773075,0.238077123917141,0.00037037595754997,0.00343216721229966,0.692597183647174,0.7351216906838,0.346114258999465,0.73562192450526,0.847635333773075,0.238077123917141,0.000370375957549975,0.00340175683627133,0.381012745352599,1.31425792219355,0,0,0,1
3428,"IFI16",1.22935607226087,0.256237575350659,1.60482113502143e-06,3.39037617032378e-05,2.55723877473452,0.870072490328892,0.00329156208804255,0.0362677771423439,1.22935607226087,0.256237575350659,1.60482113502121e-06,3.34628393156737e-05,0.72713965308771,1.73157249143403,0,0,0,1
3455,"IFNAR2",0.919194213531236,0.271601614110025,0.00071347669703738,0.00594364395253952,1.89956133013324,0.844217112395617,0.024443469735175,0.155052274523769,0.919194213531236,0.271601614110025,0.000713476697037393,0.00589290762563476,0.386864831732641,1.45152359532983,0,0,0,1
3486,"IGFBP3",2.95032220213205,0.591199026357709,6.02530259698537e-07,1.420811904485e-05,4.95151386364603,0.71352467749117,3.93453570989907e-12,5.36088487497549e-10,2.95032220213205,0.591199026357709,6.0253025969854e-07,1.40309421269696e-05,1.79159340277579,4.10905100148831,0,0,0,1
3516,"RBPJ",0.464996718213596,0.178073893676623,0.00902100476968081,0.0453994387455443,0.424689661983632,0.941809533244988,0.652040391761363,0.910995497794703,0.464996718213596,0.178073893676623,0.00902100476968095,0.0450148805735041,0.1159783000206,0.814015136406592,0,0,0,1
3561,"IL2RG",1.61490506714958,0.530453818625611,0.0023315740103139,0.0154956521634615,2.57160385456066,0.894851063712144,0.00405593152702378,0.0422457156379064,1.61490506714958,0.530453818625611,0.00233157401031387,0.0153649131872248,0.57523468718164,2.65457544711752,0,0,0,1
3601,"IL15RA",1.48707833087187,0.528264351110643,0.00487731591385543,0.0279950997916152,2.1702663436916,0.963689541261096,0.0243198132643104,0.154619025226319,1.48707833087187,0.528264351110643,0.00487731591385555,0.0277706294199807,0.451699228378588,2.52245743336515,0,0,0,1
3603,"IL16",1.21760601621254,0.316028012369132,0.00011675470843069,0.00132424927148992,2.01065753810157,0.871503046249883,0.0210484235378669,0.139161457695889,1.21760601621254,0.316028012369132,0.000116754708430688,0.00131074415801079,0.598202493863262,1.83700953856182,0,0,0,1
3614,"IMPDH1",0.940159678034684,0.272356134775303,0.00055655146595146,0.00483424830298601,2.03827232459713,0.816407025456448,0.0125377081446726,0.096517891959838,0.940159678034684,0.272356134775303,0.000556551465951478,0.00479487758174043,0.406351462906553,1.47396789316281,0,0,0,1
3625,"INHBB",3.6207379208923,0.548828842653989,4.1897334469336e-11,2.5330353227188e-09,6.74778842826108,0.877766240632156,1.50090672847322e-14,3.10539455092378e-12,3.6207379208923,0.548828842653989,4.18973344693347e-11,2.48855401167419e-09,2.54505315561368,4.69642268617092,0,0,0,1
3627,"CXCL10",2.61574237538937,0.496108118404468,1.34559621284437e-07,3.81548810435458e-06,1.72806809044919,1.13069077777983,0.126430744824042,0.454405786674703,2.61574237538937,0.496108118404468,1.34559621284437e-07,3.75624715067923e-06,1.64338833087868,3.58809641990006,0,0,0,1
3635,"INPP5D",1.28779803842587,0.395686636391015,0.00113555901880685,0.00868696319626826,2.39673320563569,0.868367972565551,0.00577937007446597,0.0548761830470115,1.28779803842587,0.395686636391015,0.00113555901880685,0.00861121611393296,0.512266481935685,2.06332959491606,0,0,0,1
3669,"ISG20",1.58147923147482,0.443112509925794,0.00035831345295392,0.00334523389682973,2.85081774424265,0.828284162611671,0.00057778172571656,0.00913722073067248,1.58147923147482,0.443112509925794,0.000358313452953937,0.00331581351144676,0.712994670921117,2.44996379202852,0,0,0,1
3672,"ITGA1",0.799828303618108,0.235568311652682,0.00068550021479881,0.00574697919847217,0.817167686813095,0.734548937672479,0.265933764250951,0.672379670867553,0.799828303618108,0.235568311652682,0.000685500214798826,0.0056982733638302,0.338122896879944,1.26153371035627,0,0,0,1
3683,"ITGAL",1.18122573672327,0.343608909790434,0.00058666853952041,0.00505582557207371,2.58166904978777,0.865480449814823,0.00285501719473197,0.032416824638559,1.18122573672327,0.343608909790434,0.000586668539520397,0.00501425809466623,0.507764648766947,1.85468682467959,0,0,0,1
3687,"ITGAX",1.47539188706044,0.458412934371406,0.00128872912453373,0.00959659170108571,2.61122720499746,0.942017766629225,0.00557214027600915,0.0534536341646464,1.47539188706044,0.458412934371406,0.00128872912453374,0.00951063754027826,0.576919045645161,2.37386472847572,0,0,0,1
3689,"ITGB2",1.2792681904502,0.310071052480078,3.69567124402436e-05,0.00049822585611974,1.91069016459277,0.975675882542518,0.050191926117269,0.257868329184338,1.2792681904502,0.310071052480078,3.69567124402462e-05,0.000492865829705083,0.671540094940818,1.88699628595958,0,0,0,1
3703,"STT3A",0.787961758914247,0.187694611511222,2.69157379932795e-05,0.00038120906937024,0.621553843242474,0.723028877121278,0.389980426416419,0.768651475806108,0.787961758914247,0.187694611511222,2.69157379932795e-05,0.000377240015970258,0.420087080260015,1.15583643756848,0,0,0,1
3714,"JAG2",2.00625629187243,0.389814577554815,2.65117468518272e-07,6.90228335992985e-06,1.95723955849848,0.808670000032611,0.0155068868170168,0.11111969024475,2.00625629187243,0.389814577554815,2.65117468518254e-07,6.81982497038755e-06,1.2422337592163,2.77027882452856,0,0,0,1
3759,"KCNJ2",1.38584164367832,0.387642769485362,0.00035016317781888,0.00329604900712373,2.90507921677322,1.13751849626032,0.0106531717754217,0.0861247012948828,1.38584164367832,0.387642769485362,0.000350163177818903,0.00326504158128096,0.626075776619648,2.14560751073699,0,0,0,1
3778,"KCNMA1",1.97107761449571,0.447261834940628,1.04817911598985e-05,0.00016903889762449,3.57430873504986,0.776315895137365,4.14066989594879e-06,0.00013466678260042,1.97107761449571,0.447261834940628,1.04817911598979e-05,0.000167249692554915,1.09446052635278,2.84769470263864,0,0,0,1
3782,"KCNN3",0.928023444314537,0.341522630648721,0.00658145908049079,0.0354768045642795,0.016350566535829,0.960032623127253,0.986411676412327,0.997808188453288,0.928023444314537,0.341522630648721,0.00658145908049074,0.035171546881592,0.258651388337669,1.59739550029141,0,0,0,1
3786,"KCNQ3",1.10997940186636,0.418865070913006,0.00804991858942749,0.0415015337044714,3.72390710798802,1.08879403356635,0.00062572206171231,0.00970970002984885,1.10997940186636,0.418865070913006,0.00804991858942737,0.0411280986514775,0.289018948495053,1.93093985523767,0,0,0,1
3790,"KCNS3",1.30910595320345,0.466347805554785,0.00499827233869974,0.0285579889992986,1.37985776243762,0.956699561184983,0.149214817077152,0.498841236663873,1.30910595320345,0.466347805554785,0.00499827233869975,0.0283277452470318,0.395081050046783,2.22313085636012,0,0,0,1
3791,"KDR",1.46837633515408,0.326108110317851,6.70865126390407e-06,0.0001156652386254,-0.284796172418241,0.82132827725361,0.728778601545495,0.935577291110053,1.46837633515408,0.326108110317851,6.70865126390345e-06,0.000114352395690531,0.829216183864677,2.10753648644348,0,0,0,1
3796,"KIF2A",1.32313842325841,0.409867161422922,0.00124566264708304,0.00938280689822596,0.591097516727648,1.07237687358774,0.581494417109371,0.881985786893743,1.32313842325841,0.409867161422922,0.00124566264708308,0.00929970624065406,0.519813548423818,2.126463298093,0,0,0,1
3903,"LAIR1",1.57910633639777,0.416264157747417,0.00014852676434613,0.00160466504609756,3.00672520004652,1.04885626531372,0.00414814791788577,0.0429658905783978,1.57910633639777,0.416264157747417,0.000148526764346135,0.00158898823525876,0.763243579157933,2.39496909363761,0,0,0,1
3910,"LAMA4",1.04439144169356,0.259761788807552,5.80565582344312e-05,0.00073570471395136,4.54082513354212,0.732177023713645,5.58163045104418e-10,4.67712723645247e-08,1.04439144169356,0.259761788807552,5.80565582344283e-05,0.000727487522931967,0.535267691071058,1.55351519231606,0,0,0,1
3915,"LAMC1",1.20094395416323,0.281201541431493,1.94809021151403e-05,0.00028934621280106,0.806218963830996,0.727562031028058,0.267814193077421,0.674097645263279,1.20094395416323,0.281201541431493,1.94809021151407e-05,0.000286435118013568,0.649799060560356,1.7520888477661,0,0,0,1
3936,"LCP1",1.58700828800056,0.376213145373528,2.46068858803244e-05,0.00035251033593066,1.96976240149901,0.820533282120406,0.0163687516857912,0.115553458088532,1.58700828800056,0.376213145373528,2.46068858803236e-05,0.000348869234831128,0.849644072557914,2.32437250344321,0,0,0,1
3937,"LCP2",1.46697977892254,0.309774063171541,2.18360265090474e-06,4.39410011451857e-05,2.25960216927471,1.03072643058247,0.0283620094197171,0.172969037796593,1.46697977892254,0.309774063171541,2.18360265090493e-06,4.34240627465356e-05,0.859833771761684,2.0741257860834,0,0,0,1
3939,"LDHA",1.87480476904999,0.308852991381267,1.27737296437691e-09,5.82414171531852e-08,3.24185320666031,0.721677005192951,7.05206525013345e-06,0.00021566708307844,1.87480476904999,0.308852991381267,1.27737296437681e-09,5.74093989289753e-08,1.26946402942525,2.48014550867473,0,0,0,1
3956,"LGALS1",1.73972195543387,0.376951212790295,3.92633085869227e-06,7.32132672618108e-05,3.78376830938329,0.714253339340525,1.1738878757998e-07,5.90786393709575e-06,1.73972195543387,0.376951212790295,3.92633085869257e-06,7.232065432753e-05,1.0009111544362,2.47853275643154,0,0,0,1
3958,"LGALS3",1.46955905206712,0.296157791922656,6.97417768739759e-07,1.60593313056786e-05,2.10591988556028,0.736704216770726,0.00425556457215939,0.0436736109398771,1.46955905206712,0.296157791922656,6.97417768739778e-07,1.58571395883953e-05,0.889100446157807,2.05001765797643,0,0,0,1
3976,"LIF",1.44991723280737,0.44505962149696,0.00112277732455825,0.00862198920566925,4.97038703471894,0.940708337884792,1.26625214394266e-07,6.27843777524707e-06,1.44991723280737,0.44505962149696,0.00112277732455826,0.00854702363486772,0.5776164037003,2.32221806191444,0,0,0,1
3985,"LIMK2",0.69247281395103,0.258066390308319,0.00728968024165695,0.0386417812423716,0.922786796673622,0.808256276129727,0.253578428959258,0.657393733274535,0.69247281395103,0.258066390308319,0.00728968024165688,0.0383034913087528,0.186671983326468,1.19827364457559,0,0,0,1
3988,"LIPA",1.70310907186218,0.244314746157847,3.14778612132244e-12,2.31017201759514e-10,2.07508900143956,0.794420905997376,0.00899938417336233,0.0759037138205231,1.70310907186218,0.244314746157847,3.1477861213222e-12,2.26960429271589e-10,1.22426096850075,2.18195717522361,0,0,0,1
3995,"FADS3",0.977769083359291,0.369855079875508,0.00820163014107228,0.0421096790333244,1.92297219814874,0.770632225575545,0.0125844416409906,0.0966999804958102,0.977769083359291,0.369855079875508,0.00820163014107235,0.0417450280075796,0.252866447304111,1.70267171941447,0,0,0,1
3998,"LMAN1",0.856417702511835,0.268500810816097,0.00142456040366682,0.0104159120830705,-0.926877946747366,0.740749821390222,0.210836027333602,0.598171826999125,0.856417702511835,0.268500810816097,0.00142456040366681,0.0103209822260288,0.330165783492482,1.38266962153119,0,0,0,1
4001,"LMNB1",1.28010768105771,0.306107217975026,2.89091818850077e-05,0.00040434125242364,2.22448200277223,1.23584733386051,0.071866157694295,0.326308571335326,1.28010768105771,0.306107217975026,2.89091818850082e-05,0.000400092812180987,0.680148558418907,1.88006680369651,0,0,0,1
4015,"LOX",1.6890034943506,0.473277049133572,0.00035869998334539,0.00334656599009665,3.26483189454028,0.983247030233543,0.00089869413042839,0.0131817587880575,1.6890034943506,0.473277049133572,0.000358699983345395,0.00331711376916733,0.761397523339405,2.61660946536179,0,0,0,1
4017,"LOXL2",1.99579596318953,0.408399475181552,1.0245064920851e-06,2.26779469312515e-05,4.22595487642788,0.778877856764158,5.77289738893004e-08,3.18249958358811e-06,1.99579596318953,0.408399475181552,1.02450649208512e-06,2.23880405717726e-05,1.19534770052863,2.79624422585043,0,0,0,1
4046,"LSP1",1.16382579727099,0.307472411183311,0.00015362272453498,0.00165228704664427,2.28674552286766,1.011036732007,0.0237108240738347,0.151957820517551,1.16382579727099,0.307472411183311,0.000153622724534976,0.0016360941507939,0.56119094511201,1.76646064942997,0,0,0,1
4067,"LYN",0.651721884301673,0.249819566789495,0.00908681958593115,0.0456469663240553,1.3817562733192,0.865618100509008,0.110429538707832,0.421569166105823,0.651721884301673,0.249819566789495,0.00908681958593122,0.0452595450598857,0.162084530760864,1.14135923784248,0,0,0,1
4069,"LYZ",2.39470773463832,0.519484431633367,4.03099814043706e-06,7.47586736207543e-05,4.08815747689764,0.906994383061191,6.56367321122207e-06,0.00020370481360531,2.39470773463832,0.519484431633367,4.03099814043706e-06,7.38450379449903e-05,1.37653695810766,3.41287851116898,0,0,0,1
4082,"MARCKS",0.971627619936769,0.305452634421488,0.00146796176517772,0.0106650647248804,2.75476749453702,0.746321162739543,0.0002232610914405,0.00412983734155791,0.971627619936769,0.305452634421488,0.00146796176517773,0.0105672869620349,0.372951457487773,1.57030378238577,0,0,0,1
4126,"MANBA",1.22701103258859,0.277960361824887,1.01319478309552e-05,0.00016475219435074,-0.411406646499313,0.745533585405599,0.581065889929948,0.881787385416432,1.22701103258859,0.277960361824887,1.01319478309541e-05,0.000162823662222592,0.682218734282089,1.77180333089509,0,0,0,1
4131,"MAP1B",2.02685794244912,0.284292183980693,1.00742373116949e-12,8.31968371842621e-11,2.28678478049603,0.785324867253532,0.00359241577487919,0.0386767307843594,2.02685794244912,0.284292183980693,1.00742373116959e-12,8.17358609556537e-11,1.46965550076073,2.58406038413751,0,0,0,1
4133,"MAP2",1.86531994530695,0.478697402117485,9.75292873901718e-05,0.0011362410357748,1.04503393034999,0.980801380219042,0.28665430948441,0.696035869697078,1.86531994530695,0.478697402117485,9.75292873901709e-05,0.00112392083921511,0.927090277663791,2.80354961295011,0,0,0,1
4154,"MBNL1",0.930318238194616,0.254302524754709,0.00025388085613606,0.0025248267171097,0.662052083451188,0.738650720047196,0.370092961698455,0.752625645565393,0.930318238194616,0.254302524754709,0.000253880856136062,0.00250042044067387,0.431894448497781,1.42874202789145,0,0,0,1
4162,"MCAM",1.97847966554118,0.357289532335382,3.06874203828751e-08,1.03143377673259e-06,2.90445825943088,0.85789944932435,0.00071036738928052,0.0107640570316025,1.97847966554118,0.357289532335382,3.06874203828742e-08,1.01580493724665e-06,1.27820505011067,2.67875428097169,0,0,0,1
4171,"MCM2",1.05098018797221,0.381923146764958,0.00592667757202265,0.03274465499132,1.86367643560513,0.92496825208698,0.0439198976981752,0.234561365686335,1.05098018797221,0.381923146764958,0.00592667757202245,0.0324702940689064,0.302424575450687,1.79953580049373,0,0,0,1
4174,"MCM5",1.3453432545184,0.293998635210134,4.73908187329127e-06,8.59169876209371e-05,1.69906258949183,0.768763936057784,0.027096651133922,0.166830557073255,1.3453432545184,0.293998635210134,4.73908187329163e-06,8.48566280180492e-05,0.769116518002608,1.92156999103419,0,0,0,1
4175,"MCM6",0.996970594723007,0.272044764224859,0.00024759969771158,0.00247491496824024,0.794431965383672,0.861760659079312,0.356595985615516,0.742097668961907,0.996970594723007,0.272044764224859,0.000247599697711584,0.00245109157433575,0.463772654659593,1.53016853478642,0,0,0,1
4193,"MDM2",1.40127863024601,0.232917081270883,1.78545283272243e-09,7.8286117176622e-08,3.13239296631599,0.73341636589696,1.94632123914688e-05,0.0005244115377309,1.40127863024601,0.232917081270883,1.78545283272245e-09,7.71578863576822e-08,0.944769539570891,1.85778772092113,0,0,0,1
4208,"MEF2C",1.11862245137671,0.17808368859217,3.35445851744289e-10,1.71139734919651e-08,0.885246938923546,0.798281532674386,0.267455733572795,0.673826013070726,1.11862245137671,0.17808368859217,3.35445851744281e-10,1.68761806681647e-08,0.76958483550201,1.46766006725141,0,0,0,1
4233,"MET",1.54312309442952,0.431140869972516,0.00034469751930744,0.00326025413850816,1.6329252675781,0.725499130076747,0.0244006684109175,0.154955119112782,1.54312309442952,0.431140869972516,0.000344697519307455,0.00322971275387242,0.698102517020122,2.38814367183892,0,0,0,1
4245,"MGAT1",0.823977251865026,0.250049063366993,0.00098329851009762,0.00775117102388268,1.19672886412941,0.720905831161828,0.0969074248916802,0.390871608606418,0.823977251865026,0.250049063366993,0.000983298510097604,0.00768568916617159,0.333890093297746,1.31406441043231,0,0,0,1
4281,"MID1",1.0057531528322,0.307645900858869,0.00107855540409327,0.00834861498351726,0.706683658497849,0.792941226487643,0.372812118357378,0.754949044411707,1.0057531528322,0.307645900858869,0.00107855540409329,0.008276700349112,0.402778267157437,1.60872803850696,0,0,0,1
4283,"CXCL9",2.16584048239545,0.519567890384248,3.06554512726195e-05,0.00042712224696998,1.12644797334462,1.15956538702371,0.331329314907324,0.730755456477082,2.16584048239545,0.519567890384248,3.06554512726181e-05,0.000422625203996636,1.14750612971887,3.18417483507203,0,0,0,1
4288,"MKI67",1.4781983888111,0.477386007015285,0.00195857749616416,0.0134666921630045,3.75695619852893,1.47346496879741,0.0107802520818742,0.0868170325036663,1.4781983888111,0.477386007015285,0.0019585774961641,0.0133573598284171,0.542539008337756,2.41385776928444,0,0,0,1
4332,"MNDA",1.46651111146606,0.387988389558772,0.00015696640955887,0.00168034867768018,2.11904068545707,0.949330664568779,0.0256055906481014,0.1602405129468,1.46651111146606,0.387988389558772,0.000156966409558872,0.00166381926107097,0.706067841511171,2.22695438142095,0,0,0,1
4345,"CD200",1.30355635777023,0.320481429546533,4.75213897853286e-05,0.00062290692780692,2.01303240634986,0.977310904771501,0.0394208544365166,0.217463495556808,1.30355635777023,0.320481429546533,4.75213897853321e-05,0.000616087402380416,0.675424298145115,1.93168841739535,0,0,0,1
4351,"MPI",0.802800976091982,0.307987026210706,0.00914443888396059,0.0458860253175412,-0.484031796560757,0.805931864434936,0.548115432770591,0.864877745768039,0.802800976091982,0.307987026210706,0.00914443888396058,0.0454961141964725,0.199157497013405,1.40644445517056,0,0,0,1
4481,"MSR1",2.00898339580675,0.367829353426452,4.71525642344166e-08,1.46465662775242e-06,2.42824801581745,0.785335595528065,0.00198821075214935,0.0246635262733316,2.00898339580675,0.367829353426452,4.71525642344163e-08,1.44219945195868e-06,1.28805111063425,2.72991568097925,0,0,0,1
4515,"MTCP1",1.96544813918852,0.359863017230764,4.71712495968062e-08,1.46465662775242e-06,2.4473496332347,0.786691532457172,0.00186493247798711,0.0234818958667062,1.96544813918852,0.359863017230764,4.7171249596809e-08,1.44219945195868e-06,1.26012958604831,2.67076669232873,0,0,0,1
4521,"NUDT1",1.27319522642249,0.304896768104748,2.96909385780994e-05,0.00041452537237623,2.9160721880878,0.764219035289442,0.00013576746476483,0.00274135776143847,1.27319522642249,0.304896768104748,2.96909385781016e-05,0.000410166931197279,0.675608541934523,1.87078191091046,0,0,0,1
4584,"MUC3A",1.30057808509201,0.460840176266215,0.00476970557777321,0.027585098756578,5.16230773193402,0.904741207267107,1.15771341194584e-08,7.57895276203136e-07,1.30057808509201,0.460840176266215,0.0047697055777731,0.0273659320447296,0.397347936981138,2.20380823320288,0,0,0,1
4603,"MYBL1",2.06316009005669,0.489931156246872,2.54104958286973e-05,0.0003619754705161,2.20374998647607,1.10297371500249,0.0457158242553693,0.242016037202602,2.06316009005669,0.489931156246872,2.54104958286964e-05,0.000358220192199726,1.10291266890875,3.02340751120462,0,0,0,1
4644,"MYO5A",0.763904593192836,0.261621295158934,0.00350158437268381,0.0214630388256867,-0.292418877584248,0.889718622318633,0.742409331081124,0.939144293917968,0.763904593192836,0.261621295158934,0.00350158437268389,0.0212953820915187,0.251136277092602,1.27667290929307,0,0,0,1
4659,"PPP1R12A",0.514515583965629,0.182993103812293,0.00492855716196584,0.0282066382363717,-0.672096435498804,0.773283774391973,0.384767324233949,0.763568065448314,0.514515583965629,0.182993103812293,0.0049285571619659,0.0279796784062258,0.155855691074336,0.873175476856923,0,0,0,1
4664,"NAB1",0.709535332125288,0.210346259721524,0.00074305955841139,0.00614692548501387,0.201163542924875,0.791934227247325,0.799483608633621,0.95390472711739,0.709535332125288,0.210346259721524,0.000743059558411385,0.00609408274091284,0.297264238788393,1.12180642546218,0,0,0,1
4673,"NAP1L1",0.827396093765715,0.288807405010776,0.00417178537494019,0.0247743758051403,1.86548264164043,0.714898257045158,0.00906910921120025,0.076376483050505,0.827396093765715,0.288807405010776,0.00417178537494018,0.0245732556620002,0.261343981476121,1.39344820605531,0,0,0,1
4688,"NCF2",2.06008082749715,0.429903857639274,1.65162253710331e-06,3.46588191119354e-05,1.37314960945332,1.03565178491072,0.184879569932719,0.55893427569711,2.06008082749715,0.429903857639274,1.65162253710323e-06,3.42071070165329e-05,1.21748474970934,2.90267690528496,0,0,0,1
4690,"NCK1",1.02036240937412,0.229313959882974,8.60181164152241e-06,0.00014291920456205,0.0812882109701961,1.04051419119823,0.937730119392324,0.988241990998918,1.02036240937412,0.229313959882974,8.60181164152248e-06,0.000141264587530631,0.570915306851228,1.46980951189701,0,0,0,1
4794,"NFKBIE",1.05833133194915,0.308240596584889,0.00059593316947647,0.00510842399618687,2.93228116776059,0.792972309800891,0.00021744571157972,0.00402671014404931,1.05833133194915,0.308240596584889,0.000595933169476503,0.00506618343256727,0.454190864069628,1.66247179982867,0,0,0,1
4803,"NGF",1.44060111434748,0.495766438361671,0.00366308428607756,0.0222837627403052,3.19775114966938,1.09523166263183,0.00350365141826315,0.0379558462305573,1.44060111434748,0.495766438361671,0.00366308428607755,0.0221080418214788,0.468916750414908,2.41228547828005,0,0,0,1
4828,"NMB",2.08189743939932,0.401081535193902,2.09495088066054e-07,5.68203673640024e-06,3.03001106109553,0.761515045792074,6.92276466354822e-05,0.0015951500281109,2.08189743939932,0.401081535193902,2.09495088066044e-07,5.60440927062394e-06,1.29579207555524,2.8680028032434,0,0,0,1
4833,"NME4",1.05768960013432,0.27138505550144,9.7240586338793e-05,0.00113384010782803,1.05670252891473,0.754003539960199,0.161077857854269,0.518437453385769,1.05768960013432,0.27138505550144,9.72405863387973e-05,0.00112155245988538,0.525784665409094,1.58959453485955,0,0,0,1
4837,"NNMT",3.41645420191114,0.773017309428063,9.88678356267107e-06,0.00016133914103935,7.18878203971384,0.864488440312472,9.12518703066473e-17,2.59201710926966e-14,3.41645420191114,0.773017309428063,9.88678356267103e-06,0.000159453950688389,1.90136811600608,4.9315402878162,0,0,0,1
4848,"CNOT2",0.652674549459249,0.199494699811015,0.00106926184029718,0.00829539259255994,0.137042182702538,0.755753229015046,0.856107054188618,0.968496452035891,0.652674549459249,0.199494699811015,0.00106926184029716,0.00822410575740253,0.26167212272303,1.04367697619547,0,0,0,1
4854,"NOTCH3",1.36634053423565,0.375545754156817,0.00027446514429413,0.00269054260020907,2.43545598378074,0.795053107232845,0.00218938270617356,0.0265114629861002,1.36634053423565,0.375545754156817,0.000274465144294145,0.00266422861088405,0.630284381541355,2.10239668692994,0,0,0,1
4856,"CCN3",1.32911134097584,0.515237457543575,0.00989121495251245,0.0488474393696585,1.79053830465129,1.0813799293762,0.0977643102518847,0.392873595265284,1.32911134097584,0.515237457543575,0.00989121495251243,0.0484252909240106,0.319264480704448,2.33895820124723,0,0,0,1
4864,"NPC1",1.19853001382677,0.370438201134213,0.00121456051437733,0.00919394842764175,0.0572921918681913,0.775622846714219,0.941116974413802,0.988508428389922,1.19853001382677,0.370438201134213,0.00121456051437736,0.00911292121054534,0.472484481105908,1.92457554654763,0,0,0,1
4869,"NPM1",0.882347397123052,0.203678346720335,1.47718764197333e-05,0.00022778565391507,1.62999326456551,0.8234664667573,0.0477677452719615,0.249467012468932,0.882347397123052,0.203678346720335,1.47718764197337e-05,0.000225559693960667,0.483145173120534,1.28154962112557,0,0,0,1
4938,"OAS1",1.62683743734045,0.341859873288618,1.94762315315113e-06,3.98942987370837e-05,1.32438953067642,0.873012625783579,0.129258188262883,0.460649305523791,1.62683743734045,0.341859873288618,1.94762315315114e-06,3.94291335944998e-05,0.956804397935332,2.29687047674557,0,0,0,1
4939,"OAS2",1.3813158528923,0.393641249172398,0.00044967157764969,0.00404940467956979,1.59309551550835,0.852365416892464,0.061618807121104,0.295470554661683,1.3813158528923,0.393641249172398,0.000449671577649676,0.00401252275410363,0.609793181685043,2.15283852409956,0,0,0,1
4940,"OAS3",1.28872685396238,0.4202557463681,0.00216559075518784,0.0146118817719754,1.24442085707361,0.928954608019674,0.1803777824691,0.552641911590429,1.28872685396238,0.4202557463681,0.00216559075518788,0.0144906501996021,0.465040726784904,2.11241298113986,0,0,0,1
4947,"OAZ2",1.14274376859387,0.229154640210684,6.13939179055308e-07,1.44029081937693e-05,-0.0360871121301277,0.724918250256143,0.960296955295522,0.992772016057161,1.14274376859387,0.229154640210684,6.13939179055266e-07,1.42229243147803e-05,0.693608926890695,1.59187861029704,0,0,0,1
5027,"P2RX7",1.41466229241208,0.42005386815313,0.00075767350977778,0.00624523198089505,1.38885486433002,0.951760348441227,0.144496723303521,0.489380387331401,1.41466229241208,0.42005386815313,0.000757673509777779,0.00619134056505079,0.591371839265209,2.23795274555895,0,0,0,1
5028,"P2RY1",1.28895813064197,0.330407181511353,9.57485904512767e-05,0.00111929612892106,1.69475617926931,1.15974886754525,0.143929544371856,0.48864169546366,1.28895813064197,0.330407181511353,9.57485904512727e-05,0.00110718545888037,0.64137195464633,1.93654430663761,0,0,0,1
5033,"P4HA1",1.84234117255498,0.352502522725452,1.72783957953405e-07,4.75207823437381e-06,0.674963755391021,0.748960444826727,0.367481563318805,0.750659717524125,1.84234117255498,0.352502522725452,1.72783957953393e-07,4.6780042270795e-06,1.15144892355358,2.53323342155638,0,0,0,1
5034,"P4HB",1.20862430382311,0.279229879597435,1.50182600576242e-05,0.00023079418449162,1.98870996363419,0.710785163510817,0.00514351038603911,0.0504094096839938,1.20862430382311,0.279229879597435,1.50182600576249e-05,0.000228530718708502,0.661343796404682,1.75590481124154,0,0,0,1
5046,"PCSK6",3.66206056274698,0.51398672250064,1.04220205036411e-12,8.51379817809344e-11,4.87940548817099,0.769796786913044,2.31917896214889e-10,2.18354608014905e-08,3.66206056274698,0.51398672250064,1.04220205036408e-12,8.36429181253504e-11,2.65466509811394,4.66945602738002,0,0,0,1
5066,"PAM",0.706215802853365,0.192625338918509,0.00024611755988865,0.00246189314279288,1.33698903107793,0.716915962451048,0.0621929873205077,0.297435563633872,0.706215802853365,0.192625338918509,0.000246117559888651,0.00243820944891894,0.328677076063266,1.08375452964346,0,0,0,1
5098,"PCDHGC3",0.984359440403538,0.358632667146893,0.0060555761467482,0.0332693062601971,1.71681924932647,0.763301849183262,0.0244997136491062,0.155154831767878,0.984359440403538,0.358632667146893,0.00605557614674824,0.032988821489538,0.281452329116087,1.68726655169099,0,0,0,1
5129,"CDK18",1.37837701836063,0.316706841245025,1.34767539948356e-05,0.00020993753896154,0.933992070854203,0.743728155260778,0.209179591086356,0.595930454760251,1.37837701836063,0.316706841245025,1.34767539948361e-05,0.000207665227557,0.757643015862937,1.99911102085832,0,0,0,1
5130,"PCYT1A",0.683811040834111,0.235360123317895,0.00366805251952215,0.0223040995914586,-0.0563319451596216,0.764147234673287,0.941234214233027,0.988508428389922,0.683811040834111,0.235360123317895,0.00366805251952218,0.0221281217542361,0.222513675734131,1.14510840593409,0,0,0,1
5154,"PDGFA",0.846284572010652,0.320164815443712,0.00821076206533874,0.0421250461998912,1.37213736478104,0.758469122327228,0.0704373377252878,0.322529875119699,0.846284572010652,0.320164815443712,0.00821076206533864,0.0417599792255605,0.218773064624063,1.47379607939724,0,0,0,1
5163,"PDK1",1.63123595855341,0.314620746167793,2.16282520508436e-07,5.82012021854465e-06,1.4231446035546,0.925044452531424,0.123935992686158,0.44928472884,1.63123595855341,0.314620746167793,2.16282520508447e-07,5.75174994874831e-06,1.01459062727542,2.2478812898314,0,0,0,1
5169,"ENPP3",3.47908347188665,0.458778746338303,3.36724069638371e-14,3.63874104859606e-12,0.470209280062393,0.840048173711618,0.575656213525486,0.878956129962976,3.47908347188665,0.458778746338303,3.36724069638385e-14,3.57484301648373e-12,2.57989365219114,4.37827329158216,0,0,0,1
5175,"PECAM1",0.908954620040328,0.319928909158374,0.00449561869449366,0.0262655900226611,1.03079434674857,0.799582753624653,0.197340623004799,0.577676483848504,0.908954620040328,0.319928909158374,0.00449561869449371,0.0260595128365687,0.281905480476728,1.53600375960393,0,0,0,1
5210,"PFKFB4",1.64872516376468,0.356653377955252,3.78656507511026e-06,7.1090039795914e-05,4.19343211684438,0.773554937785948,5.92705041099224e-08,3.25676845369898e-06,1.64872516376468,0.356653377955252,3.78656507511034e-06,7.02259379748455e-05,0.949697388007835,2.34775293952153,0,0,0,1
5214,"PFKP",2.6698110085281,0.328516857231609,4.40548156056717e-16,6.71786988191376e-14,3.77523305749251,0.746915534747661,4.31675710051214e-07,1.85498800634572e-05,2.6698110085281,0.328516857231609,4.40548156056737e-16,6.59990087568109e-14,2.02592980003986,3.31369221701634,0,0,0,1
5228,"PGF",1.6452845825561,0.298017748787551,3.37535797460409e-08,1.11087320967546e-06,3.98811863711512,0.763526896271696,1.75776465264516e-07,8.46235324471998e-06,1.6452845825561,0.298017748787551,3.37535797460451e-08,1.09398922047098e-06,1.06118052817879,2.22938863693341,0,0,0,1
5230,"PGK1",1.41942597215808,0.251996881754542,1.77397109736252e-08,6.25860651419106e-07,1.61341753034088,0.709814659048018,0.023025431971019,0.149047205253885,1.41942597215808,0.251996881754542,1.77397109736266e-08,6.16454956333523e-07,0.925521159702779,1.91333078461338,0,0,0,1
5255,"PHKA1",1.35987187833529,0.372619645239799,0.00026276089368232,0.00259433849273107,0.532306028419443,0.801098099792958,0.506389244917005,0.846553061225778,1.35987187833529,0.372619645239799,0.000262760893682329,0.00256911176904919,0.629550793733192,2.09019296293739,0,0,0,1
5256,"PHKA2",0.938501059091088,0.253675016382396,0.0002159228792107,0.00220321605523246,2.00775215236383,0.74902088922411,0.00735117780408242,0.0653572354475424,0.938501059091088,0.253675016382396,0.000215922879210698,0.00218074021003584,0.441307163203984,1.43569495497819,0,0,0,1
5265,"SERPINA1",1.04285981471151,0.367226927806961,0.00451384412536252,0.0263496370805935,3.32505752673036,1.0282240314073,0.00122160517737202,0.0167810501373588,1.04285981471151,0.367226927806961,0.00451384412536239,0.0261426805593905,0.323108262056576,1.76261136736644,0,0,0,1
5271,"SERPINB8",0.958166867375484,0.325999489637208,0.00329095941908258,0.0203905765541712,1.79010703341361,1.01393318064991,0.0774784448746482,0.342430919688492,0.958166867375484,0.325999489637208,0.00329095941908261,0.0202242506141708,0.319219608708118,1.59711412604285,0,0,0,1
5272,"SERPINB9",1.14817924899248,0.323835207368748,0.00039177018515942,0.00360365551013941,0.514106931955248,0.842204226788247,0.541576838478416,0.862576706364566,1.14817924899248,0.323835207368748,0.000391770185159422,0.0035714924993269,0.513473905623674,1.78288459236129,0,0,0,1
5310,"PKD1",0.830030073157683,0.316774229754255,0.0087863377142351,0.0445100749597253,0.248377839247363,0.733262971885413,0.734813474784367,0.937989287411694,0.830030073157683,0.316774229754255,0.00878633771423507,0.0441191801343536,0.209163991608927,1.45089615470644,0,0,0,1
5315,"PKM",1.38473466893474,0.300902053390387,4.18563954152926e-06,7.72092971343381e-05,1.685621546114,0.753527439509135,0.0252880172211554,0.158595793523068,1.38473466893474,0.300902053390387,4.18563954152963e-06,7.62634837006001e-05,0.794977481415433,1.97449185645405,0,0,0,1
5341,"PLEK",1.29635617784787,0.401415415846849,0.0012402298806795,0.00934701531161201,2.91528721077598,0.855346906771986,0.00065366646186889,0.0100780094153273,1.29635617784787,0.401415415846849,0.00124022988067946,0.00926427672088708,0.509596419948877,2.08311593574686,0,0,0,1
5352,"PLOD2",1.60588063085296,0.311727800149292,2.5834549986502e-07,6.77922302131459e-06,4.31397593227987,0.776539715326821,2.77002892467325e-08,1.65206102308182e-06,1.60588063085296,0.311727800149292,2.58345499865015e-07,6.69860072053845e-06,0.994905369580448,2.21685589212547,0,0,0,1
5355,"PLP2",1.50188151905942,0.303898253265947,7.73038734741765e-07,1.75940026460962e-05,2.6085338785534,0.809387320473539,0.00126922025690321,0.017307455073589,1.50188151905942,0.303898253265947,7.73038734741727e-07,1.73714687675378e-05,0.906251887693532,2.09751115042531,0,0,0,1
5361,"PLXNA1",0.64300663917411,0.211084392724054,0.00231748648476677,0.0154169580789816,1.84812748510471,1.01006026077635,0.0672918150073646,0.313523360497198,0.64300663917411,0.211084392724054,0.00231748648476675,0.0152870206820499,0.229288831736456,1.05672444661176,0,0,0,1
5362,"PLXNA2",1.09185280861609,0.214061163855203,3.38474515030072e-07,8.65032447723036e-06,0.195534476729055,0.776629690370493,0.801216438765498,0.954107268121284,1.09185280861609,0.214061163855203,3.38474515030072e-07,8.5461645808061e-06,0.672300636971165,1.51140498026101,0,0,0,1
5371,"PML",0.988984590156655,0.244360924597554,5.18275590287379e-05,0.00066849757529172,2.05742528943173,0.747031342492559,0.00588474592490864,0.0554058746941258,0.988984590156655,0.244360924597554,5.18275590287373e-05,0.000661107831962597,0.510045978716541,1.46792320159677,0,0,0,1
5428,"POLG",1.11175129030236,0.262322482194313,2.25410265502934e-05,0.00032735772314944,0.806117497389715,0.743233611417461,0.278095085774533,0.686087964448019,1.11175129030236,0.262322482194313,2.25410265502912e-05,0.000324009233451574,0.597608672866357,1.62589390773836,0,0,0,1
5500,"PPP1CB",0.445224680737521,0.153725918691517,0.00377682817567541,0.0228844105443573,-0.163051512400354,0.722848533059241,0.821537416107401,0.958830212043637,0.445224680737521,0.153725918691517,0.00377682817567544,0.0227030647760285,0.143927416611815,0.746521944863227,0,0,0,1
5501,"PPP1CC",0.644974689380318,0.202049565616315,0.00141212727957144,0.0103470554110189,0.7717184211268,0.727712873953332,0.288930362693255,0.698324769018786,0.644974689380318,0.202049565616315,0.00141212727957141,0.0102529413626609,0.248964817680378,1.04098456108026,0,0,0,1
5507,"PPP1R3C",2.75107383630021,0.275077392063679,1.50728297204699e-23,6.26847015405239e-21,2.61853374969825,0.739736120668931,0.00040039790045971,0.00671869750733106,2.75107383630021,0.275077392063679,1.50728297204688e-23,6.15839282185094e-21,2.21193205489419,3.29021561770622,0,0,0,1
5551,"PRF1",1.9041917018779,0.497971548455053,0.0001313590311326,0.00145267634428994,2.33278672793554,0.957333500080554,0.0148197362966097,0.107750091364374,1.9041917018779,0.497971548455053,0.000131359031132597,0.00143876020857905,0.928185401580354,2.88019800217545,0,0,0,1
5583,"PRKCH",0.963737513328226,0.288832771092905,0.00084790805267002,0.00683944657377029,0.183782539806846,0.829972039221415,0.824755917763169,0.959819649902076,0.963737513328226,0.288832771092905,0.00084790805267002,0.00678310862625237,0.397635684431231,1.52983934222522,0,0,0,1
5585,"PKN1",0.816516780229902,0.303755646768472,0.00718660893445984,0.0381986913309554,0.758381227933101,0.788603211815437,0.336212097791261,0.730755456477082,0.816516780229902,0.303755646768472,0.00718660893445987,0.0378652005718337,0.221166652463027,1.41186690799678,0,0,0,1
5589,"PRKCSH",0.665076449526077,0.225252663618119,0.00315130674375187,0.0197338426320746,1.27391063156046,0.73227459479386,0.0819183026762616,0.353741003491747,0.665076449526077,0.225252663618119,0.00315130674375182,0.0195658272443545,0.223589341412848,1.10656355763931,0,0,0,1
5594,"MAPK1",0.567869963427111,0.182163809826379,0.00182479309476178,0.0126866567540581,-0.389481834345201,0.728928707383076,0.593119542888624,0.887601576807661,0.567869963427111,0.182163809826379,0.0018247930947618,0.0125785712150682,0.210835456880805,0.924904469973417,0,0,0,1
5601,"MAPK9",0.711093183392332,0.16186366504455,1.11714195730372e-05,0.00017765534440366,0.230534240691988,0.777975518154172,0.766981262221698,0.94604761044437,0.711093183392332,0.16186366504455,1.11714195730366e-05,0.000175757584717915,0.393846229499359,1.0283401372853,0,0,0,1
5696,"PSMB8",1.51140364967485,0.28810426340581,1.55411487883961e-07,4.30882274690805e-06,0.966077239587322,0.840879593360602,0.250601791066018,0.654137111373287,1.51140364967485,0.28810426340581,1.5541148788396e-07,4.24172690514055e-06,0.946729669607021,2.07607762974268,0,0,0,1
5698,"PSMB9",1.65407374654098,0.365507983202482,6.02783239125253e-06,0.00010591819313147,3.26823668940466,0.871949175134818,0.00017811082060738,0.00346685161737419,1.65407374654098,0.365507983202482,6.02783239125238e-06,0.000104727834340823,0.937691263402244,2.37045622967972,0,0,0,1
5699,"PSMB10",1.57099733194086,0.301909714506726,1.95534420271126e-07,5.34564618287037e-06,2.39897861503293,0.752659418363336,0.00143589759960971,0.0192210727527167,1.57099733194086,0.301909714506726,1.95534420271128e-07,5.27278117703125e-06,0.979265164924907,2.16272949895681,0,0,0,1
5713,"PSMD7",0.536328543548478,0.197795600265304,0.00669736441704996,0.0359744145830112,0.541419571974793,0.732867307858544,0.460047342006068,0.817943285028612,0.536328543548478,0.197795600265304,0.00669736441704995,0.0356637300296542,0.148656290728001,0.924000796368955,0,0,0,1
5724,"PTAFR",1.74695950800958,0.424492457451736,3.86495718287537e-05,0.0005174894866125,2.76994753594557,0.883298063902586,0.00171318923703651,0.0220686690418869,1.74695950800958,0.424492457451736,3.86495718287555e-05,0.000511898012737829,0.914969579695277,2.57894943632388,0,0,0,1
5738,"PTGFRN",1.40706041592835,0.347321682715745,5.09613888082238e-05,0.00066042880075926,3.9826079466995,0.741349503055905,7.78224336402614e-08,4.08848327704433e-06,1.40706041592835,0.347321682715745,5.09613888082259e-05,0.000653148674240789,0.726322426755642,2.08779840510106,0,0,0,1
5744,"PTHLH",2.88980157985161,0.698930132021302,3.55562202693438e-05,0.0004826642601152,8.43376198507338,1.16333816969496,4.17936370622651e-13,6.60773173138208e-11,2.88980157985161,0.698930132021302,3.55562202693431e-05,0.000477494539732622,1.51992369338003,4.25967946632319,0,0,0,1
5768,"QSOX1",1.23740268402075,0.352290381441204,0.00044399395508572,0.00400616241919557,2.88759715348413,0.745030699984007,0.00010627075259705,0.00226301339615511,1.23740268402075,0.352290381441204,0.000443993955085737,0.00396974170850198,0.546926224296112,1.92787914374539,0,0,0,1
5780,"PTPN9",0.885961367216791,0.297849968395233,0.00293445144714248,0.0186226337586317,-0.232630332708252,0.779759876995201,0.765446838159248,0.94604761044437,0.885961367216791,0.297849968395233,0.00293445144714248,0.0184663590649428,0.302186156365741,1.46973657806784,0,0,0,1
5782,"PTPN12",0.86896902173346,0.276148674544652,0.00165099777034087,0.0117522268673019,0.312841414104551,0.794770258598072,0.69385794787062,0.925716906267234,0.86896902173346,0.276148674544652,0.00165099777034087,0.0116485625000031,0.327727565247469,1.41021047821945,0,0,0,1
5788,"PTPRC",1.4336615117111,0.363429868758762,7.98635229475252e-05,0.00095811750778581,1.33919663400453,1.0377589950762,0.196887593801007,0.57716270500456,1.4336615117111,0.363429868758762,7.98635229475206e-05,0.000947915496744233,0.721352058037808,2.14597096538439,0,0,0,1
5791,"PTPRE",1.46826498419445,0.298996649826752,9.07794986423672e-07,2.02249649248027e-05,2.73816875198502,1.00218839725596,0.00629149167754921,0.0582536513945012,1.46826498419445,0.298996649826752,9.07794986423734e-07,1.99670469852385e-05,0.882242319035882,2.05428764935302,0,0,0,1
5796,"PTPRK",0.748721452523115,0.237887406704147,0.00164742164338965,0.0117450465630543,0.431573920390303,0.781883016949327,0.580970702435337,0.881768520387051,0.748721452523115,0.237887406704147,0.00164742164338966,0.01164160692758,0.282470703007355,1.21497220203888,0,0,0,1
5797,"PTPRM",1.68682538487966,0.433539216686423,9.99038138117145e-05,0.00115871433509294,0.772138824822894,0.794364776851742,0.331040364402121,0.730755456477082,1.68682538487966,0.433539216686423,9.99038138117107e-05,0.00114611074905704,0.837104134288565,2.53654663547076,0,0,0,1
5820,"PVT1",3.10758999908348,0.429903648814984,4.88094686961294e-13,4.43616654560053e-11,4.72832275023418,0.926520680018901,3.33762643935467e-07,1.49160750659053e-05,3.10758999908348,0.429903648814984,4.88094686961284e-13,4.35826534059536e-11,2.26499433058376,3.9501856675832,0,0,0,1
5836,"PYGL",1.67190121899622,0.365048668310274,4.65107991908235e-06,8.45668118184814e-05,2.28589950955522,0.742663648383068,0.00208412995104396,0.0256445916663331,1.67190121899622,0.365048668310274,4.65107991908243e-06,8.35242909803565e-05,0.956418976503775,2.38738346148866,0,0,0,1
5873,"RAB27A",1.11678547187163,0.269345213020677,3.3789425726957e-05,0.00046280047772131,0.651206434057069,0.847048256153128,0.442015038635923,0.807192028915871,1.11678547187163,0.269345213020677,3.3789425726956e-05,0.000457872188016631,0.588878554942834,1.64469238880043,0,0,0,1
5880,"RAC2",1.46663387729538,0.307065287843913,1.78555906757491e-06,3.70726363742785e-05,3.35698576402785,0.88845568230824,0.00015780724919235,0.00312242230131606,1.46663387729538,0.307065287843913,1.78555906757494e-06,3.66433682010851e-05,0.864796972218885,2.06847078237187,0,0,0,1
5898,"RALA",0.727792000852679,0.178117488191693,4.38831919904974e-05,0.00058020513186665,0.541064824843625,0.757121124882464,0.474834963023547,0.826644387773376,0.727792000852679,0.178117488191693,4.38831919904986e-05,0.00057388659321813,0.378688138980222,1.07689586272514,0,0,0,1
5901,"RAN",0.873413000018821,0.231260758640929,0.0001588910211416,0.00169962616847033,0.651784471410995,0.725955757515696,0.369276471955235,0.752243149811327,0.873413000018821,0.231260758640929,0.000158891021141608,0.00168289680915342,0.42015024204519,1.32667575799245,0,0,0,1
5912,"RAP2B",1.61350040115355,0.332506577881338,1.21892164392992e-06,2.66377080275385e-05,2.48640672513732,0.870621767227431,0.00429153349584117,0.0439343302509202,1.61350040115355,0.332506577881338,1.21892164392989e-06,2.62955528401707e-05,0.961799483883465,2.26520131842364,0,0,0,1
5917,"RARS1",0.569492995018687,0.204249654007909,0.00529985195505066,0.0299691669679091,1.1051567277976,0.75631126102188,0.143947971269413,0.48864169546366,0.569492995018687,0.204249654007909,0.00529985195505067,0.0297245856530566,0.169171029308418,0.969814960728956,0,0,0,1
5919,"RARRES2",1.18770880826599,0.438988669506759,0.00681899723954591,0.0364849583296406,2.54854572036383,0.741803326435225,0.00059122494182641,0.00930360450710698,1.18770880826599,0.438988669506759,0.00681899723954569,0.0361685837060561,0.327306826411586,2.04811079012039,0,0,0,1
5935,"RBM3",0.732583040415597,0.270224659632838,0.00670776405268903,0.036016179131105,1.20577297326565,0.758378287098272,0.111849222105041,0.424474889777713,0.732583040415597,0.270224659632838,0.0067077640526891,0.0357050069966076,0.20295243980064,1.26221364103055,0,0,0,1
5954,"RCN1",1.81251581320782,0.302615832601673,2.10494470984712e-09,9.02758162435682e-08,2.59095315865502,0.741008235099798,0.00047136189908401,0.00768439111551461,1.81251581320782,0.302615832601673,2.10494470984705e-09,8.8968556498018e-08,1.21939968015694,2.4056319462587,0,0,0,1
5971,"RELB",0.949446268787558,0.360433341426112,0.00843407838483744,0.0430469140116393,2.08951518501369,0.82013407558937,0.0108413091964247,0.0871830618152026,0.949446268787558,0.360433341426112,0.00843407838483747,0.0426718465676141,0.24300990076495,1.65588263681017,0,0,0,1
5982,"RFC2",1.32797698691307,0.480523465264209,0.00571667196169052,0.031840749189221,1.10250696556816,0.807295818470476,0.172039730877136,0.539220843420596,1.32797698691307,0.480523465264209,0.00571667196169055,0.0315763572550076,0.386168301268837,2.2697856725573,0,0,0,1
5984,"RFC4",0.84938093728385,0.300076436620453,0.00464682510540207,0.0269995883770271,1.70068858458259,0.838838390499161,0.042618156032882,0.230028237344628,0.84938093728385,0.300076436620453,0.00464682510540206,0.0267862945259239,0.261241928898646,1.43751994566905,0,0,0,1
5985,"RFC5",0.875683998360182,0.293974720531772,0.00289404970610865,0.01842449949213,0.222659937822389,0.902113167809394,0.805047217723158,0.955230039980785,0.875683998360182,0.293974720531772,0.00289404970610868,0.0182704410854154,0.299504133752681,1.45186386296768,0,0,0,1
5996,"RGS1",1.64540490764313,0.516609678169692,0.00144751023473987,0.0105443898415976,1.9335139740136,1.0784904161824,0.0730054499903849,0.330318125374962,1.64540490764313,0.516609678169692,0.00144751023473982,0.0104479552971076,0.632868544365706,2.65794127092055,0,0,0,1
6002,"RGS12",0.792326905723876,0.218381513615633,0.00028542894618838,0.00277873250901336,0.720665778177954,0.781542585193139,0.356472839742259,0.742097668961907,0.792326905723876,0.218381513615633,0.000285428946188372,0.00275336957045008,0.364307004147892,1.22034680729986,0,0,0,1
6039,"RNASE6",1.18926642680448,0.458317468689139,0.00946314017553124,0.0471576382603452,1.89576791161583,0.915813195694895,0.0384488069710667,0.213719255730715,1.18926642680448,0.458317468689139,0.00946314017553093,0.0467539461292355,0.290980694688204,2.08755215892076,0,0,0,1
6093,"ROCK1",0.612080854977332,0.21058299602352,0.00365378323098802,0.02224690375425,-0.699405474302408,0.779109992287433,0.369346581183736,0.75229452528661,0.612080854977332,0.21058299602352,0.00365378323098805,0.0220716663545752,0.199345767014691,1.02481594293997,0,0,0,1
6094,"ROM1",1.14055687946858,0.377059205618023,0.00248736090764809,0.0163589051902643,0.870337134778442,0.930127492848023,0.349418346486482,0.736893579096502,1.14055687946858,0.377059205618023,0.00248736090764811,0.0162192950850707,0.401534416417973,1.87957934251919,0,0,0,1
6102,"RP2",0.670259843513854,0.248531178787171,0.00699915762538368,0.0372973450597719,0.347380033828413,1.14661399220382,0.761919109807673,0.945340041578977,0.670259843513854,0.248531178787171,0.00699915762538367,0.0369724974368442,0.183147684055714,1.15737200297199,0,0,0,1
6132,"RPL8",0.795184326487772,0.299561976613953,0.00794283504339571,0.0411504220972302,1.36246641013167,0.724783185627898,0.0601317706650247,0.289916094526798,0.795184326487772,0.299561976613953,0.00794283504339575,0.0407818906664528,0.208053641186794,1.38231501178875,0,0,0,1
6134,"RPL10",0.786952507969932,0.244413966382916,0.00128301262394032,0.00957401962463529,2.25399412222365,0.72059424830228,0.001760206966771,0.0225875256938095,0.786952507969932,0.244413966382916,0.0012830126239403,0.00948840311688601,0.307909936540833,1.26599507939903,0,0,0,1
6137,"RPL13",0.902295509878072,0.292905058589024,0.00206649855673511,0.0140747524529194,1.53902153124701,0.718547970473299,0.0322056036547292,0.188718080996366,0.902295509878072,0.292905058589024,0.00206649855673507,0.0139592184571438,0.328212144153991,1.47637887560215,0,0,0,1
6139,"RPL17",1.03171237055926,0.295592485397494,0.00048244244547183,0.00428269089369693,0.526245310989922,0.744641977073741,0.479747231921883,0.82990475824423,1.03171237055926,0.295592485397494,0.000482442445471817,0.00424870770234913,0.45236174507949,1.61106299603903,0,0,0,1
6143,"RPL19",0.895099079308056,0.347954535713652,0.0100978662154288,0.0495647768027699,1.36289612662105,0.715000460011465,0.0566311100263208,0.279470192264755,0.895099079308056,0.347954535713652,0.0100978662154288,0.0491337171355564,0.213120721051942,1.57707743756417,0,0,0,1
6150,"MRPL23",1.03177501153182,0.255294848191182,5.31095979963739e-05,0.000682468279871,1.45808363087818,0.826710988998005,0.0777797586429696,0.342938956879118,1.03177501153182,0.255294848191182,5.31095979963749e-05,0.000674907360777685,0.531406303638483,1.53214371942516,0,0,0,1
6157,"RPL27A",1.04783132203467,0.224368153716451,3.00990401068407e-06,5.859279807465e-05,1.81945862909576,0.736622615213141,0.0135112657576167,0.100997012859901,1.04783132203467,0.224368153716451,3.00990401068426e-06,5.78923477547159e-05,0.608077821472679,1.48758482259666,0,0,0,1
6158,"RPL28",0.809460022594012,0.262076818806883,0.0020107731320048,0.013789765035104,2.59316525351288,0.710831218404194,0.00026421301520712,0.00477149345027613,0.809460022594012,0.262076818806883,0.00201077313200478,0.0136774158142428,0.295798896549692,1.32312114863833,0,0,0,1
6173,"RPL36A",0.985167617439206,0.246568280212459,6.45533767967716e-05,0.00080141274408957,2.18639271852109,0.719690006164415,0.00238181980151384,0.028289807266882,0.985167617439206,0.246568280212459,6.45533767967702e-05,0.000792354454845252,0.501902668492806,1.46843256638561,0,0,0,1
6175,"RPLP0",1.49230506861222,0.349496989455952,1.9559105402891e-05,0.00029019368924246,2.20420254195547,0.746201468309877,0.00313788357652528,0.0349652864753904,1.49230506861222,0.349496989455952,1.95591054028919e-05,0.000287271697328095,0.807303556573379,2.17730658065106,0,0,0,1
6187,"RPS2",1.09809379418153,0.208583797457475,1.4055528897771e-07,3.96094617234104e-06,2.65122266449589,0.709429905122338,0.00018614221035042,0.00358569804972734,1.09809379418153,0.208583797457475,1.405552889777e-07,3.89939703968381e-06,0.689277063406282,1.50691052495678,0,0,0,1
6188,"RPS3",0.855779143359822,0.271366217322225,0.00161272733465914,0.0115888919288363,1.71586925709507,0.709655966941117,0.0156108440634168,0.111613539103585,0.855779143359822,0.271366217322225,0.00161272733465917,0.011481515350648,0.323911130787392,1.38764715593225,0,0,0,1
6189,"RPS3A",0.649007252518054,0.223317154485335,0.0036583214343803,0.022264657811723,1.18603565466967,0.75621362668025,0.116790832852527,0.43582666839802,0.649007252518054,0.223317154485335,0.00365832143438033,0.0220891840124272,0.21131367259683,1.08670083243928,0,0,0,1
6193,"RPS5",0.935000971652544,0.322760690017009,0.00376886504635739,0.0228563428617803,2.08645593337543,0.755909943103699,0.00577675508648391,0.0548761830470115,0.935000971652544,0.322760690017009,0.00376886504635741,0.0226754160731981,0.30240164359391,1.56760029971118,0,0,0,1
6202,"RPS8",1.10270537369953,0.338505004023114,0.00112368635801741,0.00862198920566925,1.56105136007957,0.715728644299269,0.0291785404786832,0.176408066335588,1.10270537369953,0.338505004023114,0.00112368635801739,0.00854702363486772,0.439247757227641,1.76616299017142,0,0,0,1
6223,"RPS19",0.893483361801028,0.258500141751867,0.00054741501041844,0.00476695660087739,2.86739249735906,0.724611529592906,7.58510644774449e-05,0.00172014612933356,0.893483361801028,0.258500141751867,0.000547415010418455,0.00472824893367843,0.38683239396887,1.40013432963319,0,0,0,1
6236,"RRAD",1.87254790399646,0.570499636600844,0.00102965951867416,0.0080722192777369,3.05417966905115,0.791486563532452,0.00011395024963368,0.00239035065011898,1.87254790399646,0.570499636600844,0.00102965951867419,0.00800360124066067,0.754389163065617,2.9907066449273,0,0,0,1
6241,"RRM2",2.18617063101012,0.302508551942361,4.94485531221515e-13,4.46468383584478e-11,2.76083449730944,1.29966396312658,0.0336477444644377,0.194696243377066,2.18617063101012,0.302508551942361,4.94485531221531e-13,4.38628185359204e-11,1.59326476418773,2.77907649783251,0,0,0,1
6249,"CLIP1",0.626373520314112,0.213260650355667,0.00331268881050956,0.0204998868101364,-0.824840196236796,0.756215141607339,0.275383758229818,0.683061739010663,0.626373520314112,0.213260650355667,0.00331268881050961,0.0203416648358769,0.208390326297416,1.04435671433081,0,0,0,1
6281,"S100A10",1.72086761662987,0.250900259190971,6.9455094298792e-12,4.8632740518195e-10,2.51189077144987,0.716394878617446,0.00045439371240427,0.00746586688841493,1.72086761662987,0.250900259190971,6.94550942987877e-12,4.77787263484977e-10,1.2291121449038,2.21262308835594,0,0,0,1
6282,"S100A11",0.84124942685166,0.261553990986482,0.00129831956053578,0.00965229558439497,2.05864445263764,0.761607615932827,0.00687115709179481,0.062211627067201,0.84124942685166,0.261553990986482,0.0012983195605358,0.00956570635776186,0.328613024505441,1.35388582919788,0,0,0,1
6319,"SCD",3.65367231147336,0.416917012896219,1.8919906292648e-18,3.99471990708155e-16,2.29541746412644,0.731666841585777,0.00170544089888255,0.0220026820818881,3.65367231147336,0.416917012896219,1.89199062926483e-18,3.9245707160581e-16,2.83652998165475,4.47081464129197,0,0,0,1
6324,"SCN1B",1.31646550657614,0.398460991851461,0.00095358171921652,0.00756552672789901,2.23743168133368,0.849992901003781,0.00848102996843041,0.0726090088247761,1.31646550657614,0.398460991851461,0.000953581719216487,0.00750185382318049,0.535496313303168,2.09743469984911,0,0,0,1
6330,"SCN4B",1.62780176376662,0.51784550472273,0.00166990628814313,0.0118676535627741,0.935580987827005,0.811552919345959,0.248980959470088,0.651166026803872,1.62780176376662,0.51784550472273,0.00166990628814316,0.011762754390763,0.612843224954103,2.64276030257914,0,0,0,1
6352,"CCL5",2.0810476775326,0.491778964303241,2.31959662308914e-05,0.00033651315069001,2.1663297225454,0.851921984352195,0.0109945068018768,0.0880769309238306,2.0810476775326,0.491778964303241,2.31959662308909e-05,0.000333068384122579,1.11717861914384,3.04491673592136,0,0,0,1
6404,"SELPLG",1.45448868411948,0.429874028014506,0.00071562199182007,0.0059558497366517,2.66711807139878,0.795534343254485,0.00080052813375425,0.0119572647001671,1.45448868411948,0.429874028014506,0.000715621991820052,0.00590497632540377,0.611951071321886,2.29702629691707,0,0,0,1
6433,"SFSWAP",0.649555238796117,0.200926600958032,0.00122583941406528,0.00925889934982493,-0.0873748993210897,0.769086390976957,0.909547996328314,0.981463838160209,0.649555238796117,0.200926600958032,0.00122583941406525,0.00917711983333799,0.255746337382323,1.04336414020991,0,0,0,1
6452,"SH3BP2",1.06886612985567,0.338463384382754,0.00158857551158623,0.0114459307604465,0.817870462251805,0.726060873861631,0.259975564551426,0.664976471914611,1.06886612985567,0.338463384382754,0.00158857551158618,0.0113401803544749,0.405490086379936,1.7322421733314,0,0,0,1
6472,"SHMT2",1.97364427362574,0.32182343639183,8.64038923864373e-10,4.07493821000503e-08,0.925970865022784,0.722170995713308,0.199770935273922,0.581950478751201,1.97364427362574,0.32182343639183,8.64038923864349e-10,4.01718510705621e-08,1.34288192891684,2.60440661833464,0,0,0,1
6478,"SIAH2",0.729727301673679,0.255012326899978,0.00421591807007367,0.0250040015530212,0.759074444355284,0.81956482024091,0.354346168486118,0.740459780256714,0.729727301673679,0.255012326899978,0.00421591807007361,0.0248007082630028,0.229912325335967,1.22954227801139,0,0,0,1
6495,"SIX1",1.26311370827804,0.442843385918595,0.00434067314420355,0.0255890885872206,2.73334130516869,2.31369363447604,0.237453529586582,0.636208425634136,1.26311370827804,0.442843385918595,0.00434067314420364,0.0253905839493699,0.395156621085822,2.13107079547026,0,0,0,1
6507,"SLC1A3",1.40839533875652,0.42203411649626,0.00084639232257089,0.00683393397070576,1.28674415476256,1.10497273523932,0.244220195431613,0.64597327999908,1.40839533875652,0.42203411649626,0.000846392322570923,0.00677771710220456,0.581223670176669,2.23556700733637,0,0,0,1
6509,"SLC1A4",1.67765809483366,0.279642628671704,1.98178352027174e-09,8.57980978934048e-08,2.67109163847169,0.870497226154755,0.00215160399592166,0.0261674393088905,1.67765809483366,0.279642628671704,1.98178352027178e-09,8.45581873538747e-08,1.12956861409501,2.22574757557231,0,0,0,1
6513,"SLC2A1",2.67281446218578,0.350734351007589,2.52453158069759e-14,2.8398910994667e-12,2.47128886579408,0.792566060081259,0.00182029890084272,0.0230759374275515,2.67281446218578,0.350734351007589,2.52453158069747e-14,2.79002125430688e-12,1.98538776606988,3.36024115830168,0,0,0,1
6515,"SLC2A3",1.43049034533509,0.407834009707337,0.00045228601452121,0.00406494647235699,3.74379548357823,0.863459951633532,1.45226495044503e-05,0.00040631900341416,1.43049034533509,0.407834009707337,0.000452286014521195,0.00402785491003254,0.631150374638151,2.22983031603203,0,0,0,1
6541,"SLC7A1",1.46622927965972,0.38905549911644,0.00016410703406608,0.00174860631639977,1.87628275497783,0.79229941668556,0.0178773538590149,0.123447290203226,1.46622927965972,0.38905549911644,0.000164107034066076,0.00173134205032308,0.703694513404243,2.2287640459152,0,0,0,1
6566,"SLC16A1",1.67211259280877,0.339429757384842,8.38268436249824e-07,1.88906338572949e-05,0.273000431792245,0.881930475710858,0.756904173051939,0.943750988481321,1.67211259280877,0.339429757384842,8.38268436249766e-07,1.86507810659333e-05,1.00684249305331,2.33738269256423,0,0,0,1
6602,"SMARCD1",0.591070887076787,0.225675135484922,0.00881562129903025,0.0446165415341416,0.345174446484278,0.774686800689492,0.65591045091285,0.911343962256083,0.591070887076787,0.225675135484922,0.00881562129903023,0.044224420289564,0.148755749320143,1.03338602483343,0,0,0,1
6624,"FSCN1",1.13063832255969,0.311604548653478,0.00028513930319202,0.00277873250901336,3.29916893746372,0.774402273851818,2.04172829838613e-05,0.00054399562086889,1.13063832255969,0.311604548653478,0.000285139303192038,0.00275336957045008,0.519904629780014,1.74137201533937,0,0,0,1
6627,"SNRPA1",0.814487567315571,0.287034877114703,0.00454553956768991,0.0265008432569993,-0.137307587037237,0.808733127305123,0.865182303703598,0.971420109134194,0.814487567315571,0.287034877114703,0.0045455395676899,0.026292368078577,0.251909545863873,1.37706558876727,0,0,0,1
6646,"SOAT1",0.913093014911446,0.227399793476429,5.93540393983294e-05,0.0007473163639474,0.624574413409142,0.760523661873288,0.411508107767661,0.785820366255346,0.913093014911446,0.227399793476429,5.93540393983282e-05,0.000738938608686666,0.467397609605799,1.35878842021709,0,0,0,1
6655,"SOS2",0.773614897545382,0.226926599900899,0.00065178187598302,0.0055046489021483,-1.27791328780202,0.77748566538452,0.100248792311512,0.398885508623205,0.773614897545382,0.226926599900899,0.000651781875983009,0.00545836958626019,0.328846934605489,1.21838286048527,0,0,0,1
6667,"SP1",0.507756614274716,0.176913552661001,0.00410363814875809,0.0244820559187102,0.768796786497107,0.782349804927561,0.325766668620462,0.730755456477082,0.507756614274716,0.176913552661001,0.00410363814875811,0.0242843231955359,0.161012422682124,0.854500805867308,0,0,0,1
6672,"SP100",0.572825378596051,0.189778865669332,0.00254127169744429,0.0166518729678559,-0.0812281201140004,0.755503904531461,0.914380302308938,0.983007215754409,0.572825378596051,0.189778865669332,0.0025412716974443,0.0165091834101028,0.200865636857295,0.944785120334807,0,0,0,1
6676,"SPAG4",3.51359824890896,0.329814410344211,1.68365885434171e-26,1.10031114842789e-23,5.198949730587,0.741155248784562,2.30514026609679e-12,3.30186715551419e-10,3.51359824890896,0.329814410344211,1.68365885434145e-26,1.08098915871837e-23,2.86717388305199,4.16002261476593,0,0,0,1
6688,"SPI1",1.6747552335311,0.386657340551713,1.48185771681493e-05,0.00022824933002882,2.71041165224623,0.976421282735498,0.0055055412288108,0.0530444084776467,1.6747552335311,0.386657340551713,1.48185771681482e-05,0.000226016828006948,0.916920771691704,2.4325896953705,0,0,0,1
6731,"SRP72",0.570774438627756,0.172802316728957,0.00095639833950524,0.00756552672789901,-0.0562757087476764,0.748541017981965,0.94007107713546,0.988508428389922,0.570774438627756,0.172802316728957,0.000956398339505209,0.00750185382318049,0.232088121393917,0.909460755861595,0,0,0,1
6737,"TRIM21",0.971880614967515,0.338078921378328,0.00404392080818682,0.024193011844619,0.80858958360939,0.790157875436715,0.306153444104449,0.716996306560433,0.971880614967515,0.338078921378328,0.00404392080818687,0.0239983205355562,0.309258105133844,1.63450312480119,0,0,0,1
6742,"SSBP1",0.707187851312084,0.227405348708286,0.00187206542071038,0.0129758716332471,0.923734611954121,0.738405774353065,0.210939918332927,0.598264019519636,0.707187851312084,0.227405348708286,0.00187206542071039,0.0128649633371245,0.261481557952071,1.1528941446721,0,0,0,1
6749,"SSRP1",0.505002895888525,0.195256344636421,0.00969960025376787,0.0480394492539553,0.445722663843709,0.761588172400868,0.558376816963984,0.869283518392885,0.505002895888525,0.195256344636421,0.00969960025376794,0.0476255317631293,0.122307492648199,0.887698299128851,0,0,0,1
6790,"AURKA",1.15818724058308,0.286489267651641,5.28415075961518e-05,0.00068093600962402,1.32535040529504,1.10113665069635,0.22873637689238,0.623824198888875,1.15818724058308,0.286489267651641,5.28415075961524e-05,0.000673404581208812,0.596678594028608,1.71969588713755,0,0,0,1
6793,"STK10",0.782871506668657,0.265105679646725,0.00314646459112691,0.0197268524662521,1.56863756519137,0.779098845117634,0.0440725723017171,0.2351519386197,0.782871506668657,0.265105679646725,0.00314646459112693,0.0195591434219292,0.263273922464063,1.30246909087325,0,0,0,1
6810,"STX4",0.819141985969792,0.307566026960742,0.00773773577975944,0.0403928055691969,0.833914936767408,0.74504744658647,0.263021718131943,0.66906702768196,0.819141985969792,0.307566026960742,0.00773773577975939,0.0400337265995763,0.216323650258663,1.42196032168092,0,0,0,1
6872,"TAF1",0.64936889034271,0.252035578022566,0.00998070948683074,0.0491479214199014,-0.481311051722466,0.807396313801792,0.551090132230473,0.866562543945714,0.64936889034271,0.252035578022566,0.00998070948683069,0.0487219065933882,0.155388234595746,1.14334954608967,0,0,0,1
6883,"TAF12",0.615224952615451,0.231059218815543,0.00775328688595955,0.0404315776842191,0.368492702568886,0.798217459534619,0.64433627490759,0.909111416755431,0.615224952615451,0.231059218815543,0.00775328688595946,0.0400717509297559,0.162357205441027,1.06809269978987,0,0,0,1
6890,"TAP1",1.52590232487722,0.392625433297189,0.00010173877884771,0.0011733302528622,1.78967819868914,1.16941213177144,0.125915660660754,0.453323427929878,1.52590232487722,0.392625433297189,0.000101738778847709,0.00116052788088296,0.756370616200296,2.29543403355414,0,0,0,1
6892,"TAPBP",1.2550506627709,0.472065326825467,0.00784572879379843,0.0408013573194731,3.5215827336798,0.833558412999004,2.39197473925585e-05,0.00062221503449562,1.2550506627709,0.472065326825467,0.00784572879379862,0.0404372940851631,0.329819623842855,2.18028170169895,0,0,0,1
6913,"TBX15",1.03421589012655,0.329998817725704,0.00172441576553685,0.0121500867716788,5.21153672351326,1.76950874782125,0.00322758015261529,0.0357036407773463,1.03421589012655,0.329998817725704,0.00172441576553692,0.0120418131318929,0.387430092443372,1.68100168780973,0,0,0,1
6916,"TBXAS1",1.52367608099384,0.289597645894807,1.429974780788e-07,4.01786808513342e-06,1.7749380230546,0.789211527887441,0.0245123915267933,0.155154831767878,1.52367608099384,0.289597645894807,1.42997478078791e-07,3.95536814063236e-06,0.956075125032435,2.09127703695525,0,0,0,1
6920,"TCEA3",0.75992086662408,0.269804019961062,0.0048540047678331,0.0279079855189533,-0.379998797434021,0.808289163338753,0.638264074736016,0.906463320577473,0.75992086662408,0.269804019961062,0.00485400476783316,0.0276846642490247,0.231114704616273,1.28872702863189,0,0,0,1
6925,"TCF4",0.659386396827956,0.23818595873934,0.00563377944040857,0.0314812658958335,1.20021996056747,0.772654162476592,0.120334096951151,0.442448251602532,0.659386396827956,0.23818595873934,0.00563377944040859,0.0312208171783925,0.192550496075706,1.12622229758021,0,0,0,1
6932,"TCF7",1.42319475467842,0.448175593503046,0.00149563386832497,0.0108546161866166,1.23716098277631,1.57882261172973,0.433276497458127,0.802617532983392,1.42319475467842,0.448175593503046,0.001495633868325,0.0107550034382005,0.544786732662586,2.30160277669425,0,0,0,1
6935,"ZEB1",0.727393702266601,0.237187052690727,0.00216398822056608,0.0146118817719754,0.669539086296939,0.786780182916352,0.394777012900481,0.772282143397385,0.727393702266601,0.237187052690727,0.00216398822056613,0.0144906501996021,0.262515621393572,1.19227178313963,0,0,0,1
6996,"TDG",0.911279450365333,0.289534004321434,0.00164729198090803,0.0117450465630543,0.551668980906443,0.833318949294115,0.507962118667533,0.847082792750304,0.911279450365333,0.289534004321434,0.00164729198090801,0.01164160692758,0.343803229595658,1.47875567113501,0,0,0,1
7004,"TEAD4",2.03795032388502,0.503245764435544,5.1302517163603e-05,0.00066422240146536,2.01186522577608,0.837398662648702,0.0162826403463241,0.115171372420685,2.03795032388502,0.503245764435544,5.13025171636022e-05,0.000656896333254367,1.05160675021903,3.02429389755101,0,0,0,1
7039,"TGFA",1.66185558897908,0.390794225697794,2.11389619371302e-05,0.00030994777096706,2.39632534752221,0.83610853275188,0.00415634110815239,0.0429710799700962,1.66185558897908,0.390794225697794,2.11389619371309e-05,0.000306799379761395,0.895912981245187,2.42779819671297,0,0,0,1
7040,"TGFB1",1.14215157017651,0.32922430305608,0.0005219716385606,0.00459495751610378,3.10415994124322,0.8120033473483,0.00013192268572614,0.00268087779968234,1.14215157017651,0.32922430305608,0.000521971638560608,0.00455812409502116,0.496883793351293,1.78741934700173,0,0,0,1
7043,"TGFB3",1.1460603718142,0.339726788019587,0.00074225353415228,0.00614692548501387,1.87814449694195,0.940680500930461,0.0458707553328178,0.242415097320402,1.1460603718142,0.339726788019587,0.000742253534152247,0.00609408274091284,0.480208102712336,1.81191264091606,0,0,0,1
7045,"TGFBI",1.97876679307852,0.487088819424923,4.85634192037879e-05,0.00063416624272566,7.87551431594744,1.224353620409,1.25616760985103e-10,1.25310196270794e-08,1.97876679307852,0.487088819424923,4.85634192037901e-05,0.000627207384458247,1.02409024973354,2.9334433364235,0,0,0,1
7052,"TGM2",1.22939723210488,0.408810835907013,0.0026362106792591,0.0171466139157118,3.15834811672331,0.9074556639827,0.00050058449692077,0.00806663036913003,1.22939723210488,0.408810835907013,0.00263621067925921,0.0169985789519139,0.428142717237421,2.03065174697234,0,0,0,1
7058,"THBS2",1.75090937008546,0.481117532291313,0.00027342797210135,0.00268229127170765,5.47214487759642,0.860562813609575,2.03338932227517e-10,1.96980182959593e-08,1.75090937008546,0.481117532291313,0.000273427972101367,0.00265607301717776,0.8079363344637,2.69388240570722,0,0,0,1
7076,"TIMP1",1.60402075957846,0.357916395453228,7.41023449716515e-06,0.00012649012218792,4.45579704746639,0.722328934432654,6.8873885599393e-10,5.60319149883605e-08,1.60402075957846,0.357916395453228,7.41023449716481e-06,0.000125046547841393,0.902517515013738,2.30552400414318,0,0,0,1
7088,"TLE1",1.07619987967636,0.415685409788945,0.00962615812103736,0.0478483861112339,0.912678973797332,0.899754449415926,0.310408856325288,0.721717816752983,1.07619987967636,0.415685409788945,0.00962615812103717,0.04743767907381,0.261471447591254,1.89092831176147,0,0,0,1
7097,"TLR2",0.985736956526809,0.358899249268797,0.00602245677386817,0.0331537090912823,1.16551336158753,0.911135387334004,0.200830896215123,0.583164335306601,0.985736956526809,0.358899249268797,0.00602245677386821,0.0328748116121721,0.282307353881504,1.68916655917211,0,0,0,1
7098,"TLR3",1.56020215276163,0.356374770120936,1.19783511939344e-05,0.00018873810767572,1.98596122712932,0.766533376104809,0.00957434833538646,0.0795126381331723,1.56020215276163,0.356374770120936,1.19783511939348e-05,0.000186709952772049,0.861720438325855,2.25868386719741,0,0,0,1
7099,"TLR4",0.872529449269862,0.264148537370337,0.00095595929385759,0.00756552672789901,0.903815085651627,0.889514302564539,0.309592687658464,0.720319846240205,0.872529449269862,0.264148537370337,0.000955959293857596,0.00750185382318049,0.354807829455069,1.39025106908466,0,0,0,1
7114,"TMSB4X",0.986492767531058,0.211896931389786,3.23146521904848e-06,6.23750051564294e-05,1.92847060907701,0.729402251378834,0.00819555385797759,0.0706892882685777,0.986492767531058,0.211896931389786,3.23146521904867e-06,6.16263727700612e-05,0.571182413572523,1.40180312148959,0,0,0,1
7128,"TNFAIP3",0.810217078108452,0.236365425420421,0.00060845874043957,0.00519603149013318,0.928775409133582,1.09487287444842,0.396273587508741,0.773611966653356,0.810217078108452,0.236365425420421,0.000608458740439559,0.0051528543648041,0.346949357093939,1.27348479912297,0,0,0,1
7130,"TNFAIP6",2.94378683247317,0.54274416274103,5.83144565245576e-08,1.77846133631784e-06,6.61263122132485,1.69382116927458,9.46265477965743e-05,0.00204912747916481,2.94378683247317,0.54274416274103,5.83144565245559e-08,1.75112208757369e-06,1.88002782068141,4.00754584426493,0,0,0,1
7153,"TOP2A",2.15613222010709,0.386372590337585,2.39899613855488e-08,8.27231733807215e-07,6.09741265792209,0.959404561797854,2.07866759469216e-10,1.99065086968263e-08,2.15613222010709,0.386372590337585,2.39899613855474e-08,8.14752265393794e-07,1.39885585843197,2.9134085817822,0,0,0,1
7167,"TPI1",1.36136194622532,0.277082959291243,8.9605173488718e-07,2.00610342733959e-05,1.74080952247107,0.751437112792659,0.0205233324057586,0.136868494941547,1.36136194622532,0.277082959291243,8.96051734887176e-07,1.98056812155472e-05,0.818289325284706,1.90443456716593,0,0,0,1
7168,"TPM1",0.849040433021936,0.279915757934886,0.00241975297512977,0.0159865628108175,1.73327969880168,0.718098304132168,0.0157911071842041,0.112614112893649,0.849040433021936,0.279915757934886,0.00241975297512978,0.0158507610881933,0.300415628764328,1.39766523727954,0,0,0,1
7188,"TRAF5",0.758696841765333,0.220605682022653,0.00058353588553298,0.00503359301889046,0.881634093462399,0.799898118444608,0.270382128953053,0.676549861712145,0.758696841765333,0.220605682022653,0.000583535885532988,0.00499226798517848,0.326317650216038,1.19107603331463,0,0,0,1
7226,"TRPM2",1.55013636688607,0.417110710608162,0.00020210816998218,0.00208708241146388,4.49927623116068,0.899190384777505,5.6241134084034e-07,2.34638840716915e-05,1.55013636688607,0.417110710608162,0.000202108169982178,0.00206597760111426,0.732614396528163,2.36765833724398,0,0,0,1
7289,"TULP3",0.716027243093133,0.275734003433665,0.00940955201721957,0.0469758791867302,1.04529327145098,0.80893552699698,0.196293548365226,0.576378568566164,0.716027243093133,0.275734003433665,0.00940955201721968,0.0465745190338373,0.175598527050106,1.25645595913616,0,0,0,1
7293,"TNFRSF4",2.20405757869807,0.542547035534761,4.85651939015355e-05,0.00063416624272566,5.09667122360569,0.85600402157867,2.61623300647596e-09,1.88989004118667e-07,2.20405757869807,0.542547035534761,4.8565193901536e-05,0.000627207384458247,1.14068492913097,3.26743022826517,0,0,0,1
7298,"TYMS",2.05273504785415,0.314549794347591,6.75735556379174e-11,3.91299357626489e-09,0.934565774857301,0.806190570072169,0.246359675928711,0.648178621630084,2.05273504785415,0.314549794347591,6.75735556379179e-11,3.86056885875444e-09,1.43622877958839,2.66924131611991,0,0,0,1
7305,"TYROBP",2.15226160145129,0.43772261762697,8.79015797090714e-07,1.97117856197271e-05,3.83336768577061,0.766129072187395,5.62830801170712e-07,2.34638840716915e-05,2.15226160145129,0.43772261762697,8.79015797090747e-07,1.94610344699089e-05,1.29434103568383,3.01018216721875,0,0,0,1
7316,"UBC",1.22734130607729,0.411208500271001,0.00283840105822415,0.0181266710670397,0.782430306706615,0.745047605955862,0.293637700189207,0.703010602495845,1.22734130607729,0.411208500271001,0.00283840105822411,0.0179756512297021,0.421387455409399,2.03329515674518,0,0,0,1
7322,"UBE2D2",0.726816412267896,0.230153939403553,0.00158878592965977,0.0114459307604465,1.35676963071691,0.740152706199195,0.0667885639417313,0.31192915702845,0.726816412267896,0.230153939403553,0.00158878592965979,0.0113401803544749,0.275722980136918,1.17790984439887,0,0,0,1
7329,"UBE2I",0.528946970376279,0.187461169077473,0.00477795431020304,0.0276211646812243,0.624284994871176,0.731020815624852,0.393110129583485,0.770940990389203,0.528946970376279,0.187461169077473,0.00477795431020298,0.0274015984536226,0.161529830484658,0.8963641102679,0,0,0,1
7357,"UGCG",0.802486733409772,0.222977938715422,0.0003195030584584,0.00305565155002309,1.4389380540709,0.798952463148687,0.0716980136376723,0.325898294156157,0.802486733409772,0.222977938715422,0.000319503058458396,0.00302730831847825,0.365458004180566,1.23951546263898,0,0,0,1
7378,"UPP1",1.61406142867993,0.389232373107845,3.37182221108544e-05,0.00046228659365571,1.77277300170059,0.809314193699075,0.0284906569957665,0.173375061943373,1.61406142867993,0.389232373107845,3.37182221108558e-05,0.000457366990664657,0.851179995771497,2.37694286158836,0,0,0,1
7409,"VAV1",1.24813077887862,0.344729189197847,0.00029390652825467,0.00284655835833954,2.70126666720544,0.977264897663264,0.0057078474489293,0.0543819302993781,1.24813077887862,0.344729189197847,0.00029390652825467,0.0028204567405393,0.572473983631146,1.92378757412609,0,0,0,1
7422,"VEGFA",3.45831026963346,0.394908521120696,2.00082260892238e-18,4.16049840679557e-16,2.51757522761679,0.713412251415201,0.00041725821921149,0.00694422094912158,3.45831026963346,0.394908521120696,2.00082260892241e-18,4.08743806607589e-16,2.68430379104892,4.232316748218,0,0,0,1
7423,"VEGFB",1.06119180869056,0.334592053922731,0.00151602208043118,0.0109909598689052,0.193711800200604,0.780492838166427,0.80398613168358,0.954993520510675,1.06119180869056,0.334592053922731,0.0015160220804312,0.0108899977146797,0.405403433488724,1.7169801838924,0,0,0,1
7424,"VEGFC",1.97038295619165,0.290220560617984,1.12709855198843e-11,7.50888375120834e-10,1.62205294971463,1.19980766667333,0.17639851713612,0.546141280008171,1.97038295619165,0.290220560617984,1.12709855198843e-11,7.37702416333013e-10,1.40156110980738,2.53920480257592,0,0,0,1
7431,"VIM",2.13720280588157,0.385924484341448,3.06157972885314e-08,1.03143377673259e-06,4.63525073516429,0.803638446451997,8.02982728794074e-09,5.34015379042059e-07,2.13720280588157,0.385924484341448,3.06157972885313e-08,1.01580493724665e-06,1.38080471582014,2.893600895943,0,0,0,1
7436,"VLDLR",1.0469033651896,0.228469306885275,4.60000606761886e-06,8.38386232031888e-05,0.614508653946967,0.763193851531865,0.420715643174094,0.793202099668652,1.0469033651896,0.228469306885275,4.6000060676189e-06,8.28062507472705e-05,0.599111752121632,1.49469497825757,0,0,0,1
7450,"VWF",3.80011475394436,0.502049361726256,3.75513931664451e-14,4.02621343606479e-12,4.96901981919219,0.781659547490517,2.05714736639218e-10,1.98136394904405e-08,3.80011475394436,0.502049361726256,3.75513931664472e-14,3.95551120361881e-12,2.81611608649958,4.78411342138914,0,0,0,1
7456,"WIPF1",0.951445750238215,0.292831290688757,0.00115760204072567,0.00882171421797072,0.682647835968892,0.758658964675037,0.36822213437844,0.751008245107494,0.951445750238215,0.292831290688757,0.00115760204072567,0.00874448630808159,0.377506966941872,1.52538453353456,0,0,0,1
7458,"EIF4H",0.547075932852265,0.193586995097368,0.00471339597596723,0.0272824320430933,0.356825681336411,0.766939763187465,0.64174594153522,0.907979758057303,0.547075932852265,0.193586995097368,0.00471339597596718,0.0270658935025407,0.167652394586092,0.926499471118438,0,0,0,1
7462,"LAT2",1.3131626697179,0.320341595853208,4.14477803233117e-05,0.00055065763519567,2.32853019446855,0.916719494317562,0.0110830799799102,0.0885325726326571,1.3131626697179,0.320341595853208,4.1447780323312e-05,0.000544678773975844,0.685304679095527,1.94102066034027,0,0,0,1
7468,"NSD2",0.635260150827802,0.17836435383151,0.00036862002127602,0.00342282893910161,-0.33688761456675,0.780358530353551,0.665953098838201,0.914871282352901,0.635260150827802,0.17836435383151,0.000368620021276033,0.00339256228454932,0.285672441192284,0.98484786046332,0,0,0,1
7511,"XPNPEP1",0.807509692097258,0.269355394325494,0.0027181654025923,0.017546614292181,0.587138303183219,0.741597095600869,0.42852313169931,0.799289834629799,0.807509692097258,0.269355394325494,0.0027181654025923,0.0173939364609169,0.279582820177705,1.33543656401681,0,0,0,1
7533,"YWHAH",1.1465545979073,0.218945208925878,1.63456010719008e-07,4.513622316112e-06,1.28493996317034,0.735591470617918,0.0806699649185784,0.350608234577073,1.1465545979073,0.218945208925878,1.63456010719002e-07,4.44330119460546e-06,0.717429873824981,1.57567932198962,0,0,0,1
7570,"ZNF22",0.66591169642057,0.258599675228322,0.0100220439409124,0.0492807569739869,0.163287012277776,0.776911945822132,0.833531548903093,0.9624264060445,0.66591169642057,0.258599675228322,0.0100220439409122,0.0488529569926599,0.159065646559304,1.17275774628184,0,0,0,1
7690,"ZNF131",0.6201931656721,0.210488216809128,0.00321443596335702,0.0200158435395244,0.239456917213014,0.852286151659036,0.778742339777634,0.948309538881785,0.6201931656721,0.210488216809128,0.00321443596335699,0.0198535227182512,0.207643841556151,1.03274248978805,0,0,0,1
7775,"ZNF232",1.33486761573488,0.454023062083966,0.00328119371698625,0.0203392513874974,0.794235039354977,0.905295344062096,0.380312055438417,0.76066949959332,1.33486761573488,0.454023062083966,0.00328119371698639,0.0201734313206236,0.444998765899714,2.22473646557005,0,0,0,1
7791,"ZYX",0.94799269015454,0.259409714001922,0.00025776152770612,0.00255601098716684,2.16361702581129,0.793725669816423,0.00641263689243681,0.0590487393816198,0.94799269015454,0.259409714001922,0.000257761527706125,0.00253124448511412,0.439558993470937,1.45642638683814,0,0,0,1
7805,"LAPTM5",2.02981824049751,0.368150636929204,3.51660030220817e-08,1.15183347368747e-06,3.60424344218357,0.728623683517311,7.55030960791431e-07,3.04905153539846e-05,2.02981824049751,0.368150636929204,3.51660030220806e-08,1.13431392044668e-06,1.30825625123079,2.75138022976423,0,0,0,1
7837,"PXDN",1.62674552787007,0.308346933629828,1.32251199611978e-07,3.77342092198501e-06,3.45610882457564,0.838921170585594,3.79355652682445e-05,0.00093632126410973,1.62674552787007,0.308346933629828,1.32251199611987e-07,3.71488109243422e-06,1.02239664321224,2.2310944125279,0,0,0,1
7846,"TUBA1A",1.25458196192702,0.444929607367359,0.00480638703625671,0.0277038453110403,2.45802852213975,0.739558662271373,0.00088850050199338,0.013061736765708,1.25458196192702,0.444929607367359,0.00480638703625671,0.0274828313867045,0.382535955831449,2.12662796802259,0,0,0,1
7851,"MALL",1.42301992607761,0.316761077262265,7.04224181931539e-06,0.00012096085948471,2.12991223483801,0.935246692520895,0.0227635355702304,0.147808637203213,1.42301992607761,0.316761077262265,7.04224181931571e-06,0.000119585071095508,0.802179622939461,2.04386022921576,0,0,0,1
7852,"CXCR4",2.15250687777114,0.393361176265227,4.44764471165997e-08,1.40643953969635e-06,3.02130268200215,0.76439591623109,7.73271621444399e-05,0.00174888786825731,2.15250687777114,0.393361176265227,4.4476447116599e-08,1.38493287869077e-06,1.38153313937498,2.9234806161673,0,0,0,1
7873,"MANF",1.04498118919343,0.275410022829048,0.00014807586748445,0.00160398869955411,0.434985191214617,0.735862127787966,0.55443786209629,0.867002021846632,1.04498118919343,0.275410022829048,0.000148075867484461,0.00158833834793422,0.505187463467142,1.58477491491972,0,0,0,1
7903,"ST8SIA4",2.30400394663597,0.269755631581217,1.32975172377346e-17,2.4332683542756e-15,3.50814454745119,0.868352892333802,5.34515000016434e-05,0.00127424422265653,2.30400394663597,0.269755631581217,1.32975172377318e-17,2.3905389988845e-15,1.77529262410993,2.83271526916201,0,0,0,1
7979,"SEM1",0.963559165458709,0.26000793822256,0.00021065499873947,0.00215748447962727,1.45569560552983,0.713657319957328,0.0413734047470047,0.224976278440964,0.963559165458709,0.26000793822256,0.000210654998739479,0.0021355348481236,0.453952970847976,1.47316536006944,0,0,0,1
8082,"SSPN",1.46116980738802,0.397150411661312,0.00023402676704396,0.00235467987603477,3.07148057402417,0.755285213115776,4.76938010267828e-05,0.00114512952923761,1.46116980738802,0.397150411661312,0.000234026767043979,0.00233213813751218,0.682769304086592,2.23957031068945,0,0,0,1
8187,"ZNF239",0.95347347637506,0.348128074546665,0.00616529342794718,0.033696729193607,1.07657937879915,1.0631552764205,0.311238519733355,0.722844561004892,0.95347347637506,0.348128074546665,0.00616529342794725,0.0334110334762913,0.271154988256321,1.6357919644938,0,0,0,1
8291,"DYSF",1.48415523100455,0.376118798070829,7.94760327783828e-05,0.00095609786991782,1.55778277835468,0.755648395855926,0.0392536469408845,0.216755146320357,1.48415523100455,0.376118798070829,7.94760327783869e-05,0.000945940696778814,0.746975932877232,2.22133452913187,0,0,0,1
8312,"AXIN1",0.782024523804429,0.274694013789322,0.00441481688928615,0.0259148618428414,0.527410924185636,0.786207177719835,0.502329187697473,0.843947039031238,0.782024523804429,0.274694013789322,0.0044148168892862,0.025712732664469,0.243634150008609,1.32041489760025,0,0,0,1
8404,"SPARCL1",1.63794600814955,0.343025917866901,1.7971441256516e-06,3.72568066169827e-05,-0.464415810369148,0.720925496835343,0.519449703346667,0.852468010514686,1.63794600814955,0.343025917866901,1.79714412565163e-06,3.68250672434057e-05,0.965627563366629,2.31026445293247,0,0,0,1
8411,"EEA1",0.722610562097717,0.266590713146265,0.00671693613427923,0.0360513224508597,0.803419215148011,0.835589110503906,0.336300653831637,0.730755456477082,0.722610562097717,0.266590713146265,0.00671693613427916,0.0357397197705154,0.200102365718189,1.24511875847725,0,0,0,1
8445,"DYRK2",1.04917653863007,0.29231134476496,0.00033163920332298,0.00315413473763317,1.57167324529971,0.811059065521005,0.05264717812232,0.266547052186767,1.04917653863007,0.29231134476496,0.00033163920332299,0.00312473192061766,0.476256830618277,1.62209624664186,0,0,0,1
8448,"DOC2A",2.21608856654271,0.593270882099923,0.00018743648824873,0.00195916097846585,1.21258281717504,0.926138551854042,0.190436547890761,0.567145703380154,2.21608856654271,0.593270882099923,0.000187436488248739,0.00193952891101899,1.05329900455055,3.37887812853487,0,0,0,1
8473,"OGT",0.731274674373862,0.252932547480404,0.00383792667436561,0.0231638595212937,0.506461909512319,0.733973073434684,0.490176632811944,0.835644786682279,0.731274674373862,0.252932547480404,0.00383792667436565,0.0229794072409362,0.235535990794303,1.22701335795342,0,0,0,1
8477,"GPR65",1.0352665053006,0.402820549187803,0.010168562086919,0.0498226869264109,2.98262682306392,1.18699743540947,0.0119794474466829,0.0936397200368279,1.0352665053006,0.402820549187803,0.0101685620869192,0.0493885888393126,0.245752736659861,1.82478027394134,0,0,0,1
8490,"RGS5",2.6427969799715,0.346888366160745,2.56480300513187e-14,2.8617362961325e-12,1.58166480255193,0.737774447589426,0.0320463141358608,0.188047681583645,2.6427969799715,0.346888366160745,2.56480300513176e-14,2.81148283887736e-12,1.9629082756405,3.3226856843025,0,0,0,1
8497,"PPFIA4",1.94852003470899,0.435533499640684,7.6816639442819e-06,0.00012983147287109,1.97177981351795,0.788851689328283,0.012434867037233,0.0960349938603629,1.94852003470899,0.435533499640684,7.68166394428231e-06,0.000128341852491646,1.09489006135256,2.80215000806542,0,0,0,1
8503,"PIK3R3",1.30068985837578,0.295898830561712,1.10403685261767e-05,0.00017597911457984,-0.138798352532833,0.801506264255284,0.862516320386516,0.970649409975666,1.30068985837578,0.295898830561712,1.10403685261769e-05,0.000174102092208705,0.720738807407304,1.88064090934426,0,0,0,1
8526,"DGKE",0.823019109986538,0.242248878073619,0.00068026602287065,0.00571007394365557,-0.943974327755908,0.928434833808237,0.309278415675771,0.719888467820868,0.823019109986538,0.242248878073619,0.00068026602287064,0.00566174492985484,0.34822003366701,1.29781818630607,0,0,0,1
8531,"YBX3",1.33777541890774,0.287657363535323,3.30992562178984e-06,6.36116802628172e-05,1.36854573392004,0.846939163653781,0.106121874707439,0.41130816332608,1.33777541890774,0.287657363535323,3.30992562179001e-06,6.28462159735822e-05,0.773977346490762,1.90157349132472,0,0,0,1
8538,"BARX2",3.57243778023251,0.484310010499961,1.62693953906535e-13,1.56140686951978e-11,0.903831048828043,0.897579293445254,0.313951531976614,0.725271921639874,3.57243778023251,0.484310010499961,1.62693953906532e-13,1.53398781854669e-11,2.62320760230037,4.52166795816465,0,0,0,1
8542,"APOL1",1.82007937139271,0.432345743057022,2.55622327894438e-05,0.00036353998217857,5.26317600890824,0.934884534280155,1.80460043146215e-08,1.13114045267252e-06,1.82007937139271,0.432345743057022,2.55622327894429e-05,0.000359765746033465,0.972697286131739,2.66746145665368,0,0,0,1
8560,"DEGS1",0.946847757799966,0.297041968473332,0.00143464221281638,0.0104673204299267,0.723867796228419,0.859329818366836,0.399584697682734,0.77671759954463,0.946847757799966,0.297041968473332,0.00143464221281637,0.0103717324157657,0.364656197695353,1.52903931790458,0,0,0,1
8578,"SCARF1",0.95673117757262,0.340736381013908,0.00498759373778913,0.0285207235239242,0.685983762910408,0.951586919836019,0.470980902136555,0.825107723736685,0.95673117757262,0.340736381013908,0.00498759373778918,0.0282910081475017,0.288900142562843,1.6245622125824,0,0,0,1
8609,"KLF7",0.682536013152506,0.257047970902777,0.00792410706385539,0.0410896045625697,-1.74354777652697,0.785404911807564,0.0264231868333013,0.163870318367812,0.682536013152506,0.257047970902777,0.00792410706385537,0.0407218872827999,0.178731247883963,1.18634077842105,0,0,0,1
8611,"PLPP1",0.738850083896141,0.240889031392835,0.00216088496748509,0.0146016668113074,-0.612711303487397,0.74242421284966,0.409210006861957,0.784303580169206,0.738850083896141,0.240889031392835,0.0021608849674851,0.0144807216782314,0.266716258095446,1.21098390969684,0,0,0,1
8614,"STC2",2.74444475026481,0.435258121958371,2.8758623201552e-10,1.49501266976553e-08,3.80889655012433,0.73658738342275,2.32839169899044e-07,1.07497290587826e-05,2.74444475026481,0.435258121958371,2.87586232015517e-10,1.47434416968259e-08,1.89135450724786,3.59753499328176,0,0,0,1
8635,"RNASET2",1.54744433516926,0.465429663537351,0.00088493035966915,0.00710226307496905,4.8289829471067,0.733968873763955,4.72748198088933e-11,5.17829219070094e-09,1.54744433516926,0.465429663537351,0.000884930359669133,0.00704344754327246,0.635218957299457,2.45966971303906,0,0,0,1
8643,"PTCH2",1.35245510676772,0.474044303337892,0.00433066927109702,0.025563055946897,2.91545995789617,1.18798458935973,0.0141228779702596,0.104174873196998,1.35245510676772,0.474044303337892,0.00433066927109714,0.025365079835883,0.423345345149071,2.28156486838637,0,0,0,1
8662,"EIF3B",0.960271576723398,0.280476458597004,0.0006177127084584,0.00526225276901498,1.19168729060977,0.735718721534407,0.105283977897952,0.409595227118801,0.960271576723398,0.280476458597004,0.000617712708458417,0.00521843386475241,0.410547819361931,1.50999533408487,0,0,0,1
8676,"STX11",1.02199728892026,0.386983426633101,0.00826780759854149,0.0423543827855108,0.911422383069256,1.5453007566744,0.555323008495773,0.867511027160763,1.02199728892026,0.386983426633101,0.0082678075985417,0.0419867607725566,0.263523710105484,1.78047086773504,0,0,0,1
8701,"DNAH11",1.68132149133619,0.395090094704417,2.08545571476188e-05,0.00030676092421642,-0.384804459285033,2.10158351077022,0.85471786881668,0.968175356575409,1.68132149133619,0.395090094704417,2.08545571476183e-05,0.000303652261362136,0.906959135067014,2.45568384760537,0,0,0,1
8714,"ABCC3",1.41570497064727,0.462917713092451,0.00222654824130535,0.0149204824529661,4.0370521671956,1.04866509653397,0.00011825975517899,0.00246200650564561,1.41570497064727,0.462917713092451,0.00222654824130542,0.0147957367853726,0.50840292518042,2.32300701611412,0,0,0,1
8717,"TRADD",0.910192663083416,0.219561726445343,3.39076194830237e-05,0.00046359932394203,0.251572033843415,0.761996060359351,0.741287582055918,0.939144293917968,0.910192663083416,0.219561726445343,3.39076194830248e-05,0.000458656099707568,0.479859586867108,1.34052573929972,0,0,0,1
8728,"ADAM19",1.09137728847583,0.331365377715744,0.00098921347165118,0.00778885007741872,3.97870646767946,1.04702572647141,0.00014469123225333,0.0029005745948967,1.09137728847583,0.331365377715744,0.000989213471651246,0.00772296771179719,0.44191308242946,1.7408414945222,0,0,0,1
8731,"RNMT",0.719177623531584,0.193275273479251,0.00019843409286383,0.00205688027980612,0.40625569842056,0.780535301487357,0.602726667318204,0.892741157393988,0.719177623531584,0.193275273479251,0.000198434092863832,0.00203613917357919,0.340365048410123,1.09799019865305,0,0,0,1
8744,"TNFSF9",2.8826447132642,0.410409209928345,2.15866714926455e-12,1.66687109951249e-10,6.23152217868641,1.1837773575549,1.40877893984396e-07,6.96452101853832e-06,2.8826447132642,0.410409209928345,2.15866714926458e-12,1.63760004624957e-10,2.07825744288111,3.68703198364729,0,0,0,1
8780,"RIOK3",0.567659481123337,0.214724575969755,0.00820141936456516,0.0421096790333244,-1.19454324410968,0.776384420377408,0.123902552798948,0.449260684196793,0.567659481123337,0.214724575969755,0.00820141936456499,0.0417450280075796,0.146807045626982,0.988511916619691,0,0,0,1
8795,"TNFRSF10B",1.28701546234676,0.320574714999308,5.95181839084519e-05,0.00074801058238058,0.171544509038372,0.749915089737551,0.819061746042364,0.958468089307096,1.28701546234676,0.320574714999308,5.9518183908448e-05,0.000739616289066917,0.658700566593924,1.9153303580996,0,0,0,1
8819,"SAP30",2.04481714675219,0.379877093655444,7.3320209073634e-08,2.1922582773999e-06,2.16938064629641,0.818994035077799,0.00807695853018062,0.0698479053888898,2.04481714675219,0.379877093655444,7.33202090736383e-08,2.15846370947569e-06,1.30027172463577,2.78936256886861,0,0,0,1
8821,"INPP4B",1.07975218893659,0.335360506984915,0.0012833553704276,0.00957401962463529,0.281366545143772,0.961742643859566,0.769859193609617,0.946872332501807,1.07975218893659,0.335360506984915,0.00128335537042756,0.00948840311688601,0.422457673409063,1.73704670446412,0,0,0,1
8826,"IQGAP1",0.461978925738355,0.1264287612571,0.0002581207628264,0.00255772516175416,0.755809712783368,0.738415571192622,0.306045021078026,0.71694276044823,0.461978925738355,0.1264287612571,0.000258120762826403,0.00253292739824483,0.214183107064426,0.709774744412284,0,0,0,1
8828,"NRP2",1.32154540389245,0.278621456946518,2.10412732996108e-06,4.24662404064499e-05,3.58422930820717,0.790707026252907,5.81677146092712e-06,0.00018289544636712,1.32154540389245,0.278621456946518,2.10412732996117e-06,4.19673798666663e-05,0.775457382957197,1.8676334248277,0,0,0,1
8832,"CD84",1.96739298281499,0.505580108758386,9.96849001864833e-05,0.00115742434023629,1.93827077478928,1.11150834061006,0.0811904347604325,0.351958224560292,1.96739298281499,0.505580108758386,9.96849001864845e-05,0.00114484796355568,0.97647417834871,2.95831178728127,0,0,0,1
8844,"KSR1",1.00872145233986,0.381408605202534,0.0081756964857391,0.0420116701184129,0.349775228801973,0.872482512677361,0.688496290464565,0.922933077259291,1.00872145233986,0.381408605202534,0.00817569648573889,0.0416481503468886,0.261174322749237,1.75626858193048,0,0,0,1
8862,"APLN",2.18796839918931,0.293735167437865,9.42079003662069e-14,9.23506589018445e-12,3.42501916914349,0.734793716126298,3.14373751675629e-06,0.00010686794532113,2.18796839918931,0.293735167437865,9.4207900366217e-14,9.07289371884075e-12,1.61225805001825,2.76367874836037,0,0,0,1
8905,"AP1S2",0.800306203051522,0.205709573698835,0.00010005169385932,0.00115874214896654,0.995343806480045,0.795465075728714,0.210834968430411,0.598171826999125,0.800306203051522,0.205709573698835,0.000100051693859324,0.00114613168080312,0.397122847326717,1.20348955877633,0,0,0,1
8985,"PLOD3",1.44688031551464,0.334792775205528,1.54818243217425e-05,0.00023739950501854,1.95214720206661,0.734257967976352,0.00784505318805909,0.0683343276396478,1.44688031551464,0.334792775205528,1.54818243217431e-05,0.000235069186182503,0.790698533827591,2.10306209720169,0,0,0,1
8996,"NOL3",2.90647420932578,0.354276923414853,2.32592787108471e-16,3.84590772322488e-14,2.35083273603538,0.787459467134782,0.00283265057676146,0.0322065067950783,2.90647420932578,0.354276923414853,2.32592787108436e-16,3.77837174528078e-14,2.21210419887901,3.60084421977255,0,0,0,1
9019,"MPZL1",0.764460299930133,0.235389668873595,0.001163674503097,0.00885760891874829,1.64300847821693,0.787120155656717,0.0368549909301652,0.207405236064016,0.764460299930133,0.235389668873595,0.001163674503097,0.00877997947692047,0.303105026605078,1.22581557325519,0,0,0,1
9031,"BAZ1B",0.656697791307834,0.215930956800006,0.00235606209154426,0.0156356847893392,0.0355382081136937,0.758128356454812,0.962611863611361,0.992772016057161,0.656697791307834,0.215930956800006,0.00235606209154428,0.0155035554808646,0.233480892832548,1.07991468978312,0,0,0,1
9034,"CCRL2",1.54491087587498,0.467724478458291,0.00095644045999014,0.00756552672789901,2.62822785818218,1.16297036734631,0.0238257965610127,0.152577961240356,1.54491087587498,0.467724478458291,0.000956440459990155,0.00750185382318049,0.628187743408949,2.46163400834101,0,0,0,1
9050,"PSTPIP2",1.14348881079118,0.3549973798175,0.00127691109201281,0.00954484086426133,-0.300877044374238,1.07712600514801,0.779989136691568,0.948427155690845,1.14348881079118,0.3549973798175,0.00127691109201284,0.00945966607341164,0.447706731742794,1.83927088983957,0,0,0,1
9111,"NMI",1.02012638416057,0.26230778879676,0.0001006401066297,0.00116359294303795,1.44447282335817,0.925952945213857,0.118763395803854,0.438919525736783,1.02012638416057,0.26230778879676,0.000100640106629696,0.00115091650355233,0.506012565254581,1.53424020306656,0,0,0,1
9123,"SLC16A3",2.84910556285225,0.349470531244026,3.56080123118274e-16,5.61706162031631e-14,4.83648225743324,0.719698556781944,1.81537581760126e-11,2.18876858468917e-09,2.84910556285225,0.349470531244026,3.56080123118295e-16,5.51842333333789e-14,2.16415590795588,3.53405521774862,0,0,0,1
9124,"PDLIM1",1.35069631109699,0.414014513745599,0.00110458681233082,0.00851648843394842,2.4987192474483,0.765547646661272,0.00109865484632402,0.0154855816396503,1.35069631109699,0.414014513745599,0.00110458681233082,0.00844282539152858,0.539242775078753,2.16214984711523,0,0,0,1
9140,"ATG12",0.58666349625794,0.171167502514588,0.00060933828081006,0.00519736393153346,1.13359662751751,0.787619844751703,0.150074393900701,0.500317638229927,0.58666349625794,0.171167502514588,0.000609338280810076,0.00515414557099263,0.251181356005678,0.922145636510202,0,0,0,1
9168,"TMSB10",1.54458859036608,0.323188684917881,1.75979903901635e-06,3.65931545628188e-05,3.2700830386025,0.716695040668644,5.04937128808131e-06,0.00016149315537586,1.54458859036608,0.323188684917881,1.75979903901634e-06,3.61697720168557e-05,0.91115040771617,2.17802677301599,0,0,0,1
9169,"SCAF11",0.589902635548863,0.175387406877461,0.00076981358368053,0.00632630037271356,0.28211375325446,0.744026119674911,0.704560260967723,0.929306792507767,0.589902635548863,0.175387406877461,0.000769813583680519,0.00627153870015978,0.246149634727167,0.933655636370559,0,0,0,1
9180,"OSMR",1.45995257037306,0.465055603117545,0.00169347604399071,0.0120036278066308,2.94288243045514,0.824724368505338,0.00035927426932918,0.00619452415605734,1.45995257037306,0.465055603117545,0.00169347604399068,0.011897254121029,0.548460337454118,2.371444803292,0,0,0,1
9197,"SLC33A1",0.481863576999031,0.162649241839812,0.00305059202550772,0.0192400390432298,-0.132060157585704,0.78894175483496,0.867063993573514,0.972046656518732,0.481863576999031,0.162649241839812,0.00305059202550768,0.0190775196103525,0.163076920880254,0.800650233117808,0,0,0,1
9201,"DCLK1",1.40827335823088,0.481095012943717,0.00342001341708656,0.0210455065861663,2.11430765158064,0.861983370403543,0.0141733200259101,0.104327299499159,1.40827335823088,0.481095012943717,0.00342001341708669,0.0208818544175079,0.465344459719364,2.3512022567424,0,0,0,1
9227,"LRAT",0.846493097280505,0.28943285272769,0.00344831187097478,0.0211743320435158,2.36232770317198,1.10426789626953,0.0324137697047807,0.18973886359847,0.846493097280505,0.28943285272769,0.00344831187097478,0.0210093036404668,0.279215129991547,1.41377106456946,0,0,0,1
9232,"PTTG1",2.61900584986756,0.39045118126389,1.97797550835254e-11,1.25095557035163e-09,5.00092652540616,0.999776088964171,5.67248917916793e-07,2.35893911051303e-05,2.61900584986756,0.39045118126389,1.97797550835231e-11,1.22898819258591e-09,1.85373559686921,3.3842761028659,0,0,0,1
9242,"MSC",2.10830089341559,0.510960681830636,3.68885220066947e-05,0.00049786024056658,4.43365386328271,0.877343068289572,4.33784587159989e-07,1.85928283790646e-05,2.10830089341559,0.510960681830636,3.6888522006696e-05,0.000492507500567085,1.10683635951151,3.10976542731967,0,0,0,1
9246,"UBE2L6",1.3016268918748,0.29864637953443,1.31003713561973e-05,0.00020477163609618,1.64869843836506,0.768637351890739,0.0319558305650803,0.187713902712997,1.3016268918748,0.29864637953443,1.31003713561976e-05,0.000202559985086711,0.716290743874037,1.88696303987556,0,0,0,1
9256,"TSPOAP1",0.748248667628471,0.290711883384233,0.0100573979084729,0.0494191653762558,-1.19340297868304,0.833468145248141,0.152186199624643,0.504447887561193,0.748248667628471,0.290711883384233,0.010057397908473,0.048989846820788,0.178463846317566,1.31803348893938,0,0,0,1
9319,"TRIP13",1.04651992592453,0.389341762932837,0.0071898390605599,0.0382010651440666,0.79629011111702,1.32459370883805,0.547734752368256,0.864521257764136,1.04651992592453,0.389341762932837,0.00718983906055972,0.0378674218959089,0.283424092898838,1.80961575895022,0,0,0,1
9324,"HMGN3",0.65278336255219,0.160005697051144,4.50840151334185e-05,0.00059436409576468,0.582318676023256,0.730277706138941,0.4252225490464,0.796459474977308,0.65278336255219,0.160005697051144,4.50840151334194e-05,0.00058787986077746,0.339177959010721,0.966388766093659,0,0,0,1
9358,"ITGBL1",2.10534526402975,0.64231352538016,0.00104636809655123,0.00815347699171511,3.90260019853853,1.29696043919779,0.00262078361239808,0.0305011892779024,2.10534526402975,0.64231352538016,0.00104636809655123,0.00808370283144253,0.846433887501683,3.36425664055782,0,0,0,1
9369,"NRXN3",1.29319922439443,0.306239634017444,2.41249207056296e-05,0.00034669153064299,0.853759774857958,1.33165939068756,0.521441644406169,0.852816820798197,1.29319922439443,0.306239634017444,2.41249207056307e-05,0.000343118466111835,0.692980571081513,1.89341787770735,0,0,0,1
9404,"LPXN",0.854072745680953,0.307142716370273,0.00542412959289722,0.0305085059561154,1.50959963178405,0.824801289487128,0.0672112827896452,0.313322361132591,0.854072745680953,0.307142716370273,0.00542412959289727,0.0302579806789549,0.252084083481417,1.45606140788049,0,0,0,1
9448,"MAP4K4",0.62989242923233,0.240686271682602,0.00886885746143214,0.0448145065540113,1.16414556197931,0.751140347699526,0.12118049720081,0.444293142110781,0.62989242923233,0.240686271682602,0.00886885746143211,0.0444200613493645,0.158156005161208,1.10162885330345,0,0,0,1
9450,"LY86",1.46827556239081,0.393552158621376,0.00019085120439923,0.00198728522699168,3.12597065273025,1.0009838209551,0.00179079627959978,0.0228401482875288,1.46827556239081,0.393552158621376,0.000190851204399223,0.0019673140588033,0.696927505454919,2.2396236193267,0,0,0,1
9465,"AKAP7",0.734832400408749,0.274773745377819,0.00748813866265136,0.0394197219049587,-0.455556983240575,1.00194364866223,0.649344322345449,0.91073407801384,0.734832400408749,0.274773745377819,0.00748813866265141,0.0390722034011335,0.196285755571045,1.27337904524645,0,0,0,1
9473,"THEMIS2",1.03019301153422,0.378016144597738,0.00642504914662025,0.0348668126734154,2.5413265618113,0.886667162231566,0.00415489216707901,0.0429710799700962,1.03019301153422,0.378016144597738,0.0064250491466201,0.0345689219674038,0.289294982547968,1.77109104052047,0,0,0,1
9507,"ADAMTS4",2.00843445276151,0.499446974496331,5.78737365983993e-05,0.00073406576809282,3.09297854646983,0.935946840083335,0.00095094413484209,0.0137386834101886,2.00843445276151,0.499446974496331,5.78737365983989e-05,0.000725871247029035,1.02953637056121,2.98733253496181,0,0,0,1
9514,"GAL3ST1",2.01143392775855,0.438634047913755,4.52518401200706e-06,8.29153876913016e-05,2.81037355035555,0.910072379752764,0.00201456290392879,0.0249166492302159,2.01143392775855,0.438634047913755,4.52518401200722e-06,8.18967195085816e-05,1.15172699145457,2.87114086406253,0,0,0,1
9537,"TP53I11",0.926082005560592,0.356802230553887,0.00944520039262027,0.0471024455626165,2.36731996962191,0.799137729590457,0.00305307577594474,0.0342250815578983,0.926082005560592,0.356802230553887,0.00944520039262036,0.0466995368147049,0.226762484071417,1.62540152704977,0,0,0,1
9555,"MACROH2A1",0.604423317990164,0.187354420987346,0.00125491328120397,0.00943177977614641,0.690443330337138,0.723184536156905,0.339716102499852,0.730755456477082,0.604423317990164,0.187354420987346,0.00125491328120396,0.00934806396158731,0.237215400510611,0.971631235469717,0,0,0,1
9586,"CREB5",0.976278759726291,0.279911047236062,0.00048697963258656,0.00431738273747934,2.10753229334972,0.922598790742432,0.0223513676613535,0.145696838053918,0.976278759726291,0.279911047236062,0.000486979632586569,0.00428307004968344,0.42766318826872,1.52489433118386,0,0,0,1
9601,"PDIA4",0.760635500901695,0.18765173109738,5.04694103737357e-05,0.00065529062248736,1.54772221504025,0.779520239768569,0.0470910404447178,0.247335979871042,0.760635500901695,0.18765173109738,5.04694103737371e-05,0.000648075295303902,0.392844866314235,1.12842613548915,0,0,0,1
9603,"NFE2L3",1.47666061918836,0.408521700548873,0.00030076031304244,0.00290269657960237,2.67338326834845,1.07298529694754,0.0127191484888477,0.0973778937983547,1.47666061918836,0.408521700548873,0.00030076031304244,0.00287599383032001,0.675972799209512,2.27734843916721,0,0,0,1
9619,"ABCG1",1.95644959179522,0.305453944968349,1.50314299423489e-10,8.25165378115186e-09,2.02996458322458,0.800611496190898,0.0112281268608663,0.0893505118999329,1.95644959179522,0.305453944968349,1.50314299423494e-10,8.13930802862239e-09,1.35777086072158,2.55512832286886,0,0,0,1
9636,"ISG15",1.39652354774909,0.458855866746956,0.00233850695090004,0.0155342059023001,2.5265011385959,0.738090630407741,0.00061928857248946,0.00964559218062358,1.39652354774909,0.458855866746956,0.00233850695090002,0.0154030724079067,0.497182574830146,2.29586452066803,0,0,0,1
9643,"MORF4L2",0.586808745008329,0.190601387382983,0.00207890353668518,0.0141452018529834,0.279067751825489,0.779528097122101,0.720346488265477,0.932474382307177,0.586808745008329,0.190601387382983,0.00207890353668513,0.0140289571497125,0.213236890334315,0.960380599682343,0,0,0,1
9645,"MICAL2",1.08755764506378,0.330617749650069,0.00100375742664551,0.00789430769242578,2.05911270958447,0.897627760663682,0.0217934024064877,0.142893439331114,1.08755764506378,0.330617749650069,0.00100375742664547,0.00782745019286345,0.439558763099965,1.7355565270276,0,0,0,1
9729,"KIAA0408",1.44875288207977,0.436037220666908,0.00089200579525698,0.00714646090724278,1.91038310085058,2.35294299126175,0.416842018279075,0.789722533206977,1.44875288207977,0.436037220666908,0.000892005795256945,0.00708716213167318,0.594135633653686,2.30337013050585,0,0,0,1
9732,"DOCK4",0.743822696753643,0.25902809352584,0.00408411401091318,0.0243817331371327,0.472631184185483,0.820483694395657,0.564588345363332,0.87406750017514,0.743822696753643,0.25902809352584,0.00408411401091313,0.0241850137875413,0.236136962458924,1.25150843104836,0,0,0,1
9735,"KNTC1",1.50802863473307,0.316394821231146,1.87651581632795e-06,3.86686232181453e-05,0.68890330504945,0.956511949679219,0.471386804459985,0.825107723736685,1.50802863473307,0.316394821231146,1.87651581632804e-06,3.82191280234908e-05,0.887906180225035,2.12815108924111,0,0,0,1
9761,"MLEC",1.12112794288993,0.291833434759544,0.00012219972967332,0.00137690401480849,0.0450396875503549,0.748876239802742,0.952041717503921,0.991288811905264,1.12112794288993,0.291833434759544,0.000122199729673337,0.00136279483472755,0.549144921276604,1.69311096450326,0,0,0,1
9770,"RASSF2",1.58742654885554,0.28956335678218,4.20214039043203e-08,1.33805509787214e-06,3.42612249870122,0.884307785835307,0.00010690737172122,0.00227079929363237,1.58742654885554,0.28956335678218,4.20214039043203e-08,1.31761532288826e-06,1.01989279831995,2.15496029939113,0,0,0,1
9771,"RAPGEF5",0.930643886430349,0.2343995223407,7.17725985120271e-05,0.00087790297859096,-0.281911712969933,0.844843250608652,0.738617097417374,0.939012895793724,0.930643886430349,0.2343995223407,7.17725985120284e-05,0.000867901296625721,0.471229264649185,1.39005850821151,0,0,0,1
9815,"GIT2",1.71315024281851,0.321926809325518,1.0288571526824e-07,2.997884408368e-06,1.03433794014822,0.765014433208329,0.176359247289831,0.546141280008171,1.71315024281851,0.321926809325518,1.02885715268243e-07,2.95150659353557e-06,1.0821852908826,2.34411519475442,0,0,0,1
9833,"MELK",1.98753921196951,0.418017554972135,1.98762154215821e-06,4.05924375663381e-05,4.11429031602034,2.09492731590476,0.0495382261579033,0.2554495791324,1.98753921196951,0.418017554972135,1.98762154215823e-06,4.01184150492806e-05,1.16823985931863,2.80683856462039,0,0,0,1
9844,"ELMO1",1.09127568605106,0.268070320524402,4.68406888854207e-05,0.00061457133294791,1.29986336167855,0.916056062592041,0.155905442147775,0.510216618815576,1.09127568605106,0.268070320524402,4.68406888854194e-05,0.000607846976171424,0.565867512499124,1.616683859603,0,0,0,1
9846,"GAB2",0.907587972731092,0.278613624070841,0.00112392441627385,0.00862198920566925,0.428206778545804,0.852451470426364,0.615439674122229,0.898871832145504,0.907587972731092,0.278613624070841,0.00112392441627386,0.00854702363486772,0.361515303950062,1.45366064151212,0,0,0,1
9871,"SEC24D",1.22841554881404,0.272153198866688,6.3708905212384e-06,0.00011092233002492,1.86697574014422,0.984499109483923,0.0579109797267855,0.283017287995673,1.22841554881404,0.272153198866688,6.37089052123792e-06,0.000109669471201188,0.695005080757965,1.76182601687012,0,0,0,1
9881,"TRANK1",1.02245239197778,0.291155555148204,0.0004452420791101,0.00401478468706119,0.943915980268351,0.976257208551165,0.333607912614372,0.730755456477082,1.02245239197778,0.291155555148204,0.000445242079110104,0.00397826305675383,0.451797989988535,1.59310679396703,0,0,0,1
9935,"MAFB",1.06141573460634,0.380358804389036,0.00526162334732442,0.0297775335334764,1.3253574906608,0.766369468615176,0.0837379660527901,0.358275356925889,1.06141573460634,0.380358804389036,0.00526162334732428,0.0295347492056508,0.315926176801114,1.80690529241157,0,0,0,1
9938,"ARHGAP25",1.43630445879187,0.262283596988841,4.34677957780499e-08,1.38090747513416e-06,1.74686899600767,0.847800293010251,0.0393534139663442,0.21716294522949,1.43630445879187,0.262283596988841,4.3467795778048e-08,1.35980577836524e-06,0.922238054958124,1.95037086262562,0,0,0,1
9976,"CLEC2B",1.61671895146116,0.348865242648009,3.58282502654282e-06,6.77282240554733e-05,3.29444526181937,0.810726956267708,4.83279417215634e-05,0.00115703996473097,1.61671895146116,0.348865242648009,3.582825026543e-06,6.69075205441541e-05,0.932955640413236,2.30048226250908,0,0,0,1
10008,"KCNE3",1.45291732081282,0.319214516933351,5.32549252899518e-06,9.54139157544777e-05,0.319321517156171,0.767576695327484,0.677400840003201,0.919130722242537,1.45291732081282,0.319214516933351,5.32549252899534e-06,9.4230466887722e-05,0.827268364281101,2.07856627734454,0,0,0,1
10009,"ZBTB33",0.749533694093603,0.275462012317131,0.00650836475399629,0.0352072518265058,0.547466263715947,0.849553658690636,0.519305488223139,0.852320113322062,0.749533694093603,0.275462012317131,0.00650836475399627,0.0349054423142927,0.209638070843097,1.28942931734411,0,0,0,1
10010,"TANK",0.55581817824485,0.213896458652658,0.00936215516533094,0.0467732863083371,-0.154841010278627,0.82072508685741,0.850356424134562,0.967119529610864,0.55581817824485,0.213896458652658,0.00936215516533099,0.0463739669706678,0.13658882286498,0.97504753362472,0,0,0,1
10019,"SH2B3",1.24631417485731,0.27837347449121,7.56532607680023e-06,0.00012849818697773,2.31582962351308,0.86037184980899,0.00710971057282161,0.0636984041308754,1.24631417485731,0.27837347449121,7.5653260768006e-06,0.000127027760265881,0.700712190603259,1.79191615911136,0,0,0,1
10044,"SH2D3C",1.30664734935228,0.280065066295453,3.07847273456828e-06,5.97580761092151e-05,1.38003856483415,0.863919130600772,0.110172925006199,0.42130384771618,1.30664734935228,0.280065066295453,3.07847273456801e-06,5.90427423615655e-05,0.75772990608537,1.85556479261919,0,0,0,1
10050,"SLC17A4",3.02058233225262,0.588384728571448,2.84122254137343e-07,7.34330285457795e-06,-2.3569291151701,1.08093228178204,0.0292234141957449,0.176551982158071,3.02058233225262,0.588384728571448,2.84122254137349e-07,7.25534157676871e-06,1.86736945519921,4.17379520930603,0,0,0,1
10051,"SMC4",0.905052875838984,0.247119400184118,0.00024985230866994,0.00248887498534067,0.712535185050107,0.870769729849322,0.413196189031877,0.787799195902756,0.905052875838984,0.247119400184118,0.000249852308669935,0.00246484498169712,0.420707751596972,1.389398000081,0,0,0,1
10052,"GJC1",1.08444196660329,0.223643530334858,1.24100837494849e-06,2.70342840282429e-05,2.25687503518147,0.961203103139657,0.0188760950854159,0.128642970019794,1.08444196660329,0.223643530334858,1.24100837494851e-06,2.66866282606551e-05,0.646108701771577,1.522775231435,0,0,0,1
10068,"IL18BP",1.71762565025057,0.3236331409098,1.11246872594793e-07,3.21421490419144e-06,2.33041203017847,0.917793291203037,0.0111123139549388,0.0886970145401054,1.71762565025057,0.3236331409098,1.11246872594794e-07,3.16443371982197e-06,1.08331634986379,2.35193495063735,0,0,0,1
10076,"PTPRU",1.44551809512741,0.36751848133334,8.3827748880265e-05,0.00099692549881521,2.23535679007885,0.749039528290157,0.00284230270873272,0.0322943397258656,1.44551809512741,0.36751848133334,8.38277488802676e-05,0.000986256141494457,0.725195108061207,2.16584108219361,0,0,0,1
10085,"EDIL3",1.39810428612395,0.470675803070333,0.00297393948187703,0.0188431881113944,1.96440825533879,0.73531463043073,0.00755084154218896,0.0666374688812769,1.39810428612395,0.470675803070333,0.0029739394818771,0.0186848210783546,0.47559666371163,2.32061190853627,0,0,0,1
10092,"ARPC5",0.809616482063242,0.226769437850945,0.00035668334122986,0.00333682493186005,0.978061456245563,0.729401756377504,0.179949965732172,0.551936580473183,0.809616482063242,0.226769437850945,0.000356683341229876,0.0033075388513084,0.365156551080996,1.25407641304549,0,0,0,1
10094,"ARPC3",0.550615568053054,0.202243132661863,0.00647816576259448,0.0350715372488547,1.24737041175261,0.728921540272768,0.0870341048745666,0.366575663129646,0.550615568053054,0.202243132661863,0.00647816576259435,0.0347711421087021,0.154226311915246,0.947004824190862,0,0,0,1
10095,"ARPC1B",1.51290482995442,0.302025856052075,5.46596555460018e-07,1.30395337958157e-05,2.41524861981597,0.758739631216916,0.0014563798671492,0.019432699198689,1.51290482995442,0.302025856052075,5.46596555460044e-07,1.28776243094775e-05,0.920945029692474,2.10486463021637,0,0,0,1
10116,"FEM1B",0.509884350899604,0.192998458969861,0.00824402213501699,0.0422640865823583,-0.326370148701518,0.756007059628776,0.665957639569327,0.914871282352901,0.509884350899604,0.192998458969861,0.00824402213501686,0.041897531265146,0.131614322246945,0.888154379552263,0,0,0,1
10123,"ARL4C",1.23732458862652,0.314429064161549,8.31457893413625e-05,0.00098967286463214,4.50844556861065,0.766719278377921,4.09826377602005e-09,2.84990882250291e-07,1.23732458862652,0.314429064161549,8.31457893413629e-05,0.000979087054750738,0.62105494717725,1.85359423007579,0,0,0,1
10135,"NAMPT",0.840355017521062,0.267038439759068,0.00164986553597392,0.0117502618659606,0.803185978008087,0.792646912936835,0.310918778452258,0.722574272032029,0.840355017521062,0.267038439759068,0.00164986553597395,0.0116466685976632,0.31696929310552,1.3637407419366,0,0,0,1
10138,"YAF2",0.781028747668323,0.252305795517023,0.00196438948401672,0.0134998904750353,0.402333416615149,0.82654745591568,0.626425695712673,0.901125056814134,0.781028747668323,0.252305795517023,0.00196438948401674,0.0133902241723952,0.286518475364231,1.27553901997242,0,0,0,1
10144,"FAM13A",0.872794056231083,0.228009212963977,0.00012924679074483,0.00143538563009,-0.769183332936258,0.753177705300392,0.307135630580301,0.717992193178305,0.872794056231083,0.228009212963977,0.000129246790744828,0.00142050635519181,0.425904210678365,1.3196839017838,0,0,0,1
10154,"PLXNC1",0.938858009142047,0.312121831444909,0.00262985502654914,0.0171215039774006,0.511571840565057,0.901883993532365,0.570560803453567,0.876763690423361,0.938858009142047,0.312121831444909,0.00262985502654913,0.0169738321316237,0.327110460721344,1.55060555756275,0,0,0,1
10161,"LPAR6",0.893026766223781,0.318449824463221,0.00504269813744392,0.0287243594024731,2.09266958467378,0.759510939733318,0.00586409162176864,0.0553384810805726,0.893026766223781,0.318449824463221,0.00504269813744392,0.0284918599372712,0.268876579392766,1.5171769530548,0,0,0,1
10163,"WASF2",0.734979426875377,0.262748154023896,0.00515352933783844,0.029239886732718,0.243397391017167,0.732623919700077,0.739717915134919,0.939144293917968,0.734979426875377,0.262748154023896,0.00515352933783844,0.0290021747975739,0.220002507984158,1.2499563457666,0,0,0,1
10178,"TENM1",1.11327597506612,0.391868778077874,0.00449806704628125,0.0262687115502825,-3.52951718077613,1.13056171088487,0.00179679014279478,0.0228991680631921,1.11327597506612,0.391868778077874,0.00449806704628105,0.026062500208426,0.345227283367768,1.88132466676447,0,0,0,1
10184,"LHFPL2",1.79235412856012,0.315816682708431,1.38446555534343e-08,4.973928084171e-07,3.23643559298535,0.866161748475532,0.00018658042188618,0.00359001296256085,1.79235412856012,0.315816682708431,1.38446555534354e-08,4.89940920805693e-07,1.17336480473468,2.41134345238556,0,0,0,1
10203,"CALCRL",1.18342520191358,0.250109248099299,2.22720683915418e-06,4.46221703073751e-05,0.131731624317481,0.83947470225034,0.875306720081569,0.974566549814377,1.18342520191358,0.250109248099299,2.22720683915415e-06,4.40960790195527e-05,0.693220083438561,1.6736303203886,0,0,0,1
10205,"MPZL2",1.7210854265942,0.370850704867916,3.46875103927925e-06,6.6026545441149e-05,1.32504151409509,0.82564771389649,0.108526611261876,0.417429358608098,1.7210854265942,0.370850704867916,3.46875103927913e-06,6.52289682881458e-05,0.994231401411792,2.44793945177661,0,0,0,1
10226,"PLIN3",0.790149048274007,0.301824825746147,0.00884711502651739,0.044721107412127,1.54914952555272,0.822922623898833,0.0597685413017165,0.288996244568802,0.790149048274007,0.301824825746147,0.0088471150265173,0.0443276298411493,0.198583260171481,1.38171483637653,0,0,0,1
10231,"RCAN2",1.24661513438422,0.351283011692975,0.00038706627336646,0.00356756046721385,-2.21476792040162,0.894948629015998,0.0133332055221151,0.100382386049024,1.24661513438422,0.351283011692975,0.000387066273366481,0.00353578222479693,0.558113083085226,1.93511718568321,0,0,0,1
10252,"SPRY1",0.960839395987287,0.270954986787788,0.00039094540759391,0.00359848073361431,0.740803348178132,0.788575379915931,0.347515236482948,0.736044574425497,0.960839395987287,0.270954986787788,0.000390945407593919,0.00356638493273938,0.429777380451696,1.49190141152288,0,0,0,1
10279,"PRSS16",1.40625561312531,0.402440736833983,0.00047527585461,0.00423276173177653,0.905541339156106,0.973790625703143,0.352415718346998,0.739468514307918,1.40625561312531,0.402440736833983,0.000475275854610024,0.00419930822261269,0.617486263018941,2.19502496323168,0,0,0,1
10282,"BET1",0.693669446519014,0.252849974513924,0.00608059601836363,0.0333666932251189,1.12481781849593,0.799310316847388,0.15935758109368,0.51549014677521,0.693669446519014,0.252849974513924,0.00608059601836375,0.0330850186100074,0.198092602979852,1.18924629005818,0,0,0,1
10287,"RGS19",1.4011254651781,0.314300675654625,8.27609888010885e-06,0.00013834492208357,3.06422187467711,0.936309595083524,0.00106540989282361,0.0151187166755553,1.4011254651781,0.314300675654625,8.27609888010892e-06,0.000136748334804545,0.78510746057843,2.01714346977777,0,0,0,1
10312,"TCIRG1",1.09371755503537,0.262460335780141,3.08400807270575e-05,0.00042925889239162,2.7215842638422,0.768711301104791,0.00039944464942319,0.00671443618824804,1.09371755503537,0.262460335780141,3.08400807270565e-05,0.000424736270115324,0.579304749536004,1.60813036053474,0,0,0,1
10335,"IRAG1",1.32531263375404,0.347938282106941,0.00013950447201828,0.00152920077793844,0.129864485933425,0.829717574992421,0.875625919050501,0.974566549814377,1.32531263375404,0.347938282106941,0.000139504472018276,0.00151444347521934,0.643366131981699,2.00725913552638,0,0,0,1
10336,"PCGF3",0.922250259417221,0.22288070865997,3.50552681959009e-05,0.00047633514922826,0.0419765760149822,0.769054960343024,0.956471460475193,0.991852776168773,0.922250259417221,0.22288070865997,3.50552681959001e-05,0.00047123647167031,0.485412097594915,1.35908842123953,0,0,0,1
10346,"TRIM22",1.78175210932811,0.399386114949487,8.14917220130431e-06,0.0001367637599774,2.26131138241016,0.754356098615677,0.00272051209486813,0.031378569991669,1.78175210932811,0.399386114949487,8.14917220130451e-06,0.000135188458299526,0.998969708101741,2.56453451055448,0,0,0,1
10376,"TUBA1B",1.81341490516092,0.300734174148848,1.64000723319833e-09,7.26047073174642e-08,2.55174534312015,0.865698320561494,0.00320235631024078,0.035589051328465,1.81341490516092,0.300734174148848,1.64000723319841e-09,7.15605745152563e-08,1.22398675490878,2.40284305541306,0,0,0,1
10384,"BTN3A3",1.17754224610767,0.305773513871785,0.00011762323297351,0.00133299855435883,0.540139735720829,0.86203423486608,0.530929770977544,0.856880973787814,1.17754224610767,0.305773513871785,0.000117623232973511,0.0013193960484042,0.578237171492713,1.77684732072263,0,0,0,1
10385,"BTN2A2",1.16194271018019,0.361015906461286,0.00128846772533441,0.00959659170108571,0.381117340782907,0.833472904159168,0.647481141032375,0.910201894268147,1.16194271018019,0.361015906461286,0.00128846772533435,0.00951063754027826,0.454364535669989,1.86952088469039,0,0,0,1
10392,"NOD1",0.703426831175277,0.246951734862144,0.0043934342728067,0.0258335441131102,1.16258439193434,0.8631411587706,0.17800514024564,0.548581858289202,0.703426831175277,0.246951734862144,0.00439343427280671,0.0256324856340341,0.21941032492579,1.18744333742476,0,0,0,1
10396,"ATP8A1",0.981766856185431,0.357201269079341,0.00598690602202643,0.0330317576621178,0.425358166480675,0.784888420998297,0.587863582920868,0.884401089772671,0.981766856185431,0.357201269079341,0.00598690602202645,0.0327544990145663,0.281665233557922,1.68186847881294,0,0,0,1
10397,"NDRG1",1.71632879311847,0.356547646934906,1.48129172434757e-06,3.15671546971212e-05,0.0605819637416073,0.74102910429295,0.934842475378696,0.987834136649744,1.71632879311847,0.356547646934906,1.48129172434769e-06,3.11579661768798e-05,1.01750824635355,2.41514933988339,0,0,0,1
10437,"IFI30",0.981384413060017,0.289985543514453,0.00071372232831427,0.00594364395253952,1.27640344202903,0.732617424275898,0.0814645329625797,0.352508161094726,0.981384413060017,0.289985543514453,0.00071372232831429,0.00589290762563476,0.413023191734417,1.54974563438562,0,0,0,1
10457,"GPNMB",2.50631517504604,0.486864300707402,2.63457950993091e-07,6.88704175129368e-06,2.41414305783733,0.778300094650063,0.0019233799282784,0.0240731323510214,2.50631517504604,0.486864300707402,2.63457950993088e-07,6.80498764988467e-06,1.55207868030125,3.46055166979083,0,0,0,1
10460,"TACC3",0.986100345937287,0.214817620781768,4.42382182990768e-06,8.12751416247028e-05,1.69961605349166,0.904650886904398,0.0602781539466362,0.290538274947275,0.986100345937287,0.214817620781768,4.42382182990787e-06,8.02777789133886e-05,0.565065545960439,1.40713514591414,0,0,0,1
10487,"CAP1",0.722946989872201,0.274753867205227,0.00850706321162964,0.0433351969933509,0.0352990500088992,0.720959282903852,0.960950196446666,0.992772016057161,0.722946989872201,0.274753867205227,0.00850706321162968,0.0429567564744701,0.184439305536856,1.26145467420755,0,0,0,1
10489,"LRRC41",1.17287893200271,0.305045627857319,0.00012058710469479,0.00136208841549907,1.35156406756396,0.726635282626472,0.0628811565019698,0.299212181094978,1.17287893200271,0.305045627857319,0.000120587104694799,0.00134815583134326,0.575000487760957,1.77075737624446,0,0,0,1
10495,"ENOX2",1.25804509371542,0.218231429771975,8.178906241207e-09,3.07526874669383e-07,0.227569582697984,0.985112281676054,0.817307983929356,0.958292863205966,1.25804509371542,0.218231429771975,8.17890624120799e-09,3.02956573764306e-07,0.830319351067667,1.68577083636317,0,0,0,1
10505,"SEMA4F",0.878512542085448,0.309093973467424,0.00448008061808305,0.0262191311162327,0.00216633289198718,0.879700169797493,0.998035146655176,0.999801305969085,0.878512542085448,0.309093973467424,0.00448008061808309,0.0260135279938045,0.272699486250918,1.48432559791998,0,0,0,1
10537,"UBD",2.27145032583897,0.59340289509967,0.00012927363826919,0.00143538563009,-0.0881424474242919,0.8443614184482,0.916860272674962,0.983780095381247,2.27145032583897,0.59340289509967,0.000129273638269193,0.00142050635519181,1.10840202312182,3.43449862855612,0,0,0,1
10549,"PRDX4",0.973332258242272,0.341517825890705,0.00437166313562554,0.0257378279497184,2.71509909012401,0.740130084169645,0.00024406552744893,0.00447515774017139,0.973332258242272,0.341517825890705,0.00437166313562554,0.0255377323922437,0.303969619418069,1.64269489706647,0,0,0,1
10552,"ARPC1A",0.76655349395553,0.201446384145236,0.00014166205535089,0.00155161216890317,1.19901120533471,0.74162605772161,0.105935961091869,0.410940616445154,0.76655349395553,0.201446384145236,0.000141662055350897,0.00153662871463889,0.371725836215047,1.16138115169601,0,0,0,1
10553,"HTATIP2",1.1772336218003,0.308965184270359,0.00013882810102651,0.0015230030843229,1.30729234612232,0.754754875926156,0.083260140283292,0.356868718927798,1.1772336218003,0.308965184270359,0.000138828101026523,0.00150831529906576,0.571672988153615,1.78279425544698,0,0,0,1
10561,"IFI44",1.53062881608269,0.384627448384087,6.90574260108865e-05,0.00084847279729042,1.13835383805489,0.8451060887365,0.177981781262083,0.548581858289202,1.53062881608269,0.384627448384087,6.90574260108875e-05,0.000838829977391708,0.776772869784341,2.28448476238104,0,0,0,1
10578,"GNLY",1.39687823270458,0.445721928330703,0.00172459698566237,0.0121500867716788,3.22322168940291,0.931934609172703,0.00054292004156469,0.00864904655568704,1.39687823270458,0.445721928330703,0.00172459698566233,0.0120418131318929,0.523279306056659,2.2704771593525,0,0,0,1
10580,"SORBS1",1.22348678253144,0.341282922949168,0.0003371254994446,0.0032018756777701,0.965602953257152,0.896504668280725,0.281446667274312,0.689845373974552,1.22348678253144,0.341282922949168,0.000337125499444613,0.0031719910041952,0.554584545012512,1.89238902005037,0,0,0,1
10616,"RBCK1",1.09297462317529,0.354431318754096,0.00204415016675982,0.0139641199047346,2.85863271634945,0.744761788859768,0.00012387989155141,0.00255677721984017,1.09297462317529,0.354431318754096,0.00204415016675973,0.0138498877881515,0.398302003424226,1.78764724292635,0,0,0,1
10636,"RGS14",0.721110120108528,0.279811970631548,0.00996262298227605,0.0490940889798048,0.648506008841286,0.762531228673789,0.395066693426064,0.772282143397385,0.721110120108528,0.279811970631548,0.0099626229822761,0.048668857126822,0.172688735227515,1.26953150498954,0,0,0,1
10659,"CELF2",1.19625108284579,0.337520946926793,0.00039376504473664,0.00361957901806144,1.19083051022285,0.861416219046286,0.1668458064456,0.529176546219117,1.19625108284579,0.337520946926793,0.000393765044736642,0.00358725276904334,0.534722182841421,1.85777998285016,0,0,0,1
10669,"CGREF1",1.90457559606038,0.543183136694153,0.00045434328260254,0.00407809497085506,2.38048221146304,0.847690589920724,0.00498197328722778,0.0491134648945002,1.90457559606038,0.543183136694153,0.000454343282602537,0.00404083804705146,0.839956211130343,2.96919498099042,0,0,0,1
10673,"TNFSF13B",1.64450608635923,0.438420973358444,0.00017614830310507,0.00185958408601076,2.70053633704897,0.999276382463573,0.00688218597201378,0.0622442281192547,1.64450608635923,0.438420973358444,0.000176148303105071,0.00184109114012843,0.785216768509685,2.50379540420877,0,0,0,1
10687,"PNMA2",1.6609292419068,0.465456344036853,0.00035918312794214,0.0033487970433954,1.90927708949145,1.20899567229997,0.114284287126118,0.429822793524824,1.6609292419068,0.465456344036853,0.000359183127942156,0.00331930508159293,0.748651571218883,2.57320691259472,0,0,0,1
10733,"PLK4",1.20739570382345,0.327778885250157,0.00022999219318562,0.0023243099111042,-0.269778694013238,1.7393002016189,0.876736484393446,0.974566549814377,1.20739570382345,0.327778885250157,0.000229992193185615,0.00230214160409921,0.564960893840455,1.84983051380644,0,0,0,1
10750,"GRAP",1.53950877447106,0.41434791144479,0.00020280398924665,0.00208955101232812,3.15224022226832,1.1713025243567,0.00711898746566797,0.0636984041308754,1.53950877447106,0.41434791144479,0.000202803989246651,0.00206838592058441,0.727401790969881,2.35161575797224,0,0,0,1
10769,"PLK2",1.78579439777826,0.309593862964725,8.0130244661161e-09,3.02949718382858e-07,4.78655060938774,0.876313710275426,4.70421461974667e-08,2.63672016094764e-06,1.78579439777826,0.309593862964725,8.0130244661164e-09,2.98451958222783e-07,1.17900157653277,2.39258721902375,0,0,0,1
10781,"ZNF266",1.05713467312692,0.370758916109135,0.00435446445495918,0.0256593689050493,-0.401450285613653,0.885814025474613,0.650405245135842,0.910755121123788,1.05713467312692,0.370758916109135,0.00435446445495931,0.0254602099940227,0.330460550605908,1.78380879564793,0,0,0,1
10783,"NEK6",1.62890607325493,0.234950988608734,4.12121451461731e-12,3.00848659567063e-10,2.19229519503444,0.73636138172629,0.00290894063994638,0.0329620934312788,1.62890607325493,0.234950988608734,4.12121451461684e-12,2.95565613300951e-10,1.16841059744973,2.08940154906013,0,0,0,1
10791,"VAMP5",1.13272222117745,0.336214664983554,0.00075429206468387,0.00622758503548931,1.12986450682078,0.804526680784893,0.160204492526435,0.516817534215694,1.13272222117745,0.336214664983554,0.000754292064683831,0.0061739133991193,0.473753586735484,1.79169085561942,0,0,0,1
10848,"PPP1R13L",0.970183581185658,0.37543671636531,0.00976202400172536,0.0482963292716939,3.63546841278872,0.775464759278739,2.75732295954206e-06,9.64717650917857e-05,0.970183581185658,0.37543671636531,0.00976202400172533,0.0478797270335622,0.234341138635671,1.70602602373565,0,0,0,1
10855,"HPSE",0.978425461366418,0.299027490103376,0.0010678008547845,0.00828874373928876,1.89165667108984,1.19247410633792,0.112664618299427,0.426699737419233,0.978425461366418,0.299027490103376,0.00106780085478449,0.00821755646407491,0.392342350376394,1.56450857235644,0,0,0,1
10863,"ADAM28",1.14185399945939,0.347344001475026,0.00101121923751679,0.00794843803876312,0.0256047788154863,0.98455565704689,0.97925220894643,0.996495705248238,1.14185399945939,0.347344001475026,0.0010112192375168,0.00788108033493582,0.461072266322312,1.82263573259647,0,0,0,1
10890,"RAB10",0.593437744796854,0.170573075148222,0.00050313428402821,0.00444338154054257,-0.347687837325826,0.731404451146016,0.634523172771113,0.904589961078758,0.593437744796854,0.170573075148222,0.000503134284028219,0.00440790094317899,0.259120660774095,0.927754828819613,0,0,0,1
10903,"MTMR11",0.941553364982073,0.355612286644704,0.00810422739725796,0.0417296664538803,-0.1830475957839,0.758551047198888,0.80931318281303,0.956843352657622,0.941553364982073,0.355612286644704,0.00810422739725795,0.0413692902810971,0.244566090698519,1.63854063926563,0,0,0,1
10915,"TCERG1",0.700929109868202,0.208824326615039,0.00078921700300944,0.00645483560745029,1.28782431659553,0.802920405835244,0.108730529251839,0.417784868404466,0.700929109868202,0.208824326615039,0.000789217003009446,0.00639868481754441,0.291640950606896,1.11021726912951,0,0,0,1
10921,"RNPS1",0.574941695797125,0.199102788193825,0.00388115817780573,0.0233527401951467,0.312566843984754,0.734347491247048,0.670371004586327,0.916523712339881,0.574941695797125,0.199102788193825,0.00388115817780573,0.0231660893584477,0.184707401715721,0.965175989878529,0,0,0,1
10924,"SMPDL3A",1.64696333721804,0.37182979391078,9.45186570776585e-06,0.00015519204020391,0.0712409144480495,0.810267270130956,0.929938086683666,0.987319125418534,1.64696333721804,0.37182979391078,9.45186570776566e-06,0.000153384163194043,0.918190332773961,2.37573634166212,0,0,0,1
10954,"PDIA5",2.04147590145415,0.32323998818434,2.68999933071197e-10,1.40906682498821e-08,3.56184488723994,0.851087622373387,2.85102405093659e-05,0.00072835841569582,2.04147590145415,0.32323998818434,2.68999933071203e-10,1.38962685731764e-08,1.40793716624969,2.67501463665861,0,0,0,1
10959,"TMED2",0.855542888542149,0.247996102760427,0.00056095229602984,0.00486017001938985,0.234690339027095,0.730454775947892,0.747988015506886,0.940319396117269,0.855542888542149,0.247996102760427,0.000560952296029826,0.0048204715152136,0.369479458825418,1.34160631825888,0,0,0,1
10960,"LMAN2",0.922810607729042,0.219446025025072,2.60871445059535e-05,0.00037062108819845,1.40138726470035,0.755653970727632,0.0636625577609855,0.30148274861728,0.922810607729042,0.219446025025072,2.60871445059536e-05,0.000366770562433548,0.492704302129426,1.35291691332866,0,0,0,1
10981,"RAB32",1.04794488263158,0.23828815590612,1.09351073705738e-05,0.00017491073840763,1.31512208055703,0.759249250309002,0.0832495568468247,0.356868718927798,1.04794488263158,0.23828815590612,1.09351073705741e-05,0.000173049357602642,0.580908679113119,1.51498108615004,0,0,0,1
10982,"MAPRE2",1.15204644319233,0.24232412732402,1.9927818850239e-06,4.06373530313046e-05,0.265867139356671,0.748899570284705,0.72258179664077,0.932705515976477,1.15204644319233,0.24232412732402,1.99278188502366e-06,4.01624486633394e-05,0.677099881052152,1.62699300533251,0,0,0,1
11006,"LILRB4",1.66292723104965,0.430957488123834,0.0001140008827171,0.00129730357745399,3.97542775394884,1.39955763218589,0.0045044457216761,0.045558241309336,1.66292723104965,0.430957488123834,0.000114000882717102,0.00128410518101478,0.818266075459087,2.50758838664021,0,0,0,1
11007,"CCDC85B",1.50298703633711,0.401000612591191,0.00017818516846155,0.00187675614118676,2.08355165683825,0.828737934381864,0.0119327764663583,0.0934062724137197,1.50298703633711,0.401000612591191,0.000178185168461549,0.00185805926246486,0.717040277879877,2.28893379479434,0,0,0,1
11010,"GLIPR1",1.47924932098791,0.464587635088659,0.00145252538031984,0.0105753094533207,1.96877879308589,0.780939534307523,0.0117008980512313,0.0920635448077869,1.47924932098791,0.464587635088659,0.00145252538031989,0.0104785445173104,0.568674288551501,2.38982435342432,0,0,0,1
11031,"RAB31",1.29710369802566,0.225524146945773,8.84514453911142e-09,3.30765023582466e-07,2.01786963113096,0.923873722722605,0.0289519559673918,0.175417870592017,1.29710369802566,0.225524146945773,8.84514453911137e-09,3.25844491313767e-07,0.855084492367826,1.73912290368349,0,0,0,1
11040,"PIM2",1.35063039503261,0.38476732046833,0.00044768159124918,0.00403413142370575,1.72361045487742,0.81372764319546,0.0341609878537183,0.196939798913129,1.35063039503261,0.38476732046833,0.000447681591249186,0.00399741118861773,0.596500304486702,2.10476048557852,0,0,0,1
11067,"DEPP1",2.06161410105522,0.459087633275442,7.09972742738289e-06,0.00012179582401675,1.95070304398846,0.713116030938246,0.00622924491488088,0.0577411037215093,2.06161410105522,0.459087633275442,7.09972742738327e-06,0.00012040959107347,1.16181887408762,2.96140932802282,0,0,0,1
11069,"RAPGEF4",0.920457107595904,0.252817050451681,0.00027178890933839,0.00267002934270591,-0.547459621114815,1.10031095591856,0.618801313763363,0.899663745645045,0.920457107595904,0.252817050451681,0.000271788909338394,0.00264396094127674,0.424944794032964,1.41596942115884,0,0,0,1
11072,"DUSP14",1.23343327337521,0.334430267648065,0.00022587911382696,0.00228442517182108,2.15467020802721,0.959482351895415,0.0247258562895936,0.155840776817337,1.23343327337521,0.334430267648065,0.000225879113826949,0.0022626508853854,0.577961993444912,1.88890455330551,0,0,0,1
11082,"ESM1",3.22397429462161,0.389643886233038,1.29368707884377e-16,2.16519042317707e-14,1.24479819666342,0.742375922326663,0.0935862748554832,0.383100239448716,3.22397429462161,0.389643886233038,1.29368707884377e-16,2.12716864439641e-14,2.46028631080863,3.98766227843459,0,0,0,1
11098,"PRSS23",1.04406820295248,0.286155173395823,0.00026366452831356,0.00259952010529835,2.44554267840362,0.752374021836431,0.00115228700425752,0.0161329807053899,1.04406820295248,0.286155173395823,0.000263664528313568,0.0025742134940274,0.483214369106853,1.60492203679811,0,0,0,1
11108,"PRDM4",0.541250218633675,0.179498610818192,0.00256687193192579,0.0167671348851735,-1.01308866143284,0.785206033686297,0.196974225310503,0.577193435501167,0.541250218633675,0.179498610818192,0.00256687193192575,0.0166230231787487,0.189439406155047,0.893061031112303,0,0,0,1
11116,"CEP43",0.474600242546413,0.177220407890405,0.00740582398380518,0.0391063979814322,-0.509634502853047,0.826871103024568,0.537669531921224,0.860677474811649,0.474600242546413,0.177220407890405,0.00740582398380531,0.0387627037164778,0.127254625755721,0.821945859337105,0,0,0,1
11118,"BTN3A2",1.50113165000243,0.301591766096695,6.44564252943483e-07,1.50023652877476e-05,0.831044062958229,0.782890345622614,0.288459274438629,0.697413171434856,1.50113165000243,0.301591766096695,6.44564252943468e-07,1.48142432428e-05,0.91002265041908,2.09224064958578,0,0,0,1
11119,"BTN3A1",1.72357749630986,0.3957752582826,1.33103381420108e-05,0.00020781692907958,0.663078766987468,0.884148854366933,0.453277098417432,0.813318771854348,1.72357749630986,0.3957752582826,1.33103381420112e-05,0.000205570777971063,0.947872244103926,2.49928274851579,0,0,0,1
11120,"BTN2A1",0.630368925442196,0.220970610978857,0.00433457816655399,0.0255751293025739,-0.0244432385928847,0.826237281522958,0.976398985286304,0.99582951523936,0.630368925442196,0.220970610978857,0.00433457816655408,0.025376950681567,0.197274486281825,1.06346336460257,0,0,0,1
11137,"PWP1",0.663593331652679,0.235329988169609,0.00480473342526799,0.0277038453110403,-0.184857079812619,0.746188427302972,0.804339356628816,0.955123558830194,0.663593331652679,0.235329988169609,0.00480473342526797,0.0274828313867045,0.202355030358008,1.12483163294735,0,0,0,1
11151,"CORO1A",1.28448710061814,0.46446398779935,0.00568311246036151,0.0316746990528362,2.97068609932651,0.752355368388686,7.8637645722185e-05,0.0017737393064039,1.28448710061814,0.46446398779935,0.00568311246036167,0.0314118060957077,0.374154412415563,2.19481978882072,0,0,0,1
11156,"PTP4A3",1.808595959725,0.467295050847767,0.00010867867668278,0.00124499679365159,2.39413117962302,0.81922671049324,0.00347313771700051,0.0377662671657968,1.808595959725,0.467295050847767,0.000108678676682785,0.00123239242869133,0.892714489909563,2.72447742954044,0,0,0,1
11167,"FSTL1",1.22640224912592,0.238282631537084,2.64913049223262e-07,6.90228335992985e-06,2.36122291744916,0.739126273791282,0.00140018121102612,0.0188630521829475,1.22640224912592,0.238282631537084,2.64913049223275e-07,6.81982497038755e-06,0.759376873171808,1.69342762508003,0,0,0,1
11177,"BAZ1A",1.00694340803407,0.296970815459277,0.00069710544010371,0.00582293065123761,1.14833279866453,0.865280730584565,0.184468441705343,0.558560314885922,1.00694340803407,0.296970815459277,0.000697105440103719,0.0057733861479843,0.424891305274396,1.58899551079374,0,0,0,1
11178,"LZTS1",1.44048738080793,0.297286545661295,1.26324407112486e-06,2.7475058054069e-05,2.79863533175441,0.887321096002231,0.00161033790208289,0.0210348035081896,1.44048738080793,0.297286545661295,1.26324407112472e-06,2.71215283614246e-05,0.85781645822347,2.02315830339239,0,0,0,1
11186,"RASSF1",0.843268729282841,0.270206781431626,0.00180343697625491,0.0125973094756461,0.28300100334519,0.774881371101213,0.714948318076058,0.931266026649693,0.843268729282841,0.270206781431626,0.00180343697625488,0.0124840996330175,0.313673169298368,1.37286428926731,0,0,0,1
11190,"CEP250",0.929691585046468,0.30813275578817,0.00255139362303069,0.0166978188280749,0.982505693604541,0.753766793654657,0.192417388764115,0.570545837362853,0.929691585046468,0.30813275578817,0.00255139362303065,0.0165545910583842,0.325762481244579,1.53362068884836,0,0,0,1
11216,"AKAP10",0.648666641416235,0.19348058380092,0.00080050879900209,0.00652773782382934,-0.716444078016696,0.830126086259719,0.388107487110029,0.767539482649118,0.648666641416235,0.19348058380092,0.000800508799002112,0.00647077945860041,0.269451665458648,1.02788161737382,0,0,0,1
11309,"SLCO2B1",1.0472249606484,0.342884197623579,0.00225687816262626,0.0150795500992614,1.08170921761674,0.734328642600298,0.140735200341618,0.482588862227281,1.0472249606484,0.342884197623579,0.00225687816262631,0.0149530654873172,0.375184282438271,1.71926563885853,0,0,0,1
11314,"CD300A",2.74897489778711,0.54642116448675,4.88254229296378e-07,1.17971849346188e-05,2.89503050317449,0.963288401496363,0.00265264804077568,0.030701469969171,2.74897489778711,0.54642116448675,4.8825422929636e-07,1.16515606612439e-05,1.67800909500264,3.81994070057158,0,0,0,1
11335,"CBX3",0.727336619098002,0.259493474707966,0.00506439425585179,0.0288277672199544,0.94211791609885,0.743497765448007,0.205104197667579,0.589535268478922,0.727336619098002,0.259493474707966,0.0050643942558518,0.0285943164789153,0.218738754447233,1.23593448374877,0,0,0,1
11346,"SYNPO",1.01735793038598,0.278355955293673,0.00025730115851998,0.00255329074441669,3.2762166986234,0.763570711104915,1.78148774512326e-05,0.0004862533081518,1.01735793038598,0.278355955293673,0.000257301158519964,0.00252856524805006,0.47179028312814,1.56292557764382,0,0,0,1
22821,"RASA3",0.975883069196057,0.30351505340111,0.00130321547850851,0.0096782084561963,1.69799171200253,0.97195801919266,0.080640719670367,0.350608234577073,0.975883069196057,0.30351505340111,0.0013032154785085,0.00959129601349896,0.38100449576413,1.57076164262798,0,0,0,1
22822,"PHLDA1",0.966913206122167,0.313732138660568,0.00205635193652622,0.0140125987968649,1.44916414040137,0.89609574776312,0.1058355745802,0.410768502637695,0.966913206122167,0.313732138660568,0.00205635193652622,0.013897640681796,0.352009513554728,1.58181689868961,0,0,0,1
22839,"DLGAP4",0.606086752292561,0.215340909210671,0.0048846286837291,0.0280136414774334,1.51472304113787,0.742397209931862,0.0413191122197565,0.224976278440964,0.606086752292561,0.215340909210671,0.00488462868372906,0.0277887968534679,0.184026325841536,1.02814717874359,0,0,0,1
22846,"VASH1",2.22773950820836,0.388144775406834,9.49816642701833e-09,3.52304962282161e-07,3.48277393034003,0.79108100451869,1.06985764842752e-05,0.00031400603029766,2.22773950820836,0.388144775406834,9.49816642701808e-09,3.47056308768251e-07,1.46698972762358,2.98848928879314,0,0,0,1
22871,"NLGN1",1.2459180185356,0.456563851477596,0.00635455805839597,0.0345741364441144,1.76435525975518,0.919955003554897,0.0551273375305128,0.274964002879126,1.2459180185356,0.456563851477596,0.00635455805839611,0.0342794944642534,0.351069312996617,2.14076672407458,0,0,0,1
22882,"ZHX2",1.13899816842881,0.36530853735508,0.00182140060239616,0.0126694890356234,0.739229372188389,0.82518205771536,0.370339337987656,0.753018172056908,1.13899816842881,0.36530853735508,0.00182140060239612,0.0125616083489038,0.423006591967848,1.85498974488977,0,0,0,1
22885,"ABLIM3",1.47375723667475,0.332466430866843,9.30170888198377e-06,0.00015361811395468,2.13527458277968,0.74538311821294,0.00417447687032391,0.0430523433044667,1.47375723667475,0.332466430866843,9.30170888198384e-06,0.000151834068832673,0.822135006107162,2.12537946724234,0,0,0,1
22898,"DENND3",0.609375285962654,0.205469465994707,0.00301925677784448,0.0190686976618213,0.703077806053046,0.775520878376631,0.364624789035033,0.74951142375889,0.609375285962654,0.205469465994707,0.00301925677784446,0.0189078676895852,0.206662532690351,1.01208803923496,0,0,0,1
22903,"BTBD3",0.741878500311309,0.223058300880891,0.00088120930644009,0.00708789932826837,-0.23584409614432,0.779637309296497,0.762267208583361,0.945513740555736,0.741878500311309,0.223058300880891,0.000881209306440118,0.00702931942917873,0.304692264132064,1.17906473649055,0,0,0,1
22918,"CD93",1.00224989319034,0.262633754625276,0.00013554993098363,0.00149536042760372,2.19693050190613,0.792327662175065,0.00555839480649263,0.053382887428086,1.00224989319034,0.262633754625276,0.000135549930983634,0.00148099673986395,0.487497193000269,1.51700259338041,0,0,0,1
22955,"SCMH1",0.761638817653053,0.253547071140405,0.00266512614448015,0.0172773694883541,-0.278407349963778,0.818426139541976,0.733725445005344,0.937423232789786,0.761638817653053,0.253547071140405,0.00266512614448013,0.0171276910419569,0.264695689832244,1.25858194547386,0,0,0,1
22974,"TPX2",2.35712222241267,0.44284346992802,1.02239186613062e-07,2.98538424910141e-06,4.29332545953515,1.14682519688114,0.00018135786435675,0.00350967257361993,2.35712222241267,0.44284346992802,1.02239186613061e-07,2.93921311962452e-06,1.489164970565,3.22507947426034,0,0,0,1
22993,"HMGXB3",0.794825341891121,0.228185135362256,0.00049536984656093,0.00438044830812005,1.25147325742693,0.771379836092295,0.104721443186361,0.408430688005636,0.794825341891121,0.228185135362256,0.000495369846560957,0.00434552481534248,0.347590694773702,1.24205998900854,0,0,0,1
22996,"TTC39A",1.7521690972347,0.583387864822614,0.00266948212313762,0.0172974375155528,0.918899496915755,0.801953653081104,0.251867077280762,0.655746519830401,1.7521690972347,0.583387864822614,0.00266948212313764,0.0171475118943615,0.608749893164655,2.89558830130474,0,0,0,1
23023,"TMCC1",1.89585952671916,0.222562907188745,1.61900324699837e-17,2.88561046257216e-15,2.83439888746448,1.0583589773886,0.00740394988535095,0.0656522730839135,1.89585952671916,0.222562907188745,1.61900324699849e-17,2.83493776354294e-15,1.45964424433469,2.33207480910363,0,0,0,1
23030,"KDM4B",0.657138890216436,0.255240423170451,0.010035959893618,0.0493314876719247,0.794879633044189,0.847031898943507,0.348023785189334,0.736133632736819,0.657138890216436,0.255240423170451,0.010035959893618,0.0489030889937302,0.156876853403589,1.15740092702928,0,0,0,1
23036,"ZNF292",0.884668245629626,0.210620494756137,2.66567238110814e-05,0.00037793065866041,-1.02710244382617,0.819254084771237,0.209949471157817,0.596423829519252,0.884668245629626,0.210620494756137,2.66567238110805e-05,0.000373998550618937,0.47185966150159,1.29747682975766,0,0,0,1
23080,"AVL9",0.884602980006089,0.260588329093165,0.0006871945938415,0.00575415412195291,0.45563937092421,0.76908004549557,0.553551122789487,0.867002021846632,0.884602980006089,0.260588329093165,0.000687194593841497,0.00570532309653011,0.373859240192014,1.39534671982016,0,0,0,1
23102,"TBC1D2B",1.17015123678709,0.258617200841632,6.04967304220914e-06,0.00010602599377292,1.38387046690507,0.772944078425537,0.073391420038224,0.331170384604361,1.17015123678709,0.258617200841632,6.0496730422097e-06,0.000104832702551531,0.66327083735493,1.67703163621925,0,0,0,1
23127,"COLGALT2",2.4747351363863,0.457384624529618,6.2806352808572e-08,1.90697872996647e-06,-1.12706522407416,1.41795812120072,0.426700265020289,0.797685703045369,2.4747351363863,0.457384624529618,6.28063528085714e-08,1.87764535458529e-06,1.57827774522587,3.37119252754673,0,0,0,1
23129,"PLXND1",1.43212949695809,0.375548575741233,0.00013704944760035,0.00150783747319396,3.12460710333537,0.781000623145314,6.31355951397314e-05,0.00146753042849759,1.43212949695809,0.375548575741233,0.000137049447600358,0.00149332487058159,0.696067814059961,2.16819117985622,0,0,0,1
23151,"GRAMD4",1.76055159472936,0.502502201781529,0.00045906613518424,0.00411241751910481,1.78238557260125,0.789217643022787,0.0239194346445729,0.152885509232798,1.76055159472936,0.502502201781529,0.000459066135184266,0.00407477860479885,0.775665377085484,2.74543781237324,0,0,0,1
23155,"CLCC1",1.15522136820366,0.224066739810685,2.52682298891911e-07,6.66886898075499e-06,1.01475725867475,0.795329481037855,0.201992483009731,0.585066025364687,1.15522136820366,0.224066739810685,2.52682298891898e-07,6.58977840611115e-06,0.71605862804141,1.59438410836591,0,0,0,1
23162,"MAPK8IP3",0.905977013070294,0.336630290336979,0.0071171679793258,0.0378735995921936,0.917566358867813,0.790740247995608,0.245890425603025,0.647936736270614,0.905977013070294,0.336630290336979,0.00711716797932583,0.0375433395403952,0.246193767904553,1.56576025823603,0,0,0,1
23184,"MESD",0.564622621211223,0.218297786895538,0.00969621048803895,0.0480394492539553,0.338233509677051,0.737762682953981,0.646623132846681,0.909810854116155,0.564622621211223,0.218297786895538,0.0096962104880388,0.0476255317631293,0.136766820991169,0.992478421431277,0,0,0,1
23193,"GANAB",0.559868181348901,0.17944902670449,0.00180894776751276,0.0126148369722282,0.18725505122632,0.728174164906313,0.797057611438365,0.952843501192183,0.559868181348901,0.17944902670449,0.00180894776751273,0.0125013033056761,0.208154551947334,0.911581810750468,0,0,0,1
23199,"GSE1",0.527924861931427,0.199715567596569,0.00820819757561242,0.0421250461998912,-1.17606530027481,0.820057593716014,0.151536523952849,0.503389614455063,0.527924861931427,0.199715567596569,0.00820819757561242,0.0417599792255605,0.136489542290177,0.919360181572677,0,0,0,1
23208,"SYT11",0.900487444577024,0.239374964684531,0.00016867603296614,0.00179033244589367,0.797400022262459,0.811652960507436,0.325883317854778,0.730755456477082,0.900487444577024,0.239374964684531,0.000168676032966144,0.0017725918987323,0.431321134994796,1.36965375415925,0,0,0,1
23231,"SEL1L3",1.57410656541581,0.341385980618792,4.00873180480806e-06,7.4446326507694e-05,2.43142991910781,0.859435922641579,0.00466791532863988,0.0466763681340547,1.57410656541581,0.341385980618792,4.00873180480818e-06,7.35370488765017e-05,0.905002338576089,2.24321079225553,0,0,0,1
23250,"ATP11A",1.09932224076292,0.284544091439475,0.00011179618837847,0.00127644832720983,-0.689584847098456,0.769052767585544,0.369896211878701,0.752499467695454,1.09932224076292,0.284544091439475,0.000111796188378477,0.00126349371995558,0.541626069527877,1.65701841199796,0,0,0,1
23255,"MTCL1",1.88374676457182,0.31693688544441,2.78825802338153e-09,1.16310191832487e-07,2.59026728506694,0.896985905687198,0.00388013304010845,0.0409748894890848,1.88374676457182,0.31693688544441,2.78825802338147e-09,1.14616106491623e-07,1.26256188372848,2.50493164541516,0,0,0,1
23258,"DENND5A",0.755202926770958,0.246473542652934,0.00218375239511598,0.0147199498381983,0.697394010081228,0.809951819513348,0.389220707886753,0.768153787947602,0.755202926770958,0.246473542652934,0.002183752395116,0.0145976864369604,0.272123660029211,1.23828219351271,0,0,0,1
23263,"MCF2L",0.511096386752307,0.194025692991082,0.00843435964567897,0.0430469140116393,-2.03698123798555,0.823299570244207,0.0133546977435955,0.100478818674697,0.511096386752307,0.194025692991082,0.00843435964567911,0.0426718465676141,0.130813016414361,0.891379757090253,0,0,0,1
23295,"MGRN1",0.538835509282149,0.203020905304779,0.00795228983591895,0.0411528000407812,0.532084987568633,0.815972671795456,0.514345195432493,0.849786727177801,0.538835509282149,0.203020905304779,0.00795228983591878,0.040783843232291,0.140921846776065,0.936749171788233,0,0,0,1
23306,"NEMP1",1.01180740926919,0.32433701853273,0.00181086077042668,0.0126217639478597,1.23907634481365,0.877149471677852,0.157768337753202,0.513306071132968,1.01180740926919,0.32433701853273,0.00181086077042669,0.012508112585893,0.376118534091939,1.64749628444644,0,0,0,1
23313,"KIAA0930",0.97640341189739,0.263365099807709,0.00020938663372678,0.00214769967209744,1.20589619537406,0.741927715632843,0.104086860079235,0.406869546487058,0.97640341189739,0.263365099807709,0.000209386633726783,0.00212587348082697,0.460217301489484,1.4925895223053,0,0,0,1
23333,"DPY19L1",1.05933647487942,0.336401035951153,0.0016381417641525,0.0117276252327746,2.15506061657796,0.827772957632976,0.00922923188254377,0.0773089846416537,1.05933647487942,0.336401035951153,0.00163814176415239,0.0116186561841487,0.400002560053196,1.71867038970564,0,0,0,1
23336,"SYNM",2.01623426061013,0.321209212965021,3.4514023737756e-10,1.75433504361838e-08,0.299015810902202,0.90106309522388,0.740004184062934,0.939144293917968,2.01623426061013,0.321209212965021,3.45140237377538e-10,1.72993524927931e-08,1.38667577169623,2.64579274952403,0,0,0,1
23360,"FNBP4",0.866110907461216,0.319935492383519,0.00678651592282685,0.0363678815013181,-0.00735788333925085,0.750416271887675,0.992176812164633,0.999005531907095,0.866110907461216,0.319935492383519,0.00678651592282682,0.0360530315947494,0.23904886501343,1.493172949909,0,0,0,1
23386,"NUDCD3",0.638609230883603,0.235263866214251,0.00663882812713784,0.035717037479235,0.161769819785444,0.803499897086103,0.840439392591765,0.963754622934732,0.638609230883603,0.235263866214251,0.00663882812713786,0.0354089538122748,0.177500526240021,1.09971793552718,0,0,0,1
23398,"PPWD1",0.767261038586193,0.253206945285931,0.00244413088591596,0.0161033376276095,0.327888849800518,0.816170063682953,0.687874762406105,0.922870831993732,0.767261038586193,0.253206945285931,0.00244413088591602,0.0159661902784912,0.270984545190364,1.26353753198202,0,0,0,1
23412,"COMMD3",0.836052024060344,0.284353461584538,0.00328015435836197,0.0203392513874974,0.886702031724111,0.789230727381558,0.261224496298979,0.666239740294414,0.836052024060344,0.284353461584538,0.00328015435836195,0.0201734313206236,0.278729480475356,1.39337456764533,0,0,0,1
23417,"MLYCD",0.95863561773039,0.321169539088079,0.00283738441355906,0.0181266710670397,-1.0643930917881,0.789331567514003,0.177505978930218,0.548051345042654,0.95863561773039,0.321169539088079,0.00283738441355907,0.0179756512297021,0.329154888186426,1.58811634727435,0,0,0,1
23462,"HEY1",1.94703020551935,0.419355972652531,3.43543292457853e-06,6.54831686901608e-05,1.41485537857509,0.823451987011557,0.0857601029102958,0.363585521040639,1.94703020551935,0.419355972652531,3.43543292457853e-06,6.4692656595101e-05,1.12510760241863,2.76895280862007,0,0,0,1
23480,"SEC61G",1.54567183550566,0.318559950763672,1.22185950958739e-06,2.66594593157032e-05,2.73815673424959,0.721902147403068,0.00014885320026511,0.00297688637618502,1.54567183550566,0.318559950763672,1.22185950958735e-06,2.63168239101696e-05,0.92130580509201,2.17003786591931,0,0,0,1
23484,"LEPROTL1",0.801594103103374,0.263115069165066,0.0023148137381503,0.0154066458498423,-0.645674786523363,0.781900818385873,0.408931275099441,0.784038352521626,0.801594103103374,0.263115069165066,0.00231481373815026,0.015276864234694,0.285898043750079,1.31729016245667,0,0,0,1
23516,"SLC39A14",1.61773292233487,0.443059263934646,0.0002609377293339,0.00258191016393551,-0.209475373544068,0.723079497929241,0.772046557318822,0.947175231262847,1.61773292233487,0.443059263934646,0.000260937729333908,0.00255684840451242,0.749352722006138,2.4861131226636,0,0,0,1
23551,"RASD2",2.80773795436745,0.474403217335382,3.24963816156864e-09,1.31355258857303e-07,4.4923728299994,0.947214338591623,2.10867144938454e-06,7.56728582874422e-05,2.80773795436745,0.474403217335382,3.24963816156843e-09,1.29429272054232e-07,1.87792473424017,3.73755117449473,0,0,0,1
23603,"CORO1C",1.19143815158983,0.288755017662654,3.68933156992289e-05,0.00049786024056658,0.64614623055226,0.750234911497949,0.389095660396261,0.768153395285774,1.19143815158983,0.288755017662654,3.68933156992328e-05,0.000492507500567085,0.625488716615801,1.75738758656386,0,0,0,1
23612,"PHLDA3",1.8767886457739,0.30713844861527,9.92806691927682e-10,4.6344486530665e-08,2.88230478844599,0.773315126963027,0.00019361419877006,0.00369564960955295,1.8767886457739,0.30713844861527,9.92806691927709e-10,4.56860499223935e-08,1.27480834822046,2.47876894332733,0,0,0,1
23642,"SNHG1",0.898188509193301,0.303590647452564,0.0030908877572755,0.0194178460119957,1.18555140293669,0.779108372073977,0.128089997125897,0.457858703373185,0.898188509193301,0.303590647452564,0.00309088775727548,0.0192530890020119,0.303161774143079,1.49321524424352,0,0,0,1
23643,"LY96",1.67148928386515,0.390138964137695,1.83279672881431e-05,0.00027550166819548,3.33254422736838,0.84740730168038,8.40195124128076e-05,0.00186996415474933,1.67148928386515,0.390138964137695,1.83279672881441e-05,0.000272754948064069,0.906830965189504,2.4361476025408,0,0,0,1
23670,"CEMIP2",1.37896839569713,0.314146340025763,1.13573276772885e-05,0.00018019417924058,1.1541305588291,1.06448229931589,0.278268281989589,0.686105240926499,1.37896839569713,0.314146340025763,1.13573276772891e-05,0.000178266413356099,0.763252883371561,1.9946839080227,0,0,0,1
23704,"KCNE4",0.982211218746729,0.346527127105089,0.00459057173302392,0.0267179840814335,0.562542879570824,0.776094046376528,0.468551085840717,0.823625723474363,0.982211218746729,0.346527127105089,0.00459057173302391,0.0265073570348443,0.303030529954621,1.66139190753884,0,0,0,1
23765,"IL17RA",0.705772926330709,0.231305292423005,0.00227882033842612,0.0152003570453754,0.426096868044191,0.784375357719059,0.586970889621888,0.883942644800522,0.705772926330709,0.231305292423005,0.00227882033842617,0.0150725856044701,0.252422883748114,1.1591229689133,0,0,0,1
23780,"APOL2",1.21245625017127,0.408529820809116,0.00299888200771959,0.0189749454467237,1.99567553538623,0.781883540320815,0.0106985191876071,0.0863247390780484,1.21245625017127,0.408529820809116,0.00299888200771953,0.018815228529587,0.411752514774801,2.01315998556774,0,0,0,1
24137,"KIF4A",2.42825775194569,0.461580225398601,1.43469698930255e-07,4.01786808513342e-06,3.51568819539918,1.68711869157561,0.0371745735291773,0.208573377226475,2.42825775194569,0.461580225398601,1.43469698930255e-07,3.95536814063236e-06,1.52357713418855,3.33293836970283,0,0,0,1
25780,"RASGRP3",0.674368856408617,0.220873865722576,0.00226426018599667,0.0151215118212254,-0.0857472240867617,0.79351198645928,0.913947778953804,0.982938764806366,0.674368856408617,0.220873865722576,0.00226426018599666,0.0149946071158119,0.241464034466232,1.107273678351,0,0,0,1
25816,"TNFAIP8",0.979908813139386,0.297618945046383,0.00099302752913635,0.00781439782675881,1.7766867928956,0.767794615633162,0.0206670039836447,0.137443777683294,0.979908813139386,0.297618945046383,0.000993027529136347,0.00774825820332486,0.39658639973167,1.5632312265471,0,0,0,1
25829,"TMEM184B",1.01545803680003,0.253410462342032,6.14514191193951e-05,0.00076950627089715,0.920611024733277,0.791924510014644,0.245033049148673,0.646848696859482,1.01545803680003,0.253410462342032,6.14514191193895e-05,0.00076085283449447,0.518782657304004,1.51213341629606,0,0,0,1
25873,"RPL36",0.825010365735199,0.243083711392525,0.00068895991629109,0.00576541822632861,2.45920084673596,0.732001702484527,0.00078067775310755,0.0116711672295535,0.825010365735199,0.243083711392525,0.000688959916291094,0.00571645941621712,0.348575046177521,1.30144568529288,0,0,0,1
25900,"IFFO1",1.0736149733037,0.351406296076287,0.00224913777565773,0.015042478963512,1.4923290834896,0.788993761255988,0.0585665252019096,0.285110674558988,1.0736149733037,0.351406296076287,0.00224913777565764,0.0149164410374776,0.384871289053559,1.76235865755384,0,0,0,1
25902,"MTHFD1L",0.939696961008732,0.248552930573411,0.00015640598517854,0.00167827657591114,1.84637907475401,0.856235158001549,0.0310530296567348,0.183997387953593,0.939696961008732,0.248552930573411,0.00015640598517855,0.00166179818610117,0.452542168832962,1.4268517531845,0,0,0,1
25903,"OLFML2B",2.52813061628553,0.558508323513034,5.99469229602022e-06,0.00010561124142565,5.40050982634088,0.86633118297067,4.55339846059389e-10,3.95390698451259e-08,2.52813061628553,0.558508323513034,5.99469229602027e-06,0.000104426920190234,1.43347441713414,3.62278681543692,0,0,0,1
25923,"ATL3",0.538791119196906,0.198548531607653,0.00665465381269552,0.0357729999707925,0.628994706464715,0.780963509783658,0.420583945847785,0.793202099668652,0.538791119196906,0.198548531607653,0.00665465381269561,0.0354643072555632,0.149643148062594,0.927939090331218,0,0,0,1
25939,"SAMHD1",1.24009330160242,0.331055820105116,0.00017976699695188,0.0018890675851207,1.43784130915097,0.791286918541215,0.0692029927383538,0.319232853097184,1.24009330160242,0.331055820105116,0.00017976699695189,0.00187021483017156,0.591235817324021,1.88895078588082,0,0,0,1
25948,"KBTBD2",0.835529321505804,0.25625218519759,0.00111186783096469,0.00856300455227802,0.8690492034793,0.819427238472322,0.288891323051544,0.698324769018786,0.835529321505804,0.25625218519759,0.00111186783096471,0.00848885275475493,0.33328426755884,1.33777437545277,0,0,0,1
26136,"TES",1.01193070306713,0.26672670720551,0.00014830782427334,0.00160398869955411,1.58307873289298,0.793775350187928,0.0461120489265112,0.243059806954005,1.01193070306713,0.26672670720551,0.000148307824273352,0.00158833834793422,0.48915596322937,1.53470544290489,0,0,0,1
26191,"PTPN22",1.33765058536199,0.409539401983132,0.00108989025218546,0.00841262869572172,1.79916444363908,1.94898112285124,0.355939061450453,0.741938150603003,1.33765058536199,0.409539401983132,0.00108989025218546,0.00833994907503776,0.53496810722498,2.140333063499,0,0,0,1
26278,"SACS",1.14700539961438,0.341199225957344,0.0007746755522454,0.00635708748479414,1.9920462854482,0.950725562558388,0.0361451721462795,0.204574030596054,1.14700539961438,0.341199225957344,0.000774675552245387,0.00630192283249194,0.478267205185042,1.81574359404372,0,0,0,1
26353,"HSPB8",1.8184999430964,0.611292281935612,0.00293136381578135,0.018616398430256,1.12456978776387,0.73268377998324,0.124817294886571,0.450627540931506,1.8184999430964,0.611292281935612,0.00293136381578132,0.018460335510593,0.620389086475296,3.0166107997175,0,0,0,1
26471,"NUPR1",1.24670343044441,0.482936043849792,0.00983696112590302,0.0486144956758708,1.03554243774733,0.752480306511685,0.168768343656476,0.533038688741072,1.24670343044441,0.482936043849792,0.0098369611259032,0.0481946754580497,0.300166177662562,2.19324068322626,0,0,0,1
26472,"PPP1R14B",0.758564893387612,0.274113619179381,0.00565162156213502,0.0315552702679988,1.94342213632898,0.755664305211103,0.010116951041067,0.0827073085352402,0.758564893387612,0.274113619179381,0.00565162156213504,0.0312939685923067,0.221312072124098,1.29581771465113,0,0,0,1
26508,"HEYL",1.95726100371801,0.441757786589969,9.39624236640145e-06,0.00015480675898738,2.6854281780181,0.805061370763608,0.00085090643231839,0.0125863556039046,1.95726100371801,0.441757786589969,9.39624236640152e-06,0.000153006685780425,1.09143165211154,2.82309035532448,0,0,0,1
26509,"MYOF",1.90812061380075,0.343094035862257,2.67451680311961e-08,9.10795747047482e-07,2.10922694078136,0.92642401460319,0.0228017350983292,0.14799933327378,1.90812061380075,0.343094035862257,2.67451680311935e-08,8.97027613344731e-07,1.23566866020023,2.58057256740127,0,0,0,1
26586,"CKAP2",0.915503215284439,0.295472223819716,0.00194541784775173,0.0133896261497215,0.211669180508034,0.942035846827767,0.822217846313473,0.958966715645771,0.915503215284439,0.295472223819716,0.00194541784775177,0.0132810475145504,0.336388298165838,1.49461813240304,0,0,0,1
27072,"VPS41",0.68414167114564,0.230597312993147,0.00300893024333503,0.0190209851034224,0.390133329228385,0.743077787918837,0.59956682820311,0.891187625175691,0.68414167114564,0.230597312993147,0.00300893024333503,0.0188607189543869,0.232179242747362,1.13610409954392,0,0,0,1
27075,"TSPAN13",0.696613210205612,0.267199729442736,0.00913158867254278,0.0458383039290334,2.5600898519907,1.01626418866354,0.0117649076697473,0.0924369843587884,0.696613210205612,0.267199729442736,0.00913158867254287,0.0454489516692121,0.172911363819003,1.22031505659222,0,0,0,1
27106,"ARRDC2",1.08795182714272,0.373996335927513,0.0036259775750097,0.0221070263169405,0.52890381087394,0.74829029732292,0.479680617492683,0.82990475824423,1.08795182714272,0.373996335927513,0.00362597757500957,0.0219331788442593,0.354932478374851,1.82097117591059,0,0,0,1
27113,"BBC3",1.33764761294224,0.290514237272404,4.13630324235423e-06,7.66081318462476e-05,2.45821102695355,1.03558915642336,0.0176093308414786,0.122049121411224,1.33764761294224,0.290514237272404,4.13630324235425e-06,7.56713386928933e-05,0.768250170892205,1.90704505499228,0,0,0,1
27128,"CYTH4",1.01352686637824,0.37989647574119,0.00763263390730378,0.0400561049277443,0.183543540571251,0.8045705121578,0.819548202928168,0.958468089307096,1.01352686637824,0.37989647574119,0.0076326339073037,0.0397017603986233,0.268943456071813,1.75811027668467,0,0,0,1
27143,"PALD1",1.58845542858611,0.277814064689685,1.07980239067309e-08,3.96235508278009e-07,1.45965595853335,0.897102840269414,0.103720612512005,0.406418925669556,1.58845542858611,0.277814064689685,1.07980239067305e-08,3.90321062558839e-07,1.04394986739565,2.13296098977657,0,0,0,1
27145,"FILIP1",1.34319250029499,0.31605190976398,2.13855433225191e-05,0.00031289466584035,0.561541005748393,1.01676925648089,0.580756746127534,0.881710223420772,1.34319250029499,0.31605190976398,2.13855433225178e-05,0.00030971136478787,0.723742139912486,1.96264286067749,0,0,0,1
27253,"PCDH17",1.38243001597185,0.297275803028164,3.31407398629512e-06,6.36116802628172e-05,2.87699701045648,0.959435252320949,0.00271191162467888,0.0313224858152952,1.38243001597185,0.297275803028164,3.31407398629511e-06,6.28462159735822e-05,0.799780148561425,1.96507988338227,0,0,0,1
27299,"ADAMDEC1",2.32315310429305,0.60922166375075,0.00013711608616628,0.00150783747319396,6.49424463439223,1.48213065408866,1.1775952434639e-05,0.00034349467110071,2.32315310429305,0.60922166375075,0.000137116086166284,0.00149332487058159,1.12910058474001,3.51720562384609,0,0,0,1
27340,"UTP20",1.00896355339998,0.288803521986249,0.00047655712994948,0.00424142026681373,-0.337740270406491,0.871296349466613,0.69829014800946,0.927139953451408,1.00896355339998,0.288803521986249,0.000476557129949519,0.00420787150170881,0.44291905169861,1.57500805510135,0,0,0,1
27347,"STK39",1.33525821309218,0.299835571548832,8.4559866549405e-06,0.00014083733113155,2.25052649971653,0.808176543405243,0.00535778242797224,0.052022639461406,1.33525821309218,0.299835571548832,8.45598665494102e-06,0.000139208874320598,0.747591291572487,1.92292513461187,0,0,0,1
27350,"APOBEC3C",1.50217252377145,0.354221484811837,2.22752404612107e-05,0.00032418388132519,3.60369250080797,0.77202553909165,3.04381233165161e-06,0.00010453125177489,1.50217252377145,0.354221484811837,2.22752404612123e-05,0.000320872934977057,0.807911170989948,2.19643387655295,0,0,0,1
28984,"RGCC",1.18831714932269,0.395764734129851,0.00267697437827459,0.0173377991351772,0.0409881859612805,0.81394732284547,0.9598376663364,0.992772016057161,1.18831714932269,0.395764734129851,0.0026769743782747,0.0171874502582275,0.412632524077112,1.96400177456827,0,0,0,1
28988,"DBNL",0.783887158487807,0.181586400788542,1.58248331086943e-05,0.00024077606384004,1.42518385389807,0.733558172798971,0.0520358732786275,0.263863600688811,0.783887158487807,0.181586400788542,1.58248331086946e-05,0.000238398016541374,0.427984352860009,1.1397899641156,0,0,0,1
29028,"ATAD2",0.989852921529326,0.304076624744032,0.00113282765865701,0.00867122582512528,2.13116298222144,1.2347817996816,0.0843576709265827,0.359424530619199,0.989852921529326,0.304076624744032,0.00113282765865699,0.00859565910749579,0.393873688490522,1.58583215456813,0,0,0,1
29097,"CNIH4",0.776893677055127,0.176491660276768,1.07320925594651e-05,0.00017246749213828,1.02413464169791,0.72900397894464,0.160068579298028,0.516497620473294,0.776893677055127,0.176491660276768,1.07320925594656e-05,0.000170637740541598,0.430976379340983,1.12281097476927,0,0,0,1
29126,"CD274",1.15440812470425,0.416331603601734,0.00555746850613401,0.0311563307917415,0.224479038310653,1.10449867381011,0.83894693467661,0.963754622934732,1.15440812470425,0.416331603601734,0.0055574685061342,0.0308995248941062,0.338413176019045,1.97040307338945,0,0,0,1
29127,"RACGAP1",0.893841299641311,0.311614216440014,0.00412523956740349,0.0245298040827754,-1.7296731783629,0.883383858489989,0.0502290053866297,0.257921252685092,0.893841299641311,0.311614216440014,0.00412523956740344,0.0243309733540248,0.283088658348214,1.50459394093441,0,0,0,1
29767,"TMOD2",1.02474204995717,0.262506925120245,9.47424964127306e-05,0.00111037234907627,0.659095605143432,0.924186123297598,0.475744726883148,0.826903741737676,1.02474204995717,0.262506925120245,9.47424964127313e-05,0.00109837754009704,0.510237931029137,1.5392461688852,0,0,0,1
29780,"PARVB",1.09910635727515,0.227819201876006,1.40377736232507e-06,3.02440196554933e-05,0.962215780351234,0.753111401945084,0.201371458263844,0.583872710907225,1.09910635727515,0.227819201876006,1.403777362325e-06,2.98535176281198e-05,0.652588926611519,1.54562378793878,0,0,0,1
29896,"TRA2A",0.557963437309902,0.171148562890058,0.00111368333103904,0.00857217612741436,0.499569195287576,0.756104161894008,0.508795243242469,0.847082792750304,0.557963437309902,0.171148562890058,0.00111368333103903,0.00849790172744722,0.2225184180396,0.893408456580204,0,0,0,1
29902,"FAM216A",1.05402170844764,0.373283387398177,0.00474801742262253,0.0274712441433692,1.20002299189055,0.903431872929075,0.184081053862784,0.558035284673063,1.05402170844764,0.373283387398177,0.0047480174226224,0.0272530944696543,0.3223997131201,1.78564370377518,0,0,0,1
29904,"EEF2K",0.63210483680712,0.238053927278359,0.0079237664314407,0.0410896045625697,0.251134541187629,0.76878988670904,0.743923446787977,0.939144293917968,0.63210483680712,0.238053927278359,0.0079237664314407,0.0407218872827999,0.165527712963219,1.09868196065102,0,0,0,1
29923,"HILPDA",4.45283644755469,0.388780888608242,2.26278195695385e-30,2.15004318790981e-27,4.28744427061894,0.905214514849445,2.17564315743017e-06,7.79094095627611e-05,4.45283644755469,0.388780888608242,2.26278195695399e-30,2.11228740182088e-27,3.69083990800506,5.21483298710432,0,0,0,1
29957,"SLC25A24",0.598050716865419,0.228130578272411,0.00875365507538873,0.0444122596135434,-0.664252217716933,0.878978523573218,0.449823525379334,0.811386552774971,0.598050716865419,0.228130578272411,0.00875365507538873,0.0440229509069251,0.150922999679198,1.04517843405164,0,0,0,1
29969,"MDFIC",0.681433330723796,0.264050066885651,0.00986009564793145,0.0487112860591113,0.642480625609745,0.825885941518526,0.436610870124994,0.804083689277447,0.681433330723796,0.264050066885651,0.00986009564793134,0.0482904720744854,0.163904709512528,1.19896195193506,0,0,0,1
29988,"SLC2A8",0.745732737992574,0.258021893775165,0.00385006957498792,0.023205250262246,0.244876302733639,0.82036002455429,0.765322659449186,0.94604761044437,0.745732737992574,0.258021893775165,0.00385006957498795,0.023020172097367,0.240019118970431,1.25144635701472,0,0,0,1
30001,"ERO1A",1.58215276023334,0.389872497745782,4.94675122344804e-05,0.00064349965678294,1.59473920960131,0.785903006749673,0.0424398891022672,0.229213696894907,1.58215276023334,0.389872497745782,4.94675122344803e-05,0.000636422201772422,0.818016706088934,2.34628881437775,0,0,0,1
30827,"CXXC1",0.951686639712881,0.355691165642467,0.00745960180459944,0.0393298406324713,-0.583332216058928,0.807519110739578,0.47006349748732,0.824534483177066,0.951686639712881,0.355691165642467,0.00745960180459949,0.0389836477253546,0.254544765434575,1.64882851399119,0,0,0,1
30846,"EHD2",1.07188560116582,0.322784029323202,0.00089775380957812,0.00717575613433324,2.5041671568703,0.731061438386525,0.00061392793454611,0.00959777822300223,1.07188560116582,0.322784029323202,0.000897753809578156,0.00711605797445166,0.439240528907623,1.70453067342402,0,0,0,1
50509,"COL5A3",2.0559866473577,0.487449587703758,2.46648622681424e-05,0.00035297243979977,3.67739753694131,1.01529836178869,0.0002923487390286,0.00518462700251885,2.0559866473577,0.487449587703758,2.46648622681423e-05,0.000349323884413196,1.10060301117944,3.01137028353596,0,0,0,1
50515,"CHST11",1.35232703872501,0.337540708633882,6.16481610412414e-05,0.00077093707389619,2.97848099801623,0.846958747525977,0.00043698393044977,0.00724373263146174,1.35232703872501,0.337540708633882,6.16481610412406e-05,0.000762258622650187,0.690759406486473,2.01389467096355,0,0,0,1
50615,"IL21R",0.891509917763278,0.345917605795559,0.00995950838579951,0.0490940889798048,4.06826622721627,1.09515448603968,0.0002033745043017,0.00383391824251102,0.891509917763278,0.345917605795559,0.00995950838579954,0.048668857126822,0.213523868785659,1.5694959667409,0,0,0,1
50619,"DEF6",1.15558842501404,0.405849130591232,0.00440869449482638,0.0258899971103968,2.06735051817741,0.9591430265558,0.0311294346090677,0.184345651806843,1.15558842501404,0.405849130591232,0.00440869449482648,0.0256881710776774,0.360138745898332,1.95103810412975,0,0,0,1
50807,"ASAP1",1.22394955127853,0.326493548230113,0.00017770323760808,0.00187455744268513,0.968017790452195,0.806553325400529,0.230065291048681,0.626122801670159,1.22394955127853,0.326493548230113,0.000177703237608094,0.00185590453343915,0.584033955562817,1.86386514699424,0,0,0,1
50856,"CLEC4A",1.29886193068062,0.353284728664028,0.00023642799105546,0.00237535706386914,2.52650646362905,1.16828650027264,0.0305739299120603,0.182032972900534,1.29886193068062,0.353284728664028,0.000236427991055455,0.00235258937520347,0.60643658621112,1.99128727515012,0,0,0,1
50861,"STMN3",0.942459802654182,0.341470800337174,0.00578011575215937,0.0321159144059252,3.19993685040936,0.831558725184915,0.00011902828153804,0.00247186489503842,0.942459802654182,0.341470800337174,0.0057801157521594,0.0318485086580978,0.273189332221253,1.61173027308711,0,0,0,1
50863,"NTM",1.47264957270934,0.5402072206574,0.00640909327982439,0.0348074381370439,4.22969738023115,1.60716988438185,0.00849419831626173,0.0726090088247761,1.47264957270934,0.5402072206574,0.0064090932798245,0.0345103053881285,0.413862876032354,2.53143626938633,0,0,0,1
50937,"CDON",0.970723021071277,0.373258419154253,0.00930411456372244,0.0465171833415398,0.860987697560279,0.846571830840776,0.309139861442315,0.719888467820868,0.970723021071277,0.373258419154253,0.0093041145637225,0.0461203590671583,0.239149962602586,1.70229607953997,0,0,0,1
51114,"ZDHHC9",2.09590653032545,0.413352368683084,3.96755044689841e-07,9.81093015013221e-06,-0.104730231161915,0.744523336250718,0.888132626555471,0.976532800685728,2.09590653032545,0.413352368683084,3.96755044689837e-07,9.69102947020484e-06,1.28575077478228,2.90606228586862,0,0,0,1
51129,"ANGPTL4",4.26617100879184,0.583635276674634,2.67834300864912e-13,2.50051560889119e-11,7.77678677692012,0.817841462534137,1.9265731496645e-21,1.07624798050758e-18,4.26617100879184,0.583635276674634,2.67834300864882e-13,2.45660535956545e-11,3.12226688640249,5.41007513118119,0,0,0,1
51135,"IRAK4",0.730846996940197,0.250730270123714,0.0035583284641874,0.0217913877030379,0.637555133160204,0.808213721843752,0.430202764032439,0.800462764785128,0.730846996940197,0.250730270123714,0.00355832846418734,0.0216209746203866,0.239424697663718,1.22226929621668,0,0,0,1
51187,"RSL24D1",0.69307225258458,0.209373279547184,0.00093221658488326,0.00741236408513205,0.171654475848418,0.731130453730588,0.814379844140544,0.957203551952956,0.69307225258458,0.209373279547184,0.000932216584883264,0.00735033696724038,0.282708165347063,1.1034363398221,0,0,0,1
51192,"CKLF",1.28538868464025,0.220268099242123,5.36087758723309e-09,2.10809982828616e-07,2.25672878670488,0.779367848573899,0.00378447980347572,0.0403204685482832,1.28538868464025,0.220268099242123,5.36087758723266e-09,2.0770319686396e-07,0.853671143182594,1.71710622609791,0,0,0,1
51203,"NUSAP1",2.21094398174724,0.32099454030106,5.66645389141069e-12,4.05033402113127e-10,1.20369070787107,1.05938065288357,0.255864019396201,0.660203140532909,2.21094398174724,0.32099454030106,5.66645389141101e-12,3.97920821968201e-10,1.58180624352317,2.84008171997131,0,0,0,1
51248,"PDZD11",0.62334481947287,0.208995021027174,0.00285827927931473,0.0182451278275885,0.909555391066165,0.760080187435572,0.231440215062264,0.629149483248739,0.62334481947287,0.208995021027174,0.00285827927931471,0.0180930420295776,0.213722105311418,1.03296753363432,0,0,0,1
51251,"NT5C3A",0.754939615275859,0.221070503156778,0.00063799123387678,0.00540814805047867,0.78340626923038,0.804941953841309,0.330431218756062,0.730755456477082,0.754939615275859,0.221070503156778,0.000637991233876795,0.00536286521593568,0.321649391044426,1.18822983950729,0,0,0,1
51257,"MARCHF2",0.570385987763009,0.203908980020578,0.00515383896870044,0.029239886732718,0.553096801277454,0.753858584573699,0.463139072204323,0.819527791265152,0.570385987763009,0.203908980020578,0.00515383896870037,0.0290021747975739,0.170731730798379,0.970040244727639,0,0,0,1
51283,"BFAR",0.834973712257714,0.20787262020342,5.90046191122255e-05,0.00074428253005163,-0.154668214653693,0.792489734805811,0.845261846386489,0.9648374392856,0.834973712257714,0.20787262020342,5.90046191122246e-05,0.000735947529593084,0.427550863287038,1.24239656122839,0,0,0,1
51284,"TLR7",1.96403907998246,0.421472115517647,3.1628585709988e-06,6.13094223564795e-05,3.83860492724117,1.11530029088211,0.00057792553102887,0.00913722073067248,1.96403907998246,0.421472115517647,3.16285857099891e-06,6.05750314101964e-05,1.13796891307997,2.79010924688495,0,0,0,1
51285,"RASL12",1.38900790395038,0.34745524533695,6.39717738958378e-05,0.00079524331969789,1.61608627161035,0.882113687490827,0.0669423013634472,0.312329072536195,1.38900790395038,0.34745524533695,6.39717738958369e-05,0.000786263835403435,0.70800813685043,2.07000767105033,0,0,0,1
51287,"COA4",0.62822592491229,0.207073279394336,0.00241467374342007,0.0159683314195789,0.258942838012838,0.726826181548009,0.721642006211317,0.932522915877369,0.62822592491229,0.207073279394336,0.00241467374342008,0.0158328253211297,0.222369755138791,1.03408209468579,0,0,0,1
51291,"GMIP",1.22230883371803,0.322454419735732,0.00015025921099776,0.00161864788990061,1.88245241119605,0.884555008406977,0.0333258979299952,0.193817410560072,1.22230883371803,0.322454419735732,0.000150259210997764,0.00160280454262884,0.590309784380234,1.85430788305583,0,0,0,1
51303,"FKBP11",1.57885075050664,0.402849430513704,8.8840385115972e-05,0.00105016834223221,3.04579466604755,0.855357795663146,0.00036966632805018,0.00633459917361252,1.57885075050664,0.402849430513704,8.88403851159777e-05,0.00103888544017236,0.789280375507309,2.36842112550597,0,0,0,1
51313,"GASK1B",1.63648185645873,0.299233832292314,4.52820477483991e-08,1.42208426384217e-06,1.36004740346733,0.934233164235688,0.145450649839764,0.491651359553169,1.63648185645873,0.299233832292314,4.52820477483991e-08,1.40031616924694e-06,1.0499943222099,2.22296939070756,0,0,0,1
51338,"MS4A4A",0.977569241120065,0.36677293730396,0.0076913850202033,0.0402580350943059,2.58352993952709,0.975126552934448,0.00806275760470784,0.0697953278395138,0.977569241120065,0.36677293730396,0.00769138502020338,0.0399010943545218,0.258707493500336,1.69643098873979,0,0,0,1
51360,"MBTPS2",0.893740126054446,0.209245224455583,1.94374264371302e-05,0.00028901326156357,0.359513122388014,0.796923487726765,0.651898543390683,0.910995497794703,0.893740126054446,0.209245224455583,1.94374264371308e-05,0.00028610788280768,0.483627022184504,1.30385322992439,0,0,0,1
51365,"PLA1A",2.7200212772323,0.586366573839174,3.50484192454047e-06,6.64370864259577e-05,1.50499311174974,0.750977354721148,0.0450651405251427,0.239077774631487,2.7200212772323,0.586366573839174,3.50484192454053e-06,6.56330328730277e-05,1.57076391076937,3.86927864369523,0,0,0,1
51393,"TRPV2",1.65111830433338,0.408634125030701,5.33194889380482e-05,0.00068452447725516,3.0755601940768,0.81604023086825,0.0001639796913349,0.00322930158293975,1.65111830433338,0.408634125030701,5.33194889380506e-05,0.000676936600142878,0.850210136419169,2.45202647224759,0,0,0,1
51428,"DDX41",0.965957938163663,0.33383843291285,0.00380987254812886,0.0230383399671377,1.44703567602209,0.755200890914814,0.0553531689394151,0.275680165900641,0.965957938163663,0.33383843291285,0.00380987254812885,0.0228552806274902,0.311646632999186,1.62026924332814,0,0,0,1
51466,"EVL",0.857619082151517,0.315849763240593,0.00662206833233085,0.0356676867319107,1.91958569414223,0.743063545778673,0.00978488739648502,0.0807012440342975,0.857619082151517,0.315849763240593,0.00662206833233082,0.0353605335939867,0.238564921674452,1.47667324262858,0,0,0,1
51491,"NOP16",0.735106331863304,0.246685235483023,0.00288308162546193,0.0183692721577714,1.6370259347734,0.749720214038987,0.0289978465202631,0.175632421334691,0.735106331863304,0.246685235483023,0.00288308162546191,0.0182158339063275,0.251612154798797,1.21860050892781,0,0,0,1
51501,"HIKESHI",0.459534121039064,0.155176399598318,0.0030627769011517,0.0192902938005534,1.43962085193527,0.76464899427407,0.0597381644352493,0.288932726629248,0.459534121039064,0.155176399598318,0.00306277690115169,0.0191271055850988,0.155393966575765,0.763674275502363,0,0,0,1
51526,"OSER1",0.75774924332702,0.231522107082033,0.00106449255056877,0.00826773953820359,1.02721687158954,0.7455956137516,0.168291873869467,0.532079114128374,0.75774924332702,0.231522107082033,0.00106449255056877,0.00819677501959949,0.30397425182141,1.21152423483263,0,0,0,1
51559,"NT5DC3",2.68269021403843,0.486936792607108,3.60224199325184e-08,1.17707545512829e-06,3.91885809943716,0.879720357486119,8.40249059570331e-06,0.00025372493674485,2.68269021403843,0.486936792607108,3.60224199325202e-08,1.15916536503621e-06,1.72831163778105,3.63706879029581,0,0,0,1
51560,"RAB6B",1.13139712148983,0.422907680042211,0.00746665114202687,0.0393518895058283,2.14746364492347,0.777809632435714,0.00576402738755114,0.0547925893295346,1.13139712148983,0.422907680042211,0.00746665114202697,0.0390053689840952,0.302513299821707,1.96028094315795,0,0,0,1
51566,"ARMCX3",0.534696942644919,0.187000722309775,0.00424535697886078,0.0251351506375692,-0.424735990412919,0.764652079741769,0.578577964476854,0.881004300877445,0.534696942644919,0.187000722309775,0.00424535697886089,0.0249303781123612,0.168182261834784,0.901211623455054,0,0,0,1
51586,"MED15",0.685010558645695,0.247125828292687,0.00557284395029744,0.0312297714879061,0.87654705231848,0.743331422880346,0.238312848566375,0.637450949214469,0.685010558645695,0.247125828292687,0.00557284395029737,0.0309722403057953,0.200652835542399,1.16936828174899,0,0,0,1
51673,"TPPP3",1.10423123376603,0.39215083568362,0.00486509604410149,0.0279600410842751,1.02898469074466,0.773309109887028,0.183312323080859,0.556949097627287,1.10423123376603,0.39215083568362,0.00486509604410138,0.0277361902590355,0.33562971931885,1.87283274821321,0,0,0,1
51703,"ACSL5",1.32573660089859,0.411386327911454,0.00127029558896429,0.00951612263261239,2.97130184959263,1.02122785951066,0.00361962717265533,0.0388469466542444,1.32573660089859,0.411386327911454,0.00127029558896423,0.00943138514647837,0.519434214459955,2.13203898733722,0,0,0,1
51735,"RAPGEF6",0.791954559081216,0.224940670286752,0.00043036640478007,0.00390373333721201,0.43026368960549,0.934444166935722,0.645194118234817,0.909448506597326,0.791954559081216,0.224940670286752,0.000430366404780081,0.00386842015709988,0.351078946660883,1.23283017150155,0,0,0,1
51750,"RTEL1",0.943090006455382,0.351604807644281,0.00731300240736758,0.0387205420674046,0.667215879695635,0.819952936274483,0.415802734948763,0.788934680788962,0.943090006455382,0.351604807644281,0.00731300240736756,0.0383811644447399,0.253957246681458,1.63222276622931,0,0,0,1
51751,"HIGD1B",2.37859786392762,0.63628894826552,0.0001853164011609,0.00194143686223831,4.16333596145067,0.892993673758016,3.12811426155094e-06,0.00010655298152303,2.37859786392762,0.63628894826552,0.000185316401160903,0.00192201618219419,1.13149444156633,3.62570128628891,0,0,0,1
51816,"ADA2",1.05813856336838,0.2692482800158,8.49552791954579e-05,0.00100771499712918,1.23776543930332,0.941025052902628,0.188396536528989,0.564213287292588,1.05813856336838,0.2692482800158,8.49552791954504e-05,0.000996912123056795,0.530421631638056,1.5858554950987,0,0,0,1
53346,"TM6SF1",1.35724097589212,0.369672478152491,0.00024116050638518,0.00241759444092792,1.79664789475466,1.35216223482333,0.18393965861522,0.55803067720759,1.35724097589212,0.369672478152491,0.000241160506385188,0.0023943793133958,0.632696232637568,2.08178571914667,0,0,0,1
53630,"BCO1",0.923213036710334,0.286986494822519,0.00129574028684276,0.00963834129898648,-0.7077492170422,1.20826243279635,0.558038245650613,0.869224886554545,0.923213036710334,0.286986494822519,0.00129574028684278,0.00955192251913677,0.360729842808806,1.48569623061186,0,0,0,1
53829,"P2RY13",0.917480537368565,0.341763263026798,0.00726275383643275,0.0385139233582701,1.39938997443616,1.20134612094784,0.244079059995697,0.645803752205223,0.917480537368565,0.341763263026798,0.00726275383643278,0.0381768849811396,0.247636850597151,1.58732422413998,0,0,0,1
53904,"MYO3A",2.39138427399478,0.576651278904151,3.3683093683666e-05,0.00046226677771463,0.737226002319336,1.76781183125429,0.67665835361019,0.918640611131327,2.39138427399478,0.576651278904151,3.36830936836675e-05,0.000457350606381559,1.26116853570368,3.52160001228588,0,0,0,1
53917,"RAB24",0.788926276142425,0.247449538186872,0.00143146155078601,0.0104496693207378,1.00394881415866,0.725698539538787,0.166534879836674,0.528991290974756,0.788926276142425,0.247449538186872,0.00143146155078598,0.0103542897474503,0.303934093305087,1.27391845897976,0,0,0,1
54107,"POLE3",0.701783987052377,0.255418423479683,0.0060035831820512,0.0331029230978187,0.193097452106971,0.783302383877184,0.805281949148879,0.955230039980785,0.701783987052377,0.255418423479683,0.00600358318205121,0.0328249440566085,0.201173076044199,1.20239489806056,0,0,0,1
54187,"NANS",0.617361754850953,0.225421835066914,0.00616834831208993,0.0337000048706697,0.577008111547228,0.73752677977616,0.434005695086775,0.802905208886361,0.617361754850953,0.225421835066914,0.00616834831208996,0.0334141584137842,0.175543076790873,1.05918043291103,0,0,0,1
54209,"TREM2",3.70147320982847,0.490537950561202,4.49716805076682e-14,4.71138429990258e-12,6.18327370162238,0.917173619822704,1.56585999038771e-11,1.9016121433991e-09,3.70147320982847,0.490537950561202,4.49716805076691e-14,4.62865013957941e-12,2.74003649367842,4.66290992597852,0,0,0,1
54437,"SEMA5B",3.05542277751193,0.504987640995261,1.44405739952064e-09,6.49778483640039e-08,6.38685531360933,0.855524944319838,8.30326440806094e-14,1.54616009127437e-11,3.05542277751193,0.504987640995261,1.44405739952067e-09,6.40467957820301e-08,2.06566518852338,4.04518036650048,0,0,0,1
54455,"FBXO42",0.498255947188493,0.189045732248297,0.00839794904041011,0.0429089548140686,0.576223092703951,0.76722572281797,0.452623966441281,0.813199512606071,0.498255947188493,0.189045732248297,0.00839794904041016,0.0425355172471263,0.127733120550829,0.868778773826157,0,0,0,1
54464,"XRN1",0.612395391716659,0.210482533384657,0.00362026860325232,0.0220918480707136,-0.0769724478742842,0.85740756762617,0.928467235250338,0.987069983833909,0.612395391716659,0.210482533384657,0.00362026860325227,0.021918312338415,0.199857206907982,1.02493357652534,0,0,0,1
54495,"TMX3",0.59127600423342,0.207829678276303,0.00444110409792109,0.0260135350575625,-1.06088052030297,0.776685255047826,0.171967875013526,0.539190715239313,0.59127600423342,0.207829678276303,0.00444110409792102,0.0258100890311505,0.18393731989332,0.99861468857352,0,0,0,1
54503,"ZDHHC13",0.894681768546733,0.268100220561507,0.00084652344434565,0.00683393397070576,0.788430560735739,0.947353090483615,0.405270258528604,0.781219721955472,0.894681768546733,0.268100220561507,0.000846523444345655,0.00677771710220456,0.369214991998934,1.42014854509453,0,0,0,1
54518,"APBB1IP",0.943011248312889,0.35145607746402,0.00729311075371333,0.038645039376047,0.750866934483245,0.795216225097573,0.345052180456186,0.734717447318921,0.943011248312889,0.35145607746402,0.00729311075371329,0.0383065883491688,0.25416999433569,1.63185250229009,0,0,0,1
54521,"WDR44",0.772038174116774,0.186083103789666,3.34092499642816e-05,0.00045928381871038,0.481314168560653,1.00710821443372,0.632709258530395,0.903935310057331,0.772038174116774,0.186083103789666,3.34092499642835e-05,0.000454402577362133,0.4073219925576,1.13675435567595,0,0,0,1
54567,"DLL4",1.5534581820449,0.392954065079331,7.7086537493424e-05,0.00093210188595572,3.01785470513336,0.780504678837163,0.00011038912204395,0.00233292723371336,1.5534581820449,0.392954065079331,7.7086537493427e-05,0.000921416476084997,0.783282366910803,2.323633997179,0,0,0,1
54769,"DIRAS2",2.64374524665402,0.61958397886258,1.98147231061449e-05,0.00029319583723271,2.61611341611364,0.910186861501536,0.00404975811528273,0.0422457156379064,2.64374524665402,0.61958397886258,1.98147231061451e-05,0.000290236461840968,1.42938296268534,3.8581075306227,0,0,0,1
54801,"HAUS6",0.781938146250698,0.244546931448464,0.00138625722425505,0.0101901414813478,0.378243149524967,0.953697625795544,0.691657293467996,0.924512661894875,0.781938146250698,0.244546931448464,0.00138625722425505,0.01009773428127,0.302634968081923,1.26124132441947,0,0,0,1
54809,"SAMD9",1.05261640487455,0.366257559601125,0.00405336368897878,0.0242178333772507,0.542594508665836,1.00983825735993,0.591054651722008,0.886005529954985,1.05261640487455,0.366257559601125,0.00405336368897888,0.0240226385136274,0.334764778990813,1.77046803075829,0,0,0,1
54843,"SYTL2",1.81141390621097,0.575377333838182,0.0016426852359498,0.0117300860773413,1.82028395514077,0.840602380442443,0.030353101232706,0.181221098524731,1.81141390621097,0.575377333838182,0.00164268523594976,0.011626939897855,0.683695054367454,2.93913275805449,0,0,0,1
54872,"PIGG",0.642872156054658,0.184288882934243,0.00048593221550395,0.00431088152913789,0.234973321544952,0.773935355687556,0.761426205449143,0.945310154613097,0.642872156054658,0.184288882934243,0.000485932215503967,0.00427664755981722,0.281672582752424,1.00407172935689,0,0,0,1
54873,"PALMD",0.771842208011197,0.268999018280664,0.00411365329925967,0.0245033758155554,0.346322731554683,0.839828967457283,0.680066101640583,0.920095890642975,0.771842208011197,0.268999018280664,0.00411365329925964,0.0243051653961077,0.244613820304464,1.29907059571793,0,0,0,1
54882,"ANKHD1",0.444041263853166,0.153342458814401,0.00378254873345169,0.0229089579955388,0.179477042424893,0.743697236645276,0.809298748196108,0.956843352657622,0.444041263853166,0.153342458814401,0.00378254873345171,0.0227273193284891,0.143495567276124,0.744586960430208,0,0,0,1
54936,"ADPRS",1.03733579192541,0.284289144600433,0.00026339035279141,0.00259868382581556,0.78542670713138,0.751499441368139,0.295955452329108,0.704633815255508,1.03733579192541,0.284289144600433,0.000263390352791414,0.00257340009180191,0.480139307312862,1.59453227653796,0,0,0,1
54960,"GEMIN8",0.596219302015367,0.22797369872669,0.00891494720054455,0.0449811527133358,0.227804370793201,0.765834990396688,0.766116244513998,0.94604761044437,0.596219302015367,0.22797369872669,0.00891494720054441,0.0446011996678813,0.14939906308867,1.04303954094206,0,0,0,1
54972,"TMEM132A",1.62038136415726,0.46618777646983,0.00050930797454168,0.00449212252095767,3.37671399105719,0.851734834076296,7.35458778682792e-05,0.00168152164692291,1.62038136415726,0.46618777646983,0.000509307974541692,0.00445619689860197,0.706670112243584,2.53409261607094,0,0,0,1
54985,"HCFC1R1",0.908004920508541,0.323599336590643,0.00501678210311793,0.0286100192577937,2.08173113987734,0.758564309291931,0.00606393362296106,0.0567106381625025,0.908004920508541,0.323599336590643,0.00501678210311791,0.0283787860912581,0.273761875369826,1.54224796564726,0,0,0,1
55016,"MARCHF1",0.900721718027139,0.308244650097115,0.00347679797323505,0.0213206324328319,2.46493559016546,0.955970261112084,0.00992404334653953,0.0815279619826745,0.900721718027139,0.308244650097115,0.00347679797323511,0.0211541818922062,0.296573305409643,1.50487013064464,0,0,0,1
55026,"TMEM255A",2.50570063744284,0.519503988613029,1.41233638195838e-06,3.03807280658257e-05,2.35716075625996,1.21154328059095,0.0517045782569955,0.262719958645137,2.50570063744284,0.519503988613029,1.41233638195842e-06,2.99882384849534e-05,1.4874915299364,3.52390974494928,0,0,0,1
55080,"TAPBPL",0.937765441798024,0.32070268873796,0.00345458213828778,0.0212033476144282,1.91879138294475,0.729109657123698,0.00849610754253749,0.0726090088247761,0.937765441798024,0.32070268873796,0.00345458213828778,0.0210379995350199,0.309199722126463,1.56633116146958,0,0,0,1
55165,"CEP55",1.59198117663949,0.360771082211845,1.0208075494969e-05,0.0001655976691406,4.76353231710545,1.77592630310928,0.00731221415129547,0.0651128655616064,1.59198117663949,0.360771082211845,1.0208075494969e-05,0.000163656934481174,0.884882848840735,2.29907950443824,0,0,0,1
55191,"NADSYN1",0.971131136394166,0.261361738319563,0.00020267464090007,0.00208955101232812,0.809416259108795,0.809093404185226,0.317117437809808,0.727623681851967,0.971131136394166,0.261361738319563,0.000202674640900076,0.00206838592058441,0.45887154235104,1.48339073043729,0,0,0,1
55205,"ZNF532",0.829613434470326,0.213532301980215,0.00010225014596001,0.00117724916372083,0.691208717571184,0.760915191974384,0.363671536477676,0.748743400470439,0.829613434470326,0.213532301980215,0.000102250145960011,0.00116439080910374,0.411097813053174,1.24812905588748,0,0,0,1
55215,"FANCI",1.0109426524183,0.292313772582716,0.00054336151390204,0.00474068240101188,1.15206711677248,1.02498297695192,0.261018716692887,0.666111141665591,1.0109426524183,0.292313772582716,0.000543361513902005,0.00470227425670137,0.438018185971145,1.58386711886546,0,0,0,1
55240,"STEAP3",1.46844580615616,0.434095811121295,0.00071758991223135,0.00596860845785639,2.712799056636,0.785458607063119,0.00055279379175525,0.00878963107782387,1.46844580615616,0.434095811121295,0.000717589912231357,0.00591759314166079,0.61763365051872,2.3192579617936,0,0,0,1
55254,"TMEM39A",0.898689534666955,0.238238308064495,0.00016179543753965,0.00172665675333924,0.85045110902136,0.866194862838435,0.326186446308385,0.730755456477082,0.898689534666955,0.238238308064495,0.000161795437539653,0.00170963000340685,0.431751031122787,1.36562803821112,0,0,0,1
55255,"WDR41",0.672533624193707,0.221871996012288,0.00243601189363986,0.0160652701721833,-0.0222961458195826,0.777905490987561,0.977134349458964,0.995873276519911,0.672533624193707,0.221871996012288,0.0024360118936398,0.0159285879543867,0.237672502831608,1.10739474555581,0,0,0,1
55276,"PGM2",0.78288039523602,0.222193152031458,0.00042601134647816,0.00386934461883938,-0.338017164022879,0.888880188066638,0.703742752044364,0.929306792507767,0.78288039523602,0.222193152031458,0.000426011346478161,0.0038343865050501,0.347389819642929,1.21837097082911,0,0,0,1
55281,"TMEM140",1.18561919152636,0.224978901072006,1.36488581172967e-07,3.85425779427531e-06,2.31618245950239,0.720598147057875,0.00130785833469278,0.0177764783707351,1.18561919152636,0.224978901072006,1.36488581172984e-07,3.79438255660896e-06,0.744668648143829,1.62656973490889,0,0,0,1
55314,"TMEM144",1.16875007674445,0.201450353804685,6.56545676366363e-09,2.53815010209915e-07,0.464376138504669,0.882604635803372,0.598788942592182,0.890505270112909,1.16875007674445,0.201450353804685,6.56545676366395e-09,2.50062298148251e-07,0.773914638614416,1.56358551487448,0,0,0,1
55320,"MIS18BP1",0.900588652976429,0.25573350523556,0.00042896640637356,0.00389360777848594,0.777116634635437,1.08040070699938,0.471964987151473,0.825506954226421,0.900588652976429,0.25573350523556,0.000428966406373567,0.00385840831029673,0.399360193074546,1.40181711287831,0,0,0,1
55321,"TMEM74B",2.35402789210118,0.674006803214183,0.00047836442759626,0.00425199054684658,3.37374813982427,0.881569307176771,0.00012972503103669,0.00264806552392677,2.35402789210118,0.674006803214183,0.000478364427596258,0.00421830449789427,1.03299883246641,3.67505695173595,0,0,0,1
55332,"DRAM1",1.08246642056754,0.265189439989171,4.4676524219639e-05,0.00058955828691377,0.668403247587332,0.741048206343147,0.367072806535979,0.750216239602008,1.08246642056754,0.265189439989171,4.46765242196404e-05,0.00058313027691521,0.562704669108419,1.60222817202666,0,0,0,1
55536,"CDCA7L",1.84669429944135,0.437562807206648,2.4385876513557e-05,0.00034970926778689,3.30144982254428,0.844882792977663,9.32239375366868e-05,0.00202901294698355,1.84669429944135,0.437562807206648,2.43858765135574e-05,0.000346099761086626,0.989086956342077,2.70430164254062,0,0,0,1
55558,"PLXNA3",1.49103523206437,0.319523149061113,3.06464813925352e-06,5.95739816758007e-05,1.84046008264229,0.820118363584197,0.0248234218365344,0.156223215732833,1.49103523206437,0.319523149061113,3.06464813925328e-06,5.88613260136068e-05,0.864781367677765,2.11728909645097,0,0,0,1
55589,"BMP2K",1.35327280465552,0.291136593430295,3.34779004141887e-06,6.41690929168054e-05,1.08683838528648,0.815663749242697,0.182709453259065,0.555822785835664,1.35327280465552,0.291136593430295,3.34779004141899e-06,6.33964229332194e-05,0.782655566950461,1.92389004236058,0,0,0,1
55596,"ZCCHC8",0.609229291820807,0.236446426132507,0.00997755938172386,0.0491479214199014,0.390167994088638,0.836014484765028,0.640714500616638,0.907499289402522,0.609229291820807,0.236446426132507,0.00997755938172375,0.0487219065933882,0.145802812327883,1.07265577131373,0,0,0,1
55608,"ANKRD10",0.622764006125011,0.228615231311583,0.00644827413530319,0.0349510719719198,0.276926135665781,0.729284998020207,0.704151199581797,0.929306792507767,0.622764006125011,0.228615231311583,0.00644827413530312,0.0346520845620932,0.174686386437015,1.07084162581301,0,0,0,1
55619,"DOCK10",1.2896866834386,0.35041361203407,0.00023280471828093,0.00234582375454299,1.16447181838735,1.19175474049527,0.328516216208167,0.730755456477082,1.2896866834386,0.35041361203407,0.000232804718280944,0.00232339453484971,0.602888624159232,1.97648474271797,0,0,0,1
55651,"NHP2",0.687581881719312,0.267228319932977,0.0100817485553692,0.0495033692929829,1.55283884707125,0.721715549435954,0.0314293449792461,0.185597037528959,0.687581881719312,0.267228319932977,0.0100817485553692,0.0490730020837699,0.16382399900153,1.21133976443709,0,0,0,1
55704,"CCDC88A",0.94858068225197,0.197719728226219,1.6057596259913e-06,3.39037617032378e-05,0.710999850539763,0.90875968544699,0.433988408513614,0.802905208886361,0.94858068225197,0.197719728226219,1.60575962599131e-06,3.34628393156737e-05,0.561057135895533,1.33610422860841,0,0,0,1
55723,"ASF1B",2.84535219146126,0.51660431551175,3.63350091714552e-08,1.18166271532951e-06,4.4537907497793,1.21746988726628,0.00025395830564524,0.00461774573760594,2.84535219146126,0.51660431551175,3.63350091714567e-08,1.16366966427257e-06,1.83282633880026,3.85787804412226,0,0,0,1
55743,"CHFR",0.753802257327378,0.287811632642004,0.00881667594291693,0.0446165415341416,0.46096100201524,0.830090573644585,0.578679834361174,0.881004300877445,0.753802257327378,0.287811632642004,0.00881667594291687,0.044224420289564,0.189701823017378,1.31790269163738,0,0,0,1
55784,"MCTP2",1.02678486885966,0.354904427397572,0.00381422628528543,0.0230398070155181,0.566231781754815,0.838789434615435,0.499638716615928,0.84248367559778,1.02678486885966,0.354904427397572,0.00381422628528529,0.0228565391131118,0.331184973206608,1.72238476451271,0,0,0,1
55790,"CSGALNACT1",0.918251137146396,0.273559627531163,0.00078885390337834,0.00645483560745029,0.218817284568715,0.881512493947694,0.803956949024119,0.954993520510675,0.918251137146396,0.273559627531163,0.000788853903378338,0.00639868481754441,0.382084119561125,1.45441815473167,0,0,0,1
55803,"ADAP2",0.855703097511818,0.312319789282737,0.0061470988764272,0.0336240673495763,1.15180826909302,0.830834180682199,0.165646924628721,0.52757065941709,0.855703097511818,0.312319789282737,0.00614709887642717,0.0333392333672033,0.243567558858515,1.46783863616512,0,0,0,1
55818,"KDM3A",1.25222879373263,0.331665418335812,0.00015963679499484,0.0017062736561598,0.478208375785261,0.774892078082821,0.537149639759763,0.860528692685005,1.25222879373263,0.331665418335812,0.000159636794994848,0.00168946852976102,0.602176518877028,1.90228106858823,0,0,0,1
55819,"RNF130",0.666773108355359,0.259388934847377,0.0101536171643778,0.0497959442767656,1.006148952829,0.722909759757321,0.163981650459833,0.524559740419231,0.666773108355359,0.259388934847377,0.0101536171643778,0.0493623968409851,0.158380138066293,1.17516607864442,0,0,0,1
55824,"PAG1",1.21684179051601,0.280084806426398,1.39562941687351e-05,0.00021642506347087,0.749066457243116,0.985943431218696,0.447406499993445,0.809984336529542,1.21684179051601,0.280084806426398,1.39562941687347e-05,0.000214075897926109,0.667885657303397,1.76579792372862,0,0,0,1
55833,"UBAP2",1.05054797116597,0.22290621930506,2.44144803400775e-06,4.84197006050902e-05,-0.099066326526939,0.839892935244502,0.906106374678436,0.9810515604924,1.05054797116597,0.22290621930506,2.44144803400741e-06,4.7845993957154e-05,0.613659809398065,1.48743613293387,0,0,0,1
55861,"DBNDD2",1.56536938159309,0.460410369322432,0.0006739970408842,0.00566785256684728,1.5745562212296,0.753110512874428,0.0365516216594731,0.206043937904847,1.56536938159309,0.460410369322432,0.000673997040884186,0.0056199765629199,0.662981639612338,2.46775712357384,0,0,0,1
55872,"PBK",1.45818567753571,0.494631098207768,0.00319809455539031,0.019954532260185,2.07079741736577,2.19237220140836,0.344890468273319,0.734530354275328,1.45818567753571,0.494631098207768,0.00319809455539024,0.0197888521754597,0.48872653941499,2.42764481565643,0,0,0,1
55893,"ZNF395",1.98966043844575,0.35849355726086,2.85573002519157e-08,9.67704663351335e-07,0.744154266020947,0.83354819737961,0.371988424873075,0.754074712835719,1.98966043844575,0.35849355726086,2.85573002519172e-08,9.53064552714357e-07,1.28702597752482,2.69229489936668,0,0,0,1
55900,"ZNF302",0.926812937283734,0.310803041141512,0.00286377209784701,0.0182716914322884,0.00460568450032387,0.788931772107625,0.995342076702448,0.999801305969085,0.926812937283734,0.310803041141512,0.00286377209784703,0.0181193051127506,0.31765017036085,1.53597570420662,0,0,0,1
55973,"BCAP29",0.642427187339574,0.179710974504747,0.00035052258724848,0.00329717065620165,0.14766030318839,0.773532622797449,0.848611105637093,0.966995540501547,0.642427187339574,0.179710974504747,0.000350522587248475,0.00326613410080939,0.290200149683674,0.994654224995474,0,0,0,1
56005,"MYDGF",1.51123142288709,0.394821829665526,0.00012938366084207,0.00143538563009,2.12148792110996,0.739403181645143,0.00411525028314778,0.0427572718507586,1.51123142288709,0.394821829665526,0.000129383660842072,0.00142050635519181,0.737394856432451,2.28506798934173,0,0,0,1
56253,"CRTAM",1.58146706542382,0.509778105447533,0.00192045587665944,0.0132710656854351,1.79444997907865,1.83113612967273,0.327103217218374,0.730755456477082,1.58146706542382,0.509778105447533,0.00192045587665944,0.0131572696061988,0.582320338639594,2.58061379220805,0,0,0,1
56261,"GPCPD1",0.691210894461742,0.167677532191598,3.75168443700723e-05,0.00050478546287732,1.3751457434971,0.859211000642898,0.109493244193742,0.419427949586955,0.691210894461742,0.167677532191598,3.75168443700713e-05,0.000499348087504117,0.362568970349654,1.01985281857383,0,0,0,1
56477,"CCL28",1.33242348171781,0.429422346867215,0.00191681309473188,0.0132659318770047,-1.35902014824036,1.10861602113031,0.220247251380688,0.611315615417183,1.33242348171781,0.429422346867215,0.00191681309473188,0.0131523618098066,0.490771147701402,2.17407581573422,0,0,0,1
56650,"CLDND1",0.557206732780625,0.207234081504685,0.00717137899745203,0.0381325088574319,1.59371406321741,0.754167246308099,0.0345827641195487,0.198756016419587,0.557206732780625,0.207234081504685,0.00717137899745214,0.0377997275303547,0.151035396662204,0.963378068899046,0,0,0,1
56672,"AKIP1",0.764014819131835,0.254838839462565,0.00271729757524363,0.017546614292181,0.728983005753755,0.777721075604968,0.34858770523098,0.736295402467277,0.764014819131835,0.254838839462565,0.00271729757524361,0.0173939364609169,0.264539871923223,1.26348976634045,0,0,0,1
56833,"SLAMF8",1.89893360188682,0.575338080874267,0.00096494621747194,0.00762037990467429,2.61614698018488,1.0420705093988,0.0120550830806866,0.094108000432206,1.89893360188682,0.575338080874267,0.00096494621747193,0.00755612394636376,0.771291684438864,3.02657551933478,0,0,0,1
56852,"RAD18",0.753102118154028,0.266929240825076,0.00478212674479526,0.0276335957971978,0.114961964353655,0.983822034803783,0.906977020220939,0.981463838160209,0.753102118154028,0.266929240825076,0.00478212674479519,0.0274135922719704,0.22993041971626,1.2762738165918,0,0,0,1
56901,"COXFA4L2",5.53741506017071,0.743060211814503,9.18135190342553e-14,9.0650988145764e-12,8.21635406035205,0.727685503271287,1.45243604974974e-29,2.028447979813e-26,5.53741506017071,0.743060211814503,9.18135190342597e-14,8.90591134632319e-12,4.08104380666958,6.99378631367184,0,0,0,1
56907,"SPIRE1",1.58472827145879,0.239154596360893,3.44028266070835e-11,2.09841952158051e-09,-0.541646696282418,0.796687246201225,0.496584443288635,0.839883812553708,1.58472827145879,0.239154596360893,3.44028266070798e-11,2.06157027174781e-09,1.11599387585423,2.05346266706335,0,0,0,1
56911,"MAP3K7CL",2.21974254357259,0.348304192462154,1.85366145464724e-10,9.97633325630538e-09,3.25424311161721,0.83355180932005,9.45891070249189e-05,0.00204912747916481,2.21974254357259,0.348304192462154,1.85366145464719e-10,9.83973125708977e-09,1.53707887068246,2.90240621646272,0,0,0,1
56925,"LXN",0.760098807516451,0.295703369130279,0.0101558472770815,0.0497959442767656,1.67594922702063,0.82713468023118,0.0427431867692193,0.230628804592835,0.760098807516451,0.295703369130279,0.0101558472770817,0.0493623968409851,0.180530853913951,1.33966676111895,0,0,0,1
56929,"FEM1C",0.968896641469572,0.262097182806949,0.00021841368148235,0.00222037730715839,1.14859358335062,0.812008029307693,0.157212175102765,0.512491507984291,0.968896641469572,0.262097182806949,0.000218413681482353,0.00219766542345266,0.455195602718541,1.4825976802206,0,0,0,1
56935,"SMCO4",0.943860914955802,0.314147819094761,0.00266007202079721,0.0172609117793953,1.27846919786171,0.757743782371362,0.0915639150706646,0.378053622239287,0.943860914955802,0.314147819094761,0.00266007202079726,0.017111522450577,0.328142503708266,1.55957932620334,0,0,0,1
56937,"PMEPA1",1.03352081508684,0.338982959071857,0.00229690684312796,0.0152965360046693,3.58749479696485,0.798462635487271,7.02258857571855e-06,0.00021515824852005,1.03352081508684,0.338982959071857,0.00229690684312788,0.01516775036939,0.369126423933185,1.69791520624049,0,0,0,1
56938,"BMAL2",1.61244736119836,0.52407867232503,0.0020928639885824,0.0142190422669826,2.13364523091335,1.58980142104254,0.179569132122501,0.551272959377356,1.61244736119836,0.52407867232503,0.00209286398858244,0.0141019915832369,0.585272038375733,2.63962268402099,0,0,0,1
56950,"SMYD2",1.38250029505091,0.247387837789969,2.29181404799881e-08,7.94264040271103e-07,0.825548357600518,0.784595508751119,0.292709574879686,0.701590355464625,1.38250029505091,0.247387837789969,2.29181404799881e-08,7.82291868586531e-07,0.897629042769334,1.86737154733249,0,0,0,1
57007,"ACKR3",1.59992865816852,0.396671457696838,5.49791216247556e-05,0.00070319987435055,3.45541904785337,0.81329132271832,2.15028551561938e-05,0.00056661375717398,1.59992865816852,0.396671457696838,5.49791216247581e-05,0.000695387895747292,0.822466887387714,2.37739042894933,0,0,0,1
57097,"PARP11",0.908357441135463,0.309425314029732,0.00332873852010112,0.0205689362673875,0.0321364637698322,0.944034833083676,0.972843971491237,0.995171343357239,0.908357441135463,0.309425314029732,0.00332873852010107,0.0204099051689508,0.301894969732192,1.51481991253873,0,0,0,1
57099,"AVEN",1.09657181287437,0.304783699043005,0.00032083517238446,0.003066254809056,0.605223662930897,0.866987045214436,0.485129078943114,0.833434043286126,1.09657181287437,0.304783699043005,0.000320835172384487,0.00303779538571632,0.499206739675185,1.69393688607355,0,0,0,1
57103,"TIGAR",1.02435158750491,0.284152747975712,0.00031223359921912,0.00300497469543004,1.05483322509629,1.02407491819453,0.302993476563967,0.712083532987733,1.02435158750491,0.284152747975712,0.000312233599219126,0.00297725998463329,0.467422435364428,1.58128073964539,0,0,0,1
57118,"CAMK1D",1.24468274924539,0.283742317250328,1.15101377668043e-05,0.00018219738259702,1.02602087346814,0.876316234071413,0.241665493766945,0.64248237140747,1.24468274924539,0.283742317250328,1.15101377668041e-05,0.000180245281660649,0.688558026544809,1.80080747194597,0,0,0,1
57121,"LPAR5",1.62680866501347,0.489556487344669,0.00089046791000994,0.00713830700757968,2.34999636439556,1.38367497460183,0.0894373646967116,0.373003909587564,1.62680866501347,0.489556487344669,0.000890467910009921,0.00707911487657061,0.66729558141998,2.58632174860696,0,0,0,1
57125,"PLXDC1",2.03598547185883,0.422530647682304,1.44604569974272e-06,3.0960267056582e-05,3.22691926821234,0.833194824864925,0.00010752728576881,0.00227819188647232,2.03598547185883,0.422530647682304,1.44604569974268e-06,3.05596146859412e-05,1.20784062003713,2.86413032368053,0,0,0,1
57182,"ANKRD50",0.577957263316652,0.199765109789733,0.00381357549746846,0.0230398070155181,0.391483654031662,0.869780666884284,0.652642170074681,0.911057864148136,0.577957263316652,0.199765109789733,0.00381357549746839,0.0228565391131118,0.186424842761086,0.969489683872218,0,0,0,1
57185,"NIPAL3",0.858810150176734,0.279386519311782,0.00211270282461262,0.0143113909247465,0.0309732370989696,0.780176924136992,0.968332083800125,0.994189494783636,0.858810150176734,0.279386519311782,0.00211270282461263,0.0141931809149078,0.311222634559637,1.40639766579383,0,0,0,1
57209,"ZNF248",0.753968941238783,0.275485947215058,0.00620269928905597,0.0338741922176698,-0.234139649139915,0.812723144300673,0.773275738832362,0.947585266159425,0.753968941238783,0.275485947215058,0.00620269928905586,0.0335867447848756,0.214026406450367,1.2939114760272,0,0,0,1
57222,"ERGIC1",1.62517915989513,0.236472601088619,6.30467155101582e-12,4.46006764773924e-10,1.70512700176636,0.845272398741108,0.0436692756822476,0.233744296122257,1.62517915989513,0.236472601088619,6.3046715510163e-12,4.38174672795633e-10,1.16170137843093,2.08865694135933,0,0,0,1
57343,"ZNF304",0.751701809106433,0.25331636072063,0.00300288156757884,0.0189914961444479,-0.086331891462223,0.880642184542146,0.921906182963288,0.985333633434102,0.751701809106433,0.25331636072063,0.00300288156757885,0.0188315591514724,0.255210865399241,1.24819275281362,0,0,0,1
57409,"MIF4GD",1.14484552680546,0.39167838540264,0.00346762924222816,0.0212739131516939,0.48027538192311,0.776975711980027,0.536486776552664,0.860223531605127,1.14484552680546,0.39167838540264,0.00346762924222816,0.0211079210261681,0.377169997893487,1.91252105571743,0,0,0,1
57488,"ESYT2",0.882211747855325,0.336862578847022,0.00882120064490904,0.0446229847588395,0.622895773693312,0.753572220581082,0.408469102089894,0.783935364062465,0.882211747855325,0.336862578847022,0.00882120064490898,0.0442306613221673,0.221973225575878,1.54245027013477,0,0,0,1
57519,"STARD9",0.938793095339908,0.317586745048785,0.00311635847481615,0.0195559687738349,0.176852229831708,0.867378676104502,0.838437305089719,0.963754622934732,0.938793095339908,0.317586745048785,0.00311635847481612,0.0193898760110502,0.316334513076985,1.56125167760283,0,0,0,1
57520,"HECW2",1.14459609349174,0.35552849739925,0.00128449517998349,0.00957545456278835,0.758633675865191,0.872060835125649,0.384337535563458,0.763568065448314,1.14459609349174,0.35552849739925,0.00128449517998342,0.00948978000641996,0.447773043111568,1.84141914387191,0,0,0,1
57538,"ALPK3",1.44088936311298,0.402073371433325,0.00033882886041853,0.0032136055842322,1.13901169191529,0.790788301366953,0.149768487135809,0.499894458456288,1.44088936311298,0.402073371433325,0.000338828860418525,0.00318357458189754,0.652840035961067,2.22893869026489,0,0,0,1
57553,"MICAL3",0.804479657830702,0.292822265704856,0.00600824831786974,0.0331153413311022,-0.14338223117841,0.748301719374197,0.848047563561763,0.966634640395266,0.804479657830702,0.292822265704856,0.00600824831786973,0.0328371350100679,0.230558563177766,1.37840075248364,0,0,0,1
57556,"SEMA6A",1.18895798823695,0.365883883857371,0.00115587741461445,0.00881782192227279,1.35243041177242,0.795748888906761,0.0892119620356066,0.372564981748002,1.18895798823695,0.365883883857371,0.00115587741461442,0.00874071518858455,0.471838753352867,1.90607722312103,0,0,0,1
57559,"STAMBPL1",1.71427794274479,0.341578191557981,5.20227331850919e-07,1.24818180110525e-05,2.03650638051966,0.928575004256264,0.0282964099382053,0.172779371740265,1.71427794274479,0.341578191557981,5.20227331850941e-07,1.2327284912735e-05,1.04479698938682,2.38375889610276,0,0,0,1
57561,"ARRDC3",0.726092238224947,0.222169118546885,0.0010823535912209,0.00837329238213962,2.26282724720077,0.774927804395464,0.00349976227091258,0.0379382379678033,0.726092238224947,0.222169118546885,0.00108235359122093,0.00830112256566086,0.290648767396043,1.16153570905385,0,0,0,1
57568,"SIPA1L2",1.26157560137668,0.275785213239257,4.77390490574037e-06,8.64341305097373e-05,1.31211457912602,0.876714735206219,0.134490448969598,0.470941377827306,1.26157560137668,0.275785213239257,4.77390490574005e-06,8.53667902441552e-05,0.721046515959037,1.80210468679432,0,0,0,1
57575,"PCDH10",2.10370193232717,0.53377098072454,8.10726192299188e-05,0.00096813140944855,-0.69453015485866,0.930960183262113,0.455645445530804,0.814958593559311,2.10370193232717,0.53377098072454,8.10726192299171e-05,0.000957793470234121,1.05753003411445,3.14987383053989,0,0,0,1
57580,"PREX1",1.15977083980946,0.280926799380662,3.65337852451509e-05,0.00049397996916694,1.95647016867937,0.804638972204868,0.0150369379849788,0.108876028331681,1.15977083980946,0.280926799380662,3.65337852451484e-05,0.000488675621488428,0.609164430731253,1.71037724888767,0,0,0,1
57608,"JCAD",0.897451799817056,0.278726359772874,0.0012826614676983,0.00957401962463529,1.77439468176985,0.788402862722308,0.024409661343621,0.154955119112782,0.897451799817056,0.278726359772874,0.00128266146769827,0.00948840311688601,0.351158173120269,1.44374542651384,0,0,0,1
57655,"GRAMD1A",0.889995611752527,0.290506272994039,0.0021868960720751,0.0147339036294348,1.55414727143661,0.785449320606719,0.0478528479726157,0.249755801673331,0.889995611752527,0.290506272994039,0.00218689607207513,0.0146114567590629,0.32061377940125,1.4593774441038,0,0,0,1
57658,"CALCOCO1",0.878575502865439,0.315713983554167,0.00538885283355823,0.0303598589030185,-0.189834330932242,0.752046536754695,0.800713622689466,0.954025089316506,0.878575502865439,0.315713983554167,0.00538885283355818,0.0301110247637235,0.259787465683601,1.49736354004728,0,0,0,1
57674,"RNF213",1.03301159894325,0.182966914951581,1.6432616150637e-08,5.85769413120371e-07,0.955618877913457,0.722712681114527,0.18607937295469,0.560277436462028,1.03301159894325,0.182966914951581,1.64326161506394e-08,5.76981675935081e-07,0.674403035275748,1.39162016261075,0,0,0,1
57688,"ZSWIM6",0.733742473813904,0.245399592355057,0.00278986034535439,0.0178916090559082,0.306818310994257,0.937594999861739,0.743486592452177,0.939144293917968,0.733742473813904,0.245399592355057,0.00278986034535438,0.0177432486020817,0.252768110977182,1.21471683665063,0,0,0,1
57730,"ANKRD36B",1.3849294418942,0.346389733696863,6.38306740564524e-05,0.00079469159333106,-0.0397336110431338,1.12235703378687,0.97175924157039,0.99479036891321,1.3849294418942,0.346389733696863,6.38306740564501e-05,0.000785722884389001,0.706018039233928,2.06384084455447,0,0,0,1
57761,"TRIB3",3.44563841583189,0.629809306419366,4.47697006787782e-08,1.41245832670242e-06,6.43204506450817,0.792008456157805,4.61663917440575e-16,1.17227660490706e-13,3.44563841583189,0.629809306419366,4.4769700678778e-08,1.39085224482019e-06,2.21123485812178,4.680041973542,0,0,0,1
57801,"HES4",1.48320055399709,0.523069177234576,0.00457436368995152,0.0266349458128531,1.90846127393174,0.94920630823855,0.0443691640043446,0.236551193989696,1.48320055399709,0.523069177234576,0.00457436368995164,0.026425083818174,0.458003805194323,2.50839730279986,0,0,0,1
57823,"SLAMF7",1.40897221377502,0.477693718022956,0.00318257108826405,0.0198986813737293,2.86151785011486,1.10972273970822,0.00992049995192764,0.0815279619826745,1.40897221377502,0.477693718022956,0.00318257108826403,0.0197290142450869,0.472709730808994,2.34523469674105,0,0,0,1
58472,"SQOR",1.04890593652097,0.267855003349608,9.00501147348409e-05,0.00106172489228605,0.266806431894904,0.772373194538018,0.729765716516264,0.936111977974976,1.04890593652097,0.267855003349608,9.00501147348351e-05,0.00105029904582161,0.523919776876883,1.57389209616506,0,0,0,1
58475,"MS4A7",2.06335107718754,0.334076649229219,6.56293658793844e-10,3.19396247279671e-08,3.69704922588444,0.763553417142242,1.286035385427e-06,4.88722608262384e-05,2.06335107718754,0.334076649229219,6.56293658793855e-10,3.14904177989948e-08,1.40857287662245,2.71812927775263,0,0,0,1
58486,"ZBED5",0.560282078364814,0.212002296000475,0.00822208270961486,0.0421673628949007,-0.369394413479394,0.759211871645694,0.62657737854616,0.901125056814134,0.560282078364814,0.212002296000475,0.00822208270961493,0.0418017877729027,0.144765213564083,0.975798943165545,0,0,0,1
59345,"GNB4",1.40163627541807,0.251789491934276,2.59610489487539e-08,8.86292128787808e-07,2.55793428164413,0.802366461625777,0.00143266710242364,0.0192080543756142,1.40163627541807,0.251789491934276,2.59610489487542e-08,8.72899807920331e-07,0.908137939541251,1.89513461129489,0,0,0,1
60401,"EDA2R",2.93254598413449,0.385055082644045,2.61834145611482e-14,2.89791275352579e-12,3.89345038179538,0.918193262641385,2.23182812953178e-05,0.00058625717277152,2.93254598413449,0.385055082644045,2.61834145611475e-14,2.8470240203867e-12,2.17785189008807,3.68724007818091,0,0,0,1
60559,"SPCS3",0.606908475912978,0.175420722240121,0.000540715663641,0.00472360392604022,-0.162063738082917,0.762655481113065,0.831717542033166,0.961558656659343,0.606908475912978,0.175420722240121,0.00054071566364101,0.00468539157639572,0.263090178180336,0.95072677364562,0,0,0,1
60674,"GAS5",1.19253523169489,0.377515378930306,0.0015836308337528,0.0114267873619471,1.49207752080599,0.715925629110691,0.0371489231661457,0.208499264347433,1.19253523169489,0.377515378930306,0.00158363083375283,0.0113213650750209,0.452618685381499,1.93245177800828,0,0,0,1
60681,"FKBP10",1.41631844841938,0.449864089179248,0.00164208900317998,0.0117300860773413,3.89472080757078,0.772965907186871,4.68775782175097e-07,1.97392294810866e-05,1.41631844841938,0.449864089179248,0.00164208900317991,0.011626939897855,0.534601035690139,2.29803586114862,0,0,0,1
63910,"SLC17A9",1.37514439754412,0.513446757060654,0.007400553791584,0.0391063979814322,2.15482198950135,1.11691627607638,0.0536985823183401,0.270331793653668,1.37514439754412,0.513446757060654,0.00740055379158415,0.0387627037164778,0.368807245726352,2.38148154936189,0,0,0,1
64091,"POPDC2",1.07734190036449,0.350474983918905,0.002112462002417,0.0143113909247465,2.33269292783797,0.89848086631404,0.00942438060182524,0.0785396292918892,1.07734190036449,0.350474983918905,0.00211246200241696,0.0141931809149078,0.390423554401182,1.7642602463278,0,0,0,1
64098,"PARVG",0.95089187646415,0.366269188786333,0.00942733090045617,0.0470475233737675,2.68983419160248,0.891000240088177,0.00253700300945874,0.0297534173796494,0.95089187646415,0.366269188786333,0.00942733090045625,0.0466453954241657,0.233017457796236,1.66876629513206,0,0,0,1
64105,"CENPK",1.27624898785788,0.413939586830229,0.00204803345103562,0.0139767335067195,1.90287541923869,1.95362478252266,0.330045132661278,0.730755456477082,1.27624898785788,0.413939586830229,0.00204803345103568,0.0138622665764629,0.464942305895241,2.08755566982052,0,0,0,1
64108,"RTP4",1.94945989520721,0.41897915991805,3.27330220458746e-06,6.30938194603347e-05,3.38875825053299,0.845151879980858,6.08103333406389e-05,0.00142797006116461,1.94945989520721,0.41897915991805,3.27330220458742e-06,6.23360644413166e-05,1.12827583149498,2.77064395891944,0,0,0,1
64123,"ADGRL4",1.10280334198396,0.364582979641198,0.00248768836578852,0.0163589051902643,1.12346034603639,0.771966921277013,0.145580173901634,0.49189075290675,1.10280334198396,0.364582979641198,0.00248768836578849,0.0162192950850707,0.388233832510912,1.81737285145701,0,0,0,1
64174,"DPEP2",1.30228266964675,0.294796355247785,9.98181042409167e-06,0.00016269639698365,2.5049624024645,0.98505601260984,0.0109916417684532,0.0880769309238306,1.30228266964675,0.294796355247785,9.98181042409126e-06,0.000160794205433719,0.724492430587416,1.88007290870608,0,0,0,1
64222,"TOR3A",0.77037092353422,0.242277916637489,0.00147427946809722,0.010705297047707,-0.108280591501668,0.759824729490925,0.886679292003911,0.976120370877588,0.77037092353422,0.242277916637489,0.00147427946809725,0.010607102491118,0.295514932675344,1.2452269143931,0,0,0,1
64231,"MS4A6A",1.42914707576475,0.304443659088059,2.67533200268222e-06,5.2753241960935e-05,2.68721015999891,0.865895280474931,0.00191317784951209,0.0239633389984851,1.42914707576475,0.304443659088059,2.67533200268237e-06,5.21264470985063e-05,0.832448468630564,2.02584568289894,0,0,0,1
64285,"RHBDF1",0.838714624590874,0.205121469776448,4.33483329162809e-05,0.00057423988508015,1.87924038899894,0.787421103963354,0.0170060872233802,0.118947117318178,0.838714624590874,0.205121469776448,4.33483329162792e-05,0.000567993753848584,0.436683931373115,1.24074531780863,0,0,0,1
64333,"ARHGAP9",1.14954851948159,0.399292441196897,0.00398984015893038,0.0239320657085492,3.06138000395717,0.903384697646665,0.00070202042436754,0.0106617526897783,1.14954851948159,0.399292441196897,0.00398984015893032,0.0237400771680748,0.366949715436595,1.93214732352659,0,0,0,1
64427,"TTC31",0.845365805506978,0.297034354580536,0.00442693714439745,0.0259416248376219,-0.00096498751331597,0.782979595357303,0.9990166430289,0.999801305969085,0.845365805506978,0.297034354580536,0.00442693714439749,0.0257388501586509,0.263189168358028,1.42754244265593,0,0,0,1
64581,"CLEC7A",1.53319460731102,0.376116440070933,4.57416832855766e-05,0.00060187810298298,1.87627292328729,1.03782004218418,0.0706223554085962,0.323054262365288,1.53319460731102,0.376116440070933,4.5741683285575e-05,0.000595304165771629,0.796019930778574,2.27036928384347,0,0,0,1
64641,"EBF2",2.10722196518908,0.572350701909695,0.00023168650070066,0.0023372778978788,3.26412903416442,1.77940879326327,0.0665961781511053,0.311581616313337,2.10722196518908,0.572350701909695,0.000231686500700659,0.00231494423707345,0.985435202919857,3.2290087274583,0,0,0,1
64744,"SMAP2",1.24622739475309,0.334171574586439,0.0001920093803152,0.00199782921565272,0.315919295660657,0.759566712366761,0.677468246655554,0.919130722242537,1.24622739475309,0.334171574586439,0.000192009380315212,0.00197774062245226,0.591263143906629,1.90119164559955,0,0,0,1
64778,"FNDC3B",0.764920565890828,0.21399416441436,0.00035090768175034,0.00329784928432859,1.45386466587762,0.75163194140551,0.0530790322683092,0.267937199332709,0.764920565890828,0.21399416441436,0.000350907681750344,0.00326676925486847,0.34549971073694,1.18434142104472,0,0,0,1
64782,"AEN",2.04238603993517,0.303967924827404,1.82870391121237e-11,1.16730848732458e-09,2.03485809673716,0.812819864451029,0.0122987258076347,0.0954675061649603,2.04238603993517,0.303967924827404,1.82870391121235e-11,1.14680999231982e-09,1.44661985481808,2.63815222505226,0,0,0,1
64784,"CRTC3",0.777059008534521,0.254628909368152,0.00227525687537601,0.0151875609716247,0.166349327532493,0.777194162750193,0.830517179910985,0.961398737449883,0.777059008534521,0.254628909368152,0.00227525687537595,0.0150600336036789,0.27799551675023,1.27612250031881,0,0,0,1
64856,"VWA1",1.15230142864784,0.351775433296249,0.00105410384029976,0.00820272099263626,1.37381904212419,0.737039844012565,0.0623261300163476,0.297585074912812,1.15230142864784,0.351775433296249,0.00105410384029973,0.00813244092768016,0.46283424874122,1.84176860855446,0,0,0,1
64866,"CDCP1",1.97855795514769,0.40231641457871,8.74708484189669e-07,1.96472982602603e-05,3.08664035213718,0.789381387873664,9.2219127761561e-05,0.00200975339682185,1.97855795514769,0.40231641457871,8.74708484189681e-07,1.93975238360682e-05,1.19003227218413,2.76708363811125,0,0,0,1
65082,"VPS33A",0.638696756567536,0.236711643552651,0.00697143040128929,0.0371990322034581,-0.347445324309059,0.78852476658299,0.659483032656641,0.91278802308854,0.638696756567536,0.236711643552651,0.00697143040128937,0.0368755575129795,0.174750460483057,1.10264305265201,0,0,0,1
65084,"TMEM135",0.989639238492135,0.276200370093879,0.0003396079140728,0.0032175600303805,0.276750201679257,0.807332929969961,0.731752212507015,0.936926833937281,0.989639238492135,0.276200370093879,0.000339607914072809,0.00318745528347495,0.448296460591498,1.53098201639277,0,0,0,1
79001,"VKORC1",0.874781819596822,0.322284168094822,0.00664123185190347,0.035717037479235,2.07174662652348,0.774130773433594,0.00744570722717672,0.0659527523362868,0.874781819596822,0.322284168094822,0.00664123185190347,0.0354089538122748,0.243116457343518,1.50644718185013,0,0,0,1
79026,"AHNAK",0.999490021499378,0.304359444798932,0.00102376420317836,0.0080332418092738,1.12050397247689,0.758759749592872,0.139740715787237,0.481281269189952,0.999490021499378,0.304359444798932,0.00102376420317836,0.00796503909489546,0.402956471338865,1.59602357165989,0,0,0,1
79139,"DERL1",1.17096190333026,0.314759836974339,0.00019908421395336,0.00206206169984607,1.37076822476532,0.738535348041224,0.0634445612264073,0.301208895635513,1.17096190333026,0.314759836974339,0.000199084213953358,0.00204125662108982,0.554043959080857,1.78787984757966,0,0,0,1
79158,"GNPTAB",0.94258395324825,0.274222457411468,0.00058755156631945,0.00505869366133509,-0.0641694994186386,0.777594441499785,0.934230754373918,0.987705175235488,0.94258395324825,0.274222457411468,0.000587551566319437,0.005017072684411,0.405117812969704,1.4800500935268,0,0,0,1
79174,"CRELD2",1.1281012351134,0.324981047776815,0.00051797750316014,0.00456272352591133,1.19292654286654,0.789443154344412,0.130763299880079,0.464194480552901,1.1281012351134,0.324981047776815,0.000517977503160125,0.00452617671750355,0.491150085812752,1.76505238441405,0,0,0,1
79180,"EFHD2",0.788067628101871,0.216949755920335,0.00028070041411222,0.00274187365357735,1.07951127048667,0.755961495070282,0.153292522726584,0.505722721191852,0.788067628101871,0.216949755920335,0.00028070041411223,0.00271498112157475,0.362853920043259,1.21328133616048,0,0,0,1
79228,"THOC6",1.22684521037142,0.328014734992315,0.00018386385676039,0.0019291648090059,2.03540878589799,0.757239008854082,0.00718955179721213,0.0641690862225342,1.22684521037142,0.328014734992315,0.000183863856760388,0.00190988935339007,0.583948143388033,1.86974227735481,0,0,0,1
79365,"BHLHE41",2.11949366754998,0.509500131150054,3.18321109663404e-05,0.00044172284216588,4.85357264759869,0.753532699394631,1.18617764296126e-10,1.19036833044239e-08,2.11949366754998,0.509500131150054,3.18321109663406e-05,0.000437059421750683,1.12089176037744,3.11809557472252,0,0,0,1
79626,"TNFAIP8L2",1.36793081249658,0.503643581336151,0.00660621109220669,0.0355962469687651,4.0059506043825,0.963990665179814,3.24448257669346e-05,0.00081520664921747,1.36793081249658,0.503643581336151,0.00660621109220676,0.0352898352441457,0.380807532032955,2.35505409296021,0,0,0,1
79630,"C1orf54",0.856114041115343,0.238371679162045,0.00032876876739785,0.00313117457582803,1.77138807009926,0.742316834242404,0.0170190231047883,0.118947117318178,0.856114041115343,0.238371679162045,0.000328768767397867,0.0031020218970087,0.388914135023398,1.32331394720729,0,0,0,1
79642,"ARSJ",0.812814819980092,0.275996537063715,0.00322935684437913,0.0200814197246304,0.12053135012225,1.21987849942728,0.921292281646173,0.985225078551763,0.812814819980092,0.275996537063715,0.00322935684437915,0.019918306648108,0.271871547477436,1.35375809248275,0,0,0,1
79651,"RHBDF2",1.61636393404623,0.388488004136579,3.17338385492846e-05,0.00044080485855301,1.44388278773037,0.888467745299668,0.104133135249895,0.406869546487058,1.61636393404623,0.388488004136579,3.17338385492852e-05,0.000436154276411838,0.854941437512688,2.37778643057977,0,0,0,1
79660,"PPP1R3B",1.07858372021243,0.297664180730397,0.00029065241430316,0.00282101395607961,0.397580669675824,0.901702894549335,0.659269445246471,0.912587481034576,1.07858372021243,0.297664180730397,0.00029065241430314,0.00279519721972128,0.49517264649323,1.66199479393163,0,0,0,1
79668,"PARP8",0.896689946781691,0.264093051754473,0.00068539399397865,0.00574697919847217,-0.146727841413339,0.903917467155979,0.871050417697042,0.973260480711029,0.896689946781691,0.264093051754473,0.000685393993978635,0.0056982733638302,0.379077076775651,1.41430281678773,0,0,0,1
79690,"GAL3ST4",3.09840726608618,0.454628244080974,9.40969199548345e-12,6.42480661422959e-10,4.98374413907707,0.949594126105982,1.53518571331791e-07,7.47912132834151e-06,3.09840726608618,0.454628244080974,9.4096919954842e-12,6.31198393906037e-10,2.20735228133279,3.98946225083957,0,0,0,1
79695,"GALNT12",1.04817982216606,0.258920221025598,5.15968729117447e-05,0.00066622759384196,-0.173437752783563,0.85230816243155,0.838750626149339,0.963754622934732,1.04817982216606,0.258920221025598,5.15968729117441e-05,0.000658867048227089,0.540705514086738,1.55565413024538,0,0,0,1
79705,"LRRK1",1.43369012160975,0.362556137511531,7.67286077139663e-05,0.00092859207430905,1.80036952130767,0.768204805566038,0.0190983258324848,0.129635011189394,1.43369012160975,0.362556137511531,7.67286077139701e-05,0.000917951923520372,0.723093149713198,2.1442870935063,0,0,0,1
79709,"COLGALT1",1.33057065572993,0.35913861364284,0.00021147877796838,0.00216430630040125,2.54161119481928,0.728423320253767,0.00048447711795283,0.00785237139242904,1.33057065572993,0.35913861364284,0.000211478777968388,0.00214227525420569,0.626671907532318,2.03446940392754,0,0,0,1
79718,"TBL1XR1",0.703901077831132,0.249675684662788,0.00481342670992807,0.02773277420951,1.00859247940732,0.733001255260689,0.16882891836724,0.533045185176446,0.703901077831132,0.249675684662788,0.00481342670992816,0.0275114168418658,0.214545728076688,1.19325642758558,0,0,0,1
79742,"DIPK2B",1.07811321375717,0.266696842957691,5.28917354106668e-05,0.0006809438806529,2.45651806485485,0.822474221170112,0.00281967836215572,0.0321243981450495,1.07811321375717,0.266696842957691,5.2891735410668e-05,0.000673408185592102,0.555397006769561,1.60082942074478,0,0,0,1
79760,"GEMIN7",1.14819015967667,0.33776612705445,0.00067542653540949,0.00567639545129206,1.2986943540805,0.787916860625501,0.0992986759184443,0.396225359456478,1.14819015967667,0.33776612705445,0.000675426535409485,0.00562841531330413,0.486180715452368,1.81019960390097,0,0,0,1
79815,"NIPAL2",0.947604023596311,0.343011235320499,0.00573423861966765,0.0319248715542953,1.06287788587697,0.808507255560027,0.188638444584101,0.564735922255261,0.947604023596311,0.343011235320499,0.0057342386196677,0.0316594183476089,0.27531435607554,1.61989369111708,0,0,0,1
79850,"TLCD3A",1.81639123478831,0.437426145828315,3.2893123395678e-05,0.00045323817819506,3.10885407182415,0.810840837138755,0.00012601904008691,0.00258817780982421,1.81639123478831,0.437426145828315,3.28931233956787e-05,0.00044843072067132,0.959051743068647,2.67373072650797,0,0,0,1
79868,"ALG13",0.785765657996549,0.192672178257243,4.53756081701251e-05,0.00059763420971861,0.267827430499614,0.773316683223255,0.729090193625028,0.935865259077795,0.785765657996549,0.192672178257243,4.53756081701266e-05,0.000591110458896442,0.408135127789471,1.16339618820363,0,0,0,1
79876,"UBA5",1.07513261157434,0.186035133551306,7.50605742046677e-09,2.89362730445185e-07,0.416877857249346,0.738424155469041,0.572379421300306,0.877671530936123,1.07513261157434,0.186035133551306,7.50605742046669e-09,2.85082175211697e-07,0.710510449954681,1.439754773194,0,0,0,1
79888,"LPCAT1",2.3712904015715,0.416657930209461,1.26137601616607e-08,4.54360221676197e-07,4.80571618046816,0.761977933709515,2.84685539093302e-10,2.62145326904651e-08,2.3712904015715,0.416657930209461,1.26137601616604e-08,4.47556126999123e-07,1.55465586448795,3.18792493865505,0,0,0,1
79912,"PYROXD1",0.549695876784317,0.180536621206914,0.00232843781074848,0.0154823064509264,0.326328328154509,0.782514986435815,0.676660106836797,0.918640611131327,0.549695876784317,0.180536621206914,0.00232843781074843,0.0153517491453893,0.195850601328215,0.903541152240419,0,0,0,1
79930,"DOK3",1.45615240934347,0.320831181284119,5.66055027656458e-06,0.00010062874610825,2.82391043571882,0.968006910452959,0.00353141641950917,0.0381333812980375,1.45615240934347,0.320831181284119,5.66055027656477e-06,9.95061269607859e-05,0.827334848909156,2.08496996977778,0,0,0,1
79939,"SLC35E1",0.465339743646078,0.173757904036901,0.00740427621117216,0.0391063979814322,1.24793371428853,0.744951315372434,0.09389729590375,0.383522918426791,0.465339743646078,0.173757904036901,0.00740427621117224,0.0387627037164778,0.124780509704585,0.805898977587571,0,0,0,1
79980,"DSN1",0.808993138412788,0.246123153094008,0.00101280801236634,0.00795636929691794,0.783173698909606,0.887605064673168,0.377590385403413,0.759319024124171,0.808993138412788,0.246123153094008,0.00101280801236635,0.00788890261740929,0.326600622587094,1.29138565423848,0,0,0,1
79993,"ELOVL7",0.861122468984497,0.259466022201184,0.00090396876983062,0.00722122665725002,-0.512601552439586,0.958676219610246,0.592859213182046,0.887518273292691,0.861122468984497,0.259466022201184,0.000903968769830636,0.00716111100095562,0.352578410258306,1.36966652771069,0,0,0,1
80018,"NAA25",0.752012574072135,0.237761958515993,0.00156216640545877,0.0112956647779326,0.265164003641666,0.845656811136381,0.753855374910217,0.942538321596005,0.752012574072135,0.237761958515993,0.0015621664054588,0.0111916523086084,0.286007698487082,1.21801744965719,0,0,0,1
80023,"NRSN2",0.833138239090271,0.294776096105982,0.0047082876344675,0.0272756355171215,1.27162880459613,0.795343739626319,0.109855761843511,0.420432224876777,0.833138239090271,0.294776096105982,0.00470828763446747,0.0270592627601187,0.255387707219229,1.41088877096131,0,0,0,1
80258,"EFHC2",1.32646490783063,0.429778062195784,0.00202599414619342,0.0138677025747424,3.03647786784361,1.19732629800839,0.0112111124292929,0.0893423838338185,1.32646490783063,0.429778062195784,0.00202599414619334,0.0137545211848564,0.484115384581478,2.16881443107978,0,0,0,1
80301,"PLEKHO2",1.07935259234429,0.367758077823862,0.00333598451778178,0.0205951648772097,2.22795949552943,0.786284443101203,0.00460371811856802,0.0462829705753338,1.07935259234429,0.367758077823862,0.00333598451778173,0.020435747048274,0.358560004785842,1.80014517990274,0,0,0,1
80307,"FER1L4",1.76139909025701,0.447121286068236,8.16784106454446e-05,0.00097389618392535,3.38364118850709,0.801901437141963,2.44820247392525e-05,0.00063513042198937,1.76139909025701,0.447121286068236,8.16784106454472e-05,0.000963490823038114,0.885057472842037,2.63774070767198,0,0,0,1
80310,"PDGFD",1.89897453992248,0.242195991136601,4.48212162437668e-15,5.69561455305052e-13,0.782249237196766,0.796158702712487,0.325839165257892,0.730755456477082,1.89897453992248,0.242195991136601,4.48212162437719e-15,5.59559683902571e-13,1.42427912009476,2.3736699597502,0,0,0,1
80381,"CD276",1.64881746878404,0.305090515849094,6.50419973879841e-08,1.97049971777637e-06,2.7358246916226,0.739427479867505,0.00021566494756772,0.00401592095143062,1.64881746878404,0.305090515849094,6.50419973879845e-08,1.94017975836769e-06,1.05085104569507,2.24678389187301,0,0,0,1
80709,"AKNA",1.06120468870109,0.325337783792522,0.00110685730248973,0.00852920248139753,1.66275185171028,0.838164802769759,0.0472780714948668,0.247758974416033,1.06120468870109,0.325337783792522,0.00110685730248968,0.00845538640763078,0.423554349657668,1.69885502774451,0,0,0,1
80723,"SLC35G2",1.16055351505002,0.400186366320585,0.00373123831634405,0.0226682225115121,2.62288957883622,1.13070137416443,0.0203570351870059,0.136193035009593,1.16055351505002,0.400186366320585,0.00373123831634394,0.0224891757797342,0.37620264995772,1.94490438014232,0,0,0,1
80758,"PRR7",2.06124756201131,0.530480913238882,0.00010206880870413,0.00117614805260755,3.14555360188639,0.921378307826103,0.00064024721680658,0.00989843460005674,2.06124756201131,0.530480913238882,0.000102068808704139,0.00116330832439384,1.02152407757718,3.10097104644544,0,0,0,1
80774,"LIMD2",1.23764172815429,0.298227244132753,3.32481776767123e-05,0.00045767100344553,2.50943299790733,0.806479284477548,0.00186082647695345,0.0234478127272653,1.23764172815429,0.298227244132753,3.32481776767145e-05,0.000452813312742568,0.65312707044546,1.82215638586312,0,0,0,1
80818,"ZNF436",0.784743122509468,0.283652874079335,0.00566508972912447,0.0316176053039871,1.01066932309644,0.970477707972322,0.29768332760667,0.706066001216,0.784743122509468,0.283652874079335,0.0056650897291245,0.0313556670023751,0.228793705202696,1.34069253981624,0,0,0,1
80821,"DDHD1",0.747536921846942,0.216925595877971,0.00056884051639824,0.0049191980132637,0.391251007663718,0.928955246716509,0.673628649031914,0.917719496247938,0.747536921846942,0.216925595877971,0.000568840516398241,0.00487892918740298,0.322370566601228,1.17270327709266,0,0,0,1
80830,"APOL6",0.911526174900179,0.237332750453594,0.00012267916966488,0.00138117221040269,1.54531845919396,0.819021968123724,0.0591892338387672,0.28710632992877,0.911526174900179,0.237332750453594,0.000122679169664885,0.0013670109459435,0.446362531659303,1.37668981814106,0,0,0,1
80856,"LNPK",0.648698851299937,0.196536928553304,0.00096462467276983,0.00762037990467429,0.42893471522984,0.787237240011159,0.585849256046618,0.88359227431249,0.648698851299937,0.196536928553304,0.000964624672769861,0.00755612394636376,0.263493549703339,1.03390415289653,0,0,0,1
81539,"SLC38A1",2.19424190472899,0.356959439090296,7.89450779176934e-10,3.7619522546612e-08,1.93199170383778,0.889217812736944,0.029803906421932,0.179090594379763,2.19424190472899,0.356959439090296,7.89450779176961e-10,3.70876824238431e-08,1.49461426017039,2.89386954928759,0,0,0,1
81552,"VOPP1",0.934968726273997,0.202151404910364,3.7443323364596e-06,7.04900095824027e-05,1.37014319647803,0.73543641710539,0.0624574547843604,0.2979279412843,0.934968726273997,0.202151404910364,3.74433233645965e-06,6.96342522654972e-05,0.53875925322551,1.33117819932248,0,0,0,1
81553,"CYRIA",1.04966101046682,0.372860761673632,0.00487536426535755,0.0279950997916152,2.59120679742408,0.915182348530026,0.00463511368525658,0.0464888641665091,1.04966101046682,0.372860761673632,0.00487536426535764,0.0277706294199807,0.318867346338329,1.78045467459531,0,0,0,1
81575,"APOLD1",2.01299215849457,0.486959564082651,3.5681811638708e-05,0.00048389049696603,0.729149238390769,0.821925319941312,0.375012431664312,0.756972963133827,2.01299215849457,0.486959564082651,3.56818116387096e-05,0.000478704344601713,1.05856895096525,2.96741536602389,0,0,0,1
81578,"COL21A1",2.05181012619592,0.338617254182356,1.36648459004337e-09,6.18931832137134e-08,1.24617893817744,1.11935141270971,0.265577684664114,0.671821346005418,2.05181012619592,0.338617254182356,1.36648459004329e-09,6.10076547269989e-08,1.38813250345466,2.71548774893718,0,0,0,1
81615,"TMEM163",1.70430728426938,0.463954280632695,0.00023930876339414,0.00240078469943071,0.569500401851567,1.16133070932255,0.623860732400867,0.900794353847696,1.70430728426938,0.463954280632695,0.000239308763394136,0.00237774506768101,0.794973603756108,2.61364096478265,0,0,0,1
81620,"CDT1",2.09131561456618,0.586842469949393,0.00036569922733519,0.00340030907584566,2.09666022970727,1.30496644546786,0.108125131233501,0.416347408822216,2.09131561456618,0.586842469949393,0.000365699227335185,0.0033702820793987,0.941125508866841,3.24150572026552,0,0,0,1
81631,"MAP1LC3B",0.587711731696822,0.205513573889362,0.00424012245467086,0.0251214334010358,-0.773434425556624,0.742397820247576,0.297501680516737,0.706066001216,0.587711731696822,0.205513573889362,0.00424012245467091,0.0249168756711831,0.184912528539561,0.990510934854083,0,0,0,1
81691,"REXO5",1.17420445200802,0.427228431840419,0.00598826967818049,0.0330317576621178,0.485855714687013,1.26823954769316,0.701649627765754,0.928746048675425,1.17420445200802,0.427228431840419,0.00598826967818036,0.0327544990145663,0.336852112429274,2.01155679158677,0,0,0,1
81704,"DOCK8",1.14000237587008,0.304747226440101,0.00018342598561445,0.00192604301956606,-0.0636062050644632,0.788815132248295,0.935732133176307,0.987962881616691,1.14000237587008,0.304747226440101,0.000183425985614457,0.00190680999540457,0.54270878765901,1.73729596408115,0,0,0,1
81831,"NETO2",3.23215954899891,0.332761817892793,2.65063837049189e-22,9.622094149821e-20,5.1610084208148,0.828114236490302,4.59806086518104e-10,3.97210835255511e-08,3.23215954899891,0.332761817892793,2.65063837049184e-22,9.45312557724011e-20,2.57995837049896,3.88436072749886,0,0,0,1
81839,"VANGL1",0.556260484078953,0.204654321020076,0.0065668101167106,0.0354395997018232,-0.0226303397246729,0.805374200988237,0.977583062853354,0.995976582991141,0.556260484078953,0.204654321020076,0.00656681011671055,0.0351350400014319,0.155145385599105,0.9573755825588,0,0,0,1
81848,"SPRY4",1.17275837175063,0.319218620614423,0.00023893169298052,0.00239875534342702,2.1677703098097,0.904240863180446,0.0165147153939137,0.116102133478839,1.17275837175063,0.319218620614423,0.000238931692980533,0.00237574927467295,0.547101372151806,1.79841537134945,0,0,0,1
81855,"SFXN3",0.780776042208871,0.291647517807089,0.00742575477896246,0.0391814911904963,0.179981994955,0.737721310524132,0.807253921350899,0.956030892764067,0.780776042208871,0.291647517807089,0.00742575477896256,0.0388368703199194,0.209157411126473,1.35239467329127,0,0,0,1
83440,"ADPGK",1.22679893845258,0.239811998930608,3.12629988221435e-07,8.0347077871741e-06,0.886677293081954,0.748987758718241,0.23647871765226,0.635221482470624,1.22679893845258,0.239811998930608,3.12629988221439e-07,7.93821116984871e-06,0.75677605748803,1.69682181941713,0,0,0,1
83483,"PLVAP",1.8383654377584,0.489664668688918,0.00017380195758526,0.00183905787656146,1.25535558807183,0.771893908835289,0.10387909651707,0.40665051851838,1.8383654377584,0.489664668688918,0.000173801957585268,0.00182080170483463,0.878640322626383,2.79809055289042,0,0,0,1
83540,"NUF2",1.85200414917618,0.421241224567639,1.09989791597375e-05,0.00017552324417236,2.37717603648691,2.09643914707014,0.256831757069412,0.661513071003383,1.85200414917618,0.421241224567639,1.09989791597372e-05,0.000173652501183532,1.02638652022006,2.6776217781323,0,0,0,1
83541,"FAM110A",0.782889378106773,0.267598729491729,0.00343782195900175,0.0211193682029275,2.09778713175483,0.914612744146227,0.0218115153171178,0.142956271098779,0.782889378106773,0.267598729491729,0.00343782195900177,0.0209548614255067,0.258405505994308,1.30737325021924,0,0,0,1
83605,"CCM2",1.1701749684886,0.207726042944371,1.76833759704473e-08,6.25481061387679e-07,1.11882500787856,0.749896045156897,0.135706099284798,0.473084614729511,1.1701749684886,0.207726042944371,1.76833759704473e-08,6.16085163332146e-07,0.763039405666612,1.57731053131059,0,0,0,1
83640,"RAMAC",0.67071957884469,0.222190521395803,0.00253887979841326,0.0166476762319272,-0.00855265045413835,0.794416361967909,0.991410177010141,0.99897196733587,0.67071957884469,0.222190521395803,0.0025388797984133,0.0165051669826454,0.23523415920274,1.10620499848664,0,0,0,1
83666,"PARP9",0.901071872779912,0.304423173785434,0.00307707021015046,0.0193625454214144,1.48033445597923,1.00115961323093,0.139241950098672,0.48035319919795,0.901071872779912,0.304423173785434,0.00307707021015047,0.0191985828984076,0.304413416101084,1.49773032945874,0,0,0,1
83706,"FERMT3",1.47157295624756,0.424642444182803,0.00052936442491184,0.00464217084184676,3.66984390836918,0.791814523746613,3.5740937382073e-06,0.0001183759623688,1.47157295624756,0.424642444182803,0.000529364424911846,0.0046047874458622,0.639289059342206,2.30385685315291,0,0,0,1
83892,"KCTD10",0.608406154874393,0.188715950566254,0.00126446315377754,0.00949315772562526,0.521876770140496,0.744529834943661,0.483335407623183,0.832284473437991,0.608406154874393,0.188715950566254,0.00126446315377757,0.00940880612714294,0.238529688456294,0.978282621292492,0,0,0,1
84002,"B3GNT5",1.03275644930026,0.30647348381164,0.00075220885514875,0.0062151200048534,0.678337513794754,0.929097995765513,0.465327043660421,0.82122272275776,1.03275644930026,0.30647348381164,0.000752208855148772,0.00616162332562022,0.432079458812926,1.63343343978759,0,0,0,1
84034,"EMILIN2",1.40486463584508,0.399451895708851,0.00043648540261372,0.00395662197190932,2.35368777711851,0.95747104427238,0.0139622206069992,0.103494279119903,1.40486463584508,0.399451895708851,0.000436485402613734,0.00392080791701597,0.621953306699482,2.18777596499068,0,0,0,1
84102,"SLC41A2",1.14603254930089,0.330695224746809,0.00052919743975798,0.00464217084184676,0.396680989005173,0.871423908881259,0.648958074937967,0.910589181877415,1.14603254930089,0.330695224746809,0.000529197439757968,0.0046047874458622,0.497881818937766,1.79418327966401,0,0,0,1
84129,"ACAD11",1.14190468731784,0.383814896614327,0.00292850792042285,0.0186068716203163,-0.489414278143582,0.720656081473198,0.497059791394024,0.840333405020926,1.14190468731784,0.383814896614327,0.0029285079204229,0.0184509683603093,0.389641313223795,1.89416806141189,0,0,0,1
84138,"SLC7A6OS",0.544137308489555,0.207671289520461,0.00878819402060491,0.0445100749597253,-0.409524116157742,0.802572521954953,0.609866301223313,0.896242488793538,0.544137308489555,0.207671289520461,0.00878819402060492,0.0441191801343536,0.137109060406461,0.951165556572649,0,0,0,1
84166,"NLRC5",1.66443197617049,0.312908182280254,1.04204796672005e-07,3.02348124635645e-06,1.65495735764936,0.85438807935368,0.0527442491683941,0.266816505089624,1.66443197617049,0.312908182280254,1.04204796672019e-07,2.97668066425601e-06,1.0511432084333,2.27772074390768,0,0,0,1
84230,"LRRC8C",0.820504237007336,0.245912788271127,0.00084820300703563,0.00683944657377029,1.41620127646465,0.932577749442125,0.128866261344636,0.459895586429887,0.820504237007336,0.245912788271127,0.000848203007035637,0.00678310862625237,0.338524028658103,1.30248444535657,0,0,0,1
84246,"MED10",0.82171197426584,0.279003912146413,0.00322784656717212,0.0200811270570581,0.820298381304341,0.824939501931714,0.320040827725263,0.730631280731191,0.82171197426584,0.279003912146413,0.00322784656717213,0.019918103096193,0.274874354913093,1.36854959361859,0,0,0,1
84259,"DCUN1D5",0.824745081093124,0.238087438778198,0.00053212181398713,0.00466337150393325,0.654970752614317,0.827508878516252,0.428654055846881,0.799423308996386,0.824745081093124,0.238087438778198,0.000532121813987135,0.00462578879302936,0.358102275916471,1.29138788626978,0,0,0,1
84264,"HAGHL",1.37951018651871,0.46187456795043,0.00281947573922454,0.0180393869674208,0.376223732446482,0.868256552454591,0.664790004499763,0.914871282352901,1.37951018651871,0.46187456795043,0.00281947573922463,0.0178894077138662,0.474252667960869,2.28476770507655,0,0,0,1
84329,"HVCN1",1.28002969124648,0.26979747440926,2.09115477672155e-06,4.23289205836675e-05,1.68962444690868,0.921723809215518,0.0667856795449949,0.31192915702845,1.28002969124648,0.26979747440926,2.09115477672137e-06,4.18324033450063e-05,0.751236358284463,1.8088230242085,0,0,0,1
84455,"EFCAB7",1.12212024334094,0.381571968684094,0.00327384113127939,0.0203212101699133,-0.0922098283337481,1.00558689668966,0.926938364871883,0.986737396377893,1.12212024334094,0.381571968684094,0.00327384113127924,0.0201557990744466,0.374252927210071,1.86998755947181,0,0,0,1
84548,"TMEM185A",0.769128269204451,0.261011568982617,0.0032116284080518,0.0200158435395244,0.208757724857633,0.775235559549362,0.787711945293393,0.950551878684617,0.769128269204451,0.261011568982617,0.00321162840805182,0.0198535227182512,0.25755499445023,1.28070154395867,0,0,0,1
84617,"TUBB6",1.25065754711062,0.302778492578718,3.61813994120354e-05,0.00049018117031665,1.63031118146747,0.792378685608601,0.0396391207527095,0.218268327830097,1.25065754711062,0.302778492578718,3.61813994120383e-05,0.000484924262696335,0.657222606363005,1.84409248785823,0,0,0,1
84626,"KRABD3",2.44489989476196,0.566136740825524,1.57044985235173e-05,0.00023974253363376,1.04072929033091,0.785655567956365,0.185282769213726,0.559069202985256,2.44489989476196,0.566136740825524,1.57044985235177e-05,0.00023738088967779,1.33529227241905,3.55450751710487,0,0,0,1
84650,"EBPL",0.499199651111215,0.18140641297452,0.00592632349724163,0.03274465499132,1.34095537303697,0.781066107395832,0.0860107882103329,0.364050652943511,0.499199651111215,0.18140641297452,0.00592632349724173,0.0324702940689064,0.143649615116556,0.854749687105874,0,0,0,1
84678,"KDM2B",0.758601593011168,0.200582829479323,0.00015558167765827,0.0016707378279986,0.646975206593253,0.812326312855555,0.425772017825395,0.796996900115692,0.758601593011168,0.200582829479323,0.000155581677658278,0.00165434365920076,0.365466471314556,1.15173671470778,0,0,0,1
84687,"PPP1R9B",0.721550453438784,0.231885292990863,0.00186032480266631,0.0129045767303749,0.408364028264313,0.749852382939686,0.586033773406653,0.88359227431249,0.721550453438784,0.231885292990863,0.00186032480266631,0.0127943371235344,0.267063630632174,1.17603727624539,0,0,0,1
84689,"MS4A14",2.06312961113671,0.460449840365107,7.44046741966667e-06,0.00012684841598447,2.19678807704287,1.46160197264702,0.132838988919699,0.467502859156915,2.06312961113671,0.460449840365107,7.44046741966679e-06,0.000125399777774209,1.16066450733388,2.96559471493954,0,0,0,1
84701,"COX4I2",2.99826153969243,0.578250393292032,2.15948227316458e-07,5.82012021854465e-06,2.09078081013559,0.984059434645867,0.0336159190494894,0.194600755561449,2.99826153969243,0.578250393292032,2.15948227316452e-07,5.75174994874831e-06,1.86491159479393,4.13161148459093,0,0,0,1
84752,"B3GNT9",1.89612350938671,0.679446941131654,0.00525963642416698,0.0297775335334764,-0.071120725009854,0.822904073923689,0.931127375928754,0.987476751768616,1.89612350938671,0.679446941131654,0.00525963642416708,0.0295347492056508,0.564431975362762,3.22781504341066,0,0,0,1
84775,"ZNF607",0.919160037810837,0.349745933850592,0.00858685037218367,0.0435981999659078,0.173039649906745,0.928478113510579,0.852155306031627,0.967303628676783,0.919160037810837,0.349745933850592,0.00858685037218358,0.0432163133886343,0.233670603724349,1.60464947189733,0,0,0,1
84792,"FAM220A",0.724617761212107,0.246754516640581,0.00331838545086513,0.0205217700208158,0.299224483839455,0.831655847812609,0.719001460464767,0.931864644026825,0.724617761212107,0.246754516640581,0.00331838545086511,0.0203631953614615,0.240987795573979,1.20824772685024,0,0,0,1
84894,"LINGO1",1.63301410476747,0.503461341913464,0.00118040155379972,0.00897000604891878,2.33453607124473,0.957186439541569,0.0147297419695097,0.107468761718334,1.63301410476747,0.503461341913464,0.00118040155379969,0.00889125930160959,0.646248007008875,2.61978020252607,0,0,0,1
84910,"TMEM87B",0.595849220399816,0.225260273046168,0.00816525588767325,0.041985751893004,0.54440267362176,0.837821718339395,0.515832120813194,0.84994892465916,0.595849220399816,0.225260273046168,0.00816525588767325,0.0416227391809068,0.154347198081668,1.03735124271796,0,0,0,1
84911,"ZNF382",0.607309700348755,0.234644534782014,0.0096475704010495,0.0479374569818984,0.117937500380975,0.903500515349866,0.896143987571076,0.978434171893723,0.607309700348755,0.234644534782014,0.00964757040104955,0.0475258281758681,0.147414863006852,1.06720453769066,0,0,0,1
84958,"SYTL1",1.57478574805286,0.451611752651944,0.00048840840519787,0.0043272543272664,-0.031841607586306,0.987944598979202,0.974288508429136,0.99534620068518,1.57478574805286,0.451611752651944,0.000488408405197882,0.00429283606732924,0.689642977860039,2.45992851824568,0,0,0,1
85007,"PHYKPL",0.832964500994475,0.268818412304936,0.00194428140187333,0.0133885187954388,1.01624638538209,0.747791977882996,0.174147822918967,0.541806390205462,0.832964500994475,0.268818412304936,0.00194428140187332,0.0132800132428865,0.306090094495562,1.35983890749339,0,0,0,1
85028,"SNHG12",2.0518405428688,0.35798708670213,9.94847877361998e-09,3.68013268703937e-07,3.06795565802063,0.803639824467713,0.00013476958347565,0.00272449149513683,2.0518405428688,0.35798708670213,9.94847877361878e-09,3.62527944066762e-07,1.35019874600221,2.75348233973539,0,0,0,1
85379,"KIAA1671",0.961096139365339,0.248904878802011,0.00011278581453961,0.00128667707293573,-0.0361228854035602,0.762390507939808,0.962209508310974,0.992772016057161,0.961096139365339,0.248904878802011,0.000112785814539619,0.00127361066787076,0.47325154133709,1.44894073739359,0,0,0,1
88455,"ANKRD13A",1.3286344166639,0.283614323490475,2.8043594746999e-06,5.50601279410322e-05,0.326877555082159,0.752495410292782,0.664004222157401,0.914834491872401,1.3286344166639,0.283614323490475,2.80435947469972e-06,5.44045738091746e-05,0.772760557122877,1.88450827620492,0,0,0,1
89796,"NAV1",0.771790038777568,0.211163037222017,0.00025723354923824,0.00255329074441669,2.30800622290805,0.867403243143557,0.00779499959939537,0.0681462693199098,0.771790038777568,0.211163037222017,0.000257233549238233,0.00252856524805006,0.357918090956324,1.18566198659881,0,0,0,1
90441,"ZNF622",0.689989976284499,0.237025372371162,0.00360229666970658,0.0220115402916532,0.307451048768862,0.745341753604323,0.679975364525498,0.920095890642975,0.689989976284499,0.237025372371162,0.00360229666970661,0.0218389235600963,0.225428783014826,1.15455116955417,0,0,0,1
90861,"JPT2",0.865641491606442,0.267477044277255,0.00121081272371471,0.00917570061858681,0.771540566729645,0.767081396400898,0.314505453461726,0.72560529936193,0.865641491606442,0.267477044277255,0.00121081272371472,0.00909492365116746,0.341396118131797,1.38988686508109,0,0,0,1
91010,"FMNL3",1.07762705732751,0.223058684054061,1.35755560669547e-06,2.9433006550219e-05,1.73979579358881,0.792489853607246,0.0281382119830294,0.172042427808679,1.07762705732751,0.223058684054061,1.35755560669564e-06,2.90538448334561e-05,0.640440070142652,1.51481404451237,0,0,0,1
91039,"DPP9",1.09886326775841,0.373052077683736,0.00322325954655113,0.0200616843613912,1.74653666494352,0.807795590079119,0.0306102954488317,0.182032972900534,1.09886326775841,0.373052077683736,0.00322325954655104,0.0198989049753423,0.367694631140449,1.83003190437637,0,0,0,1
91319,"DERL3",1.645117000111,0.485612059630611,0.00070476534364267,0.00587975658124749,3.53076383341496,1.04672106021199,0.00074309153616952,0.0111952904195033,1.645117000111,0.485612059630611,0.000704765343642667,0.00582966326891661,0.693334852776686,2.59689914744532,0,0,0,1
91351,"DDX60L",1.02792426873134,0.239040714748326,1.70639566345167e-05,0.0002584831576734,0.43184821799658,0.951060535837115,0.649778323542014,0.910755121123788,1.02792426873134,0.239040714748326,1.70639566345158e-05,0.000255921387434011,0.559413076985908,1.49643546047677,0,0,0,1
91522,"COL23A1",4.35782120482312,0.567332006828273,1.57538856134384e-14,1.83225700134601e-12,4.97845798675047,0.815039394065722,1.00734435097725e-09,7.85213208280362e-08,4.35782120482312,0.567332006828273,1.575388561344e-14,1.80008169259332e-12,3.24587090416287,5.46977150548337,0,0,0,1
91523,"PCED1B",0.891372494795672,0.335877016335866,0.00795754899762639,0.0411644939477665,2.24631704253795,1.1255464206811,0.04596038956347,0.242617068973658,0.891372494795672,0.335877016335866,0.00795754899762634,0.0407952977699605,0.233065639542603,1.54967935004874,0,0,0,1
91607,"SLFN11",1.22562171834753,0.463996482166531,0.00825529309911703,0.0423060651576856,2.31928543658887,0.921949448730746,0.0118819210349418,0.0932322102175821,1.22562171834753,0.463996482166531,0.00825529309911718,0.0419390040902023,0.316205324347848,2.13503811234721,0,0,0,1
91937,"TIMD4",2.18883401332957,0.605036483648186,0.00029724491643981,0.00287483385004934,0.375633903672524,1.16148242294545,0.74638549180195,0.939865839440144,2.18883401332957,0.605036483648186,0.000297244916439824,0.00284843866976414,1.00298429604637,3.37468373061277,0,0,0,1
92211,"CDHR1",1.86745464916877,0.477949951362885,9.33649135114637e-05,0.0010970377337597,6.36878257080397,0.848391737894092,6.05490441054865e-14,1.17993189553936e-11,1.86745464916877,0.477949951362885,9.33649135114667e-05,0.00108520614558199,0.930689958084845,2.8042193402527,0,0,0,1
92312,"MEX3A",1.21296582065975,0.394541660339553,0.00210949827255666,0.0143108029127867,-0.294237077951833,1.02880583218414,0.774879156401516,0.947938551521848,1.21296582065975,0.394541660339553,0.0021094982725566,0.0141927970104195,0.439678375993591,1.98625326532591,0,0,0,1
92689,"FAM114A1",0.694346925390315,0.250618421465496,0.00559644106365057,0.0313344651224152,0.791861297629691,0.77731995881965,0.308342079596972,0.719407616868392,0.694346925390315,0.250618421465496,0.0055964410636505,0.0310757101399366,0.203143845455663,1.18555000532497,0,0,0,1
93109,"TMEM44",1.48394206361727,0.36193399536093,4.13087585855588e-05,0.00054934244460097,3.76026799801902,1.04210999015234,0.00030818430957565,0.00542527399598576,1.48394206361727,0.36193399536093,4.13087585855588e-05,0.000543381455618624,0.77456446792916,2.19331965930538,0,0,0,1
94240,"EPSTI1",1.0351187084957,0.374300579874841,0.00568400491007707,0.0316746990528362,-0.235137768702997,0.828501982717189,0.776555416192675,0.948309538881785,1.0351187084957,0.374300579874841,0.00568400491007729,0.0314118060957077,0.301503052548554,1.76873436444285,0,0,0,1
94241,"TP53INP1",0.969885326192882,0.341563339077991,0.00451775682065222,0.0263612647137037,0.320177293723446,0.760268784818257,0.673655065507616,0.917719496247938,0.969885326192882,0.341563339077991,0.00451775682065225,0.0261541070042311,0.300433483160777,1.63933716922499,0,0,0,1
112399,"EGLN3",4.09596281661584,0.435935173398925,5.67807826540095e-21,1.81223130498518e-18,5.95004670073808,0.721721928350552,1.66217272198915e-16,4.6427254413027e-14,4.09596281661584,0.435935173398925,5.67807826540124e-21,1.78040765703267e-18,3.24154557715972,4.95038005607196,0,0,0,1
112464,"CAVIN3",1.89948021722392,0.380822685387867,6.10600983584457e-07,1.43491231142347e-05,3.55350905916578,0.728902955523897,1.08727457726178e-06,4.24746728212826e-05,1.89948021722392,0.380822685387867,6.10600983584429e-07,1.4169936422838e-05,1.15308146936787,2.64587896507997,0,0,0,1
112479,"ERI2",1.61550736681282,0.361569112451705,7.89373947747136e-06,0.00013308805969142,-0.610660749311543,0.900971000308775,0.497910754091773,0.841008499075189,1.61550736681282,0.361569112451705,7.8937394774708e-06,0.000131559072156661,0.906844928485365,2.32416980514027,0,0,0,1
112724,"RDH13",2.04724639833122,0.348333998220255,4.17135054070838e-09,1.64978717062484e-07,1.76810367141935,0.877516078395979,0.0439155430172099,0.234561365686335,2.04724639833122,0.348333998220255,4.17135054070847e-09,1.6255005589703e-07,1.36452430722868,2.72996848943376,0,0,0,1
113189,"CHST14",1.00283726663817,0.321283442677799,0.00180025469720238,0.0125926072703391,2.12215868617355,0.78878386603911,0.00713624689098057,0.0637847262111698,1.00283726663817,0.321283442677799,0.00180025469720239,0.0124796062120205,0.373133290160645,1.63254124311569,0,0,0,1
113201,"GOLM2",0.629537690133002,0.220898775392373,0.00437340533217308,0.0257378279497184,-0.633717722326879,0.741769190136487,0.392920638387501,0.770940990389203,0.629537690133002,0.220898775392373,0.00437340533217316,0.0255377323922437,0.196584046134948,1.06249133413106,0,0,0,1
114088,"TRIM9",1.93443736827438,0.524096222468503,0.00022337713540891,0.00226412688799997,3.10468057211597,0.987917123780647,0.00167424269721006,0.0216836424749176,1.93443736827438,0.524096222468503,0.000223377135408918,0.00224091809279646,0.907227647802622,2.96164708874614,0,0,0,1
114614,"MIR155HG",2.90420809928275,0.550153469452129,1.29957900642323e-07,3.71571297586507e-06,4.02776214277207,1.59804945228598,0.011721355776167,0.0921379931767271,2.90420809928275,0.550153469452129,1.29957900642331e-07,3.65808428885292e-06,1.82592711318682,3.98248908537868,0,0,0,1
114793,"FMNL2",1.13626997089912,0.287135959625359,7.5816249802053e-05,0.00091917156562135,0.240103570743994,0.769981493197571,0.755169484741734,0.943096006420248,1.13626997089912,0.287135959625359,7.58162498020498e-05,0.000908649329849811,0.573493831367069,1.69904611043117,0,0,0,1
114899,"C1QTNF3",1.54586834235484,0.469296665874556,0.00098768661101701,0.00778129222135331,0.18905209736559,1.0017167049929,0.850305921335416,0.967119529610864,1.54586834235484,0.469296665874556,0.000987686611017005,0.00771551481827479,0.626063779175983,2.4656729055337,0,0,0,1
114904,"C1QTNF6",1.188272875877,0.231146117784489,2.73590581802522e-07,7.09783959292593e-06,2.10211581379048,0.844074342570779,0.0127585330245476,0.0974533906814461,1.188272875877,0.231146117784489,2.73590581802499e-07,7.01296922897927e-06,0.735234809853148,1.64131094190085,0,0,0,1
114907,"FBXO32",1.33818132902375,0.313623026075725,1.98255418939054e-05,0.00029319583723271,1.46851275955488,0.898245239616461,0.102076637668317,0.401667614623933,1.33818132902375,0.313623026075725,1.98255418939058e-05,0.000290236461840968,0.723491493192863,1.95287116485464,0,0,0,1
114908,"TMEM123",0.914040737322447,0.229257985764064,6.69273716774352e-05,0.00082599932455136,0.707419221696424,0.754308019344267,0.348327330371331,0.736236313493901,0.914040737322447,0.229257985764064,6.69273716774372e-05,0.000816635069979082,0.464703342056685,1.36337813258821,0,0,0,1
115273,"RAB42",3.21325725418712,0.435826243416032,1.67088167986183e-13,1.59244306766831e-11,5.49062825593277,0.996878266100052,3.63300038991653e-08,2.07800182711983e-06,3.21325725418712,0.435826243416032,1.67088167986169e-13,1.5644790062205e-11,2.35905351357431,4.06746099479993,0,0,0,1
115290,"FBXO17",1.10072010432449,0.362827165551173,0.00241549519287714,0.0159683314195789,0.815261788005756,0.748266217841242,0.27591829167383,0.683434169826813,1.10072010432449,0.362827165551173,0.00241549519287723,0.0158328253211297,0.389591927231439,1.81184828141754,0,0,0,1
115352,"FCRL3",1.44193432739168,0.477375187157916,0.00252318303872926,0.0165526596670748,-0.605575961711889,1.82989118171102,0.74069320272663,0.939144293917968,1.44193432739168,0.477375187157916,0.00252318303872922,0.0164110356542142,0.506296153449097,2.37757250133426,0,0,0,1
115362,"GBP5",1.3776019169078,0.435185374087382,0.00154789009551261,0.0111983361469769,1.82260083134823,1.18338665466685,0.12352217263503,0.448408719764947,1.3776019169078,0.435185374087382,0.00154789009551258,0.0110952696213695,0.524654257097941,2.23054957671766,0,0,0,1
115908,"CTHRC1",3.04211631710461,0.628695902232882,1.30643614771337e-06,2.83695090050923e-05,6.19819213836765,0.990087090826519,3.84362214651674e-10,3.37252688761644e-08,3.04211631710461,0.628695902232882,1.30643614771343e-06,2.80042584731641e-05,1.80989499150025,4.27433764270897,0,0,0,1
116496,"NIBAN1",1.22229723077084,0.253177198574068,1.38026772618107e-06,2.97842677265865e-05,0.736921078992037,0.848702667701303,0.385234924735073,0.764132098903431,1.22229723077084,0.253177198574068,1.38026772618109e-06,2.93999206194307e-05,0.726079039858921,1.71851542168276,0,0,0,1
116832,"RPL39L",1.95749951671397,0.388502443540868,4.69005479819682e-07,1.13721399382426e-05,3.26605687417752,0.834971109830512,9.16940083095557e-05,0.00200091130893209,1.95749951671397,0.388502443540868,4.69005479819669e-07,1.12319731517027e-05,1.19604871946806,2.71895031395988,0,0,0,1
117289,"TAGAP",1.34787296924747,0.438893791951413,0.00213294097468786,0.0144341626906392,1.81803375501505,1.31412525237974,0.166525255418244,0.528991290974756,1.34787296924747,0.438893791951413,0.00213294097468789,0.014314804958545,0.487656943984485,2.20808899451045,0,0,0,1
121260,"SLC15A4",2.26183446411697,0.370266074629057,1.00462768264569e-09,4.67373231072183e-08,1.78067646752701,0.755099877613796,0.0183638003741851,0.12561588998815,2.26183446411697,0.370266074629057,1.0046276826457e-09,4.60727722622858e-08,1.536126293147,2.98754263508694,0,0,0,1
121457,"IKBIP",1.49535819437947,0.278073083980221,7.54967780980008e-08,2.24754399699992e-06,2.40967035160614,0.886607988654276,0.0065706985371018,0.0601082624362932,1.49535819437947,0.278073083980221,7.54967780980064e-08,2.21287621542483e-06,0.950344964708255,2.04037142405069,0,0,0,1
123920,"CMTM3",1.02144473269899,0.33919683205982,0.00260077878003331,0.016964395426415,2.9339231552182,0.828849418182928,0.00040049995881757,0.00671869750733106,1.02144473269899,0.33919683205982,0.00260077878003326,0.0168183694442151,0.356631158191662,1.68625830720632,0,0,0,1
124222,"PAQR4",1.77991782034368,0.481218332124732,0.00021664345564959,0.00220728640336674,2.75065408760598,0.950142492828993,0.00379169248398544,0.0403716482459416,1.77991782034368,0.481218332124732,0.000216643455649585,0.0021847447363675,0.836747220678771,2.72308842000859,0,0,0,1
124997,"WDR81",1.30122242383302,0.295389912420046,1.05734560310446e-05,0.00017031703118551,1.13228574970907,0.810128329036818,0.162214527826968,0.520841280253144,1.30122242383302,0.295389912420046,1.05734560310446e-05,0.000168512893222902,0.722268834093289,1.88017601357275,0,0,0,1
125488,"TTC39C",1.11821931997123,0.406045911591834,0.00588855561636128,0.0326128076186207,1.58547881005742,1.05841525377969,0.134139937311409,0.470205230998098,1.11821931997123,0.406045911591834,0.00588855561636113,0.0323402832486342,0.3223839571815,1.91405468276096,0,0,0,1
126326,"GIPC3",1.73977426350257,0.307326510790675,1.50496606677472e-08,5.39272958235412e-07,1.52452313225521,1.02775612484383,0.137981164202807,0.477280976444754,1.73977426350257,0.307326510790675,1.5049660667748e-08,5.31189986343576e-07,1.13742537085849,2.34212315614665,0,0,0,1
126382,"NR2C2AP",1.66126191242481,0.441745522000769,0.00016945460025306,0.00179582620376301,2.29784725768878,0.799101060073848,0.0040333672471747,0.0421416469422698,1.66126191242481,0.441745522000769,0.000169454600253067,0.00177802052545689,0.795456598971457,2.52706722587816,0,0,0,1
127703,"C1orf216",1.11290603961452,0.340343325207526,0.00107566067357876,0.00833436657894595,2.12910706667291,0.873556265758061,0.0147979416740222,0.107638326612386,1.11290603961452,0.340343325207526,0.00107566067357871,0.0082626171418906,0.445845379829166,1.77996669939987,0,0,0,1
127733,"UBXN10",0.909056925146728,0.295578764266778,0.00210139353414088,0.0142628708519038,0.0321787455827485,0.894786431322403,0.971312270471086,0.994680010056096,0.909056925146728,0.295578764266778,0.00210139353414089,0.0141453265206299,0.329733192588988,1.48838065770447,0,0,0,1
128239,"IQGAP3",2.03462956751878,0.418114565682175,1.1376375171776e-06,2.51011853468575e-05,3.86519400166096,1.30455526415849,0.00304810804517327,0.0341922642095441,2.03462956751878,0.418114565682175,1.13763751717761e-06,2.47799138030788e-05,1.21514007737011,2.85411905766745,0,0,0,1
128338,"DRAM2",0.579720999898383,0.215359836777886,0.00710523226209585,0.0378247508010099,0.20632208302994,0.770296730400093,0.788816676865781,0.950670121263429,0.579720999898383,0.215359836777886,0.00710523226209582,0.0374950475889777,0.157623476097302,1.00181852369946,0,0,0,1
129607,"CMPK2",0.959800100031459,0.366315165146291,0.00878915062232989,0.0445100749597253,0.726547578013854,1.32587396780016,0.583708141705274,0.883056503712273,0.959800100031459,0.366315165146291,0.00878915062232988,0.0441191801343536,0.241835569353887,1.67776463070903,0,0,0,1
129804,"FBLN7",1.5773077314264,0.419693618431788,0.00017111534459882,0.00181202699789684,2.44812617350428,0.94422022123289,0.00952121895615891,0.0792284550577294,1.5773077314264,0.419693618431788,0.000171115344598821,0.00179404991541673,0.754723354758799,2.399892108094,0,0,0,1
132430,"PABPC4L",1.18972041290931,0.324839322829084,0.00024977658270956,0.00248887498534067,0.632275278502048,1.07579330958792,0.556713987082722,0.868491961598471,1.18972041290931,0.324839322829084,0.000249776582709566,0.00246484498169712,0.553047039401926,1.82639378641669,0,0,0,1
132671,"SPATA18",2.21198592557847,0.442677430716689,5.82789971236205e-07,1.37900164918029e-05,0.153114702185373,0.848537380437189,0.856802882656087,0.968496452035891,2.21198592557847,0.442677430716689,5.82789971236216e-07,1.36182966762182e-05,1.34435410460503,3.07961774655191,0,0,0,1
132864,"CPEB2",0.992059449956488,0.227024293948063,1.24338585906198e-05,0.0001956906826808,0.593668610830848,0.895317723478308,0.507278364262221,0.847082792750304,0.992059449956488,0.227024293948063,1.24338585906201e-05,0.00019358627641724,0.54710001020265,1.43701888971033,0,0,0,1
133308,"SLC9B2",1.39824449892722,0.413020284660705,0.00071071072860737,0.00592575579550886,3.08482812316563,1.06901994062119,0.00390593818966019,0.0411436946074891,1.39824449892722,0.413020284660705,0.000710710728607357,0.00587523773992213,0.588739616107757,2.20774938174668,0,0,0,1
133418,"EMB",1.35879960111799,0.326869730686859,3.22444794079913e-05,0.00044564273453703,2.01503433527465,1.02768873232409,0.0499089140514001,0.256785824062768,1.35879960111799,0.326869730686859,3.22444794079916e-05,0.000440925269632811,0.718146701335439,1.99945250090054,0,0,0,1
133957,"CCDC127",0.843312956832864,0.269861911653239,0.00177817417684645,0.0124444989306684,0.221012743091481,0.779871970774154,0.776873150747443,0.948309538881785,0.843312956832864,0.269861911653239,0.00177817417684643,0.0123328819065948,0.314393329193386,1.37223258447234,0,0,0,1
134265,"AFAP1L1",1.56547787051593,0.364353467509865,1.73444696622905e-05,0.0002621536361732,2.1985213725848,0.78374460587041,0.00502931306468027,0.0494347552205142,1.56547787051593,0.364353467509865,1.73444696622906e-05,0.000259551037132812,0.85135819655431,2.27959754447755,0,0,0,1
134266,"GRPEL2",0.784393312514699,0.286105787010819,0.00611370474740691,0.0334680829491075,1.32016036155801,0.800512385548129,0.0991180953323202,0.395920414675076,0.784393312514699,0.286105787010819,0.00611370474740684,0.0331848152613875,0.223636274205006,1.34515035082439,0,0,0,1
136319,"MTPN",0.815960588540374,0.177718118382658,4.40453346212071e-06,8.10292456221779e-05,0.303158070820924,0.727504261904,0.676890770467008,0.918841116333759,0.815960588540374,0.177718118382658,4.40453346212047e-06,8.00354779916042e-05,0.467639477110139,1.16428169997061,0,0,0,1
140691,"TRIM69",0.773078365803612,0.241433868740334,0.00136463030616892,0.0100581022136747,-0.046090354946952,0.929443050032961,0.960449738062569,0.992772016057161,0.773078365803612,0.241433868740334,0.00136463030616892,0.00996712373676897,0.299876678424386,1.24628005318284,0,0,0,1
140885,"SIRPA",1.59919145418638,0.210507139593127,3.03422660868706e-14,3.3048988871128e-12,1.58954712612678,0.730272872803695,0.0295068267598387,0.177687714577124,1.59919145418638,0.210507139593127,3.03422660868731e-14,3.24686328293103e-12,1.18660504209531,2.01177786627745,0,0,0,1
143458,"LDLRAD3",1.39668185322171,0.391296921195543,0.00035784645322127,0.00334314821239538,1.83544516695418,0.886165476140119,0.0383380822825078,0.213386888400049,1.39668185322171,0.391296921195543,0.000357846453221288,0.00331376629724081,0.629753980417038,2.16360972602638,0,0,0,1
143503,"OR51E1",2.80085297817894,0.406064242562206,5.29028423406628e-12,3.82125583306977e-10,1.06555279719788,1.22425070810195,0.384097473519054,0.763531803860069,2.80085297817894,0.406064242562206,5.29028423406625e-12,3.7541527541008e-10,2.00498168734748,3.5967242690104,0,0,0,1
143684,"FAM76B",0.626984754366888,0.227122940125126,0.00577037183286836,0.0320747602406988,-0.640445732720506,0.862889119242928,0.457959549405405,0.816570282847663,0.626984754366888,0.227122940125126,0.0057703718328683,0.0318078182430758,0.181831971658794,1.07213753707498,0,0,0,1
143888,"POGLUT3",1.05701057029923,0.329897124117135,0.00135503676872827,0.00999275906180914,0.905532381800843,0.804268238529853,0.260204284943084,0.66505469137733,1.05701057029923,0.329897124117135,0.00135503676872827,0.0099024177521752,0.410424088426305,1.70359705217215,0,0,0,1
144811,"LACC1",0.943523333800548,0.329190620452957,0.00415442950874615,0.0246926767336648,0.751237661178928,0.944089028919554,0.426190403267705,0.797512837021378,0.943523333800548,0.329190620452957,0.00415442950874615,0.0244924237282135,0.298321573664358,1.58872509393674,0,0,0,1
146330,"FBXL16",1.79299629202716,0.499932759709686,0.00033517831619531,0.00318558671154048,1.43600326709746,0.848013133017225,0.0903843284446513,0.375496023897846,1.79299629202716,0.499932759709686,0.000335178316195321,0.00315587237238932,0.813146088304459,2.77284649574986,0,0,0,1
146857,"SLFN13",1.21828351085948,0.407210718261804,0.002773591209188,0.0178205832185843,2.25789086771314,0.908683530956123,0.0129626629056158,0.0984774558636517,1.21828351085948,0.407210718261804,0.00277359120918791,0.0176731239477696,0.420165168947657,2.0164018527713,0,0,0,1
147040,"KCTD11",0.694728527373888,0.240778421091698,0.0039098641343376,0.0235140119980934,1.25117325522388,0.793791710809795,0.114980078245743,0.431471368410301,0.694728527373888,0.240778421091698,0.00390986413433755,0.0233259726209174,0.222811493779741,1.16664556096804,0,0,0,1
147463,"ANKRD29",1.24585006438367,0.360370391454317,0.00054594581301064,0.00475718116683049,-0.14089344723888,0.926930547783195,0.879186932268506,0.974611360200027,1.24585006438367,0.360370391454317,0.000545945813010627,0.00471858166462967,0.539537076038608,1.95216305272873,0,0,0,1
148022,"TICAM1",0.586532873337372,0.227000684631218,0.0097707828079685,0.0483222426149765,1.88723175470842,0.806792287793614,0.0193261600514455,0.130757818450616,0.586532873337372,0.227000684631218,0.00977078280796849,0.047905259854487,0.14161970699425,1.03144603968049,0,0,0,1
148867,"SLC30A7",0.721711606154448,0.205255318166432,0.00043782847243731,0.00396356065681382,0.334372528236309,0.804422131507694,0.677652969651741,0.919130722242537,0.721711606154448,0.205255318166432,0.000437828472437313,0.0039276389180787,0.319418574912931,1.12400463739596,0,0,0,1
150223,"YDJC",0.752095110895321,0.261366866155987,0.00400781810204071,0.0240293995772856,1.46154477634424,0.780378339758508,0.0610867644112505,0.293507191733987,0.752095110895321,0.261366866155987,0.00400781810204079,0.0238365291000511,0.239825466477486,1.26436475531316,0,0,0,1
150383,"CDPF1",0.619874059083283,0.237009266497874,0.00891229885762615,0.0449811527133358,0.690515206544614,0.869058806393758,0.426872278586447,0.79776641396222,0.619874059083283,0.237009266497874,0.00891229885762624,0.0446011996678813,0.155344432745194,1.08440368542137,0,0,0,1
151354,"LRATD1",1.17841768412311,0.329993862602284,0.0003555813905677,0.003328785132436,2.23483282603854,0.840244166775697,0.00782004940862952,0.0681874131317493,1.17841768412311,0.329993862602284,0.000355581390567683,0.00329958973780046,0.531641598303374,1.82519376994285,0,0,0,1
151473,"SLC16A14",1.41289979082358,0.372079944208658,0.00014627973368161,0.00158824609576465,1.82404607197426,1.22311579887383,0.135879856507966,0.473222682105585,1.41289979082358,0.372079944208658,0.000146279733681627,0.00157279876334081,0.683636500804938,2.14216308084222,0,0,0,1
151636,"DTX3L",1.06272382099359,0.307522403287537,0.00054874235149381,0.00477548511851684,1.56843473902082,0.849403092391088,0.0648176021257065,0.305563486364196,1.06272382099359,0.307522403287537,0.000548742351493789,0.00473667933751008,0.459990986110816,1.66545665587636,0,0,0,1
152007,"GLIPR2",1.04993547125604,0.33312749743751,0.00162293693087058,0.0116430666174949,2.63030692780597,0.854663360687529,0.0020867893242158,0.0256584756306182,1.04993547125604,0.33312749743751,0.00162293693087064,0.0115350862619551,0.397017574018561,1.70285336849352,0,0,0,1
153579,"BTNL9",1.42463935280832,0.392665374154088,0.00028548621667945,0.00277873250901336,-0.789229346974251,0.883217881362571,0.371544522485367,0.75347862248114,1.42463935280832,0.392665374154088,0.000285486216679464,0.00275336957045008,0.655029361490363,2.19424934412628,0,0,0,1
153733,"CCDC112",0.677456492759036,0.255874862780022,0.00810633130035301,0.0417296664538803,1.00134726445074,1.15173630155158,0.384615221630453,0.763568065448314,0.677456492759036,0.255874862780022,0.00810633130035292,0.0413692902810971,0.175950977161064,1.17896200835701,0,0,0,1
153768,"PRELID2",1.18607360794471,0.447322799453082,0.00801365956312999,0.0413894802411514,2.91475189230289,0.96908341460474,0.00263197367225873,0.0305460215835879,1.18607360794471,0.447322799453082,0.00801365956313017,0.0410174567863002,0.309337031553036,2.06281018433638,0,0,0,1
153830,"RNF145",1.03155308564519,0.271554554274712,0.00014545961994679,0.00158435541599192,2.53909575210623,0.826333695233203,0.00212114248640204,0.025928684850191,1.03155308564519,0.271554554274712,0.000145459619946801,0.00156898564459418,0.499315939428927,1.56379023186145,0,0,0,1
154214,"RNF217",0.615720312087252,0.231029648306798,0.007696226586514,0.0402680189375974,-0.637517753646989,0.992151517118648,0.520509072782723,0.852645558767558,0.615720312087252,0.231029648306798,0.00769622658651387,0.0399108550253717,0.162910522044973,1.06853010212953,0,0,0,1
154810,"AMOTL1",0.642106370290309,0.244165201681888,0.00854343698267112,0.0434581649926532,0.294369745133464,0.781299859205848,0.706345110517206,0.929526754983032,0.642106370290309,0.244165201681888,0.00854343698267104,0.0430782202084344,0.16355136871585,1.12066137186477,0,0,0,1
155400,"NSUN5P1",1.09921499383759,0.416840496526419,0.00836389249012699,0.0427508605342655,0.832946045230603,0.84523191921885,0.324395963900697,0.730755456477082,1.09921499383759,0.416840496526419,0.00836389249012718,0.0423789411666234,0.282222633348015,1.91620735432716,0,0,0,1
157285,"PRAG1",1.05200590108235,0.334160444679733,0.00164275906737467,0.0117300860773413,0.95636116553229,0.99281017959018,0.335403502196227,0.730755456477082,1.05200590108235,0.334160444679733,0.00164275906737475,0.011626939897855,0.397063464452184,1.70694833771252,0,0,0,1
157313,"CDCA2",1.70821907999323,0.566199811212981,0.0025529836531994,0.0167002610374207,4.92440876595858,1.10280229292676,7.99343913376481e-06,0.0002422460152672,1.70821907999323,0.566199811212981,0.00255298365319943,0.0165569401616585,0.598487841962409,2.81795031802405,0,0,0,1
158158,"RASEF",1.5596280384939,0.466483400379831,0.00082766547768789,0.00672123137028915,-0.754263629727568,0.852456211282196,0.376257944803385,0.758262012621443,1.5596280384939,0.466483400379831,0.000827665477687888,0.00666233649890496,0.645337374363653,2.47391870262415,0,0,0,1
158471,"PRUNE2",0.785747151901608,0.274547112048936,0.00421009238990853,0.0249802455508451,0.10154958356126,0.788910126157903,0.897578133980397,0.978701122754647,0.785747151901608,0.274547112048936,0.00421009238990854,0.0247772482292173,0.247644700226211,1.32384960357701,0,0,0,1
159371,"SLC35G1",0.915717684660384,0.262051980074327,0.00047510652372701,0.00423276173177653,0.936497897276648,1.36258169030557,0.491895778851543,0.836752066359421,0.915717684660384,0.262051980074327,0.000475106523727024,0.00419930822261269,0.402105241637295,1.42933012768347,0,0,0,1
160851,"DGKH",0.694261355426314,0.194233336260427,0.00035107532821364,0.00329784928432859,-0.330157078820358,0.851290961369853,0.698141055993881,0.927139953451408,0.694261355426314,0.194233336260427,0.000351075328213633,0.00326676925486847,0.313571011758819,1.07495169909381,0,0,0,1
161176,"SYNE3",1.16788609295125,0.252997488006286,3.90837094464939e-06,7.29775276794125e-05,-0.694193288683946,0.950908776990061,0.465370976671069,0.82122272275776,1.16788609295125,0.252997488006286,3.9083709446496e-06,7.20883248245015e-05,0.672020128279825,1.66375205762267,0,0,0,1
161198,"CLEC14A",1.41086254231019,0.42529609823431,0.00090870702507034,0.00725485468997402,1.93505194505503,0.782218518942568,0.0133684620586765,0.100481164184437,1.41086254231019,0.42529609823431,0.000908707025070319,0.00719441974105879,0.577297507005533,2.24442757761485,0,0,0,1
161742,"SPRED1",0.608207574164149,0.167292031550079,0.00027733011086603,0.00271474924502526,0.826632337924968,0.805160708752539,0.304577054316658,0.714502639038755,0.608207574164149,0.167292031550079,0.000277330110866024,0.0026881681414857,0.280321217425456,0.936093930902842,0,0,0,1
162073,"ITPRIPL2",1.31984097626463,0.371389195429753,0.00037971541966762,0.00351160001315261,1.21181532505046,0.854414691654645,0.156103549232882,0.510501562457328,1.31984097626463,0.371389195429753,0.000379715419667611,0.00348042352371067,0.591931528975006,2.04775042355425,0,0,0,1
162394,"SLFN5",0.883425524713919,0.223947503536269,7.9870459644765e-05,0.00095811750778581,1.07038543640807,0.851722280137308,0.208851210390005,0.595666683956109,0.883425524713919,0.223947503536269,7.98704596447634e-05,0.000947915496744233,0.444496483355175,1.32235456607266,0,0,0,1
162967,"ZNF320",1.43422114791058,0.288488875257451,6.64384034865578e-07,1.54280989754572e-05,1.55192632612078,0.812519495542001,0.0561309806523599,0.277738147255063,1.43422114791058,0.288488875257451,6.64384034865529e-07,1.5234506704238e-05,0.868793342465508,1.99964895335565,0,0,0,1
163175,"LGI4",2.28485592150641,0.670483901908052,0.00065495719452526,0.00551788369408518,-0.627488665144577,1.06244881114028,0.554784429504675,0.867154659025261,2.28485592150641,0.670483901908052,0.000654957194525267,0.00547136793914756,0.970731621552742,3.59898022146008,0,0,0,1
168451,"THAP5",0.878240957911248,0.146888226616474,2.24546732434379e-09,9.57043278238951e-08,-0.20495380711331,0.810495148577061,0.800364955281655,0.954025089316506,0.878240957911248,0.146888226616474,2.24546732434381e-09,9.43166228477494e-08,0.590345323990001,1.16613659183249,0,0,0,1
169611,"OLFML2A",1.99770654365796,0.251686696735471,2.0667137036136e-15,2.80827513548446e-13,3.21091742030525,0.814798945153053,8.12278796626115e-05,0.00182479629392186,1.99770654365796,0.251686696735471,2.06671370361351e-15,2.75896048176445e-13,1.50440968266858,2.49100340464734,0,0,0,1
169714,"QSOX2",0.714542548833214,0.250840572436376,0.00439130994550737,0.0258321207424532,0.567067680519633,0.853943921739592,0.50665364890156,0.846561166694042,0.714542548833214,0.250840572436376,0.00439130994550743,0.025631182681938,0.222904060996507,1.20618103666992,0,0,0,1
170384,"POFUT4",1.45416477759002,0.384710458354933,0.00015689509891989,0.00168034867768018,1.984402513544,0.808202480920369,0.0140755931993768,0.103875728350036,1.45416477759002,0.384710458354933,0.000156895098919892,0.00166381926107097,0.700146134738455,2.20818342044158,0,0,0,1
197135,"PATL2",2.05202600717623,0.461442496924963,8.70855452359889e-06,0.00014434323947085,1.59577983326823,1.41724108512871,0.260175563053123,0.66505469137733,2.05202600717623,0.461442496924963,8.70855452359871e-06,0.000142670037231691,1.14761533226707,2.95643668208539,0,0,0,1
197259,"MLKL",1.39849302895364,0.327191019567001,1.91790136931754e-05,0.00028579021055932,2.05446940017413,0.88819082388739,0.0207174384474177,0.137615359072641,1.39849302895364,0.327191019567001,1.91790136931743e-05,0.000282921927379726,0.757210414537378,2.0397756433699,0,0,0,1
200081,"TXLNA",0.597922808302972,0.229327581939517,0.00912628479522433,0.0458284421989238,0.198649865277133,0.803557708024734,0.804743429631274,0.955230039980785,0.597922808302972,0.229327581939517,0.00912628479522447,0.0454393271395907,0.14844900703986,1.04739660956608,0,0,0,1
200197,"TMEM51-AS1",1.07052125946135,0.270143529608818,7.40798791239224e-05,0.00090210493442476,-0.417490757198388,0.969221580435494,0.666651238146288,0.914871282352901,1.07052125946135,0.270143529608818,7.40798791239197e-05,0.000891802687703402,0.541049670771537,1.59999284815116,0,0,0,1
200316,"APOBEC3F",0.885705101373288,0.318639238796751,0.00544177560227126,0.0305952185028967,1.85903661603875,0.930884914546172,0.0458182467790352,0.242327546065643,0.885705101373288,0.318639238796751,0.00544177560227121,0.0303438628806546,0.261183669270398,1.51022653347618,0,0,0,1
200558,"APLF",1.4917327207523,0.565176026266623,0.00830498364769344,0.0424813997692675,0.262600729734523,1.13093379701783,0.816384118499766,0.957839641692633,1.4917327207523,0.565176026266623,0.0083049836476936,0.0421121077554919,0.384008064344255,2.59945737716034,0,0,0,1
201725,"C4orf46",0.891718568726534,0.303786494340379,0.0033317560156662,0.0205783166332147,0.717642175219819,1.08426239229265,0.508053696922208,0.847082792750304,0.891718568726534,0.303786494340379,0.00333175601566617,0.0204191210723759,0.29630798082971,1.48712915662336,0,0,0,1
203068,"TUBB",0.859699320354812,0.317476043754605,0.00677066030678902,0.0362970867384268,1.99411066312333,1.19181414743072,0.094293341285164,0.384304987013148,0.859699320354812,0.317476043754605,0.0067706603067891,0.0359829771054148,0.237457708641524,1.4819409320681,0,0,0,1
203259,"FAM219A",1.28087350271499,0.259748513454052,8.17233748829115e-07,1.85077821269485e-05,1.1741672466467,0.844248640583177,0.164291027868197,0.525048309695483,1.28087350271499,0.259748513454052,8.17233748829033e-07,1.82732382014293e-05,0.771775771307231,1.78997123412275,0,0,0,1
219285,"SAMD9L",1.05897239461889,0.336311615102044,0.00163951726260004,0.0117300860773413,1.28031077914279,0.898251576172426,0.154059947168706,0.506352354304833,1.05897239461889,0.336311615102044,0.00163951726259997,0.011622298239556,0.399813741436387,1.71813104780139,0,0,0,1
219699,"UNC5B",1.49752358353684,0.379570394008281,7.96961808570965e-05,0.00095774990024763,3.64283493920173,0.742405068232612,9.25732335810261e-07,3.65904439052928e-05,1.49752358353684,0.379570394008281,7.96961808570939e-05,0.000947569317897881,0.753579281682931,2.24146788539075,0,0,0,1
219855,"SLC37A2",1.14522143570126,0.354285580045769,0.00122720260555898,0.00926409711699197,3.29327396068905,0.999482854073758,0.00098429404636066,0.014147327549707,1.14522143570126,0.354285580045769,0.00122720260555898,0.00918222682061693,0.45083445856967,1.83960841283285,0,0,0,1
219972,"MPEG1",0.999310830058863,0.331083673843015,0.00254194650740733,0.0166518729678559,2.40361936293126,0.789686167726351,0.00233637327603679,0.0279281595813842,0.999310830058863,0.331083673843015,0.00254194650740735,0.0165091834101028,0.350398753457348,1.64822290666038,0,0,0,1
220064,"LTO1",1.29051583747609,0.388590284277613,0.00089689332000707,0.007173055899637,-0.130131528179261,0.831391138784112,0.875621082367976,0.974566549814377,1.29051583747609,0.388590284277613,0.000896893320007035,0.00711341919626756,0.528892875549787,2.05213879940239,0,0,0,1
221035,"REEP3",0.511546746158209,0.172806353372549,0.00307408322739954,0.0193526230334089,0.115036563134278,0.787034635856501,0.883791490213173,0.975327187413335,0.511546746158209,0.172806353372549,0.00307408322739957,0.0191888259976984,0.172852517248311,0.850240975068107,0,0,0,1
221184,"CPNE2",1.56569601418411,0.306042475980417,3.12176512394353e-07,8.0347077871741e-06,0.992945105509962,0.793628370548029,0.210881149139156,0.598198574546904,1.56569601418411,0.306042475980417,3.12176512394369e-07,7.93821116984871e-06,0.965863783523028,2.16552824484519,0,0,0,1
221416,"LINC03040",3.66519089832705,0.548144517851829,2.28506847907605e-11,1.43197624688766e-09,1.47207182796593,1.10199385792736,0.181606217702472,0.554712704173362,3.66519089832705,0.548144517851829,2.28506847907604e-11,1.40683005951517e-09,2.59084738501439,4.73953441163971,0,0,0,1
221895,"JAZF1",1.04513154343734,0.232983919026927,7.26229010265193e-06,0.0001242739019561,2.06456169337837,0.863887181857732,0.0168552068012289,0.118042795980692,1.04513154343734,0.232983919026927,7.26229010265205e-06,0.00012285753758351,0.588491453167567,1.50177163370711,0,0,0,1
222962,"SLC29A4",1.47361719631282,0.544168876794476,0.00676870697506872,0.0362970867384268,2.94851729879564,0.916655950930019,0.00129718446077243,0.0176457097224717,1.47361719631282,0.544168876794476,0.00676870697506878,0.0359829771054148,0.407065796288033,2.54016859633761,0,0,0,1
253430,"IPMK",0.642111192128509,0.243830450433349,0.00845264724371232,0.0431242121831628,1.59199989755574,0.893225900590212,0.0746997068941977,0.334372966837569,0.642111192128509,0.243830450433349,0.00845264724371235,0.0427483281271469,0.164212290944966,1.12001009331205,0,0,0,1
255104,"TMCO4",0.824867648663865,0.276165544649349,0.00281859333081011,0.0180393869674208,-0.493397929731786,0.815307405422214,0.545067393772215,0.863343034583139,0.824867648663865,0.276165544649349,0.0028185933308101,0.0178894077138662,0.283593127380253,1.36614216994748,0,0,0,1
255877,"BCL6B",1.58228441242163,0.340654448125783,3.40344928891166e-06,6.49637524909925e-05,2.74231891922587,0.819761937225757,0.00082204709910061,0.0122459442967353,1.58228441242163,0.340654448125783,3.40344928891192e-06,6.41800094579014e-05,0.914613962921727,2.24995486192153,0,0,0,1
257106,"ARHGAP30",1.47424319087181,0.384263931362288,0.00012478087457033,0.00140138520671293,2.50494165919232,0.827975516291881,0.00248319838766021,0.0292452015311297,1.47424319087181,0.384263931362288,0.000124780874570337,0.00138699137001802,0.721099724843954,2.22738665689967,0,0,0,1
257364,"SNX33",0.594133030651489,0.212732510976312,0.00522436068795941,0.029603272535737,0.688213478018968,0.762419797472017,0.36670106337672,0.749913742663874,0.594133030651489,0.212732510976312,0.00522436068795946,0.029362257255422,0.177184970797146,1.01108109050583,0,0,0,1
282991,"BLOC1S2",0.664725062617601,0.249892888478347,0.00781313871536667,0.0406626908341647,0.651204417506453,0.751431672603046,0.386151198742486,0.765406024804888,0.664725062617601,0.249892888478347,0.00781313871536656,0.0403001336263532,0.174944001207357,1.15450612402785,0,0,0,1
283104,"SBF2-AS1",0.984590286907584,0.374353986677391,0.00853585032928313,0.0434517840946149,0.290333119691641,0.876825165733428,0.740554904007592,0.939144293917968,0.984590286907584,0.374353986677391,0.00853585032928318,0.0430721818823821,0.250869955550911,1.71831061826426,0,0,0,1
283140,"LINC02762",2.92364622133508,0.622059117115025,2.60226274320103e-06,5.13862645866057e-05,2.83576017349753,0.874646129188748,0.00118619083352436,0.0164156665392525,2.92364622133508,0.622059117115025,2.60226274320112e-06,5.07761339603195e-05,1.70443275553485,4.14285968713531,0,0,0,1
283209,"PGM2L1",0.772288273100889,0.229524475837983,0.00076618131699335,0.00630400023646093,1.75670807370404,0.923369329922858,0.0571061125693229,0.280706890805412,0.772288273100889,0.229524475837983,0.00076618131699334,0.00624949951422941,0.322428566888009,1.22214797931377,0,0,0,1
283234,"CCDC88B",1.38800730305985,0.401875963027687,0.00055270581718117,0.0048069294264857,2.9445011472192,0.89287067879552,0.00097448538927169,0.0140183696470424,1.38800730305985,0.401875963027687,0.000552705817181182,0.00476783911263844,0.600344889273233,2.17566971684647,0,0,0,1
283349,"RASSF3",0.962074840696953,0.263520549285739,0.00026137060614657,0.00258433011437719,1.53758480060866,0.87848244231849,0.0800710799666136,0.348820179142313,0.962074840696953,0.263520549285739,0.000261370606146575,0.00255923012539889,0.445584054910692,1.47856562648321,0,0,0,1
283431,"GAS2L3",1.88678928720596,0.483904209483249,9.65522276096359e-05,0.00112773001848055,0.0457933449246606,0.989200803960611,0.963076499275372,0.992772016057161,1.88678928720596,0.483904209483249,9.65522276096358e-05,0.00111552158085751,0.938354464651467,2.83522410976045,0,0,0,1
283464,"GXYLT1",0.737482831655158,0.271111698301771,0.00652389563993292,0.0352357118309482,0.170861181445811,0.833382970673226,0.837555557187229,0.963754622934732,0.737482831655158,0.271111698301771,0.00652389563993288,0.034933155247504,0.206113667196198,1.26885199611412,0,0,0,1
283848,"CES4A",2.0624117021124,0.432599035307992,1.86534978535405e-06,3.84963315100737e-05,2.51849107375827,0.807395634411036,0.0018129509952733,0.0230001860180055,2.0624117021124,0.432599035307992,1.86534978535412e-06,3.80491848047346e-05,1.21453317316197,2.91029023106284,0,0,0,1
283849,"EXOC3L1",1.02116859652996,0.326140567350298,0.00174171276061962,0.0122518021151941,0.817222279495011,0.897783520183811,0.362681971221874,0.747846621086521,1.02116859652996,0.326140567350298,0.00174171276061966,0.0121424576791287,0.381944830625916,1.660392362434,0,0,0,1
284611,"EEIG2",0.777370930086004,0.291900746080968,0.00774164771643474,0.0403978605552663,1.56950739613754,1.03193757737009,0.128276777931752,0.458182123051626,0.777370930086004,0.291900746080968,0.00774164771643473,0.0400386022864171,0.205255980706935,1.34948587946507,0,0,0,1
284716,"RIMKLA",1.7091221989382,0.557991831490988,0.00219138958855258,0.0147496962792033,2.40803581309132,0.866578847794664,0.00545627207858176,0.0527041289711537,1.7091221989382,0.557991831490988,0.00219138958855256,0.0146269830804229,0.615478305548321,2.80276609232808,0,0,0,1
284996,"RNF149",0.974789126664233,0.208329510002688,2.88173883011412e-06,5.64179510762999e-05,1.0124727362107,0.771885385885898,0.189625454334174,0.566791446299719,0.974789126664233,0.208329510002688,2.88173883011417e-06,5.57453151311756e-05,0.566470790142087,1.38310746318638,0,0,0,1
285148,"IAH1",0.622578231729305,0.197221489464581,0.00159540018914976,0.0114875509946964,0.48100676087608,0.737532292736875,0.514282480275892,0.849786727177801,0.622578231729305,0.197221489464581,0.00159540018914974,0.0113813654763523,0.236031215401381,1.00912524805723,0,0,0,1
285195,"SLC9A9",1.14109625767934,0.436429599999884,0.00893275564991397,0.0450378907198455,2.28981957866138,0.952635438227332,0.0162314948232066,0.114971944945951,1.14109625767934,0.436429599999884,0.00893275564991372,0.0446571540332913,0.285709959892345,1.99648255546633,0,0,0,1
285382,"C3orf70",1.06853869373595,0.380958733121127,0.00503372986835803,0.0286889155786319,1.31848145608121,1.30633710796085,0.312832463613087,0.724238051898292,1.06853869373595,0.380958733121127,0.00503372986835794,0.0284569307400713,0.321873297222535,1.81520409024936,0,0,0,1
285533,"RNF175",1.64352446121416,0.541009684456977,0.00238245942234797,0.0157803441661697,3.20040686993682,1.43883795140097,0.0261282847231505,0.162480120102144,1.64352446121416,0.541009684456977,0.00238245942234804,0.0156467123192979,0.583164964391106,2.70388395803721,0,0,0,1
285596,"FAM153A",1.49773142425805,0.502808321026936,0.0028944346331268,0.01842449949213,3.41813777618358,0.974054917982741,0.00044948410168718,0.00739970929290331,1.49773142425805,0.502808321026936,0.00289443463312669,0.0182704410854154,0.512245223918202,2.4832176245979,0,0,0,1
285958,"SNHG15",1.26068321860147,0.365647731029088,0.00056515536461373,0.00489349667126744,1.93534348563039,0.804741090940906,0.016175701687302,0.114722210993438,1.26068321860147,0.365647731029088,0.000565155364613738,0.00485349667585161,0.544026834755669,1.97733960244727,0,0,0,1
285966,"TCAF2",1.42243825351947,0.331218107220561,1.75034854047706e-05,0.00026426604366894,2.40899015014197,0.889371038195591,0.00675586447515894,0.0614666301515683,1.42243825351947,0.331218107220561,1.75034854047698e-05,0.000261640236931831,0.773262692339644,2.0716138146993,0,0,0,1
286527,"TMSB15B",1.14474565662569,0.364237657793773,0.00167309461738552,0.0118787121205375,2.86146396545159,1.12277045215862,0.0108164230572131,0.0870246922783653,1.14474565662569,0.364237657793773,0.00167309461738546,0.0117736611305888,0.43085296553667,1.85863834771471,0,0,0,1
338382,"RAB7B",2.02160279295749,0.434037830694794,3.19816144883536e-06,6.19063014440289e-05,3.79942854637814,1.1067739767567,0.000597193822063,0.00938871600746141,2.02160279295749,0.434037830694794,3.1981614488354e-06,6.11642706590748e-05,1.1709042768678,2.87230130904718,0,0,0,1
338645,"LUZP2",1.75585545788501,0.522960569101817,0.00078642394798609,0.0064396672208599,-2.30654237139018,2.03891895173717,0.257946723580804,0.663127648487604,1.75585545788501,0.522960569101817,0.000786423947986091,0.00638371709253249,0.730871577110879,2.78083933865914,0,0,0,1
339105,"PRSS53",1.08859397628103,0.335491532022785,0.00117544147806554,0.00893726251798971,3.42753526064905,1.22081951105401,0.00499169535304777,0.0491514820339175,1.08859397628103,0.335491532022785,0.00117544147806549,0.00885884709265345,0.431042656398205,1.74614529616385,0,0,0,1
343413,"FCRL6",1.49650999347853,0.484824823706991,0.00202390044305525,0.0138602842717018,1.44106793567975,1.87858869336494,0.443021255261885,0.807619512634254,1.49650999347853,0.484824823706991,0.00202390044305531,0.0137472290547681,0.546270800201847,2.44674918675521,0,0,0,1
353116,"RILPL1",0.55813092404943,0.210515108518058,0.00801913640055535,0.0413894802411514,0.930040734573562,0.834166711343381,0.264878753555959,0.670863386858745,0.55813092404943,0.210515108518058,0.00801913640055531,0.0410174567863002,0.145528893152495,0.970732954946365,0,0,0,1
353322,"ANKRD37",1.83350706201606,0.63494838044485,0.00388134657425893,0.0233527401951467,1.29457548205483,0.814384812769022,0.111916859217801,0.424539303673862,1.83350706201606,0.63494838044485,0.00388134657425895,0.0231660893584477,0.589031104302118,3.07798301973,0,0,0,1
353376,"TICAM2",0.977409915291715,0.31630990115659,0.00200130247482184,0.0137398074859704,2.59441640167943,1.09402081368313,0.0177184112843258,0.122670826912597,0.977409915291715,0.31630990115659,0.00200130247482185,0.0136280612464763,0.357453901071374,1.59736592951206,0,0,0,1
359845,"RFLNB",0.855379904366071,0.284626514205467,0.00265344026363517,0.0172341761373067,1.73341046215424,0.839775691080724,0.0390049108419202,0.215879557727787,0.855379904366071,0.284626514205467,0.00265344026363516,0.0170851647920692,0.297522187478178,1.41323762125396,0,0,0,1
374655,"ZNF710",1.99067279557099,0.331465601357475,1.90544184321392e-09,8.27540628362906e-08,2.68261637872457,0.891870827156773,0.00263100333888411,0.0305460215835879,1.99067279557099,0.331465601357475,1.90544184321377e-09,8.15589599112739e-08,1.34101215479643,2.64033343634555,0,0,0,1
389119,"INKA1",1.18442254787977,0.401972377048407,0.0032136414045594,0.0200158435395244,1.74161813833441,0.895588538886083,0.0518155187215422,0.263077287673527,1.18442254787977,0.401972377048407,0.00321364140455945,0.0198535227182512,0.396571166084938,1.9722739296746,0,0,0,1
389337,"ARHGEF37",1.00592251259832,0.387280146073227,0.00939317173872807,0.0469111677373741,-0.175464449414818,0.822733244667685,0.831116248246423,0.961398737449883,1.00592251259832,0.387280146073227,0.00939317173872792,0.046510515810969,0.246867374367384,1.76497765082926,0,0,0,1
399474,"TMEM200B",1.02810204288951,0.268015171546198,0.00012506229728557,0.00140331392092747,0.734117620219707,0.893865490886292,0.411484395356972,0.785820366255346,1.02810204288951,0.268015171546198,0.000125062297285575,0.00138887503756711,0.502801959348638,1.55340212643038,0,0,0,1
399664,"MEX3D",0.811778935092441,0.244767121329692,0.00091140890347208,0.00727219522747148,0.557996232355983,1.02590133903333,0.586504591124846,0.883685196679069,0.811778935092441,0.244767121329692,0.000911408903472089,0.0072115764351609,0.332044192686699,1.29151367749818,0,0,0,1
400236,"FOXN3-AS1",1.23567222009571,0.413896991722083,0.00283153717118285,0.0180996814798851,0.505545907060063,0.952175424313583,0.595461895524347,0.88855504177788,1.23567222009571,0.413896991722083,0.00283153717118283,0.0179490435726648,0.424449023010955,2.04689541718047,0,0,0,1
400410,"ST20",1.4787138689357,0.439905065771932,0.00077537593165937,0.00635708748479414,-0.132948942958528,0.948458104649512,0.888522700156304,0.976827075040639,1.4787138689357,0.439905065771932,0.000775375931659395,0.00630192283249194,0.61651578340599,2.34091195446541,0,0,0,1
400506,"KNOP1",0.920663009232555,0.280769500277252,0.00104149582577657,0.00813979995043143,0.779862327077163,0.795752966439778,0.327070970766436,0.730755456477082,0.920663009232555,0.280769500277252,0.00104149582577657,0.00807039552812963,0.370364900731832,1.47096111773328,0,0,0,1
400581,"GRAPL",1.53950877447106,0.41434791144479,0.00020280398924665,0.00208955101232812,3.15224022226832,1.1713025243567,0.00711898746566797,0.0636984041308754,1.53950877447106,0.41434791144479,0.000202803989246651,0.00206838592058441,0.727401790969881,2.35161575797224,0,0,0,1
401466,"RBIS",0.666996451281816,0.251726689137454,0.00805668313467646,0.0415208108675553,0.976613818702772,0.741574188995112,0.187856428962096,0.563502039193802,0.666996451281816,0.251726689137454,0.00805668313467637,0.0411470676912278,0.173621206624896,1.16037169593874,0,0,0,1
404550,"CLMB",1.80636157792528,0.447285756737753,5.37950933752113e-05,0.00068998491727233,2.69028346668995,1.00907019265111,0.00767365408930011,0.0673665630605451,1.80636157792528,0.447285756737753,5.37950933752129e-05,0.000682332308539977,0.92969760392154,2.68302555192902,0,0,0,1
414189,"AGAP6",2.3636836702526,0.868052482196609,0.00646973003316153,0.0350535234801062,0.57223345550109,0.880490687347471,0.515754941616413,0.84994892465916,2.3636836702526,0.868052482196609,0.00646973003316156,0.0347535338793296,0.66233206845665,4.06503527204855,0,0,0,1
439921,"MXRA7",1.16464521432576,0.37846127105903,0.00208873209908752,0.0141979986765117,1.96122558316217,0.722723656601808,0.00665446178595837,0.060708832373912,1.16464521432576,0.37846127105903,0.00208873209908752,0.0140811874459985,0.42287475350681,1.90641567514471,0,0,0,1
440275,"EIF2AK4",0.84004234453673,0.256182656450107,0.00104147664157748,0.00813979995043143,0.549856260129507,0.763430944991805,0.471375017161897,0.825107723736685,0.84004234453673,0.256182656450107,0.00104147664157751,0.00807039552812963,0.337933564430723,1.34215112464274,0,0,0,1
440712,"RHEX",1.37168154536036,0.505532438161501,0.00666086621984759,0.0357923758814363,0.835841910762951,0.781152378653444,0.284614200156495,0.69289676342323,1.37168154536036,0.505532438161501,0.0066608662198477,0.0354833896650362,0.380856173547096,2.36250691717362,0,0,0,1
440836,"CIMAP1B",1.64433574797097,0.453049462738145,0.00028398840063133,0.00277004748419646,2.33400236585831,0.809517797350871,0.00393656407801887,0.0413882543183929,1.64433574797097,0.453049462738145,0.000283988400631328,0.00274481405427397,0.756375117788984,2.53229637815295,0,0,0,1
441168,"CALHM6",2.41175698280911,0.482046109318632,5.63961681510585e-07,1.34138823519086e-05,4.11305429582144,0.960747107940937,1.85971888305119e-05,0.00050513822951466,2.41175698280911,0.482046109318632,5.63961681510567e-07,1.32472044456568e-05,1.46696396965693,3.35654999596129,0,0,0,1
441951,"ZFAS1",1.15967366015052,0.303112210133262,0.00013030101474243,0.00144330195829314,3.45078608405686,0.718289238037993,1.55392084431765e-06,5.77431472947216e-05,1.15967366015052,0.303112210133262,0.000130301014742442,0.00142833218030272,0.56558464501499,1.75376267528605,0,0,0,1
442421,"PTGER4P2-CDK2AP2P2",1.2076335015424,0.455238514424802,0.00798392227131749,0.041269811394185,1.22659876106492,1.05743647302846,0.246059412882087,0.647966079132805,1.2076335015424,0.455238514424802,0.00798392227131772,0.0408994012097936,0.31538240889427,2.09988459419053,0,0,0,1
493869,"GPX8",0.978365054448056,0.323049376152557,0.00245745852213121,0.0161833784825954,3.50638567151441,0.895110136610847,8.95584253155472e-05,0.00196694346720083,0.978365054448056,0.323049376152557,0.00245745852213122,0.0160454785733149,0.345199911960912,1.6115301969352,0,0,0,1
541471,"MIR4435-2HG",1.53919951261346,0.379381515157896,4.96797765430331e-05,0.00064564891408767,4.41018564708277,0.761285048626786,6.91069204740885e-09,4.65125654708935e-07,1.53919951261346,0.379381515157896,4.96797765430353e-05,0.000638543781820539,0.795625406503747,2.28277361872317,0,0,0,1
641649,"TMEM91",2.68913462510975,0.349113128178718,1.3315835570147e-14,1.60303971372542e-12,4.71989403789915,0.879868352356692,8.12554387532412e-08,4.21933113904876e-06,2.68913462510975,0.349113128178718,1.33158355701465e-14,1.57488957010776e-12,2.00488546734935,3.37338378287015,0,0,0,1
642273,"FAM110C",1.01572256555495,0.388228526893611,0.00888882397045503,0.0448988664595233,-1.05375478298754,0.850764346144313,0.215494511311841,0.60311832249084,1.01572256555495,0.388228526893611,0.00888882397045461,0.044503532712083,0.254808635072433,1.77663649603747,0,0,0,1
643699,"GOLGA8N",1.38152184584146,0.516796839250845,0.00751225433860743,0.0395163581997119,-0.027547607706826,0.818201227861308,0.973141498407975,0.995211416379222,1.38152184584146,0.516796839250845,0.0075122543386074,0.0391677205133193,0.368618653585668,2.39442503809725,0,0,0,1
653784,"MZT2A",0.856904191766797,0.245044539518497,0.00047064106295573,0.0041996605643722,2.08622943278076,0.778972874239427,0.0074023465861453,0.0656522730839135,0.856904191766797,0.245044539518497,0.000470641062955735,0.00416654855668561,0.376625719702341,1.33718266383125,0,0,0,1
654434,"SNHG20",1.00924300957799,0.378780052691982,0.00771128170388773,0.0403006969170431,0.209913430538502,0.930232933715197,0.821468323683408,0.958830212043637,1.00924300957799,0.378780052691982,0.00771128170388754,0.0399428394980852,0.266847748239522,1.75163827091646,0,0,0,1
100133205,"LINC00240",1.80795417631289,0.43828453405068,3.7062277552983e-05,0.00049915868217579,3.05796225681221,1.10102571203839,0.0054799765298569,0.0528529786846365,1.80795417631289,0.43828453405068,3.70622775529824e-05,0.000493785265066069,0.948932274592639,2.66697607803314,0,0,0,1
100133941,"CD24",0.996160460120967,0.373696258569495,0.00768292307591099,0.0402411743957812,1.92221553704385,0.72096428886155,0.00767201967073769,0.0673665630605451,0.996160460120967,0.373696258569495,0.00768292307591098,0.0398845178146804,0.263729252167389,1.72859166807454,0,0,0,1
100233209,"PCED1B-AS1",1.13270838351542,0.412327811943806,0.00601236204925689,0.033124711667604,2.95145200059388,0.956630070845063,0.00203374635776017,0.0251353651988958,1.13270838351542,0.412327811943806,0.00601236204925669,0.0328463036912998,0.324560722281356,1.94085604474948,0,0,0,1
100422737,"LINC02532",0.848943000063593,0.281883128750174,0.00259802618205598,0.0169549738114603,-0.270793808686486,0.781011201168388,0.728800139354481,0.935577291110053,0.848943000063593,0.281883128750174,0.00259802618205599,0.0168091017656817,0.296462219863785,1.4014237802634,0,0,0,1
100505854,"APTR",0.724239387123945,0.243678698470974,0.00295762712209334,0.0187571509351243,0.864895743599252,0.883263694472455,0.327478968387074,0.730755456477082,0.724239387123945,0.243678698470974,0.00295762712209331,0.0185996672048434,0.24663791432124,1.20184085992665,0,0,0,1
100506211,"MIR210HG",2.55762679403524,0.549360741028973,3.22973128539368e-06,6.23750051564294e-05,4.2250191391913,0.810579714612468,1.86470812471174e-07,8.9033172256536e-06,2.55762679403524,0.549360741028973,3.22973128539369e-06,6.16263727700612e-05,1.48089952709822,3.63435406097226,0,0,0,1
100506385,"LINC01426",3.33529261038389,0.577449080953131,7.65393115777111e-09,2.93414947511873e-07,7.54180585120247,1.24740835937475,1.48504623305891e-09,1.12614886062598e-07,3.33529261038389,0.577449080953131,7.65393115777127e-09,2.89069898600084e-07,2.20351320881,4.46707201195778,0,0,0,1
100506403,"LOC100506403",1.74062461220994,0.31840098973318,4.58313080204209e-08,1.43277647214637e-06,4.70422689982433,1.10447990730834,2.05138176379389e-05,0.0005448352928593,1.74062461220994,0.31840098973318,4.58313080204195e-08,1.41082996812629e-06,1.116570139691,2.36467908472888,0,0,0,1
100506776,"TRG-AS1",1.02768395987828,0.359984349701198,0.00430636979974058,0.0254465554705058,2.79661305228392,1.32976655512038,0.0354582770557872,0.202193012990111,1.02768395987828,0.359984349701198,0.00430636979974064,0.0252446886999578,0.32212759946586,1.7332403202907,0,0,0,1
100507032,"TMCC1-DT",0.923801654439,0.359443535151553,0.0101672571444695,0.0498226869264109,0.775414265466612,0.969423585445106,0.423785270824887,0.795232040505463,0.923801654439,0.359443535151553,0.0101672571444694,0.0493885888393126,0.219305271066199,1.6282980378118,0,0,0,1
100507127,"LINC00707",0.862072209020917,0.32464978776753,0.00792164686999639,0.0410896045625697,4.95627208306417,1.15552935058644,1.79334898028437e-05,0.00048869488716399,0.862072209020917,0.32464978776753,0.00792164686999647,0.0407218872827999,0.225770317407986,1.49837410063385,0,0,0,1
100507347,"VIM-AS1",1.42311083137023,0.352977064371411,5.53660313125218e-05,0.00070683108254237,1.3531717419258,1.60897814050851,0.400340578856113,0.77758173078347,1.42311083137023,0.352977064371411,5.53660313125218e-05,0.000698970224893944,0.731288497833588,2.11493316490687,0,0,0,1
101059953,"NPIPA8",1.81282887315369,0.655414677421792,0.0056761313736158,0.0316663524274403,0.647466885968915,1.57314960786642,0.680651967116713,0.920442694820382,1.81282887315369,0.655414677421792,0.00567613137361575,0.031403889745778,0.52823971046804,3.09741803583934,0,0,0,1
101929705,"SCIRT",2.07059300325591,0.497818142407383,3.19173862579584e-05,0.00044201231988317,0.386323337940763,1.02274136991737,0.705628825456838,0.929468952749442,2.07059300325591,0.497818142407383,3.19173862579574e-05,0.000437339551743943,1.09488737328681,3.04629863322501,0,0,0,1
102724344,"LINC02188",1.28731877253942,0.469466800566408,0.00610501844321958,0.0334605723301699,2.71429278453428,1.05976706185266,0.0104306361290415,0.0848043464754445,1.28731877253942,0.469466800566408,0.00610501844321953,0.0331777362635747,0.367180751492012,2.20745679358683,0,0,0,1
103352539,"LINC01410",1.2076335015424,0.455238514424802,0.00798392227131749,0.041269811394185,1.22659876106492,1.05743647302846,0.246059412882087,0.647966079132805,1.2076335015424,0.455238514424802,0.00798392227131772,0.0408994012097936,0.31538240889427,2.09988459419053,0,0,0,1
105369779,"CD63-AS1",1.369601488619,0.316437759857857,1.50342466435089e-05,0.00023079418449162,-0.700903265117122,0.89801077370659,0.435092790512974,0.803144186934811,1.369601488619,0.316437759857857,1.50342466435097e-05,0.000228530718708502,0.749394875949066,1.98980810128893,0,0,0,1
105370027,"PRKAB1-AS1",1.65758363652806,0.439966539567158,0.00016487598566256,0.00175543679381928,0.844103483983941,1.1469807834714,0.46177015984896,0.819254672590589,1.65758363652806,0.439966539567158,0.000164875985662556,0.00173809453845836,0.795265064573714,2.51990220848241,0,0,0,1
106614088,"MIR34AHG",2.12721277909462,0.340667897996217,4.25860363105469e-10,2.11757522581864e-08,3.30854271410121,0.951523803278135,0.00050687012813529,0.00815224230078642,2.12721277909462,0.340667897996217,4.25860363105488e-10,2.08795464572775e-08,1.45951596833307,2.79490958985617,0,0,0,1
128966597,"LOC128966597",1.42301992607761,0.316761077262265,7.04224181931539e-06,0.00012096085948471,2.12991223483801,0.935246692520895,0.0227635355702304,0.147808637203213,1.42301992607761,0.316761077262265,7.04224181931571e-06,0.000119585071095508,0.802179622939461,2.04386022921576,0,0,0,1
